Price,Close,High,Low,Open,Volume
Ticker,BAJFINANCE.NS,BAJFINANCE.NS,BAJFINANCE.NS,BAJFINANCE.NS,BAJFINANCE.NS
Date,,,,,
2014-06-02,199.46714782714844,201.02268047367087,192.28297545328672,194.8771317091116,410420
2014-06-03,202.33892822265625,213.466970993033,200.05109893842555,200.28084443460233,376210
2014-06-04,202.31979370117188,206.29239436415915,197.212867475589,205.71324695617147,109920
2014-06-05,209.02053833007812,210.59522031726792,197.19370629707814,202.26713952601963,234800
2014-06-06,205.49783325195312,210.59519120877684,202.61172246578332,210.59519120877684,672350
2014-06-09,205.72279357910156,210.49946620231762,202.45856451795902,210.49946620231762,616150
2014-06-10,202.1761932373047,206.07219709687624,199.04118754099002,206.07219709687624,301070
2014-06-11,195.37014770507812,205.3877761038054,192.5845437368857,202.53996308889006,282390
2014-06-12,197.24159240722656,203.01381538139168,187.0851576349266,191.4502203212114,1012230
2014-06-13,193.87203979492188,200.91740759140154,190.9715704942799,200.91740759140154,372920
2014-06-16,190.87107849121094,198.04567048524675,189.0858000125895,198.04567048524675,393800
2014-06-17,188.3534698486328,190.97155160400493,182.4185172814854,190.77531341975342,811160
2014-06-18,202.3628387451172,205.69408246503133,188.3534767823505,190.01430771362845,361240
2014-06-19,200.9413299560547,205.32554112995035,198.15574074793733,203.12865191734429,217580
2014-06-20,198.39981079101562,201.50130887961274,196.44702543585467,198.93588354964743,287700
2014-06-23,197.2176055908203,200.443550970536,196.3560856463024,197.385127415168,66570
2014-06-24,194.5995330810547,198.53383494613237,194.32193674113716,195.28397858972053,451330
2014-06-25,192.5941162109375,196.95917830368697,190.78012153023235,195.7578236604468,291610
2014-06-26,191.93841552734375,197.3851767007026,191.06732811491253,197.3851767007026,313650
2014-06-27,191.3831787109375,193.5369933854467,189.6314222960484,193.3599042936922,305560
2014-06-30,192.07717895507812,194.2262025602742,190.9715553295839,192.40743168544543,165390
2014-07-01,192.37393188476562,193.74758464829253,191.4501882321034,193.74758464829253,468820
2014-07-02,201.01316833496094,202.8319396238728,192.40747549122017,192.40747549122017,619180
2014-07-03,209.85850524902344,211.19929950110148,200.63692582107518,201.21569207147547,556590
2014-07-04,219.06077575683594,225.23421296565675,205.65282020093255,205.65282020093255,416550
2014-07-07,214.31979370117188,228.4126098282319,213.1767442825124,223.4931553298182,322210
2014-07-08,206.78627014160156,217.999753012254,205.94224454918685,217.999753012254,192350
2014-07-09,210.29737854003906,219.92891517263888,205.95184855440576,208.83600936349262,230790
2014-07-10,212.0288543701172,217.64764989062573,198.91993582036406,210.75558923877986,399790
2014-07-11,205.1464385986328,215.78115448428395,203.05325703175,210.8568724692932,112290
2014-07-14,206.6319122314453,213.65903107489146,205.4599260449295,208.0402355716155,131500
2014-07-15,211.8793487548828,213.46612090159016,207.48559998025326,207.48559998025326,310690
2014-07-16,211.15589904785156,215.7811572874647,209.42444268885342,215.05770681731096,448700
2014-07-17,212.16390991210938,215.00947888438418,211.3440081912236,213.65904386255005,264610
2014-07-18,210.64947509765625,213.94357953534012,207.42288504551183,213.94357953534012,288110
2014-07-21,209.82476806640625,213.74105939686083,208.83605820485508,211.0546428292811,288570
2014-07-22,215.22650146484375,216.54799953138127,208.8360227098652,208.95659778071385,137770
2014-07-23,216.26824951171875,217.66208953311258,213.17670324815074,216.7457220330127,132480
2014-07-24,220.48841857910156,221.74240236917058,216.07054583113904,216.78916860619367,408400
2014-07-25,221.18775939941406,223.83559836491307,212.45330700933448,221.84852325138573,737140
2014-07-28,214.74905395507812,219.54312050897047,213.181577851124,216.07055217583215,173390
2014-07-30,213.5191650390625,217.9997390175216,212.31341427016028,214.1413365570345,353730
2014-07-31,211.47903442382812,216.07052784175625,210.76522470278456,213.50951450397994,486320
2014-08-01,212.04815673828125,217.51744050491786,209.42926957908747,214.62363863567282,175600
2014-08-04,211.6526641845703,217.0303096442507,210.7652333891682,217.0303096442507,121850
2014-08-05,212.85842895507812,214.0448836628222,210.30224305655668,210.76524725883564,214690
2014-08-06,210.96298217773438,213.17673885343743,210.47585415048084,211.2523653099507,80900
2014-08-07,211.29092407226562,213.17671989914828,208.45018312820537,209.51123489380674,747960
2014-08-08,212.59315490722656,217.0351365813736,207.39395822408937,211.24753293920364,195760
2014-08-11,216.97242736816406,220.70061387868984,212.2121258990024,212.2121258990024,236140
2014-08-12,219.6202850341797,221.3758654108815,215.7426007342065,219.7360471293435,828480
2014-08-13,217.38238525390625,222.6298147147564,216.99172320016987,217.4209628005434,133360
2014-08-14,217.97076416015625,222.22465566339264,215.29881680106632,215.29881680106632,442470
2014-08-18,219.57205200195312,221.18293333099234,216.55284723916674,221.0768266701029,121210
2014-08-19,219.2151336669922,221.8050987197391,217.04478225155248,217.72482746129342,247720
2014-08-20,220.40643310546875,221.52054574086995,219.25855591296116,221.52054574086995,1050490
2014-08-21,224.97378540039062,227.64573308365,219.97716154426283,219.97716154426283,200080
2014-08-22,229.0540771484375,230.05725534965254,223.78735111580454,223.78735111580454,145920
2014-08-25,231.3401641845703,234.39794632721149,226.25188717694343,226.25188717694343,199350
2014-08-26,232.94619750976562,233.43332548158114,230.05722366676488,231.98642470380275,128000
2014-08-27,238.79173278808594,240.18558794371023,233.43338266015212,233.43338266015212,476480
2014-08-28,238.39138793945312,238.8158145517483,236.40431308974095,236.40431308974095,1401330
2014-09-01,235.08763122558594,239.02803114489262,231.55237650986828,238.4492648985972,269020
2014-09-02,234.32559204101562,237.272439662464,233.43333358667812,235.07315158136967,88180
2014-09-03,239.8045196533203,240.61960830929914,233.4333370344053,234.1085544870585,287190
2014-09-04,235.77732849121094,240.18556050191512,231.99609573067033,237.7740588904501,270260
2014-09-05,235.07318115234375,238.159900363345,231.60062755945668,234.39796362472447,115660
2014-09-08,248.4811553955078,250.66113304076802,233.43337803163283,237.2869532606616,311510
2014-09-09,252.0067138671875,255.4262062298488,245.97313289733066,249.83153498199468,304660
2014-09-10,247.7432098388672,255.13688236613038,245.71272950874115,252.90865712842535,100840
2014-09-11,250.70938110351562,254.26876017827453,245.7802707483585,249.31069825985736,171980
2014-09-12,252.9279327392578,254.07580988836756,250.79134579358575,254.07580988836756,118240
2014-09-15,248.4473419189453,254.64971636311913,246.4554394370069,252.725342984328,281350
2014-09-16,248.0518798828125,252.43600280553946,246.45546697869983,252.43600280553946,217610
2014-09-17,239.27883911132812,250.21740714310542,237.16636129552518,248.05188335556147,164700
2014-09-18,246.05032348632812,252.72535789032466,236.9251953092023,245.5873193182818,145890
2014-09-19,259.2460632324219,261.67684611471566,245.49084943920147,248.28818525459027,381700
2014-09-22,258.73968505859375,262.3617658229616,255.18033513936152,256.68028233928675,168770
2014-09-23,255.17062377929688,261.01127335938673,252.72535772078507,258.7396283442869,75680
2014-09-24,251.96815490722656,257.6882296888337,248.866967354258,257.68343141290194,79470
2014-09-25,243.6002655029297,254.65459650942654,241.053720126581,252.75433186555824,252510
2014-09-26,246.64353942871094,247.9023360546267,240.3784489816151,241.15013234885865,371120
2014-09-29,255.97125244140625,258.1946794020975,243.17583960796304,243.17583960796304,58080
2014-09-30,262.4967956542969,265.2651949792064,255.90375805061504,255.9712577279152,537250
2014-10-01,267.1991882324219,271.0527628375326,257.9679536217282,262.46782356749964,634970
2014-10-07,258.8795166015625,269.832537695864,256.00499618434725,269.5094047337264,489910
2014-10-08,260.57720947265625,263.06586596567087,257.60139554948466,260.51930635675086,134120
2014-10-09,267.2619323730469,269.6155605184495,260.9244984871732,265.2652017891779,436220
2014-10-10,263.49993896484375,268.15894655877094,260.9292703174467,268.15894655877094,274960
2014-10-13,259.2171325683594,268.930638340441,258.0306632204317,260.44216474585625,85300
2014-10-14,263.1141357421875,268.8342405568476,260.44220226452364,262.4678697251479,629140
2014-10-15,263.1141357421875,263.1141357421875,263.1141357421875,263.1141357421875,0
2014-10-16,254.67385864257812,262.84885521940913,253.2076762196022,261.20422402722244,497380
2014-10-17,247.48757934570312,257.54835638992176,244.91208282940346,257.15769433019204,229430
2014-10-20,249.6290283203125,253.20286103191788,244.81083772008125,251.1820213480581,110990
2014-10-21,255.01632690429688,256.5838031453162,248.87182474946582,250.69973259926476,146420
2014-10-22,260.2733459472656,261.5996716564734,255.04519819929797,255.04519819929797,74840
2014-10-27,274.1298828125,278.17638992501804,263.04662988520744,263.528930248446,483390
2014-10-28,271.6942443847656,276.6281671817194,270.0881760951911,271.68941667165706,132630
2014-10-29,264.816650390625,273.8501263107318,262.1929353717142,271.2312390051702,965380
2014-10-30,269.6106872558594,271.0527603992654,262.4678212064586,262.4678212064586,123780
2014-10-31,270.9081115722656,273.7536659653389,268.15899369904656,271.0383126489797,321790
2014-11-03,269.09466552734375,273.94660599834447,263.4903376680641,273.94660599834447,291500
2014-11-05,275.321044921875,276.8403022579534,267.19912640670265,273.0783667558387,291450
2014-11-07,278.1088562011719,289.28374718981166,273.4643014251592,276.8355761983727,603980
2014-11-10,278.91424560546875,281.18106280541986,275.4031148798773,281.18106280541986,229170
2014-11-11,279.4689025878906,283.2308388770922,276.4545258437751,276.4545258437751,127830
2014-11-12,288.1502990722656,289.28369291955835,279.54122168381843,279.54122168381843,166410
2014-11-13,287.9960021972656,291.3094031529805,285.52179911682856,288.9557751566299,122780
2014-11-14,287.14227294921875,291.1164223431869,285.06838773874756,286.48635166691304,197650
2014-11-17,316.200927734375,326.5173393620304,287.16164228621506,291.11648163560824,588130
2014-11-18,305.56134033203125,315.4243870689666,304.87165445546947,313.5916518694762,203620
2014-11-19,291.7820129394531,309.44384677542064,289.86246725178955,308.47924621884226,399930
2014-11-20,300.61297607421875,301.43772027430913,286.36100654710486,292.756313930409,136070
2014-11-21,298.6017761230469,309.4245966393526,297.6757677375641,301.9200047280755,155220
2014-11-24,294.16461181640625,308.5757481682375,292.3029395899256,298.6885913096228,160680
2014-11-25,289.9203186035156,296.1371757768499,285.04909794283554,296.1371757768499,252480
2014-11-26,289.4910583496094,294.20314102830054,287.06510349408427,292.45238883408496,110260
2014-11-27,293.7691345214844,295.35109381613245,287.4558393579937,290.2531755301656,119370
2014-11-28,298.239990234375,299.9907424205246,293.7690576918791,294.36713470311093,192990
2014-12-01,297.7867126464844,302.8846310681138,292.476580885469,299.20950461937144,452520
2014-12-02,298.5535583496094,299.99080390659697,292.8817017844337,294.81090309573017,165890
2014-12-03,299.5519714355469,303.3621269719369,294.20324699273453,299.78346620997206,501600
2014-12-04,302.0164489746094,304.5244163824301,295.66456236642665,300.8589164979925,311400
2014-12-05,308.65289306640625,310.6062032830823,299.0358244527762,299.0358244527762,181240
2014-12-08,313.9485778808594,316.3890163723379,305.6867708757887,310.60141241430733,199470
2014-12-09,313.63507080078125,316.09964785785905,311.0837126541072,315.3279496679794,132470
2014-12-10,308.2477722167969,316.0031694552192,307.4134020992214,313.6350584448299,84660
2014-12-11,318.55938720703125,321.59304586855484,305.01155716659645,308.2478031737957,276520
2014-12-12,318.6847229003906,321.76180089865426,316.40345210202236,320.4403029028822,84030
2014-12-15,322.4997253417969,325.0703941193314,313.37461213506765,318.3181900871791,112910
2014-12-16,304.6353454589844,322.3695371785721,302.8845929884798,322.3695371785721,162900
2014-12-17,308.7445373535156,312.5305827929969,299.0310026073186,306.5500475201969,159530
2014-12-18,320.6863098144531,325.5527332535638,310.84740042737826,312.0386681510206,319140
2014-12-19,320.8937072753906,322.75537944224595,319.46608773337766,320.9226441170468,269480
2014-12-22,321.1348571777344,322.8518451349336,314.9421081327986,319.08987909899423,140240
2014-12-23,336.0282287597656,339.05708857421683,319.44194490724567,322.3598556426561,329660
2014-12-24,330.3564758300781,337.3208944304255,327.96425536995923,337.3208944304255,88690
2014-12-26,333.6939392089844,335.68101412150327,327.5783748405081,329.8934104297532,69830
2014-12-29,334.431884765625,339.44299264724634,332.0155846525596,335.8643321640129,157740
2014-12-30,333.6698303222656,335.58454841511195,330.11045169428434,334.14247520417234,113850
2014-12-31,336.06201171875,341.0779465581239,328.451328376397,333.6553379583602,158530
2015-01-01,337.5812683105469,339.5394063229296,334.23410309913385,336.0620106124595,75660
2015-01-02,332.1843566894531,339.5394368194192,329.5268771259733,336.6456348010719,140430
2015-01-05,331.3162536621094,339.53946929668257,329.0253268451218,334.2341650889219,144620
2015-01-06,330.4576721191406,336.1632926310538,327.21180067908654,332.78719069645217,137810
2015-01-07,337.185791015625,339.3416887128217,328.3259366590009,328.3259366590009,109470
2015-01-08,336.6118469238281,339.4236659326172,334.28232821801544,334.28232821801544,96860
2015-01-09,332.7920227050781,338.7725285469235,331.91906037106753,335.7774626318477,173160
2015-01-12,331.64898681640625,338.57481208993835,327.81952124006324,332.79203617745446,117740
2015-01-13,335.97039794921875,338.5507223759026,330.18762170513133,331.8322823145527,141920
2015-01-14,364.0354309082031,399.15171438740384,335.4591382848137,337.59572507000524,4175930
2015-01-15,372.3551330566406,384.36442294795177,368.9597493593024,370.2137184318878,1223200
2015-01-16,379.84039306640625,383.8145425143097,366.7652400318644,372.1428702894305,508620
2015-01-19,376.363037109375,383.91104877540954,374.6894691547812,380.23109503580895,398990
2015-01-20,376.6524658203125,380.07195883146636,375.711974246361,379.57037706275497,186760
2015-01-21,368.22662353515625,379.47387006091327,366.5578833374147,379.1555648153908,565740
2015-01-22,370.46929931640625,375.22960050510756,367.1269620628886,370.8406799347765,121710
2015-01-23,373.3149108886719,375.88555026219035,368.573890753752,375.88555026219035,424180
2015-01-27,402.195068359375,417.1897990606744,372.34069462075183,374.6991503763419,1159950
2015-01-28,416.958251953125,433.33715079756587,403.29950434470237,406.4826744519,1394050
2015-01-29,398.22576904296875,419.1141970514121,396.4750163313727,417.8361187234139,407160
2015-01-30,390.71630859375,410.943985369278,386.8145154556363,404.071205749058,589870
2015-02-02,401.28350830078125,408.0212294168758,387.6681507033206,395.3897832793003,376560
2015-02-03,402.4603271484375,410.43756367581045,399.3446565494372,405.0840420114707,210490
2015-02-04,396.18072509765625,406.0968172243612,391.07798012572647,405.1177335707589,286770
2015-02-05,398.4283142089844,407.0615023972979,391.1552460008015,400.15978544764994,384730
2015-02-06,389.9397888183594,398.86234428297246,383.042900481816,398.4282622422168,334310
2015-02-09,386.51544189453125,390.6632123744625,382.4641079172207,389.93976198117645,98060
2015-02-10,386.206787109375,390.66323710415486,382.6474085941108,388.83050187926915,172870
2015-02-11,396.677490234375,399.5375567496287,386.3755634984271,390.4702880941556,250340
2015-02-12,398.01824951171875,401.48598920964486,392.01843370359995,397.41537424738715,190070
2015-02-13,403.6274719238281,405.61454677779335,394.1358056815246,394.1358056815246,104200
2015-02-16,415.38116455078125,424.3133761971021,403.62750771261096,424.3133761971021,337440
2015-02-18,416.6109924316406,423.26673067107106,405.76406341597766,423.26673067107106,292010
2015-02-19,415.6898193359375,417.56114688509905,405.22872448273637,416.9051960941919,280220
2015-02-20,404.28338623046875,413.9149382303022,398.38003545141873,413.8184722858375,572140
2015-02-23,401.519775390625,409.95520183368666,399.0889633540169,401.2737975595615,113320
2015-02-24,397.44921875,404.1676585147957,395.4910806750207,403.4683171800299,170740
2015-02-25,393.7017517089844,404.16767471005306,391.62786618682946,400.94591205271337,566960
2015-02-26,395.1824035644531,401.1677669102814,392.59245324874007,395.19688670367856,190520
2015-02-27,396.171142578125,401.26423306222625,391.7291752244913,396.4557127351045,280810
2015-03-02,421.6607360839844,428.6685448566084,411.2430308697821,423.50792522819717,416840
2015-03-03,417.6623840332031,431.8516793629977,414.29593752308256,426.8357447123726,275370
2015-03-04,416.0274353027344,424.32780475702674,410.91986209263285,417.6817218253996,222140
2015-03-05,418.81512451171875,421.72340955724155,412.3426624908451,413.5049933040609,126620
2015-03-09,406.5695495605469,423.07388324833414,400.30930028446096,423.07388324833414,248670
2015-03-10,403.4442138671875,414.6818053295298,400.01023797622287,409.9552681256538,146290
2015-03-11,398.6405029296875,405.8460710151261,394.5216687216268,405.32520785517335,132080
2015-03-12,399.2965087890625,407.5438337685194,396.55221836406497,399.34472705364976,124050
2015-03-13,396.2193603515625,405.754417469183,393.5522255056175,403.20305942502495,254450
2015-03-16,386.3321838378906,400.6950710225399,385.1649959529694,400.6950710225399,772690
2015-03-17,389.1102600097656,397.41545725602504,387.00740827622764,388.7340516363546,311950
2015-03-18,390.47509765625,396.45080480826863,385.9511189641618,389.70825674495984,402020
2015-03-19,389.2646179199219,396.07952452169883,388.2517989150549,391.2420671047135,196410
2015-03-20,387.817626953125,400.21274951177753,376.3051221119394,393.07471155745236,352100
2015-03-23,385.16497802734375,389.98798065446937,382.09272770884644,389.98798065446937,454590
2015-03-24,382.7583923339844,389.6987017733351,379.2858237574593,385.8402987854803,220910
2015-03-25,380.8436584472656,382.94648092492946,378.21994334504956,381.13785459814295,222560
2015-03-26,381.6490783691406,388.73407149484416,379.85973352203644,381.0172661053684,200550
2015-03-27,382.1410827636719,385.83549086162975,380.245645731143,383.9111169826989,148840
2015-03-30,385.8065185546875,392.5924880663919,382.14104764003514,385.74381715369964,243450
2015-03-31,396.3013916015625,405.0358442240646,384.8660392487908,388.83056359156103,377010
2015-04-01,399.3495178222656,401.0809595952292,391.8400978344856,401.0809595952292,129230
2015-04-06,409.0726318359375,412.2702851379225,400.79154403613535,401.0809124374252,127490
2015-04-07,418.7524108886719,421.0481650437771,406.1257924728675,412.366759578957,184490
2015-04-08,433.0285949707031,436.96415319943407,413.3893077888354,418.7476580550646,188240
2015-04-09,434.518798828125,453.26580883565344,424.4339126680971,438.12159731914386,535180
2015-04-10,436.2020263671875,443.5233413431223,432.02531874759785,436.96406907887877,324510
2015-04-13,429.6090087890625,436.2020459018278,426.35348163854195,436.2020459018278,300820
2015-04-15,429.8260192871094,433.0815462063729,422.20568068206563,429.72955334278765,383270
2015-04-16,442.2645568847656,444.1985858392632,422.01277156281793,431.3935184867264,104480
2015-04-17,436.9110412597656,444.20341969828576,428.4080843155347,441.78226268686427,187220
2015-04-20,439.6891174316406,443.1375472057312,428.1572997991187,431.4514193689685,190990
2015-04-21,421.85845947265625,438.8933110791007,399.2771539349924,434.55260800249425,1257380
2015-04-22,412.83941650390625,424.3278136034086,404.3605981140099,415.74770154938136,172560
2015-04-23,412.3330078125,418.50644600259005,409.08713608853134,409.08713608853134,772240
2015-04-24,399.33502197265625,410.9198854398441,397.415476059192,406.3090954145125,289690
2015-04-27,385.37725830078125,406.4827261752746,383.4287754981851,406.4827261752746,417010
2015-04-28,386.59259033203125,405.03091961838845,377.49641460857674,377.49641460857674,208460
2015-04-29,384.8274841308594,393.2677407623033,381.50442745501823,393.2677407623033,634980
2015-04-30,390.1133728027344,405.1322096393081,381.11366309814616,384.3064883953219,490360
2015-05-04,404.4233093261719,409.95527997428536,378.08486596631775,391.13591170189045,325870
2015-05-05,413.8281555175781,423.94197904476067,409.9552698385058,410.9198704734199,320210
2015-05-06,413.3699645996094,421.5545868623308,397.36241587522125,417.18011944765357,162130
2015-05-07,403.25616455078125,420.4694663286304,394.5313671421166,420.4694663286304,121770
2015-05-08,419.06597900390625,419.60132535406626,399.8462914388269,399.8462914388269,202260
2015-05-11,419.3215637207031,429.2473132055799,414.8313486218527,417.8553812482972,150110
2015-05-12,418.7813720703125,423.45969117461715,411.8893109286826,421.0337063766058,116890
2015-05-13,417.3923645019531,425.38408490759156,415.8393714905312,420.17524696703356,175500
2015-05-14,422.9484558105469,426.3534949889632,418.2315444170886,421.96457372722256,277190
2015-05-15,432.5172424316406,433.9737692033313,423.65735954981983,423.8985096804549,178080
2015-05-18,430.2649230957031,438.7968167691216,428.28750359682545,434.0702796119135,152920
2015-05-19,432.2905578613281,438.11192570703906,428.04632133316574,433.9689533966676,140720
2015-05-20,433.9496765136719,437.4463535403172,423.71045099902267,436.4624715674794,827630
2015-05-21,441.4977722167969,443.7163421526487,431.4659009313489,435.9898807748006,484280
2015-05-22,434.7455139160156,443.50407464775316,433.10568107689465,442.55875543684783,164530
2015-05-25,434.3934020996094,438.8691630046508,428.4321774683427,434.0702691416851,205000
2015-05-26,432.45941162109375,442.2694135278649,429.25695972316777,436.9062360808516,372020
2015-05-27,425.543212890625,435.32424786634044,415.3280958611639,430.8195794575191,427300
2015-05-28,426.7586364746094,434.0654688036111,420.08358696243744,425.54323022443384,199350
2015-05-29,406.7286376953125,442.6551799368082,397.00064953540027,433.97377511567424,2363130
2015-06-01,422.48541259765625,425.5818017567772,409.71410991568035,412.8490619044407,403820
2015-06-02,413.3024597167969,428.3791732441098,409.71414396473534,428.3791732441098,267240
2015-06-03,417.1753234863281,421.1157385772852,402.23849563791646,407.0614991827356,259330
2015-06-04,419.8182678222656,422.49502838175044,405.9280262012789,417.60449667320825,172170
2015-06-05,429.3099670410156,433.5879683335516,414.7782566928302,421.5304608715507,329400
2015-06-08,431.4369201660156,435.0156097560792,424.9162398190175,435.0156097560792,242550
2015-06-09,442.0137634277344,445.54903304206306,424.43394018281475,425.5335696132094,561100
2015-06-10,439.20196533203125,443.2339888951192,434.5525832366729,439.27912042992756,227980
2015-06-11,450.01513671875,460.3074385300732,436.61684909732094,443.7162956986064,859420
2015-06-12,451.0906677246094,454.722403360949,434.93843428704207,449.98621055977594,389000
2015-06-15,454.8381652832031,456.52621650222676,448.92515830317313,451.55370108882255,267870
2015-06-16,453.3768005371094,455.29151874771287,447.1068961475752,454.8092184100564,223360
2015-06-17,460.7125244140625,462.043677924728,453.05359345214464,453.6034228478149,981500
2015-06-18,472.9340515136719,474.39057844882143,460.7125485691304,460.7125485691304,810390
2015-06-19,497.5458068847656,505.52790042311534,473.0401297470165,473.0401297470165,786300
2015-06-22,519.5628662109375,525.6109312821798,496.0025065023413,501.5923509282923,1295610
2015-06-23,513.0805053710938,522.620416202149,505.93767096338615,522.620416202149,540040
2015-06-24,506.7722473144531,517.9857300595354,504.0038481122981,513.6498547747344,1069200
2015-06-25,519.427734375,520.884290607552,497.7338776916607,507.18695119074073,744580
2015-06-26,524.332763671875,530.4338740178155,511.23829923265765,519.3409675250314,672250
2015-06-29,526.2234497070312,527.6366157252509,503.62768867871796,504.49102519878517,593430
2015-06-30,525.0706176757812,526.6718284655872,518.955025118106,521.4629626562225,285560
2015-07-01,530.3567504882812,536.8051036492589,523.7781668161778,525.7073681672503,575100
2015-07-02,525.7652587890625,538.4401262037918,521.945418796053,530.5303886346909,494890
2015-07-03,536.424072265625,539.2117823723624,526.1993285647361,526.1993285647361,521990
2015-07-06,536.7278442382812,542.5926320122946,526.6670676608353,531.5913345826691,506300
2015-07-07,536.1250610351562,545.9640000188882,533.6316058879299,541.9608835360656,511240
2015-07-08,504.09075927734375,537.2729915582164,499.422065488492,535.8357457824382,1227300
2015-07-09,486.03387451171875,510.0918713117791,481.12159435159015,504.00358363661695,1885020
2015-07-10,486.35809326171875,491.57524532697056,479.2437681372668,484.2576622101112,669150
2015-07-13,493.196533203125,497.51835741301306,487.8632043939355,488.8069464855479,957370
2015-07-14,491.9285583496094,495.96970294880333,483.96729051286883,493.76278374660626,664530
2015-07-15,499.2364501953125,501.2933110482982,491.92852685305877,492.4318421689196,479200
2015-07-16,508.0592041015625,511.3356721604021,499.9382186651361,500.4221859629726,721680
2015-07-17,501.27880859375,513.8716469113854,499.4542424609559,507.37194022300724,808410
2015-07-20,500.56732177734375,509.95623862981375,494.91940302364395,505.2424026097124,294170
2015-07-21,494.3000183105469,506.1765954367923,491.9044036697471,500.42221682130975,427520
2015-07-22,496.6763000488281,504.2939408396833,481.59586201315267,500.4222023303575,1854060
2015-07-23,497.53778076171875,505.7458475743151,493.6466646179918,500.4222070735329,916790
2015-07-24,500.4318542480469,504.2939036739856,497.13116432839945,498.4862963380088,306640
2015-07-27,506.0555725097656,508.2188921528383,493.7192508114592,500.42218607235236,716810
2015-07-28,516.8140869140625,518.6870377432799,505.74091425618445,506.229725887921,806260
2015-07-29,526.5128784179688,532.3640264945901,516.9932204215578,519.7324918633718,551780
2015-07-30,526.6144409179688,532.3204336918914,519.4807683898982,527.0403344604521,361680
2015-07-31,533.4578857421875,536.9424272256548,520.8021270169857,523.1687345800764,629650
2015-08-03,550.0143432617188,551.722762133723,528.008362708677,534.7742166023562,417080
2015-08-04,544.6471557617188,552.4970916692928,532.4947432045301,551.7227557575225,456380
2015-08-05,538.3699951171875,553.6778807448766,535.35488877017,546.8829620285085,559690
2015-08-06,528.5357055664062,542.0432462171101,521.9199119693891,539.1394431123756,316380
2015-08-07,530.6846313476562,539.608959223586,526.5563764601002,529.944147264531,406280
2015-08-10,526.4304809570312,539.6234316443727,524.2720061354227,535.2677268149562,428530
2015-08-11,527.7469482421875,530.999253306224,523.05248919515,526.5564076225719,353060
2015-08-12,514.1571655273438,532.364012387888,510.1015173243945,532.364012387888,440400
2015-08-13,518.4257202148438,523.8461891298095,514.1571548530163,514.94117947368,389170
2015-08-14,523.8218994140625,527.2338918854543,514.8249654964848,522.5781296751663,653990
2015-08-17,522.6797485351562,525.5787074308324,510.111134122694,525.5787074308324,836250
2015-08-18,522.447509765625,524.6253624697937,520.7730019247244,522.6846490005028,368080
2015-08-19,521.8135375976562,523.652637033612,518.8178082626596,522.4475631404342,617800
2015-08-20,513.7603759765625,522.6847049894783,511.0743337224831,521.2811879475092,531600
2015-08-21,517.298095703125,522.5298102713433,504.003528918893,504.48749619093377,497090
2015-08-24,471.4615783691406,508.1656718964287,459.889933066268,489.29094694027566,1446990
2015-08-25,475.7930908203125,491.9818031038819,470.3242661736726,475.69629145136787,2491020
2015-08-26,480.79730224609375,490.25885670208646,473.51360055926136,479.03080985105623,1104030
2015-08-27,493.6417541503906,498.09907364996667,484.11243774781707,484.11243774781707,620110
2015-08-28,489.0489807128906,496.44401559948125,473.02967411029357,494.14998567183045,2069490
2015-08-31,486.019287109375,490.6895830863517,483.87047124631374,490.00232829399505,448440
2015-09-01,477.6805419921875,491.2267812128892,472.83602487191405,486.01928863851754,640640
2015-09-02,486.0919494628906,489.2909663971508,480.874767511894,481.1603212312932,420150
2015-09-03,503.53887939453125,507.3525438555014,490.81057560614727,490.81057560614727,1417740
2015-09-04,491.2848815917969,508.53348319624683,485.15786859118276,508.53348319624683,673630
2015-09-07,487.7470703125,499.6478388965736,482.4911926652322,499.6478388965736,527780
2015-09-08,485.0900573730469,493.6272467490383,479.6889663233312,489.38768891447046,385870
2015-09-09,488.8021240234375,495.2727644007225,483.96729546795575,493.63695257891925,551250
2015-09-10,489.2619323730469,495.1566508909123,478.0145363822446,485.8935091318288,563880
2015-09-11,487.5341491699219,496.8359867362957,483.8317874141449,496.8359867362957,206780
2015-09-14,498.37493896484375,501.4868151392961,487.451795147,487.451795147,616730
2015-09-15,506.7136535644531,510.0046541242582,496.06637526605965,500.9254248126587,696730
2015-09-16,503.335693359375,509.61757961765494,498.48633143987144,508.3931281393689,419160
2015-09-18,480.6375732421875,510.48870047638906,476.70776136945113,505.2618303245756,3440150
2015-09-21,477.7628173828125,486.1451342426593,471.3841321576408,479.03080929715816,706980
2015-09-22,466.679931640625,480.5697674186678,463.0114517905316,480.3858575093613,1257370
2015-09-23,468.95465087890625,472.25531159242627,452.7078641732453,466.61226555900265,1431930
2015-09-24,471.20025634765625,473.38295367140745,463.4519348839183,468.9788629066784,284680
2015-09-28,466.81060791015625,475.86564584660664,465.5764973229767,467.6188249516321,226220
2015-09-29,494.70654296875,498.3895566264983,458.041175046039,460.7562245502879,1047510
2015-09-30,496.6714172363281,503.3259672845615,486.0967440661973,495.09852358856386,843840
2015-10-01,494.3774719238281,502.35808846814314,491.38171296999576,497.5184151688354,519760
2015-10-05,504.0567321777344,506.5684938323506,494.61937086070037,502.30961750532947,435880
2015-10-06,499.9768981933594,507.4300061483814,497.7845713062036,505.74580946027237,746500
2015-10-07,495.5921936035156,503.33082584195586,492.4028361662432,499.9382104138723,590060
2015-10-08,487.9794006347656,495.5970710984683,486.54203186665666,495.5970710984683,404160
2015-10-09,483.614013671875,501.1965244254469,478.15969274445945,488.9328095764634,502770
2015-10-12,480.4246826171875,487.8148731528953,477.82093603483014,483.6285439587758,493520
2015-10-13,481.7071228027344,483.4832743082978,475.54619973127376,475.54619973127376,358370
2015-10-14,478.1500244140625,482.5154191025624,476.22384392870754,481.7072019473085,205470
2015-10-15,482.4524841308594,488.8069771975491,476.4174260267638,478.1596965061173,341150
2015-10-16,483.7736511230469,486.09187315474446,479.0307779824321,483.967249838589,237590
2015-10-19,485.4627380371094,488.36654163423395,481.70714732525215,485.80149149222643,413050
2015-10-20,514.0556640625,517.7483376124577,486.7743951039062,490.646134225097,3775620
2015-10-21,518.6241455078125,525.3658353963616,507.77842272982963,525.1044741724477,1504140
2015-10-23,510.396728515625,520.9181725069672,508.79967193079926,520.2648284914459,470760
2015-10-26,513.7699584960938,517.3271652295631,509.13357326996044,511.9406070960094,432960
2015-10-27,515.0186767578125,518.8129639823993,511.814815481416,513.010200576041,262160
2015-10-28,504.1244812011719,515.967145240526,501.58365322222096,515.5218741170756,568720
2015-10-29,499.6575012207031,508.1510912103987,495.0549383000998,508.1510912103987,1072700
2015-10-30,505.48919677734375,507.9719508252472,502.1643445450545,503.22910780990554,413920
2015-11-02,505.5715637207031,508.1704655342458,500.91580105970763,506.5201206418516,249310
2015-11-03,508.4947814941406,511.9406262577928,504.89403411299924,511.65019861951015,208140
2015-11-04,517.3561401367188,517.8449517800622,509.017393963811,509.017393963811,405530
2015-11-05,515.4880981445312,519.7808857784814,510.7548837210031,517.845016557705,595030
2015-11-06,512.7488403320312,516.0059309303789,508.3253719552033,516.0059309303789,403400
2015-11-09,517.4723510742188,522.6846883914982,503.32599622885004,508.6012516587797,316260
2015-11-10,517.0899658203125,522.4620498235723,513.0053103856427,517.4674744727212,347390
2015-11-13,514.0361328125,521.2230345923791,507.19767327064375,521.2230345923791,608740
2015-11-16,510.3048400878906,514.7476269779793,504.48269908076,513.0053564509241,544910
2015-11-17,506.2684631347656,514.5491360776482,502.42094694971104,510.8758410213245,415520
2015-11-18,510.6629943847656,513.9733144444197,500.9255738791287,509.99511709326976,591080
2015-11-19,524.3301391601562,525.1044749573898,508.17530972415227,511.0694244746577,350730
2015-11-20,527.3548583984375,531.1007597085843,521.7843913364286,524.8672599619118,386100
2015-11-23,532.0542602539062,532.3640064015407,525.6900787254077,528.347054358387,403590
2015-11-24,536.7003173828125,542.0433348744028,531.3960550822271,531.3960550822271,625480
2015-11-26,537.251953125,546.398944615749,531.8799292583775,537.687535401326,779850
2015-11-27,540.0444946289062,544.4050439686772,533.7771428167,535.2774293697888,349480
2015-11-30,536.3323974609375,541.9464639298798,529.808529421703,541.9464639298798,264540
2015-12-01,542.4111328125,544.4534604023256,531.9138525753531,533.8158698375584,472510
2015-12-02,539.3961181640625,544.9375204169688,537.3973307440474,539.1396013024863,273640
2015-12-03,536.8310546875,542.4982930340249,535.2775385132837,541.9272446867487,182800
2015-12-04,527.2437133789062,540.6834365957036,526.1450980801052,536.8165423298545,170030
2015-12-07,530.1087036132812,534.4547203325712,526.5660891201566,527.7856961175061,193340
2015-12-08,535.9647216796875,541.8013957113575,520.8165805425316,529.8474269584103,267590
2015-12-09,532.7948608398438,539.2219618826641,528.6085311496581,536.2310174530762,718390
2015-12-10,536.0180053710938,540.1075054143865,531.3864052382737,533.3416520302303,187120
2015-12-11,534.7451782226562,539.9913672897064,532.4753408318032,536.0180146034356,280320
2015-12-14,526.3579711914062,537.203694759896,524.5286197247765,534.2998910044371,285580
2015-12-15,542.6145629882812,544.4632923510788,525.5982536828153,529.9442712217167,329580
2015-12-16,542.8419799804688,551.3259416489958,540.7851187807179,543.0162011339058,439120
2015-12-17,555.2846069335938,557.5205330643944,544.463107286141,544.9470744926176,917560
2015-12-18,562.7379150390625,566.2418341411793,555.2073542549008,555.2073542549008,646450
2015-12-21,568.1582641601562,573.4528974368159,556.5624259130631,556.5624259130631,378840
2015-12-22,570.640869140625,572.431583226922,565.7576566358891,571.555574237723,257290
2015-12-23,572.1945190429688,576.0614127505752,566.8853532651483,571.0813707061411,284890
2015-12-24,571.1686401367188,573.5013368797279,566.3870401294013,572.5334021339394,246060
2015-12-28,571.6961059570312,572.5333599980324,569.6295559743738,572.5333599980324,90210
2015-12-29,579.4443359375,580.6639428866714,570.229580390902,572.0493020169619,362310
2015-12-30,578.2633666992188,582.7932927114725,575.2627936178205,580.7606540534969,382930
2015-12-31,581.7238159179688,584.6324639457962,577.0245126168859,580.7510369760545,551930
2016-01-01,590.0384521484375,592.2550011809832,580.7607774604126,582.3191380345347,303940
2016-01-04,585.8375244140625,590.3432879666024,580.3202858289659,590.3432879666024,407200
2016-01-05,580.5526123046875,590.3287869460886,578.8248750849328,588.0202535352788,511200
2016-01-06,591.141845703125,598.1835936773882,576.0178673031102,580.4607131922364,346010
2016-01-07,591.0498657226562,599.14178420025,583.6838981412636,590.4206846480679,782290
2016-01-08,611.2022705078125,616.1097056620583,589.7238009337004,593.9246037083017,1035070
2016-01-11,610.39892578125,618.4134527981273,602.1521039078905,610.9506556044154,532400
2016-01-12,600.9712524414062,612.6058454952265,595.4733908813992,610.7667460834105,584520
2016-01-13,588.296142578125,609.3535658772091,584.1534129451447,602.0553597934676,1035940
2016-01-14,588.107421875,592.5018237825635,579.7396081784926,585.6004452143724,557540
2016-01-15,578.3699340820312,594.8828944013882,569.2907036839453,583.6645074756393,415270
2016-01-18,532.6737060546875,578.3408473829425,529.2907797991671,572.5526181417202,1122130
2016-01-19,546.3893432617188,552.6906063877316,517.7530385322892,532.6737277676416,637010
2016-01-20,545.8570556640625,551.7227371378804,528.211626326889,543.9792601254189,980180
2016-01-21,555.79296875,563.8268150570606,543.0113743153934,550.7596964238024,709580
2016-01-22,563.4008178710938,566.1449335478267,556.8962670707757,563.0475312180579,561330
2016-01-25,566.8516235351562,575.9211672750762,563.7203688464341,563.8122942887883,468140
2016-01-27,574.657958984375,579.6863864917906,563.1443576207467,571.7589994850049,392950
2016-01-28,559.0838012695312,578.8200003728327,554.6264816959512,575.8775006909154,695190
2016-01-29,573.8303833007812,577.8521209065754,557.1431409082697,565.1770454773,359630
2016-02-01,581.0657348632812,587.2460075142787,569.4311406026147,587.2460075142787,329270
2016-02-02,562.5055541992188,585.6101494665897,559.5678394657194,584.342157443803,783640
2016-02-03,617.5180053710938,628.1798183498698,542.1401041860086,557.5302867750762,5168290
2016-02-04,614.0480346679688,621.9608880732812,602.0553109984504,620.542837913972,1388570
2016-02-05,648.3563842773438,653.3557443717422,614.4447682246636,614.4447682246636,2395660
2016-02-08,644.6589965820312,661.8688435776133,635.0618869185548,648.1870781342396,1035210
2016-02-09,637.29296875,645.2009773947859,619.0909077485145,638.8367959828347,921180
2016-02-10,627.0860595703125,649.246939862751,620.4460427764261,637.29297187417,791800
2016-02-11,598.1060791015625,632.5452056948631,586.6650860423234,632.51613930195,1106940
2016-02-12,580.4461059570312,613.4768705695151,573.9851550242619,600.4097548986424,1471630
2016-02-15,601.0824584960938,609.7987130815415,592.0855241838268,594.9796387823161,965370
2016-02-16,581.8641967773438,604.7558137217402,577.4020326252686,599.3450926038803,657200
2016-02-17,591.4998779296875,596.7315920209186,564.3251653446064,585.5035759644704,667170
2016-02-18,596.6300048828125,603.5071605986167,590.9240121017731,596.2476518504377,327650
2016-02-19,585.41650390625,601.5713342147358,582.6966101323749,599.1466533948357,472030
2016-02-22,580.9979858398438,594.2103187301608,566.3579728329681,594.2103187301608,527480
2016-02-23,570.5828857421875,585.111592833821,567.0160492778433,583.8097492176175,435570
2016-02-24,562.7764282226562,571.7491994288315,561.4019778532089,571.7491994288315,475810
2016-02-25,556.8429565429688,566.7255879788884,542.8950479125768,566.1932358775197,1169870
2016-02-26,562.2199096679688,567.2096405803608,555.2266062459526,565.7577387700014,1091040
2016-02-29,574.18359375,587.5362334527651,546.2974035500666,562.2198785945565,640470
2016-03-01,600.9760131835938,605.9269886302197,576.9083316260304,576.9083316260304,867750
2016-03-02,616.661376953125,630.0285491756055,604.3202128715594,607.862826919464,1222010
2016-03-03,600.86474609375,620.4460430239976,598.164170904654,617.6390092137354,654510
2016-03-04,613.1430053710938,618.2198174296411,595.6669539191064,609.7020050877356,462750
2016-03-08,609.1260986328125,622.6433318103294,607.2918435937809,613.6511812376381,529490
2016-03-09,621.7817993164062,626.7376194731013,600.6566160027288,609.3147976190228,628590
2016-03-10,619.9523315429688,625.2856598589566,617.6583316037844,622.4012340791281,404230
2016-03-11,619.5167846679688,624.2983835271281,612.7025469619502,624.2983835271281,431390
2016-03-14,630.7787475585938,633.5131745278163,619.9620905806972,619.9620905806972,457910
2016-03-15,626.6553344726562,638.3528449464786,621.5107599019676,633.5131721265659,519580
2016-03-16,629.1983642578125,629.9409128340345,614.6049209494902,627.4997562494002,583330
2016-03-17,638.8271484375,645.4711045280385,630.4942407456384,634.3379697030005,927920
2016-03-18,643.7627563476562,646.7426073912403,630.2321271224771,641.4429287732579,699200
2016-03-21,645.8592529296875,651.8480422394738,640.6178107807492,647.1210640417684,1171590
2016-03-22,641.3507080078125,648.1790861112236,636.9100495240463,646.9269906824524,345300
2016-03-23,667.2326049804688,669.6398154111369,641.5011114048922,643.5297606992433,1245940
2016-03-28,650.3436889648438,669.7369217410569,649.3536241228508,669.6398821161655,659680
2016-03-29,646.126220703125,655.0754892967518,644.4907061886954,644.9857385820222,441940
2016-03-30,658.8414306640625,662.1512630890377,647.4219193326735,647.6936657633123,479890
2016-03-31,672.0809936523438,678.4726348661341,653.7214872422622,655.7112735360232,745590
2016-04-01,667.5529174804688,682.4472540293941,660.0353688271056,673.5223347689945,664580
2016-04-04,666.7957153320312,675.8323653233675,663.1655574357371,669.7367617221942,633850
2016-04-05,662.3163452148438,671.6781206371833,660.0402389795486,664.8836887810268,557790
2016-04-06,674.3522338867188,678.9578834100305,664.5002837898895,668.7662354103088,455050
2016-04-07,677.7543334960938,683.9566937322695,674.1484051669124,677.4000618643638,560950
2016-04-08,692.401123046875,696.4292742535931,675.5606618543565,681.8697772308699,746730
2016-04-11,698.1958618164062,701.7677847875228,689.1495535257832,694.002719395683,559860
2016-04-12,712.0079956054688,715.6478702260844,698.3706105421126,700.797193622523,1233470
2016-04-13,721.21923828125,729.9161326788548,716.3369843170331,717.2979016618001,1042540
2016-04-18,709.9114379882812,731.0517985050269,707.1548136038749,721.4716534575888,1455810
2016-04-20,700.156494140625,720.1417961431629,698.855819742631,717.9773033258041,1553840
2016-04-21,678.1329345703125,700.8069127631281,674.1484448482781,699.8265637151446,1810180
2016-04-22,676.6429443359375,681.035083202,668.8633051277903,678.1328994531711,979300
2016-04-25,665.2575073242188,681.3748541561629,662.8891597255603,679.3365479431043,660560
2016-04-26,679.8653564453125,692.2603594230164,663.9178625795745,667.3102203421126,1335050
2016-04-27,674.1679077148438,683.4956793342894,671.2462920579077,679.4432972314953,799640
2016-04-28,676.249755859375,683.3256492809353,672.1633694986473,672.6486860109206,1536750
2016-04-29,662.8550415039062,677.8125311400863,659.5646402337635,675.5606551803559,769720
2016-05-02,684.6604614257812,689.1496404214846,655.1774750485945,667.2133516206632,783370
2016-05-03,678.0357666015625,691.648920057107,673.6193976728615,689.1495278785759,989390
2016-05-04,674.9977416992188,683.2966439361932,671.0764047920453,677.5505118240106,885130
2016-05-05,694.5364990234375,697.3028388888164,675.7062525330037,679.1034683642551,915040
2016-05-06,705.111572265625,706.6208996330472,690.4161728544486,701.1367988989626,669860
2016-05-09,716.1961059570312,723.1215818608044,702.3985910978612,708.5620869240097,860620
2016-05-10,719.46240234375,724.2864799827673,712.8815402875421,720.6951254216789,783390
2016-05-11,726.3101806640625,727.6788065439697,706.179259163932,717.9676174051003,821050
2016-05-12,744.4901733398438,746.9021824137205,723.4710847861479,729.9161028916411,947120
2016-05-13,740.2193603515625,758.0644595733673,736.7105311346809,748.8434450202982,1625310
2016-05-16,754.2886962890625,762.7283584507085,739.2196525143735,741.563710192371,1277500
2016-05-17,753.0560913085938,759.4234427592412,750.2994669415074,759.4234427592412,622900
2016-05-18,751.517578125,759.0351271706656,745.9315795788448,750.7119360184228,722670
2016-05-19,751.0953979492188,759.0351705008263,747.9311242046081,753.2016554277282,790930
2016-05-20,754.2305297851562,761.2870522338305,744.441731702349,751.852466553809,748140
2016-05-23,742.8934326171875,760.4910150239772,728.2320389623093,757.1908388685762,1055320
2016-05-24,740.1611328125,751.7553525572606,700.3554590233016,751.7553525572606,4304490
2016-05-25,712.1777954101562,737.6812055218423,704.1943613238114,737.6812055218423,2006860
2016-05-26,723.9322509765625,729.9161834670907,716.3273183493524,717.297951572048,1638490
2016-05-27,744.2718505859375,751.2507060432685,724.7960919988263,732.148650737325,1385490
2016-05-30,741.8986206054688,749.3288463461073,733.7404791920887,747.3875799047962,763250
2016-05-31,736.5941162109375,752.2407184145401,725.0629892331116,744.2912302592623,15459230
2016-06-01,741.7967529296875,749.2318368750854,726.0336782706727,730.6927060687789,997090
2016-06-02,773.065673828125,776.5065518982545,736.710591113469,743.6797303076261,1588230
2016-06-03,766.7564697265625,785.7274766482807,765.0530039352374,776.5064624071952,1305340
2016-06-06,754.579833984375,771.5611141621745,752.337673947223,771.5562562573723,837280
2016-06-07,746.1499633789062,762.335318958076,742.5343785009516,757.0938761186172,1425880
2016-06-08,752.0416870117188,762.6944212673558,743.7622171349201,751.0759117769753,994080
2016-06-09,749.2268676757812,756.103765384011,746.4168658486211,756.103765384011,310120
2016-06-10,737.2589111328125,751.9300205258996,735.254551470974,751.9300205258996,689240
2016-06-13,728.0331420898438,733.6968081895471,723.1217404239228,732.8280725101499,988220
2016-06-14,727.1886596679688,732.0515412794639,720.2098048763439,728.071909776952,746670
2016-06-15,742.65087890625,746.2130862086235,726.999418352629,727.0042762581122,486230
2016-06-16,737.317138671875,743.4466888193866,733.74521611793,740.1077087211514,581090
2016-06-17,730.9013061523438,742.5197560521827,725.5482503279865,739.374914252008,641180
2016-06-20,731.8427734375,737.6811456705055,722.6363328311729,730.8867140656456,546040
2016-06-21,738.2683715820312,745.9315388799264,730.4014092480736,735.7204596893055,458350
2016-06-22,737.5889892578125,742.0295883862186,733.8034963939072,733.8034963939072,303690
2016-06-23,747.0865478515625,751.2748317940536,735.2545287096151,735.2545287096151,307300
2016-06-24,736.526123046875,740.3892239468132,719.8603687918094,737.0988226604148,754260
2016-06-27,746.9605102539062,748.5523629781995,731.0324449280332,731.0324449280332,681740
2016-06-28,747.0623779296875,753.6918192503991,742.6314350175227,753.6918192503991,616330
2016-06-29,746.00927734375,751.5370404964982,744.5726999305764,747.387559892205,197100
2016-06-30,776.1863403320312,778.9332492506942,745.4512571889899,748.8387580402234,1341000
2016-07-01,792.7355346679688,799.8017729431125,776.0212590631292,781.3597417708805,1111420
2016-07-04,796.3414916992188,803.863899420774,786.212936059325,793.541205281451,423520
2016-07-05,793.0072631835938,797.8604288089523,787.2805040485729,796.3413855985053,476030
2016-07-07,785.790771484375,795.9144699725291,784.3153898701374,790.1925675540613,445790
2016-07-08,796.6763305664062,799.6998434457315,783.1165542245229,786.2128764409571,554820
2016-07-11,831.5899047851562,845.9067429474919,800.7771618999421,805.5818075724609,2626660
2016-07-12,837.3798217773438,845.4214915283447,831.8326271409776,842.5095920167661,968930
2016-07-13,832.3471069335938,849.7893569020196,827.3240327867189,838.617359418677,1180570
2016-07-14,842.240966796875,847.2971966724473,832.9978337470558,837.3546653298416,924650
2016-07-15,845.1456298828125,853.3978904547317,841.2599252023128,845.1359061345275,714800
2016-07-18,854.9229736328125,858.3520769291667,849.997836198417,853.8835405924668,727670
2016-07-19,839.6084594726562,857.7692782025388,835.4264770715554,855.8167021823347,858270
2016-07-20,839.3218383789062,850.2892172357068,834.2024040769109,841.8377986676452,628890
2016-07-21,845.9033203125,853.2959186057518,840.4487717967762,847.9579364883705,2367430
2016-07-22,858.5269775390625,862.1309303835208,843.5087088558114,845.8207076913076,732040
2016-07-25,872.6952514648438,877.1978211964389,860.0521257810684,862.8207259077058,2290140
2016-07-26,956.6944580078125,970.4449638155139,864.5692411724506,883.988039698269,9564650
2016-07-27,951.3613891601562,965.3693980333867,924.3508900521376,961.711964061398,3840330
2016-07-28,1002.2009887695312,1016.1117591468425,940.0928005679522,951.0262066967101,5956320
2016-07-29,1007.6262817382812,1017.8990650466934,995.7117267006188,1009.3068298745715,2824840
2016-08-01,1090.5472412109375,1108.266044043417,1013.192575011125,1016.1117152269375,5296000
2016-08-02,1063.138427734375,1143.3684728423373,1049.1401450040137,1097.711448013459,4098180
2016-08-03,971.9701538085938,1063.7116424975636,965.5976005868296,1063.7116424975636,5446140
2016-08-04,968.482666015625,1002.2786185238785,944.5612979188356,983.5689420507304,3806870
2016-08-05,980.62548828125,996.8968756482958,953.4693140248581,990.8546336947302,2681260
2016-08-08,974.762939453125,998.7571758132615,968.8032308847929,997.3631224500296,1656960
2016-08-09,988.8924560546875,996.683313403584,962.6833953050211,981.1404937013838,1440470
2016-08-10,971.260986328125,997.6546171941458,961.7118510440159,985.9975038481577,1144720
2016-08-11,972.13525390625,978.7603872400853,956.7576209294302,976.2735387143149,890100
2016-08-12,986.4249877929688,990.757569835587,969.638715194637,973.4661366580658,797540
2016-08-16,991.2044067382812,1002.9975348402742,973.4127338091538,986.9787265549295,906360
2016-08-17,991.7095336914062,995.7118046898923,984.467535134799,990.8546739353076,395520
2016-08-18,984.4967041015625,999.9326205426523,978.1290128119703,994.191518092119,618830
2016-08-19,989.2129516601562,994.7403687762718,983.5786918983637,990.8546642107394,406760
2016-08-22,987.5662841796875,993.9631460627475,983.1900050818308,987.7362718801827,494270
2016-08-23,975.3749389648438,994.691756241914,963.1689677781377,994.691756241914,669540
2016-08-24,976.6329345703125,985.9003775571813,974.0004077724253,983.9575253474252,437540
2016-08-25,999.5635986328125,1004.6490009260054,973.9568163874029,977.2548275469758,1254530
2016-08-26,1018.1421508789062,1031.654723826231,1005.1784954502796,1005.9654076676226,916240
2016-08-29,1043.6612548828125,1049.883267061859,1012.0461520613253,1027.5745014961672,1064600
2016-08-30,1046.9447021484375,1062.7400992156845,1039.965067638587,1056.1343546395667,1394230
2016-08-31,1069.6470947265625,1084.398258574079,1050.2137087455435,1068.5688258685168,1910090
2016-09-01,1084.1942138671875,1093.8259429541918,1068.568860790063,1071.5317582460843,1291910
2016-09-02,1082.149169921875,1095.7685820872953,1076.2429422399618,1090.8143329592078,1001600
2016-09-06,1094.39404296875,1097.6143821767173,1085.6755173736042,1088.0943588938057,755340
2016-09-07,1106.7747802734375,1140.454163551061,1097.1285861649808,1097.2257050518938,2519340
2016-09-08,1129.574462890625,1140.0657949807885,1049.1403239545236,1120.9287457637984,1604933
2016-09-09,1120.588623046875,1150.0713814117175,1111.8457881627992,1137.5399610280847,758416
2016-09-12,1063.128662109375,1101.4513712413402,1019.9973230195225,1092.6600368923007,1034612
2016-09-14,1069.588623046875,1076.3399861770802,1037.4829469649112,1071.482856275559,1049761
2016-09-15,1067.597412109375,1081.1973791426153,1053.9974450761345,1077.2145553707696,661551
2016-09-16,1056.765869140625,1085.1800828337534,1049.8201487436247,1077.3115550659602,803966
2016-09-19,1045.157470703125,1065.168826676158,1041.5631226192247,1065.168826676158,824883
2016-09-20,1044.331787109375,1057.8345164670618,1020.046132031089,1020.046132031089,597126
2016-09-21,1039.6688232421875,1053.9002398673103,1035.5888808992415,1053.9002398673103,722885
2016-09-22,1095.72021484375,1099.8487764951317,1040.1546795804318,1052.2975079668483,1363628
2016-09-23,1094.3116455078125,1111.7973176064727,1086.3459978735664,1105.8716413339428,1160432
2016-09-26,1090.717529296875,1107.2802770518144,1083.6746884138026,1086.0546354861906,648551
2016-09-27,1067.2088623046875,1097.7116704932625,1060.65173506944,1097.7116704932625,905372
2016-09-28,1074.4942626953125,1082.071432842273,1060.8457986994954,1073.4257178238884,875357
2016-09-29,1007.5145874023438,1090.9114930523556,982.3060686476695,1087.9972147984313,1550065
2016-09-30,1025.728759765625,1035.5887575997992,991.3888143326803,1010.234443574129,1151711
2016-10-03,1055.6488037109375,1058.8545576026543,1037.7746565034847,1038.4546074103096,881426
2016-10-04,1052.783203125,1065.023150213037,1041.3689446366782,1060.7974697231834,490022
2016-10-05,1043.5545654296875,1062.5944946873235,1037.774627138327,1058.854527641014,729161
2016-10-06,1046.4688720703125,1073.4259490718916,1035.5403273399425,1045.303208065326,1182671
2016-10-07,1051.5687255859375,1058.8544211442697,1045.2544561020497,1055.6486676656898,606885
2016-10-10,1043.26318359375,1061.4289257894575,1041.8546629508883,1054.143228845745,382402
2016-10-13,1023.8346557617188,1053.997488463576,1010.4775447328025,1053.997488463576,969024
2016-10-14,1030.9747314453125,1039.231854609456,1010.3804236983005,1031.460444572615,819460
2016-10-17,1048.0228271484375,1053.9971202562047,1021.017257797223,1034.2771267023759,920879
2016-10-18,1085.4229736328125,1088.9687027596838,1054.094480623,1057.883066284831,1356207
2016-10-19,1086.8800048828125,1097.6628102475129,1079.4971906698283,1091.202921925077,648141
2016-10-20,1089.357421875,1102.568795175621,1085.6659546873045,1091.3973932861766,535999
2016-10-21,1101.8885498046875,1106.4542045327116,1083.431455962614,1093.8256666407667,466028
2016-10-24,1096.6912841796875,1109.5141779317212,1093.048436849383,1104.0255975709417,399832
2016-10-25,1109.0770263671875,1112.2827796278464,1083.237118259974,1095.7685374849002,417201
2016-10-26,1115.5859375,1130.0602124489367,1092.903158110535,1107.4259332229485,971690
2016-10-27,1073.2315673828125,1128.7970910407157,1066.6258226873545,1118.0627855561672,2014635
2016-10-28,1041.903076171875,1075.3686567656803,1022.6201738653988,1073.5229235208994,1452433
2016-11-01,1030.489013671875,1058.8059940000965,1026.1175955458614,1055.9403339948544,903775
2016-11-02,990.708984375,1019.997507962968,986.5804230332452,1018.054655566848,1329886
2016-11-03,1001.3947143554688,1016.2575832391357,985.9976321899487,1000.3747879543101,968028
2016-11-04,964.77197265625,1006.5918002148766,942.3805508860568,1005.4261361855533,1666744
2016-11-07,962.1004638671875,999.014656845507,957.0490361277145,980.9460952340631,1063258
2016-11-08,955.5918579101562,973.2718246307871,944.2261607832405,968.2203970975864,960336
2016-11-09,902.6005859375,907.7976918641384,812.2579584967672,893.7120133921961,3384855
2016-11-10,902.6490478515625,951.3174665622126,897.5005019280803,922.8546967215543,1753921
2016-11-11,833.580810546875,893.7121169120948,825.7122819296528,893.7121169120948,2780607
2016-11-15,791.7609252929688,843.7807872884244,740.5181924118868,843.7807872884244,4368353
2016-11-16,874.0891723632812,915.7633747895658,780.5894124373863,803.3693658048328,7757348
2016-11-17,846.2579345703125,877.6835475594977,835.4265090217687,877.6835475594977,1929384
2016-11-18,853.3006591796875,875.6920175940318,840.2835264978315,847.0835087931897,1647276
2016-11-21,808.4207763671875,865.9777702354353,792.1979493595966,865.9777702354353,2076791
2016-11-22,833.483642578125,838.3407733623799,806.5265667255109,825.7607927729305,1434086
2016-11-23,825.9551391601562,846.549386772806,820.3694384248773,846.1122331179018,1161595
2016-11-24,797.2494506835938,826.5379134403115,792.8294735730703,823.2836595643918,1613090
2016-11-25,852.8151245117188,858.74080089191,799.726656486725,807.2552098882095,1623036
2016-11-28,854.1264038085938,873.3120694045218,833.2893019740278,851.1635660431476,1818863
2016-11-29,881.3263549804688,899.8320108680407,858.6435785990554,859.2264105596304,2546446
2016-11-30,893.5177001953125,901.3376683131994,883.0748697924255,883.997736430444,1775315
2016-12-01,888.0778198242188,903.3292226090138,883.9978180365895,899.5406368152547,997475
2016-12-02,861.1692504882812,883.997764178608,854.8549807441484,878.1692074917161,1818221
2016-12-05,876.46923828125,881.8606415213426,859.7121372999792,861.6549895876627,797813
2016-12-06,872.3892211914062,897.50062214033,867.7749470897573,877.4892083563866,878434
2016-12-07,865.5892333984375,884.7263398434532,850.6293067073116,880.7920759109976,888028
2016-12-08,885.5036010742188,889.7293409067754,878.2664635329791,882.0550496875259,1001920
2016-12-09,870.7377319335938,891.4777140505097,866.0748986675735,887.6891286706009,651767
2016-12-12,819.4951171875,871.126443344744,810.1694494000742,871.126443344744,2395425
2016-12-13,812.8408203125,819.300827841421,781.9980404560054,796.5694325141918,2913971
2016-12-14,824.4979248046875,833.3378788387126,809.0036662299522,815.7065302187547,1423592
2016-12-15,829.4036865234375,842.1294054534802,807.3037402383791,811.2380045319945,833495
2016-12-16,826.4893798828125,838.340791105453,823.7693984442922,836.3008198493499,626459
2016-12-19,799.3865966796875,828.8207969502538,795.5008921082293,828.8207969502538,808312
2016-12-20,782.775146484375,805.7979571173863,763.8323373658831,801.4265396285036,2029604
2016-12-21,766.0665893554688,791.5179647217933,760.6751864247686,787.8265574452599,1608265
2016-12-22,743.529541015625,762.3751712831188,738.7695295349064,762.3751712831188,1836222
2016-12-23,785.8351440429688,804.2436802289071,739.546667333616,754.5066527728558,3365297
2016-12-26,786.855224609375,797.8323288475474,759.7038503711054,786.855224609375,2133916
2016-12-27,786.6123046875,804.2437125720077,776.5094492714431,787.8265873437017,3505564
2016-12-28,796.7637939453125,816.8723284677741,787.8266609029795,793.023767440318,2124609
2016-12-29,809.537841796875,815.7549919779434,792.9264807406922,796.5693282785514,1594084
2016-12-30,818.1350708007812,830.2778970140107,809.1979388496155,815.9979215290241,842564
2017-01-02,845.1893920898438,848.9294187055101,817.9408977924011,827.6551602364913,949967
2017-01-03,858.74072265625,863.5978534405049,834.6979252741887,845.1407564603365,1260264
2017-01-04,846.9865112304688,865.5407275776835,843.1979254067669,861.7521417539816,971428
2017-01-05,874.0406494140625,877.1977842966363,850.0464124482733,858.1092373670788,1423447
2017-01-06,853.349365234375,888.7578624139785,850.8722402594226,884.9692764820627,4040625
2017-01-09,853.1549682617188,868.212072740007,850.0949523448351,862.4320756143063,615381
2017-01-10,874.0406494140625,876.1777987312645,854.9035430368483,859.4206982006809,1147293
2017-01-11,870.5435791015625,883.5120946524037,865.5407106490288,879.140676921853,2005189
2017-01-12,865.7350463867188,883.9492877437757,860.6836182587982,876.7121506530083,737750
2017-01-13,874.3320922851562,879.6263766477814,862.72353796316,867.6778468905853,821185
2017-01-16,891.477783203125,893.8091703714117,868.892125380559,874.2835286154584,1117504
2017-01-17,888.223388671875,898.1805057244045,884.4834220807959,897.5005549195836,849554
2017-01-18,903.7661743164062,911.1976070885413,888.8548086204854,892.4490967540091,1525144
2017-01-19,899.8320922851562,905.6606495828571,889.8264141156666,903.2320840421484,598997
2017-01-20,881.7634887695312,903.4262790872658,878.1692003170842,898.3748514750007,697857
2017-01-23,903.0863037109375,905.0777153712249,879.2863640994011,883.4149250524227,829648
2017-01-24,903.1834716796875,908.2348995666714,894.6834927851489,908.2348995666714,826288
2017-01-25,971.2803955078125,977.2546899431079,904.5920270421477,904.5920270421477,3874946
2017-01-27,967.3947143554688,990.8546797543468,963.0232966506702,971.4261566219086,1386916
2017-01-30,1024.6602783203125,1028.740220430181,960.8861323458372,961.7118207987527,4866384
2017-01-31,1007.2717895507812,1041.3688233912567,1001.2974950658001,1028.6431646576914,2304584
2017-02-01,1035.685791015625,1039.3286382954373,995.7115898153643,1009.3115529933302,1860379
2017-02-02,1024.02880859375,1052.9772341377761,1019.9973667136157,1036.9002039356124,1681729
2017-02-03,1017.4230346679688,1037.4830060195404,1012.5174043375625,1025.1459428003473,903079
2017-02-06,1043.0203857421875,1054.483263678481,1020.094748451914,1025.8261874200607,1218063
2017-02-07,1030.634765625,1044.2833536333221,1022.3291412640998,1039.4262217559578,658786
2017-02-08,1019.4631958007812,1038.8432199755684,995.7118722326405,1029.7117898210722,1046297
2017-02-09,1011.1087646484375,1031.314473606055,996.6831117474954,1027.7687448624272,916871
2017-02-10,1025.291748046875,1028.7403585324776,1008.3404080799921,1015.3346293736381,643391
2017-02-13,1028.6915283203125,1039.4258331894318,1013.4401873596961,1026.7972950291864,484476
2017-02-14,1029.2261962890625,1038.4547464209606,1024.8547778055317,1033.5976147725933,438100
2017-02-15,1010.6718139648438,1034.5688741008548,999.5975318777274,1030.0032185213097,679204
2017-02-16,1063.0804443359375,1074.3975854762705,1005.4263119059133,1011.1577513134357,1035007
2017-02-17,1058.36865234375,1086.0542940067119,1050.208650031895,1078.2828858206174,1408853
2017-02-20,1064.5858154296875,1077.7971857886946,1005.425946184136,1061.7200374771862,617565
2017-02-21,1064.5858154296875,1074.348575931673,1053.997247932162,1060.991467950966,335482
2017-02-22,1045.4971923828125,1072.600000459295,1034.568650302156,1063.7114291839068,1000632
2017-02-23,1037.6773681640625,1067.5973410794618,1036.0259911385315,1052.0545226470038,1196177
2017-02-27,1060.4088134765625,1072.4545220420453,1038.4546051294806,1040.251719878399,1223440
2017-02-28,1076.534423828125,1087.025873796343,1064.6830721007968,1066.3830678819797,1257475
2017-03-01,1045.10888671875,1096.643095697043,1040.0088990069085,1087.997378526222,2045087
2017-03-02,1018.7832641601562,1058.4660021513878,989.9804525701807,1052.0546127155656,2587153
2017-03-03,1016.3545532226562,1026.7002648643909,994.8860602115432,1017.568835842994,1185751
2017-03-06,1004.406005859375,1025.8259995905605,997.0718096821321,1023.8831473186087,1176084
2017-03-07,1022.3287963867188,1025.6316686655837,993.186014953701,1005.3288405507917,1534634
2017-03-08,1050.3057861328125,1053.0258264754398,1019.0259151040002,1027.52589294686,1763414
2017-03-09,1056.134521484375,1063.7116933079822,1037.483185801758,1043.9916939351972,1391444
2017-03-10,1063.2259521484375,1068.568796129083,1054.0945223559659,1061.2830997918393,748405
2017-03-14,1094.5057373046875,1103.0057156631271,1071.8715803681575,1080.2258210954237,1254682
2017-03-15,1102.131591796875,1110.534333173381,1092.1258549655627,1096.7401292026864,781510
2017-03-16,1130.2542724609375,1144.339950974632,1098.5371864360573,1107.1342837434754,1234503
2017-03-17,1126.1741943359375,1149.8768935565793,1118.4027864387374,1136.5684049655333,822826
2017-03-20,1139.0457763671875,1158.2314427749754,1110.097229746823,1131.7114615226853,978371
2017-03-21,1140.988525390625,1151.09126154158,1113.2542639645294,1138.5599602423604,2284752
2017-03-22,1126.56298828125,1134.577254940422,1117.14020097551,1122.0944511938094,691551
2017-03-23,1151.8685302734375,1157.6484682970904,1128.311446689941,1128.311446689941,873741
2017-03-24,1143.417236328125,1163.7685674325278,1137.1029661375478,1156.3857521569278,668010
2017-03-27,1151.1400146484375,1155.025719339234,1137.54004823065,1143.3686052668447,479265
2017-03-28,1160.611572265625,1171.5401181438324,1152.840161863344,1159.883002540411,809959
2017-03-29,1147.01123046875,1170.56831057789,1138.5112531097818,1165.1283487846051,632607
2017-03-30,1147.3028564453125,1156.0941916052082,1139.4828288146493,1146.2828115952993,657966
2017-03-31,1137.63720703125,1154.054333642114,1134.14009640334,1154.054333642114,474585
2017-04-03,1147.9827880859375,1155.0256272766487,1128.7971227043447,1136.6171502041873,473642
2017-04-05,1139.5797119140625,1155.9968335182964,1131.7111857553068,1155.9968335182964,680777
2017-04-06,1163.865478515625,1169.6455344227581,1132.4398708180015,1144.1456016679028,856876
2017-04-07,1167.265625,1189.025594231812,1158.1341955762057,1163.7685146157767,1099961
2017-04-10,1205.2969970703125,1216.2255412710306,1155.997119898184,1167.3627584340134,1046689
2017-04-11,1220.0625,1237.5967876344844,1206.51115403613,1210.3968582359244,1142967
2017-04-12,1230.0196533203125,1241.4825284809851,1212.3397461222767,1223.99685906576,1062045
2017-04-13,1237.499755859375,1255.0825448847231,1224.9683352164363,1231.5740802540088,613348
2017-04-17,1223.559814453125,1245.3682833709722,1210.931274918162,1238.4711816491042,609476
2017-04-18,1200.7313232421875,1234.3911440001484,1194.7570287873066,1218.5569691273633,583708
2017-04-19,1207.43408203125,1216.7112491684054,1182.7599527622524,1202.4313322398255,777297
2017-04-20,1216.225341796875,1222.5396107439035,1207.4825078702202,1217.1967677887255,443637
2017-04-21,1211.31982421875,1223.8998643627865,1200.9742302974748,1216.225573846497,380126
2017-04-24,1235.4110107421875,1238.5681452300287,1206.6082062366577,1215.3510402029874,475488
2017-04-25,1303.3623046875,1310.4537623987758,1239.5396596151504,1242.453937811738,2092724
2017-04-26,1272.27685546875,1311.3282601270616,1264.3598267500684,1306.5682479978213,1207320
2017-04-27,1248.962646484375,1278.2511708009806,1241.5313307501804,1277.4254822285482,1627631
2017-04-28,1239.7340087890625,1257.9968678948944,1232.4969313835115,1241.531242037605,1183154
2017-05-02,1232.3511962890625,1249.3997727390833,1221.0826766096013,1245.2712115810953,708574
2017-05-03,1233.808349609375,1246.1455330658448,1223.996969050115,1233.7112307092427,1086778
2017-05-04,1259.502685546875,1274.4140539827033,1234.925555283148,1234.925555283148,1121302
2017-05-05,1237.83984375,1265.7683471895232,1228.757032434824,1257.9969375367864,467205
2017-05-08,1235.6539306640625,1249.5938707094217,1224.4825311336876,1233.9539350833534,471627
2017-05-09,1249.35107421875,1255.956819082626,1228.368294330977,1238.5682683052557,567703
2017-05-10,1289.08251953125,1292.9682241869582,1256.588361780807,1257.996882285583,1302185
2017-05-11,1301.4195556640625,1306.4710427543982,1280.7767501361004,1296.805281487224,672768
2017-05-12,1277.182373046875,1300.7394542763002,1267.710969253601,1293.9394720657444,438863
2017-05-15,1294.862548828125,1309.9682741723404,1279.9997986242727,1285.196905250283,634195
2017-05-16,1309.239501953125,1319.9738075916277,1289.2766485360619,1299.185265721361,788530
2017-05-17,1286.9454345703125,1334.7395545944894,1260.4254527557132,1311.425326566638,2408302
2017-05-18,1276.9881591796875,1304.6251828199147,1259.0167772867849,1261.882436696254,1210985
2017-05-19,1252.3140869140625,1295.7854085819,1229.3884527230143,1286.1682656584776,1167010
2017-05-22,1206.6571044921875,1266.739792562531,1201.9942111970731,1261.8826614560796,873873
2017-05-23,1198.4970703125,1228.854138962766,1156.531506043292,1214.1856271074173,1348383
2017-05-24,1189.365478515625,1219.0425922230431,1175.4255382046138,1198.7397637557797,787101
2017-05-25,1222.879638671875,1231.7682105957053,1193.1540257603904,1194.854021319178,905807
2017-05-26,1280.145263671875,1288.7908604318882,1225.6481687825237,1225.6481687825237,1306793
2017-05-29,1270.0909423828125,1294.9109254077491,1264.6995989515265,1281.6995548364746,652289
2017-05-30,1283.788330078125,1287.0425841013357,1266.448277703893,1267.9054169903127,513005
2017-05-31,1289.033935546875,1296.7568449077085,1278.4939851005322,1285.1968495288202,726284
2017-06-01,1289.422607421875,1300.739746935045,1282.52550477296,1295.8826156918224,387968
2017-06-02,1322.353759765625,1325.9966075886707,1280.33958153983,1294.3281408967832,668081
2017-06-05,1324.15087890625,1333.4280454940665,1309.530987408368,1329.4452222434977,570009
2017-06-06,1298.456787109375,1328.8138542967679,1287.1396487454563,1324.4424366217834,601678
2017-06-07,1304.7708740234375,1321.1393786379,1296.9508471802067,1302.7794032624327,550988
2017-06-08,1322.7908935546875,1332.7966299735563,1306.2766495972892,1306.471005969691,570819
2017-06-09,1337.508056640625,1342.510924976206,1305.305256395251,1319.196697624955,530582
2017-06-12,1325.947998046875,1343.4822864563166,1317.7881137324925,1330.805128511287,370028
2017-06-13,1332.310791015625,1340.567912214045,1322.1108177705182,1334.7393560739838,435644
2017-06-14,1322.1109619140625,1335.710927723612,1315.3109790092878,1334.9337393872927,634727
2017-06-15,1365.0966796875,1372.6252328044386,1313.5624718863733,1322.2081888597052,1569774
2017-06-16,1370.0023193359375,1384.136498385945,1363.2023364221452,1374.567974716567,824516
2017-06-19,1359.850830078125,1381.076467079181,1355.7222690689978,1365.0479361025687,426223
2017-06-20,1369.3223876953125,1391.9566662476254,1355.1882072229284,1367.4766541450817,781161
2017-06-21,1376.1707763671875,1385.253586475094,1360.9679345382935,1364.659401065601,449181
2017-06-22,1361.7451171875,1386.2250068053893,1355.4308477101104,1378.4535982178327,477586
2017-06-23,1360.7252197265625,1375.0537558614665,1326.9681600189072,1364.8537809857721,620781
2017-06-27,1311.3768310546875,1359.9967627561423,1298.554051867338,1359.9967627561423,1053829
2017-06-28,1333.1365966796875,1337.6537518020127,1276.3567880539047,1302.6824118856202,998218
2017-06-29,1336.973876953125,1354.9937611460423,1327.453853112957,1339.5966801630207,726869
2017-06-30,1333.8653564453125,1340.5682212681143,1313.8539994674813,1328.522512085186,496260
2017-07-03,1347.5137939453125,1350.2823347281167,1327.4538204359508,1340.568073327195,446514
2017-07-04,1340.1309814453125,1368.496577354907,1337.216703019712,1350.282337194904,704342
2017-07-05,1358.588134765625,1366.7966385736063,1330.950988728244,1335.7110007382437,643929
2017-07-06,1362.824462890625,1376.6542636149875,1356.0555573644178,1362.4348659219875,418130
2017-07-07,1355.422607421875,1367.0124347450064,1351.234766549358,1362.0453998603257,202005
2017-07-10,1375.9727783203125,1378.1641278702991,1358.7340905274239,1368.960388427362,149650
2017-07-11,1382.2056884765625,1393.6981456183964,1372.8559553024863,1382.4005464127083,665556
2017-07-12,1406.0673828125,1414.151076327558,1382.9852123864548,1387.3679120031725,654934
2017-07-13,1447.167236328125,1450.6733717571249,1413.0795773744499,1414.1508800210443,1011798
2017-07-14,1460.3153076171875,1469.324188753319,1432.3147311129949,1446.2906472600328,570522
2017-07-17,1498.39599609375,1509.303998688734,1449.2611213202285,1465.720494739956,947006
2017-07-18,1472.9276123046875,1504.8726636379079,1467.7170943076012,1497.8602744024563,501708
2017-07-19,1501.65869140625,1536.282059858413,1475.5086120592978,1480.0374246462516,2655273
2017-07-20,1553.76416015625,1566.0844377507965,1506.7718876926456,1510.5702505917197,2169635
2017-07-21,1579.0865478515625,1588.9719934703091,1543.6841003067361,1557.221795374158,1380541
2017-07-24,1555.7606201171875,1594.6205711478522,1546.5568818032286,1590.4326116329323,835475
2017-07-25,1585.0760498046875,1590.3353120886145,1558.2928907450078,1565.013052614008,813854
2017-07-26,1643.171142578125,1651.5469428953475,1587.5108458908544,1593.3544440965875,1475906
2017-07-27,1635.574462890625,1694.448787785466,1627.5395151340447,1659.5819366318885,1955562
2017-07-28,1657.001220703125,1666.302330288487,1619.2126839978857,1628.4163051528976,926268
2017-07-31,1658.7054443359375,1679.06066997114,1653.3488122681642,1673.217071351751,576928
2017-08-01,1671.5126953125,1682.8590397895903,1661.5786251739091,1665.328243859146,692591
2017-08-02,1662.698486328125,1681.2032146222825,1647.0181877091597,1679.9857982871406,396171
2017-08-03,1657.390625,1683.930301527839,1653.7871201460418,1669.3213052739827,775709
2017-08-04,1678.5250244140625,1684.904334043371,1656.7090171648529,1660.4586359802906,710636
2017-08-07,1751.2779541015625,1758.8745614975526,1684.5147877164884,1690.2610171994124,1504033
2017-08-08,1733.4061279296875,1781.8105540200556,1725.8094024178947,1765.7406583429138,1761065
2017-08-09,1653.4461669921875,1723.76420774871,1638.6911757210337,1723.76420774871,1899560
2017-08-10,1592.9649658203125,1645.8495810787276,1568.0810462727534,1636.2076195430423,1835002
2017-08-11,1651.206298828125,1687.4365647279542,1548.5537202608418,1548.5537202608418,3505576
2017-08-14,1666.3021240234375,1696.932271717822,1660.5558950955904,1676.4310517946453,1311855
2017-08-16,1676.4798583984375,1684.9044041970885,1639.3242837420905,1684.9044041970885,705754
2017-08-17,1683.6868896484375,1716.5571326133745,1675.6519413681197,1684.9043060545464,729269
2017-08-18,1660.5072021484375,1677.9893727407516,1644.4860501039955,1665.4256118909284,932335
2017-08-21,1646.53125,1685.8781704182745,1634.7954276567677,1660.5071659944351,1090057
2017-08-22,1639.0321044921875,1668.9318043240685,1619.2125888780042,1663.4778025197013,654334
2017-08-23,1732.9193115234375,1738.178455453652,1651.693262558935,1651.693262558935,1825088
2017-08-24,1714.2197265625,1750.8395895030842,1707.110085846473,1744.7038819444574,1324532
2017-08-28,1782.248779296875,1789.5046520233711,1720.9397399097454,1727.2703048839467,1347345
2017-08-29,1727.1729736328125,1787.1672284787405,1716.0701125774065,1787.1672284787405,1482257
2017-08-30,1741.441162109375,1771.9739416321047,1730.7278977934473,1751.1317490943632,1064601
2017-08-31,1735.451416015625,1758.6309524806384,1723.8615883389593,1750.5473790773503,1116765
2017-09-01,1753.03076171875,1759.8970373389561,1743.3401753385342,1743.3401753385342,489396
2017-09-04,1754.3944091796875,1772.5582857203651,1729.2670059129077,1751.0830127803479,658965
2017-09-05,1747.6256103515625,1767.9808362911717,1738.0323929189317,1762.6728294661891,741229
2017-09-06,1810.4930419921875,1833.9161825858562,1731.3609709167222,1735.5489311566628,2742892
2017-09-07,1912.0252685546875,1934.1336195717076,1822.3748048693728,1830.9940883694076,4271734
2017-09-08,1841.9022216796875,1923.4691183846537,1831.9681516661706,1918.6481971198066,2856329
2017-09-11,1870.3897705078125,1884.998766977883,1848.573764223161,1850.4728862089432,1098804
2017-09-12,1845.0189208984375,1884.560581676888,1837.4221950293731,1884.560581676888,1473997
2017-09-13,1857.4366455078125,1874.5291010926603,1845.6033338639486,1845.6033338639486,810810
2017-09-14,1860.11474609375,1885.0474082636724,1851.446718217123,1863.1339147550532,951870
2017-09-15,1853.1512451171875,1862.25749601662,1832.3577967712138,1846.187599527626,922149
2017-09-18,1861.8192138671875,1878.9604124605523,1856.900804211083,1866.055799027818,430947
2017-09-19,1861.9654541015625,1878.424829317627,1854.4174721469997,1873.9447605803255,598020
2017-09-20,1855.2452392578125,1868.8315588377395,1850.4729431530693,1868.7829335143335,377551
2017-09-21,1869.4647216796875,1875.7952872910018,1822.7646736869374,1858.264490213516,754880
2017-09-22,1814.58349609375,1860.2122384798456,1798.8544526032854,1860.2122384798456,1772943
2017-09-25,1749.1839599609375,1811.4669381514325,1713.148432946152,1811.4669381514325,1826884
2017-09-26,1792.13427734375,1814.2426300937595,1734.5261105785685,1749.183851320069,1044947
2017-09-27,1759.653564453125,1810.5415670781013,1748.4533342103073,1810.5415670781013,764148
2017-09-28,1794.8126220703125,1806.6459332273362,1744.314213698199,1769.636474756911,3925555
2017-09-29,1790.1378173828125,1826.1245985835712,1782.6384610316372,1809.5189913451234,1216964
2017-10-03,1819.1124267578125,1824.6637982845325,1783.9533441274973,1811.515700458623,975293
2017-10-04,1814.0965576171875,1830.9455293333044,1803.7241460665166,1830.9455293333044,538069
2017-10-05,1817.5538330078125,1836.3507886624136,1807.035427269703,1816.3851608885714,398463
2017-10-06,1873.4576416015625,1884.1222801189467,1819.6965833506226,1830.994183256885,1227615
2017-10-09,1890.6964111328125,1903.0653141865785,1866.0558556711792,1877.7430530970948,999574
2017-10-10,1899.94873046875,1908.3245313133214,1892.3520047676755,1893.325937863284,517117
2017-10-11,1873.4091796875,1915.7265279841845,1852.3721282959764,1915.7265279841845,726978
2017-10-12,1902.237548828125,1906.7176175242755,1872.8734406840413,1889.4303041742278,1019350
2017-10-13,1902.1402587890625,1922.2518839937918,1897.6600710173439,1904.136750489797,849832
2017-10-16,1837.130126953125,1915.726483685238,1826.4654877521327,1914.752550546608,2652753
2017-10-17,1818.4306640625,1852.4209567093333,1808.0096263198354,1831.2379094914425,1782421
2017-10-18,1819.7939453125,1834.8899079308267,1800.461397607983,1821.2548449207252,710046
2017-10-19,1797.783203125,1823.9820283135987,1784.2455087297897,1823.9820283135987,169845
2017-10-23,1785.949951171875,1808.49652784368,1764.9616437950017,1796.9066993385736,1011137
2017-10-24,1778.4505615234375,1799.8283452331914,1768.6624864412745,1799.8283452331914,929872
2017-10-25,1681.3494873046875,1772.5583515335138,1668.883214187337,1772.5583515335138,2865279
2017-10-26,1701.2177734375,1719.965987056319,1655.7837670459178,1693.6697913312223,1641262
2017-10-27,1771.5845947265625,1780.983074435572,1706.7692889089667,1714.171276773854,1656079
2017-10-30,1757.267578125,1788.3846937918083,1750.9370128372414,1784.2454780267353,563901
2017-10-31,1753.663818359375,1776.5026196146728,1728.2929338511588,1740.4183527151424,764883
2017-11-01,1759.653564453125,1772.265950084277,1754.0534493317161,1762.4292499095518,468999
2017-11-02,1763.013671875,1774.4087606189598,1755.0274679115294,1767.688598368161,458603
2017-11-03,1789.0665283203125,1796.9067380661222,1761.2608070398746,1777.428074238847,769995
2017-11-06,1774.506103515625,1796.8091952244124,1764.572033477176,1770.6103711259088,583097
2017-11-07,1755.5631103515625,1799.82832101603,1727.0755679328834,1799.82832101603,769590
2017-11-08,1729.4130859375,1757.8520058924428,1725.3713583844258,1747.7718213400688,549567
2017-11-09,1707.3046875,1746.6516076695627,1687.8260259198516,1740.4671563955287,866349
2017-11-10,1699.513427734375,1722.8878244482,1685.9757325266185,1685.9757325266185,805954
2017-11-13,1683.6868896484375,1714.0735555895842,1673.7040751183456,1714.0735555895842,544530
2017-11-14,1709.155029296875,1723.7640241585698,1675.3594831838382,1685.8780070395803,633554
2017-11-15,1669.126708984375,1717.969362193627,1662.5526601078163,1716.1676096125316,926465
2017-11-16,1718.261474609375,1733.7956600255766,1671.7561690049552,1680.034600369093,901089
2017-11-17,1740.7593994140625,1769.636541214294,1731.7505177375451,1743.3403460504053,943939
2017-11-20,1758.1927490234375,1760.3840985236743,1723.9103510639472,1740.2237306768222,602115
2017-11-21,1762.5755615234375,1775.2366927845535,1744.5577978056956,1771.5844433823086,495585
2017-11-22,1727.708740234375,1769.3443842367483,1722.4495961026332,1769.3443842367483,738204
2017-11-23,1717.6771240234375,1735.9869948471226,1701.461114239995,1730.6791070432005,587412
2017-11-24,1743.3402099609375,1751.4239020652446,1718.0179499279855,1726.7833476316996,572947
2017-11-27,1727.0269775390625,1737.7889865221703,1718.9920289617626,1733.6010263750352,573099
2017-11-28,1720.355712890625,1737.4481700584909,1716.5573494460982,1725.8097153012689,552962
2017-11-29,1710.5185546875,1731.6041087708506,1705.3566622948495,1718.9917241293028,687118
2017-11-30,1682.0313720703125,1713.5380871525867,1677.4538147205692,1709.1066435597672,1304556
2017-12-01,1666.98388671875,1696.396737963515,1660.848179460875,1691.721811481813,601822
2017-12-04,1632.26318359375,1679.0607181007856,1626.614442766079,1679.0607181007856,802041
2017-12-05,1662.8934326171875,1674.1910330298354,1617.751656289597,1632.2631646647724,1109920
2017-12-06,1627.88037109375,1670.1978340270266,1619.1637177325604,1655.6374633977368,933213
2017-12-07,1632.604248046875,1646.093198901917,1617.7030227384441,1641.0774192138942,986167
2017-12-08,1657.8775634765625,1663.6724176705015,1639.4215794102809,1641.0772180690308,767714
2017-12-11,1663.2830810546875,1675.1650179288533,1646.1417625047563,1665.425686429267,616189
2017-12-12,1654.9559326171875,1671.2693131505628,1646.0444203690515,1660.5560483226745,1051828
2017-12-13,1628.2213134765625,1656.4166275963307,1617.702789026903,1650.5730293217,932378
2017-12-14,1641.905029296875,1654.6149033151848,1584.6378365667595,1631.3378793486079,1257072
2017-12-15,1684.5147705078125,1694.351471650524,1647.8949074531845,1655.6863727366513,1507279
2017-12-18,1711.054443359375,1726.7834876249947,1610.1062478432268,1681.0086292389965,1630170
2017-12-19,1711.9307861328125,1724.6892850679026,1693.7182859989407,1719.9657336427517,707467
2017-12-20,1724.251220703125,1738.4706204879958,1704.382961262741,1718.9919580735643,957893
2017-12-21,1702.48388671875,1728.6825932862444,1697.906329590688,1728.6825932862444,896398
2017-12-22,1735.987060546875,1741.7820340051496,1704.3829780239876,1710.226576805784,662716
2017-12-26,1742.853271484375,1748.2099035006722,1727.9520475928027,1738.1783450784612,494224
2017-12-27,1724.7867431640625,1750.742083564257,1716.070089639777,1750.3524865539855,450413
2017-12-28,1709.3988037109375,1735.548885189922,1700.0003249713855,1733.6010188765774,886376
2017-12-29,1710.908447265625,1719.868704260578,1702.5813895323533,1703.6526923012245,447507
2018-01-01,1680.66748046875,1714.1220547482496,1675.5543322940748,1713.6350882554234,535319
2018-01-02,1679.69384765625,1694.351470376757,1665.425703088963,1694.351470376757,576208
2018-01-03,1670.5875244140625,1693.0366114449682,1666.3995644524543,1681.9824943362878,416136
2018-01-04,1708.278564453125,1712.4177799029117,1669.3212425727802,1680.0345060898749,730147
2018-01-05,1767.2015380859375,1773.5321029785023,1713.245622762416,1719.9657846568011,984327
2018-01-08,1788.9691162109375,1794.9588289729672,1772.5583661046123,1772.5583661046123,825022
2018-01-09,1772.0712890625,1794.958717088314,1762.8189245414262,1794.958717088314,512721
2018-01-10,1755.22216796875,1773.483413413804,1747.2359641827732,1772.558224533248,406791
2018-01-11,1733.9417724609375,1751.1317154699943,1726.832132157148,1751.1317154699943,818471
2018-01-12,1723.9591064453125,1744.2169642422336,1705.503120150734,1736.5228683055027,606316
2018-01-15,1692.842041015625,1748.1127509533485,1687.8262611819362,1724.8357233428787,847037
2018-01-16,1643.365966796875,1700.2924269342511,1640.6876508137773,1700.2924269342511,1076581
2018-01-17,1656.8551025390625,1665.2796484471755,1622.2804741424302,1650.9141338316733,1199501
2018-01-18,1617.41064453125,1672.486608650373,1610.8853403451546,1667.373459897766,961692
2018-01-19,1657.5367431640625,1666.6429937422738,1590.0431327357837,1617.6054866302813,974597
2018-01-22,1661.8707275390625,1681.0085368023379,1634.2597478298512,1669.3213395592163,924498
2018-01-23,1664.1595458984375,1673.217171857888,1648.2845066951793,1665.425706564021,1245493
2018-01-24,1693.815673828125,1701.3149106964493,1652.8131165362277,1670.295167085383,1441313
2018-01-25,1665.7178955078125,1696.494158928475,1658.9977330697538,1695.6175953255415,880891
2018-01-29,1670.5875244140625,1690.0174425576395,1665.4256313347146,1666.3995644524543,643137
2018-01-30,1634.6494140625,1674.1423317524147,1627.4422850130838,1670.2953433856605,680104
2018-01-31,1634.11376953125,1645.9470814983863,1602.1200882040505,1614.2455087934854,1332225
2018-02-01,1684.36865234375,1714.122357872376,1601.8765614264719,1637.9608324813312,1939812
2018-02-02,1586.439453125,1668.3471928737138,1577.9661648754966,1663.5262721834279,1645045
2018-02-05,1563.1138916015625,1585.5143530493388,1506.1875490863456,1558.292970280086,1472164
2018-02-06,1618.8228759765625,1639.8598065095794,1471.807607736301,1490.1175970064776,2109416
2018-02-07,1598.857421875,1643.025267621115,1578.3560809684989,1636.2077353903221,1466983
2018-02-08,1618.8228759765625,1635.2336244273697,1595.3511127686986,1610.8852976788978,750746
2018-02-09,1596.6658935546875,1611.8592256197244,1575.1419965551927,1586.5857100905594,703720
2018-02-12,1600.9512939453125,1612.8332303332613,1592.672862509423,1602.1199661221103,472115
2018-02-14,1626.419677734375,1652.7158737778627,1608.4994022079945,1610.8854909603128,1066036
2018-02-15,1633.3343505859375,1667.2271469345783,1560.045893889325,1635.038733299812,1177116
2018-02-16,1631.5816650390625,1659.5335015527457,1627.9781595959519,1645.9471803707004,947685
2018-02-19,1599.880126953125,1631.338218969788,1581.2294000379616,1631.338218969788,695310
2018-02-20,1596.03271484375,1614.488697766712,1583.615069007437,1611.71301247508,583955
2018-02-21,1554.8355712890625,1614.7812058279335,1545.9241778392143,1614.7812058279335,1689744
2018-02-22,1558.6339111328125,1575.3368886291735,1535.356884796732,1546.6058603666938,1050625
2018-02-23,1590.8223876953125,1595.3024562857279,1560.581716655447,1564.9157903879948,711474
2018-02-26,1631.2891845703125,1636.0128551762402,1593.8415047455796,1597.2502705669115,1036659
2018-02-27,1613.6124267578125,1636.1588831793501,1607.9635671555423,1632.3118949440877,605244
2018-02-28,1597.493896484375,1616.3394797159904,1586.5371482231653,1601.1461459047782,1756349
2018-03-01,1616.095947265625,1622.5726264851423,1585.563166817414,1592.3806988614692,1238390
2018-03-05,1594.27978515625,1616.7289912955314,1578.7455993313595,1616.7289912955314,743779
2018-03-06,1595.0589599609375,1628.2700554228816,1585.1735150606337,1611.8593062038476,944176
2018-03-07,1576.1646728515625,1605.6748945397217,1564.1366223539646,1598.2242822433723,644577
2018-03-08,1585.6116943359375,1595.204910766371,1552.6439666319905,1592.3317370360382,663196
2018-03-09,1611.080078125,1623.7412083594602,1574.3141037903172,1592.3806102571239,839718
2018-03-12,1621.8421630859375,1638.0581736616089,1611.908092602848,1619.6508135186393,486187
2018-03-13,1636.8892822265625,1654.5661914302632,1620.2350503135788,1622.085546945758,820802
2018-03-14,1665.523193359375,1676.041719801955,1624.764111448962,1628.4163610625892,848659
2018-03-15,1681.251953125,1694.5461632372933,1669.3212730811006,1670.392575674727,739187
2018-03-16,1643.9017333984375,1679.6937754794633,1637.230315318822,1667.3734977609836,1017699
2018-03-19,1589.3126220703125,1654.614880554403,1584.5890705608083,1654.614880554403,848984
2018-03-20,1614.099365234375,1619.7481058500591,1573.0966868411,1584.589144912696,1318758
2018-03-21,1660.1177978515625,1667.373552261389,1622.0856608010183,1630.8510591481868,1131098
2018-03-22,1651.4010009765625,1675.164993263311,1646.0931129427722,1663.4777956358928,1153716
2018-03-23,1641.36962890625,1650.8167331571874,1611.8594061210295,1611.8594061210295,1088426
2018-03-26,1696.201904296875,1702.435100065626,1642.0512464019712,1654.6150074741702,1288984
2018-03-27,1726.247802734375,1751.1318428282268,1704.188311504625,1704.383050583647,1670239
2018-03-28,1721.4754638671875,1746.2620132087734,1714.9014155742934,1730.6790839219132,986960
2018-04-02,1771.1947021484375,1777.4278977318456,1722.8876444315806,1722.8876444315806,633203
2018-04-03,1786.4368896484375,1792.0370052899686,1754.637948358426,1772.5583421889908,1049457
2018-04-04,1801.970947265625,1820.8652729022906,1788.8228506111643,1792.0368773486923,1793441
2018-04-05,1865.6663818359375,1871.9969475263158,1817.359319730102,1817.359319730102,1385959
2018-04-06,1887.0926513671875,1892.8388801321303,1859.0920762173039,1868.977520439186,1612001
2018-04-09,1893.5693359375,1916.456762654502,1879.9342732124776,1891.9623226243884,1131792
2018-04-10,1875.843994140625,1901.555734231467,1863.767199283467,1899.1696455654453,1013811
2018-04-11,1874.4803466796875,1904.0391922029758,1842.0970714158773,1875.7951325743893,1188976
2018-04-12,1879.057861328125,1891.4755087405172,1861.234956375096,1873.6038595756406,535354
2018-04-13,1864.4490966796875,1898.0497938645171,1857.8750472304816,1880.665109098729,592886
2018-04-16,1892.6441650390625,1899.1694689925837,1848.0867274973134,1864.059134587421,772723
2018-04-17,1884.6092529296875,1908.8114661761597,1868.0036463698743,1908.8114661761597,696203
2018-04-18,1876.622802734375,1899.7050864805392,1871.21754584402,1895.2736437150909,462905
2018-04-19,1863.4261474609375,1885.0474135615502,1858.4103684883169,1884.5604470377677,632589
2018-04-20,1831.3837890625,1858.0695792562472,1801.922313365911,1858.0695792562472,1226196
2018-04-23,1849.83984375,1869.7081031332998,1812.294793387048,1830.9942616958479,762125
2018-04-24,1867.8089599609375,1882.8561789071568,1849.1093729755385,1858.2643679580267,784895
2018-04-25,1850.3267822265625,1888.407542781749,1839.4187790267001,1875.7464124409037,677675
2018-04-26,1842.7786865234375,1865.081776981452,1827.68272435988,1859.2381787245913,1098339
2018-04-27,1851.5928955078125,1865.5200671939124,1843.168350603218,1862.1600456292485,641591
2018-04-30,1857.97216796875,1874.7238889882833,1845.4085258145008,1874.7238889882833,647210
2018-05-02,1855.43994140625,1886.2649480709385,1850.4729063300806,1859.2383043074335,687083
2018-05-03,1825.4427490234375,1857.0468286956861,1814.0476610937606,1855.3911900788419,471750
2018-05-04,1808.9835205078125,1843.8990013913808,1803.3834046974332,1830.994386697898,562177
2018-05-07,1846.04150390625,1852.4208134637804,1807.668633690686,1816.3852876498163,485519
2018-05-08,1819.696533203125,1849.0118942112185,1811.515471810833,1849.0118942112185,669757
2018-05-09,1800.8997802734375,1826.2220424038408,1796.9066780997696,1826.2220424038408,645553
2018-05-10,1789.5047607421875,1812.9277812367752,1770.6104342013189,1803.7241606935327,588792
2018-05-11,1812.9764404296875,1831.7246523438812,1780.4470515645403,1796.9065445032359,483249
2018-05-14,1815.8984375,1834.841390539667,1794.9101296453252,1814.5349072527713,642971
2018-05-15,1852.3720703125,1883.0997081403016,1806.158990817786,1816.628771972432,1570302
2018-05-16,1869.903076171875,1878.7172195472726,1824.0795885729426,1843.1686562950822,952836
2018-05-17,2012.6329345703125,2033.3777590462091,1856.4140273157157,1879.6910543047197,5581203
2018-05-18,2093.615234375,2115.139251417893,2011.8048523701177,2015.944068126317,8316734
2018-05-21,2050.56787109375,2092.9827149430716,2026.3170264175103,2069.608315148454,2376823
2018-05-22,2093.2744140625,2121.1287574534263,2054.9987965059026,2055.9727295848156,1963373
2018-05-23,2024.2225341796875,2092.0083755367887,2012.3405974791742,2092.0083755367887,1443827
2018-05-24,2040.146484375,2054.804225970117,2014.093772377372,2040.8769342440926,840932
2018-05-25,2060.8427734375,2095.8068822807086,2048.6686077153977,2052.0773741175863,1342145
2018-05-28,2040.3411865234375,2082.2690558058202,2031.8680157506512,2069.6079249707054,806190
2018-05-29,2022.956298828125,2052.0767999772443,2011.2203588002235,2050.128934006692,727259
2018-05-30,2063.423828125,2074.478066925636,2002.6504812750418,2009.5167590518963,1251508
2018-05-31,2054.9013671875,2089.086514351174,2046.2334576465348,2086.651681583865,1323397
2018-06-01,2023.248291015625,2064.737931350577,2011.9508110383508,2064.737931350577,604574
2018-06-04,2009.078125,2044.042230521003,2001.724882047203,2035.7150544029785,513152
2018-06-05,2045.8441162109375,2064.3001022649805,2001.4326684571397,2011.1720001771257,816879
2018-06-06,2104.328857421875,2116.2595401648105,2052.0774317849155,2066.6864310619794,1802977
2018-06-07,2112.899169921875,2139.925814133538,2103.841544306422,2115.382746945302,1489413
2018-06-08,2129.845703125,2162.0827461943336,2091.083118038991,2108.467681275589,3039595
2018-06-11,2191.6416015625,2199.6278050594165,2138.9517281681597,2152.392051884574,2059581
2018-06-12,2202.306396484375,2217.645844022077,2177.714583765202,2196.219314128144,1655167
2018-06-13,2172.8935546875,2212.386590617903,2167.682917337468,2210.8282025010776,1095372
2018-06-14,2184.775634765625,2193.297550202691,2139.731224598274,2176.7406859249622,1321341
2018-06-15,2224.07373046875,2231.816451086963,2172.9422425302755,2191.3494830774716,1637500
2018-06-18,2184.67822265625,2236.1506888049576,2175.961567831442,2212.7762913610036,1126877
2018-06-19,2211.41259765625,2221.541406811637,2168.9977634868733,2176.7404840964527,1151582
2018-06-20,2208.685302734375,2242.091252156106,2202.2085056249207,2215.6488285667283,1127273
2018-06-21,2198.60498046875,2228.358680865169,2191.446715659034,2217.645417976394,717023
2018-06-22,2275.15673828125,2280.95159336491,2191.885448258748,2207.906602117101,1714224
2018-06-25,2328.28466796875,2336.465611263516,2273.159956935826,2280.9514220838496,2393535
2018-06-26,2305.64111328125,2356.090668446614,2283.43538628929,2322.8309410677857,2337942
2018-06-27,2274.620849609375,2317.7661352883156,2262.0084629953863,2317.7661352883156,1069126
2018-06-28,2215.405517578125,2286.794859512614,2195.0504114265054,2276.0815956903657,1713003
2018-06-29,2236.491455078125,2259.5248786659367,2211.412676791208,2222.612907870802,1378421
2018-07-02,2239.608642578125,2254.363638774258,2221.6396185419953,2240.0468650615985,840376
2018-07-03,2260.596435546875,2273.1600786601684,2226.167801969786,2244.9160159861563,810667
2018-07-04,2270.627197265625,2283.8727805706194,2246.425105988225,2272.1855851050127,916379
2018-07-05,2273.310791015625,2291.701080142753,2265.7498359832257,2281.9450091332055,688785
2018-07-06,2288.481201171875,2297.554393547785,2267.3105777516143,2281.7496084139416,690617
2018-07-09,2290.774169921875,2305.554521381258,2279.9936644362792,2301.457019428833,551695
2018-07-10,2308.62744140625,2323.8955938414683,2292.676173605143,2302.432242428995,784134
2018-07-11,2298.139892578125,2323.89582152239,2287.7983633375334,2308.188453902969,594805
2018-07-12,2356.09130859375,2369.749808933424,2302.774472184803,2317.0670219089675,1396150
2018-07-13,2408.383056640625,2414.626844925117,2363.1147579296635,2374.4807201310705,1390485
2018-07-16,2411.992919921875,2438.4317232708418,2399.99290774609,2414.627010842103,1172644
2018-07-17,2408.919921875,2431.45653878456,2376.1884976670085,2414.627318082771,944686
2018-07-18,2428.0419921875,2461.505360902224,2411.066525165667,2417.7492903997286,1405478
2018-07-19,2458.724853515625,2475.115099684299,2299.993633230483,2442.8224108746776,4889817
2018-07-20,2654.968017578125,2678.041026227611,2426.1881922045823,2459.505073631988,7361274
2018-07-23,2688.57763671875,2728.772594767942,2650.7240400373607,2653.6508608397576,3551888
2018-07-24,2647.163330078125,2690.7240870471724,2621.6998922833623,2681.9436241090198,2778837
2018-07-25,2639.065673828125,2710.5288841637916,2626.3339552711964,2660.48019911759,1884105
2018-07-26,2616.236328125,2661.8459538382394,2590.041423968787,2629.260776410278,2185905
2018-07-27,2647.504638671875,2658.0412417911684,2601.9926679046816,2619.5047657218893,958703
2018-07-30,2612.67529296875,2656.187456228824,2600.968010102572,2649.3093799078883,822162
2018-07-31,2632.09033203125,2642.8220102626,2602.9686026510117,2606.8222031061123,711174
2018-08-01,2656.3828125,2704.0410719920615,2636.7730163393844,2648.773030190568,1584541
2018-08-02,2618.3828125,2659.7484519764757,2614.6266304619735,2648.089996541138,781173
2018-08-03,2615.89501953125,2642.9192849965925,2595.3584451503084,2634.13882225574,741852
2018-08-06,2630.48046875,2641.895023425177,2601.407331462961,2628.1876969430755,622905
2018-08-07,2680.333740234375,2687.3092343687713,2616.577733373405,2639.016692309866,1166483
2018-08-08,2744.52880859375,2750.8702542596907,2684.870534256754,2687.9924291013863,2113934
2018-08-09,2761.114013671875,2776.6263076465107,2731.6995583445346,2755.114125987488,1147083
2018-08-10,2739.943603515625,2768.1873803015956,2723.16320969928,2747.309484465086,877508
2018-08-13,2693.06591796875,2739.4560862150415,2687.017201194101,2739.4560862150415,809365
2018-08-14,2761.1630859375,2768.2850651960375,2695.895068132645,2695.895068132645,1051658
2018-08-16,2786.9189453125,2837.065047928172,2753.2116771094447,2762.9189187526076,2229727
2018-08-17,2781.650390625,2814.625952015303,2772.187051179024,2796.089420615549,688133
2018-08-20,2770.479736328125,2807.7478728367623,2767.1139401090913,2807.7478728367623,665480
2018-08-21,2801.748291015625,2812.6750420155995,2755.8947610209207,2771.553301347663,951549
2018-08-23,2823.26025390625,2838.040603853302,2801.260269652866,2818.5284649474697,1675920
2018-08-24,2845.45556640625,2871.601644330312,2820.5287590875632,2821.4555381314226,1327710
2018-08-27,2878.772216796875,2886.820974159774,2853.6991657398116,2867.6989826053155,976004
2018-08-28,2861.0654296875,2909.2603243608646,2854.4312538795252,2909.2603243608646,1233742
2018-08-29,2912.675048828125,2920.9677093255423,2858.5288538155773,2858.5288538155773,1402583
2018-08-30,2855.357666015625,2920.8695780099624,2849.699098018819,2920.8695780099624,1452996
2018-08-31,2786.9189453125,2882.772329411174,2771.7970373885364,2863.406435924754,1357206
2018-09-03,2657.602294921875,2809.7481588738333,2649.0657336752965,2809.7481588738333,2516840
2018-09-04,2679.3095703125,2709.8947070633626,2618.041402650672,2657.553486424606,2606992
2018-09-05,2650.626708984375,2697.3584297688694,2602.9196193314738,2673.3095729834217,1728455
2018-09-06,2618.626708984375,2664.8703831264006,2606.2363101748556,2662.4313657521316,1147879
2018-09-07,2677.260498046875,2684.284820327799,2607.407184551455,2632.577652875992,1264436
2018-09-10,2551.846435546875,2671.212051072542,2532.675852660453,2665.358408886116,1570179
2018-09-11,2537.309814453125,2603.6999160644355,2499.7489462972294,2557.065855496161,3357660
2018-09-12,2530.724609375,2572.6268832385767,2454.7249178062884,2554.0903498622756,2682340
2018-09-14,2607.017333984375,2618.0417422278047,2562.1882338460114,2566.3345641625638,1795131
2018-09-17,2541.066162109375,2595.1146962227476,2525.114891916739,2595.1146962227476,1455320
2018-09-18,2507.7001953125,2563.3586235821354,2496.5783705303334,2546.3343286768936,1449290
2018-09-19,2438.57861328125,2534.334348543813,2425.8468938305987,2521.9441868297195,1894557
2018-09-21,2321.359375,2494.6272864969933,2072.8234730699614,2468.285895517166,5750880
2018-09-24,2205.652587890625,2363.359380944514,2115.701660558044,2363.0666511763106,7798172
2018-09-25,2243.115234375,2273.505530832905,2127.408404231781,2180.481321893241,5537396
2018-09-26,2259.066650390625,2296.529860830375,2239.11553652121,2272.188515822617,2728756
2018-09-27,2150.43310546875,2266.725423247806,2138.6769923680586,2266.725423247806,2796294
2018-09-28,2115.11572265625,2193.164273307772,2065.3597716159047,2177.5545631774676,3831096
2018-10-01,2154.628173828125,2178.872104338669,2002.14074399983,2115.1160882315485,4821772
2018-10-03,2177.749755859375,2273.115333895293,2113.2134522887227,2146.335260143424,5567701
2018-10-04,2125.99365234375,2158.042433852973,2066.8720179079482,2116.0913377156867,4002718
2018-10-05,1973.9456787109375,2160.579344310946,1915.3604310808034,2107.3111071613575,3470441
2018-10-08,1926.6773681640625,2039.0185326701353,1865.555568713101,1943.4090512339278,5966669
2018-10-09,2010.5799560546875,2064.2383457205683,1900.1411625958592,1926.823992547542,4859016
2018-10-10,2215.5546875,2249.457031032888,2048.774717095413,2048.774717095413,7235957
2018-10-11,2109.360107421875,2175.6037311361542,2009.7505319015597,2048.7748140744056,5467086
2018-10-12,2231.554931640625,2263.4084072705414,2172.9208513333247,2172.9208513333247,3665577
2018-10-15,2249.94482421875,2263.1643467554927,2205.9450912645707,2263.1643467554927,2435413
2018-10-16,2252.530517578125,2304.383938966168,2229.506095056069,2268.286476755436,2528484
2018-10-17,2098.04296875,2311.457011723291,2080.8235995282243,2282.9205054057197,3811985
2018-10-19,2088.286865234375,2144.3842699299958,2003.8480284424259,2097.55513209713,4286790
2018-10-22,2063.750732421875,2164.8234928167426,2039.9946024421104,2134.6284983947094,3681946
2018-10-23,2032.5308837890625,2102.7745858905223,1948.8237578144306,2043.8966097577495,9064775
2018-10-24,2255.408203125,2281.9446646276906,2107.311019921254,2121.945124226262,10357295
2018-10-25,2278.042724609375,2290.725617722832,2201.7502921331875,2229.2623664806947,5201159
2018-10-26,2281.846923828125,2318.8225689086794,2222.9203612913975,2273.115289554469,3795831
2018-10-29,2322.383544921875,2333.651852969384,2258.530116899717,2281.8470280160545,2201145
2018-10-30,2298.87158203125,2364.773642392447,2293.017940203617,2336.5786961968,2202230
2018-10-31,2324.432373046875,2333.6518110345146,2250.6275647909015,2310.0421706167917,2808812
2018-11-01,2359.115478515625,2375.6031422162246,2314.5788742318828,2333.115407990449,2552134
2018-11-02,2325.1640625,2414.529515091469,2307.3104079011705,2383.407749049708,2367117
2018-11-05,2301.846923828125,2350.23712342854,2275.798266112114,2331.7005915293526,1625999
2018-11-06,2282.676025390625,2331.602611459974,2275.4566302969997,2312.1881312857276,1368682
2018-11-07,2291.114990234375,2306.8223555121785,2286.5296857585463,2302.432124765803,171467
2018-11-09,2317.407958984375,2325.7006176837403,2281.2128475047984,2292.334670956894,1327846
2018-11-12,2222.042724609375,2326.8228270831437,2214.6280157143547,2317.4083142728455,1479678
2018-11-13,2229.26171875,2252.0422346511605,2178.6278169986717,2214.6276155634573,2297710
2018-11-14,2237.993408203125,2258.5299811547848,2209.7496359894544,2242.920270701879,1456146
2018-11-15,2284.1884765625,2290.724995138147,2229.3594165646477,2231.212974395631,1577115
2018-11-16,2343.505859375,2358.237383354412,2282.920564504408,2284.871778662104,1918873
2018-11-19,2303.359375,2363.212961698671,2292.9692553813543,2360.9690178875835,1357795
2018-11-20,2322.0419921875,2334.578397478236,2288.5298011363348,2307.3102332675826,1237702
2018-11-21,2371.261474609375,2375.602877816788,2304.090842112392,2330.7249589750745,1514725
2018-11-22,2323.407958984375,2394.9199962891025,2302.4324094911294,2372.6761101196726,1604279
2018-11-26,2336.188720703125,2353.0665320006615,2289.7009021877893,2341.456903461789,1391434
2018-11-27,2376.0419921875,2380.383395648684,2317.066597377622,2336.5787371450124,1594955
2018-11-28,2353.700927734375,2389.2617584540476,2337.798484563296,2386.286109198655,1396260
2018-11-29,2445.359130859375,2456.188464654365,2357.8960519537536,2375.6032250718445,2861284
2018-11-30,2475.7978515625,2501.846510986411,2445.8955921018355,2476.0905813013696,2737341
2018-12-03,2447.456787109375,2493.2129054590764,2429.9935143590096,2485.8470238228474,1115592
2018-12-04,2481.50537109375,2486.8223819036757,2434.139600961032,2447.7980997239397,1329587
2018-12-05,2433.261474609375,2477.944083938268,2410.0419807479543,2477.944083938268,1327031
2018-12-06,2373.066162109375,2433.16364328006,2359.01751782325,2420.48075339929,1317472
2018-12-07,2425.7001953125,2436.8220181675533,2355.748993372989,2383.407542941981,1478720
2018-12-10,2337.114990234375,2384.285437573716,2324.2370277099676,2351.6514367334335,1399894
2018-12-11,2367.55419921875,2386.8224367523117,2275.2130953763312,2302.4324343901308,2189278
2018-12-12,2433.114990234375,2453.553908913162,2374.9689568961758,2385.3590760021884,1683197
2018-12-13,2428.38330078125,2467.2610939672463,2414.627147816545,2448.968464059545,1713161
2018-12-14,2425.7001953125,2450.7244158290036,2404.1391885774774,2427.55375305992,1204379
2018-12-17,2414.041748046875,2448.675794861414,2406.0906466579354,2437.651626846146,1019602
2018-12-18,2470.431884765625,2476.2855264978803,2386.920072296629,2409.4564500546353,1653107
2018-12-19,2533.5537109375,2564.9684467358525,2487.9440839051176,2488.578371363273,2946314
2018-12-20,2528.188232421875,2546.2369644055043,2469.847116341981,2497.5542636805526,1467028
2018-12-21,2528.041748046875,2559.895222699901,2470.91990809022,2551.212415298631,3042464
2018-12-24,2502.334228515625,2541.3099176156184,2490.7246008168795,2530.7244866897713,1050017
2018-12-26,2504.7734375,2519.944174719768,2442.6273162355624,2497.5540406254427,1662068
2018-12-27,2524.041748046875,2562.67588347929,2507.310181989826,2535.456541369171,1626301
2018-12-28,2570.529541015625,2579.310004595558,2522.871040643751,2539.5051887294653,1901581
2018-12-31,2580.626708984375,2601.2609395314407,2571.3098528696005,2592.138918990393,1453327
2019-01-01,2592.041259765625,2599.016753751772,2548.3828514584206,2580.480222850389,917872
2019-01-02,2550.28564453125,2597.065954718665,2538.431876019073,2570.8222204729063,1304915
2019-01-03,2523.11474609375,2583.407305621833,2512.480725192916,2548.2854540348294,1282478
2019-01-04,2513.212646484375,2548.1880171186017,2501.114975875465,2537.553995303607,1051021
2019-01-07,2491.309814453125,2541.4559126180047,2483.2610577241044,2537.553485113025,1024328
2019-01-08,2475.1640625,2519.0175543943146,2463.4567771968505,2497.5541980052076,1233379
2019-01-09,2462.773681640625,2497.358902938811,2448.773625598637,2483.8954783960676,1093992
2019-01-10,2453.309814453125,2480.431734116275,2443.6025733614174,2464.38304812638,910839
2019-01-11,2452.87109375,2468.2857321252345,2427.310237757938,2454.627234002802,818218
2019-01-14,2482.724609375,2490.626882744114,2423.553905056483,2454.578253645783,1021504
2019-01-15,2540.67578125,2549.261170755661,2488.7735348632573,2488.7735348632573,1466303
2019-01-16,2507.16357421875,2548.431556972215,2500.285497698077,2535.0169616318294,952597
2019-01-17,2474.041748046875,2523.4563865470845,2465.4077688265124,2511.2124708025744,994183
2019-01-18,2480.87109375,2492.6760344318077,2463.5054786572023,2482.9199638469477,753775
2019-01-21,2530.91943359375,2542.4316429294126,2464.968548468839,2485.8464413599936,1332159
2019-01-22,2557.944091796875,2570.7246397391564,2512.188215304868,2521.9442860439162,1474713
2019-01-23,2570.090087890625,2588.2850609871944,2547.3095718950485,2555.114426960219,992504
2019-01-24,2571.358154296875,2588.772832218468,2539.602341193797,2574.6265325888585,753856
2019-01-25,2536.138916015625,2596.0899112367047,2521.943788255123,2584.3826286606654,916927
2019-01-28,2398.529541015625,2546.333984970828,2297.5542278185058,2546.333984970828,2364047
2019-01-29,2454.1884765625,2507.4078912556297,2313.798472617984,2407.7983115374263,6118833
2019-01-30,2532.18798828125,2559.7000582591113,2483.895441403992,2517.0660796631187,3879707
2019-01-31,2512.0419921875,2544.3832717051755,2464.3834909230345,2544.3832717051755,2083418
2019-02-01,2564.285400390625,2622.334018177892,2512.188080709453,2512.188080709453,2117768
2019-02-04,2531.1630859375,2559.5533398914863,2509.4558340259064,2546.3338197419803,942113
2019-02-05,2540.09033203125,2577.6511993361933,2530.6755821202664,2536.5780517623866,1010817
2019-02-06,2645.114501953125,2653.651063278008,2548.383162328712,2555.114755413641,1798461
2019-02-07,2630.82177734375,2664.3825609034234,2618.626690558216,2658.528919246367,1760580
2019-02-08,2641.1142578125,2670.675196016584,2604.8705549161537,2604.8705549161537,1510785
2019-02-11,2592.382568359375,2658.2360331267087,2570.724143139618,2658.2360331267087,1194702
2019-02-12,2557.846435546875,2611.846139142221,2552.480597140626,2602.919430522308,1200370
2019-02-14,2545.553955078125,2558.0417733861823,2494.5296569650504,2517.017447880739,1214126
2019-02-15,2498.627197265625,2546.334284564376,2444.871155984033,2546.334284564376,1640696
2019-02-18,2487.26123046875,2498.5295390099755,2451.163771295236,2485.8954759363064,1154520
2019-02-19,2497.358642578125,2543.358413602735,2482.9196125185636,2488.7732540412007,1148339
2019-02-20,2542.578125,2551.0172685847333,2508.2856337220687,2521.944131922033,1038127
2019-02-21,2589.944091796875,2595.11485700617,2529.798010027986,2546.334502551167,1139823
2019-02-22,2575.992431640625,2608.7729196220316,2568.187576234127,2587.8461987004152,825672
2019-02-25,2592.919677734375,2609.748899610367,2549.9929668622794,2574.6270452604704,1024040
2019-02-26,2592.919677734375,2612.6757208061917,2536.5783697147494,2572.968560886567,1618996
2019-02-27,2577.553466796875,2630.870289373046,2560.968149258818,2604.870460388969,1147839
2019-02-28,2584.3828125,2601.94373761325,2565.8462804360133,2601.553590107072,1136843
2019-03-01,2595.8466796875,2609.0662039795575,2575.6028316734005,2598.3345255142517,707094
2019-03-05,2629.407470703125,2642.285675414204,2580.0907206506286,2590.236939565376,847307
2019-03-06,2699.211669921875,2706.5287219628235,2634.138734741431,2648.772838823328,1543424
2019-03-07,2668.090087890625,2714.4314206798763,2658.5290915938867,2707.2606139109967,859851
2019-03-08,2700.77294921875,2711.2118966497537,2650.3341141437595,2658.4314618258823,1178087
2019-03-11,2722.968017578125,2739.4556809224446,2701.455835175581,2701.455835175581,1169075
2019-03-12,2685.894775390625,2747.943234824168,2678.528895242519,2740.284863137764,1385335
2019-03-13,2759.162841796875,2768.723838034008,2681.7973972445284,2692.6753200204903,1549296
2019-03-14,2739.602294921875,2765.846029700283,2719.1145465537247,2762.919208504833,896055
2019-03-15,2790.9677734375,2828.284741831797,2746.3337524168705,2750.0411067179407,2091562
2019-03-18,2858.08935546875,2869.3576632500126,2775.601741148356,2801.9431284984453,1819986
2019-03-19,2849.650146484375,2890.625636968081,2839.0649543539203,2858.5282646966243,1480565
2019-03-20,2798.626220703125,2862.9674520774456,2788.089617898168,2853.4552842175376,1406862
2019-03-22,2767.455322265625,2824.869885775939,2747.3091342928833,2798.04069501136,1250876
2019-03-25,2780.284912109375,2792.187270025883,2732.675242258036,2735.602063295799,1066757
2019-03-26,2862.7724609375,2870.2357591226896,2789.2603791066517,2790.2359860947968,1570637
2019-03-27,2873.40625,2940.625470785645,2860.967261904762,2878.0403828197946,2419656
2019-03-28,2922.7724609375,2926.821134899986,2868.3335401912977,2868.3823681806084,1366945
2019-04-01,2928.235595703125,2972.089082913602,2918.0405501442624,2956.28429707947,1109000
2019-04-02,2980.67431640625,3001.9425956275395,2925.211204016344,2951.015960296851,1136238
2019-04-03,2971.698974609375,3013.650076352055,2964.04036424967,2998.040364075709,1052752
2019-04-04,2965.30859375,2990.2353997767154,2943.8452401463824,2985.3573648668025,772776
2019-04-05,3038.23486328125,3048.7714651016954,2971.796178424916,2973.64973620159,1244408
2019-04-08,2950.333251953125,3053.6499389587907,2944.3819539225656,3046.8206898940266,1642189
2019-04-09,2935.308837890625,2974.7235050067234,2906.772332123455,2942.9674483877334,1733324
2019-04-10,2925.21142578125,2962.9185421148773,2913.1625837191386,2937.6504153801848,994899
2019-04-11,2973.503662109375,2980.479156350123,2919.015920065325,2934.6256308678135,1016712
2019-04-12,2935.40625,2987.308492301026,2928.0891978470745,2977.552422763792,1048138
2019-04-15,2948.528076171875,2959.0158507831243,2928.723207641017,2954.7232755186815,651634
2019-04-16,2958.5283203125,2982.7234223085893,2944.382018368714,2944.382018368714,1021478
2019-04-18,2940.918212890625,2971.698658649942,2921.942706059283,2964.5766805440267,658826
2019-04-22,2918.284423828125,2936.5770549845906,2902.4308101591882,2936.5770549845906,662157
2019-04-23,2961.01611328125,2983.8940501055176,2914.186976643988,2919.0161837226447,991968
2019-04-24,3017.60107421875,3023.405887837787,2958.0402232733686,2960.9670440747605,990580
2019-04-25,3005.84521484375,3038.430393888284,2997.6988009899633,3024.1866743727496,1240564
2019-04-26,3021.30908203125,3029.2601849882435,2970.7237562928185,3013.6504706694636,613807
2019-04-30,3020.430419921875,3043.893815721791,2965.845256344309,3016.576819939672,900968
2019-05-02,3055.357421875,3072.1378157343042,2985.357615051489,3019.50386228247,895830
2019-05-03,3035.942626953125,3087.796041828513,3026.625532807547,3053.7474540505564,730728
2019-05-06,2960.2841796875,3018.5278662505584,2952.1865944648316,2991.2108719858475,966487
2019-05-07,2943.455322265625,2994.9185945801896,2934.235883203681,2978.430692387177,970264
2019-05-08,2850.040771484375,2943.40631357524,2829.2602947856135,2938.52827858423,1155023
2019-05-09,2898.8701171875,2918.8212338185735,2814.6263527420474,2829.2604585621966,1745234
2019-05-10,2851.55322265625,2922.918784623514,2829.2605058104773,2897.6506567595416,1630089
2019-05-13,2860.33349609375,2885.796696041647,2835.1139597120723,2858.4308718836214,1356229
2019-05-14,2811.553466796875,2870.1873116464953,2778.626726581773,2856.528812001712,1861760
2019-05-15,2929.50390625,2949.503849661248,2800.77261080832,2849.7480343539255,2453670
2019-05-16,3034.1865234375,3052.674227996199,2936.8208995927002,2940.4794257528106,3644672
2019-05-17,3220.576416015625,3235.112865280913,3045.8939321516195,3060.479209404772,5848716
2019-05-20,3324.429443359375,3360.5268997845856,3261.453968364282,3307.307494093603,2724859
2019-05-21,3349.5517578125,3402.917416215281,3292.6738187289484,3334.673750187132,2884997
2019-05-22,3364.77099609375,3375.1613538917313,3315.161521446858,3358.039402849669,1566812
2019-05-23,3295.3564453125,3432.1853229544445,3273.7954359857117,3409.7463626281365,2406205
2019-05-24,3383.30712890625,3390.2340332843396,3308.575782047756,3317.0635145803612,1568523
2019-05-27,3364.86865234375,3399.941677496412,3356.088189058423,3395.112470326544,932000
2019-05-28,3326.62451171875,3383.551032388778,3304.1367246550167,3383.4047866254073,1627768
2019-05-29,3326.088134765625,3349.2588008067432,3301.9418617333013,3319.990591070594,921278
2019-05-30,3396.721923828125,3404.5756076014336,3317.1125377060157,3325.746516509845,1175111
2019-05-31,3382.52685546875,3444.868042527548,3364.5755451878526,3412.136382648407,2172866
2019-06-03,3425.405029296875,3443.795078466206,3375.600243956354,3375.600243956354,1241133
2019-06-04,3445.014892578125,3463.405181562807,3423.941922271924,3428.7711297471787,1051400
2019-06-06,3368.72216796875,3446.8195565343635,3361.4051154145445,3446.8195565343635,1314916
2019-06-07,3423.84423828125,3433.1613335840516,3336.5274041363873,3368.917511735182,1285044
2019-06-10,3433.746337890625,3470.9656479909313,3420.4779880138303,3460.429045228217,983274
2019-06-11,3465.2099609375,3477.063491201562,3425.6002198320666,3450.722101116702,903155
2019-06-12,3420.33154296875,3453.5995953216097,3397.0632231478053,3453.5995953216097,1214470
2019-06-13,3458.0390625,3464.380508093525,3414.624550359712,3419.5025854316546,880318
2019-06-14,3432.575927734375,3482.7222756201727,3415.6004594567926,3467.258807800372,864641
2019-06-17,3381.941162109375,3443.697123654267,3371.697290134141,3442.916590533386,953460
2019-06-18,3423.69775390625,3443.892771530002,3384.4295714546683,3389.2587785538885,1083527
2019-06-19,3439.50244140625,3461.453598669515,3414.722119147618,3452.6731357642093,873941
2019-06-20,3495.16064453125,3501.4532615743697,3421.843641044065,3433.160776673226,1107005
2019-06-21,3478.868408203125,3511.209685834086,3463.40494157016,3509.3561277592003,1058266
2019-06-24,3458.868408203125,3492.575439850629,3446.8683943429755,3475.1121696456225,543703
2019-06-25,3492.526611328125,3498.526498755444,3444.234067633648,3458.8681717834893,827869
2019-06-26,3539.453125,3546.3312015148235,3476.0875023376384,3482.7705051029156,978806
2019-06-27,3553.35595703125,3569.7462031413315,3531.7951840940045,3546.331633894162,1135142
2019-06-28,3591.306884765625,3603.1604140853306,3541.160543984284,3563.355602380125,1200036
2019-07-01,3608.77001953125,3625.3553372744323,3595.111522566276,3598.7212205556766,913884
2019-07-02,3620.5751953125,3629.2580022480593,3580.5264807420303,3608.770255461175,706478
2019-07-03,3624.77001953125,3639.306706209073,3604.867732735596,3623.404265055481,605040
2019-07-04,3641.453369140625,3658.428836792967,3614.770420645869,3639.014351478776,743616
2019-07-05,3628.4287109375,3670.2335665321702,3616.038549564737,3642.916570290038,776280
2019-07-08,3330.03955078125,3634.087388930758,3292.673753584986,3634.087388930758,3857132
2019-07-09,3515.209716796875,3536.5754150647995,3255.0151364009666,3326.8199076885426,5196125
2019-07-10,3345.405029296875,3512.1361602707475,3328.770883312666,3512.1361602707475,2909584
2019-07-11,3372.77001953125,3445.6777275734335,3290.1867296287555,3381.516959321074,2712241
2019-07-12,3300.88818359375,3391.2900065345116,3289.6490380389528,3391.2900065345116,2696678
2019-07-15,3334.703369140625,3361.9704174925487,3277.530325703615,3321.4117627466358,1618073
2019-07-16,3370.473388671875,3386.3058777534593,3328.7909103715474,3355.520389527066,1685856
2019-07-17,3384.7421875,3402.7736393546816,3361.97065251098,3361.97065251098,915547
2019-07-18,3388.993408203125,3440.1560517433245,3365.879955171594,3381.5170281340634,1320464
2019-07-19,3247.722412109375,3421.831350616813,3189.0833886071946,3397.1540948929787,3033909
2019-07-22,3172.95751953125,3240.7832249993494,3092.8661991892204,3240.7832249993494,3692023
2019-07-23,3202.5703125,3222.5566380956634,3135.379761813085,3183.121797633202,2223691
2019-07-24,3101.564453125,3219.282239574683,3063.88883456789,3199.833726464633,2767989
2019-07-25,2977.396484375,3169.8301219958967,2928.2373875278804,3126.339511933633,10290577
2019-07-26,3190.549560546875,3203.645514493858,2926.0874528354516,2977.396601557516,6945080
2019-07-29,3178.8701171875,3225.1461736351685,3107.868130957526,3198.514284777121,3478473
2019-07-30,3176.2314453125,3224.16889352638,3158.004578078786,3186.0535292197633,2284905
2019-07-31,3178.2841796875,3193.530183558818,3088.4199184539075,3159.715154454994,2438130
2019-08-01,3149.013427734375,3187.030966328886,3102.004381210636,3157.711454219145,1892516
2019-08-02,3164.45458984375,3212.9785216105,3049.229012041376,3116.66388442306,3356019
2019-08-05,3088.37060546875,3127.21895586526,3071.707303049817,3127.21895586526,2013371
2019-08-06,3198.02587890625,3212.4413061241785,3081.6273169122246,3088.370948060601,2005139
2019-08-07,3191.72216796875,3249.5792913911537,3178.5283873871617,3200.7134373852714,2398910
2019-08-08,3259.05908203125,3283.7852508369797,3187.030863981962,3215.3730581112095,1587742
2019-08-09,3342.131103515625,3371.3530267813953,3264.238981527285,3283.736409160459,2101757
2019-08-13,3148.76904296875,3346.333589811633,3135.282019915422,3342.131078762747,1900694
2019-08-14,3215.32421875,3254.367987636227,3171.39386455629,3195.777877520069,2770237
2019-08-16,3261.502197265625,3282.7099281367628,3179.5543111686056,3206.1861990314464,1758154
2019-08-19,3252.559814453125,3302.354066732577,3235.8965122674053,3288.573801909717,1432842
2019-08-20,3219.38037109375,3258.766059543885,3161.865164022088,3251.5340084078466,1688717
2019-08-21,3187.470703125,3246.5983857281844,3172.566617840726,3215.275325983954,1552801
2019-08-22,3043.462890625,3185.0760250166322,3028.1677367878165,3185.0760250166322,2506194
2019-08-23,3102.346435546875,3127.4145221347444,2929.9964804249885,3047.2745250050416,3143787
2019-08-26,3248.846435546875,3263.066447360754,3110.8493059494804,3199.736250276143,2950017
2019-08-27,3281.58642578125,3320.92343825618,3264.3368747582094,3275.9668525705456,2225937
2019-08-28,3250.898681640625,3286.3750998581645,3221.9700013688343,3272.839401806842,1250915
2019-08-29,3224.4619140625,3254.4654972020357,3201.690381031192,3248.3083525948823,1529926
2019-08-30,3256.9091796875,3271.080277393567,3186.0536911571644,3235.0660474373717,2118953
2019-09-03,3184.587890625,3239.8063088604804,3160.8390364774955,3228.0785032175463,1199726
2019-09-04,3176.52490234375,3200.078339880553,3135.2332548938543,3192.894963758797,1879349
2019-09-05,3218.011962890625,3230.0330109241568,3169.2439351108355,3211.463986050463,1501226
2019-09-06,3296.490478515625,3311.150234571876,3223.1916982343705,3254.465844487706,1700894
2019-09-09,3359.381103515625,3371.7440696632652,3276.113493869517,3297.4679684185094,1802551
2019-09-11,3338.906005859375,3377.607858006825,3308.5115875673505,3367.1995264549573,1301112
2019-09-12,3305.628173828125,3351.219915381043,3294.1446993440986,3325.321015480898,1164086
2019-09-13,3349.607421875,3358.061118247872,3296.0014904804857,3312.127220530279,1328363
2019-09-16,3341.300537109375,3371.6949546145524,3305.5795507272846,3317.9914297099103,1179767
2019-09-17,3291.994384765625,3356.106473408719,3277.9211158453245,3347.2617071138047,1361872
2019-09-18,3336.413818359375,3385.91483019181,3311.63873635588,3329.719101302784,1853668
2019-09-19,3285.788818359375,3348.6790270338124,3264.5321726338816,3348.28819565699,1237692
2019-09-20,3618.222900390625,3664.938700074801,3208.1895109057,3308.511242750749,5648086
2019-09-23,3932.479248046875,3977.6801589439656,3678.5233321385417,3733.3509108515846,4011002
2019-09-24,3871.885986328125,3933.7012923507805,3837.9242174065876,3933.7012923507805,2189604
2019-09-25,3841.73583984375,3908.1934051848607,3801.7636643664737,3870.1758639823224,2414729
2019-09-26,3910.05029296875,3923.928148038262,3855.613778336701,3865.2891221647137,2388165
2019-09-27,3965.3662109375,3992.3402576912968,3899.495135419406,3915.1322086441455,2024478
2019-09-30,3954.273681640625,4018.483363841483,3939.5650123779455,3973.673281841812,2256361
2019-10-01,3901.840576171875,3996.3473277556923,3856.7864023910247,3987.4536469745067,1615506
2019-10-03,3869.980224609375,3914.105995370216,3842.664259919197,3894.6085673271186,1245840
2019-10-04,3815.39697265625,3913.177594382292,3804.0113240977325,3888.744667344441,1478266
2019-10-07,3812.416015625,3868.4652443352725,3732.8135889816085,3791.990184556523,1406152
2019-10-09,3932.625732421875,3943.4740464293727,3792.038826865113,3826.1960078738525,1356600
2019-10-10,3859.3271484375,3923.927899965217,3841.833268932321,3922.6084265253576,1102788
2019-10-11,3883.075927734375,3923.927826802465,3835.9692951929455,3888.744414158657,1623866
2019-10-14,3795.215576171875,3915.4255805494695,3765.651733631857,3897.5406297385825,1768352
2019-10-15,3791.45263671875,3827.173623133263,3755.8294774517694,3806.649964786532,1394894
2019-10-16,3925.29638671875,3940.5426292372813,3811.536769351537,3821.3099405550024,2381769
2019-10-17,4013.6455078125,4023.809986992586,3910.245553832095,3928.8634915302855,2103593
2019-10-18,4043.7958984375,4103.754396407701,3987.453664525702,4007.0000060184752,1836213
2019-10-22,3942.643798828125,4124.131780488063,3909.366341482158,4070.5258405442114,5034755
2019-10-23,3946.748779296875,4016.773457141437,3877.994422855772,3997.178200706595,2442249
2019-10-24,3934.824951171875,3987.453569832473,3921.5335824341105,3969.861862906742,1267557
2019-10-25,3896.8076171875,3971.670202684818,3811.5366999890275,3946.211044442535,1758098
2019-10-27,3888.646484375,3923.927723230464,3865.2887037052265,3923.927723230464,214691
2019-10-29,3955.4462890625,3967.907081004077,3872.569758467769,3899.4948899522824,1335515
2019-10-30,3901.449462890625,3982.5178602970163,3894.60824389257,3982.5178602970163,1338554
2019-10-31,3936.193359375,3958.1340795770343,3904.3816414593216,3913.3729106602705,1251220
2019-11-01,3977.533935546875,4016.7731200989365,3929.791901683169,3937.6104381699793,1875612
2019-11-04,4019.705078125,4082.74202865723,3983.6908489301954,3994.294834499605,1863158
2019-11-05,4131.900390625,4158.483602420456,4041.2055689796907,4077.3662959572603,2934652
2019-11-06,4093.150634765625,4182.917308426129,4081.9114877920497,4163.37096586339,2076695
2019-11-07,4129.99560546875,4143.042884330694,4093.1997117118335,4109.3254440297,1141603
2019-11-08,4065.101806640625,4143.824508244004,4053.9113349519175,4124.278166223986,1509693
2019-11-11,4074.4833984375,4093.003747153679,4048.9266533848086,4065.6388701431,769302
2019-11-13,4050.53955078125,4080.2990484962484,4038.2744115895803,4072.38268424247,899015
2019-11-14,4115.0419921875,4125.255145939921,4026.936958179081,4063.6841736124593,1383629
2019-11-15,4092.61279296875,4150.909656981147,4080.835836713894,4124.473422830391,1193171
2019-11-18,4060.654296875,4114.064575339415,4051.1254561507753,4103.754071899531,927364
2019-11-19,4041.93896484375,4087.286380245587,4032.6544529254725,4070.5254883816037,829535
2019-11-20,4044.67529296875,4087.1399097425005,4033.7783032846583,4046.0925935757896,813879
2019-11-21,4030.11376953125,4065.6393433693675,4018.728120176644,4046.0930003723993,702853
2019-11-22,3985.7919921875,4049.8060174600027,3949.3380201532295,4036.3192336631623,1222615
2019-11-25,4047.75439453125,4055.035120549961,3970.1552741935925,4007.0000808752256,1389304
2019-11-26,4005.387451171875,4079.272716033186,3994.294807147169,4050.979196384883,1502727
2019-11-27,4024.933837890625,4031.3350737965516,4002.113388937493,4027.523632676778,485064
2019-11-28,4009.0029296875,4045.1636579724013,3972.793526435788,4026.5459603728036,969708
2019-11-29,3981.78515625,4041.20608178741,3970.2040921398107,4002.1133990131666,831983
2019-12-02,3860.842041015625,3984.8637161700153,3831.1806121049685,3982.5669256919964,2065404
2019-12-03,3874.622314453125,3904.3815705683123,3798.3426718432406,3850.5802198540655,1984382
2019-12-04,3900.32568359375,3913.2751339722463,3845.7424331610114,3868.2207243840617,1430830
2019-12-05,3900.32568359375,3942.4968171210976,3877.99389448104,3900.32568359375,1255304
2019-12-06,3862.014892578125,3936.4377303958763,3838.3149537020945,3919.0414388817762,1171355
2019-12-09,3855.369140625,3881.3656301874844,3792.234365710932,3879.5577368627028,1268942
2019-12-10,3896.41650390625,3904.3815422747803,3856.004349197784,3860.402275841147,1159480
2019-12-11,3945.2333984375,3963.020520500694,3893.679925575253,3910.734059872633,1365981
2019-12-12,3965.121826171875,3972.7938605565046,3919.090335672494,3958.1341046134917,1087056
2019-12-13,3979.586181640625,3996.493814613447,3949.4360932975483,3977.6804610813056,861656
2019-12-16,3947.8232421875,3995.223118299481,3940.102533066047,3995.223118299481,826069
2019-12-17,4041.93896484375,4060.752317941312,3955.1531636133986,3964.9263340536904,1379484
2019-12-18,4025.911376953125,4064.515403224193,4008.0261873193563,4046.532863642846,1109775
2019-12-19,3999.03466796875,4050.9789711565804,3992.6331938884646,4019.7535020768983,736104
2019-12-20,4041.7919921875,4050.978675890754,3988.4303923546845,4013.8406325412125,1054234
2019-12-23,4065.638427734375,4089.094034048227,4036.3189198420596,4044.7239408789633,1137879
2019-12-24,4045.6044921875,4085.870151140333,4032.068553717791,4063.6848601318093,751979
2019-12-26,4092.124267578125,4101.262277329739,4039.495649610778,4055.8170350368937,1265020
2019-12-27,4156.18798828125,4163.3713653033665,4096.913794214017,4102.77769754543,1126648
2019-12-30,4147.04931640625,4184.431694190942,4134.051190307146,4177.883956170316,831910
2019-12-31,4138.693359375,4169.625348431012,4122.909784527693,4150.665493185105,779608
2020-01-01,4135.3212890625,4155.551942127712,4125.255114703921,4141.673849651359,407042
2020-01-02,4149.73681640625,4198.309664054711,4138.937654023558,4143.824239211308,863844
2020-01-03,4098.3310546875,4138.742739650443,4078.344726814254,4124.278635791074,1176850
2020-01-06,3906.04345703125,4108.6413526100605,3893.4361610716487,4069.5486660961683,2866735
2020-01-07,3916.744873046875,3999.181667823512,3905.554639707668,3963.020934267923,2149042
2020-01-08,3958.08544921875,3968.249690497247,3860.4026501340227,3860.4026501340227,1630576
2020-01-09,4030.651123046875,4053.911077692384,3987.453519041689,4012.765934910175,1419388
2020-01-10,4050.83251953125,4090.9511920599766,4024.5914622732253,4036.4170935796888,1106624
2020-01-13,4070.03662109375,4087.3839977354633,4051.9562567066127,4073.4572305723977,645152
2020-01-14,4097.890625,4107.07731035425,4056.305973026595,4075.4123315645124,703434
2020-01-15,4111.8173828125,4124.2781758794345,4075.460995687904,4094.9099878078478,616976
2020-01-16,4124.52197265625,4134.002138216457,4093.003500144393,4094.958134098617,578728
2020-01-17,4135.76171875,4145.779219220772,4106.686534456785,4121.34629124328,671129
2020-01-20,4058.406982421875,4156.480846371525,4031.579437822054,4133.07391153533,848639
2020-01-21,4044.724609375,4091.1471712103694,4023.663139734745,4055.817253802047,897922
2020-01-22,4048.2431640625,4091.5381215825205,4029.820640915217,4091.049463022676,797901
2020-01-23,4032.21484375,4069.402047051361,3992.3404955336546,4029.478546654898,1154522
2020-01-24,4099.3564453125,4110.253435189114,4017.7504700631034,4026.546323682799,864892
2020-01-27,4069.89013671875,4112.5499282472165,4059.7748103467056,4079.321150309858,782155
2020-01-28,4117.43701171875,4152.620427911932,4056.0125355070286,4056.0125355070286,1052764
2020-01-29,4318.76416015625,4343.197087063674,4119.489303740421,4148.613161731829,4581413
2020-01-30,4265.3056640625,4383.268052019191,4246.297129067804,4362.7443888993685,3577774
2020-01-31,4266.86767578125,4319.838441619419,4235.495708456634,4270.874770434888,1736927
2020-02-03,4260.466796875,4277.618518688519,4153.792745835211,4153.792745835211,1094181
2020-02-04,4416.740234375,4446.792734725065,4277.863381218619,4288.418692055177,1958323
2020-02-05,4425.4873046875,4436.970780149541,4376.083640950853,4412.586528605352,1285631
2020-02-06,4560.50390625,4571.7430532973285,4422.360033840187,4425.487639553,1846477
2020-02-07,4548.7265625,4580.587193824122,4521.166507967506,4558.158053812663,950326
2020-02-10,4614.64599609375,4626.618127920329,4534.7503408429075,4554.296678518955,1160879
2020-02-11,4641.62158203125,4676.462845091161,4628.574301849893,4629.551619058899,1167429
2020-02-12,4660.5322265625,4673.7260073584575,4614.891327297201,4661.802547905051,882964
2020-02-13,4686.57763671875,4691.708551478196,4627.596454471429,4657.893284479584,681039
2020-02-14,4673.28515625,4705.780943659486,4659.847048674648,4691.121189940921,731118
2020-02-17,4668.3017578125,4689.1675739086795,4642.305026801143,4673.2861705997975,716484
2020-02-18,4650.07421875,4663.707981585054,4594.953636188275,4661.21553694776,728611
2020-02-19,4767.4013671875,4776.148545891663,4671.673446007263,4676.46220423401,1172049
2020-02-20,4769.74755859375,4811.723042833171,4743.653000446616,4757.481942338753,1634643
2020-02-24,4694.98291015625,4765.398419879473,4643.429430531836,4730.215002505466,1263389
2020-02-25,4716.4833984375,4739.8898554125535,4675.484757393753,4739.8898554125535,959309
2020-02-26,4700.89501953125,4728.015567720853,4659.114715563483,4705.781604790638,851346
2020-02-27,4651.8330078125,4705.781094103756,4605.215275820404,4705.781094103756,1174870
2020-02-28,4364.5517578125,4534.751438898123,4213.947094109694,4534.751438898123,4941410
2020-03-02,4261.8349609375,4513.201075560619,4207.984700651431,4495.658045132718,2238216
2020-03-03,4363.0732421875,4383.497233832602,4231.7624872569795,4310.078768936232,2023503
2020-03-04,4198.80078125,4404.90084061516,4138.655679578864,4374.7304769228895,2472991
2020-03-05,4242.1953125,4278.291840337989,4185.821153113652,4221.918159254072,1833295
2020-03-06,4139.4873046875,4151.388902080423,3954.0069144048193,4040.6982588678015,3312238
2020-03-09,3944.505615234375,4043.147593488767,3864.52412685974,3986.8227027254466,3545627
2020-03-11,3948.27685546875,4034.723319671088,3903.559884944113,3931.9672216225017,2793683
2020-03-12,3658.032470703125,3790.8611167087743,3553.9538653639684,3781.114509262549,5272619
2020-03-13,3871.77294921875,3960.864183062692,3213.9961966710566,3369.6977345704613,4849917
2020-03-16,3597.201416015625,3755.106975990332,3526.427965867316,3755.106975990332,3140467
2020-03-17,3374.44873046875,3658.3750095506193,3332.4743473932795,3626.4413894537356,2558548
2020-03-18,2998.786376953125,3457.858648296674,2957.203721150516,3418.6761140383546,5443580
2020-03-19,2689.979248046875,2990.656196984773,2433.921222310844,2742.777621602226,8324713
2020-03-20,2891.573486328125,2981.791383032412,2568.0726307938103,2742.631043026893,6110189
2020-03-23,2219.83740234375,2644.8210597760217,2179.5284659265362,2602.4549446518317,4844235
2020-03-24,2423.635498046875,2516.1552050093333,2061.637828367598,2421.4805065913133,6257221
2020-03-25,2532.759033203125,2644.820982118324,2350.951984105177,2399.9301504407013,6226355
2020-03-26,2736.606201171875,2876.487901419165,2512.629127188401,2583.402582280359,5096124
2020-03-27,2490.34423828125,2977.8729256858155,2448.9086559916245,2894.6100313821003,7170609
2020-03-30,2196.279052734375,2365.0576243159717,2180.5079873540367,2341.2054005595833,7698355
2020-03-31,2170.5166015625,2292.1783264434875,2057.0831134749246,2257.9916598847963,11043111
2020-04-01,2173.993896484375,2240.1632058035407,2089.065567406223,2135.447985129022,6408301
2020-04-03,2162.385986328125,2295.802460055254,2138.435711455885,2222.433264492187,6172672
2020-04-07,2207.29931640625,2239.28196623907,2038.961247911909,2199.119866232157,11161478
2020-04-08,2285.223388671875,2325.483540573978,2100.3307946182363,2139.3664922550834,9109339
2020-04-09,2499.69873046875,2513.706294493034,2318.724408788076,2342.1358762570585,7193246
2020-04-13,2240.554931640625,2468.499238054556,2219.641161879973,2468.499238054556,8183199
2020-04-15,2137.84814453125,2319.6061854851296,2124.085230608916,2297.0762267578666,9333628
2020-04-16,2174.630859375,2204.0177628800675,2078.633641258446,2101.163600612331,7246740
2020-04-17,2260.979248046875,2327.3446708037036,2189.5201432555614,2306.87189066172,10191546
2020-04-20,2261.0771484375,2297.5658839641096,2218.711032691839,2277.484834882351,5403177
2020-04-21,2056.837890625,2164.8347366501966,2042.3893329935113,2164.8347366501966,7383985
2020-04-22,2104.3466796875,2125.652179644769,1981.019646824329,2017.8511998468348,9062723
2020-04-23,2128.052001953125,2173.7487682072474,2068.8374550127523,2115.856488081224,7144006
2020-04-24,1935.8621826171875,2070.307260195535,1929.7889373254957,2070.307260195535,10494451
2020-04-27,2002.276611328125,2042.3896846422942,1876.5006471213624,1959.1267958199464,14495247
2020-04-28,2182.565185546875,2198.2381990732797,1993.4114078895955,2038.471321778009,14756344
2020-04-29,2249.51806640625,2326.4628105605,2155.0882610401873,2155.0882610401873,15060154
2020-04-30,2270.725830078125,2369.5146475105826,2244.326407256126,2316.7162801689874,8883305
2020-05-04,2037.1490478515625,2157.1945973467064,1987.0934986856225,2155.039605571382,7312745
2020-05-05,1961.4285888671875,2091.367687112756,1956.187949023032,2086.469870515302,11521209
2020-05-06,2063.20556640625,2088.3312738452537,1912.4507238941305,1968.9225820660238,13149696
2020-05-07,2018.4393310546875,2125.5056542271595,2006.488705882412,2056.0544684513084,7770204
2020-05-08,1982.7833251953125,2086.4700895323,1973.8202959660018,2086.4700895323,6966375
2020-05-11,1973.869140625,2049.9321377192955,1954.5227648116474,2027.6960979058344,7654990
2020-05-12,2027.402587890625,2037.4921400683293,1936.6950290315544,1949.0375055803047,10336527
2020-05-13,2116.885498046875,2194.172953355636,2101.163457909199,2174.630711682248,9441185
2020-05-14,2068.837646484375,2212.7844225892118,2053.948332464915,2114.877120624889,14307531
2020-05-15,2043.81005859375,2092.9353078081617,2013.9824001570773,2076.6254333044803,8026726
2020-05-18,1898.981689453125,2050.667066505232,1886.639213838464,2047.2876204166096,10820571
2020-05-19,1924.79296875,1962.604209956171,1882.916635276474,1919.944177967518,9413514
2020-05-20,2001.0521240234375,2017.9005663589094,1895.455143642956,1929.739862003423,16318508
2020-05-21,1949.5267333984375,2035.0916789937542,1934.147638195165,2016.9207328659634,9879542
2020-05-22,1856.56640625,1965.9835811472897,1827.1304806850933,1934.6375549406562,16195094
2020-05-26,1791.6212158203125,1894.230468065899,1784.3235173094558,1878.8023466065388,9869295
2020-05-27,1896.8753662109375,1906.2302438607414,1746.561420762437,1792.6008973613345,17335246
2020-05-28,1907.8955078125,1942.4741422393377,1887.6185940974299,1914.0668048087068,9051775
2020-05-29,1913.723876953125,1939.5353461547616,1852.3542119084113,1874.884167949603,10361847
2020-06-01,2116.689697265625,2180.8998876857277,1956.2371623386723,1956.2371623386723,18915983
2020-06-02,2298.25146484375,2326.4629369195845,2116.68954292056,2120.9995259642656,23442470
2020-06-03,2362.608642578125,2445.8227367612953,2348.992808282339,2367.6045111002554,18705176
2020-06-04,2265.779052734375,2403.505516143424,2230.269881325294,2364.6659250074913,16315350
2020-06-05,2341.499267578125,2359.7680277572767,2228.5065434403505,2296.0964122304094,15850039
2020-06-08,2456.01025390625,2495.6335443033513,2424.958142977363,2453.8062363287095,14992503
2020-06-09,2393.6611328125,2483.193128654591,2365.939441770847,2483.193128654591,12373077
2020-06-10,2385.873291015625,2419.521386525149,2351.931517832746,2390.1344870936696,8961443
2020-06-11,2291.100830078125,2408.7464946732475,2272.6852287598826,2360.7478861986688,10042767
2020-06-12,2400.077392578125,2419.52182354117,2154.0601173955597,2155.039680886872,16802457
2020-06-15,2303.345458984375,2380.2902177601677,2283.362459758949,2370.5436090161547,12070346
2020-06-16,2316.6669921875,2405.219410731576,2238.3019353693185,2401.888991477273,12914351
2020-06-17,2347.0341796875,2375.4415215952367,2284.39114079362,2299.0355674985653,9650279
2020-06-18,2474.327880859375,2489.756002903304,2324.503721285241,2326.462847893994,12738268
2020-06-19,2643.44970703125,2659.073694367897,2507.682133368846,2509.64126003554,18603826
2020-06-22,2782.253662109375,2805.0775346104947,2672.2486567452324,2684.0034162323814,13939326
2020-06-23,2963.6689453125,3045.707376702327,2775.1029985358828,2840.684717649508,16186953
2020-06-24,2874.4794921875,3061.1353277634435,2851.508780518203,3061.1353277634435,20108807
2020-06-25,2943.930908203125,2983.7500640540625,2792.735204405165,2819.2324417405503,15982130
2020-06-26,2844.162353515625,2996.288598522028,2813.3551321817345,2980.3216671504356,12572499
2020-06-29,2799.543212890625,2835.2972775230755,2713.390658407883,2776.082716941495,11613999
2020-06-30,2773.143798828125,2876.634569414973,2758.4503488166724,2850.5293022217743,9703057
2020-07-01,2893.531982421875,2908.0295673236537,2748.65466369853,2773.1437465896433,12704896
2020-07-02,2903.67041015625,2954.362809152821,2865.2225519801063,2919.098531589989,11619734
2020-07-03,2871.58984375,2928.3554897438476,2861.3044289932627,2919.098664293024,8543597
2020-07-06,3045.266845703125,3070.588416933507,2894.609942007964,2909.303393490238,11437583
2020-07-07,3283.447265625,3349.76365542686,3061.429331901204,3085.6244983916854,22876401
2020-07-08,3142.48779296875,3339.1351067065525,3115.1090491727255,3283.4468427472334,19126183
2020-07-09,3261.946044921875,3310.8261617663743,3129.803041044835,3168.8875241208,18757786
2020-07-10,3246.41943359375,3325.6172176329037,3205.179964459321,3208.06962820258,16150413
2020-07-13,3168.49609375,3308.965399600058,3150.471982422478,3291.3332571510346,13136467
2020-07-14,3125.73779296875,3153.9982928057534,3058.5398870137656,3153.9982928057534,12404422
2020-07-15,3084.8896484375,3230.30576899991,3058.441439972687,3163.9893830128203,10980262
2020-07-16,3139.3046875,3149.296185889376,3038.8994436263883,3115.0114684691184,9999925
2020-07-17,3233.832275390625,3255.0887505477135,3139.500284533681,3144.398100890208,8425626
2020-07-20,3371.167236328125,3383.362752087099,3248.7218187657204,3276.590347972682,10555495
2020-07-21,3225.163330078125,3447.5732383327,3152.8715064305925,3428.4717528525216,25960048
2020-07-22,3186.519775390625,3271.7417921317824,3128.3338044485313,3252.1505239154244,17069659
2020-07-23,3230.404296875,3252.1505569860474,3150.3249872263227,3186.519807793859,8718035
2020-07-24,3185.39306640625,3222.763311270072,3154.1938791153893,3178.6829620277763,6637683
2020-07-27,3106.342041015625,3212.96760112187,3087.779364443041,3196.3150251404454,7089867
2020-07-28,3173.3935546875,3193.376551558239,3096.595643821876,3110.1136660114753,8211697
2020-07-29,3217.130615234375,3260.9660708275055,3173.3932116270666,3178.6827575353727,8070022
2020-07-30,3152.528564453125,3256.068355732677,3139.549350941254,3228.052750152238,6508278
2020-07-31,3184.854248046875,3206.110724113138,3116.235790126771,3169.8668815246306,7235397
2020-08-03,3109.624267578125,3177.7039294450897,3104.236668437574,3177.7039294450897,4463920
2020-08-04,3169.475341796875,3193.3765924108757,3078.62083905267,3136.5619168403755,6679145
2020-08-05,3195.482421875,3261.9458894879613,3181.572670416733,3189.4582030548954,6985380
2020-08-06,3276.83544921875,3309.7488752334316,3188.478878062441,3224.7227239881886,8172906
2020-08-07,3393.501708984375,3410.3011264979123,3242.3550207603744,3264.8849801191323,10151267
2020-08-10,3372.587646484375,3484.160057473159,3343.445636316972,3422.594404198514,7129245
2020-08-11,3386.742431640625,3423.133355743737,3335.119487861924,3391.5424358312416,5571818
2020-08-12,3348.392578125,3379.4937159456595,3293.2921371041466,3355.0046310475022,5662527
2020-08-13,3349.763671875,3401.0439082605512,3331.4949112886334,3379.493514832633,4663359
2020-08-14,3263.023681640625,3378.318244020181,3238.6324099067006,3355.00458766833,5531335
2020-08-17,3315.6259765625,3330.025509550141,3244.7054486354123,3281.5371251633983,4670572
2020-08-18,3350.008544921875,3367.689710902504,3297.7980106242417,3329.5357669345394,4706298
2020-08-19,3340.261962890625,3394.186972579598,3331.4949188292103,3376.554832462302,4198849
2020-08-20,3324.442138671875,3344.7190521476687,3284.5249322360814,3308.964989941375,3677459
2020-08-21,3320.0341796875,3369.697994744922,3310.924192510999,3359.9023610392683,2627380
2020-08-24,3420.684326171875,3443.165257762872,3331.5440591856955,3333.454159933728,6205575
2020-08-25,3568.451171875,3585.2018005379955,3438.2673005159463,3452.9607505181516,9854059
2020-08-26,3571.047119140625,3631.2412374943688,3556.794424964136,3590.0995779381874,6665085
2020-08-27,3558.26416015625,3593.4303916394915,3522.9018246659884,3582.21443819409,4611062
2020-08-28,3595.78076171875,3612.6292014876426,3543.129237971472,3575.405798652358,4251328
2020-08-31,3416.521240234375,3673.21587447138,3394.187147107149,3639.0779946617777,8529766
2020-09-01,3569.382080078125,3598.9158200119127,3428.667658540388,3445.124370980375,6065182
2020-09-02,3593.6748046875,3604.792943802369,3500.4204263628517,3568.2551848841326,4281011
2020-09-03,3545.7255859375,3601.6097256555936,3531.3260518089114,3593.0385459181934,3221366
2020-09-04,3523.293212890625,3575.2100661346753,3448.7973784715186,3469.1233162981985,4914649
2020-09-07,3433.5166015625,3554.8356259281995,3406.5298208541813,3533.285230841283,4665168
2020-09-08,3428.471923828125,3501.8411273375577,3403.982838657924,3448.0631919642856,4448703
2020-09-09,3352.898681640625,3422.055714237129,3323.1198107695527,3405.9419441263667,4563247
2020-09-10,3427.198486328125,3451.442680949104,3348.147766242693,3385.8609578753267,4762282
2020-09-11,3471.96435546875,3484.9925962794746,3386.056694698374,3418.676203148921,4608384
2020-09-14,3370.383544921875,3501.987975655525,3350.1066315610888,3484.3068094920445,4531509
2020-09-15,3441.597900390625,3452.1772327763847,3384.3914943805403,3403.9827620759415,3893637
2020-09-16,3449.531982421875,3494.4938399044267,3410.4962912766614,3446.054485056611,3907718
2020-09-17,3400.994873046875,3445.124249117878,3385.5667505209703,3417.5006109017377,2781156
2020-09-18,3403.787109375,3432.1944493038586,3358.9230557260735,3420.047719084918,3769087
2020-09-21,3262.093017578125,3396.1463668598344,3246.5180549077604,3392.032248338533,3627419
2020-09-22,3235.498046875,3285.259917527302,3151.304616918717,3260.9666963508553,4224968
2020-09-23,3177.556640625,3275.65981360462,3134.798557282649,3261.945926825175,4244328
2020-09-24,2966.99951171875,3129.4601986446646,2945.4491167363,3125.786835863565,5963777
2020-09-25,3074.800537109375,3102.4241776129033,2966.901722487414,3017.055321561041,6232593
2020-09-28,3266.99072265625,3281.5373345609846,3098.1140910097774,3113.052432607406,5588695
2020-09-29,3227.416259765625,3303.087526498122,3187.9888359988545,3289.3736399705494,4643446
2020-09-30,3211.5966796875,3275.5131919511987,3193.376704669083,3226.5838084835273,3603536
2020-10-01,3372.44091796875,3389.2893606016123,3247.3016937442253,3257.048301734208,5382106
2020-10-05,3313.764892578125,3447.0835654650377,3301.3735113692937,3394.1871424655747,4207190
2020-10-06,3403.297119140625,3408.8805826094836,3321.89530611955,3369.5999951781228,4758757
2020-10-07,3263.072265625,3330.51529603009,3218.159430785433,3330.51529603009,6571080
2020-10-08,3258.468505859375,3318.760678771791,3234.5182294287056,3285.4555243803384,4461810
2020-10-09,3250.09326171875,3348.588407980074,3237.4569897038423,3256.9502054185764,5684099
2020-10-12,3259.203369140625,3310.3365319276795,3237.457109007191,3281.537462987622,3204652
2020-10-13,3205.71923828125,3271.7417149524376,3177.3606868860625,3252.1014211986026,3777657
2020-10-14,3303.13671875,3313.2262693190733,3166.6344671034913,3201.2131019901144,5304447
2020-10-15,3149.051513671875,3301.1287350724688,3135.58251660741,3299.365473081057,5268019
2020-10-16,3165.31201171875,3202.633230507517,3105.3137587103884,3170.209828290861,5076236
2020-10-19,3200.429443359375,3227.3674364444983,3131.272411875207,3188.576869892651,4206637
2020-10-20,3195.482421875,3222.2735746158105,3160.8550016439804,3188.478639724719,3252090
2020-10-21,3166.78125,3227.661012279793,3037.968678493234,3203.171930244286,7536460
2020-10-22,3246.7138671875,3276.6395769235783,3085.6247136948496,3095.4203477065794,7085769
2020-10-23,3249.113525390625,3288.198245889982,3235.4976907147657,3263.3171937270963,3204777
2020-10-26,3226.583740234375,3261.9460741157563,3170.50373640761,3261.9460741157563,3546245
2020-10-27,3382.677001953125,3394.1868708513944,3211.008531789573,3258.0275706931425,6020946
2020-10-28,3301.912109375,3418.57795809087,3279.479965703498,3378.4648876939073,4649105
2020-10-29,3310.97314453125,3361.8614126648604,3265.6193136571906,3298.9734935099373,3780349
2020-10-30,3241.375244140625,3321.6994417893197,3186.3728556794754,3296.1817677548265,4287623
2020-11-02,3349.910888671875,3376.946694420057,3207.727120832306,3257.587040274506,4288551
2020-11-03,3419.459716796875,3448.062918174216,3346.0414931165596,3359.902218561807,4446045
2020-11-04,3488.666015625,3496.99230450716,3391.248483533969,3398.1054273192776,4371143
2020-11-05,3660.5302734375,3673.3626492861586,3514.3304399959106,3536.223777046142,6332141
2020-11-06,3703.48388671875,3749.0826054282475,3628.4004566457106,3657.787355171549,5744050
2020-11-09,3786.01220703125,3799.432176597214,3708.6757312534387,3732.136224783716,4149898
2020-11-10,4122.54150390625,4157.218432154434,3803.44895403982,3819.268807857871,11421448
2020-11-11,4181.56005859375,4339.024875444808,4049.466316493153,4124.9414852864775,13896654
2020-11-12,4210.45751953125,4236.612055797861,4114.215407512258,4172.940429525755,5590038
2020-11-13,4286.6181640625,4319.87453233878,4163.1443905759215,4172.9400244361,6088459
2020-11-14,4285.3935546875,4344.363459711884,4251.304941409149,4310.078742442456,789479
2020-11-17,4396.28076171875,4411.9049900605505,4256.203188428692,4308.805936992168,5851523
2020-11-18,4558.642578125,4582.396987476498,4372.770447219984,4383.545643214477,7513019
2020-11-19,4443.837890625,4687.210594418984,4420.328370402209,4534.300660976098,8351005
2020-11-20,4619.474609375,4664.828207929633,4422.974076369987,4478.515517927443,8736410
2020-11-23,4713.12060546875,4769.787966637584,4636.812232457542,4671.537946995337,7325039
2020-11-24,4712.33642578125,4762.637100443749,4672.517270488827,4736.188889478717,4297385
2020-11-25,4593.90771484375,4726.393672183185,4579.459153876972,4723.454981817061,4763321
2020-11-26,4722.7197265625,4754.800425768084,4545.173872180451,4559.867322198275,6273208
2020-11-27,4808.48095703125,4858.63479787873,4687.358029958336,4759.69888767999,12364707
2020-12-01,4761.755859375,4851.189808727351,4726.638414939713,4850.0146195992065,4017427
2020-12-02,4725.3154296875,4784.187281203909,4687.210511990316,4764.596014696112,3654970
2020-12-03,4767.9755859375,4790.064547078016,4718.556426027568,4765.575464526493,2876844
2020-12-04,4775.71533203125,4856.676165183249,4716.598575102329,4770.474571287298,3679378
2020-12-07,4730.751953125,4824.300243976399,4716.5970727694685,4770.473051793834,3115124
2020-12-08,4694.21484375,4765.5761360207935,4677.415426413008,4750.8826844194955,2971076
2020-12-09,4745.15185546875,4753.674248202731,4693.284261436555,4721.495495482783,1965992
2020-12-10,4696.81005859375,4760.67777896586,4687.210529290461,4750.882145675807,1925963
2020-12-11,4744.8583984375,4789.085591477192,4706.802263662898,4706.802263662898,2670019
2020-12-14,4798.53857421875,4814.260855147871,4748.92377932177,4758.22963243719,1786348
2020-12-15,5017.8134765625,5044.751469848097,4769.347317790566,4790.0162010265485,5936796
2020-12-16,5041.42041015625,5118.21807469794,5015.363931570039,5092.749429732937,3269184
2020-12-17,5178.6572265625,5194.770755048143,4997.339973275679,5034.80826759879,3733152
2020-12-18,5145.15673828125,5176.943761807314,5059.4449411180685,5142.707829790874,3255043
2020-12-21,4938.81201171875,5127.720916251349,4804.954763680132,5121.157649900844,3551570
2020-12-22,4908.9833984375,5020.2618843541,4727.7154021097285,4966.385903156153,5473521
2020-12-23,4984.8994140625,5060.423837613019,4868.772380073922,4897.816335281667,3431457
2020-12-24,5078.9384765625,5112.292899281256,5001.6510154044645,5033.927822659173,2625559
2020-12-28,5097.74560546875,5137.613545894388,5069.240216993869,5078.937798270245,1932606
2020-12-29,5094.2197265625,5139.769427030755,5061.894132681803,5118.2190311102895,1969529
2020-12-30,5225.13671875,5238.70376413621,5068.259774801935,5094.218198464914,3864700
2020-12-31,5186.984375,5262.704435491679,5164.258312501095,5225.970807510118,2869212
2021-01-01,5172.2421875,5228.910032387478,5142.708443243586,5201.678358047111,1447187
2021-01-04,5109.5986328125,5215.195372589415,5090.007365447401,5215.195372589415,2333659
2021-01-05,5014.38525390625,5117.435519208664,4959.039919496071,5111.362034554173,3953400
2021-01-06,4927.498046875,5062.727074047525,4888.315507160104,5025.160718435372,3607923
2021-01-07,4977.1611328125,5026.677866361385,4918.681012416772,4961.488119995141,3035750
2021-01-08,4978.14111328125,5033.731335276274,4938.95857795436,5025.160155673517,2998451
2021-01-11,4882.38916015625,5006.500041469071,4856.920510276315,5003.610137950168,2924164
2021-01-12,4939.15478515625,4994.793795162043,4849.8184114232745,4882.388894594315,3335908
2021-01-13,4802.70068359375,4970.30405554589,4727.61725425273,4962.467549348735,3269373
2021-01-14,4777.6728515625,4865.294496165947,4735.208689561012,4802.700500956964,2680811
2021-01-15,4783.79541015625,4826.30836156128,4743.437211021954,4777.330196739266,2544916
2021-01-18,4623.39208984375,4780.269061858819,4590.233775383284,4770.473428535339,3703413
2021-01-19,4857.8017578125,4892.870414646528,4654.885294395943,4667.717670644939,4767465
2021-01-20,4880.1357421875,4929.7505293844115,4800.83989899475,4866.47064235991,3314707
2021-01-21,5013.69921875,5118.218826098678,4888.021424350699,4890.96011458578,7061809
2021-01-22,4870.927734375,5032.017124875611,4844.528788046086,5030.057998099331,3084796
2021-01-25,4808.38330078125,5057.486094921943,4790.065272935948,4945.815861565155,3673060
2021-01-27,4745.984375,4844.528542512908,4712.6792214912275,4820.7248664060735,2800493
2021-01-28,4711.94482421875,4808.67670954521,4626.5759699430255,4681.872036649447,3477329
2021-01-29,4637.791015625,4848.838110144035,4610.90229126835,4786.831947450414,4260795
2021-02-01,4955.21875,4976.181307880598,4571.131904178113,4677.414516757846,4290745
2021-02-02,5067.4775390625,5228.860608157144,4990.777438362611,4995.773307330429,4347993
2021-02-03,5137.9072265625,5162.298255486776,5034.955034763193,5111.948800799616,2650783
2021-02-04,5392.34912109375,5429.719365282727,5099.655320429024,5107.44303997549,5325888
2021-02-05,5425.3603515625,5512.002920404304,5358.211475850639,5413.067022952583,4437987
2021-02-08,5385.345703125,5549.226462769855,5363.403101106883,5428.740168873881,2800809
2021-02-09,5289.93603515625,5425.801669991918,5272.598049966049,5424.3323248926245,2263904
2021-02-10,5363.9912109375,5389.90085459682,5284.74462628904,5323.633485202916,2638012
2021-02-11,5453.2783203125,5473.80036518585,5344.253103500841,5358.211882170114,2028947
2021-02-12,5463.46533203125,5503.186431166655,5418.992777090494,5456.167394374915,1625268
2021-02-15,5661.72998046875,5680.488525135267,5485.555395888515,5490.79615607901,3168826
2021-02-16,5642.529296875,5703.21343245903,5574.008655171444,5673.042596917429,2126810
2021-02-17,5588.5556640625,5680.487778697067,5554.124108503599,5612.897908593584,2346395
2021-02-18,5449.65478515625,5597.960605893183,5409.345842112956,5582.532480508377,2317513
2021-02-19,5385.5908203125,5507.056682678463,5314.131478510901,5446.372538344813,2744456
2021-02-22,5266.96533203125,5425.507757030772,5225.725619038832,5368.007196650789,2000563
2021-02-23,5273.6748046875,5392.152691543162,5240.663332189956,5309.232758966274,2190245
2021-02-24,5449.21240234375,5464.885414615778,5272.989066270605,5332.742425557713,1908795
2021-02-25,5416.9365234375,5505.09722468986,5398.716549518196,5486.534307938536,1584595
2021-02-26,5157.302734375,5342.538250491652,5114.300001066542,5319.028731237564,3713326
2021-03-01,5159.16357421875,5260.15664174585,5088.831123638402,5206.378714559789,2031881
2021-03-02,5207.65283203125,5299.438116046042,5154.5115163574055,5191.686139564514,2208634
2021-03-03,5429.62158203125,5459.449477277186,5230.966326521878,5254.524633703228,2252413
2021-03-04,5373.7861328125,5453.3756497674985,5290.6213055255375,5319.028640807937,2234698
2021-03-05,5333.62451171875,5406.944925817102,5291.699390693152,5328.824746853577,2075760
2021-03-08,5211.9140625,5381.672691715827,5202.461371071273,5357.232392842928,1721042
2021-03-09,5304.384765625,5333.722881703932,5225.970904295772,5261.235187811169,1811496
2021-03-10,5431.72802734375,5447.352255434051,5328.825079942679,5328.825079942679,2191250
2021-03-12,5444.2666015625,5554.124542487545,5408.169594192898,5485.555103691402,2508013
2021-03-15,5327.8935546875,5471.497629565826,5241.202202976861,5457.195909781333,2087008
2021-03-16,5344.44873046875,5394.455247039812,5309.2332375078595,5376.284538627238,1561305
2021-03-17,5250.26318359375,5348.807347226247,5235.227269581882,5348.415617566757,1134758
2021-03-18,5262.06787109375,5431.679182176982,5196.583960585914,5312.1724445348555,2339058
2021-03-19,5341.8037109375,5367.027466598187,5083.982452047886,5207.358644357722,3220310
2021-03-22,5279.21044921875,5384.660360434882,5227.930206229028,5335.19240551366,1938461
2021-03-23,5268.87548828125,5333.722777466002,5240.664253341251,5299.438058051621,1849038
2021-03-24,5162.5927734375,5264.173688900451,5152.503461781983,5264.173688900451,1737643
2021-03-25,5017.52001953125,5191.686207003712,4998.85904910762,5172.094938298038,2343271
2021-03-26,5077.12548828125,5140.748317410097,5030.0576619475705,5064.342378241274,2347460
2021-03-30,5087.41064453125,5152.502815334902,5044.7508553183925,5127.866894682512,1845280
2021-03-31,5044.6044921875,5112.145099239957,5018.2543333227895,5079.036048815514,1845975
2021-04-01,5164.4052734375,5180.421231276563,5056.457669771972,5103.525501550703,2148234
2021-04-05,4861.0830078125,5151.523534123111,4820.039400092156,5151.523534123111,3739680
2021-04-06,4891.05712890625,4956.051243143526,4851.384819149494,4946.794179546012,2070906
2021-04-07,4973.3408203125,5004.588793257409,4839.042599078411,4878.225130245037,2402782
2021-04-08,4926.7138671875,5010.466533584663,4912.510198617221,4995.773083339547,1407879
2021-04-09,4772.7265625,4907.612634001004,4745.984673000971,4897.817000001002,2902646
2021-04-12,4418.810546875,4643.130567986588,4310.079008257592,4643.130567986588,4500046
2021-04-13,4632.1103515625,4677.317106068465,4421.797901720677,4442.417997932988,3175019
2021-04-15,4565.05908203125,4652.926109568712,4472.784497534529,4611.882499125846,2897185
2021-04-16,4522.25244140625,4594.152298563364,4496.195959574806,4565.744960256682,2142648
2021-04-19,4388.052734375,4411.953988027975,4272.855971531534,4359.057559219469,3426507
2021-04-20,4519.3623046875,4602.968131356988,4462.107114487032,4469.747517212585,3394597
2021-04-22,4592.87890625,4617.661667877121,4413.667598650262,4457.013277225477,2563539
2021-04-23,4572.40576171875,4662.525592833977,4516.276971269044,4526.660438775415,2729525
2021-04-26,4639.75048828125,4730.311309243877,4594.152006699893,4594.152006699893,2903989
2021-04-27,4765.62451171875,4789.91796991846,4649.546254083123,4649.9872489141,2644997
2021-04-28,5172.9755859375,5201.480972804873,4814.55348047758,4814.55348047758,8576454
2021-04-29,5372.75830078125,5412.0876748301625,5221.07281571851,5240.664083319705,7258486
2021-04-30,5340.48095703125,5411.744185737449,5218.819484489521,5240.66355433899,4124888
2021-05-03,5437.70361328125,5465.964114804128,5183.115165314935,5207.65303870288,4033591
2021-05-04,5500.98291015625,5632.440503701848,5446.3722531218,5495.350420865701,4838347
2021-05-05,5402.4384765625,5583.510849509257,5340.970879052552,5566.858273291423,4378693
2021-05-06,5415.8095703125,5505.047885710504,5361.493070417485,5454.208644330619,2223111
2021-05-07,5381.52490234375,5498.435882988922,5346.456725986023,5475.759087259412,1851033
2021-05-10,5385.1494140625,5461.065572241644,5333.72233916695,5461.065572241644,1997339
2021-05-11,5313.837890625,5346.555213283818,5279.846848535157,5300.66257126825,1617248
2021-05-12,5248.8916015625,5328.824058094389,5220.484267429276,5302.473902438182,1539336
2021-05-14,5221.41552734375,5294.539834766584,5159.360094304459,5294.539834766584,1525762
2021-05-17,5319.12744140625,5377.803194811186,5206.428382555375,5240.664315526384,2411583
2021-05-18,5572.49169921875,5588.409605632691,5388.578657420759,5388.578657420759,3147883
2021-05-19,5516.1181640625,5605.943849893266,5480.657774095879,5558.974067121784,2250906
2021-05-20,5474.53515625,5542.369924233952,5431.679255899127,5512.983021136211,1488827
2021-05-21,5516.65625,5578.613635859191,5472.134901567555,5544.328916411418,1856966
2021-05-24,5488.3955078125,5571.756446225051,5475.75923600528,5518.860024267218,1215060
2021-05-25,5503.8232421875,5543.152613038478,5467.922342887957,5524.73701431173,1315546
2021-05-26,5653.20751953125,5676.374099507204,5471.939494085867,5524.7378684805335,2916746
2021-05-27,5566.07470703125,5663.981770696618,5535.512141121199,5661.827018444203,2152590
2021-05-28,5496.0849609375,5632.489154817204,5477.816200469748,5607.020508204117,1526375
2021-05-31,5512.93359375,5548.932545862095,5446.372074646266,5505.145874012953,1795811
2021-06-01,5666.57763671875,5699.099329887814,5510.435340975978,5528.655314177866,2853451
2021-06-02,5689.9404296875,5725.547652321788,5625.191198044389,5638.856297791338,2013195
2021-06-03,5780.89306640625,5794.11717153147,5662.022959120181,5720.649920835805,2230378
2021-06-04,5870.96435546875,5887.17593815384,5779.423965908097,5794.11741666888,2445367
2021-06-07,5612.65283203125,5724.421100497657,5566.319679147822,5681.467154026136,2835805
2021-06-08,5637.77880859375,5698.120006610639,5603.249200508307,5633.46882551449,1789007
2021-06-09,5558.5322265625,5676.569610173528,5512.296645146591,5676.569610173528,1538112
2021-06-10,5962.01416015625,5990.029767074019,5560.981028238628,5598.2044348042555,5296120
2021-06-11,5994.927734375,6102.679703456904,5921.6565867202735,5980.577226880485,3702721
2021-06-14,6067.5625,6121.291647810012,5853.479111607601,5945.656122623973,2633601
2021-06-15,6035.236328125,6112.278885983868,6024.314292994115,6091.90416067161,1523661
2021-06-16,5957.31201171875,6034.991186838116,5938.895935467744,6014.518410385065,1481658
2021-06-17,5926.60302734375,5990.02975285435,5799.014903826288,5799.014903826288,1871857
2021-06-18,5962.65087890625,6022.3554562155605,5843.144150594881,5965.442730105155,2709615
2021-06-21,5991.00927734375,6009.620980461724,5864.743660798605,5877.379931991906,1271962
2021-06-22,5893.83642578125,6062.517421760003,5877.379953233159,6024.314452063988,1540611
2021-06-23,5892.662109375,5990.030622691701,5878.36038704381,5927.338560573587,1238215
2021-06-24,5920.08935546875,5983.173141655449,5888.155493531583,5903.8285076551065,1082421
2021-06-25,5951.63037109375,5982.192936677736,5906.962668274299,5933.214772794669,961994
2021-06-28,5913.6728515625,5992.675019995275,5892.0736705748795,5975.336557025232,828481
2021-06-29,5928.70947265625,6012.217253156382,5879.43762457363,5916.562982062174,1310079
2021-06-30,5892.90625,5999.825493542815,5877.380075307247,5926.358242601475,1225794
2021-07-01,5845.201171875,5916.562455429192,5818.606123385663,5916.562455429192,1120601
2021-07-02,5875.17626953125,5906.767188574622,5843.095568797284,5877.380287138927,811298
2021-07-05,5948.5947265625,5971.369575137988,5883.306444670823,5905.787615553406,863179
2021-07-06,6075.6435546875,6213.174151744169,5929.29688758486,5931.256014261742,3491393
2021-07-07,6071.92138671875,6157.535126575723,6034.501875983979,6092.883946436684,1947925
2021-07-08,6002.4560546875,6103.612324126304,5965.761282476099,6063.483540201197,1130560
2021-07-09,6020.46044921875,6054.6534917503095,5946.77627023557,5968.31262199273,1447544
2021-07-12,6033.60693359375,6082.026590454699,5988.523556802652,6058.577293990175,978740
2021-07-13,6038.267578125,6107.634802776197,6024.237379766401,6068.38895665394,1002127
2021-07-14,6018.2529296875,6065.4461604618355,6004.615092530967,6034.049480239451,776574
2021-07-15,6014.1318359375,6060.736278749481,5986.953895551771,6018.252362383078,870990
2021-07-16,6009.96240234375,6073.295200241181,5982.245021179483,6009.52069490747,963121
2021-07-19,5901.98681640625,6007.558244427815,5823.10275692946,5973.218127074398,1290532
2021-07-20,5829.82421875,5914.301010709315,5757.366468925028,5906.500706020564,1401837
2021-07-22,6078.73974609375,6126.276467972617,5809.513342419423,5818.1965815306885,3488591
2021-07-23,6064.3662109375,6107.634852454279,6024.237428766148,6072.313590656953,953739
2021-07-26,6046.26513671875,6081.438847898425,6014.426748029309,6034.049673797756,733502
2021-07-27,6113.9638671875,6207.712197843443,6058.577970868226,6063.483702018726,2068528
2021-07-28,6143.93701171875,6165.522226387836,6040.916668979934,6139.914216806279,1149153
2021-07-29,6279.43408203125,6308.770258491289,6145.948850003214,6171.360920618813,1484664
2021-07-30,6110.6767578125,6295.868103480041,6095.076629012386,6295.868103480041,1406885
2021-08-02,6083.59765625,6165.474506926031,6053.672693986372,6151.787324358923,1012435
2021-08-03,6212.51953125,6222.429203690298,6088.9933204197405,6097.82363622441,1091710
2021-08-04,6239.255859375,6355.325744093241,6195.93834978342,6223.410443812546,1632091
2021-08-05,6130.44677734375,6235.674707863514,6114.503151507422,6234.202988555546,866567
2021-08-06,6106.94775390625,6180.730135582519,6093.898701818085,6166.5035164911715,729789
2021-08-09,6076.3857421875,6151.738060886347,6020.362196052334,6107.635345755545,881179
2021-08-10,6053.77099609375,6130.643905969668,6026.249554412333,6107.635833168795,731009
2021-08-11,6051.513671875,6083.057907191368,5942.802858596348,6059.657473225813,791929
2021-08-12,6082.61572265625,6136.971125032202,6035.275419628882,6064.46451838669,794602
2021-08-13,6040.4755859375,6111.412745286288,6015.407491576791,6092.918043172707,667932
2021-08-16,6256.91650390625,6274.430059700302,5988.769434345426,6033.068090241932,1423335
2021-08-17,6289.24560546875,6315.491267374685,6186.127039884947,6289.098529347892,1602776
2021-08-18,6420.71923828125,6514.811067369918,6285.271711701962,6312.694940882237,2153730
2021-08-20,6535.51318359375,6605.763348779478,6333.936501011063,6349.929471846495,2164732
2021-08-23,6624.8955078125,6690.926454889632,6570.736046395757,6612.925332642587,1738340
2021-08-24,6848.49853515625,6916.099411027933,6601.102622106121,6647.265358166299,2622990
2021-08-25,6814.01123046875,6921.005027821334,6790.5125882550965,6872.928865875878,1509667
2021-08-26,6801.25634765625,6861.4004159190135,6725.756958656538,6769.908536065662,1234588
2021-08-27,6835.2529296875,6891.914120391162,6742.43640719597,6818.965807626891,935906
2021-08-30,7030.40283203125,7061.308936170387,6848.400218767445,6864.049691699753,1504382
2021-08-31,7382.63427734375,7455.533245366328,6995.572117411249,7025.00650219699,2946438
2021-09-01,7377.82666015625,7529.806102457114,7342.260112340227,7383.124753533101,2227789
2021-09-02,7357.07568359375,7443.367201724162,7304.682094901624,7358.596268525801,1183378
2021-09-03,7381.5556640625,7412.559981640614,7321.0680930518665,7358.596937432774,880247
2021-09-06,7364.8271484375,7471.42859122208,7343.977790911108,7407.654085847236,897071
2021-09-07,7316.7021484375,7423.598229994337,7267.547101818679,7386.952319688564,836013
2021-09-08,7322.4912109375,7372.333251028451,7271.324048459617,7316.407912286287,859256
2021-09-09,7290.5546875,7319.351427335484,7240.859723020894,7289.9170382175125,700436
2021-09-13,7305.1728515625,7353.690722475661,7213.386816763316,7290.553869090048,802565
2021-09-14,7277.70068359375,7388.030763585779,7268.330929169117,7338.973454398622,719258
2021-09-15,7274.365234375,7338.973809515813,7240.859186393943,7304.633691423158,657283
2021-09-16,7271.7646484375,7304.633044271361,7192.291810749659,7304.633044271361,577129
2021-09-17,7288.73828125,7535.153518519452,7221.235618188345,7305.123613481158,3474969
2021-09-20,7302.13134765625,7438.068954958943,7182.725669702636,7221.235656047727,1083806
2021-09-21,7666.529296875,7699.15240788113,7261.462994176319,7340.101765944457,1993133
2021-09-22,7646.7099609375,7746.149223799048,7624.4870953948575,7701.997644942689,1500541
2021-09-23,7750.123046875,7848.188805590862,7657.502937258412,7715.341699971121,2109147
2021-09-24,7646.46484375,7799.9653612706115,7579.992187443954,7799.9653612706115,1129346
2021-09-27,7648.4765625,7711.809359951925,7594.12067815307,7701.016751432908,650774
2021-09-28,7401.080078125,7677.469159497014,7285.059537791387,7667.657697312353,1572301
2021-09-29,7373.7060546875,7491.885306091952,7315.573142345206,7387.04973882079,945879
2021-09-30,7523.52734375,7554.825812013281,7349.66804382264,7402.748149563663,1490707
2021-10-01,7380.91748046875,7495.172145609295,7334.067750025444,7476.333947183128,937740
2021-10-04,7549.96923828125,7622.525194895612,7417.612705342108,7444.937724143121,1090198
2021-10-05,7578.56982421875,7618.60039836497,7490.168453980936,7538.146408324284,773243
2021-10-06,7589.31298828125,7732.020895738704,7540.108601808645,7662.751877700132,1764631
2021-10-07,7601.822265625,7736.337500478172,7592.109014419797,7697.974589663917,940550
2021-10-08,7586.4189453125,7681.393707169933,7566.599600165349,7603.883156286496,756571
2021-10-11,7669.71826171875,7755.372135647901,7605.845546569111,7627.332553110843,908648
2021-10-12,7707.64013671875,7775.58451879147,7603.8839142755705,7662.7526929667365,1099449
2021-10-13,7779.80224609375,7858.980934782156,7713.084305573751,7758.80581356869,1052438
2021-10-14,7714.654296875,7818.7540036560395,7665.057548502002,7818.7540036560395,1134849
2021-10-18,7717.25439453125,7898.2270049264225,7653.725177317711,7898.2270049264225,855098
2021-10-19,7593.384765625,7765.478196254197,7526.37267028078,7741.24369293643,1244989
2021-10-20,7615.01953125,7685.858002943156,7432.182832035618,7595.053109278907,1102899
2021-10-21,7591.42236328125,7682.374808390009,7540.108608234639,7682.374808390009,639461
2021-10-22,7564.83349609375,7785.39496652732,7520.485496966845,7609.769799670561,1517376
2021-10-25,7502.48193359375,7689.97907920448,7211.915565269692,7603.883495114633,1169729
2021-10-26,7707.541015625,7746.100348557129,7506.84775294579,7549.919975117431,1660575
2021-10-27,7341.0830078125,7770.629105321383,7320.331861318635,7721.6206605786965,3112233
2021-10-28,7343.14306640625,7452.786148568243,7214.759996981381,7397.841964218609,1572302
2021-10-29,7260.67822265625,7407.359577976161,7175.170948987122,7338.973496942716,948334
2021-11-01,7274.1689453125,7358.792803715255,7083.875451221929,7289.916149941681,1037314
2021-11-02,7314.7880859375,7412.559204514218,7260.726836956498,7325.924190617046,687116
2021-11-03,7374.54052734375,7396.665183728471,7310.520734307438,7344.860853177491,668704
2021-11-04,7383.22265625,7426.2948744777,7373.3129847668015,7418.445705631641,94033
2021-11-08,7528.97265625,7567.727932253801,7344.8606623913065,7401.668933174222,900301
2021-11-09,7434.63525390625,7608.199919083078,7407.653733684222,7554.825662168014,800247
2021-11-10,7438.51123046875,7466.522763529663,7363.502410024983,7402.748258979147,464989
2021-11-11,7312.1884765625,7457.643400716327,7270.293342191281,7427.473155065533,634400
2021-11-12,7436.205078125,7456.956223931753,7312.4824495198645,7358.596319790552,497128
2021-11-15,7392.201171875,7483.644194472876,7348.78545009042,7436.107466787089,402518
2021-11-16,7413.24658203125,7505.768477648485,7359.332406368872,7383.125201869914,598049
2021-11-17,7464.216796875,7546.9765747072925,7379.445860961677,7386.068597815457,645574
2021-11-18,7343.830078125,7552.568921851649,7299.727366986018,7476.333674251809,772539
2021-11-22,6925.22412109375,7372.8232149332725,6858.260892080616,7350.747425148723,1935243
2021-11-23,6980.16796875,7042.667171079155,6793.55425564637,6868.0231537411655,1187589
2021-11-24,7041.98046875,7181.793803026701,6932.779087713474,7025.006831025824,1099380
2021-11-25,6991.45166015625,7069.158633714225,6953.186956934202,7015.195590708773,615486
2021-11-26,6678.7109375,6915.0200916370895,6647.265393945472,6888.627355113086,1689082
2021-11-29,6775.55029296875,6848.400397483529,6552.38840070717,6639.416259279518,1491815
2021-11-30,6865.3251953125,7064.056164968682,6720.115558825844,6779.720190018847,2195539
2021-12-01,6905.99365234375,6973.692737230056,6819.946942676989,6899.616202318229,1136768
2021-12-02,7045.12060546875,7074.064419668503,6890.001288467892,6956.326870381372,847704
2021-12-03,6935.9677734375,7097.415188996142,6921.986440089339,7025.006791075785,816411
2021-12-06,6820.68359375,6962.115732989282,6807.291042957422,6935.968280665615,858253
2021-12-07,6969.22900390625,7034.818727607023,6826.81571920358,6915.118883148438,1079608
2021-12-08,7222.70849609375,7247.090077492997,6985.761664360184,6985.761664360184,1402691
2021-12-09,7300.02197265625,7327.298124806772,7198.669760543135,7260.481971925747,1076950
2021-12-10,7311.9921875,7326.218807656826,7221.236162361623,7234.972209409594,679145
2021-12-13,7082.64892578125,7336.029924580627,7063.271288893398,7329.16190137987,1298599
2021-12-14,6932.68115234375,7044.630034642477,6902.363829207497,7044.630034642477,1276481
2021-12-15,6718.154296875,6939.157510628126,6702.2106688018,6939.157510628126,1817528
2021-12-16,6896.32958984375,6930.277344307578,6802.188419966543,6814.0603848466335,1768318
2021-12-17,6770.98779296875,6892.551705163628,6735.568321131432,6868.023051408597,1680511
2021-12-20,6509.0712890625,6735.421920235183,6370.190229209103,6720.851802629019,2226319
2021-12-21,6453.53857421875,6622.73744319389,6416.696722738969,6598.35586212499,1375591
2021-12-22,6643.53759765625,6662.718814976948,6498.916258930462,6509.905288424998,1267898
2021-12-23,6787.32373046875,6861.645550798049,6709.322612103348,6711.039617853529,1339399
2021-12-24,6722.81396484375,6856.200986380544,6630.193856589744,6853.208202935247,980774
2021-12-27,6760.83349609375,6778.542994207773,6528.595987984955,6623.718308185453,912360
2021-12-28,6776.43310546875,6848.400272919717,6732.379738210153,6848.400272919717,862464
2021-12-29,6781.33837890625,6818.916562162358,6723.843121354326,6755.092720604861,532379
2021-12-30,6741.5537109375,6814.0114531958925,6727.621243349424,6769.810529700993,658992
2021-12-31,6845.7509765625,6867.042040069954,6745.919353819663,6752.247938242809,769907
2022-01-03,7083.48388671875,7107.374894815454,6843.495407162887,6843.495407162887,1269725
2022-01-04,7204.556640625,7235.9533194347505,7099.083422748493,7113.310042834161,959173
2022-01-05,7526.17578125,7546.142201444274,7275.198784860251,7329.063613291835,2583262
2022-01-06,7602.166015625,7632.679758145564,7379.200542511615,7383.125127296889,1535986
2022-01-07,7514.9423828125,7638.22330932456,7441.994065668181,7617.570373059847,1165951
2022-01-10,7585.53564453125,7612.713586689961,7525.146285799114,7541.089912011733,639060
2022-01-11,7525.24462890625,7613.646001464863,7428.258226697181,7593.090795985931,1037912
2022-01-12,7627.921875,7720.640199932472,7546.780884725256,7580.336279664287,1458404
2022-01-13,7661.13330078125,7701.556238222834,7627.430831789961,7680.412728486213,616374
2022-01-14,7684.53369140625,7698.171528183167,7582.788635762595,7628.411935440794,569635
2022-01-17,7704.548828125,7760.866524790723,7654.461026635502,7672.072792743496,679774
2022-01-18,7597.99658203125,7795.206978853084,7570.573352634106,7751.006531792546,1130024
2022-01-19,7429.04296875,7893.321564919585,7332.105911080679,7701.998046565413,5000317
2022-01-20,7388.2763671875,7505.7686277327275,7261.463217496721,7466.522778698831,2910383
2022-01-21,7234.7265625,7357.615120147482,7168.106833450672,7262.9345148542125,1370450
2022-01-24,6801.060546875,7211.42496765337,6689.161008224737,7211.42496765337,2502582
2022-01-25,6832.45703125,6864.098997038233,6624.895738771569,6769.908959343026,2525934
2022-01-27,6708.0966796875,6772.21468072672,6581.627028243277,6694.949416206406,1761028
2022-01-28,6737.77685546875,6912.764391987571,6715.9463505309395,6829.808185778688,1467522
2022-01-31,6868.26806640625,6942.491673919457,6799.440762505804,6848.3016472239815,1251249
2022-02-01,6882.34814453125,6981.6398512881815,6756.17264896925,6942.492214211303,1383449
2022-02-02,7110.80810546875,7142.744222139548,6961.23217803298,6966.137908954779,1339821
2022-02-03,6976.5869140625,7149.661002540357,6966.137803172796,7116.253167100323,839856
2022-02-04,7023.43701171875,7052.871398345093,6921.986588295015,6956.3267060257485,823208
2022-02-07,6799.931640625,7029.912203642291,6751.266695500713,7029.912203642291,1183012
2022-02-08,6921.98681640625,7012.252271701696,6784.332188710822,6868.023772479624,1640542
2022-02-09,6983.1611328125,7022.946420335469,6936.703763559738,6994.1496830125625,649166
2022-02-10,7002.43994140625,7103.497992963606,6931.797419929264,7000.477649143,1244200
2022-02-11,6879.40478515625,6946.466223677177,6790.561709386036,6907.269241394544,1276461
2022-02-14,6658.00927734375,6799.343196456718,6616.898868119367,6681.605651929329,1169766
2022-02-15,7007.3955078125,7059.347394304117,6658.009705233748,6671.794618661293,1346820
2022-02-16,6935.32958984375,7088.73188218872,6917.080176117241,7049.534902893954,1054041
2022-02-17,6948.919921875,6993.610944967541,6850.363582738969,6985.761774434469,903616
2022-02-18,6897.556640625,6981.8370112612165,6877.835504348107,6887.646967264438,762517
2022-02-21,6874.25390625,6947.398165235097,6780.7015184676575,6868.023531945247,816664
2022-02-22,6879.15966796875,6903.491902674414,6661.001709421352,6671.79431787674,1258732
2022-02-23,6911.7333984375,6983.161130553657,6894.9561813698065,6926.892299135843,795228
2022-02-24,6502.8408203125,6770.1054378063045,6468.157684188914,6671.794393495555,1930040
2022-02-25,6838.0,6858.162841175616,6631.566942292588,6671.793935136795,1413281
2022-02-28,6870.27978515625,6892.551995333564,6678.26976292359,6730.662873734983,1580891
2022-03-02,6702.7490234375,6805.573430992908,6634.510497952471,6787.5693026967165,1608009
2022-03-03,6621.1181640625,6813.373477686187,6598.208304098636,6789.5318162620915,1333999
2022-03-04,6414.63525390625,6571.716846760165,6377.449911009417,6562.297747999622,1996509
2022-03-07,6009.5205078125,6249.901328125,5984.991852678571,6230.278404017857,2843588
2022-03-08,6045.67578125,6100.129395106494,5801.419244222149,6012.463886713458,2885783
2022-03-09,6350.46875,6401.978925260718,6006.429932383231,6102.238762553109,2280131
2022-03-10,6460.74951171875,6665.90727779992,6378.431441415555,6665.90727779992,2091561
2022-03-11,6503.03662109375,6558.961951118244,6367.687319342962,6426.507222112864,1264771
2022-03-14,6539.78076171875,6562.886561795968,6377.44994045056,6476.545701063715,1266846
2022-03-15,6540.859375,6622.736209096634,6480.470023864188,6551.308964278995,1479270
2022-03-16,6711.62939453125,6769.320604644312,6616.212918008701,6652.171833654317,1633596
2022-03-17,6862.52880859375,6923.850445406851,6799.441300270548,6816.709569012174,1670678
2022-03-21,6740.86669921875,6886.419832563393,6720.851412724381,6868.02334147017,962019
2022-03-22,6854.0908203125,6877.834749594566,6639.416226891074,6740.474283839469,1273796
2022-03-23,6872.73291015625,6970.062807659089,6838.589213032637,6917.080911317086,1176750
2022-03-24,6865.619140625,6902.902694815494,6751.512033508939,6837.607609304094,783716
2022-03-25,6842.02294921875,6934.201825308477,6809.1545518861585,6925.910948381036,702373
2022-03-28,6869.39697265625,6902.3635810974465,6740.474456594095,6858.212001687441,936973
2022-03-29,6906.630859375,6926.891430420886,6852.81490025137,6907.268508521676,715950
2022-03-30,7115.125,7137.298999416838,6965.1567110197975,6966.137857196867,1272254
2022-03-31,7123.07275390625,7304.633671877322,7104.136344249214,7150.544848306863,1633011
2022-04-01,7268.4287109375,7308.55749167089,7084.169181052315,7093.637624427251,871513
2022-04-04,7349.4228515625,7447.782760312021,7289.916429016877,7308.558207233745,1049759
2022-04-05,7249.14990234375,7338.924780502268,7191.8017147752125,7294.822066760396,1072082
2022-04-06,7208.43212890625,7285.0103967327,7162.367124060433,7211.424433129339,767031
2022-04-07,7152.75244140625,7217.3116717446965,7132.933095919514,7172.178945140529,718266
2022-04-08,7227.7119140625,7285.01075808205,7123.121630124671,7190.133726006603,881973
2022-04-11,7198.326171875,7244.783540256574,7157.4615284631245,7206.567704139324,597508
2022-04-12,7137.34814453125,7162.318507345413,7083.875675787425,7162.318507345413,805598
2022-04-13,7190.28125,7240.859146309206,7144.755681863232,7175.122349181466,672317
2022-04-18,7124.5439453125,7235.952899683622,7095.25663674415,7128.517395613743,758222
2022-04-19,7122.67919921875,7302.964800677309,7016.175978395377,7162.366751822997,1191110
2022-04-20,6899.91064453125,7157.167369541544,6828.777545103093,7137.789732111115,1558181
2022-04-21,7003.51953125,7051.497482869524,6914.43117208582,6965.1566204105675,875343
2022-04-22,6976.685546875,7071.1208714028935,6938.077346954249,6946.515300337517,807987
2022-04-25,6873.419921875,6941.560719254066,6818.9663060497105,6868.023617604025,684953
2022-04-26,7104.0380859375,7126.016144570127,6963.1947374021875,6996.553708949556,1012419
2022-04-27,6587.513671875,6966.137887434741,6562.739730796447,6966.137887434741,3984357
2022-04-28,6600.80810546875,6676.6998594957095,6455.941965537365,6620.774526359596,2499094
2022-04-29,6546.01123046875,6694.949515736803,6525.603580499956,6671.7943688768155,1337517
2022-05-02,6501.2216796875,6524.475035836892,6402.469412259296,6426.507493724373,1238741
2022-05-04,6220.22119140625,6542.085988433557,6171.409171330937,6504.900645839476,1649115
2022-05-05,6190.4931640625,6374.948652071326,6171.409678593169,6279.335762002589,1486028
2022-05-06,5887.171875,6088.0615772886395,5862.349065565897,6084.088126455921,3064865
2022-05-09,5923.13134765625,6019.57783732004,5722.584660667813,5848.61309453808,1935648
2022-05-10,5816.67626953125,5997.795471319484,5788.76246904616,5886.877087165586,1177933
2022-05-11,5697.515625,5883.541028633203,5628.835395320303,5844.6875457422075,1861339
2022-05-12,5487.94287109375,5656.062362514309,5402.092581537394,5641.590456560523,2494044
2022-05-13,5411.7568359375,5640.6091736943645,5396.30378419186,5592.533012707928,2105315
2022-05-16,5538.962890625,5604.258460379251,5384.530568176403,5469.890291104855,1414955
2022-05-17,5727.244140625,5738.723742031437,5545.437953489773,5553.287122567607,1401770
2022-05-18,5705.5615234375,5844.393709510334,5680.836447785932,5778.902201239227,1655094
2022-05-19,5599.4013671875,5636.684922812719,5505.211331923789,5544.457179950335,1065025
2022-05-20,5660.82177734375,5731.807807826491,5604.307654758013,5729.894380915055,1098610
2022-05-23,5684.76123046875,5794.894894279609,5662.39128815778,5715.176763458831,968021
2022-05-24,5689.470703125,5723.026096624588,5617.062301247345,5673.968783949938,1084069
2022-05-25,5717.53125,5766.883191131981,5692.413811553088,5728.912641695117,867598
2022-05-26,5708.11279296875,5764.676260824944,5546.812435920528,5739.705895682818,1259546
2022-05-27,5880.49951171875,5962.425216103253,5750.546511157774,5788.762345731313,1625805
2022-05-30,5995.98095703125,6011.482875640254,5927.202511357796,5973.218173151276,817484
2022-05-31,5967.47802734375,6052.887088104432,5903.017012010861,5994.803043742804,1548966
2022-06-01,5896.8359375,6014.426409361053,5864.556322243613,5945.746173038821,887620
2022-06-02,5943.63671875,5965.369011686396,5837.035277867737,5893.745337697398,750809
2022-06-03,5914.5458984375,6051.709949833765,5900.613430334024,6009.5206619215,1043465
2022-06-06,5907.4814453125,5935.9346859559255,5799.5553601133015,5894.922965210353,737657
2022-06-07,5767.7666015625,5877.017335355142,5723.663884767644,5867.254738265855,896982
2022-06-08,5842.03857421875,5939.859041104585,5692.855487487459,5788.762527670475,1334146
2022-06-09,5787.33984375,5819.767013762815,5744.611117503558,5793.668428498464,1237674
2022-06-10,5560.64599609375,5724.987981862731,5545.830592904892,5715.176520025777,2151891
2022-06-13,5257.22607421875,5449.285422705349,5224.602966493696,5420.881051567272,1932785
2022-06-14,5274.396484375,5358.039194748989,5184.57274480583,5246.188532196089,1884541
2022-06-15,5381.53857421875,5396.206423916035,5294.412495586047,5315.850637993985,1659943
2022-06-16,5184.27783203125,5509.086539017556,5155.775729181149,5460.078099219262,2179686
2022-06-17,5317.37060546875,5371.775352956663,5121.583076243613,5121.583076243613,1937939
2022-06-20,5367.3115234375,5406.11566475494,5251.094562208427,5325.6616748257375,1119456
2022-06-21,5444.52685546875,5459.096971057381,5352.152044773186,5420.832272662118,1002359
2022-06-22,5337.04345703125,5427.210705303205,5303.09569956862,5427.210705303205,898346
2022-06-23,5345.43115234375,5391.397944005325,5242.26373336132,5342.929421361075,1101857
2022-06-24,5482.39990234375,5510.754932863569,5352.152738988887,5406.115782186759,1304933
2022-06-27,5534.8427734375,5617.062642850305,5482.400311368871,5592.533985021264,1049008
2022-06-28,5471.11669921875,5513.060700813299,5420.832954617098,5501.286945979741,739500
2022-06-29,5408.86328125,5449.2867015629645,5357.058946801186,5381.587604982509,755982
2022-06-30,5317.9736328125,5450.6154413499635,5294.832742085513,5428.557356596986,1198275
2022-07-01,5528.60400390625,5547.855541000971,5253.522767218919,5282.030562976707,1221890
2022-07-04,5544.26123046875,5562.626617972484,5456.326047229459,5527.127222098879,789818
2022-07-05,5574.59130859375,5667.056301343125,5540.470900701817,5573.508021824863,1228453
2022-07-06,5826.28515625,5848.0965786607585,5559.62305150419,5593.20205436776,2222952
2022-07-07,5771.14111328125,5895.4123255016975,5727.123994789845,5844.305520818041,1335247
2022-07-08,5783.4501953125,5837.412588996263,5712.353311195568,5837.412588996263,803282
2022-07-11,5771.9287109375,5813.730212448909,5724.957436205513,5760.6044457876615,761337
2022-07-12,5783.7939453125,5868.479747908386,5695.612583890804,5760.406877735148,975446
2022-07-13,5789.0625,5887.632935151841,5776.950652672009,5839.33267665696,886934
2022-07-14,5741.74658203125,5836.378136265929,5706.14910057543,5834.457742655683,692920
2022-07-15,5824.80810546875,5837.658491864593,5724.022052801238,5765.527848836873,569859
2022-07-18,5967.19775390625,5975.371207016297,5840.710934540719,5878.671645349487,966432
2022-07-19,5973.25439453125,6004.962047138695,5910.330487010875,5947.700752777132,978560
2022-07-20,5981.5751953125,6055.6262341304,5949.7194490960055,6055.035306744469,827092
2022-07-21,6171.1337890625,6187.135468622558,5943.762327662287,5986.105233575057,1325493
2022-07-22,6162.615234375,6228.345201521492,6122.685087110491,6175.170396638937,953295
2022-07-25,6131.84326171875,6237.208161189427,6090.485076879793,6144.644604645095,724023
2022-07-26,6168.720703125,6286.148397641287,6117.564378888373,6203.727257464266,1530406
2022-07-27,6298.60498046875,6331.149738218093,6100.331792079605,6183.04815536204,1444989
2022-07-28,6968.4599609375,7001.3004234482905,6422.334911970895,6422.334911970895,6485782
2022-07-29,7098.935546875,7149.057631627019,7016.12060955131,7065.3565436534245,2606762
2022-08-01,7150.0419921875,7198.293205190832,7082.0964065297485,7140.243849464068,1227077
2022-08-02,7229.70556640625,7243.590195162864,7072.446290709955,7091.402124214153,1249124
2022-08-03,7184.8515625,7263.6780931062485,7107.698765000829,7214.0483724572,1218621
2022-08-04,7204.841796875,7272.1474144714475,7094.898052981283,7226.801311818081,949481
2022-08-05,7193.07421875,7255.357670797476,7164.861645933657,7227.785549732981,758078
2022-08-08,7230.00146484375,7284.948573189581,7152.996274080713,7188.446145483096,957482
2022-08-10,7040.1474609375,7256.391773894376,6996.426048788104,7256.391773894376,1906523
2022-08-11,7207.1064453125,7213.063800560536,7107.058938617932,7133.301593346147,1027051
2022-08-12,7197.70263671875,7230.789280591779,7160.923297788902,7190.415814637228,1036941
2022-08-16,7174.75830078125,7271.162155734113,7160.972240355969,7226.849818652851,804464
2022-08-17,7412.076171875,7521.281378788792,7184.507585708697,7188.446460481563,2344414
2022-08-18,7373.8193359375,7472.832602592516,7338.517076625524,7375.542593552816,835354
2022-08-19,7190.12060546875,7423.498933517614,7159.889549549743,7395.237314966107,1100427
2022-08-22,6993.6689453125,7168.5545918203725,6980.522855251982,7150.042073642177,1060862
2022-08-23,7097.55615234375,7139.209555075173,6942.26584321103,6976.730992787255,1088603
2022-08-24,7067.22705078125,7125.817809359917,7030.891029440089,7055.508995229446,953096
2022-08-25,6939.46044921875,7128.378832297492,6917.747593715135,7102.579009439683,1354296
2022-08-26,6954.18212890625,7032.368698663178,6918.3384638671705,7011.197246304254,759139
2022-08-29,6857.92578125,6908.294046640574,6756.499755050302,6775.849381360386,996735
2022-08-30,7194.6005859375,7222.911246925792,6893.030501497006,6893.030501497006,1731381
2022-09-01,7071.5595703125,7221.7786829434735,7032.8603212200305,7118.137049114237,1462579
2022-09-02,7080.47216796875,7201.247819801347,7063.830518179637,7106.813393071948,906370
2022-09-05,7086.23291015625,7143.14945875977,7048.616463441196,7080.816957299457,707025
2022-09-06,7010.556640625,7144.133625972185,6996.425832189162,7118.284762060156,791905
2022-09-07,7056.986328125,7097.803109206201,6961.960976745099,6969.838726082293,791994
2022-09-08,7146.7431640625,7168.210318974266,7065.356264372715,7109.668603313032,772251
2022-09-09,7071.166015625,7212.079349767038,7055.509085346918,7188.446102307397,649607
2022-09-12,7175.54638671875,7208.042102858003,7078.010194695309,7106.567036151017,834716
2022-09-13,7290.31591796875,7330.2460692880595,7200.6569910287035,7217.9881364698385,1382700
2022-09-14,7369.09326171875,7444.473284994897,7161.021914348716,7161.021914348716,1493388
2022-09-15,7273.42724609375,7417.738054209807,7257.081300993334,7375.493719859369,717420
2022-09-16,7162.94189453125,7365.842976251534,7084.410583658456,7272.147094615509,1187036
2022-09-19,7381.5498046875,7409.466675472456,7081.062995186359,7163.82840804004,1648117
2022-09-20,7518.72119140625,7597.104897399481,7449.397089932219,7454.271639906513,1613450
2022-09-21,7573.12646484375,7616.798833569908,7470.124796864509,7523.250560888701,1239262
2022-09-22,7601.58447265625,7659.141468640838,7483.861553313239,7552.791857093755,1281039
2022-09-23,7392.43115234375,7613.3528966168515,7360.772541190062,7596.90790142103,1412331
2022-09-26,7148.56494140625,7346.001028017167,7020.059159347773,7323.352499378509,1875205
2022-09-27,7132.16943359375,7267.174454084653,7099.870374001126,7213.063972976583,1142829
2022-09-28,7092.43603515625,7185.984306359283,7050.6840608043,7069.295147016553,869069
2022-09-29,6996.1796875,7205.087648720655,6979.734694048774,7200.75498291196,969632
2022-09-30,7223.6494140625,7249.498277112514,6919.4204126183895,6972.792352653316,1618665
2022-10-03,7062.20556640625,7284.9491345429415,7035.421505552354,7224.881292260281,820198
2022-10-04,7374.26318359375,7390.313906212081,7194.6996309610895,7222.911725791553,1191495
2022-10-06,7291.0048828125,7482.877418102272,7234.629737110913,7434.626201693926,1510060
2022-10-07,7232.90576171875,7294.549242524713,7161.119871614234,7272.590209972095,991196
2022-10-10,7181.947265625,7225.865815779637,7110.6537279564955,7153.981350727591,653113
2022-10-11,7092.7314453125,7240.144022567722,7062.993229964577,7195.339323074103,732206
2022-10-12,7115.7744140625,7147.58063552916,7035.815063836309,7094.898185436054,740731
2022-10-13,7042.36328125,7115.577211579578,7005.978214362912,7110.16125881682,608655
2022-10-14,7161.36669921875,7232.758804504877,7110.653686498259,7188.4464632927975,839012
2022-10-17,7242.80322265625,7259.641527882305,7106.714905084825,7144.085172325814,617401
2022-10-18,7277.46435546875,7316.459308783124,7209.124979757907,7286.917750335816,906975
2022-10-19,7267.61767578125,7326.307005483736,7237.682323965788,7303.658475762483,627177
2022-10-20,7318.8232421875,7335.169668933299,7150.042551500159,7257.327847255376,1026054
2022-10-21,7082.83447265625,7375.542066691503,7043.740953219239,7375.542066691503,2386960
2022-10-24,7096.37548828125,7198.29387626947,7080.127629326606,7198.29387626947,227884
2022-10-25,6994.35791015625,7131.873771640973,6981.655135903655,7131.873771640973,909899
2022-10-27,6864.57275390625,7099.821959564785,6825.085437135024,7076.188710323515,1641458
2022-10-28,6899.77587890625,6981.655137421673,6873.3360873347365,6893.030460077815,839669
2022-10-31,7034.9287109375,7040.344663595113,6938.327713735049,6985.594209656037,818986
2022-11-01,7099.3291015625,7125.42414576687,7050.585528426035,7086.971074842631,762742
2022-11-02,7046.84423828125,7129.363474008895,7030.940646428647,7096.867756516865,585914
2022-11-03,7012.77294921875,7085.0512072749625,6983.723746909561,6996.426522263879,632313
2022-11-04,7101.791015625,7114.493790246088,7012.772544427244,7012.772544427244,921925
2022-11-07,7080.1767578125,7139.850809397961,7002.334934033593,7137.3399689482,722494
2022-11-09,7034.830078125,7124.439475816682,7005.928489408861,7124.439475816682,689634
2022-11-10,6868.51171875,7055.509709657084,6858.1226476431275,7048.616678538089,1008182
2022-11-11,6943.69482421875,7048.468797052424,6888.10726163792,7039.753940450248,1233342
2022-11-14,6918.43603515625,6998.395381128066,6894.064248793098,6947.0914437714,855060
2022-11-15,6918.38720703125,6954.477050181653,6874.321046476911,6927.6434663804075,719521
2022-11-16,6789.68408203125,6927.348036711886,6747.88306415883,6903.862400929902,1336204
2022-11-17,6789.68408203125,6843.7945637516505,6727.597763964212,6765.017072370336,733944
2022-11-18,6687.716796875,6822.130894316425,6646.850972378156,6804.307390359893,1327689
2022-11-21,6577.03466796875,6643.896970544997,6509.335258345959,6643.896970544997,1071748
2022-11-22,6582.89306640625,6624.94074411536,6558.521280383158,6578.166609323568,958769
2022-11-23,6676.44189453125,6701.010818663038,6587.768167061826,6615.832650284735,893667
2022-11-24,6667.875,6735.3282302883135,6634.345040102108,6709.824112372434,754611
2022-11-25,6644.38916015625,6674.4230792944145,6572.997057286842,6666.545330012273,859058
2022-11-28,6673.8818359375,6728.385630430824,6625.7287076432995,6626.172023378884,604054
2022-11-29,6631.24365234375,6704.851378664213,6618.294696987769,6671.46950931292,681860
2022-11-30,6618.2451171875,6650.987012864685,6575.951258112714,6632.080222130747,1482831
2022-12-01,6644.634765625,6666.544753922604,6604.5074836866925,6651.38018402886,981616
2022-12-02,6573.73583984375,6638.924409896618,6545.425177312123,6627.35396520978,1438602
2022-12-05,6558.669921875,6596.630635803317,6530.654482258188,6572.554071025021,1029250
2022-12-06,6596.1865234375,6632.079708396538,6530.653693553948,6572.405665635905,840980
2022-12-07,6523.95849609375,6622.184186005095,6500.128111326235,6622.184186005095,961027
2022-12-08,6481.369140625,6577.920612375494,6459.754373829826,6577.920612375494,1137784
2022-12-09,6417.8544921875,6516.867756019784,6390.823774035721,6501.604617576401,1131292
2022-12-12,6407.0712890625,6439.07464215472,6294.321014322216,6408.646934917116,1100048
2022-12-13,6518.93603515625,6546.409589344714,6407.564259606807,6407.564259606807,958636
2022-12-14,6553.49951171875,6586.339492837426,6525.33646319658,6556.256531509885,678283
2022-12-15,6524.15478515625,6611.400952875854,6503.081902411698,6530.654024348029,857706
2022-12-16,6496.09033203125,6592.986550520324,6459.754310200303,6489.295869545731,880233
2022-12-19,6584.8134765625,6602.53841189645,6496.188799892749,6499.241523808636,659559
2022-12-20,6541.3388671875,6596.48311569188,6484.372792881091,6558.226697128029,607716
2022-12-21,6426.96337890625,6591.6080480187475,6405.594791961087,6591.6080480187475,622390
2022-12-22,6391.46435546875,6474.525474256801,6309.092732100886,6469.601880740256,849706
2022-12-23,6277.18798828125,6367.191182259366,6243.165668340776,6351.435682890954,994303
2022-12-26,6335.384765625,6371.031293359221,6203.727685744119,6277.236839062852,530535
2022-12-27,6405.2998046875,6430.212995020277,6331.7411267963835,6367.190999356985,781035
2022-12-28,6377.13623046875,6469.601210973069,6365.270082830514,6376.052943843321,755934
2022-12-29,6411.404296875,6420.857691687835,6304.562327770157,6341.587843642305,521880
2022-12-30,6474.72265625,6617.211165137666,6415.442397562456,6449.90755242273,1520266
2023-01-02,6453.60009765625,6508.990523823431,6385.6545082245075,6464.6781828896865,579340
2023-01-03,6505.2978515625,6558.226481196783,6430.213051383633,6464.678205564096,742081
2023-01-04,6470.58642578125,6536.562577132238,6449.907333566762,6494.219674026381,671253
2023-01-05,6006.83251953125,6390.823730947382,5932.978624335402,6390.823730947382,5102300
2023-01-06,5889.01171875,6046.12387853295,5850.804824859785,6036.325734971312,2931922
2023-01-09,5901.763671875,5985.120010206624,5863.999615133342,5928.0063279769465,1400548
2023-01-10,5813.92626953125,5923.082423321983,5785.2218182903825,5907.326925604086,1120375
2023-01-11,5805.65478515625,5858.091051502273,5775.916090600227,5839.381397782566,1108891
2023-01-12,5808.2646484375,5873.748441587506,5767.497390670454,5816.290009629543,1476949
2023-01-13,5886.451171875,5893.541338745721,5782.268127170405,5829.534624122752,1108490
2023-01-16,5919.04541015625,5979.408953657688,5883.250790018413,5908.312072721406,908339
2023-01-17,5893.4921875,5927.957340898278,5849.22889102206,5927.957340898278,817005
2023-01-18,5906.98291015625,5956.563594347198,5893.541595663412,5912.202207914066,796281
2023-01-19,5920.57177734375,5937.50864945409,5869.563063317641,5891.571621077942,548142
2023-01-20,5770.84521484375,5927.760231543666,5748.000030122905,5920.621021164715,833090
2023-01-23,5773.40576171875,5844.305508408798,5751.7419502301245,5791.130698391262,856064
2023-01-24,5765.5771484375,5830.519540340695,5753.3667324750695,5802.307445180403,608145
2023-01-25,5707.33056640625,5765.576576747097,5688.719480610072,5760.652983635958,827837
2023-01-27,5672.6689453125,5771.977436963214,5593.201957566396,5726.138975924048,1621352
2023-01-30,5929.77880859375,5973.500703037412,5681.875878658843,5681.875878658843,2448160
2023-01-31,5796.4482421875,5957.548322748404,5784.237826086632,5957.548322748404,1996788
2023-02-01,5728.3056640625,5889.011463205145,5621.66034315152,5853.167799627083,2634866
2023-02-02,5630.2763671875,5730.077696298647,5558.736655027645,5730.077696298647,2025044
2023-02-03,5922.34423828125,5937.85355727413,5659.22721834084,5681.82670405833,1486892
2023-02-06,6010.919921875,6030.4171592914145,5864.590630761572,5908.312043721176,1073820
2023-02-07,6066.40771484375,6087.530120222186,6006.783198536936,6029.382681751078,1472193
2023-02-08,6254.58837890625,6279.551093892543,6068.624157905933,6070.790731354481,1903208
2023-02-09,6356.35888671875,6388.657466115811,6238.438828363278,6277.482826677798,1838154
2023-02-10,6337.1572265625,6427.849915464592,6321.894086633712,6355.325478999156,1291282
2023-02-13,6248.5322265625,6374.231466734666,6200.822415390267,6336.615502597874,736557
2023-02-14,6360.00244140625,6373.4437546126155,6213.574588026174,6256.70507191948,1034090
2023-02-15,6390.775390625,6396.73274649853,6299.540817397349,6351.435685793645,618979
2023-02-16,6338.92919921875,6425.043037840983,6321.893758832002,6405.594844424015,529048
2023-02-17,6318.64453125,6376.8410204438,6270.196179981405,6312.046723781831,616044
2023-02-20,6270.09765625,6345.083887919454,6246.070616509342,6326.817548647725,465732
2023-02-21,6281.7666015625,6310.323443110537,6254.933017694087,6297.275920679106,448509
2023-02-22,6103.9267578125,6262.811223619685,6090.485443095558,6234.254379989972,934700
2023-02-23,6107.5703125,6166.752004349734,6029.088037374154,6119.042189543042,809768
2023-02-24,6140.9521484375,6189.941905003508,6105.256094658248,6158.1847261240355,607761
2023-02-27,6099.83984375,6145.629262223545,6041.2490824773995,6120.026576625433,595004
2023-02-28,6018.69873046875,6151.143383912575,5996.9363529582915,6124.949772643772,977852
2023-03-01,6060.79541015625,6109.14518988956,6006.882066461265,6006.882066461265,544804
2023-03-02,5990.04345703125,6114.7089323929695,5977.291158379448,6070.987521160518,582298
2023-03-03,6006.83251953125,6047.156938636035,5980.196073658466,6028.250149138046,712037
2023-03-06,6041.10107421875,6088.51517923225,6026.52695026641,6046.172278907652,608477
2023-03-08,5905.21044921875,6035.34092963355,5893.541436426301,6035.34092963355,1342795
2023-03-09,5811.12060546875,5947.701289324667,5800.092043887654,5908.312539064239,940858
2023-03-10,5784.384765625,5797.432287295149,5692.658322651241,5775.3746864469,770861
2023-03-13,5744.40576171875,5856.614653460125,5722.200546659401,5779.314233065569,793356
2023-03-14,5643.9638671875,5760.603981150795,5628.7992964608775,5750.75679485823,1372565
2023-03-15,5631.3603515625,5731.063125,5613.881593749999,5711.36875,679473
2023-03-16,5627.765625,5667.055802777131,5578.431124714587,5642.1426133829655,884963
2023-03-17,5644.751953125,5727.862109602224,5601.178153606386,5652.333998108768,1047151
2023-03-20,5465.97607421875,5652.728350304637,5401.871274945635,5651.300315938423,1712756
2023-03-21,5622.841796875,5627.666821870683,5500.785733581116,5516.196483569819,1130114
2023-03-22,5745.0458984375,5767.497291948189,5647.361613338376,5661.935257432027,1242534
2023-03-23,5743.9130859375,5809.840193683522,5684.288562379344,5720.7231534244775,1054419
2023-03-24,5562.921875,5740.663592650573,5541.20902093343,5715.2085191943015,1278042
2023-03-27,5507.580078125,5637.51388747509,5499.209970169796,5610.926485735034,1118743
2023-03-28,5449.87646484375,5538.451621195215,5438.306020408971,5535.152717469025,948136
2023-03-29,5539.2392578125,5559.721212352685,5470.111819805024,5477.152461626986,1109612
2023-03-31,5530.91796875,5606.9874774669515,5500.835009086868,5606.9874774669515,1267828
2023-04-03,5627.71630859375,5646.376919936755,5546.132750484093,5568.584144095283,745386
2023-04-05,5673.259765625,5856.171267749476,5655.387217032226,5742.879571412904,2433329
2023-04-06,5841.5478515625,5867.938117625716,5618.3609969689105,5672.9638354827575,1740502
2023-04-10,5739.72802734375,5878.671928715559,5722.200227235754,5854.103486236866,928257
2023-04-11,5748.54150390625,5790.145868351462,5722.347890718821,5768.482057279399,811620
2023-04-12,5767.44775390625,5786.944989714077,5697.581777425557,5747.8024256538165,1023069
2023-04-13,5814.2216796875,5846.274076409197,5760.99735315802,5767.447548201996,833006
2023-04-17,5870.3515625,5906.342839123437,5809.840405273138,5906.342839123437,672857
2023-04-18,5825.2509765625,5902.403781481704,5780.544844551714,5883.694126518716,640889
2023-04-19,5856.85986328125,5868.922665740196,5790.145180294018,5825.250301082048,554928
2023-04-20,5822.345703125,5874.781967175256,5796.20113650113,5868.9226993338125,436731
2023-04-21,5847.16064453125,5854.152242953373,5738.940163487344,5822.6412468601,643101
2023-04-24,5843.07470703125,5873.551943754763,5787.19191964991,5849.2291990336,544892
2023-04-25,5982.412109375,5999.595642521531,5838.101780386228,5868.824714446999,1494475
2023-04-26,5963.40673828125,6026.280635605938,5921.408105756114,6006.783399849031,974007
2023-04-27,6105.3046875,6158.873766837643,5973.303344494933,5982.165812365103,2827136
2023-04-28,6184.130859375,6199.7877876430275,6017.6148618625375,6148.483856705253,1489668
2023-05-02,6153.654296875,6237.84773927994,6129.676302201595,6233.2688938393885,991254
2023-05-03,6085.80712890625,6159.414844271445,6061.878659249162,6142.723671670147,668251
2023-05-04,6292.5986328125,6301.214921382918,6087.678576476697,6102.301745242998,1245141
2023-05-05,6292.20458984375,6349.4658834319225,6234.893771831064,6282.455971329335,1160040
2023-05-08,6556.2080078125,6592.79021105683,6290.383004575856,6296.734632467206,2224735
2023-05-09,6452.123046875,6636.856369578482,6442.029680286352,6548.379298976497,2130770
2023-05-10,6530.162109375,6563.150186079224,6425.2895670167945,6490.231958110147,835321
2023-05-11,6561.6240234375,6577.920925618459,6523.761397039265,6557.241832888221,567494
2023-05-12,6611.79541015625,6630.751245896847,6503.77205289516,6548.379619478919,912078
2023-05-15,6609.72705078125,6646.851137611035,6583.632005574333,6611.795056187996,739076
2023-05-16,6680.9228515625,6744.338642178573,6597.615550094384,6617.309924870785,1265133
2023-05-17,6602.58740234375,6706.377129730446,6560.195458005866,6681.315848479407,740785
2023-05-18,6685.6484375,6726.268080180301,6642.074638988404,6656.5006704673,1106718
2023-05-19,6680.52880859375,6715.781545787756,6609.431926001087,6696.087171753187,592834
2023-05-22,6689.2431640625,6713.81208792362,6658.569272761076,6680.528788234504,419792
2023-05-23,6676.93359375,6768.906696786912,6653.842230785259,6705.982792810445,790196
2023-05-24,6682.25244140625,6743.895450938817,6626.911054934851,6665.561266147182,553936
2023-05-25,6736.60791015625,6743.353329086572,6643.010594608867,6674.423023444624,530260
2023-05-26,6798.990234375,6814.253374158158,6736.657733265845,6741.975118058624,694073
2023-05-29,6826.11865234375,6865.359786290178,6796.330913500073,6834.144493911071,640728
2023-05-30,6898.74169921875,6911.493998014898,6824.149261769115,6841.825153796262,881923
2023-05-31,6883.0361328125,6918.6336178162355,6821.441689354224,6897.855956987351,2147627
2023-06-01,6932.91162109375,6949.454702004207,6844.877870382347,6916.663763448973,590026
2023-06-02,6916.56494140625,6991.502123713073,6897.953855860575,6967.622697445461,664209
2023-06-05,6935.57080078125,6983.231088739469,6905.881147917191,6961.961069083004,577162
2023-06-06,7005.23974609375,7023.013726194063,6917.64882592727,6917.64882592727,690586
2023-06-07,6971.75927734375,7031.876161003736,6954.083384541154,7011.197068526341,534483
2023-06-08,6902.9765625,7002.334581834177,6888.254825804473,6971.80830254338,455360
2023-06-09,6929.61279296875,6974.269880176238,6904.896258542563,6905.585753929532,447361
2023-06-12,6989.23779296875,7001.349640102669,6933.994980235232,6942.414132411291,513255
2023-06-13,7057.23291015625,7089.974807705724,6991.502935376478,6991.502935376478,800134
2023-06-14,6988.40087890625,7072.249578567296,6973.826753911692,7072.249578567296,401520
2023-06-15,7017.6962890625,7032.56563739616,6948.175053614947,6986.579082397682,437018
2023-06-16,7093.12548828125,7108.2900591483185,7022.02861026261,7060.432637159292,1414858
2023-06-19,7273.3291015625,7285.785696349507,7092.1899131536065,7101.741876408275,1184590
2023-06-20,7138.02880859375,7263.432832755061,7090.95944647895,7263.432832755061,863826
2023-06-21,7096.0302734375,7174.5615865486225,7067.325820671159,7163.828249321818,546804
2023-06-22,6922.572265625,7094.060926226159,6912.725078902916,7090.073007931581,827194
2023-06-23,6882.83935546875,6947.190822325672,6849.802233538797,6913.661341017808,815226
2023-06-26,6891.7509765625,6927.496073140814,6838.871389902338,6883.183731521576,563539
2023-06-27,6911.98583984375,6922.5715644978545,6847.732952989769,6922.5715644978545,709789
2023-06-28,6981.8525390625,7016.120556611135,6932.419469269107,6946.550278413723,709782
2023-06-30,7081.13818359375,7115.156346691275,7012.50841908772,7021.2105714396175,887908
2023-07-03,7251.625,7273.380863902905,7080.544797490795,7081.138235806151,1209227
2023-07-04,7773.22216796875,7832.111143840784,7528.171734129412,7565.107354846212,4162208
2023-07-05,7751.76318359375,7911.124801202171,7693.6651339000955,7792.506179247433,1978666
2023-07-06,7680.06689453125,7737.176035127957,7649.163679922642,7689.708697489135,1045984
2023-07-07,7537.76416015625,7662.909629732821,7521.200036485069,7634.330432329422,1094915
2023-07-10,7449.65283203125,7545.279936384317,7349.822890318991,7537.764177710624,1451518
2023-07-11,7361.39306640625,7594.774146963999,7299.092184731936,7483.028121103721,1675043
2023-07-12,7349.47705078125,7424.682922669319,7316.051843271088,7387.005625863193,1131755
2023-07-13,7391.65380859375,7439.41762613693,7333.704001331071,7387.055506621776,747052
2023-07-14,7399.318359375,7435.462570395079,7317.783114973521,7391.060922863199,726600
2023-07-17,7427.6005859375,7458.305828482452,7359.415536404986,7436.549964225409,506744
2023-07-18,7337.6591796875,7471.161065032218,7291.279732388434,7436.549465128032,1309709
2023-07-19,7500.53271484375,7514.673834480985,7347.549228871393,7359.366812768193,975943
2023-07-20,7512.30029296875,7552.400114693961,7418.749976748053,7467.206221597514,649436
2023-07-21,7497.61474609375,7572.722116337256,7449.504715400504,7512.30005109173,673394
2023-07-24,7497.46630859375,7559.964682034242,7476.452122009725,7497.515560593557,584342
2023-07-25,7522.041015625,7564.51410748817,7457.366376590052,7564.51410748817,850869
2023-07-26,7350.66357421875,7648.175111480316,7249.6472384616245,7550.2737233193975,2228866
2023-07-27,7203.26806640625,7493.807559637928,7187.050154617404,7493.807559637928,2147172
2023-07-28,7299.685546875,7312.541284229223,7129.989717226711,7237.7801304275035,1007050
2023-07-31,7219.28759765625,7288.115335591451,7200.2512169632755,7263.491750124775,749315
2023-08-01,7189.02783203125,7248.658485637021,7163.612833554513,7219.287875435516,752765
2023-08-02,7123.51318359375,7209.102541194927,7065.711612734945,7209.102541194927,898536
2023-08-03,7029.46826171875,7144.131267104556,6940.170037133972,7095.378545643359,1081898
2023-08-04,7069.37060546875,7125.045647571148,6992.829131999914,7059.77805385294,731349
2023-08-07,7043.11474609375,7103.042358860928,6993.1258972646165,7082.52262353026,718409
2023-08-08,7093.99365234375,7125.045105572032,7006.525001240597,7055.8219053791045,807362
2023-08-09,7046.27978515625,7133.945935770563,7011.3219690342785,7120.101294364853,511572
2023-08-10,7064.57373046875,7094.389054861368,7013.299021058938,7021.259495866406,616130
2023-08-11,6982.248046875,7079.555997537778,6953.025675899178,7064.574214886597,630396
2023-08-14,6940.169921875,6980.566702597503,6863.5299458255195,6961.876534043147,693785
2023-08-16,6904.02587890625,6916.387165662152,6843.208348067214,6916.387165662152,598795
2023-08-17,6846.421875,6942.09822879428,6826.396591647709,6942.09822879428,710118
2023-08-18,6785.951171875,6839.054971684408,6769.04083450332,6817.002628582708,745533
2023-08-21,6969.98583984375,6984.621410095136,6725.528841859978,6725.528841859978,1230831
2023-08-22,6991.494140625,7074.116783470534,6971.765334936362,6972.803489819875,1248780
2023-08-23,7037.478515625,7069.66711315456,6925.28728401474,7021.210869128182,803248
2023-08-24,7058.24560546875,7106.207398896052,7041.977958676649,7070.656144437304,910360
2023-08-25,7131.47314453125,7197.334173146476,7022.19937590188,7036.044016271212,1303276
2023-08-28,7155.30615234375,7180.4241902474805,7058.888116460384,7144.774432689042,703626
2023-08-29,7212.4150390625,7229.819826619003,7155.701361357577,7169.546001912996,1418305
2023-08-30,7187.4453125,7249.548221893425,7177.45729657014,7244.702694223319,460268
2023-08-31,7083.51220703125,7204.158373338358,7055.822922960766,7199.213858325771,1412980
2023-09-01,7239.3623046875,7248.064456627708,7075.599896055312,7088.999336535877,676076
2023-09-04,7189.5712890625,7288.214353067724,7177.8526931569995,7288.214353067724,581363
2023-09-05,7263.59130859375,7276.793259828663,7199.213628611496,7202.180337524385,1221353
2023-09-06,7305.81689453125,7314.914994659031,7209.794806036898,7234.121431896023,605157
2023-09-07,7281.490234375,7305.816860119542,7222.650510144614,7298.1036104243585,549622
2023-09-08,7328.4130859375,7367.277259129958,7288.214280137241,7307.992337885239,624642
2023-09-11,7309.6240234375,7361.3931868195605,7280.303149028157,7342.604031721552,406849
2023-09-12,7348.833984375,7376.226788061634,7224.430191739411,7338.6484775714425,963517
2023-09-13,7392.939453125,7424.930560068574,7298.7464473185155,7346.856479171006,579846
2023-09-14,7411.134765625,7428.34206227141,7344.631046001114,7392.939048947295,650372
2023-09-15,7409.05859375,7481.198771495061,7372.814915718766,7415.782940409512,787494
2023-09-18,7464.8818359375,7476.105980509889,7382.160204299778,7405.794887215878,706618
2023-09-20,7455.33935546875,7562.140874289631,7399.960790154219,7405.54799526072,844190
2023-09-21,7401.14794921875,7499.494061834195,7342.604699078958,7446.439513005327,675725
2023-09-22,7388.43994140625,7492.917438522481,7370.886914544197,7410.789244011612,526304
2023-09-25,7733.07275390625,7762.789094115733,7426.661081296453,7490.939772412867,2347533
2023-09-26,7783.30859375,7812.283738737094,7688.720126960013,7733.121771056339,1246820
2023-09-27,7750.576171875,7767.832721607256,7656.828364764428,7767.832721607256,744110
2023-09-28,7653.11962890625,7742.120890904126,7632.401919773866,7718.139995310254,777505
2023-09-29,7724.07373046875,7760.910365421854,7639.275302355228,7653.119943679884,573005
2023-10-03,7879.18359375,7886.995830832207,7668.942720594791,7694.456224701944,944555
2023-10-04,7766.892578125,7953.7459730107885,7733.220627743922,7935.945720926467,1176384
2023-10-05,7763.77734375,7827.017874602692,7740.0436751810785,7827.017874602692,795061
2023-10-06,8077.90283203125,8101.092798874303,7757.943482320424,7762.887996968174,2145034
2023-10-09,7938.6162109375,8044.725301735385,7929.023659411717,8012.140757183745,747800
2023-10-10,7993.89599609375,8044.72551123323,7931.9905747512885,7965.613275105551,965024
2023-10-11,8012.0419921875,8082.303349634787,8005.614123378908,8049.471580421188,712372
2023-10-12,7925.36474609375,8036.814302084299,7914.190335865713,8034.836496177548,764092
2023-10-13,7962.30029296875,7993.203509970627,7867.761074944054,7910.778353010667,662282
2023-10-16,7946.82373046875,7979.457526275802,7894.065664008133,7955.031431420577,438246
2023-10-17,8003.19140625,8068.458999579111,7968.13460426373,7990.335668170023,838283
2023-10-18,7779.25390625,7994.8844730742685,7762.88775641819,7960.668336199546,1544642
2023-10-19,7754.53173828125,7835.078076743887,7645.208710249525,7756.26231844461,1061453
2023-10-20,7682.984375,7745.433494702506,7636.802417800356,7723.331418973232,771153
2023-10-23,7712.3544921875,7797.400138962476,7675.221382583751,7713.44238191647,882230
2023-10-25,7609.064453125,7769.761181578201,7590.819000657053,7712.355075942337,708774
2023-10-26,7339.439453125,7571.0407087019175,7319.068439389174,7540.483705235428,1324630
2023-10-27,7423.89208984375,7465.228038173769,7334.297389978242,7426.611572835534,911944
2023-10-30,7419.7880859375,7443.324265865432,7270.9089399584,7422.507569050032,799276
2023-10-31,7409.5029296875,7495.587213510817,7377.7097992583485,7485.796688890409,749410
2023-11-01,7388.98388671875,7465.228401058105,7374.892019621773,7436.550215387065,462778
2023-11-02,7366.43701171875,7530.495913444347,7328.957686739163,7446.439163261449,855030
2023-11-03,7329.25390625,7454.300872173257,7290.637440818689,7444.461095088714,1138755
2023-11-06,7478.1328125,7487.923337278545,7360.008653486898,7373.259855474351,634043
2023-11-07,7412.4208984375,7555.218384952266,7363.371216538557,7555.218384952266,1563007
2023-11-08,7377.16650390625,7452.372377548913,7324.457688747601,7443.4722513018405,916717
2023-11-09,7304.7294921875,7401.9384574075475,7284.9514335170725,7401.9384574075475,771791
2023-11-10,7362.1845703125,7371.282670698074,7264.926350396231,7288.21482198079,496261
2023-11-13,7279.166015625,7367.326612679345,7237.780332644313,7365.15083315198,732240
2023-11-15,7144.13134765625,7393.236385625914,7040.148299631366,7356.844467556513,1923440
2023-11-16,7280.74853515625,7298.796013542073,6854.333400643096,6867.4856164038265,4557043
2023-11-17,7140.8681640625,7179.435378907873,7029.1713833075255,7061.261477009872,2080034
2023-11-20,6990.1591796875,7158.668138339859,6971.864475921885,7071.644682589907,1902940
2023-11-21,7024.32568359375,7049.74068179721,6951.987531527435,7006.377192158161,1666225
2023-11-22,7049.24609375,7098.19678736918,6987.093449824613,7007.811158753991,1041404
2023-11-23,6995.1533203125,7080.545187406358,6977.699279656322,7055.822613427985,606158
2023-11-24,6942.88916015625,7037.823836819441,6933.198105058644,7029.121684603742,726499
2023-11-28,7048.45458984375,7055.822109508234,6951.888319353441,6956.931820657383,728158
2023-11-29,7050.9765625,7089.049323602679,7035.104381465527,7054.833187182009,682430
2023-11-30,7042.86767578125,7084.105121079171,7007.0199445932485,7052.855691939976,1271934
2023-12-01,7178.79248046875,7199.064990248534,7062.744626693389,7080.544879182956,900477
2023-12-04,7325.4462890625,7337.659336147368,7233.873786219436,7258.5471061080425,1101426
2023-12-05,7268.23876953125,7357.4380095121105,7238.818906522783,7347.548979929433,1522242
2023-12-06,7344.68115234375,7376.227059686466,7283.319434947642,7307.992756546854,701800
2023-12-07,7309.1796875,7357.437958382996,7244.703021923901,7307.992810813217,668862
2023-12-08,7226.5068359375,7316.002547239777,7193.279602351067,7308.5360407228845,1144388
2023-12-11,7211.82177734375,7271.106700604619,7189.37348789126,7243.713896546978,590055
2023-12-12,7233.37939453125,7272.391806436737,7199.212993045886,7199.212993045886,633312
2023-12-13,7177.45751953125,7223.441506119595,7127.023469724679,7218.843204033313,682955
2023-12-14,7391.25830078125,7427.896960341179,7219.090208096815,7286.731070364317,1729567
2023-12-15,7431.65478515625,7445.351187335481,7362.382327922446,7445.3019353339905,1173938
2023-12-18,7503.39990234375,7525.55123120866,7442.483385818184,7464.239250087117,1082798
2023-12-19,7547.94970703125,7556.800581229752,7451.383434345166,7556.207142910606,791408
2023-12-20,7410.78955078125,7609.608298295305,7377.364340922924,7565.10766497194,874546
2023-12-21,7285.39599609375,7394.027077616979,7224.43022810363,7344.186467393769,913082
2023-12-22,7214.34326171875,7357.437707042487,7162.623832272679,7336.621493771829,1129485
2023-12-26,7082.8193359375,7262.503193329329,7065.9587339510335,7243.714037464234,1225844
2023-12-27,7152.53662109375,7242.131319393158,7111.1016866248465,7139.779870400553,1605279
2023-12-28,7178.10009765625,7209.10230083114,7120.101037857917,7194.26875700227,1856064
2023-12-29,7246.43359375,7261.514363741428,7125.193995475866,7151.399923657693,912802
2024-01-01,7218.0517578125,7255.531565252213,7192.291029560649,7255.531565252213,331489
2024-01-02,7347.59814453125,7362.481423593805,7199.262702555563,7242.725180199546,1112990
2024-01-03,7302.85009765625,7402.779027538223,7286.434695458302,7362.3329946429785,553405
2024-01-04,7620.04052734375,7648.125755917997,7476.105903783076,7476.105903783076,2911879
2024-01-05,7625.57861328125,7702.564801754765,7587.951050526136,7649.114792366183,1052601
2024-01-08,7650.1533203125,7743.110198816814,7546.614986960989,7591.8080455066,1121209
2024-01-09,7639.720703125,7723.332256754354,7612.575123238798,7687.731749552925,1247083
2024-01-10,7595.31787109375,7649.4110521256325,7574.9961099230595,7630.374671562184,559072
2024-01-11,7584.63818359375,7706.816946422833,7566.145505813138,7594.7744385410215,651741
2024-01-12,7576.03466796875,7633.292534429237,7532.47368664925,7598.730183564768,808638
2024-01-15,7395.01611328125,7612.5255059604815,7371.282442952453,7612.5255059604815,997220
2024-01-16,7373.90283203125,7530.001253894663,7345.471873196202,7392.049297112431,1194723
2024-01-17,7277.1884765625,7395.21413869921,7221.16722173824,7222.254628679037,1380271
2024-01-18,7184.92333984375,7270.166963774356,7153.723646199027,7215.035626578394,1686996
2024-01-19,7237.87939453125,7306.805637729904,7180.671264541079,7278.325427030103,830810
2024-01-23,6992.236328125,7273.38124553115,6964.448058472986,7271.30445274981,2533297
2024-01-24,6977.00634765625,7025.1661114130875,6919.155528748921,7025.1661114130875,2063675
2024-01-25,7006.87158203125,7046.7241762343765,6957.920887893851,6977.006520947777,1168349
2024-01-29,7111.84375,7144.774507703568,7006.4763346196205,7006.871799224075,1860361
2024-01-30,6741.548828125,6910.947696349981,6729.484019984492,6910.947696349981,4153147
2024-01-31,6786.74169921875,6844.19705498719,6736.406637562887,6744.317860860084,1810512
2024-02-01,6668.46875,6803.602717931348,6658.283243248253,6789.708342432082,1911137
2024-02-02,6772.3037109375,6833.319214580375,6678.061455291067,6680.0392611418865,1367508
2024-02-05,6534.8681640625,6818.4853151350635,6526.75896735191,6817.496412261222,1771222
2024-02-06,6524.9296875,6624.660643286681,6462.480564842284,6574.226594502144,2439533
2024-02-07,6634.74755859375,6662.832304502978,6551.728966633679,6567.304187376214,1538237
2024-02-08,6502.67919921875,6662.7332287141,6464.161721328465,6657.146023951993,2193209
2024-02-09,6580.654296875,6603.597037121681,6499.069808259448,6506.981031397926,1209874
2024-02-12,6496.251953125,6597.812482920052,6478.797911996765,6595.439212326496,544784
2024-02-13,6530.369140625,6565.32695793305,6480.3802875698575,6526.759741280032,948014
2024-02-14,6572.7431640625,6582.137741668547,6477.314033643177,6491.010435462437,636126
2024-02-15,6545.943359375,6603.299724067412,6512.5678885410525,6572.24827147889,880859
2024-02-16,6545.74658203125,6586.09362913671,6528.737258192276,6576.2538516657905,1029431
2024-02-19,6638.30712890625,6731.362987456666,6551.778126004407,6575.116330788194,1315881
2024-02-20,6688.5439453125,6716.628691915804,6607.107692559255,6637.417470752195,1106709
2024-02-21,6614.57373046875,6714.6509002120065,6591.0872858619705,6714.6509002120065,854944
2024-02-22,6600.87744140625,6632.423346559489,6488.19176560745,6616.79839141027,1022374
2024-02-23,6623.5234375,6644.438637427165,6558.9975227668365,6599.938006576708,1280311
2024-02-26,6569.529296875,6633.56076068754,6550.690889469848,6615.760508199112,892056
2024-02-27,6483.494140625,6568.292557793136,6419.067218206241,6557.414626727837,1150306
2024-02-28,6426.58349609375,6523.5452326967725,6403.146304121212,6499.069885820016,535321
2024-02-29,6423.2705078125,6466.436022554295,6295.553795650855,6426.879906802319,1699098
2024-03-01,6498.52587890625,6535.362510364239,6429.9453691360795,6439.488185142584,919080
2024-03-04,6529.18212890625,6566.265987563422,6484.681498517643,6514.892288891922,397118
2024-03-05,6254.06982421875,6562.607561524557,6202.3996422500695,6529.182833128212,1717558
2024-03-06,6241.21337890625,6275.478767551226,6119.133123709108,6262.227565367214,2104792
2024-03-07,6349.79541015625,6396.818037488019,6255.206934851035,6279.534045205018,1469421
2024-03-11,6362.3544921875,6479.292268554498,6332.934628788615,6477.3144626117155,1203971
2024-03-12,6364.62841796875,6413.035408841342,6270.979601561918,6333.923175578843,1094677
2024-03-13,6384.505859375,6442.653644149277,6320.622630478348,6367.793495633668,1132183
2024-03-14,6326.45703125,6398.201743278763,6227.91247127855,6384.505341583431,1219865
2024-03-15,6442.06005859375,6505.003635078776,6289.422790985256,6304.305587306238,1970500
2024-03-18,6432.466796875,6482.258151714335,6384.455756875048,6442.05934762064,676425
2024-03-19,6523.05078125,6593.213635441858,6432.813391249763,6437.461428044189,1408087
2024-03-20,6575.7099609375,6656.305548848833,6532.69268395415,6536.64829563078,1490831
2024-03-21,6641.22509765625,6696.50467691424,6583.275287243445,6633.066648182154,1806092
2024-03-22,6685.87353515625,6727.506443912944,6612.10128207688,6630.5939594937945,1125238
2024-03-26,6833.41796875,6867.930583099001,6670.150004752018,6679.544582223499,1850321
2024-03-27,6944.81787109375,6970.77657233133,6828.3745541137505,6868.672347463517,1551275
2024-03-28,7164.84912109375,7267.744280220793,6954.064553208745,6954.064553208745,3574518
2024-04-01,7170.48583984375,7261.959360185171,7139.928353244898,7180.6713468015305,1125238
2024-04-02,7127.41845703125,7174.490330271046,7055.82198573176,7170.485466787938,967615
2024-04-03,7228.138671875,7242.082299627007,7106.404625785356,7117.134319045645,958943
2024-04-04,7202.57568359375,7268.436716948449,7174.490936253197,7263.492202175015,1040589
2024-04-05,7096.021484375,7178.446643314307,7076.589637630139,7154.465746344977,1200494
2024-04-08,7098.888671875,7146.751958203079,7063.5353934379245,7134.934375482513,518210
2024-04-09,7113.77197265625,7155.058668584088,7045.438685937268,7139.878912550646,710281
2024-04-10,7150.015625,7173.502070294941,7080.545192074963,7155.602830150242,567986
2024-04-12,7149.32275390625,7183.390651891333,7076.885616619488,7143.834535966821,1092588
2024-04-15,6997.724609375,7118.914474647682,6985.066844562152,7065.760940253913,758448
2024-04-16,6877.078125,6956.239610527113,6854.08613213143,6932.16021073776,963293
2024-04-18,6816.7060546875,6917.376182540624,6789.807701118502,6851.218671305892,1385133
2024-04-19,7040.49462890625,7070.656169208468,6734.4784145637195,6764.145503385574,1218375
2024-04-22,7211.2783203125,7224.924987943962,7087.763954964769,7087.763954964769,1165272
2024-04-23,7179.33642578125,7258.448661733302,7156.492671077541,7227.891657169375,1081567
2024-04-24,7247.81787109375,7337.1160961081705,7169.546300127668,7202.180097079973,886929
2024-04-25,7213.94775390625,7283.121705723984,7046.0322326465875,7248.658342679078,1173354
2024-04-26,6656.50341796875,6922.320325315777,6617.2437795500755,6922.320325315777,5814723
2024-04-29,6750.8447265625,6763.700464439316,6638.554511005434,6714.601531351566,1681030
2024-04-30,6846.71826171875,6897.597507445645,6746.2461165743125,6754.15733952192,1798675
2024-05-02,6806.322265625,6892.604044697729,6788.818490937352,6860.86016464971,1139572
2024-05-03,6854.58056640625,7317.881582832901,6830.303192948844,7247.669475754368,6818601
2024-05-06,6783.72607421875,6942.049534862116,6769.04076867398,6930.182699329013,1229988
2024-05-07,6796.28466796875,6866.052059701173,6712.673118018907,6813.491965315754,1298126
2024-05-08,6723.99609375,6803.206830659243,6709.706253535837,6795.2463553679445,725925
2024-05-09,6531.85205078125,6756.877200817043,6511.9257534385715,6724.440895197675,1381115
2024-05-10,6609.9755859375,6623.671988428198,6527.946375589453,6565.227727251866,824908
2024-05-13,6644.19140625,6669.457682378157,6546.537244186046,6609.827030232558,512256
2024-05-14,6601.61962890625,6667.035462599525,6583.720388904951,6635.538807010091,755840
2024-05-15,6605.87158203125,6657.245282464755,6571.309231432255,6617.738417208551,595059
2024-05-16,6672.2763671875,6687.060659268188,6549.553415905533,6625.995902795131,1059851
2024-05-17,6652.74560546875,6704.761997181681,6626.687916178536,6672.128199850265,480158
2024-05-21,6668.0244140625,6709.706577214276,6630.594340489568,6630.594340489568,761624
2024-05-22,6669.70458984375,6702.239880220983,6652.596763514493,6702.239880220983,416046
2024-05-23,6750.8935546875,6777.445692823085,6655.3654426591,6684.538076778642,709317
2024-05-24,6761.02978515625,6833.318679920134,6717.617046700068,6744.317423597006,742043
2024-05-27,6818.98046875,6882.319511196713,6734.429264329998,6782.885510137952,655471
2024-05-28,6796.77880859375,6867.930564607603,6780.808123507779,6837.225323047001,752867
2024-05-29,6731.16552734375,6831.341197444327,6710.052353966709,6801.674110599606,721331
2024-05-30,6543.02685546875,6723.501636639025,6520.875043982856,6704.66274647593,1155575
2024-05-31,6623.37548828125,6696.801532395477,6568.688865371443,6590.988916634907,2841733
2024-06-03,6838.80712890625,6911.145760977042,6757.124137185804,6871.737884577331,1148212
2024-06-04,6437.3125,6839.203013640641,6304.948236817107,6839.203013640641,3299387
2024-06-05,6760.783203125,6785.851989281974,6463.024430660171,6530.7150301979245,1218517
2024-06-06,6848.943359375,6935.1266314837385,6746.591911500988,6773.984714366952,1465716
