Price,Close,High,Low,Open,Volume
Ticker,BBTC.NS,BBTC.NS,BBTC.NS,BBTC.NS,BBTC.NS
Date,,,,,
2014-06-02,140.90196228027344,140.90196228027344,119.86164963818709,121.32278307986329,474562
2014-06-03,145.9185333251953,152.1039894788295,139.29472523637625,149.03561511304594,926171
2014-06-04,144.31124877929688,150.642825935627,136.37243105941832,146.89259299954225,415145
2014-06-05,144.74960327148438,145.72369208256188,140.26878879516156,145.1392328505491,86645
2014-06-06,141.34030151367188,147.62317177610618,139.830460786813,144.6034903223884,161434
2014-06-09,141.6325225830078,145.4801856957986,139.2947151276313,142.5579189448693,123226
2014-06-10,153.6625213623047,160.43243612951366,137.8335770064413,142.60660658991952,473865
2014-06-11,150.54547119140625,160.43246946745552,147.4283890893577,155.61073146516262,305324
2014-06-12,148.84078979492188,155.8542270389931,147.7205786200287,150.98378244402457,105125
2014-06-13,139.3921356201172,150.9350808365583,137.5900651052302,149.03561034407235,83464
2014-06-16,143.62940979003906,150.39932488246862,135.05742423131312,139.58694667494288,137391
2014-06-17,148.98690795898438,151.909174927242,142.21699245520455,145.0418445791529,149381
2014-06-18,142.89883422851562,149.96097853464167,141.29159353869494,147.3796489750105,66965
2014-06-19,143.1423797607422,147.08744329872286,141.72995364214685,141.72995364214685,36271
2014-06-20,141.77865600585938,147.03873062647722,141.24290408664015,142.3144079250786,70781
2014-06-23,141.5351104736328,144.55477693929237,137.34652551709493,142.2169696843678,34046
2014-06-24,141.38902282714844,144.944456857289,140.12271892453748,141.34033026429393,46228
2014-06-25,149.0355987548828,152.68843205769858,139.39212478081592,142.6066061965604,287747
2014-06-26,142.2169647216797,150.54542692977623,141.5351055347383,148.06149751846104,96408
2014-06-27,141.34030151367188,145.13924217558565,140.2687978072774,142.2169755546007,55321
2014-06-30,142.94754028320312,145.43146985024532,141.3889921609839,141.3889921609839,70708
2014-07-01,145.3827667236328,147.52575930734469,142.21697783350345,143.97034080687385,70839
2014-07-02,147.67189025878906,151.76306086207103,143.82422702875394,145.38277528877458,261730
2014-07-03,142.5579071044922,148.9381770900304,141.87603302850897,148.9381770900304,80148
2014-07-04,141.97348022460938,145.82112903159756,139.24602788911994,142.89886185716307,75562
2014-07-07,142.5579071044922,144.79829953672473,141.9734478574826,143.62939590612166,31400
2014-07-08,133.79112243652344,145.52888232386303,132.67091123259854,143.62941185528152,53053
2014-07-09,125.07301330566406,135.78799159040972,124.29374661670784,135.78799159040972,81267
2014-07-10,127.89786529541016,133.25535381616413,121.76110274440877,128.0439726733371,46488
2014-07-11,121.32278442382812,130.7227370573733,118.93626198362803,127.60565531995127,37984
2014-07-14,119.95903778076172,124.05020778766905,114.60154935510755,120.29996737605269,31033
2014-07-15,133.93722534179688,135.6905883553184,121.17666208648376,121.17666208648376,118278
2014-07-16,140.02525329589844,143.09362681406023,137.68744631667175,140.12266811312216,285783
2014-07-17,137.68746948242188,139.29471019312973,135.54446205025567,139.29471019312973,38532
2014-07-18,144.506103515625,150.78897435034392,135.88541025312412,136.5672695541121,217737
2014-07-21,143.62940979003906,146.69779883832067,142.9475505115601,144.65220613946627,31430
2014-07-22,144.01907348632812,150.44805236516746,143.19109183984557,144.79833284370054,70134
2014-07-23,138.80764770507812,146.11331337376646,136.08019621608486,144.16513586211624,47495
2014-07-24,139.92787170410156,144.9444387140058,138.80767535711303,138.80767535711303,39130
2014-07-25,157.65628051757812,164.42619480332482,135.30093034181456,140.9993558500319,948793
2014-07-28,189.16806030273438,189.16806030273438,156.48737492587867,158.1920304909249,1892125
2014-07-30,206.604248046875,222.579299010819,198.7141225304467,198.7141225304467,3137057
2014-07-31,210.42120361328125,217.61467864056831,185.95362179778343,205.23407328163034,1569166
2014-08-01,199.3618621826172,216.0976948345794,197.99168351580877,205.0872825461378,606210
2014-08-04,199.94906616210938,207.6808154459713,197.45337002264174,202.59156180761752,182043
2014-08-05,202.05328369140625,209.14888227903882,195.8385269921895,199.94907766998375,362566
2014-08-06,200.09585571289062,209.00206033727343,198.67673913440981,203.0319651582267,256814
2014-08-07,193.88111877441406,205.33194375216337,192.80453923157017,200.43842752801183,178245
2014-08-08,185.61105346679688,193.68535476066822,184.0940754737966,192.31517627220813,162449
2014-08-11,190.25987243652344,195.20232596840532,186.54081268626666,186.58973589311964,231865
2014-08-12,193.3917694091797,196.13212657962765,188.93866660646194,190.35778334126388,168423
2014-08-13,193.19601440429688,205.47874310403952,190.9450088900155,191.43436051204645,389220
2014-08-14,188.9875946044922,191.82582792163922,182.0387958848209,189.62374571335508,145237
2014-08-18,193.8321990966797,199.06825299519664,189.08548193338294,189.08548193338294,194318
2014-08-19,193.04922485351562,200.4384377142686,190.84714244073788,195.25130726629337,228664
2014-08-20,190.3577880859375,195.74065612949872,189.18334713592589,193.29389792787998,114657
2014-08-21,192.7066650390625,198.97037483470933,186.1982943633613,190.94501112618127,399923
2014-08-22,189.28118896484375,194.71299459849598,188.44930022246257,193.68535327313063,88011
2014-08-25,184.87704467773438,192.3151956218825,182.52816276580708,189.86843740786367,96693
2014-08-26,189.28118896484375,193.39175426630513,182.18559091260377,183.99619776842965,205493
2014-08-27,193.93002319335938,199.6554425942237,188.93864608879875,188.93864608879875,321362
2014-08-28,203.08091735839844,209.24675060712946,194.27258841273297,195.20235348134358,681355
2014-09-01,207.77870178222656,212.28072774637315,204.0596264665741,206.31064691556057,295294
2014-09-02,202.39584350585938,209.68718003489303,201.61287788652493,208.17018694752514,93553
2014-09-03,201.5149688720703,207.38718766310285,200.1447904610259,202.5915482906228,153765
2014-09-04,199.01930236816406,201.51498358956334,193.93003376385195,200.29160458541637,88810
2014-09-05,201.02560424804688,207.1914365648794,197.69801978947623,197.69801978947623,126297
2014-09-08,228.1846466064453,232.53988782213509,203.17879162912945,203.17879162912945,779566
2014-09-09,226.76553344726562,238.7057097634576,224.1230377358354,229.9952570651586,378238
2014-09-10,239.92909240722656,246.38853974038585,228.03785405962225,228.03785405962225,490350
2014-09-11,234.5462188720703,244.3821891432014,231.02289626781686,241.73969345655482,251578
2014-09-12,237.38442993164062,247.61187391075492,233.02920430614105,235.37808567405756,322253
2014-09-15,245.0183868408203,251.03740640087747,234.1547738066664,234.79092500335193,348149
2014-09-16,242.5715789794922,273.84112635057284,240.27162062926664,246.97574310507954,936331
2014-09-17,261.7052307128906,266.01151883592075,244.67580094093205,247.61191055222324,459627
2014-09-18,275.9942626953125,279.8111986526757,259.3563106888575,259.40523389475885,688727
2014-09-19,258.622314453125,285.43877552222733,256.7138313114248,278.73465278803906,454349
2014-09-22,260.13934326171875,267.9689702055496,257.1543099364458,258.4755654567486,227482
2014-09-23,246.58428955078125,263.22226032163263,244.77369743469538,261.8031286120013,152270
2014-09-24,252.79905700683594,255.44156793251017,237.43343271846197,248.59064465462677,209513
2014-09-25,247.66085815429688,259.4542351966589,244.6758102820901,257.3989524167588,187786
2014-09-26,241.2503204345703,247.6118907502892,234.88875011885142,247.6118907502892,156990
2014-09-29,246.6821746826172,251.52675312768847,240.85889291798287,240.85889291798287,157544
2014-09-30,246.24172973632812,253.7288032015316,242.96306806086875,244.96941259657558,169054
2014-10-01,239.88018798828125,248.63957965280918,237.18875387754863,247.02471022607315,62849
2014-10-07,237.38442993164062,246.73104713124212,233.86109294594237,240.7609524982044,54861
2014-10-08,231.70797729492188,238.9993129812177,228.967605410899,235.47599050218147,60044
2014-10-09,243.3545379638672,246.1438479801143,232.4909417051593,233.5675062350356,156289
2014-10-10,237.13983154296875,245.01839672485386,235.86751416444466,241.7397344340989,115071
2014-10-13,239.92909240722656,242.62052630707188,234.888776713774,236.74830688922754,102492
2014-10-14,237.18870544433594,242.57157256663604,236.01424976150187,238.90143589234052,40038
2014-10-15,237.18870544433594,237.18870544433594,237.18870544433594,237.18870544433594,0
2014-10-16,218.29974365234375,238.50995800943105,213.35728968884177,235.37811087232316,105464
2014-10-17,218.4954833984375,224.9549303145418,202.54261868986043,219.4252484261339,146456
2014-10-20,243.69711303710938,246.53534653268562,219.27846955690333,222.41031701880766,395078
2014-10-21,239.24398803710938,252.3586195366556,236.99296774883106,246.53532370089806,251231
2014-10-22,239.68438720703125,245.94809611161168,237.04189177980055,241.4460558031265,88112
2014-10-27,235.5738525390625,242.71838874285515,233.71432246980464,242.71838874285515,46503
2014-10-28,242.76734924316406,249.03104420106231,233.91008165804996,233.91008165804996,179396
2014-10-29,238.2653045654297,244.48007621140408,237.53127712380245,244.1864622479879,58161
2014-10-30,240.0269775390625,246.53534832652983,236.16110260012226,237.72701887555505,109546
2014-10-31,253.48411560058594,260.33503764384506,239.7822715140678,240.80991280732164,371816
2014-11-03,258.3287048339844,262.29244058986853,249.56929981498683,255.441518634163,154997
2014-11-05,280.74102783203125,284.9983928611116,258.86700464205495,258.96488093870147,638305
2014-11-07,297.9661865234375,312.1573822250551,283.3345624564339,283.82391403235175,903801
2014-11-10,287.44512939453125,300.3639931569736,284.557943131945,300.3639931569736,149657
2014-11-11,289.2557067871094,298.406587300191,285.97707509753985,287.64085254777734,143309
2014-11-12,310.8851013183594,314.5552387411347,288.2281256019572,291.01743601679743,648873
2014-11-13,291.60467529296875,318.0785889827809,287.73878511057717,312.20636887848343,292697
2014-11-14,294.8343505859375,301.78314955253074,286.9558014633992,289.6961585840249,196819
2014-11-17,308.9276123046875,313.08710027453515,299.6788863864378,299.97248535489774,303589
2014-11-18,312.10845947265625,321.60189291494476,306.4319925875196,309.1723497318643,277660
2014-11-19,311.9127502441406,324.4401404000053,308.2915361267019,312.1084729814064,246468
2014-11-20,327.2783508300781,332.5633422451227,308.2915143335427,310.78719559775345,338921
2014-11-21,392.70465087890625,392.70465087890625,320.6231676630745,330.31232316917345,1521157
2014-11-24,431.9506530761719,431.9506530761719,401.26830250840175,401.26830250840175,995324
2014-11-25,414.08935546875,470.609468759577,407.6299079762677,449.9099007746489,2101246
2014-11-26,403.7640075683594,423.72957745233606,396.91308492478174,414.0893446160571,608293
2014-11-27,424.3656921386719,435.47397887321284,403.7639728947973,403.7639728947973,991981
2014-11-28,440.2696838378906,448.7354613778125,420.84241743175437,427.5954642030586,657518
2014-12-01,415.75311279296875,443.54830792677194,412.2787283350692,440.1717698960175,323427
2014-12-02,447.51202392578125,457.2990556136059,410.5170560928643,415.9488467325468,658205
2014-12-03,492.23883056640625,492.23883056640625,457.29911124344125,463.8074821340493,833870
2014-12-04,504.0811462402344,526.5423999704216,496.83874745580806,508.3874648553067,1045957
2014-12-05,509.3659973144531,530.0655302897262,505.4022620413405,507.06600938256173,484363
2014-12-08,494.5876159667969,523.1168052664516,491.3089546188189,511.8617196526739,238822
2014-12-09,469.0924377441406,515.4829939048236,452.01408460879287,496.5450807718425,394011
2014-12-10,459.8437194824219,478.58588039980395,453.1885195849007,472.7136610083953,202084
2014-12-11,433.71234130859375,466.0095487108506,425.8337920560136,464.19894171628437,316562
2014-12-12,406.4554443359375,449.2247879458135,401.2683291019249,435.5229425618453,279454
2014-12-15,394.85784912109375,409.5873214954332,388.05584939770426,400.9747446034031,233886
2014-12-16,365.0562744140625,394.4173688709576,355.4160424271853,390.5025562767049,502471
2014-12-17,347.0970764160156,376.1156196962569,346.8034774094121,362.21805247676116,569751
2014-12-18,364.4201354980469,364.4201354980469,353.85012322036016,356.24795796139136,169087
2014-12-19,379.7368469238281,382.6240333513664,365.4477740299682,382.6240333513664,600924
2014-12-22,386.09844970703125,393.92807606357434,369.11794157274755,376.0667409377104,282564
2014-12-23,378.21990966796875,396.2769679873828,374.84337126952335,382.67299782345594,170202
2014-12-24,367.2583923339844,381.40066615773054,364.1265300059273,374.45186715136515,96538
2014-12-26,365.39886474609375,376.80075164707864,363.09890613263946,364.0776093836708,85389
2014-12-29,369.0200500488281,379.7368626293729,365.2520664142828,365.2520664142828,147198
2014-12-30,362.0223083496094,373.86462306417775,359.37982762550575,366.42647275743343,91670
2014-12-31,359.37982177734375,371.76041110433937,357.12878652938485,362.12017875055784,343664
2015-01-01,377.3389892578125,377.3389892578125,356.9819755919524,356.9819755919524,149047
2015-01-02,415.0680847167969,415.0680847167969,386.5878120810894,388.8877708606725,544423
2015-01-05,435.13140869140625,453.8246440664462,429.6506653017269,432.5867746318071,529171
2015-01-06,411.3000183105469,433.3697634435645,401.56190955875127,430.6294064405488,247704
2015-01-07,452.4056396484375,452.4056396484375,411.5447733308123,414.52980670755204,1261920
2015-01-08,474.1327819824219,493.168541494358,465.8627279117183,467.8201343315154,969711
2015-01-09,462.2414855957031,491.015382087234,457.0543708500325,478.58584014061216,565555
2015-01-12,465.9605712890625,475.6497264090503,462.192558223609,465.86269500145664,171857
2015-01-13,459.2565002441406,477.5093098903292,455.7821156523276,466.84145043464054,200421
2015-01-14,445.0653076171875,467.3308067888005,442.3738736513881,461.40966401110313,163619
2015-01-15,454.9991760253906,464.3947340470819,426.86145504782775,448.8333569408478,510195
2015-01-16,454.9991760253906,471.53925646997476,450.74181053003696,453.13964565605676,294782
2015-01-19,473.44769287109375,477.7050579433101,450.6928425160489,451.18219413658755,462826
2015-01-20,460.7734680175781,479.4667056549246,458.865014642649,470.7562528950539,261443
2015-01-21,463.46490478515625,473.5944892365211,455.19488037360276,460.0883965464696,180705
2015-01-22,454.8034362792969,469.7775848493067,452.6502770683424,461.94795843515163,188009
2015-01-23,447.70782470703125,462.7308960711126,441.6398524602391,459.01183557640366,117947
2015-01-27,441.2972412109375,456.0756646439606,437.48030492671757,448.2460394998582,115081
2015-01-28,432.53790283203125,452.16089057326917,429.308164264488,441.2972787872641,173706
2015-01-29,426.7146301269531,441.6398551485954,420.842410446307,432.58684980759926,128761
2015-01-30,421.28277587890625,439.4377070633037,418.2487901906854,435.5718177378474,151414
2015-02-02,442.324951171875,442.324951171875,417.90629283990586,417.90629283990586,168794
2015-02-03,426.6167297363281,457.0544060025325,422.9955457249935,453.13959310315323,299964
2015-02-04,423.8763732910156,436.64843844737936,421.8210905422215,430.4336669867419,175747
2015-02-05,425.9316711425781,445.0653079484404,422.114704530481,428.6720283263703,303565
2015-02-06,406.8469543457031,438.1654584514442,401.31725707041085,427.79119799288685,203506
2015-02-09,407.5809326171875,425.3443885482388,371.90719139067966,371.90719139067966,204090
2015-02-10,405.6235656738281,420.5487899332881,400.77897273763097,408.11924696359495,110080
2015-02-11,411.3489990234375,422.3104883030469,407.1405866374682,409.39159235691125,127201
2015-02-12,452.4544982910156,452.4544982910156,410.663887643219,414.7744233523049,716247
2015-02-13,450.2524108886719,461.850050185979,443.0589660123501,458.0820367612637,394132
2015-02-16,460.6266784667969,472.3221942469865,451.28007437985156,453.1396045806259,318588
2015-02-18,461.01812744140625,471.63706306649124,456.0756882603237,461.9479074224738,169357
2015-02-19,459.4522705078125,469.77757824935657,451.42689159899106,463.80748221890684,277577
2015-02-20,458.27777099609375,471.73493992550385,451.42684863203044,461.89898476415914,214747
2015-02-23,456.8097229003906,464.29679647734343,453.1395858658401,460.03943154373445,126174
2015-02-24,442.1781311035156,460.8713697735184,440.41647714200917,458.0331362276895,68146
2015-02-25,417.7594299316406,452.89486572945015,412.5233623013792,442.1780546905755,134093
2015-02-26,413.991455078125,429.65070633403514,405.1831262466755,419.8636742990913,115151
2015-02-27,413.7957458496094,423.0445040388153,409.14690514588614,418.54246285746825,122891
2015-03-02,432.97833251953125,445.0653242082278,416.92760442595943,418.0531072437193,276928
2015-03-03,475.50299072265625,476.2370181767302,435.2782802658713,436.74633517401924,779600
2015-03-04,454.6565856933594,491.30903458291067,448.2460913126954,484.1645127601407,449811
2015-03-05,464.4925842285156,479.0752571761801,450.69286196043095,450.69286196043095,276965
2015-03-09,493.1196594238281,538.286810355589,459.99054703113967,468.7988766551402,1385868
2015-03-10,506.381103515625,530.2614278266719,494.6855873136795,496.3004417602791,600782
2015-03-11,507.75128173828125,524.5849911629609,500.1174076199124,513.0363036777043,270227
2015-03-12,489.009033203125,523.7530256261067,477.80289982065773,511.9596046324648,413467
2015-03-13,467.6243896484375,493.4621787207115,461.9479228821164,493.16854983218667,238296
2015-03-16,454.50982666015625,472.6158385114121,448.2461312364962,471.4414124200322,131948
2015-03-17,461.9478759765625,469.53282521134713,453.6288993964761,458.0330634682865,171027
2015-03-18,469.4350280761719,478.5859098307196,456.3693331532748,462.4862287288208,240956
2015-03-19,458.6692810058594,483.4794148465138,456.5650749512119,474.08385749135044,174849
2015-03-20,439.4866638183594,462.2415134153887,435.5229277710988,461.4096395823068,120489
2015-03-23,436.40374755859375,456.07568770121054,429.6507015039301,441.3951398138325,236983
2015-03-24,433.0762023925781,444.52704274188415,428.67203762248414,435.52296059818593,135663
2015-03-25,426.3231506347656,441.2972987274583,424.9529720294953,437.2846093445818,106721
2015-03-26,416.0956726074219,425.73590540447907,413.2085159971093,422.89767200864634,82027
2015-03-27,421.0381774902344,428.4762987800438,403.7640401097391,415.9489083120602,175066
2015-03-30,443.4993591308594,448.0503231401943,426.07845372415625,426.51885225351975,254811
2015-03-31,430.6783142089844,448.6864762721108,426.07842727118697,446.28864157972106,123506
2015-04-01,439.58453369140625,448.2460629334096,422.1146757018032,431.6081086323878,141334
2015-04-06,464.2478942871094,469.2392868536604,440.5143403889239,445.30998035770705,394669
2015-04-07,468.94561767578125,487.1984258127795,460.52876444484934,466.84141183496087,421424
2015-04-08,460.2352294921875,475.4051307301012,457.05444374875395,471.7349933338317,174939
2015-04-09,458.3267517089844,468.21166119079226,452.25880906014004,464.1011251772503,117656
2015-04-10,467.8690490722656,472.5178892350975,456.0756875536156,460.8224040091953,154691
2015-04-13,465.8138427734375,478.7816613645699,462.4862276936651,472.12646107267926,146301
2015-04-15,471.4413146972656,495.4195416380587,459.99047600705154,467.77117792061364,409228
2015-04-16,457.6905517578125,475.4050858932958,451.1821813624485,474.4753058935359,154199
2015-04-17,444.0865478515625,466.79247254827794,440.4164110924587,460.4798253755596,147736
2015-04-20,434.20166015625,446.2886504117655,430.6293995201246,446.2886504117655,96105
2015-04-21,429.79754638671875,437.9697248803637,417.5637551889433,437.9697248803637,126194
2015-04-22,427.30181884765625,435.91439497501705,416.4871306745253,431.11875531619904,86988
2015-04-23,431.0208740234375,445.4567459125276,426.81246230113595,430.1400471359384,105385
2015-04-24,413.84466552734375,433.5166063643758,406.4065150283102,431.02089521483276,112159
2015-04-27,392.9493408203125,418.39562441017085,387.9579484503099,415.01908637137893,115133
2015-04-28,418.24884033203125,425.49123841665653,383.7495507306807,392.4600036919592,181183
2015-04-29,412.2787170410156,423.3870041739892,406.6511737223549,414.87227450999865,98721
2015-04-30,410.17449951171875,415.94884217067573,402.736349537019,411.0553263804325,74065
2015-05-04,427.8401184082031,433.5655383760906,413.99147343811813,415.65528090490693,139881
2015-05-05,436.1590881347656,444.331266072403,422.01684439292035,430.0421929520508,167975
2015-05-06,415.5574035644531,448.2460859553522,411.15323896445517,438.9973283482953,158404
2015-05-07,402.73638916015625,423.4849100991866,395.49399105158443,419.570097081834,105597
2015-05-08,410.7127990722656,419.8636801254533,407.1405383034699,415.9488672571507,54071
2015-05-11,417.41693115234375,424.2678538207292,414.2361456277362,420.3530408673661,84298
2015-05-12,406.5533447265625,418.6892596694523,405.18316608049753,418.6892596694523,47490
2015-05-13,409.0979309082031,417.9062595641214,405.23204138437865,410.07663409219407,69865
2015-05-14,410.6638488769531,415.94883992839567,405.18310524789604,409.8319452235663,51361
2015-05-15,412.7191162109375,421.42956797501387,410.2723584194751,412.0340120822685,93022
2015-05-18,420.9891662597656,425.24653105978615,413.0127413284919,413.0127413284919,79749
2015-05-19,423.58270263671875,435.3271401944945,418.1509122133072,421.7231726636008,105786
2015-05-20,422.5550842285156,432.7825440741001,420.8423537191933,428.4273031176206,58313
2015-05-21,418.004150390625,426.7146030574883,416.0467439545815,421.82108696737953,39782
2015-05-22,457.0544128417969,471.4413624093599,424.7572059386292,424.7572059386292,956626
2015-05-25,460.0394592285156,467.8201621570595,451.6715582332279,461.9479425483934,234714
2015-05-26,475.7477111816406,484.45816514711817,458.5225260028785,462.5352157685374,481557
2015-05-27,486.2197265625,494.88125565561467,466.9392918892129,472.12640678212983,265617
2015-05-28,512.9873046875,543.0824280002853,493.26641137052945,494.2451145676932,1090938
2015-05-29,535.644287109375,539.7548527857202,509.80655665220377,513.5745403432578,536598
2015-06-01,505.30438232421875,534.3718754059996,501.6342458173094,534.3718754059996,211629
2015-06-02,473.54559326171875,507.3598098819225,470.903082429304,507.3598098819225,222616
2015-06-03,474.2796630859375,481.52206211164633,452.6503124525131,473.64351186358965,191815
2015-06-04,486.85589599609375,500.5087870763763,471.0008929512463,475.5518566446739,262221
2015-06-05,504.5704345703125,513.1340877698606,491.60261686813965,493.9515284969945,416259
2015-06-08,486.3176574707031,510.88311595469935,479.56461076207415,503.44499486557413,169800
2015-06-09,480.4943542480469,493.2664192274102,476.7752641189952,481.5219806743766,105584
2015-06-10,485.1431579589844,496.69184305235365,476.28587663026894,480.54324125853327,113856
2015-06-11,470.6584167480469,490.9175872526814,468.01593572634766,488.32402944951826,65550
2015-06-12,463.66064453125,477.1178136337401,461.1649632993034,469.2881879741095,141820
2015-06-15,462.48614501953125,473.6923076326948,456.7607556912303,459.50111246601284,119672
2015-06-16,472.0285949707031,477.9008148369826,453.139633014566,463.856446217588,108530
2015-06-17,480.15179443359375,492.8749359949081,472.7136441626797,477.802912734266,236685
2015-06-18,475.79656982421875,487.78568440515556,472.90941321307434,481.1794375952516,124743
2015-06-19,477.6561279296875,484.26237512601585,474.7689711496624,475.7965976553629,61547
2015-06-22,488.3240051269531,493.16856835926313,477.60719244771457,481.2773296847616,166318
2015-06-23,482.2560729980469,491.0154798783056,477.21575674744827,489.3516722456082,65241
2015-06-24,481.3752136230469,489.20483985298716,477.9007990629186,484.2623703747451,118418
2015-06-25,480.7390441894531,484.9474561809961,476.87315443832557,477.99865719256127,46725
2015-06-26,478.6838073730469,482.9900960757739,472.90946366705,482.40286810093494,52025
2015-06-29,469.6796569824219,473.0072418695923,461.9479077207947,464.8840173037659,76075
2015-06-30,496.5450439453125,503.6895947863595,465.03079089705744,465.03079089705744,366208
2015-07-01,500.4598693847656,513.7213151908007,498.1599109735385,501.09602046847095,154071
2015-07-02,491.2111511230469,503.54281794419023,488.6175935056112,503.54281794419023,88423
2015-07-03,492.5323791503906,505.9895479796363,489.35159379075077,493.2664065410768,89795
2015-07-06,499.1386413574219,503.8364048584309,480.543280208812,486.4154995188993,129205
2015-07-07,513.2319946289062,529.4784442553746,498.15994108315283,500.11734753141667,485556
2015-07-08,504.0811462402344,516.559613897526,499.13870629166354,511.3724981125377,165665
2015-07-09,509.9533386230469,515.8744815957609,504.0321956503328,508.38743724913036,95674
2015-07-10,503.0045166015625,517.3914654460277,501.19387985832685,513.721328482404,79905
2015-07-13,511.86175537109375,526.5423028482761,505.01083321507525,505.01083321507525,207854
2015-07-14,508.04486083984375,517.2446957848232,506.18536040479233,515.2872891782582,101702
2015-07-15,503.4449462890625,514.7978794318415,501.0960347321347,509.90436346766046,117325
2015-07-16,505.6959228515625,513.8191469418693,504.0321155715481,504.0321155715481,104830
2015-07-17,524.2423706054688,533.3932212408944,504.5214780728092,508.82779586318605,384401
2015-07-20,527.7168579101562,545.1377655813118,523.7531212923994,529.0380835376379,284585
2015-07-21,508.0937194824219,531.4357636606937,506.03840720719836,528.7443302351561,116009
2015-07-22,517.4893188476562,523.0190158415207,504.0321497996084,509.90436902057473,118503
2015-07-23,517.68505859375,525.074255649776,514.0638448835878,520.3275691246954,72343
2015-07-24,515.43408203125,522.6275269063447,511.37243971641396,517.5871813576016,117596
2015-07-27,501.0960998535156,524.5849795341492,496.15366003444433,510.8831330537796,134878
2015-07-28,515.51123046875,527.5728277574462,504.0379804225416,504.0379804225416,150165
2015-07-29,513.9420776367188,523.1599145041945,511.44151269621966,519.4825955175202,69473
2015-07-30,591.950439453125,604.2571908632491,516.7860001241633,518.6001205859925,1406739
2015-07-31,596.3140258789062,620.0450031603781,583.9582579636278,598.1772247822216,758366
2015-08-03,591.116943359375,610.9254531693376,575.6231797919762,596.216172595437,326316
2015-08-04,608.08154296875,622.5947454872878,590.3323710362827,592.1955702345889,591374
2015-08-05,592.9310302734375,625.3404613845987,587.3905115243537,609.9447381772086,371017
2015-08-06,580.3299560546875,600.922942415836,571.0140812722632,588.6652124389619,170810
2015-08-07,573.6128540039062,599.1579562055678,569.2490893246023,573.6618729627776,184445
2015-08-10,582.879638671875,600.138499689382,575.2307667744651,575.2307667744651,262247
2015-08-11,571.2103881835938,594.2059084852046,564.8363666845494,582.9778124895219,100324
2015-08-12,551.9410400390625,573.6617614431299,546.20444636551,568.7586694649835,129597
2015-08-13,564.2478637695312,577.4862124620701,552.0881713999496,552.0881713999496,133038
2015-08-14,563.6596069335938,571.1613637983068,554.0985747757748,566.7485797254673,89095
2015-08-17,578.614013671875,587.1944267290231,554.5398381505473,565.8169524542278,209990
2015-08-18,588.2240600585938,599.1579817015607,584.4487022817189,588.3711767936767,192270
2015-08-19,582.3403930664062,592.1956589172338,579.0553443509409,586.1158109857816,80165
2015-08-20,565.7678833007812,587.3905103160996,561.8944280653172,581.016489753404,80387
2015-08-21,547.283203125,560.717689581739,537.6731530541485,557.9719695403826,104984
2015-08-24,451.8689880371094,527.3766117362877,438.33646485107386,525.6115104254487,177938
2015-08-25,460.400390625,482.4643071086262,409.8985373402556,465.25446422183853,206203
2015-08-26,457.1643371582031,483.4448998660814,442.79825280548084,465.5976319573802,84705
2015-08-27,468.1472473144531,479.52242744771723,459.07652654984906,474.52126731120194,89161
2015-08-28,468.98077392578125,488.347988322089,465.79376396183187,472.6580931149536,95456
2015-08-31,463.4402770996094,477.5611765397962,461.3809724065176,467.8040111677732,48974
2015-09-01,451.427734375,467.55889081276104,447.21105685145346,460.7926291192815,48739
2015-09-02,451.6728820800781,465.00929951751306,447.7504081235444,457.89981547129565,49539
2015-09-03,457.99786376953125,470.5988176259831,453.1438200938621,458.04691265076144,55753
2015-09-04,442.3570251464844,456.968235267455,428.53029787956615,456.968235267455,81643
2015-09-07,438.18939208984375,452.9967377420214,422.64658254692324,450.7412971880818,66484
2015-09-08,436.375244140625,444.4653469814343,420.14601950313937,433.4333885621489,65240
2015-09-09,440.1996765136719,452.60449562003265,434.6101685387403,443.23960011026844,86936
2015-09-10,436.66937255859375,444.9065912671442,427.7947877852927,431.6191936564915,43906
2015-09-11,444.02398681640625,451.08445106437466,440.1995811512974,443.23950408934206,48476
2015-09-14,445.9362487792969,453.0947516325814,442.50408413778496,450.1038772725613,38006
2015-09-15,455.987548828125,463.83249590473787,443.8278868445946,443.8278868445946,75826
2015-09-16,453.3889465332031,464.81314549528275,448.14263183827893,456.1837151020973,52831
2015-09-18,455.25213623046875,459.81200624626445,447.2110526023225,457.017237550744,51596
2015-09-21,455.84051513671875,458.68430279792057,452.0651279312483,457.94883892384587,36373
2015-09-22,448.9271545410156,463.8325682829162,445.00468039063156,458.88045663849744,33474
2015-09-23,450.6922912597656,457.9488625396268,445.29888923842094,446.23045890462765,24723
2015-09-24,449.7115783691406,457.16428376586856,447.8974284482251,450.9373512986651,31288
2015-09-28,454.41864013671875,456.7721187235581,450.103924406496,450.103924406496,24060
2015-09-29,453.9283142089844,460.4004025300912,446.1324148055103,450.10390790481756,31311
2015-09-30,471.9226379394531,478.541812601461,453.04573242187496,454.95795040578423,135696
2015-10-01,473.0504150390625,487.36745283803674,468.98085376215505,473.63879219471175,89581
2015-10-05,488.1518859863281,494.08464597219927,473.6387438993962,478.0025082722228,106656
2015-10-06,478.1495666503906,492.6627078748736,475.01157561077787,490.30922955821427,63125
2015-10-07,473.5897216796875,482.4643072304574,469.7162665922542,480.40500237291184,42742
2015-10-08,478.1495666503906,495.16330290128076,472.16778806456034,472.7071162466342,92243
2015-10-09,509.23516845703125,518.7471797537696,476.67865263608496,478.934063186313,357374
2015-10-12,504.6753234863281,514.2363536438489,497.17356819108477,513.7460444050017,106698
2015-10-13,500.8999328613281,509.62746171411845,495.21235736108736,500.11545000822684,78880
2015-10-14,506.5875244140625,511.49061721656875,498.3993833747599,500.11546585563707,42511
2015-10-15,514.3834838867188,523.4051871389946,506.93080633391423,506.93080633391423,125981
2015-10-16,504.7243957519531,517.6194941843758,503.54764148398317,511.8828994248086,60122
2015-10-19,508.6959228515625,514.530615768447,505.9992215737952,507.96045886671686,41982
2015-10-20,503.25341796875,512.8144481879307,500.60573609145945,512.4711958072027,34064
2015-10-21,507.12689208984375,518.5510619484821,503.35147487256813,507.86235598061376,75129
2015-10-23,499.4289855957031,511.73573568977287,496.38909221387655,509.8725964678221,31769
2015-10-26,495.3594665527344,505.9011461468241,488.88737798065716,505.9011461468241,34189
2015-10-27,493.3491516113281,499.9683261948627,488.54412715813055,494.28072118964684,28314
2015-10-28,492.221435546875,497.9580294522392,480.5030332751334,491.2898360629425,37594
2015-10-29,488.9364013671875,499.9683597467445,483.3959126995638,499.9683597467445,61754
2015-10-30,488.740234375,500.2625012775533,481.97397298765685,485.45515654947746,50168
2015-11-02,484.8668212890625,492.90787490062337,481.1895019747843,486.43578692227356,34971
2015-11-03,489.1324768066406,493.202067364251,481.8759061740773,481.8759061740773,30907
2015-11-04,510.2157287597656,528.5533043505293,484.22934181117745,489.08341473993784,229189
2015-11-05,501.73345947265625,517.7665782502861,498.2032268175475,509.872611139449,85750
2015-11-06,495.2613525390625,514.6285675654217,489.1324870243919,501.1450634331463,36809
2015-11-09,490.06414794921875,496.09494638598414,474.7174727630435,483.9352816667123,53953
2015-11-10,484.4745178222656,498.1541567345295,482.95457124361377,494.18266410895575,35742
2015-11-13,479.7185974121094,489.1325113703279,477.6102436292412,486.48485929186745,24280
2015-11-16,472.56005859375,483.5920169388702,469.7162708722284,481.14047063995463,32873
2015-11-17,486.4848327636719,493.9865581327253,473.1484154819652,476.09027091501366,141065
2015-11-18,484.22943115234375,496.143970552809,483.34688043685463,488.29902210205506,62385
2015-11-19,486.09259033203125,494.3297795419641,483.4449084774345,490.4073056395103,23203
2015-11-20,484.8177795410156,493.25110461103696,481.728837256803,485.4061566251755,79324
2015-11-23,484.4745178222656,488.39699149734065,478.54178835915434,488.053798991651,63402
2015-11-24,476.7276611328125,489.230546570959,474.61933741669816,486.3867590055419,49782
2015-11-26,475.8941345214844,483.4449087585389,470.9420231871974,473.9328975691171,58451
2015-11-27,474.96258544921875,482.4643111309738,471.18719816754657,476.18835859741733,39749
2015-11-30,478.54180908203125,478.9340504813046,471.2361895754002,473.5896978232414,19955
2015-12-01,479.9147033691406,488.1518930491768,471.77558152748276,477.51220592243567,59070
2015-12-02,485.2099914550781,487.3673639904658,475.69801055619575,483.34682240693417,69850
2015-12-03,488.4950866699219,507.6661957856909,478.54181514746426,485.2100087979312,234589
2015-12-04,475.697998046875,485.1119407952197,473.63869339472166,480.5030222845002,56749
2015-12-07,473.8348693847656,483.34685084325815,471.8245835116805,480.55208214357003,43876
2015-12-08,458.3901672363281,484.91588785748394,456.23279438967523,473.5897552278165,85774
2015-12-09,439.46417236328125,459.95909291489835,433.53144244147944,459.861055006321,86684
2015-12-10,440.3467102050781,445.88722847908787,428.53026965972947,444.2201651163786,53577
2015-12-11,429.7070007324219,448.14261493433565,424.6077730121824,443.2395228672204,39506
2015-12-14,433.09014892578125,436.86553608706254,421.76401736803865,429.7070331002964,52896
2015-12-15,434.9043273925781,437.45394161053997,421.86211263399736,436.37525521915956,26305
2015-12-16,436.1791076660156,449.12328415804205,434.51207413026077,439.80740817659796,36648
2015-12-17,458.4881896972656,463.0480898818757,435.39463488495744,443.1905643043523,105275
2015-12-18,453.4379577636719,467.5588572239191,451.6238076760829,458.88040802643883,37188
2015-12-21,452.898681640625,460.64556217197406,449.1232942517597,449.1232942517597,16998
2015-12-22,461.9202880859375,475.30575326611074,453.1437713096053,454.02632188961377,62285
2015-12-23,464.0286865234375,472.6581173595614,461.87131385135564,466.57827068449564,28596
2015-12-24,462.1164245605469,470.0103907709294,459.81196531757155,465.7937435888801,25146
2015-12-28,466.5782775878906,472.2168340506069,462.1164753139212,462.1164753139212,26891
2015-12-29,475.7470703125,479.5224576101934,465.7937982921101,469.22596312163097,77108
2015-12-30,481.6798400878906,489.3286527496076,476.58061169601064,476.58061169601064,85895
2015-12-31,488.3480224609375,491.9763229516705,477.56121875196095,486.1906497487013,42814
2016-01-01,483.1998291015625,496.585267392823,478.63995846512506,491.24091382417686,28281
2016-01-04,473.5897216796875,487.3673997836124,469.7162665922542,483.15075215833986,26667
2016-01-05,482.70947265625,486.8280824634737,472.65813269743524,477.5122064040844,47581
2016-01-06,479.9637145996094,488.1028358027766,472.6580951420157,485.01389365584447,33777
2016-01-07,459.9100646972656,478.54181571911647,457.9488277475971,478.54181571911647,30524
2016-01-08,462.1654968261719,475.50191469264405,458.9294676783679,458.9294676783679,35574
2016-01-11,457.89984130859375,463.83257153216863,452.06514899858297,457.50756994992514,17417
2016-01-12,452.898681640625,465.79380954058047,451.32968598116247,460.8907168085744,20110
2016-01-13,435.73785400390625,460.84169459985793,422.744658355774,457.65468434654247,31257
2016-01-14,432.69793701171875,441.180281519759,421.96015187350787,430.4425263076514,14596
2016-01-15,417.0570373535156,487.3673959887286,408.4276064975965,437.1597166649219,58942
2016-01-18,402.15167236328125,414.4094042085038,393.2280375947386,411.9088089564165,83686
2016-01-19,406.17218017578125,411.56558173331234,399.209783089021,405.97604451233985,55141
2016-01-20,388.5210876464844,404.0148490119376,383.42185913511554,404.0148490119376,72888
2016-01-21,387.3443298339844,404.84837705347496,378.51876282510875,396.16989684285994,32309
2016-01-22,395.6795349121094,402.00453573058655,389.3055151427693,392.39445719961424,19773
2016-01-25,395.7776794433594,403.0342512172816,393.2280650562772,401.61234225349386,11653
2016-01-27,398.37628173828125,405.9760754206731,396.31697681976743,400.8768470439819,6865
2016-01-28,394.0615234375,401.95548985573964,392.3454411790914,400.43554325444615,7010
2016-01-29,399.1607666015625,405.97607745684695,393.2280363772841,397.10149159882326,13564
2016-02-01,410.5849609375,419.116323578958,400.58264068078324,402.05356836994156,28288
2016-02-02,409.4572448730469,425.4903634181787,407.2508532363618,407.2508532363618,30259
2016-02-03,398.71954345703125,407.9373526519257,397.34668335159694,404.01487810719567,15352
2016-02-04,400.53369140625,409.89858735259554,394.2086892721134,402.1517061605786,11913
2016-02-05,399.8962097167969,404.9954378539212,394.5518568823757,401.90649558432347,5941
2016-02-08,394.6499328613281,413.13456790614214,391.0216323897163,401.31812678493134,27202
2016-02-09,383.8631286621094,394.25766095301134,381.46060133620915,387.3933313659844,13174
2016-02-10,367.7809753417969,392.2474201437015,361.79922612548796,391.2668015933423,41028
2016-02-11,329.3406982421875,369.6931397376115,324.0943837752801,369.6931397376115,52947
2016-02-12,314.48431396484375,337.3327093422991,303.99168574451375,333.2141003391928,24952
2016-02-15,341.2062072753906,352.2381650198386,317.7694019929716,317.7694019929716,30576
2016-02-16,325.22210693359375,350.9633415608178,323.30991888837457,342.23584323433147,11831
2016-02-17,326.7420654296875,331.2528861644163,311.8366536615872,324.5846929622181,15969
2016-02-18,333.80255126953125,338.01922902600245,324.0944335273076,324.0944335273076,10578
2016-02-19,345.8641662597656,348.5118183255988,325.5653507911987,333.41029900303477,15187
2016-02-22,354.4935607910156,360.7204937776821,338.9998016397457,344.19706732405666,35196
2016-02-23,339.39208984375,357.6316010580046,336.35216632035696,357.33739753413226,13102
2016-02-24,330.61553955078125,336.2540962372176,326.6440463768631,333.41030841536605,17810
2016-02-25,322.2802429199219,340.9610420763818,318.7009916146998,332.42964971502533,15152
2016-02-26,329.0465087890625,332.03741301596824,319.14228638909634,323.75117514650333,7407
2016-02-29,323.80023193359375,335.37151795093416,320.8583765129715,329.2916714445412,10876
2016-03-01,336.3521728515625,342.2358843300155,320.9564491791689,327.52660563388304,18972
2016-03-02,342.7751770019531,351.0614151111912,338.31337489765633,341.255230331549,23845
2016-03-03,347.3841247558594,352.9736625163033,343.36358267607545,347.87443403568415,97723
2016-03-04,365.966796875,372.53692216387617,349.1001485156044,352.92455426974107,41968
2016-03-08,353.9051818847656,367.73190759557923,351.0613944512463,365.7706707550695,30607
2016-03-09,359.6418762207031,360.9166684468171,349.5905354401654,351.0614633592685,20740
2016-03-10,358.80828857421875,367.58483576277035,356.9451194852029,359.6418202505444,10324
2016-03-11,360.2792053222656,367.7319113780813,353.90518552504557,353.90518552504557,9385
2016-03-14,376.9007263183594,387.2462395190248,369.6931743608519,372.63502985974463,96112
2016-03-15,361.5050354003906,384.40248534696786,360.37733001278235,372.6350623261423,58283
2016-03-16,358.9554138183594,367.7319619472758,350.27696345728657,364.74108729387945,24103
2016-03-17,358.4650573730469,371.06601026310557,354.00325545889405,366.55515947148416,18418
2016-03-18,354.9349365234375,362.73083692720525,351.0614808398181,357.43550213998236,17788
2016-03-21,361.84820556640625,375.08655455054304,354.934857511797,357.77864501205823,54166
2016-03-22,365.03521728515625,370.5266865794344,360.8675888809604,365.28037189716775,26364
2016-03-23,375.6749572753906,378.61681280624555,359.3966840194398,365.2803950811496,104442
2016-03-28,362.82879638671875,378.86191269875684,360.5733861093485,378.86191269875684,23578
2016-03-29,355.9154968261719,368.712556290825,353.02266027844945,365.42747832801354,28531
2016-03-30,365.37841796875,373.86076105400144,359.1024662602107,362.7307363462561,42630
2016-03-31,359.6908264160156,370.6247457985772,356.9451067957191,368.02608303075084,34660
2016-04-01,368.81060791015625,374.8904243919717,357.1412542492537,358.90635550259674,34033
2016-04-04,375.9200744628906,383.4217993342097,365.77066790705936,371.5563105562944,32696
2016-04-05,377.78326416015625,386.3636757406919,374.0078770795004,374.0078770795004,26997
2016-04-06,376.5574951171875,379.4993505477905,372.6350212097168,379.4993505477905,15028
2016-04-07,371.6544494628906,379.4993982642181,368.02614867183473,376.8026971137618,15952
2016-04-08,372.14471435546875,379.4993529790946,366.8003316518601,373.6156420801939,12932
2016-04-11,370.4776916503906,376.0672295886427,366.8494208199308,376.0672295886427,14696
2016-04-12,384.6476135253906,387.14817877480885,368.7615815699623,368.7615815699623,67805
2016-04-13,401.8084411621094,417.2531829517451,384.40246231982155,389.0604003198704,166772
2016-04-18,405.04449462890625,411.2714286298779,392.2474340630413,404.9954756700901,52089
2016-04-20,404.01483154296875,408.77083736552754,398.13112040399346,405.48575932771257,27118
2016-04-21,394.3557434082031,408.9179348428639,392.2474195135385,406.90767878829826,29149
2016-04-22,393.6693115234375,401.1219882342007,392.73771197154116,398.0330459230157,11889
2016-04-25,389.5016784667969,398.13110925861184,387.3443058057923,398.13110925861184,9591
2016-04-26,392.29638671875,399.60200591387274,382.44118357401317,392.2473677682186,17948
2016-04-27,397.5426940917969,403.86769475364423,391.26674230569716,392.2473607074658,30368
2016-04-28,397.7388610839844,415.6841672799823,395.8266430794153,396.16986553229964,51264
2016-04-29,395.3854064941406,404.0148376581453,391.31581562053674,396.4640629450641,15608
2016-05-02,395.82666015625,408.5747009337531,391.75709927788296,393.22802705990256,48272
2016-05-03,395.4344177246094,406.95668532104867,392.34547537546524,396.66019087316675,30882
2016-05-04,385.2359924316406,398.6214292744554,382.73539724436824,391.2667903579525,19717
2016-05-05,380.6271057128906,391.0216689156821,378.71491738796277,387.34434914531516,22445
2016-05-06,383.6180114746094,388.86429708727167,377.5381641337026,382.4412571744,9004
2016-05-09,389.7467956542969,393.22797900925104,383.42179499405773,384.89272259633674,26709
2016-05-10,388.1778564453125,394.69896377462925,387.14818901893426,394.15963554612375,12341
2016-05-11,388.9623107910156,395.9737268780256,380.4799669965448,380.4799669965448,21751
2016-05-12,406.9566650390625,409.70238478454837,389.3055325795369,389.3055325795369,80274
2016-05-13,407.0547790527344,411.27142698157076,400.38655474472523,405.97609262816337,32739
2016-05-16,407.7901916503906,411.17330737404944,400.33748538609086,410.830114854709,13411
2016-05-17,414.11517333984375,428.92251841619657,405.97605190257553,408.4275981097167,136807
2016-05-18,409.80047607421875,417.89057891458816,406.56444690851197,416.6648057569564,17428
2016-05-19,405.9270324707031,413.8209992779583,402.05357749754245,411.369453073705,23538
2016-05-20,400.0433044433594,410.8791262315314,391.806085609055,405.92701508151976,37018
2016-05-23,358.2689514160156,395.728557698638,348.65887279189593,395.728557698638,78345
2016-05-24,349.54150390625,367.73196654770135,345.96222215763584,354.0033064632538,58701
2016-05-25,360.230224609375,366.75133187813736,355.1309962598796,356.01354695564925,29942
2016-05-26,359.7398681640625,364.2016699401508,357.9257181280567,362.5346366058986,16230
2016-05-27,368.9086608886719,372.34082535229174,355.9644857982942,361.84819630735694,39887
2016-05-30,367.9771423339844,380.4800299149525,359.69090290792,362.87791346777465,37532
2016-05-31,368.07513427734375,372.5859850478142,366.8493612378735,369.69314870422454,14244
2016-06-01,373.7137451171875,380.381939460305,368.71258439679735,371.60542116503296,18745
2016-06-02,373.2724609375,378.0284670923654,369.30096761164066,372.7331326825182,27847
2016-06-03,373.2233581542969,377.34193735867535,372.6349811462149,375.82199085338647,5877
2016-06-06,373.32147216796875,376.5575012236691,370.67379026704924,374.89043781551953,21087
2016-06-07,375.57684326171875,380.47993521030514,371.0659926837996,372.6349880925669,13404
2016-06-08,387.981689453125,391.95321218958986,372.63501647054505,376.50847137535015,46218
2016-06-09,389.0603942871094,400.04333358210124,384.74567882339903,393.7183322149324,28201
2016-06-10,391.6099853515625,405.5837983125501,387.39330804627104,387.39330804627104,45809
2016-06-13,404.7993469238281,415.6842193909444,382.88254511062536,385.3831105752135,117347
2016-06-14,395.97369384765625,409.2120421105198,394.20859271638045,404.99539500463965,34418
2016-06-15,400.1904602050781,406.9567226200458,395.1892993153698,395.1892993153698,29267
2016-06-16,396.4150695800781,400.2885250256995,388.9133432652679,397.68986179134083,31810
2016-06-17,398.3272399902344,404.35803767887364,397.1504858395286,400.53363157823173,15139
2016-06-20,396.2679138183594,403.72061987665984,390.48227106263516,396.70917415650047,16153
2016-06-21,389.7467956542969,401.5632354221653,388.9132640277857,392.5905830334832,14403
2016-06-22,395.82666015625,403.4264536966845,388.9133115511989,392.24740853855616,79399
2016-06-23,388.9132995605469,397.199507854789,386.36368549843337,394.45378805011376,10106
2016-06-24,379.9897155761719,382.4412621282762,369.20291074691283,381.4606435074345,27953
2016-06-27,388.5700988769531,391.217780921761,376.8026763242126,379.9896865989132,11825
2016-06-28,394.2086486816406,407.9373080884639,387.83462824275836,387.83462824275836,67146
2016-06-29,392.7377014160156,401.9555091469266,391.2667736953564,396.61115638419204,23379
2016-06-30,396.8072814941406,402.9361472960583,394.1105805412968,395.9737497598593,18287
2016-07-01,414.8016052246094,419.45954287193064,392.39446760964387,396.1698546353243,173649
2016-07-04,406.9076843261719,418.33188458976247,404.6032247199463,417.74350746726395,46779
2016-07-05,398.8666076660156,412.5462488360662,397.7389022835267,408.57472562890433,27406
2016-07-07,404.6032409667969,413.1346048442404,397.44470722013665,402.93617737379395,66833
2016-07-08,396.6601867675781,408.42760887193145,394.4047761680178,408.42760887193145,22234
2016-07-11,402.8380432128906,407.93727107172714,401.07294199119326,402.00454147970567,21275
2016-07-12,405.093505859375,413.6248688015721,403.0342010367407,405.92703756450095,32720
2016-07-13,398.03302001953125,407.9372722788286,397.15046940607107,405.6818618304193,15785
2016-07-14,400.2884826660156,404.6031980699686,398.03304216601407,398.03304216601407,18874
2016-07-15,396.95440673828125,403.7206991798825,393.8164450994092,401.71041304647,12323
2016-07-18,386.903076171875,398.91565462769404,384.89281991093554,396.9544173287848,13460
2016-07-19,391.9531555175781,399.7490532266683,383.0295227966096,383.42176414043433,36102
2016-07-20,394.3557434082031,397.64082153184967,391.2668009647547,394.20865661110616,13804
2016-07-21,393.1299133300781,399.8471554023765,392.2473627491124,395.87566282498125,15860
2016-07-22,395.3854064941406,399.11174496811924,391.31581562053674,393.22803374008805,18847
2016-07-25,398.03302001953125,405.6818618304193,391.26675874820336,396.6111412328732,33040
2016-07-26,392.3454284667969,401.07292625584864,390.2861238382097,398.131071051038,16241
2016-07-27,394.2086486816406,399.01367348880825,390.0900388891526,395.1892672106994,21323
2016-07-28,406.8901672363281,412.886863395311,396.3714008597911,397.30529362179414,58577
2016-07-29,401.2375183105469,410.4291716273776,400.1070008439346,409.3477953546807,26419
2016-08-01,400.4510803222656,412.8868324912,397.5510298556668,401.2375194314811,30325
2016-08-02,393.66796875,405.61218968082886,392.3899676211445,398.19003889612196,26137
2016-08-03,391.21026611328125,394.99503788687946,389.24413843838244,390.76787538613803,10097
2016-08-04,392.9306640625,396.96120216713234,389.44076911730116,392.24250731253676,9233
2016-08-05,397.4527282714844,404.9240200150523,393.47133142166325,393.47133142166325,22355
2016-08-08,476.9334716796875,476.9334716796875,388.3102621530131,391.84929839050324,1242931
2016-08-09,474.8689880371094,508.5880666098081,467.00447711629533,495.4641880112824,1070616
2016-08-10,441.54315185546875,471.8706796631305,438.6431313038103,471.08424053065056,328109
2016-08-11,478.8995666503906,502.34564636030814,438.0041029426346,441.5431389367082,1289886
2016-08-12,464.3994140625,481.6522047600165,460.7129241699621,470.8876422735131,208609
2016-08-16,482.8810119628906,502.2965244817451,464.49770456499965,466.75873959221974,311976
2016-08-17,493.79302978515625,502.3456984916673,480.3250711332749,484.4047806883935,240230
2016-08-18,495.61163330078125,504.99991105590175,491.5319243289961,494.77602302927636,163130
2016-08-19,485.04376220703125,503.72200784606133,480.7674278896955,497.43037436731225,97158
2016-08-22,488.8285827636719,498.46259813609663,478.7521765830231,478.7521765830231,85488
2016-08-23,484.8471374511719,496.74218688521006,479.24366110564466,490.8438033639098,51428
2016-08-24,499.4947814941406,519.0577474135587,485.48612069746787,487.35393613687825,522270
2016-08-25,493.3997802734375,509.32539793275635,489.664149341194,502.5914340154804,192335
2016-08-26,483.7658386230469,496.79143765221454,480.226801943277,492.51510291418987,55456
2016-08-29,474.9181823730469,488.5827647636758,470.98592672102535,482.6843812856435,54096
2016-08-30,482.979248046875,491.5319153746854,474.4266107197918,478.11310008510196,74301
2016-08-31,493.5963439941406,500.871010173154,481.8978906791524,485.63352114924055,118640
2016-09-01,484.9454345703125,500.08464340200874,480.07928601789376,496.4472947864493,56925
2016-09-02,489.5658264160156,495.1693026945631,479.7351873313567,486.61663469061796,63387
2016-09-06,500.7727355957031,509.2270909828224,486.6166216920793,486.6166216920793,173512
2016-09-07,577.2060546875,587.8722751439574,498.41345066552907,501.8541746839301,1067882
2016-09-08,571.8482666015625,597.5062096717949,560.0023589388913,573.9126767331143,376702
2016-09-09,553.5140991210938,578.8771349263823,550.5157663226635,572.1431714281966,133881
2016-09-12,525.2509765625,548.5496006326729,519.9916092308503,545.600409231422,121450
2016-09-14,572.8804931640625,603.3063331582243,523.0391409605652,528.2985688763747,801728
2016-09-15,550.3192138671875,581.6298381922522,545.6005186789062,576.0755026051153,220349
2016-09-16,541.8648681640625,567.2279063978507,534.5901708405241,554.4480748845542,154602
2016-09-19,561.5260620117188,586.397564481472,545.8953233837184,546.5834800531408,375884
2016-09-20,552.2361450195312,566.1465231848256,545.6496048988464,563.9837706076884,103168
2016-09-21,567.6212158203125,576.0755427889831,544.6174926708134,549.6802966122938,238280
2016-09-22,567.7684936523438,575.9771124983366,555.9225866965021,563.492190062952,240307
2016-09-23,597.850341796875,624.8353981671753,574.1584655281532,574.1584655281532,1236092
2016-09-26,597.7520751953125,613.4319585725814,580.4993133607521,598.6859980299713,345930
2016-09-27,597.0637817382812,615.3488046276736,592.7874781600957,604.4859615140853,192225
2016-09-28,603.9453125,609.401365412992,591.3621059649176,598.6859443783773,154446
2016-09-29,548.6480102539062,612.4488896981708,502.8372505306811,608.4674923834117,217616
2016-09-30,561.1820068359375,571.8974274137622,550.5649286496051,555.3328245953998,192538
2016-10-03,592.5910034179688,604.4861145458588,564.278770487861,565.310975750655,266349
2016-10-04,604.0436401367188,609.4996329149395,592.8366874018923,597.4079586493384,231420
2016-10-05,644.8407592773438,662.5850501787229,605.5673455639367,607.484332115932,1276719
2016-10-06,620.11669921875,650.5916802710492,611.5640312457161,645.2339699889822,283880
2016-10-07,638.9423828125,645.8729711879698,609.4996075137615,624.2455657600622,233219
2016-10-10,640.1220703125,654.9171697258525,624.2455646288371,642.1373392688843,305187
2016-10-13,621.9353637695312,640.8593427319153,610.4826460072985,640.8593427319153,105767
2016-10-14,622.9185180664062,636.9763210509493,617.3641825508331,628.1287451863673,103407
2016-10-17,617.3148803710938,635.9439500282458,613.628391388865,627.145517657037,128412
2016-10-18,630.8812255859375,639.728800233812,619.7726160838973,622.1319333224571,153660
2016-10-19,633.0931396484375,640.9576506999708,624.4913306858228,631.2252942731153,124508
2016-10-20,629.5049438476562,643.9068539714173,627.293050074472,633.0440098856263,86925
2016-10-21,619.2811279296875,636.0423557525501,616.6268433474297,629.5049566889762,85921
2016-10-24,617.0692138671875,632.1100793379227,614.4149293720088,614.5132117601252,68692
2016-10-25,615.643798828125,630.1439920939372,613.9234369152321,617.4133019382368,58045
2016-10-26,597.5062255859375,619.5268809157931,587.8230701850331,616.381064439891,77561
2016-10-27,587.0858154296875,599.6690222570845,578.5331468824496,597.4079871242767,57695
2016-10-28,595.196044921875,608.2707826744235,589.9366171031284,592.29599444257,75423
2016-11-01,600.8486328125,615.3979656878972,591.2146191518623,596.7197526718109,137217
2016-11-02,581.8756713867188,593.7707231309724,580.0078255749565,589.8384666863965,52807
2016-11-03,571.7991333007812,599.6689704687026,565.5075004297069,585.9060760645028,92766
2016-11-04,555.0870971679688,584.9230647916287,538.8665415897135,576.7636458040718,137889
2016-11-07,566.8346557617188,580.0077368362109,564.1804310688925,564.229572266637,66150
2016-11-08,549.8275756835938,573.8634977837788,544.6173495027211,572.7329504042659,65177
2016-11-09,531.5426635742188,540.6851458584424,483.6674395679158,501.3625897960103,120765
2016-11-10,541.6190795898438,560.3464352954796,539.0630773928831,541.6682207856303,52203
2016-11-11,520.7288818359375,541.6681277693823,514.7321569432469,541.6681277693823,72292
2016-11-15,487.7962951660156,526.4306925337473,476.7859680277637,524.9560967563419,53498
2016-11-16,475.2622375488281,502.54225980339817,472.3621871466996,502.1981814504922,46012
2016-11-17,481.9962463378906,493.39979424446744,465.0383930718624,476.78601936369324,62518
2016-11-18,479.2436828613281,487.5505853645504,467.98758846357464,479.1453704646975,46107
2016-11-21,451.81622314453125,485.0437745460663,449.2602507288595,485.0437745460663,45499
2016-11-22,468.7740173339844,473.83679031752166,433.5803124178474,454.22465390471035,45610
2016-11-23,482.48773193359375,485.3386411367197,470.49437080608976,473.54187478136794,38002
2016-11-24,484.5030822753906,496.4473034777283,471.87070429566256,477.03179012389637,38347
2016-11-25,501.510009765625,513.2576046014151,486.6657398469004,493.3997331213682,124181
2016-11-28,498.16766357421875,510.11191473302137,491.335357026633,501.46093385255665,40037
2016-11-29,501.6575622558594,511.4390613497226,496.0049440862084,496.0049440862084,41536
2016-11-30,502.7388916015625,509.57116796626275,498.2167914892383,498.2167914892383,42001
2016-12-01,496.98797607421875,506.7203333394417,495.7100049185488,506.7203333394417,25714
2016-12-02,490.1065368652344,500.33042629195864,486.71498412334864,496.4473115576997,38269
2016-12-05,491.531982421875,499.29818174399435,481.7013427734375,486.6166625976563,34739
2016-12-06,491.1878662109375,497.4303279071513,490.5488806831393,491.5810857664495,19241
2016-12-07,493.1048278808594,503.132061043069,491.5319197375537,492.0234516572913,35359
2016-12-08,509.8168640136719,525.3493200954844,489.6640860616559,489.6640860616559,190297
2016-12-09,508.58807373046875,519.5492599804018,503.3287059791215,511.19321701004526,57932
2016-12-12,499.3963928222656,511.24229919502335,496.5946550907358,503.32864788385825,32354
2016-12-13,498.21673583984375,508.24399888190527,495.02177840006385,499.3964244332841,26998
2016-12-14,494.4320068359375,504.1643035696734,492.6133325975056,504.016879983661,20093
2016-12-15,488.87762451171875,505.1965198854029,485.7318382957092,492.5149726372748,15722
2016-12-16,485.5844421386719,496.34897421418316,479.73519973181357,488.9268535137065,31415
2016-12-19,481.0131530761719,489.5166797906556,476.73684912236615,485.63356539499904,18617
2016-12-20,475.36053466796875,485.38779840234434,474.0825636041125,479.73518100322843,14494
2016-12-21,489.0743408203125,511.19328085741205,474.0826147951672,475.70466439774134,96261
2016-12-22,480.9148864746094,488.5336319308153,478.2606018637681,484.30643903209517,13929
2016-12-23,478.4080505371094,499.24901763570574,476.294469109833,478.01483096936283,49624
2016-12-26,469.3146667480469,481.5538234398229,464.9400507021291,476.0978011793269,19212
2016-12-27,481.8487548828125,485.4369320454186,465.08752772559217,469.0689244401349,25116
2016-12-28,496.4964294433594,525.2510496041887,482.9301591113629,486.42002408785515,89638
2016-12-29,511.5372009277344,527.3154221970781,495.46413253362243,497.43026004367647,144765
2016-12-30,506.57275390625,520.8271787182912,504.36086040093323,516.1084845739058,43137
2017-01-02,515.5186157226562,526.9221303642905,507.5557639457617,526.9221303642905,67102
2017-01-03,516.9933471679688,523.6781699224555,510.8983387736135,519.0577574298896,43847
2017-01-04,516.4035034179688,523.0883265687213,514.3882342330201,517.3374262114224,35133
2017-01-05,524.169677734375,533.6562082645089,517.1898881200118,517.4848552879454,74596
2017-01-06,535.5240478515625,550.5157719997705,526.9222389140662,529.4290398041308,208850
2017-01-09,530.5595703125,544.5682301345289,526.4306901541372,539.7020520907962,37985
2017-01-10,536.6546020507812,547.5174460450943,528.9375145062279,534.7867566574605,87534
2017-01-11,538.571533203125,545.3055569138577,535.769825090848,539.7020806878451,39607
2017-01-12,535.3274536132812,544.6174197960145,533.7545753184259,540.4393980737526,34642
2017-01-13,540.046142578125,558.1345427779414,530.8545188905123,533.7545694662247,157636
2017-01-16,542.50390625,549.4345562413316,538.7191334190859,540.5377780258427,57359
2017-01-17,539.8494262695312,547.0749200813491,535.818829312091,546.5833882573766,35486
2017-01-18,537.0970458984375,544.61751024812,534.786869268912,534.786869268912,43705
2017-01-19,544.617431640625,558.1345610360377,534.344401299819,540.4394098274975,149518
2017-01-20,532.0833740234375,547.5666315585306,528.8884161193706,547.025958375058,35133
2017-01-23,532.2799682617188,542.651280554636,530.8545135860569,535.7698331562981,23500
2017-01-24,536.310546875,542.3072732051596,532.8206817164489,532.8206817164489,16519
2017-01-25,537.0970458984375,545.0107598878766,536.015699391313,537.0479046938357,25693
2017-01-27,557.4954833984375,570.1770310199813,538.2765971979688,542.6512433155684,116764
2017-01-30,575.2398681640625,608.516557356564,560.3464259987746,561.3786310990068,783188
2017-01-31,589.54345703125,596.7198117955501,573.0279948335765,577.0585329884478,309753
2017-02-01,600.40625,605.4690528585439,586.9382631736752,592.7875051166599,196840
2017-02-02,594.2130126953125,606.4521707931364,589.8383661461032,602.0775242439272,63041
2017-02-03,595.0977783203125,607.5335621282159,589.0519706204014,598.1453127719969,119807
2017-02-06,595.7367553710938,609.204743524165,589.8383716545483,599.4232451939347,98448
2017-02-07,590.57568359375,601.63515332397,588.8553216357158,595.7367694678527,62474
2017-02-08,597.8011474609375,606.5504403745416,589.8383536867503,589.8383536867503,106453
2017-02-09,591.0671997070312,604.289421829668,588.4620562399623,596.1791442453303,47249
2017-02-10,589.8875732421875,599.7182137761844,587.9705863377645,594.2130790777334,62904
2017-02-13,599.7181396484375,607.5335099072452,588.4620456280192,597.7028705883577,111439
2017-02-14,589.8875732421875,601.7826842892046,588.8553679864115,599.7182137761844,51579
2017-02-15,592.7875366210938,597.2113242078184,586.4959036082796,594.7536644374158,88619
2017-02-16,595.0486450195312,604.5843781053893,592.836750953292,596.719865869872,43828
2017-02-17,625.4743041992188,633.4862976759848,593.8687809766276,595.0484694642087,274068
2017-02-20,618.2980346679688,640.9576449309574,614.6606863390814,630.7337566554022,162537
2017-02-21,624.294677734375,631.618515320877,615.3979620091346,623.2133315141741,66985
2017-02-22,643.1695556640625,664.9444450188056,623.2625117172573,625.8184538530538,500303
2017-02-23,653.19677734375,671.2359747203259,635.0592375827746,645.8729397707166,394852
2017-02-27,664.7478637695312,672.2191258876185,647.1018536336903,655.6545221119367,233512
2017-02-28,663.7156372070312,672.2191042117621,658.0630196021477,669.3682548119147,149544
2017-03-01,678.756591796875,700.8263919301736,663.6173812818878,664.2072557183949,365655
2017-03-02,675.8564453125,694.7804257812501,671.2851740818024,683.1311423244476,262425
2017-03-03,705.29931640625,712.7214380016982,664.4530170286532,671.6293726109974,485488
2017-03-06,791.8087768554688,810.8310380370182,709.7720879327561,709.7720879327561,2198363
2017-03-07,770.86962890625,808.0785758240855,757.0575322550454,794.2665391743434,836709
2017-03-08,778.8815307617188,806.0141309178787,763.2508504557462,771.7051761557218,1061615
2017-03-09,769.98486328125,797.264888759775,765.8068413611155,778.586673116821,375710
2017-03-10,754.2556762695312,784.4357459582862,749.0945914856733,776.079703927278,214944
2017-03-14,746.1946411132812,772.6882252121314,739.2640526202581,765.3152459639241,184829
2017-03-15,748.6030883789062,769.149145927904,745.1623650574011,749.0946202819785,254008
2017-03-16,748.1608276367188,760.8915181381602,744.1794305304745,753.9117879025945,130882
2017-03-17,747.7183837890625,768.8542577931084,745.8014571712582,752.0438889811719,194290
2017-03-20,751.1099243164062,765.6101161371919,749.242138997992,752.0438469763412,182199
2017-03-21,742.262451171875,755.8779233888113,734.0047496843139,754.9931418001786,116459
2017-03-22,743.8843994140625,752.9285984953717,719.848477182152,737.0520939123502,219338
2017-03-23,812.5023803710938,848.1875908843772,746.3913276427743,747.5218752216135,1692254
2017-03-24,832.7042236328125,854.2824871792303,809.9954726577444,810.0446138500412,1081041
2017-03-27,848.6298828125,862.9334500707339,812.9938176495077,833.6381588473791,673416
2017-03-28,851.2843017578125,870.0116593745649,846.0248732398097,848.3842508929373,393275
2017-03-29,831.229736328125,857.2317906006508,825.8720256365782,857.1335082032316,164052
2017-03-30,838.3568725585938,862.147030673244,834.5721005864381,835.0144913367901,253062
2017-03-31,838.8975219726562,854.1842130158133,834.3754522116205,843.9603248585287,166482
2017-04-03,836.4891357421875,863.1301446810758,832.1144891817235,839.5366099745315,190151
2017-04-05,832.9992065429688,850.3503091050611,828.8211847930306,841.5027336346038,114707
2017-04-06,826.2652587890625,842.0925645523132,821.8414709668724,832.7534569276896,106024
2017-04-07,813.9277954101562,841.8959763071338,811.6175591664957,828.0347388495521,177834
2017-04-10,809.3564453125,828.7228149091253,807.0954104868231,815.9429850232194,91057
2017-04-11,812.0598754882812,825.4787209454569,808.0784789245281,812.6005486016259,100042
2017-04-12,828.0839233398438,852.6113817533184,803.163275333449,816.0905907301604,323599
2017-04-13,869.5691528320312,876.8929908206794,831.3771446651443,831.3771446651443,732044
2017-04-17,873.1082763671875,908.5477199744118,861.6064160837343,876.4015166186188,484084
2017-04-18,866.5216674804688,881.6116740109661,864.1131489784739,878.859107152168,152036
2017-04-19,884.0693359375,904.0255207159666,862.1470233975795,866.0792789204874,321249
2017-04-20,896.0134887695312,916.0188125688895,887.2150559923639,887.2150559923639,326824
2017-04-21,875.2217407226562,907.3187996849417,867.2098062813284,897.5864434907649,196829
2017-04-24,892.9169311523438,900.3882528165022,876.9421427275608,882.7913849510808,233924
2017-04-25,896.210205078125,905.8933602401745,886.7727558832131,899.896694607046,144446
2017-04-26,902.7966918945312,921.1308572915797,892.0321903894618,904.4187713001636,281976
2017-04-27,915.0359497070312,932.9277263217131,896.8001246965044,904.4188706174668,346916
2017-04-28,925.3580322265625,942.6599927768826,915.2324861098494,917.1986138995591,323739
2017-05-02,923.2444458007812,941.7751755146573,917.0510954971713,928.9953453667549,131276
2017-05-03,903.9273071289062,928.0615152373845,899.503519328928,922.1139903065949,92880
2017-05-04,882.7913818359375,913.2663627233696,879.8421901371537,909.3832483196793,84796
2017-05-05,868.6844482421875,888.5422912269086,855.2656018674761,872.0268295359664,173037
2017-05-08,866.2267456054688,879.5472489291816,865.0961981641036,867.1606082727762,90141
2017-05-09,871.9285278320312,897.2424229587772,868.1436958607497,868.1436958607497,243755
2017-05-10,873.0590209960938,884.65922295623,869.1267654167821,878.3184488342982,84536
2017-05-11,866.374267578125,880.5304127927456,865.0962964132617,876.1066249133595,68694
2017-05-12,866.2759399414062,875.6641883948564,856.2978171339653,870.1098532357756,65241
2017-05-15,866.86572265625,875.4183904645614,861.1148229238543,873.1573555271007,78669
2017-05-16,865.882568359375,885.740468782991,863.32662652329,870.3554965732496,130939
2017-05-17,865.39111328125,872.9115758918564,863.0809371859432,869.9132430868442,63959
2017-05-18,860.328369140625,867.406380997779,850.0061985139091,862.0978721049136,81501
2017-05-19,866.2267456054688,882.7913476720057,864.211416688126,866.6199351492149,65476
2017-05-22,864.3589477539062,872.9116158195482,860.2792085037589,872.0268342949626,62708
2017-05-23,863.7691040039062,886.4778556797321,840.5196191917615,857.2317051873872,160282
2017-05-24,865.1453247070312,873.9437581192086,851.3332896864282,851.3332896864282,106046
2017-05-25,893.6050415039062,922.9003322943922,859.6401974162327,859.6401974162327,376347
2017-05-26,890.3609619140625,907.8594868558768,886.7236135831087,900.289883032315,51034
2017-05-29,866.7183227539062,897.7831183989925,865.0962432971403,897.7339772036426,50647
2017-05-30,866.86572265625,888.6897529252819,860.3775250093698,868.9793340116887,89450
2017-05-31,867.2589721679688,882.7913695653754,865.0962196186306,867.0623473904911,42094
2017-06-01,880.1861572265625,896.357568881945,868.5368750926247,873.5504765170263,121341
2017-06-02,875.3201293945312,899.5034775780122,870.503092235333,881.7591860042241,98840
2017-06-05,881.6607666015625,902.8458400110729,874.9759445982913,875.9098672314327,149153
2017-06-06,864.752197265625,892.0813621160898,861.163989973485,883.1846456811534,104065
2017-06-07,870.3555908203125,905.4018424917208,865.0962230105475,870.9946063492558,241757
2017-06-08,873.697998046875,887.5100331605738,868.9793035598244,876.7946731797754,76884
2017-06-09,866.4234008789062,876.8930560986058,863.1301605993003,876.8930560986058,55067
2017-06-12,863.8182983398438,873.8455625543883,848.924855609267,865.0471282680609,103466
2017-06-13,864.309814453125,877.6303186303078,860.4266999509123,865.0962535924625,80273
2017-06-14,913.8560791015625,949.6396252115647,868.4877209994177,871.0436628637954,1722112
2017-06-15,916.5595703125,945.7074379033469,911.7917345689754,924.1291740714771,553155
2017-06-16,903.5831298828125,928.0613828842442,894.5880719717459,922.1138588016457,135069
2017-06-19,891.9829711914062,913.4138113843225,888.6897312542656,909.7764630946056,74290
2017-06-20,893.9000244140625,911.3002680700614,882.7914139448923,894.3915563817378,146777
2017-06-21,896.8491821289062,910.6120767006577,886.7236359799809,896.0627430108121,147299
2017-06-22,886.232177734375,905.352784140584,883.2829857951591,892.7203760000644,66004
2017-06-23,865.8335571289062,894.5390359111049,863.1301313189665,887.7067295911467,113461
2017-06-27,865.9317626953125,878.5641690873331,864.6046505069413,868.0945151516755,75868
2017-06-28,871.9285278320312,877.3845204124558,859.1486972826061,860.2791847534112,53341
2017-06-29,872.7642211914062,886.232210207611,867.5048527076767,874.9269740263713,55386
2017-06-30,866.0301513671875,875.8607903292954,861.9995533918482,868.930201861301,63062
2017-07-03,878.0236206054688,883.4796137119969,868.0454971752918,869.0285611585027,57813
2017-07-04,869.176025390625,884.7575651767642,867.3573210613287,884.6592827812184,53689
2017-07-05,872.46923828125,887.706729203345,870.3556268301816,874.9268981073943,65478
2017-07-06,896.6034545898438,928.8971410237954,874.0421251637047,874.9269067104008,437847
2017-07-07,882.15234375,922.0647730541268,876.2048193097821,904.4187645072003,263390
2017-07-10,879.25244140625,889.5746131222154,871.0438212312472,889.5746131222154,14117
2017-07-11,871.1912231445312,887.1660112071513,870.0115344873078,884.6100091162576,72924
2017-07-12,867.4556274414062,876.8930170775311,866.0793139521355,874.9268892365501,40796
2017-07-13,871.43701171875,890.6558990861561,866.2267850157784,873.7963290929372,112613
2017-07-14,865.636962890625,883.7745050558569,864.1132257442695,876.057476926644,123812
2017-07-17,865.2929077148438,874.926922501648,862.2453734445786,871.977730628047,35667
2017-07-18,865.3419799804688,870.9945972879242,860.0334110302754,866.0792778901368,31499
2017-07-19,867.3572998046875,881.7100692889062,865.0962647493848,870.0115844354608,55693
2017-07-20,876.4609985351562,897.5224628254532,870.0146351416248,871.9829940446602,246042
2017-07-21,873.0162963867188,884.6788579394605,870.9987406961895,880.8405343763725,35841
2017-07-24,868.19384765625,881.8247077833435,867.0620173628633,875.9196316151514,36853
2017-07-25,869.2763671875,881.8246532691763,866.126981411917,871.0478779145351,80131
2017-07-26,867.1604614257812,875.8212883623518,865.1921025892052,875.8212883623518,39898
2017-07-27,864.6506958007812,874.4432916662122,853.2834371126685,871.5891477218732,56193
2017-07-28,868.7843627929688,871.8352948961718,858.0075863807787,864.1095106567279,43058
2017-07-31,862.3380737304688,873.6561377680634,859.2870812959968,873.6561377680634,34870
2017-08-01,865.04443359375,875.821209264634,861.1569132286954,869.0303478639293,68918
2017-08-02,862.0919799804688,869.5225226308072,858.4505040913657,867.1112710238642,30424
2017-08-03,860.2218017578125,875.9194717199582,856.2358880858019,862.1409631760488,50298
2017-08-04,868.046142578125,881.6278049038752,829.0234093062934,851.5119423524491,78308
2017-08-07,901.0162353515625,933.0020656616945,862.1411492823253,862.1411492823253,463346
2017-08-08,872.3766479492188,907.4134107124684,870.014593351217,904.460872499738,75004
2017-08-09,866.3731079101562,876.9038394324001,857.7123412630042,872.2781842699704,42604
2017-08-10,866.3238525390625,899.5399048232924,862.1410903995669,864.1094490534472,195282
2017-08-11,870.1622924804688,873.9513593688323,841.9655269595,860.7633305937811,85748
2017-08-14,875.1322631835938,882.808849864157,871.9828773463133,872.3765731020504,21517
2017-08-16,904.9529418945312,912.3342872607183,874.0004883117451,882.8089057959701,163989
2017-08-17,892.2570190429688,913.0232404021376,883.8914941520559,907.4134058143226,51106
2017-08-18,881.5787353515625,900.3273417115827,875.9197035589067,884.7773185387158,39020
2017-08-21,881.1849365234375,899.9827977134593,877.1990222624443,887.7297530767078,49565
2017-08-22,889.5997314453125,895.3079596161832,875.9196145608717,882.2183863787883,42053
2017-08-23,895.800048828125,905.4449943628649,887.04082865919,895.6032009458772,49805
2017-08-24,883.4485473632812,908.1514230577644,880.8404482651846,893.3395370310111,54671
2017-08-28,884.2852172851562,904.4608955871548,879.8564098530103,891.6173660478404,44363
2017-08-29,877.5435791015625,890.1902602637836,874.93547968436,879.8563766454644,22611
2017-08-30,917.944091796875,936.9387412387525,875.9196215362288,887.7297737367172,238722
2017-08-31,987.9193115234375,1012.7206454671546,910.415180492788,920.2077779512047,1088251
2017-09-01,1007.159912109375,1067.8345929631625,994.0211418366766,1002.583514181257,923583
2017-09-04,1018.5271606445312,1046.4778762173403,959.7224486792701,1008.685367846998,598171
2017-09-05,1033.3883056640625,1074.723837890625,1020.2002784972957,1027.7292744663785,503061
2017-09-06,1036.9805908203125,1053.0226420593317,994.3655771289236,1018.625622009428,339811
2017-09-07,1036.242431640625,1058.0420276397804,1029.6483581030939,1047.166798081517,131869
2017-09-08,1020.8892211914062,1048.150939351781,1011.7363057780573,1045.1984014944521,124644
2017-09-11,1023.8910522460938,1046.9701321044543,1013.7048191110006,1031.3216550437576,121303
2017-09-12,1037.4234619140625,1053.0719381062622,1025.4656584021418,1025.4656584021418,149702
2017-09-13,1032.3057861328125,1077.2827361973025,1028.1721606116255,1047.1668708930451,243914
2017-09-14,1050.1685791015625,1064.8327546857092,1033.388273837429,1038.3584274005632,178633
2017-09-15,1217.08544921875,1243.805943301905,1043.3285323502273,1053.0719321993276,2139670
2017-09-18,1237.359619140625,1308.958674453793,1225.3034208232875,1230.7164078229084,1071806
2017-09-19,1246.364990234375,1274.5125009771698,1230.224421792635,1247.9396534664488,368403
2017-09-20,1246.0694580078125,1298.083312919719,1240.607334668074,1249.907781522193,588803
2017-09-21,1245.6268310546875,1277.4650144359607,1231.208577087355,1246.4633596172143,432389
2017-09-22,1239.0325927734375,1261.5703247920292,1211.7216147496822,1244.9869261279443,395167
2017-09-25,1212.6566162109375,1259.6511804090821,1190.8570194713118,1259.6511804090821,291602
2017-09-26,1210.638916015625,1240.0166436830357,1201.6829085383624,1211.5247014010845,228439
2017-09-27,1172.010009765625,1232.1926038622746,1154.097992813038,1220.4808450213893,185909
2017-09-28,1162.0206298828125,1190.8571358562922,1133.9715155258668,1190.8571358562922,119041
2017-09-29,1266.5404052734375,1317.8161243980787,1163.299969408909,1171.1734040580386,1186036
2017-10-03,1336.8109130859375,1353.246660838303,1258.7654394270469,1274.9060054459535,1276146
2017-10-04,1369.8792724609375,1381.7878186652074,1320.768698467741,1332.283548900985,933576
2017-10-05,1400.634765625,1417.1197685563516,1358.364193487733,1360.7755048059114,739449
2017-10-06,1392.7122802734375,1407.327320706699,1369.9777595840208,1376.7686216442594,561250
2017-10-09,1332.086669921875,1396.5504134607615,1302.3645033992698,1391.6295170074113,230015
2017-10-10,1355.5594482421875,1381.787852809443,1332.5788836922977,1333.5630630746405,331409
2017-10-11,1350.3924560546875,1370.9618284053113,1312.107855483464,1365.6964929342269,238260
2017-10-12,1466.5748291015625,1481.1898678898026,1339.4680466432037,1358.167453613241,1066138
2017-10-13,1504.3179931640625,1524.493667916999,1466.4763488172316,1476.2688843611998,769539
2017-10-16,1519.572998046875,1530.9403182057752,1486.1108983489517,1517.604639241115,299951
2017-10-17,1623.108642578125,1645.5479812876833,1507.7628632372794,1520.95089142135,914822
2017-10-18,1697.9061279296875,1710.5036713786712,1615.087533622932,1633.7376838254283,980097
2017-10-19,1665.0838623046875,1697.709432824169,1646.6304989044247,1697.709432824169,159088
2017-10-23,1657.2596435546875,1702.5810308685973,1640.6269883908155,1662.2789342484027,271482
2017-10-24,1601.751953125,1681.4212264859366,1581.969971464453,1669.1682411674349,204580
2017-10-25,1576.8031005859375,1647.4179748130978,1561.4499254786517,1617.9417287491074,225227
2017-10-26,1652.3876953125,1680.9781504349512,1551.3125349081333,1584.4793274085118,558933
2017-10-27,1653.4705810546875,1698.3491358220003,1643.7271813674022,1673.1049112219237,244683
2017-10-30,1652.732421875,1696.5284027211633,1638.8553970012438,1663.2630928093442,240778
2017-10-31,1651.3052978515625,1682.8974309488337,1643.6779078914558,1663.2631009781267,166120
2017-11-01,1623.108642578125,1669.9556788265334,1614.0542400190195,1652.4372371902036,121855
2017-11-02,1621.87841796875,1653.4214162571484,1614.1034967059545,1634.131523761966,115689
2017-11-03,1621.23876953125,1668.1840787356086,1615.0383912714653,1636.5919441041851,257385
2017-11-06,1601.407470703125,1647.9590823782364,1594.370564246689,1628.8168418693026,138795
2017-11-07,1570.061279296875,1618.9256852423623,1552.100007141072,1613.8572579781485,129013
2017-11-08,1533.3515625,1612.7747949923416,1497.281362114271,1574.6870988446726,102955
2017-11-09,1592.3529052734375,1658.3421776689522,1562.8767822779207,1562.8767822779207,552140
2017-11-10,1572.3248291015625,1631.0311485031677,1543.4884476317459,1594.3704694977412,232435
2017-11-13,1561.646728515625,1600.2265145597598,1550.6731037170807,1592.69763794493,84687
2017-11-14,1528.9227294921875,1580.2477102905348,1515.6363073176497,1568.781996015801,86669
2017-11-15,1505.84375,1549.0983868895987,1497.2813170741463,1535.319875189183,71801
2017-11-16,1470.2655029296875,1519.5728625908632,1453.6328484758453,1505.79435217877,117260
2017-11-17,1436.65576171875,1499.5448442660572,1428.0441926726537,1490.0967468261556,161155
2017-11-20,1493.7381591796875,1510.2231627482988,1402.7999662121895,1442.80687949756,335211
2017-11-21,1486.3076171875,1532.3672591600832,1478.2373945140944,1508.4516527244955,188163
2017-11-22,1465.787353515625,1500.725717166071,1457.9631764720682,1493.6396745658337,93345
2017-11-23,1446.891357421875,1486.1108821719058,1429.0777344514727,1466.4272943285694,128517
2017-11-24,1485.0771484375,1515.6359605019466,1427.3058777389272,1451.713569833804,270383
2017-11-27,1498.2164306640625,1515.488707995819,1471.3482835180946,1476.269180787386,129973
2017-11-28,1510.912109375,1558.9401103244675,1498.9544262309362,1500.8735279323314,393137
2017-11-29,1495.0177001953125,1528.725843170056,1488.1284446968248,1514.6520303103698,104899
2017-11-30,1503.53076171875,1532.7609608234072,1462.490530421374,1493.0000906118603,249745
2017-12-01,1492.5574951171875,1544.1776627473985,1474.842263804598,1514.6522772264157,226569
2017-12-04,1490.5396728515625,1530.3989377908088,1482.5678438915302,1530.3989377908088,140950
2017-12-05,1465.836669921875,1499.7908556902012,1461.5062569844765,1497.5271952500163,83146
2017-12-06,1457.4710693359375,1494.2793971617955,1441.8225952977255,1457.5694632327177,105266
2017-12-07,1476.3182373046875,1490.9332761816743,1464.7541302924703,1467.411366401349,98327
2017-12-08,1505.696044921875,1550.0825105615672,1479.2215957930384,1489.5554791967822,416398
2017-12-11,1481.9771728515625,1520.4585577622006,1476.268885106855,1519.2774705706736,137331
2017-12-12,1450.0406494140625,1492.0159235333688,1435.7700485623252,1486.7013309124911,100394
2017-12-13,1448.318359375,1499.889383192371,1442.462540088118,1442.462540088118,357532
2017-12-14,1425.8792724609375,1463.9669701151865,1422.1393423976099,1460.5223419502097,93735
2017-12-15,1433.407958984375,1455.551994247103,1423.2217267913363,1441.625952626474,180260
2017-12-18,1436.4591064453125,1481.0916186772815,1368.0093803991992,1431.8826481593248,263548
2017-12-19,1480.8455810546875,1490.6873752063298,1441.8721002420014,1450.3360191845961,215179
2017-12-20,1512.63427734375,1533.3512989832013,1466.9684554365083,1480.2056185306385,326856
2017-12-21,1519.0316162109375,1555.0034206104394,1511.699527884579,1511.699527884579,208901
2017-12-22,1601.70263671875,1641.611157457169,1530.3988907949029,1533.3514288478832,725565
2017-12-26,1626.159423828125,1648.5002447612017,1607.164716235846,1613.0697917394684,329536
2017-12-27,1604.6551513671875,1647.7129973451374,1583.5445526519159,1632.8519133897066,198971
2017-12-28,1601.0137939453125,1618.6797656230851,1586.6939360222107,1612.1842057934934,87380
2017-12-29,1675.61474609375,1729.203268305169,1606.968230462398,1612.0859154717512,582715
2018-01-01,1633.5411376953125,1689.8361555074832,1623.8961308021824,1685.8994376146295,156937
2018-01-02,1603.425048828125,1666.2157433244577,1594.4690402131473,1648.5005139211262,277655
2018-01-03,1602.785400390625,1630.6376051614793,1594.4690124266472,1611.1016682155166,107151
2018-01-04,1588.022705078125,1613.808157077642,1578.6730008596542,1613.808157077642,80842
2018-01-05,1584.9224853515625,1612.036554977917,1567.8961341532934,1589.4496864368166,109023
2018-01-08,1674.5318603515625,1696.725152131418,1568.7818401957545,1600.2263214966192,579502
2018-01-09,1729.843017578125,1776.4438900567823,1668.1841516045683,1689.8360992950113,632134
2018-01-10,1748.0010986328125,1795.0449244392398,1731.171654051039,1741.6531892304458,400880
2018-01-11,1702.039794921875,1778.412088588854,1682.9959484935791,1751.297899392866,223954
2018-01-12,1685.5548095703125,1731.171499004029,1663.558424841597,1708.4369797532822,164433
2018-01-15,1693.4774169921875,1732.1557148161596,1678.0258487281546,1701.6461539301931,153862
2018-01-16,1617.9908447265625,1707.551165207169,1612.5286013009593,1707.551165207169,157450
2018-01-17,1611.003173828125,1629.653324128359,1472.3322818139548,1617.990823062929,177340
2018-01-18,1554.609619140625,1687.3261755010499,1517.7028948947295,1628.8167633855207,254444
2018-01-19,1575.9173583984375,1608.0508417559731,1536.3533922104423,1563.0737684055011,153916
2018-01-22,1565.533935546875,1601.702524154024,1547.1298310323357,1574.6868509234969,109789
2018-01-23,1555.6923828125,1600.275759215278,1548.114249228556,1574.6870939387727,104013
2018-01-24,1520.80322265625,1574.687044976541,1515.6362807899206,1556.971815720555,97188
2018-01-25,1485.2249755859375,1535.3197265903216,1476.2689678753093,1525.0351008364207,84556
2018-01-29,1459.6856689453125,1502.3005639420142,1456.5362228513195,1491.0317581161758,92293
2018-01-30,1400.53662109375,1458.5539518938074,1389.8090410094924,1456.5855929843692,101773
2018-01-31,1377.8018798828125,1400.9793524199997,1359.2993795563611,1390.6454688931924,121189
2018-02-01,1397.1905517578125,1425.092018563045,1339.5667898300242,1387.397892944581,154166
2018-02-02,1265.113525390625,1384.740594997002,1254.6321095355117,1384.740594997002,193530
2018-02-05,1285.0921630859375,1304.1852661594107,1166.3017657389478,1182.5898616042443,195697
2018-02-06,1271.8551025390625,1296.164285966628,1195.8272429407923,1195.8272429407923,213025
2018-02-07,1280.2696533203125,1329.2818318536595,1264.9164798490845,1290.259097515775,128798
2018-02-08,1310.877685546875,1328.1500818323407,1292.079883296072,1292.1291403210219,103188
2018-02-09,1292.2275390625,1306.9902299124144,1262.7514143878054,1279.4332069925742,99388
2018-02-12,1385.2325439453125,1417.2183753330373,1307.9744589011157,1308.9093813014285,443405
2018-02-14,1408.311279296875,1466.4271132850415,1399.109227144008,1407.3763570453755,225479
2018-02-15,1431.7349853515625,1446.6944642093792,1391.6789317376263,1422.139236180105,207846
2018-02-16,1498.36376953125,1511.3057517194436,1436.9018185666832,1446.6943548225165,463471
2018-02-19,1539.60107421875,1550.0826092232205,1506.2866243911994,1512.9298355735846,327602
2018-02-20,1532.514892578125,1553.6254914931792,1516.6203721131722,1552.9857508904938,149282
2018-02-21,1509.4359130859375,1545.1616737251543,1500.9719941876172,1545.1616737251543,97659
2018-02-22,1498.46240234375,1510.7153878902213,1480.5995221008136,1510.6169939774595,68888
2018-02-23,1526.954345703125,1563.8118163368758,1506.975455741094,1513.1758340435415,168200
2018-02-26,1497.28125,1543.8821188142101,1482.1741208044775,1540.4867480672033,103517
2018-02-27,1467.0670166015625,1511.6995274499536,1452.845552479276,1511.6995274499536,85674
2018-02-28,1405.5064697265625,1446.7928644855895,1392.6137445994293,1446.743607463718,145633
2018-03-01,1394.286865234375,1452.6487499230975,1375.9320160976297,1406.3923195393675,306442
2018-03-05,1391.826416015625,1412.2481379287055,1366.4346603710035,1374.6032770527859,138836
2018-03-06,1393.7454833984375,1422.1390310281756,1387.6927569202269,1408.0652195513,95538
2018-03-07,1360.8741455078125,1391.3344516763418,1350.7863060636214,1377.9496350757706,115219
2018-03-08,1330.7579345703125,1381.4431635707479,1320.2764020210507,1368.0090934098102,119469
2018-03-09,1325.3450927734375,1347.3414763396256,1313.879379776041,1338.2870747368743,132463
2018-03-12,1328.543701171875,1351.9670971349713,1321.3100071264935,1351.2782196598218,86354
2018-03-13,1325.4437255859375,1354.2309756125858,1310.4349883925568,1323.7214114817791,130101
2018-03-14,1275.00439453125,1320.7687359791103,1256.7970758907034,1318.8003772071593,165204
2018-03-15,1254.4349365234375,1297.099085993109,1249.907735681854,1278.4489359454553,158188
2018-03-16,1195.4334716796875,1289.2749486880596,1151.4898396679614,1263.3909837236515,795878
2018-03-19,1168.8114013671875,1217.3806294808692,1161.3316621472761,1210.2453290142862,167965
2018-03-20,1183.8201904296875,1219.8903901734031,1137.268575982119,1159.3633558888816,323286
2018-03-21,1170.68115234375,1212.4595111119943,1163.2998083819357,1201.6827969833703,169497
2018-03-22,1139.6796875,1185.9361169581173,1131.8062526986182,1164.825517952545,164427
2018-03-23,1093.6201171875,1117.0436353050386,1083.6799291302245,1117.0436353050386,182450
2018-03-26,1114.8291015625,1121.9644014842197,1064.8820021104611,1094.7518198239147,243827
2018-03-27,1160.44580078125,1192.8253241188934,1126.8853103268423,1126.8853103268423,408057
2018-03-28,1152.277099609375,1188.5932173709718,1138.4000762458938,1159.2647481695626,201341
2018-04-02,1218.4140625,1255.812878634895,1168.417702348244,1177.0785288772213,486539
2018-04-03,1271.8551025390625,1288.2908506684255,1212.262991070155,1228.2559065196294,279871
2018-04-04,1214.5758056640625,1284.354150999031,1205.6197969147993,1282.139747290412,275156
2018-04-05,1237.7039794921875,1247.742681375181,1221.858715307002,1238.9834607575674,151629
2018-04-06,1275.5946044921875,1284.3538231761431,1231.2574047487378,1240.0657603080003,306413
2018-04-09,1242.32958984375,1304.529674118793,1232.1924949051142,1279.4331017385373,434829
2018-04-10,1210.3929443359375,1255.7144512630994,1202.66716049966,1253.3523968054967,202494
2018-04-11,1239.4754638671875,1248.3822146601474,1203.7497063735946,1220.2839670616706,179929
2018-04-12,1241.19775390625,1266.6387648999294,1231.2083099376935,1231.2083099376935,235477
2018-04-13,1270.280517578125,1307.974643005561,1244.9871507915987,1247.8412955603653,714999
2018-04-16,1279.2364501953125,1303.840935541898,1251.8762144342738,1259.3559539518183,486369
2018-04-17,1250.15380859375,1289.3733313263835,1228.305075267149,1285.3382200538772,336129
2018-04-18,1347.2923583984375,1372.9302801442213,1249.9078536080008,1260.7338271431881,1414411
2018-04-19,1464.80322265625,1487.7837850564079,1360.185036183228,1369.7807842634309,1455540
2018-04-20,1511.8961181640625,1543.1930664187437,1432.9649902459762,1471.397238074341,1084222
2018-04-23,1529.7098388671875,1599.2912629922062,1479.8118793783904,1508.7467730258782,908959
2018-04-24,1569.1263427734375,1594.2721735441405,1525.4780120688329,1540.2407025082086,574094
2018-04-25,1512.5360107421875,1598.3072651634745,1488.5220105629005,1559.432180819905,647280
2018-04-26,1535.56591796875,1545.161667175733,1490.9334059415232,1520.6555759423895,229383
2018-04-27,1541.4708251953125,1594.3704624526138,1527.790708927935,1546.3424646638434,292560
2018-04-30,1601.2105712890625,1614.0541600696401,1528.5782061693785,1557.955936213561,503599
2018-05-02,1514.3076171875,1628.8168632757781,1495.9526478424063,1609.1332758041674,476876
2018-05-03,1471.0528564453125,1515.5378360576597,1456.5854677603531,1514.0123099783584,194341
2018-05-04,1490.5889892578125,1502.5959301313414,1459.0952478042655,1472.4308068675482,229757
2018-05-07,1582.3636474609375,1594.370587782431,1486.1108565132536,1500.8735471408686,506947
2018-05-08,1591.86083984375,1613.0699528684581,1574.0472176562403,1594.3705452391105,256675
2018-05-09,1562.975341796875,1609.1333814768425,1545.1617179930536,1586.4972543979634,325559
2018-05-10,1526.5606689453125,1573.3584482567487,1504.9579788082074,1559.924375193354,275546
2018-05-11,1543.3408203125,1550.082424607581,1519.6221227955264,1527.4463003117244,147022
2018-05-14,1498.2164306640625,1549.885851991621,1491.130266512827,1549.885851991621,81199
2018-05-15,1460.62060546875,1589.4497113651073,1447.3341837328808,1508.9930464090098,631040
2018-05-16,1447.6295166015625,1485.6188177578815,1436.9019370165663,1463.4255240312027,215716
2018-05-17,1467.706787109375,1482.6662659320457,1450.6804354356689,1456.585511835,135516
2018-05-18,1490.441162109375,1510.5675808219487,1449.3024191436755,1475.9736542561207,317712
2018-05-21,1476.3673095703125,1500.8733975982557,1452.6486130196888,1495.9525012126876,224766
2018-05-22,1481.0423583984375,1500.8735975014379,1399.1094226659818,1431.9810389276015,275694
2018-05-23,1467.510009765625,1533.3516415063957,1456.585641482327,1465.049561046905,470772
2018-05-24,1460.8173828125,1503.8259701600064,1441.8226742699014,1481.2391032842409,256374
2018-05-25,1481.2391357421875,1490.6872331998982,1456.733046611289,1473.3164441492145,205144
2018-05-28,1507.9598388671875,1529.4150008341446,1481.4362483948496,1485.1269216594108,199778
2018-05-29,1512.6837158203125,1540.2899956448207,1497.6749801883932,1510.7153570489131,154794
2018-05-30,1547.0806884765625,1558.940097755652,1499.8893364770288,1520.2618010625213,345017
2018-05-31,1587.2352294921875,1635.0171844719214,1537.288128021576,1559.973509848589,724583
2018-06-01,1515.0457763671875,1595.207139593898,1505.7944660771968,1591.1227710992703,241257
2018-06-04,1455.994873046875,1530.398803720859,1447.3340471952688,1528.4304451308642,252628
2018-06-05,1400.6842041015625,1460.5223652341817,1360.1360571116165,1451.6647498116024,204914
2018-06-06,1440.838623046875,1450.3851150483138,1364.4663266181092,1393.6472694801746,185321
2018-06-07,1473.5626220703125,1490.7857617505465,1454.6171684220549,1458.5538860632514,174419
2018-06-08,1480.156494140625,1500.8735176364194,1463.4747021149872,1485.1266479431847,146544
2018-06-11,1485.4219970703125,1503.9244974651467,1466.4272868428218,1481.1899776499642,146505
2018-06-12,1504.9085693359375,1528.4304790359743,1480.2549495328085,1495.1160331891163,173748
2018-06-13,1523.263671875,1535.1230817436497,1498.90523163665,1505.7944874616378,215797
2018-06-14,1523.5098876953125,1531.334066776092,1512.6839130411468,1531.334066776092,100872
2018-06-15,1516.620361328125,1554.0191762083773,1495.9525952100907,1535.2705117456717,222245
2018-06-18,1507.172119140625,1536.3038007516643,1499.1510342696813,1525.47782906155,82112
2018-06-19,1457.96337890625,1515.783918327816,1442.8069922045245,1515.783918327816,88590
2018-06-20,1503.973876953125,1514.5538062263947,1459.5381499775733,1459.5381499775733,211775
2018-06-21,1457.0283203125,1500.9719538155691,1452.648770111362,1500.9719538155691,110173
2018-06-22,1465.2952880859375,1484.1423452110944,1456.634582558069,1456.6837194383268,74351
2018-06-25,1462.14599609375,1500.8241703685937,1456.634616060333,1470.6099140171127,176106
2018-06-26,1453.9774169921875,1473.2673092631428,1445.0214084527177,1461.5064134529443,51860
2018-06-27,1400.53662109375,1485.126797171225,1385.281839545603,1460.5223108032458,161267
2018-06-28,1386.3642578125,1407.2780688854596,1366.5822770136579,1397.534669346006,99196
2018-06-29,1421.0565185546875,1436.4096916420601,1396.747217705529,1396.747217705529,121000
2018-07-02,1399.2569580078125,1431.8825267220773,1381.7877749554907,1431.8825267220773,86547
2018-07-03,1402.603271484375,1417.1690542669783,1387.397627936023,1406.3923380804977,72235
2018-07-04,1414.3642578125,1433.9001957876947,1389.9074226073271,1415.2007863137778,110263
2018-07-05,1414.216552734375,1439.4607785856824,1403.6366240949008,1414.2658097604265,99212
2018-07-06,1427.1585693359375,1435.9177903025443,1400.5365878020625,1414.2658428134039,67122
2018-07-09,1492.16357421875,1507.7627931883455,1423.418669327372,1440.8385961016565,315272
2018-07-10,1555.3477783203125,1569.4707276614945,1515.094819742531,1515.6361664290298,289631
2018-07-11,1525.9207763671875,1547.1298887372507,1509.7310746329151,1547.1298887372507,144548
2018-07-12,1509.82958984375,1547.1300130409386,1468.6417060816416,1540.9296347803688,104178
2018-07-13,1497.379638671875,1520.458716738932,1473.4148952924058,1520.458716738932,88346
2018-07-16,1484.585205078125,1531.3829784720224,1471.348041655317,1487.1933042299443,159029
2018-07-17,1475.2354736328125,1510.7151844903146,1469.4289120316964,1487.0948819315083,85298
2018-07-18,1451.0740966796875,1490.5889226723527,1444.77532464253,1484.1424997009094,77989
2018-07-19,1436.65576171875,1458.4553576746835,1417.2182201575613,1447.7770360853394,178466
2018-07-20,1440.5924072265625,1455.5027472027848,1417.1688925325107,1429.5203904331902,125388
2018-07-23,1436.1636962890625,1459.7840003568626,1428.1918676939956,1449.6961621612397,39839
2018-07-24,1466.5748291015625,1491.0316610319276,1429.569710914988,1437.885978064453,131719
2018-07-25,1475.1370849609375,1500.873397076323,1461.5062260054685,1475.186341980405,103361
2018-07-26,1478.78125,1498.7241885226758,1472.3305230321077,1485.4288961742252,54073
2018-07-27,1505.027099609375,1512.511953226575,1480.209267758627,1491.0424693190694,93689
2018-07-30,1531.7161865234375,1554.0719259638438,1491.4855211619297,1514.5307182524004,191521
2018-07-31,1535.4093017578125,1545.0114570596202,1509.0649269554167,1540.2841940540902,75993
2018-08-01,1514.1368408203125,1555.0568458068774,1504.731724302459,1536.3449521587895,116328
2018-08-02,1523.197265625,1544.2234990458287,1501.8755331918935,1520.9813836907824,78072
2018-08-03,1590.2154541015625,1605.1850410862278,1524.5269074063349,1524.5269074063349,391427
2018-08-06,1555.6474609375,1610.2074182986307,1546.1930561032723,1595.434873176625,212699
2018-08-07,1520.93212890625,1574.7534642841476,1516.3526154259182,1565.8899363425858,135885
2018-08-08,1553.431640625,1605.2833000984162,1525.5115532837096,1525.5115532837096,432738
2018-08-09,1542.1060791015625,1573.7685939434693,1528.4661187736324,1528.4661187736324,93663
2018-08-10,1537.4771728515625,1555.6966439164457,1524.7234709745812,1544.223277283084,68137
2018-08-13,1526.5948486328125,1543.2386074990911,1511.7238433382927,1526.9888072286794,76371
2018-08-14,1513.447265625,1546.1930743655441,1506.7996202415811,1531.4698189744256,65008
2018-08-16,1520.8828125,1541.1704171208419,1506.7996047081529,1510.7389500799388,106869
2018-08-17,1539.8902587890625,1545.20839969612,1519.4549023239927,1522.5571612047174,57887
2018-08-20,1554.5150146484375,1580.6624699493343,1542.2538491842104,1542.2538491842104,151482
2018-08-21,1648.2222900390625,1671.2674874514328,1541.318363488935,1559.9809664838358,583713
2018-08-23,1925.2568359375,1977.8471273889609,1657.5290660720614,1662.4039585024636,2357185
2018-08-24,1900.6849365234375,2082.928957979526,1833.765352131384,1959.8244096355822,2564992
2018-08-27,1966.4227294921875,1999.1193690678667,1865.624751189521,1910.5825554690277,1087458
2018-08-28,1961.6463623046875,2009.0662590812722,1921.6127385394311,1968.6879666193445,602100
2018-08-29,1924.8134765625,1982.1801975381582,1915.7037397552067,1951.9457677897756,284792
2018-08-30,1886.995849609375,1941.358771300108,1881.0375412470291,1930.5255708007794,185979
2018-08-31,1838.0003662109375,1905.6585841335416,1829.383047032039,1886.9466910593621,208575
2018-09-03,1851.0986328125,1939.0445789941075,1814.0688050273538,1847.2085767852038,538975
2018-09-04,1811.5081787109375,1904.6736822475432,1793.3871641017456,1854.9887317471585,336263
2018-09-05,1826.6251220703125,1846.2725581100067,1731.8346284731874,1801.6595459823532,393144
2018-09-06,1799.7391357421875,1853.462006603667,1784.5727521611313,1831.795606951552,191569
2018-09-07,1771.7208251953125,1810.5234065002587,1755.9634415359878,1805.2052654713773,187866
2018-09-10,1719.8690185546875,1792.4022432670151,1711.6456586802594,1773.6903517164253,167800
2018-09-11,1674.812744140625,1745.8194239578177,1666.3431752135389,1728.830996196332,201094
2018-09-12,1667.6727294921875,1698.3504080508521,1649.9456739138082,1675.2560420656237,203613
2018-09-14,1700.221435546875,1717.554530619362,1654.5250065599357,1679.2936638865187,244869
2018-09-17,1643.002685546875,1683.0854806795546,1634.8284949842368,1683.0854806795546,171611
2018-09-18,1651.7183837890625,1721.4940183255037,1639.75259754689,1642.7071067316592,421719
2018-09-19,1635.91162109375,1712.3348970695665,1626.2110071840777,1671.168810169919,349649
2018-09-21,1492.1749267578125,1662.4038780194405,1308.7491434159163,1651.4722177943318,538187
2018-09-24,1356.1689453125,1506.7996171191496,1335.585841531526,1501.2352676918142,347474
2018-09-25,1420.9222412109375,1453.2740982622365,1281.2723684871792,1359.0744569656474,759512
2018-09-26,1405.262939453125,1459.2811864234957,1390.0964364007182,1441.2586340593896,270758
2018-09-27,1350.2598876953125,1415.3575445515426,1341.445530479695,1410.9749507860065,131235
2018-09-28,1292.2039794921875,1367.691723123761,1266.1058115981969,1358.9759439275529,250920
2018-10-01,1294.666015625,1309.832521496716,1232.0304393927759,1294.1735973838358,317241
2018-10-03,1291.3175048828125,1329.529207222556,1267.041382570813,1284.2267305320095,215818
2018-10-04,1229.61767578125,1270.4391011370417,1212.284456985645,1250.7423708868548,177651
2018-10-05,1164.470703125,1234.9849725708302,1152.455625678138,1221.1972615532932,343757
2018-10-08,1196.428466796875,1225.8258090546976,1142.804173339314,1164.076615363004,325603
2018-10-09,1218.73486328125,1274.378111584596,1202.8297337489175,1267.3365083306726,278828
2018-10-10,1269.0108642578125,1293.0407738365739,1214.7955777779841,1221.1970137370897,250819
2018-10-11,1248.033935546875,1274.7722680145619,1187.7127056772786,1210.3639430160658,157926
2018-10-12,1305.4991455078125,1345.2865612610003,1265.5148105566511,1265.5148105566511,295654
2018-10-15,1278.2193603515625,1324.6051370166106,1262.560435431446,1299.9842236891643,221139
2018-10-16,1291.9576416015625,1311.457450927057,1279.0563084628502,1285.4577452328278,128481
2018-10-17,1242.8636474609375,1315.7415475497721,1233.015282584068,1305.2038452192407,143037
2018-10-19,1201.0081787109375,1249.1174203743574,1183.7735390000385,1240.8940591847324,124864
2018-10-22,1202.583740234375,1213.7616096673476,1184.9551440993037,1202.4852806352656,85651
2018-10-23,1166.2923583984375,1201.2047562513872,1158.5614176853337,1186.579961614881,119378
2018-10-24,1174.0728759765625,1197.216534090406,1162.1070882695874,1181.8038185792416,89558
2018-10-25,1169.345458984375,1191.652027173252,1142.4102078685721,1166.0462811348184,65512
2018-10-26,1167.22802734375,1205.4397269052579,1157.1334544672966,1169.0992405061688,125624
2018-10-29,1177.1256103515625,1204.0116899494994,1173.038515583625,1183.0839181695615,98013
2018-10-30,1185.792236328125,1204.9965448457847,1167.1295156627293,1189.6822917606573,145393
2018-10-31,1274.03369140625,1284.2267245704468,1187.1710448060292,1187.7127529386187,349704
2018-11-01,1370.89208984375,1397.3349196880456,1287.1810067713946,1290.135515585713,663183
2018-11-02,1344.154052734375,1418.1645386384275,1331.597387548514,1387.6346075982947,223844
2018-11-05,1341.4453125,1355.922476216016,1314.7562765480081,1342.331689089839,84142
2018-11-06,1358.43408203125,1389.6041785420502,1342.3320307248864,1347.2562127891742,211375
2018-11-07,1358.729736328125,1370.8924433730992,1349.2260398140415,1364.9834242206289,24425
2018-11-09,1361.93017578125,1376.5056812371542,1341.3963624805942,1363.01347169322,73467
2018-11-12,1389.6041259765625,1403.293375641308,1373.8467439669062,1374.536081342115,203448
2018-11-13,1392.95263671875,1411.9599072233661,1350.7524207646443,1386.551200079619,186003
2018-11-14,1361.093017578125,1411.2703775404411,1350.2105286866329,1389.6039795600575,124665
2018-11-15,1334.354736328125,1391.3767825442874,1329.529014380223,1359.0741035886724,128505
2018-11-16,1341.544189453125,1363.9985090251562,1329.5292326237984,1336.6200071100739,95527
2018-11-19,1348.68408203125,1355.1348081665574,1333.2714894364658,1341.5440185434538,52947
2018-11-20,1312.3929443359375,1349.570517918661,1308.3551391959757,1340.362321750638,55410
2018-11-21,1330.612548828125,1345.6805951135652,1309.8325230698981,1313.7718690039428,116919
2018-11-22,1322.290771484375,1351.1956991683508,1316.7264211283418,1338.392824467776,60502
2018-11-26,1311.1126708984375,1330.366149263339,1296.0446267700104,1330.366149263339,54559
2018-11-27,1321.5521240234375,1332.4837851347854,1298.9993441188337,1301.9538536202413,55673
2018-11-28,1306.976318359375,1337.1122871401276,1300.9688405656461,1324.7033729620864,47576
2018-11-29,1311.8514404296875,1327.5595337089267,1309.0938502838212,1309.9309372219006,49582
2018-11-30,1359.3203125,1363.9982849574353,1310.8171243886977,1317.6125189496693,155044
2018-12-03,1352.4267578125,1383.5968578692975,1341.3473469074277,1361.044077405334,113726
2018-12-04,1332.6806640625,1351.195637799364,1324.6050530904845,1340.3624366216725,41927
2018-12-05,1307.1734619140625,1325.5898553531688,1301.9537806663366,1324.6050189078842,43111
2018-12-06,1288.46142578125,1309.7338665835155,1280.6319047827074,1294.0749448057093,55122
2018-12-07,1289.05224609375,1315.5935360641386,1281.2720153464081,1290.135541970634,46005
2018-12-10,1211.5950927734375,1267.435273712545,1189.7809404589566,1250.7423432816627,66151
2018-12-11,1218.0457763671875,1228.8296874682314,1164.0766905128828,1171.9060922471429,137539
2018-12-12,1285.31005859375,1294.0751272590749,1224.1517375822145,1226.0229509272856,177986
2018-12-13,1289.1507568359375,1318.6958467557834,1282.0106934386415,1296.0446111505682,99880
2018-12-14,1301.3135986328125,1316.7263128760046,1276.348019063053,1289.1508927110622,84899
2018-12-17,1317.0709228515625,1324.6049452830894,1290.1356716140126,1300.0333254267048,73088
2018-12-18,1342.233642578125,1354.150139764191,1301.1167201525577,1311.8021717570198,87895
2018-12-19,1342.775146484375,1362.225665456687,1325.5897993281992,1354.1007651264806,80664
2018-12-20,1323.6695556640625,1344.3018324033387,1314.756737185683,1328.6429078941212,66863
2018-12-21,1285.5069580078125,1331.4987682616825,1280.336567080761,1321.6504045911079,68238
2018-12-24,1258.4732666015625,1297.0296386743519,1251.9733699049125,1289.0524872639496,54465
2018-12-26,1246.999755859375,1266.844232635449,1219.2274184856224,1260.5905457686563,60487
2018-12-27,1255.469482421875,1275.3138395738958,1252.7118924325794,1252.8596419354499,38249
2018-12-28,1299.4423828125,1328.4458878820499,1258.620960771895,1258.620960771895,268063
2018-12-31,1304.02197265625,1319.6808968946054,1293.4842702986168,1304.9083495413076,77870
2019-01-01,1303.82470703125,1311.8018564387132,1288.165786953331,1296.2413959397968,44727
2019-01-02,1285.457763671875,1310.817302009014,1272.4086808382015,1299.9841011659644,57452
2019-01-03,1278.957763671875,1305.4005959087813,1276.3479232725615,1290.135632320259,43110
2019-01-04,1272.0640869140625,1288.9540569016563,1262.5603906627955,1283.2419571245105,47457
2019-01-07,1292.8441162109375,1304.908363343738,1279.0564052020227,1285.1131737247988,56622
2019-01-08,1282.30615234375,1304.2187600160337,1278.3175172415345,1288.2151701430175,39647
2019-01-09,1280.927490234375,1298.0143777642734,1272.6548404141747,1287.378096535546,39133
2019-01-10,1273.738037109375,1285.1129447527517,1268.4691868135935,1285.1129447527517,43482
2019-01-11,1265.90869140625,1290.8249793838045,1260.5905509754657,1276.347932862659,57015
2019-01-14,1249.708251953125,1260.5414536556736,1240.9924728090255,1259.6059070509016,45774
2019-01-15,1261.526123046875,1278.317631549004,1246.802867134853,1255.666394626333,76271
2019-01-16,1255.3709716796875,1287.6243653388876,1247.0491517851071,1262.5110359248538,88548
2019-01-17,1232.375,1260.5905867871797,1227.1061493256452,1251.7270592238324,61966
2019-01-18,1233.212158203125,1252.7119680577796,1226.121383830138,1235.969748358894,54583
2019-01-21,1209.428466796875,1245.8181260266958,1206.4246674962073,1236.4621796257047,74821
2019-01-22,1202.583740234375,1225.8751458400875,1193.7695022764847,1196.7731812554243,41526
2019-01-23,1189.682373046875,1270.3896680644511,1182.8869778324683,1207.4094282743947,1024207
2019-01-24,1191.01171875,1220.9507653935427,1185.2997405171486,1203.273002439659,234998
2019-01-25,1195.5421142578125,1226.12133293808,1182.985450004832,1201.2049236268035,156750
2019-01-28,1166.63720703125,1205.1442872715695,1147.3344371116839,1196.5762584469494,116985
2019-01-29,1189.38671875,1195.9359040089498,1154.228111893512,1154.228111893512,156652
2019-01-30,1177.765869140625,1211.0532671689919,1168.2128839749878,1193.6217110605255,68877
2019-01-31,1186.9739990234375,1200.5154987011576,1182.8869041677606,1189.5838393688177,64027
2019-02-01,1187.663330078125,1204.454837677199,1171.0196921924326,1191.5535057328527,66041
2019-02-04,1174.2205810546875,1191.5536790272827,1152.2586795029385,1189.3869666436478,111441
2019-02-05,1155.6070556640625,1186.7278618564403,1152.25858786061,1162.2054114555494,57040
2019-02-06,1165.603271484375,1172.0047086455243,1146.2019205720824,1159.4480434448083,51761
2019-02-07,1176.63330078125,1191.5535964357675,1160.3835000171648,1170.084114611261,51160
2019-02-08,1184.1181640625,1195.9362022853772,1156.1980728048131,1171.9554571019826,89806
2019-02-11,1165.5045166015625,1179.833933413115,1159.3985793911431,1179.833933413115,41966
2019-02-12,1180.031005859375,1186.4817328015026,1162.1070302600317,1162.303949465578,119430
2019-02-14,1181.9515380859375,1187.2203892661125,1162.1070587590316,1162.4517274868379,43237
2019-02-15,1182.6898193359375,1194.113895238282,1172.9399168897269,1172.9399168897269,44562
2019-02-18,1165.159912109375,1181.803671189146,1158.8077654644478,1172.9401436552275,24226
2019-02-19,1181.3604736328125,1187.1217421481988,1156.345606682162,1156.345606682162,55880
2019-02-20,1198.2010498046875,1223.4128338070898,1177.9134470613196,1177.9626167423487,83187
2019-02-21,1195.492919921875,1218.242616526162,1188.7959843706376,1206.4245798258273,56543
2019-02-22,1182.345458984375,1206.4246623201075,1176.879568549003,1195.5914612707024,75150
2019-02-25,1222.329833984375,1228.8790206887547,1185.7431343257306,1189.6824802869457,166505
2019-02-26,1192.5382080078125,1246.8026599210277,1186.7276502407885,1222.3295037918654,214667
2019-02-27,1179.5877685546875,1219.1781427553467,1173.9249593965249,1201.4510879993588,120746
2019-02-28,1174.26953125,1192.587462276775,1167.0310085320737,1186.4322354385258,44937
2019-03-01,1201.0572509765625,1214.3032521519829,1174.9097970943353,1174.9097970943353,85912
2019-03-05,1256.306640625,1263.0527462590162,1183.7734120883722,1206.424650422842,222060
2019-03-06,1262.7572021484375,1295.0598846206062,1240.8938818417976,1261.0337384236573,246593
2019-03-07,1255.715576171875,1269.4047046075445,1244.340668785022,1268.1736592288494,68296
2019-03-08,1232.62109375,1257.340460930678,1225.1363618852315,1255.715577204884,65025
2019-03-11,1265.169921875,1273.3932805788907,1236.0679623865913,1238.9240115763685,136508
2019-03-12,1341.3963623046875,1353.1651082809924,1270.3895672158305,1275.0675397517364,443023
2019-03-13,1312.98388671875,1348.093329661386,1306.828659001573,1347.2562427357082,153204
2019-03-14,1311.3590087890625,1326.574683687967,1297.0788804197414,1317.7111557345954,68019
2019-03-15,1291.908447265625,1322.6352950876146,1284.2266752004837,1314.7073139206325,61121
2019-03-18,1292.64697265625,1334.4532267649765,1281.3705245494364,1298.8513694018927,91698
2019-03-19,1288.2152099609375,1305.8436840982174,1281.3705253336561,1296.7339480427704,67647
2019-03-20,1274.8216552734375,1294.2721776121782,1269.5036339486717,1294.0259684686498,31858
2019-03-22,1252.2686767578125,1279.253095879123,1247.787623392724,1275.363040484276,54664
2019-03-25,1228.7803955078125,1254.6323524240445,1219.2275299921985,1237.003876073744,52516
2019-03-26,1237.1513671875,1245.8179751020086,1219.4243129963252,1235.2309844045014,91868
2019-03-27,1266.3519287109375,1278.3177156555785,1238.530298921053,1244.833276262443,288399
2019-03-28,1264.0867919921875,1293.9765522788987,1245.8180289347192,1272.3593214634402,114341
2019-04-01,1283.537353515625,1304.5635870263484,1280.3858048419127,1285.2115273409204,44642
2019-04-02,1278.0714111328125,1291.5636214404133,1263.6928240400568,1286.688729450988,45621
2019-04-03,1259.2611083984375,1290.2834555279642,1247.9354896051182,1278.3176690198602,67877
2019-04-04,1273.44287109375,1282.1093600715274,1253.6968513875543,1264.5300527742497,47214
2019-04-05,1265.1209716796875,1280.8291863317347,1260.7384972460245,1275.3632955488047,46975
2019-04-08,1265.6624755859375,1284.078867480979,1251.7270170096758,1272.4085806266728,45362
2019-04-09,1266.056396484375,1269.552493336362,1251.333021168544,1260.5905067463182,26623
2019-04-10,1264.2344970703125,1275.1169878814044,1257.6361409728158,1265.3179133358565,26451
2019-04-11,1254.4847412109375,1270.4390439071697,1251.284022689466,1270.4390439071697,14359
2019-04-12,1264.4315185546875,1271.4238331750764,1253.6967774065627,1253.6967774065627,34287
2019-04-15,1293.09033203125,1317.4157456352068,1267.1399141489687,1269.011127553727,165566
2019-04-16,1317.7603759765625,1354.1007424887007,1292.1053400023684,1296.0446855511561,132929
2019-04-18,1295.9462890625,1329.52918745738,1286.196384310621,1327.0178064600218,54403
2019-04-22,1269.503173828125,1309.7828789348846,1260.7872771307764,1295.0596255759287,54682
2019-04-23,1252.859619140625,1282.6509194996056,1243.8483422609113,1273.14722443214,28698
2019-04-24,1261.7232666015625,1267.3860762996517,1246.3105518142088,1256.6513347411542,21272
2019-04-25,1267.5830078125,1275.0677410074786,1260.5906928569186,1263.545202293302,20223
2019-04-26,1252.2686767578125,1270.4388588607846,1243.9960275864912,1270.4388588607846,16480
2019-04-30,1227.7462158203125,1260.0487748123721,1172.2998832124763,1257.0450961839667,106146
2019-05-02,1212.5799560546875,1254.041549188413,1207.8526927068149,1231.0456406646574,50467
2019-05-03,1208.4927978515625,1240.8446515676778,1205.3905389540073,1222.7729265431797,46755
2019-05-06,1181.8529052734375,1206.326064431169,1176.8794336377166,1183.2808698876288,180293
2019-05-07,1176.7811279296875,1201.451209494938,1172.9402416336275,1183.281024620322,85501
2019-05-08,1164.421142578125,1176.8793454673025,1157.527288671622,1172.9400003778724,22462
2019-05-09,1160.2850341796875,1181.8036855773848,1153.243429842598,1162.1069574844284,45304
2019-05-10,1155.65625,1170.87204483425,1152.258612435662,1166.9818688401797,53056
2019-05-13,1145.069091796875,1164.0764800409204,1138.4707368251302,1155.6560817803268,26030
2019-05-14,1143.14892578125,1164.716868390355,1118.7742232931294,1158.167681859789,48960
2019-05-15,1137.7816162109375,1166.0463746714202,1133.7436905286156,1138.9633718813323,25796
2019-05-16,1115.327392578125,1146.3497438948675,1112.8653012037803,1146.3497438948675,23189
2019-05-17,1106.7100830078125,1128.9673651939638,1098.092763117874,1120.7440039714265,42812
2019-05-20,1141.8192138671875,1166.5385805983592,1125.0769970076078,1132.561728736271,53690
2019-05-21,1122.5657958984375,1160.2357898562327,1119.0204087462682,1145.3647836056414,31229
2019-05-22,1102.2783203125,1127.5885718290044,1098.092764930478,1127.5885718290044,45396
2019-05-23,1102.4752197265625,1179.6864287243202,1083.664865803339,1132.5620241961917,129899
2019-05-24,1118.67578125,1152.1602215572532,1103.0168571801016,1103.0168571801016,166100
2019-05-27,1129.0657958984375,1168.016128891434,1124.683321411482,1127.6378310123878,397828
2019-05-28,1110.74755859375,1146.2509540717012,1098.092436619168,1136.501050994188,121033
2019-05-29,1131.3800048828125,1144.3797961315358,1099.421994382513,1116.804379357282,236792
2019-05-30,1143.7890625,1165.0615055050935,1126.9975531537357,1132.5619030691948,152403
2019-05-31,1138.9632568359375,1173.9249478153372,1122.7134568032589,1148.3192023092981,274478
2019-06-03,1140.93310546875,1161.9101713782093,1137.486177657666,1145.2664101894013,89553
2019-06-04,1131.724853515625,1161.1221981005194,1127.6377581213696,1127.736217724508,51708
2019-06-06,1115.278076171875,1141.2286148165124,1112.8652747700503,1132.5620052969539,45637
2019-06-07,1114.884033203125,1130.5428349238493,1101.5394526315881,1112.86507060679,35645
2019-06-10,1139.1602783203125,1142.410286706419,1122.5658081133065,1122.615098023727,87295
2019-06-11,1122.368896484375,1149.1072304363286,1117.7893828982458,1142.4102944158283,65126
2019-06-12,1118.1341552734375,1131.3309891141469,1112.8653037640793,1121.7288327321119,24880
2019-06-13,1101.982666015625,1121.2362661483119,1094.1532645505267,1117.5431295667959,57437
2019-06-14,1085.7821044921875,1107.6947138572225,1083.320013552296,1102.721242070928,47057
2019-06-17,1042.59716796875,1092.8729983520402,1039.0024907578136,1090.1155283280527,63348
2019-06-18,1011.1808471679688,1062.63855280666,1005.5180374565338,1047.3735874975746,67854
2019-06-19,974.2493896484375,1028.0214319930615,925.7461978969233,1019.2563641606059,213506
2019-06-20,972.427490234375,978.3857384620437,950.3671307209331,973.9539746400291,75934
2019-06-21,969.71923828125,1013.3967109635663,960.2155424581897,973.0184163576322,111343
2019-06-24,946.329345703125,974.0032252274066,942.4884595982084,974.0032252274066,40791
2019-06-25,940.6172485351562,959.2306810720972,935.5946067951667,945.442971077221,39595
2019-06-26,905.5571899414062,950.859670351743,887.2392545150002,940.5188867798183,523878
2019-06-27,910.7275390625,922.6440364813669,904.0798927919708,905.8525864421822,300988
2019-06-28,921.9053344726562,934.6097481382028,898.1708011612654,911.9585108282147,156465
2019-07-01,895.9548950195312,930.5719177552668,891.2769222233314,922.7916863240459,130763
2019-07-02,901.0760498046875,904.8676457897544,891.9170835749304,899.0571472657605,72099
2019-07-03,929.8825073242188,942.6361502656182,897.1859280029513,904.0797825540168,221225
2019-07-04,957.4580688476562,968.0942911537635,923.7766481202748,934.4621002300447,200905
2019-07-05,932.738525390625,965.1396668206024,923.8257680403838,963.1699940311727,79103
2019-07-08,890.390625,923.6781456435,878.129459084183,919.8372593816662,74145
2019-07-09,884.7277221679688,900.091205488058,880.2467287407248,891.2769080221537,40015
2019-07-10,891.5724487304688,902.110211034129,886.3528274352796,886.451287038913,37730
2019-07-11,897.77685546875,902.7995572711694,886.352777052816,899.1556504991345,34149
2019-07-12,900.1405029296875,905.9510619486937,889.4057617283527,898.170830056756,50423
2019-07-15,888.5193481445312,905.9509631916975,877.9815874011316,903.0949137934242,37131
2019-07-16,897.7276000976562,903.6858482406375,879.8528556687128,892.16331055489,27513
2019-07-17,898.5155029296875,905.9510661471794,891.5724180423565,897.7768755989151,37819
2019-07-18,898.909423828125,919.8371973217954,896.2011237289441,902.110142127157,104680
2019-07-19,883.2505493164062,911.9585559810507,878.4741165605802,899.2049118857362,35251
2019-07-22,866.4590454101562,886.0573136491697,848.0425928631311,886.0573136491697,47644
2019-07-23,875.4210815429688,885.1709256315778,857.3985277153137,867.6408501031809,39893
2019-07-24,872.2695922851562,882.2656454591494,851.8834672323496,876.504376689932,43584
2019-07-25,873.4021606445312,892.704990666334,864.7848419141671,871.5802372996837,54701
2019-07-26,854.2964477539062,874.4363665263337,846.762424363283,874.4363665263337,36665
2019-07-29,849.864501953125,862.1749557733232,846.0236163173681,847.0576824163372,25791
2019-07-30,807.4674682617188,854.8380797427754,789.8388709144077,851.8343404476368,99471
2019-07-31,801.6076049804688,812.4900352488426,778.0207610261645,805.0053026043472,82498
2019-08-01,790.760986328125,823.349851653254,781.04838011165,802.5442686968839,69247
2019-08-02,784.203857421875,803.6290124591383,774.3433787413949,783.4150311641538,35440
2019-08-05,765.1238403320312,787.1126953240991,759.2568435948091,776.0196570248243,52531
2019-08-06,775.280029296875,793.7191339222729,765.123749693835,765.123749693835,37200
2019-08-07,763.9406127929688,773.7025111053847,761.2289810599185,766.4057325502871,30148
2019-08-08,774.2941284179688,780.9499518714183,761.4262151113506,763.9406252681582,17889
2019-08-09,796.9239501953125,810.8272019546362,777.0057699442867,777.0057699442867,63765
2019-08-13,772.2727661132812,812.6020911391477,763.2011129408323,808.5593186194865,59898
2019-08-14,797.4168090820312,804.6149454544055,769.0679369229453,769.1172272725935,45419
2019-08-16,792.3386840820312,804.1219671269224,788.3452025971483,793.7684654042581,24418
2019-08-19,781.4921875,808.5592121886411,774.7870743624693,796.6773479974637,32834
2019-08-20,774.63916015625,791.7471263152612,769.1173163176594,778.9777947319884,16888
2019-08-21,745.4520874023438,778.8297791471261,739.6837322280185,778.8297791471261,24569
2019-08-22,748.5088500976562,756.7916755714799,726.7172181057729,749.2977364731295,55266
2019-08-23,750.9739990234375,764.187063944426,729.7246804433769,745.452155279982,28281
2019-08-26,779.81591796875,783.908040619,757.2354583176742,774.0475621206477,26704
2019-08-27,914.0663452148438,935.7593976363395,771.6810134294108,778.9777914991656,1363404
2019-08-28,881.23095703125,931.8151986347029,869.6941853923894,916.0384333668138,642883
2019-08-29,848.2476806640625,905.1426548330859,839.4718305424908,881.526796296044,244767
2019-08-30,888.823486328125,921.954667415285,853.9666614552708,855.7908859447966,798369
2019-09-03,861.9044189453125,904.8961421800692,853.1286290139735,897.7965854805732,186996
2019-09-04,892.0281982421875,899.2756257579215,863.7779036885298,867.4755830707581,303186
2019-09-05,953.8533325195312,967.312909306557,895.9723737588592,904.1072682560856,801199
2019-09-06,966.9677734375,983.089630465483,951.536101704304,959.4244838945987,481824
2019-09-09,988.0198974609375,995.9082798757953,902.2337386993592,970.2710370275075,322521
2019-09-11,1009.5650634765625,1030.4199995016322,990.041328154301,994.1827411459527,326270
2019-09-12,992.2106323242188,1025.2925852805042,986.0478333656832,1015.5799178281186,134790
2019-09-13,991.17529296875,1003.5994715810941,983.7306438723222,1001.627375916685,92433
2019-09-16,1154.3170166015625,1171.1784118868004,982.103724049045,991.8656224880282,1178671
2019-09-17,1128.088134765625,1195.0900406292833,1112.2620180114122,1148.6472091634118,640484
2019-09-18,1113.2974853515625,1154.7607294010886,1096.6332509342449,1138.589518958442,221553
2019-09-19,1079.327880859375,1122.122378780865,1069.7632654964202,1120.2488639168494,143140
2019-09-20,1259.478759765625,1273.8750319339817,1069.861741256056,1086.6245519485472,1249365
2019-09-23,1274.0230712890625,1368.6343068158133,1254.4499267314343,1277.917911839549,415281
2019-09-24,1223.931884765625,1269.0435735696753,1200.2667365405496,1267.0714778842523,230266
2019-09-25,1209.141357421875,1267.0716772983562,1198.5413414444763,1216.783229405581,268203
2019-09-26,1216.881591796875,1244.392350075625,1198.6397071087617,1212.838819804294,147917
2019-09-27,1171.9178466796875,1236.503979584626,1150.224794406273,1221.6146814158521,112376
2019-09-30,1119.3614501953125,1192.9207147204825,1108.3177626291485,1168.4666803519049,135573
2019-10-01,1114.1846923828125,1155.8945635522953,1074.7921298972078,1126.3624793226284,174230
2019-10-03,1105.1131591796875,1135.927155364711,1090.8648154906016,1116.009036377581,82804
2019-10-04,1081.79296875,1131.9828235906475,1078.637664078492,1115.1706612084006,78878
2019-10-07,1064.6357421875,1108.3177070814352,1042.4496670902292,1079.7223214005085,118929
2019-10-09,1076.912353515625,1095.4993343499245,1060.987654149882,1064.8824956255828,109646
2019-10-10,1054.0850830078125,1083.6665165814647,1041.2664617925632,1072.8199909377922,64050
2019-10-11,1090.8154296875,1121.13640095339,1055.0711952683616,1062.9595780367233,233400
2019-10-14,1134.250732421875,1183.2572556115942,1095.4990091537343,1097.7669670405176,598135
2019-10-15,1173.544921875,1191.1458526608333,1133.0183776170106,1138.9346649646639,355573
2019-10-16,1159.54296875,1183.2574686646913,1146.2806727689197,1183.2574686646913,149688
2019-10-17,1142.5830078125,1166.4453189226415,1130.5532715405461,1163.4871752130946,168705
2019-10-18,1156.3876953125,1179.3133093956512,1131.1941228721014,1131.1941228721014,197663
2019-10-22,1153.774658203125,1187.0537758228445,1143.8649487322268,1161.5151103760536,137926
2019-10-23,1189.518798828125,1229.996111185304,1142.8294572411876,1160.2824560254408,503766
2019-10-24,1168.5159912109375,1217.7690305760343,1161.6628867942807,1195.4843744138245,178571
2019-10-25,1151.950439453125,1179.707711436344,1143.914125132275,1165.656529101906,89312
2019-10-27,1167.579345703125,1179.3133403029872,1154.6621417180584,1161.465896600935,32345
2019-10-29,1192.8221435546875,1221.2203723422183,1159.5923761602332,1166.5932924530707,256339
2019-10-30,1184.687255859375,1217.0296766155152,1176.6017108539304,1202.6826308630073,123781
2019-10-31,1173.840576171875,1204.9010824224863,1167.4806158959968,1188.582063263496,98687
2019-11-01,1199.6749267578125,1224.030256161033,1159.5920647325315,1173.3967321698235,329755
2019-11-04,1201.499267578125,1232.1653306788237,1185.9196638894168,1207.1690425379725,175743
2019-11-05,1184.6378173828125,1211.8033612817721,1175.3689442523569,1208.9439190366309,89821
2019-11-06,1169.6990966796875,1191.1456343848788,1163.8813911138143,1183.1586720025828,100314
2019-11-07,1170.4388427734375,1195.0900399674863,1165.45925279337,1172.805381777501,89436
2019-11-08,1184.4901123046875,1230.587854448491,1164.3254796635224,1167.4314344447064,367624
2019-11-11,1181.581298828125,1201.992443111447,1173.3970527503052,1189.8147750828107,95037
2019-11-13,1203.224853515625,1227.6295370841656,1191.3429291262976,1192.1318155299248,216678
2019-11-14,1175.8126220703125,1210.2750640537772,1171.4247576149992,1204.9997325268387,78607
2019-11-15,1158.408935546875,1193.0684173873947,1148.7456195275918,1165.5084311430157,87782
2019-11-18,1134.004150390625,1168.3678869912494,1125.2775323762382,1163.240366980286,75200
2019-11-19,1098.802490234375,1136.3708924140262,1094.5132057986002,1136.3708924140262,74251
2019-11-20,1098.1121826171875,1122.7633782025096,1072.918612582122,1104.077699728536,150941
2019-11-21,1083.370849609375,1103.091808884086,1077.3559811040247,1095.4992877101954,36855
2019-11-22,1061.9735107421875,1088.9418947642034,1057.2404330209824,1087.5614037315881,68784
2019-11-25,1082.43408203125,1094.5131688040879,1062.9596360097357,1062.9596360097357,70691
2019-11-26,1076.024658203125,1106.3456279531788,1070.4534640780566,1087.5613692782315,68715
2019-11-27,1089.780029296875,1106.3456812268178,1071.0451202564923,1071.8340066787441,95318
2019-11-28,1085.195068359375,1102.3029754119104,1073.1652117161968,1094.4145921837971,77536
2019-11-29,1090.96337890625,1110.7335663247743,1076.4684031103488,1087.5122113882503,160907
2019-12-02,1068.53076171875,1094.5130981279024,1062.8609866608804,1081.2014523398602,47766
2019-12-03,1077.6517333984375,1108.3177978601004,1066.4601142283555,1069.7633504955186,150449
2019-12-04,1071.9327392578125,1085.6388303078888,1061.9736786935478,1077.4545838943882,54240
2019-12-05,1069.171875,1107.3318837554739,1064.9318205306429,1089.5830200799633,97919
2019-12-06,1038.456298828125,1074.792137380823,1029.4339370876874,1069.8618982185258,67799
2019-12-09,1020.4609985351562,1045.7038007697895,1017.6014355440102,1030.518638995407,45450
2019-12-10,1019.721435546875,1030.4200309333708,1007.9874417431945,1025.193929041098,54699
2019-12-11,1008.3818969726562,1029.3846447716678,1001.8246544424867,1020.5102137775907,41532
2019-12-12,1006.1632690429688,1023.5176874543089,994.4292753349428,1013.6078582294867,93114
2019-12-13,1010.3045654296875,1027.3632407465748,1003.7966739353666,1003.7966739353666,69008
2019-12-16,1006.0153198242188,1032.3920998343121,1002.8106643089737,1013.3613281661435,165823
2019-12-17,1022.728759765625,1039.2944114344064,1011.6850722312153,1011.6850722312153,188562
2019-12-18,1013.01611328125,1025.3910604633008,1005.7686865253074,1025.3910604633008,71376
2019-12-19,1001.5287475585938,1015.1361949589179,997.3873348236478,1015.1361949589179,55267
2019-12-20,1003.15576171875,1020.5101799021032,996.401357982014,1000.8385733317607,107169
2019-12-23,988.0692749023438,1010.6990859862658,983.2376763575372,997.9790441477356,62518
2019-12-24,986.0970458984375,995.9082331028496,981.117516769639,990.8794136229895,55791
2019-12-26,986.7380981445312,1003.2051093198517,981.1176133479316,989.6962417023642,62094
2019-12-27,979.4412841796875,994.4785133826474,976.2859191298908,991.9641034870657,43189
2019-12-30,994.52783203125,1000.9371430214151,981.906431656565,983.0897011068508,67503
2019-12-31,1024.4542236328125,1043.0413193230856,991.470975768287,993.9360950516492,333501
2020-01-01,1014.8402709960938,1029.3844749480552,1008.6775328949414,1022.3835601700333,44974
2020-01-02,1043.97802734375,1057.7826954739153,1012.0300570262224,1018.5872984614816,208020
2020-01-03,1055.85986328125,1063.8468251086324,1024.5528506453545,1041.0691486501182,159352
2020-01-06,1035.25146484375,1052.0142751048181,1020.5593306003258,1049.0561321175708,126626
2020-01-07,1099.1966552734375,1116.2059778152332,1049.2040858626713,1050.140783015215,280475
2020-01-08,1094.069580078125,1128.3839774276466,1087.0193129752543,1089.5830136397933,291651
2020-01-09,1113.642333984375,1123.995835183299,1092.7380498195876,1108.3176521514972,171827
2020-01-10,1098.9503173828125,1138.8852548920129,1093.527054264279,1121.826579117759,147819
2020-01-13,1107.92333984375,1114.2340701552312,1094.5131131613332,1104.373591658282,95819
2020-01-14,1107.4796142578125,1121.8265375743374,1102.4014439978066,1113.1493891263165,73580
2020-01-15,1102.4014892578125,1113.9382008822479,1094.513106508204,1112.163386983887,43836
2020-01-16,1141.8433837890625,1156.6341011956565,1094.4145073786842,1106.5428234317915,197705
2020-01-17,1128.3837890625,1168.4666566750386,1124.3410171086184,1157.17645737977,127959
2020-01-20,1114.135498046875,1137.7020659099942,1110.4378185819662,1132.968988048043,47989
2020-01-21,1118.7205810546875,1128.0386846296317,1100.9717206321934,1106.0497705148987,75686
2020-01-22,1114.48046875,1131.8842356001953,1106.3455748175181,1120.4461057806827,50147
2020-01-23,1124.4888916015625,1131.6377378744307,1109.4023126995428,1110.2897797585717,62110
2020-01-24,1182.1728515625,1198.0481986814696,1115.3187557855035,1124.0946061702678,275371
2020-01-27,1171.27685546875,1217.7690333245741,1160.578260909331,1173.3968823127477,256156
2020-01-28,1152.98583984375,1193.117940608249,1143.8155463682388,1177.193243195291,99153
2020-01-29,1172.164306640625,1187.0043739798693,1153.8238418782923,1163.5363885055203,163235
2020-01-30,1133.4620361328125,1180.0034478428106,1124.2425125439227,1175.319720420774,88218
2020-01-31,1116.4527587890625,1141.6955614985811,1108.317863439087,1139.8220463748482,58867
2020-02-03,1102.5491943359375,1125.967825819848,1074.7919291563157,1103.0914483184365,73395
2020-02-04,1127.93994140625,1136.9129510313335,1108.3669194450115,1112.7547833814917,63160
2020-02-05,1131.8843994140625,1164.8676532579098,1124.0945969930442,1132.9690280219368,95462
2020-02-06,1130.8983154296875,1142.18851528703,1124.0945611179081,1140.6602133233562,42583
2020-02-07,1116.4031982421875,1138.2935301955993,1111.2757981632742,1131.9828006135215,50067
2020-02-10,1170.5374755859375,1212.7403752073446,1120.347611791617,1122.9606628839201,672592
2020-02-11,1162.451904296875,1193.0193894838517,1156.2397543216834,1187.2016827457983,191873
2020-02-12,1150.8162841796875,1171.4740563896153,1143.8153693544832,1163.5856745319982,75695
2020-02-13,1147.0694580078125,1168.2694857839754,1142.6814730617505,1155.6480257517665,56606
2020-02-14,1139.4769287109375,1201.8938089028497,1129.567219540205,1183.2574795268665,140415
2020-02-17,1112.8043212890625,1151.6052791376933,1109.303803362696,1139.476842740728,59099
2020-02-18,1104.47216796875,1119.164304944093,1090.963360628627,1114.2340657152645,41761
2020-02-19,1106.5921630859375,1130.9968465667812,1100.626525643754,1114.234033670848,60121
2020-02-20,1078.4405517578125,1113.7411151068295,1074.7922226351875,1106.5922677544395,63089
2020-02-24,1077.0107421875,1092.5409955081254,1066.9037519312199,1066.9037519312199,50294
2020-02-25,1061.5296630859375,1089.48409034642,1050.1407643956331,1082.6803373769064,26901
2020-02-26,1084.1103515625,1094.316043960652,1040.379149816562,1053.6415667329368,70895
2020-02-27,1083.2720947265625,1094.2172012909232,1064.931629623152,1087.6107291429043,37532
2020-02-28,1054.52880859375,1062.959565726668,1038.2590193224235,1048.7604528346224,45702
2020-03-02,1077.0107421875,1092.5409955081254,1038.3083648646716,1068.777266881427,65206
2020-03-03,1087.0684814453125,1114.2341497928862,1069.861993385205,1092.6396762677125,45630
2020-03-04,1080.70849609375,1092.4917203267344,1055.0712507484602,1088.4982985605616,95812
2020-03-05,1074.5457763671875,1099.443487634241,1069.8620485050685,1077.7504322728478,30552
2020-03-06,1103.9791259765625,1126.0666214336327,1029.4339341302211,1039.2944124264877,69377
2020-03-09,1069.6153564453125,1101.415398155717,1045.2106732722114,1101.415398155717,80429
2020-03-11,1066.016357421875,1078.3913066766593,1055.0712498381108,1065.9177767056055,44475
2020-03-12,986.0478515625,1035.6953368152379,971.2571337890624,1035.6953368152379,99008
2020-03-13,990.0413818359375,1020.5102258320197,788.8383199025188,887.4431098903337,84166
2020-03-16,937.0904541015625,962.3826029344915,926.8848839737931,962.3826029344915,64930
2020-03-17,873.5890502929688,994.9222186359939,851.9452892978184,927.8709690153323,62179
2020-03-18,763.6447143554688,892.323949493434,749.4948926190386,891.3871920668248,77250
2020-03-19,718.4343872070312,744.9098061649428,691.2194925989635,739.5358337364089,63142
2020-03-20,728.6400756835938,759.2568495948238,714.8846960470744,729.6754138963242,58306
2020-03-23,585.9589233398438,682.197167533922,582.9514894932007,660.6520465085323,62470
2020-03-24,599.4677124023438,621.2100521923612,527.5355205125608,621.2100521923612,57627
2020-03-25,639.8958129882812,655.7218701483777,547.2565983945107,599.46784806184,35878
2020-03-26,687.3246459960938,703.8409475842863,624.1682928552747,636.0008671274126,56402
2020-03-27,694.4241943359375,745.452170277556,665.9273875627401,734.6056439904486,58229
2020-03-30,684.366455078125,721.7869806614274,665.9273494097575,678.4008779987187,36969
2020-03-31,722.280029296875,735.591674888012,694.1776663822526,694.3255976289206,42501
2020-04-01,715.9692993164062,748.4102967261921,709.9544316770202,726.717244647172,29548
2020-04-03,706.7496948242188,725.0901581225783,686.5357168069233,724.7450654981524,35765
2020-04-07,777.4000244140625,777.4000244140625,719.8148151302153,719.8148151302153,59781
2020-04-08,773.2587280273438,842.3806575256302,763.2010280244137,798.6987502581073,76612
2020-04-09,806.0940551757812,836.1685122801988,780.9498369409404,808.5591746105696,44907
2020-04-13,777.3507690429688,817.4336367013344,760.341444274455,817.4336367013344,36677
2020-04-15,795.4447631835938,833.2103814542105,788.9368116680041,818.3210839182244,80149
2020-04-16,818.370361328125,833.1117875728132,780.0130788807719,788.8382184868091,98933
2020-04-17,831.7806396484375,857.9109072907308,824.4839217754568,839.2252887701854,48600
2020-04-20,840.3593139648438,872.6523823512898,819.9481106121132,843.0709456614156,78788
2020-04-21,803.9248657226562,828.230971283604,799.6848716581043,828.230971283604,43656
2020-04-22,858.89697265625,872.0607476397735,806.3406339850453,812.5034330830662,128267
2020-04-23,904.452392578125,973.8208349182873,868.1165532920562,871.6663014871218,338475
2020-04-24,899.6700439453125,926.8849393682233,885.5695121463558,895.2821191637146,86706
2020-04-27,939.2105102539062,955.4802986205093,903.2197662914206,903.2197662914206,145405
2020-04-28,914.1156616210938,946.5073701110078,903.8607999306504,944.6338550932342,77349
2020-04-29,901.3463134765625,931.8152160428252,897.3035413745724,921.9054472105151,54025
2020-04-30,891.4859008789062,924.9129494583526,877.5826492728505,917.0245660941023,84430
2020-05-04,842.5778198242188,876.596467903722,836.1685093164863,876.596467903722,45532
2020-05-05,824.48388671875,867.7220583960766,818.4196687144813,851.9452936979661,41426
2020-05-06,821.08203125,843.0708855858741,814.1304061599558,826.3080726560964,30575
2020-05-07,817.9266967773438,834.3937080137975,807.5239039303947,818.4197207054796,60805
2020-05-08,832.9146118164062,846.0290358837146,817.8280920943574,828.0829533888585,66696
2020-05-11,845.4866943359375,862.7918211112235,839.1266740178871,843.0708652001098,60060
2020-05-12,833.4076538085938,844.0569585384839,820.391810168246,843.070910689724,29908
2020-05-13,841.4932861328125,862.791896299456,836.1686034993584,852.882127127248,59430
2020-05-14,839.126708984375,857.2206627133661,833.3583532134388,842.0848524943082,41726
2020-05-15,838.3871459960938,855.8402041770393,833.2103950211106,840.1127296544215,28330
2020-05-18,790.859619140625,845.9797147592396,787.2112302753368,840.1127183630631,47027
2020-05-19,793.0782470703125,815.4615445499354,788.8382534944961,814.9685206415013,31800
2020-05-20,795.3462524414062,818.3705081853589,791.4514111855592,798.6988395450315,46128
2020-05-21,804.3192138671875,813.3908657921476,795.3461426501883,800.5228936733708,27585
2020-05-22,800.9173583984375,810.5313248427401,791.7964158743556,791.7964158743556,15507
2020-05-26,807.6716918945312,826.1107969462646,801.6568246635987,801.6568246635987,23717
2020-05-27,820.8355102539062,833.2103982143377,799.6354823703462,807.5731551923581,39067
2020-05-28,903.9594116210938,916.0384983866878,822.8076815510035,824.9769989660318,307763
2020-05-29,895.4299926757812,934.5268124370308,887.4430294838594,901.346279539007,198999
2020-06-01,923.0887451171875,944.6338671793146,902.9733443313751,905.191952057005,114615
2020-06-02,937.87939453125,956.4663715965755,926.8849374234856,929.8430808407945,121101
2020-06-03,982.8432006835938,1047.6264966901365,958.8822498142548,961.3966598108893,591493
2020-06-04,1063.3046875,1077.553151320651,967.8059761759406,993.7883132560837,390117
2020-06-05,1077.5531005859375,1129.1233291000487,1060.247913282496,1109.303792088173,363611
2020-06-08,1069.5167236328125,1136.4200398674102,1060.0999194072217,1092.5409146838097,219936
2020-06-09,1051.5216064453125,1085.6388430152235,1042.5978239394115,1070.848123083136,71566
2020-06-10,1004.5855102539062,1064.8822985333045,995.9083014463379,1055.0711708391896,73294
2020-06-11,993.8868408203125,1037.568744072166,985.751946889597,1008.7268474087202,68584
2020-06-12,1006.2124633789062,1015.6292075872958,961.7416726452757,970.2710099668923,79251
2020-06-15,992.2106323242188,1021.2496928699712,986.0478333656832,1014.4952892848498,39973
2020-06-16,983.8785400390625,1024.9473971880377,977.1734266457181,1002.8106709371294,62663
2020-06-17,1035.6461181640625,1052.852605218375,979.1948178505291,981.1176232191833,327324
2020-06-18,1031.3565673828125,1052.1129200919377,1015.6291543530419,1042.3510235640456,102020
2020-06-19,1042.64697265625,1060.6423450901789,1008.5789728604946,1036.3362426333847,146192
2020-06-22,1049.3026123046875,1099.4431103489676,1044.175092394882,1055.1695475718002,202077
2020-06-23,1045.5557861328125,1071.0450983104581,1031.751116596445,1057.0432673561518,91793
2020-06-24,1031.701904296875,1084.652625217441,1022.9752846093456,1054.7753274850388,136868
2020-06-25,1037.4210205078125,1069.6648605808032,1011.0442379371933,1011.0442379371933,76390
2020-06-26,1030.76513671875,1059.7056181881962,1020.7567265717124,1053.099145478599,75666
2020-06-29,1025.39111328125,1050.0423078482231,1003.106397282558,1034.364124030196,60817
2020-06-30,1036.9771728515625,1059.0153166811315,1026.968763802047,1027.5603683971517,125935
2020-07-01,1026.8701171875,1045.9007659169888,1020.5593877213961,1042.498949438112,55208
2020-07-02,1015.974365234375,1040.2804685007404,1010.7976140878073,1034.265600765781,51079
2020-07-03,1015.5306396484375,1028.4478415814451,1005.8673231914116,1022.8274173438282,48425
2020-07-06,1045.8023681640625,1051.1270508440243,1015.6293268005113,1020.8060782235236,141646
2020-07-07,1095.8441162109375,1103.7818485520577,1040.7733747875563,1046.2459878136895,404219
2020-07-08,1109.1558837890625,1158.507626107168,1095.4991453395858,1108.3177672022452,467690
2020-07-09,1111.3253173828125,1129.0248287788074,1060.9875246864601,1114.2834610390016,164893
2020-07-10,1208.8946533203125,1220.7272274148017,1106.3456778347395,1113.0015007628897,871332
2020-07-13,1213.9234619140625,1252.2807466526845,1203.964402884195,1230.7356255966995,596108
2020-07-14,1153.774658203125,1207.8101328851264,1143.8649487322268,1203.9645218867454,202139
2020-07-15,1174.7774658203125,1220.677922316911,1159.6416549677654,1160.6277028456796,269909
2020-07-16,1249.0030517578125,1260.4527156013555,1154.839214763967,1164.7590357015836,469652
2020-07-17,1222.6981201171875,1288.0896442001451,1209.1756946531723,1255.5172623927851,588607
2020-07-20,1249.249755859375,1268.3489948356537,1215.7396070100945,1229.7556759776596,327159
2020-07-21,1250.3353271484375,1297.7627386511112,1243.672794321714,1255.566697415196,354673
2020-07-22,1252.1614990234375,1271.3101385622203,1228.8673311412765,1258.2812319214354,222944
2020-07-23,1258.182373046875,1277.1336514966158,1250.1380772410012,1254.5303658891846,117320
2020-07-24,1229.4593505859375,1263.0681750401554,1207.004147652369,1252.5561548438816,115227
2020-07-27,1170.9278564453125,1242.0441531856748,1164.808124360289,1233.80237740233,114894
2020-07-28,1203.9937744140625,1212.2355502949838,1179.6137668548438,1180.5021286747938,94153
2020-07-29,1187.06591796875,1224.9189492320884,1180.0085445664477,1208.139237598772,105727
2020-07-30,1216.7760009765625,1253.543314735538,1199.256005829668,1219.9838874119093,371831
2020-07-31,1242.439208984375,1251.4706680470924,1218.9969597582547,1222.9451280489698,196387
2020-08-03,1306.892822265625,1322.6360917292375,1225.9059894982934,1238.737533671786,482200
2020-08-04,1306.744873046875,1356.047570681976,1295.9860916007715,1317.701014689284,439905
2020-08-05,1309.5579833984375,1330.5326260569766,1301.5135669399278,1322.8830504991565,155572
2020-08-06,1335.023681640625,1354.2216000050541,1311.7787947570823,1317.6023665516018,269362
2020-08-07,1342.87060546875,1362.0685236653787,1314.739909213065,1328.5584968474366,222368
2020-08-10,1509.7301025390625,1544.7206923917608,1333.493709534357,1352.2475070777714,1074363
2020-08-11,1455.2947998046875,1540.9206962999267,1443.0554544788436,1530.9021955517692,324709
2020-08-12,1414.5792236328125,1446.1151663840226,1402.5866395976616,1437.7253096376608,169701
2020-08-13,1449.5699462890625,1499.1195300307834,1427.2134195158417,1427.9537010613885,347890
2020-08-14,1436.98486328125,1509.137598923495,1405.547604236444,1455.4426182985271,384853
2020-08-17,1450.9024658203125,1480.5631286938944,1423.6108485388836,1443.055529433649,291551
2020-08-18,1456.0843505859375,1485.4982511970786,1447.9906541568866,1457.811674133841,201404
2020-08-19,1437.676025390625,1468.2743263710593,1430.22381034353,1464.7702791924075,108901
2020-08-20,1422.5247802734375,1440.094174809911,1408.5088330731617,1423.8079829768997,112044
2020-08-21,1443.746337890625,1489.1996718447447,1426.4238224515968,1435.0110399695566,306546
2020-08-24,1457.9598388671875,1478.5890425302364,1446.0166537428547,1457.8117584568104,114227
2020-08-25,1459.8843994140625,1475.627669836646,1442.7098459149163,1462.7961248815448,114318
2020-08-26,1437.52783203125,1466.694847574202,1431.2107398404587,1465.7572059745387,88856
2020-08-27,1492.25927734375,1524.979740534474,1441.0811787574964,1444.042304467272,520887
2020-08-28,1464.27685546875,1519.9953300176664,1452.2842706740807,1504.1533776864003,234327
2020-08-31,1330.976806640625,1476.0227084551618,1294.2094902086903,1469.5575348200398,223629
2020-09-01,1313.25927734375,1364.7335376785643,1283.796100066999,1337.4418044350102,134298
2020-09-02,1377.7626953125,1394.8385718890427,1313.753039033554,1313.753039033554,179814
2020-09-03,1352.0994873046875,1385.7083162886897,1338.5770598230445,1379.8847442716688,105323
2020-09-04,1291.7911376953125,1364.091959728689,1283.1545207288682,1314.7398627775788,147089
2020-09-07,1327.3741455078125,1351.951395207918,1294.9497190331774,1294.9991193291723,189953
2020-09-08,1342.0809326171875,1367.4972636136752,1326.6831018199325,1336.4054412296223,157172
2020-09-09,1312.9632568359375,1338.4289893418352,1294.9991401301531,1338.4289893418352,104612
2020-09-10,1325.7454833984375,1347.7564476555262,1316.0231438181377,1323.6233190055334,76160
2020-09-11,1347.6083984375,1373.962369835929,1315.2827751529262,1326.5349567909414,153167
2020-09-14,1379.785888671875,1407.1763012492647,1354.6163203575168,1354.6163203575168,187027
2020-09-15,1374.7027587890625,1411.3713935412381,1364.5361778953734,1386.6953433026983,113450
2020-09-16,1428.397705078125,1440.0941274577178,1373.2220389482864,1382.944377534243,261662
2020-09-17,1405.942626953125,1462.7962211680235,1395.7267665102838,1420.5014962258836,241243
2020-09-18,1374.3077392578125,1427.2625602844646,1362.611317062727,1416.108938830959,132448
2020-09-21,1334.826171875,1400.6125426740616,1325.399993440461,1380.7730233554523,124603
2020-09-22,1304.2279052734375,1351.0631198442684,1288.0897928855645,1338.4289342167244,80444
2020-09-23,1316.5657958984375,1329.2492600392557,1273.284033283368,1306.004495910794,90055
2020-09-24,1241.15576171875,1306.3005256889548,1231.8776644531958,1283.2531219275013,82074
2020-09-25,1283.45068359375,1291.7417395042091,1245.8442892650157,1253.3459044046017,84307
2020-09-28,1286.21435546875,1309.60732224097,1281.1804655646208,1297.6640181203138,100811
2020-09-29,1279.699951171875,1306.6462459287907,1268.5957286877378,1297.8615480436351,83064
2020-09-30,1287.102783203125,1302.8954553896665,1273.3335953358949,1289.9158288386473,73520
2020-10-01,1293.0250244140625,1307.8306544646052,1287.2508527920559,1297.96023443091,41425
2020-10-05,1310.2982177734375,1326.5844103107345,1294.9496669140913,1301.9083610117998,81674
2020-10-06,1318.7376708984375,1352.2477026332394,1303.88263881643,1315.7271442409549,165908
2020-10-07,1300.575927734375,1326.2882997851557,1293.0250322650456,1325.4493381749026,51245
2020-10-08,1271.902099609375,1310.742172180829,1263.9070847484954,1302.8952376946615,54419
2020-10-09,1263.5123291015625,1282.6115660259718,1258.4784394414996,1274.2711100540987,29241
2020-10-12,1232.963623046875,1277.8740371302015,1222.9451219613493,1272.29722534962,48750
2020-10-13,1230.4959716796875,1251.2731341329709,1221.9580340163584,1237.7013062107376,37575
2020-10-14,1231.0880126953125,1254.5302578759208,1206.6587256123628,1219.9837912939718,48782
2020-10-15,1217.3681640625,1251.6185919960697,1204.1911781371457,1237.750604413099,54242
2020-10-16,1211.19921875,1242.6858827685282,1199.7989558993693,1218.059232969439,57029
2020-10-19,1203.10546875,1221.5631052005824,1197.0845368936643,1217.2694967736843,37693
2020-10-20,1192.001220703125,1208.1393322941547,1186.8192505278437,1202.1676803729472,56077
2020-10-21,1173.3956298828125,1204.1418931568285,1156.8626756489095,1199.0587230220053,72190
2020-10-22,1179.811279296875,1193.3337056819832,1167.5225348484782,1169.6446991175765,48567
2020-10-23,1169.5460205078125,1195.3077910816455,1164.7094908970616,1181.489203901511,32131
2020-10-26,1169.2994384765625,1179.219139208813,1156.369211168063,1174.876250394504,24234
2020-10-27,1214.308349609375,1243.6234471025664,1165.696533947305,1174.5799114286986,223844
2020-10-28,1196.591064453125,1226.004843751596,1186.8686043650857,1221.6125550482625,48633
2020-10-29,1183.5126953125,1203.9938157225577,1170.3355889229247,1190.3725886520274,24152
2020-10-30,1195.455810546875,1232.7659217387024,1176.8500949966667,1195.2583298755405,67056
2020-11-02,1174.0372314453125,1206.1655014678815,1165.844853933051,1196.2950800156075,29811
2020-11-03,1166.8316650390625,1189.730990078726,1161.8964552901248,1183.117857210557,24333
2020-11-04,1174.92529296875,1181.4891456534158,1166.6341169717252,1167.6705591545456,18248
2020-11-05,1203.0068359375,1212.8772559222562,1169.7434482957563,1182.426913878463,75765
2020-11-06,1218.8487548828125,1233.7530645605511,1200.539198597484,1203.0068035271931,62383
2020-11-09,1224.67236328125,1232.519298997253,1214.259021970694,1227.8802497859158,45214
2020-11-10,1208.0899658203125,1230.8413313269366,1200.292430681472,1228.8178471016804,30620
2020-11-11,1190.6688232421875,1218.4539593951504,1184.4504103922177,1210.064102321539,50120
2020-11-12,1246.7821044921875,1262.8215367103805,1166.9303839974486,1189.3855891029189,123162
2020-11-13,1240.366455078125,1258.9227739061846,1212.6305967021522,1237.7507694659962,97637
2020-11-14,1240.95849609375,1263.4137005368862,1235.9246062283773,1248.6080712337193,16743
2020-11-17,1262.179931640625,1273.2841539131232,1234.098635511361,1243.6728945197947,82061
2020-11-18,1286.3131103515625,1313.3580857569623,1268.4476739138934,1271.310119865333,149168
2020-11-19,1269.533447265625,1314.7400217338693,1259.169505652858,1287.1028440998239,102895
2020-11-20,1310.84130859375,1317.7012029906834,1272.840187758438,1275.8013140572937,124640
2020-11-23,1312.6671142578125,1331.3222312226687,1306.3500216759935,1317.701004108388,91672
2020-11-24,1330.433837890625,1338.7250141775564,1293.0249247486663,1311.7787213671584,101476
2020-11-25,1264.40087890625,1339.416075468994,1251.5693321257806,1339.416075468994,69740
2020-11-26,1265.1904296875,1278.2193353348878,1239.7246989811729,1267.3618737992247,63997
2020-11-27,1302.6488037109375,1322.6364061168072,1259.3670319816135,1271.1621368108972,259058
2020-12-01,1285.671630859375,1311.384003177518,1281.1805414746652,1311.384003177518,45376
2020-12-02,1272.5439453125,1304.8695720016483,1266.4243328827908,1288.040457087153,68567
2020-12-03,1268.941162109375,1294.9990948224088,1263.4137510462526,1275.2582549623112,64965
2020-12-04,1264.0552978515625,1288.9287068057251,1254.4316388353598,1277.1336036940945,78886
2020-12-07,1338.6756591796875,1367.0531155493952,1264.0553110495691,1264.0553110495691,527587
2020-12-08,1312.61767578125,1349.2863072786622,1302.89533694794,1349.2863072786622,112405
2020-12-09,1351.9022216796875,1369.0273778309836,1311.7789366527593,1317.7011891884376,278078
2020-12-10,1344.597900390625,1355.8994825563643,1316.12176414605,1345.338181855329,90647
2020-12-11,1326.337646484375,1366.0166854619315,1317.7010292514535,1355.3567044846957,75665
2020-12-14,1324.0673828125,1352.5929194198977,1316.2698477560295,1336.257447351922,48948
2020-12-15,1312.32177734375,1327.5715284904782,1307.8800882149715,1321.6492763187734,32389
2020-12-16,1319.23095703125,1342.3770423977749,1314.7398679954676,1314.7398679954676,77933
2020-12-17,1304.9681396484375,1342.377053698474,1299.5394089165686,1329.3481481373965,66660
2020-12-18,1280.78564453125,1316.3685559773323,1275.2582335608886,1306.6462166070999,70330
2020-12-21,1213.27197265625,1301.4148710485792,1196.3935786311406,1273.284174177222,85138
2020-12-22,1225.9554443359375,1232.2231363249402,1176.553948874453,1209.0276515946132,52491
2020-12-23,1259.61376953125,1270.3231519593858,1218.7008031831824,1231.6311507711105,61507
2020-12-24,1250.3848876953125,1272.0010116905394,1245.6470377714518,1270.224408335488,34006
2020-12-28,1289.5703125,1311.7787564580942,1260.8474157452356,1260.8474157452356,138156
2020-12-29,1276.294677734375,1298.9472429320438,1268.3983419110798,1297.9602009541318,43935
2020-12-30,1277.676513671875,1285.1287292295629,1258.4291939944737,1285.1287292295629,33650
2020-12-31,1281.2298583984375,1310.347596082648,1273.3828025599196,1278.169931945891,84532
2021-01-01,1287.8431396484375,1304.5241747138075,1279.2065215438781,1279.2065215438781,60813
2021-01-04,1280.4403076171875,1305.6592803526808,1263.413832144922,1296.5784211410198,47320
2021-01-05,1279.206298828125,1295.8379306989825,1264.3019902774445,1273.5802082092398,41031
2021-01-06,1286.06640625,1337.1458329490677,1275.258343868509,1283.1052800645468,265264
2021-01-07,1275.8504638671875,1312.765858729156,1273.284178767377,1300.9213547406223,145877
2021-01-08,1271.606201171875,1297.8614931256916,1261.5383009191573,1279.2063760440124,129113
2021-01-11,1271.95166015625,1292.9263020421338,1263.9072439940774,1280.1440362232704,53093
2021-01-12,1299.63818359375,1317.5037406023168,1263.956710850238,1269.2866413840466,204202
2021-01-13,1281.6739501953125,1310.4462466443392,1270.3229679640872,1302.895351758038,108386
2021-01-14,1288.8302001953125,1305.9060764308408,1282.1676661334184,1287.6457978908345,60618
2021-01-15,1269.681396484375,1295.986088719454,1266.374830028225,1294.9990467630798,44905
2021-01-18,1234.1478271484375,1281.8712793635677,1230.8412608501117,1265.4371279651616,71611
2021-01-19,1248.361328125,1262.4266761588258,1240.7117528785334,1248.509408517797,38281
2021-01-20,1251.125,1269.335874735284,1241.6987017239403,1241.6987017239403,33329
2021-01-21,1238.0960693359375,1263.9072409150383,1235.7765448072066,1261.2422757949682,47553
2021-01-22,1226.69580078125,1256.504419891999,1223.9320350872574,1230.8413288337179,56777
2021-01-25,1216.578857421875,1241.2055110155936,1209.4720816064325,1232.7662523874258,44616
2021-01-27,1201.4273681640625,1219.9838043216423,1199.255924151129,1211.692628155734,24042
2021-01-28,1190.6688232421875,1201.2301245394408,1178.725518546578,1188.3985784268584,26618
2021-01-29,1189.829833984375,1212.087681211814,1177.4425281022454,1202.2172603550405,25754
2021-02-01,1223.6358642578125,1237.7012121262148,1189.879077569055,1189.879077569055,54147
2021-02-02,1246.0418701171875,1254.5304073912876,1228.867314871875,1233.802524971762,43269
2021-02-03,1237.45458984375,1257.4915919772625,1228.324450734025,1251.5199392830561,42778
2021-02-04,1256.652587890625,1267.3619698465288,1238.737750901397,1240.7118349665784,54078
2021-02-05,1235.1348876953125,1268.348872540876,1230.8412794229357,1262.9695422496304,39324
2021-02-08,1215.3447265625,1253.4445193940348,1206.3625489785284,1243.6727805916835,64472
2021-02-09,1223.83349609375,1232.618194681952,1217.2696421801113,1219.9346075941735,34605
2021-02-10,1230.545166015625,1245.5975559383958,1218.996823253891,1231.7296886633162,41654
2021-02-11,1230.545166015625,1251.5692080048048,1224.9684753203003,1233.5062919020718,39993
2021-02-12,1225.2152099609375,1247.8677743189169,1219.9344391840393,1236.7141521865478,30154
2021-02-15,1191.8037109375,1219.0461641563945,1185.4373387872129,1218.9967638652854,51457
2021-02-16,1185.0921630859375,1203.1056820436147,1173.987939070931,1189.3857722740318,43151
2021-02-17,1176.406005859375,1193.2844002810018,1174.580002222533,1184.2036619046082,33292
2021-02-18,1168.2628173828125,1196.2948326076255,1164.7094904925727,1181.4892034911945,83275
2021-02-19,1176.80078125,1203.2041537796183,1169.3979665220697,1176.060499777207,71136
2021-02-22,1146.251708984375,1187.7074652516073,1141.9579806944664,1181.439653329926,37007
2021-02-23,1137.615234375,1163.4262846750853,1135.0982292365031,1149.9038583135011,42427
2021-02-24,1164.5614013671875,1218.4045870454183,1149.903852749585,1149.903852749585,89701
2021-02-25,1162.9327392578125,1184.4009009681397,1150.890876057081,1173.5928401645535,44160
2021-02-26,1144.47509765625,1163.722414951892,1135.147599777614,1144.9686186125484,44466
2021-03-01,1146.4000244140625,1170.6319567048445,1141.0206930445195,1149.805392028124,51082
2021-03-02,1179.0218505859375,1218.9970577426814,1136.6284383521663,1152.2730323639487,144567
2021-03-03,1199.996337890625,1230.8414010689776,1184.4504260487354,1184.4504260487354,214619
2021-03-04,1226.7451171875,1245.6469954555487,1179.7619424074837,1179.7619424074837,161974
2021-03-05,1186.424560546875,1229.360890317082,1179.5152661010945,1222.8464367944814,60893
2021-03-08,1185.634765625,1202.217118908806,1184.450363456952,1184.5984438500882,37254
2021-03-09,1175.86328125,1223.8827821798345,1166.3383010547718,1192.396236134298,76125
2021-03-10,1186.720703125,1215.9864034726447,1171.5202314801627,1183.5128164673263,59847
2021-03-12,1173.296875,1213.0747191109313,1169.6448674910118,1182.4764145605334,62998
2021-03-15,1147.732421875,1180.5021662545516,1143.3894132191692,1175.5669565294072,40163
2021-03-16,1163.1795654296875,1183.0192054870708,1154.839108949351,1154.839108949351,48569
2021-03-17,1158.0965576171875,1178.9231220721085,1149.9534601973207,1163.7720497583068,41143
2021-03-18,1145.0181884765625,1204.19131170467,1137.0724517080162,1165.0550699765615,173798
2021-03-19,1153.358642578125,1170.0889572339738,1112.4457975472963,1135.0983645398749,96024
2021-03-22,1154.9378662109375,1169.644816695789,1139.5894347912965,1159.1327948784117,50376
2021-03-23,1145.65966796875,1171.0267211401488,1137.0724502637336,1156.9119715221914,57333
2021-03-24,1134.012451171875,1156.8130947261993,1130.16296370435,1143.9815501601236,54810
2021-03-25,1104.1051025390625,1141.2672561002692,1095.2711252710346,1139.688013076018,48415
2021-03-26,1097.294677734375,1125.2280179544498,1086.7333752349555,1115.357596744323,62398
2021-03-30,1107.1649169921875,1113.383329528045,1099.5647421048245,1102.8220287642773,35385
2021-03-31,1096.011474609375,1125.2278940771823,1090.6814236449882,1111.4093059043048,61526
2021-04-01,1130.607177734375,1133.5190238425764,1101.7362000762962,1101.7362000762962,39852
2021-04-05,1166.63427734375,1177.0476189394221,1121.4278247333657,1140.0335428721448,124937
2021-04-06,1161.4522705078125,1186.4244812452396,1155.2832580221364,1179.5151872612823,46177
2021-04-07,1185.4373779296875,1197.8248025555843,1164.9562575366474,1172.6058326232046,57007
2021-04-08,1232.86474609375,1267.3618126587999,1185.4373341146563,1201.1313245840686,332835
2021-04-09,1243.376708984375,1281.1804642528846,1235.7765340867577,1248.608079568489,186108
2021-04-12,1170.0887451171875,1233.7036663950646,1160.3664067245873,1233.7036663950646,95494
2021-04-13,1198.4171142578125,1231.8284631386673,1175.5670669856993,1175.5670669856993,35590
2021-04-15,1176.307373046875,1211.1006056039569,1170.7305613194517,1211.1006056039569,23056
2021-04-16,1179.4658203125,1199.25606112148,1163.9199084090733,1182.4763466860352,28343
2021-04-19,1145.3140869140625,1173.2967017159872,1136.9242304538566,1162.4392404145442,65326
2021-04-20,1147.04150390625,1167.3252655518643,1143.9816977511268,1151.3845128789383,20446
2021-04-22,1148.9168701171875,1160.6626938320696,1140.3296530462571,1150.1012723033423,18836
2021-04-23,1134.1112060546875,1154.641726909745,1129.1759962807332,1148.9168353765504,28455
2021-04-26,1114.222412109375,1142.9947124310586,1110.471724551685,1137.6153813667577,32552
2021-04-27,1127.843505859375,1136.2333624164785,1110.274110991445,1129.1759883913287,40009
2021-04-28,1116.2457275390625,1137.0722878808438,1110.4221561336365,1128.1889106317747,42414
2021-04-29,1164.068115234375,1180.5023908434068,1116.3446522106128,1125.2280314059228,212827
2021-04-30,1145.9556884765625,1172.5564204744744,1135.098227173167,1154.8390659066133,44533
2021-05-03,1159.9716796875,1172.6058651505239,1130.1136599730191,1147.8804155056027,41285
2021-05-04,1153.5557861328125,1201.229956684726,1149.9037794064961,1172.5070623440338,122642
2021-05-05,1152.8154296875,1169.0029394115368,1148.9166627472894,1159.3300020010954,25656
2021-05-06,1148.9168701171875,1176.7514058885347,1133.0747980683582,1162.4392971113018,82114
2021-05-07,1129.2255859375,1150.101430391251,1123.3033332156326,1135.098438357936,54155
2021-05-10,1129.6201171875,1153.6546851822075,1121.1809807654877,1153.6546851822075,56844
2021-05-11,1158.0469970703125,1178.972238743125,1123.89536883592,1125.2278514043524,166405
2021-05-12,1180.403564453125,1217.0227989449222,1166.6836564094874,1169.6447824409836,255797
2021-05-14,1189.63232421875,1238.7376618083645,1185.4373958819488,1194.3207735363512,179520
2021-05-17,1179.4163818359375,1209.1757190023552,1174.4317720817594,1201.9208646992715,53846
2021-05-18,1178.8736572265625,1199.2560998107647,1174.5800483743292,1194.3208895234775,38701
2021-05-19,1185.9803466796875,1215.739566171937,1176.2086069188856,1180.5022154610265,109600
2021-05-20,1175.616455078125,1199.305463738706,1170.2864040317884,1185.9803963671293,41308
2021-05-21,1186.177734375,1218.9968811758893,1176.7514349931685,1183.8582097514393,115498
2021-05-24,1201.9207763671875,1216.0355225926826,1180.2058563208896,1195.6038051081582,105588
2021-05-25,1207.8924560546875,1230.841178917422,1204.1910491413432,1209.1262583591356,124647
2021-05-26,1306.2513427734375,1317.701005313665,1209.3731511315118,1210.1134325951712,1031157
2021-05-27,1320.2178955078125,1344.5483811036606,1295.0976077355842,1324.5115035254028,561559
2021-05-28,1267.510009765625,1322.6362814274132,1259.4655933592383,1312.7658614167608,166689
2021-05-31,1286.362548828125,1310.7918395117974,1275.2583257900922,1277.8246110167313,166500
2021-06-01,1284.2896728515625,1310.1501240584914,1267.2137987149163,1299.3420627708617,105870
2021-06-02,1281.3287353515625,1288.0899496870782,1270.4712721741237,1284.2898616726823,54874
2021-06-03,1275.801025390625,1304.4252398029585,1273.284020410688,1292.0378160601479,64107
2021-06-04,1265.6839599609375,1293.0249741970233,1260.501989644499,1280.785629732874,52137
2021-06-07,1295.1962890625,1320.6620174143234,1269.2371602659218,1290.7546006631244,162472
2021-06-08,1299.9342041015625,1336.454755014059,1271.3099885214979,1302.796649757272,273188
2021-06-09,1273.87646484375,1329.5456614010088,1267.2139309057716,1310.2983411357382,126766
2021-06-10,1285.2274169921875,1302.895493616972,1281.180568723356,1284.043014738857,86926
2021-06-11,1285.819580078125,1302.895455071058,1275.3569588548053,1288.089824899796,152463
2021-06-14,1329.4468994140625,1347.707176489831,1292.3341441577732,1295.9861513775165,548892
2021-06-15,1356.7386474609375,1406.485468536183,1344.3512219996708,1347.3123480393176,788431
2021-06-16,1333.3455810546875,1359.9464336408412,1318.2931914640046,1359.9464336408412,194880
2021-06-17,1323.4752197265625,1358.4659303413162,1303.8330601535229,1317.701048219709,229580
2021-06-18,1290.3599853515625,1334.7274726684086,1279.6998841298514,1326.584376606649,140558
2021-06-21,1309.5579833984375,1317.701079959988,1273.3335899200417,1283.1546096988648,79760
2021-06-22,1296.5782470703125,1320.958254882492,1284.3883034084809,1315.7268844906857,65062
2021-06-23,1286.75732421875,1309.0644492659349,1283.5494377266753,1302.8954367811755,50317
2021-06-24,1292.9263916015625,1310.7918284182927,1285.326095604513,1291.0509876288604,66304
2021-06-25,1314.098388671875,1341.2420446234755,1307.9293759556022,1319.6752002650915,206543
2021-06-28,1352.5435791015625,1366.5595260450805,1323.2283620460566,1329.4960540844218,248768
2021-06-29,1320.0699462890625,1349.4837245128504,1316.7139795149335,1349.4837245128504,115386
2021-06-30,1306.30078125,1335.6160030648468,1302.8955342989505,1332.2600359242488,61961
2021-07-01,1300.4771728515625,1322.5375363946048,1294.3081606477745,1312.7657969661004,46260
2021-07-02,1290.409423828125,1310.7424663363556,1283.1546887241989,1306.8436983621839,71518
2021-07-05,1300.4278564453125,1317.5037315223203,1285.7703066013005,1300.9213774534512,109790
2021-07-06,1291.2977294921875,1309.7553671683634,1286.559879575727,1298.9473051876314,64068
2021-07-07,1289.3236083984375,1299.8356297627022,1286.1157219086424,1291.2976923921576,37186
2021-07-08,1277.528564453125,1297.8616064412636,1269.7309082157017,1289.6198294799015,66853
2021-07-09,1266.868408203125,1293.0250212279655,1265.3878452017188,1293.0250212279655,61559
2021-07-12,1305.461669921875,1321.6491821353518,1268.348916388295,1275.258210096247,180634
2021-07-13,1308.817626953125,1335.467759628641,1300.1810098823557,1317.7010045116303,141203
2021-07-14,1299.5888671875,1325.1038786678691,1296.331580407655,1311.7788117315442,69168
2021-07-15,1290.1131591796875,1310.4461981524692,1284.6350284580112,1306.7940708418473,46968
2021-07-16,1283.99365234375,1297.9109214295959,1272.3959080241227,1297.9109214295959,69185
2021-07-19,1270.273681640625,1296.9732165232151,1264.9437511142287,1271.3101239588286,79787
2021-07-20,1250.8289794921875,1281.2792012160123,1241.402680159156,1270.5204192753679,73828
2021-07-22,1251.8653564453125,1270.322992760094,1248.60806980693,1270.322992760094,74949
2021-07-23,1256.3564453125,1280.1935348430982,1249.9900723053388,1268.3490302801704,65224
2021-07-26,1238.046875,1262.4267651144607,1235.4311895046762,1262.4267651144607,57640
2021-07-27,1266.8189697265625,1287.1027304298964,1240.9585182768308,1245.6469676399763,259020
2021-07-28,1231.729736328125,1277.2323484463204,1222.9450384273503,1277.2323484463204,146469
2021-07-29,1227.43603515625,1248.6080362715347,1223.931988123876,1236.46737238748,54224
2021-07-30,1223.6851806640625,1243.6233786065195,1215.5914853777608,1230.6438741699585,62477
2021-08-02,1230.29833984375,1244.1169265761084,1224.9190096326306,1229.804818889023,63525
2021-08-03,1231.03857421875,1258.4289861590905,1226.596885795992,1240.0700314427263,156606
2021-08-04,1216.825439453125,1242.7352922439386,1212.087589604537,1237.207760591077,65289
2021-08-05,1199.05859375,1221.7605583102204,1184.45032488106,1221.6617577256661,74690
2021-08-06,1191.6558837890625,1219.9839416828897,1187.4115548903853,1201.2301432265995,51700
2021-08-09,1180.403564453125,1202.0198085807522,1175.122913794662,1199.2560427559451,69268
2021-08-10,1149.16357421875,1180.3540753049094,1136.3814293403905,1175.8631067883182,83228
2021-08-11,1124.931640625,1152.81557517723,1107.658406831583,1150.8908916070845,108403
2021-08-12,1143.4881591796875,1151.236414796752,1125.2278821448801,1125.2278821448801,45743
2021-08-13,1131.9398193359375,1149.9039356284566,1127.1525692216849,1142.9946415946376,53053
2021-08-16,1108.0533447265625,1132.1371940508066,1095.8139996120915,1132.1371940508066,75066
2021-08-17,1097.7388916015625,1116.3940113211042,1087.3255492891979,1111.212040315039,70862
2021-08-18,1082.143310546875,1104.4504323085866,1077.899102875578,1104.4504323085866,76218
2021-08-20,1165.4991455078125,1202.9079378264685,1066.9923138505346,1075.8756911166352,893092
2021-08-23,1149.5091552734375,1201.2301831484476,1140.0335756256836,1163.7225849893343,407416
2021-08-24,1140.37890625,1172.013649315053,1136.0852978146947,1156.8131790085336,72203
2021-08-25,1165.400390625,1196.3442523728245,1140.0334605213613,1140.0334605213613,231305
2021-08-26,1190.5701904296875,1207.152546707431,1157.6523588996833,1166.0916174584274,326441
2021-08-27,1183.9569091796875,1214.0616909470743,1174.5800099406654,1195.7027333767999,174965
2021-08-30,1170.6319580078125,1198.2691374548772,1166.6837895153747,1184.4011474297731,120939
2021-08-31,1173.8890380859375,1225.9061006003851,1167.0784245404536,1181.8840537747578,259919
2021-09-01,1202.11865234375,1214.0618381990564,1174.9749933596247,1183.7596925467412,220956
2021-09-02,1208.040771484375,1227.880292302489,1191.9026582998094,1206.1653675190043,213473
2021-09-03,1204.533203125,1220.7859300080852,1200.4329348229753,1213.277073220258,90355
2021-09-06,1189.6142578125,1215.253085644986,1185.6127664829132,1210.5105863363474,51476
2021-09-07,1185.118896484375,1206.1141249548152,1177.9063697553465,1195.4435605953613,83546
2021-09-08,1186.7491455078125,1204.385113408059,1180.5246294927692,1186.6009197728292,68988
2021-09-09,1197.3701171875,1210.2635836587503,1180.6727132717592,1182.6487345492017,104571
2021-09-13,1184.4766845703125,1202.8043325513004,1180.6728672365555,1202.8043325513004,44801
2021-09-14,1190.1578369140625,1202.6067494098768,1183.6369894740446,1186.601022001943,71801
2021-09-15,1182.2535400390625,1196.4809177655563,1179.240179868703,1196.4809177655563,58777
2021-09-16,1170.4962158203125,1196.6784990968129,1164.8646031318501,1185.6128276151146,66000
2021-09-17,1146.7840576171875,1177.7088430989938,1141.6464498329592,1177.7088430989938,133183
2021-09-20,1126.7274169921875,1163.777817932784,1123.3681565188854,1136.2122955116254,64884
2021-09-21,1134.9774169921875,1140.065696780583,1116.7486658063885,1126.5298763313801,41826
2021-09-22,1145.845458984375,1161.9006335551842,1134.9773408133656,1138.1883757275275,56008
2021-09-23,1150.6866455078125,1180.079962801632,1146.2899256829937,1148.0683931233114,72465
2021-09-24,1140.9549560546875,1169.80482408155,1136.854686984057,1152.9591911677267,39292
2021-09-27,1135.2738037109375,1152.1687634619163,1127.5178228162827,1145.104462458268,41015
2021-09-28,1133.9892578125,1150.192657083604,1128.308196403289,1145.1043779609563,29896
2021-09-29,1132.75439453125,1145.1045296656946,1119.7620282484568,1136.2124323688945,42062
2021-09-30,1133.9892578125,1144.1163672810935,1126.3321750435634,1136.2122818421913,38448
2021-10-01,1141.1524658203125,1157.0594154649355,1126.3817527089027,1133.2483794769685,45177
2021-10-04,1153.107177734375,1160.912485802828,1146.0428776355834,1146.0428776355834,63736
2021-10-05,1163.1356201171875,1178.647340178439,1151.1807145265718,1157.9485638372,100558
2021-10-06,1152.5146484375,1180.5741805019575,1147.0805888006323,1168.9650530959218,79002
2021-10-07,1143.572998046875,1165.7539118202499,1133.1495569646997,1157.9486027486255,47090
2021-10-08,1138.7318115234375,1146.0429944170244,1135.718330563702,1145.9936662447467,53631
2021-10-11,1140.6583251953125,1165.8525974278639,1129.0986485313213,1145.0055962901267,83842
2021-10-12,1134.77978515625,1149.6987232284375,1131.2722987819434,1144.116438418769,43758
2021-10-13,1141.3499755859375,1159.1836179509728,1130.9758626615946,1136.2123679042136,86772
2021-10-14,1139.7691650390625,1154.9845545496958,1137.2003612375534,1151.032511591442,45493
2021-10-18,1134.18701171875,1147.3770531063894,1131.2724279418792,1138.1885039205633,63227
2021-10-19,1115.118408203125,1142.9802643870314,1105.58407990741,1140.1150089593905,78064
2021-10-20,1105.9298095703125,1134.2363416965522,1097.7787208778068,1120.4041911880577,61955
2021-10-21,1097.2354736328125,1113.48820351595,1087.8493707637783,1096.5932424730468,47824
2021-10-22,1092.39404296875,1111.5120256892503,1087.1575380716822,1101.631918794235,41098
2021-10-25,1074.3134765625,1095.1111513186586,1070.6084362097483,1087.4046191422224,37834
2021-10-26,1081.67431640625,1090.763967896,1077.9198269696883,1083.8478920126013,25044
2021-10-27,1095.654296875,1111.2649124587567,1078.9075655967658,1078.9075655967658,43445
2021-10-28,1079.1546630859375,1103.6079273673538,1069.027553636058,1098.6678739771687,34037
2021-10-29,1066.162353515625,1085.6262372405006,1058.4064934145265,1071.1024071605002,41985
2021-11-01,1074.7581787109375,1081.8718081105944,1066.310638267908,1072.9797110576308,19575
2021-11-02,1097.3834228515625,1111.512023931805,1074.8074027535024,1074.9556284780479,43534
2021-11-03,1086.8612060546875,1121.3921313727515,1074.9556290163466,1106.5719710462392,52744
2021-11-04,1098.0751953125,1105.5840530528067,1087.8493079511968,1087.8493079511968,8566
2021-11-08,1091.603515625,1104.5958794736143,1082.5138661117517,1104.5958794736143,31310
2021-11-09,1092.3446044921875,1101.8789318571394,1087.7997793989782,1090.7638114954332,23923
2021-11-10,1116.254638671875,1152.860366073603,1076.9317609911357,1096.197971394188,185958
2021-11-11,1097.8282470703125,1121.7875094619897,1092.9375211458757,1121.3922810125216,34552
2021-11-12,1102.916259765625,1121.392009386827,1091.7516919581005,1105.5838400915063,34508
2021-11-15,1094.1724853515625,1110.128883501135,1091.1096760681226,1098.6679826238974,25811
2021-11-16,1081.9705810546875,1099.6559981380126,1078.90777175805,1099.6559981380126,30687
2021-11-17,1080.982421875,1101.6318684635173,1076.9810511293952,1082.0692094624444,39255
2021-11-18,1065.470703125,1088.985284099484,1062.1114428124258,1080.9330938324135,29479
2021-11-22,1063.000732421875,1104.5959586206725,1055.294200746928,1076.9316591203337,65642
2021-11-23,1072.2882080078125,1075.9437998564356,1054.2075614754974,1054.2075614754974,19717
2021-11-24,1062.5068359375,1081.871823450508,1057.1715535087155,1077.9197802598212,23231
2021-11-25,1063.5440673828125,1076.9316605804445,1059.1474680204003,1064.0875215093015,21977
2021-11-26,1025.159912109375,1062.1115376330335,1015.7244819763303,1057.171483969624,58988
2021-11-29,1006.0418701171875,1022.4922719821718,993.4447340072006,1020.6150275777605,34229
2021-11-30,981.8356323242188,1020.7138292161549,968.7444905598958,1011.0313364247294,51544
2021-12-01,988.751708984375,1001.8428507720772,978.2788196755683,986.7756875824577,26608
2021-12-02,1004.2634887695312,1021.6030645058338,989.9867220839898,989.9867220839898,42597
2021-12-03,1007.1287231445312,1019.5776343403384,1000.410262176899,1004.2635281821387,24524
2021-12-06,988.1094970703125,1013.7484476214839,983.0706665190577,1013.6002218921105,17379
2021-12-07,989.6903686523438,1000.5584867740452,987.9119613840161,991.073547503981,24603
2021-12-08,996.7545776367188,1002.8308676061307,988.010707001114,992.1603640311963,25648
2021-12-09,1110.5240478515625,1141.1523801321662,1000.3114642380037,1005.6961347157553,391492
2021-12-10,1119.4161376953125,1132.1615000128456,1088.7878055959702,1093.777307938735,219688
2021-12-13,1081.081298828125,1119.4161636184042,1076.931701980636,1111.512077732308,102352
2021-12-14,1146.58642578125,1164.864623865656,1068.1878002811127,1074.9062007264504,599876
2021-12-15,1129.0986328125,1151.4276496530617,1121.392101405945,1150.933644322046,135734
2021-12-16,1100.6932373046875,1138.9786473636184,1096.6917462042113,1136.0146156171204,87750
2021-12-17,1062.55615234375,1105.5840703484619,1051.4904797751124,1105.5840703484619,140377
2021-12-20,1021.1091918945312,1064.0876629612096,1014.5883445437037,1064.0876629612096,78231
2021-12-21,1009.5493774414062,1041.5608897227378,1005.1033290437165,1024.5671529787253,49224
2021-12-22,1016.5148315429688,1046.2539308657456,1009.7469820566068,1015.2304899376891,63663
2021-12-23,1038.5968017578125,1056.1834404971069,1021.2572863008072,1024.0730926803099,65755
2021-12-24,1025.2093505859375,1046.3033553953571,1022.0476439090615,1042.3018637254966,21979
2021-12-27,1058.159423828125,1075.9436158252363,1017.2557581134148,1022.5910398339024,83228
2021-12-28,1063.4454345703125,1075.7462417889524,1052.4290896755886,1062.1116440688866,43316
2021-12-29,1088.7384033203125,1104.5465754016304,1055.1954864279785,1063.1490212491042,54452
2021-12-30,1104.8924560546875,1115.4641227038546,1088.4913813257883,1096.0003594166585,74134
2021-12-31,1096.1484375,1116.4026571202853,1076.832900421306,1116.353328948692,43665
2022-01-03,1098.272705078125,1118.0823684885672,1092.7893178820473,1106.0285651994968,28496
2022-01-04,1084.63818359375,1103.8054944920168,1080.883694729494,1103.8054944920168,22835
2022-01-05,1078.1171875,1094.7158148853746,1072.5350237380317,1078.1171875,36820
2022-01-06,1074.8072509765625,1086.5151518539797,1068.0394028412418,1071.8926681014282,27685
2022-01-07,1086.7130126953125,1102.6199611314994,1075.9436717492856,1075.9436717492856,42352
2022-01-10,1081.5753173828125,1101.5332068526045,1071.8928844183615,1086.713045635483,51017
2022-01-11,1102.7188720703125,1127.320366055637,1074.5605631898693,1074.9557916463918,170697
2022-01-12,1105.6826171875,1114.2783816071249,1097.778532538701,1112.4999143184411,25976
2022-01-13,1094.7158203125,1114.4760336755414,1090.0722184148938,1106.5719483303249,31987
2022-01-14,1087.1082763671875,1101.6319861481322,1076.8822686202084,1099.902967335792,28759
2022-01-17,1108.0540771484375,1122.3802332952519,1087.1082970937393,1087.1082970937393,94311
2022-01-18,1085.2308349609375,1128.3080717214193,1079.8955537578906,1102.6197968836286,37071
2022-01-19,1123.66455078125,1153.008418590064,1075.7460346701805,1078.9076204801627,165883
2022-01-20,1093.48095703125,1135.3231904479755,1084.1443031786903,1128.1107839447989,59494
2022-01-21,1067.3480224609375,1104.7442038604188,1056.8256842366254,1083.946530090268,54396
2022-01-24,1011.377197265625,1076.4376790315846,1003.9671168684365,1067.3480286537444,50174
2022-01-25,1072.7821044921875,1086.7130317367532,1001.0524889366854,1011.377213179908,129228
2022-01-27,1055.244873046875,1067.298555306118,1037.411231725456,1037.411231725456,31926
2022-01-28,1074.461669921875,1089.6770593000554,1062.1115357848419,1065.0755679777299,29708
2022-01-31,1075.54833984375,1091.5047355231009,1062.3089733770612,1068.2864858876242,33081
2022-02-01,1100.2982177734375,1104.3984865889586,1070.312115035062,1086.811846645974,55969
2022-02-02,1103.0645751953125,1120.2559867033158,1091.751900128997,1101.6814566036528,63461
2022-02-03,1082.61279296875,1122.3802261578828,1076.190723012741,1111.116879344449,59530
2022-02-04,1092.245849609375,1110.524047906773,1079.4511590439072,1081.921185840853,33658
2022-02-07,1072.485595703125,1097.581091156455,1062.2102604852134,1097.581091156455,30250
2022-02-08,1049.0697021484375,1081.5751543666427,1036.8183466007983,1072.979510398969,30429
2022-02-09,1041.8079833984375,1076.388362845012,1037.4113833972326,1057.2703771866213,56697
2022-02-10,1059.3944091796875,1064.5814650418404,1044.7718034589116,1045.315257553844,26541
2022-02-11,1038.053466796875,1056.2328878108485,1032.4711822166453,1048.279353427618,23656
2022-02-14,987.6649169921875,1027.7286783758468,983.0706431315745,1027.4816757016931,32467
2022-02-15,1011.8711547851562,1027.382874107181,988.0106729129541,992.6049466633536,40077
2022-02-16,1006.6841430664062,1027.4323681109113,999.8668450018564,1020.6150700463613,32437
2022-02-17,1000.5584716796875,1022.4923218005431,996.5075915315854,1017.6015963554909,33225
2022-02-18,996.0134887695312,1015.674924364477,991.0240471647987,997.8907330818305,42979
2022-02-21,974.968994140625,1000.5584966371471,968.2505331143869,996.0136110139638,45599
2022-02-22,951.9976806640625,972.4989023173637,950.4662761675053,967.2130692895538,43771
2022-02-23,976.84619140625,991.7651288587982,952.5410919978585,956.4931347988926,53602
2022-02-24,892.1736450195312,963.7056424514218,865.6949708271371,962.3224033765487,102964
2022-02-25,945.5262451171875,953.4303307608004,904.0297954882201,904.0297954882201,84934
2022-02-28,946.2178344726562,956.3449438803234,912.9218627009175,940.5861615706423,47094
2022-03-02,938.708984375,953.8749854874825,923.839434728626,923.839434728626,52443
2022-03-03,942.7598266601562,968.15171383633,939.4499546167651,942.4634355093688,54069
2022-03-04,921.8634033203125,945.5262724608626,912.0821332355097,945.5262724608626,57210
2022-03-07,867.6710205078125,901.6091643893711,849.2445965828372,892.2230626127283,87314
2022-03-08,884.7635498046875,889.1602093211221,862.4839213873124,869.4493845093524,72382
2022-03-09,898.2005615234375,904.0298491529937,884.5166365619865,884.8130277305387,60948
2022-03-10,913.0206298828125,928.7300235514734,906.4503951535487,908.9698102844209,48887
2022-03-11,911.4893188476562,923.7900649279636,906.3022623333549,917.5656091714802,50651
2022-03-14,894.5942993164062,918.9981756381876,888.8144005462176,911.4892581450463,76511
2022-03-15,891.8772583007812,910.2542329387774,883.0839390741459,899.1391127214281,69377
2022-03-16,907.0432739257812,916.8739931326556,896.0763785172106,896.3727696870709,68396
2022-03-17,923.938232421875,930.7060816116021,909.5626284600048,911.5880986425278,91400
2022-03-21,915.4413452148438,945.9215129299305,909.9578976318122,938.6102092836283,79391
2022-03-22,921.9622192382812,938.6101755999354,910.3036446039083,918.8499613767788,83137
2022-03-23,900.8187866210938,933.5713665707899,895.3353391087011,932.6327443129197,58658
2022-03-24,888.3204345703125,903.6840498608007,881.3055824190506,896.0763550819313,56533
2022-03-25,878.8355712890625,895.8293684269435,874.58713708044,894.1497380737511,59430
2022-03-28,862.0393676757812,887.2336414588557,852.9002683623131,887.2336414588557,91942
2022-03-29,835.7089233398438,873.302783075021,829.8303072361691,862.0394356681425,129167
2022-03-30,861.5947265625,895.5823190671329,841.636898183735,841.636898183735,224520
2022-03-31,850.4796142578125,873.7472546132598,845.2431695114642,868.9554267508273,81864
2022-04-01,876.9583129882812,885.2576273661954,852.4062701006529,857.5933265110018,93259
2022-04-04,903.3875732421875,908.969857903931,881.354946355846,881.354946355846,122205
2022-04-05,914.8485717773438,924.7780678166196,903.3876108232229,908.9698957171902,80348
2022-04-06,924.8768310546875,940.5862259668769,904.0298285290886,910.9459037200215,63176
2022-04-07,931.990478515625,942.5622050352937,912.9712725964117,928.7300552758659,100174
2022-04-08,936.48583984375,945.2791584624279,923.5429248735348,927.0997389758189,42696
2022-04-11,940.8826293945312,950.4663457732977,936.4365809995418,938.6102167199925,43130
2022-04-12,920.7272338867188,946.5142901118334,908.4758765739361,929.965110195995,42977
2022-04-13,916.0341796875,935.6461687117925,908.1794822611845,925.3708329171498,38357
2022-04-18,891.0868530273438,917.4173013672598,884.3683321861643,909.5132159572943,59896
2022-04-19,880.8115844726562,910.9459123766562,869.4494608367219,896.1257511123939,53465
2022-04-20,879.4282836914062,891.2350233988226,860.8043064620467,888.2216028802067,40024
2022-04-21,895.4341430664062,903.2888406983747,883.8744050706216,883.8744050706216,31944
2022-04-22,955.8509521484375,986.0346666055967,890.9880263610934,895.4340744570104,870044
2022-04-25,931.5953369140625,953.430349819665,921.9127835643744,944.5382532928495,169291
2022-04-26,1014.242431640625,1050.1565964399406,938.511387415573,947.2058695090055,1846642
2022-04-27,1083.2550048828125,1096.6919268927552,993.5930297787427,994.4328147905928,1639619
2022-04-28,989.2951049804688,1103.6079553929496,979.3656094747191,1085.823762736662,678810
2022-04-29,990.9253540039062,1031.186730147187,980.9464096473616,998.4342112811936,355495
2022-05-02,966.916748046875,988.0107535130217,953.430377140066,983.0706997454566,127356
2022-05-04,989.887939453125,1035.1387569205756,963.3104276359675,969.238491806035,722035
2022-05-05,997.5943603515625,1021.6030069652132,960.3463469731017,1019.5282087319954,152046
2022-05-06,1017.6510009765625,1029.5071291432796,978.1305737541717,978.1305737541717,301624
2022-05-09,974.9195556640625,1011.5253399422282,968.3492604049665,1007.7709113527679,82220
2022-05-10,952.1459350585938,995.7171833292776,931.0518701788276,978.1306047192455,89825
2022-05-11,925.3707885742188,956.8883537216133,900.1271274933503,952.1953029418738,78195
2022-05-12,889.5553588867188,922.8019411668124,883.1827384778992,922.8019411668124,63926
2022-05-13,907.6854248046875,928.7300402518446,899.5837251588346,908.6734354858065,62305
2022-05-16,915.1942749023438,926.7540118442336,899.3861041246168,914.1568757557326,51528
2022-05-17,934.0159301757812,938.5114272914524,918.6523752090932,923.7900431245816,38596
2022-05-18,933.3243408203125,950.4663025082273,930.4590856415,941.5742061230152,46973
2022-05-19,907.8336791992188,926.1613273729297,905.0178726034144,918.8500234947329,24661
2022-05-20,965.38525390625,979.2668528155131,919.88737214524,923.6912496131256,170889
2022-05-23,959.90185546875,982.6754917499514,951.8989923202922,972.89422126888,61140
2022-05-24,947.7987060546875,964.0021065724703,936.6341965739254,964.0021065724703,34822
2022-05-25,942.858642578125,961.4826813169458,934.6581654493426,948.4903158893964,44005
2022-05-26,939.7957763671875,958.2715882518048,928.8782703500821,946.4648484961498,33617
2022-05-27,954.3689575195312,963.8538362155113,942.5622174726915,942.5622174726915,39821
2022-05-30,966.3238525390625,974.1785496603892,955.0605667473338,963.3104319664092,26160
2022-05-31,985.540771484375,1003.9671969973951,970.8688352482959,994.8280971114499,91554
2022-06-01,983.4659423828125,1006.7829723813779,978.130660115372,1006.7829723813779,30002
2022-06-02,989.9866943359375,1010.8831441910295,974.2279120410706,974.2279120410706,80034
2022-06-03,976.5003662109375,1008.7589401823959,971.1157560560047,994.9761786451811,30743
2022-06-06,980.452392578125,986.4792940212717,954.862951667885,973.239926539436,26852
2022-06-07,951.6519775390625,978.1306538866284,944.4395110407787,977.9824281510466,17067
2022-06-08,942.4140014648438,956.4437657541989,934.5099157022086,956.4437657541989,29623
2022-06-09,932.0399780273438,941.3766922879539,928.8289428792192,932.9786003620898,17104
2022-06-10,918.4547119140625,928.7300471958823,915.8859082453009,928.7300471958823,13196
2022-06-13,905.1660766601562,913.7617219797288,890.1976896113723,910.5012985512643,16537
2022-06-14,898.6451416015625,928.7300801962574,891.6302895852655,906.9938442767705,26299
2022-06-15,893.7544555664062,916.8739300798612,890.2964181145965,899.0897374705536,22244
2022-06-16,872.9074096679688,903.09112297838,864.509319139188,901.7079442497879,31910
2022-06-17,852.8015747070312,875.0318184516616,849.0965340829262,870.437543956413,19002
2022-06-20,855.2219848632812,865.9913249480503,841.7356758250709,854.5798141300619,25690
2022-06-21,882.8863525390625,888.221634531911,862.3851301624917,867.4734094761044,30539
2022-06-22,876.2173461914062,883.3310359498374,861.29840736331,875.3775611401121,13516
2022-06-23,887.2830200195312,891.136285970532,866.5347947829805,866.5347947829805,13019
2022-06-24,892.3218994140625,914.6509174026725,879.3789228939522,879.3789228939522,37864
2022-06-27,903.288818359375,908.0806463233819,894.1497190213119,901.6585765182564,12599
2022-06-28,908.9204711914062,912.9219025346956,890.6422729263718,904.0298060814356,10747
2022-06-29,894.8907470703125,904.3262377802901,892.5194971217755,894.1497389993186,13153
2022-06-30,892.420654296875,902.8935434725553,887.2335981827774,892.6676569689748,14012
2022-07-01,909.019287109375,912.9219416696149,880.3175866099858,880.3175866099858,20192
2022-07-04,925.2720947265625,929.7181432329902,901.7080617638527,922.8020677785471,26970
2022-07-05,912.180908203125,955.406377722634,905.561224238888,934.6581523532697,73262
2022-07-06,969.831298828125,975.1665808385668,904.079197459414,905.0672081796152,104808
2022-07-07,960.346435546875,992.9507898401331,951.503727397571,981.094661006221,73467
2022-07-08,939.697021484375,966.5709265536497,937.2269945534379,965.18774765436,34066
2022-07-11,944.7359008789062,949.4783404667612,930.7061360246505,936.634200585317,21763
2022-07-12,922.6044311523438,943.3032685346249,918.8500023432323,938.6102174473879,22740
2022-07-13,918.1583251953125,936.0413549255352,914.8979019681983,928.7300516739809,15062
2022-07-14,919.047607421875,933.6701543929597,915.885960975951,919.8380039575085,19003
2022-07-15,907.8831176757812,928.7301207325706,903.9310746088341,918.8500130652028,37537
2022-07-18,920.4802856445312,926.3095131806155,899.0898277100716,918.8006552243942,23389
2022-07-19,928.8782958984375,948.4408959541096,915.638928223593,920.4802048383884,39209
2022-07-20,928.4830322265625,942.5621843513069,923.9382072409819,923.9382072409819,15892
2022-07-21,925.963623046875,940.1415522094,915.8365135583896,933.6700943042646,24560
2022-07-22,934.11474609375,949.3795237589662,926.7540541784566,926.7540541784566,36046
2022-07-25,934.9051513671875,938.9559712306196,924.1852590897754,934.0653663697457,17530
2022-07-26,927.0504760742188,937.6222031759747,924.3334465075866,933.6701601699643,11672
2022-07-27,923.938232421875,933.6701137186454,916.7751548298536,931.64470383951,17775
2022-07-28,927.5443725585938,937.6220931014993,920.8259122977844,925.8153539464465,25199
2022-07-29,939.2030029296875,952.9363765945002,932.978547211677,934.6581775618426,31361
2022-08-01,946.7118530273438,956.2955687588379,934.658110576567,939.2029356186924,25641
2022-08-02,950.2192993164062,985.0466768062979,944.7358519425051,950.960307348106,70845
2022-08-03,941.6730346679688,960.3958506989101,936.7329808499574,954.9124030215957,20768
2022-08-04,945.427490234375,951.5531085084373,931.6447285109564,950.9109377169381,12736
2022-08-05,935.00390625,952.590545035966,929.7674615758879,947.8974941887489,16719
2022-08-08,916.0341796875,937.4245759791834,914.8979432176556,934.9545491346433,30296
2022-08-10,901.214111328125,923.394906431121,898.0524645811972,923.394906431121,29497
2022-08-11,904.4744873046875,916.8246221460771,901.609231900128,905.0178811770301,30046
2022-08-12,896.0269165039062,907.9818216998179,888.8638390204203,906.9938110124406,33923
2022-08-16,899.3861694335938,905.5118481154566,889.2590592937319,889.2590592937319,34168
2022-08-17,910.7138671875,925.8009202088215,901.5627038794853,905.1737276082773,34745
2022-08-18,882.6173706054688,919.7661354826141,878.857925430253,912.1483981718255,107378
2022-08-19,890.086669921875,901.3153704174986,885.832627726233,887.316600146782,57134
2022-08-22,893.8460083007812,912.148333871965,885.7830677473073,890.0866237735684,44564
2022-08-23,892.1641235351562,902.1067257443186,888.553160546737,894.2911746251056,22417
2022-08-24,897.1602172851562,918.0842521418,894.3406938967535,905.2231580923998,75153
2022-08-25,899.6334838867188,909.6256006478847,896.66553917443,901.2658776316734,38103
2022-08-26,894.5880126953125,909.8729402224416,892.3620541345556,904.5306155234288,28532
2022-08-29,886.7229614257812,902.5520003369026,880.6387108241138,881.4796043630705,34254
2022-08-30,899.0399780273438,910.1697714279574,888.8994995956737,888.8994995956737,38982
2022-09-01,897.4075927734375,907.8943677745077,895.3300554719489,895.3300554719489,25727
2022-09-02,897.3580932617188,909.0319973341665,895.3794634059483,898.2979545198081,25370
2022-09-05,910.614990234375,938.1179347472553,895.2311542905998,900.1777292167651,145083
2022-09-06,900.1281127929688,919.5187205281137,895.3299598134619,914.126942395181,43413
2022-09-07,904.5801391601562,918.034859286778,897.5065731941963,900.1282216942952,30260
2022-09-08,905.322021484375,913.187086847847,902.6014055675317,911.1590034227978,21177
2022-09-09,900.7218017578125,911.2085159983999,898.4958431364904,910.169747385048,20884
2022-09-12,916.2540283203125,933.1712891331131,898.6441746107193,898.6441746107193,83558
2022-09-13,919.123046875,929.9560577089529,912.346263586382,918.1337319199905,40706
2022-09-14,957.4589233398438,979.3722719603609,908.7351657770624,912.8408466588982,339309
2022-09-15,997.3778686523438,1029.7284184862297,964.0379435076294,973.4858889918771,513412
2022-09-16,958.5472412109375,1017.807228520041,946.8238232883638,989.8590219074284,159161
2022-09-19,930.5000610351562,977.3936086219768,925.0093757476897,962.6033396818203,60409
2022-09-20,943.3118286132812,976.3549729297548,935.1499800699571,939.2556613691905,78447
2022-09-21,953.8974609375,968.4404023837884,940.6406168146541,945.7850664914148,94838
2022-09-22,965.2745361328125,971.5072077720641,944.3505023621232,944.79570613271,57437
2022-09-23,930.5990600585938,969.3801547995554,925.0094068692368,967.5499464364852,48378
2022-09-26,910.1697387695312,933.4186397054921,905.1737104322316,917.1938506437951,48201
2022-09-27,913.6817626953125,925.2073054193412,903.5412849827771,917.094911172715,33764
2022-09-28,903.9865112304688,921.9426012428531,900.1776729286859,909.1804145781678,44313
2022-09-29,905.470458984375,920.5080574871542,904.2338153638009,908.5373110102031,20512
2022-09-30,906.3609008789062,917.0949437589181,900.8207010190682,902.2552197498741,22633
2022-10-03,900.9691162109375,916.1550761891368,898.0011714295572,906.6082233721582,32705
2022-10-04,911.5053100585938,919.0735936210492,907.2018141555459,907.2018141555459,26741
2022-10-06,932.181884765625,936.881130138548,910.1696301240382,910.1696301240382,59982
2022-10-07,924.6137084960938,934.9026079109558,919.1724763865591,933.2702141248989,28905
2022-10-10,914.5722045898438,937.8211055840146,911.0601486439184,919.0735754716914,26436
2022-10-11,900.1281127929688,920.0628316315133,897.308589558906,914.5721461645035,24731
2022-10-12,894.2417602539062,923.0307996260237,885.4862871787853,904.6295666805656,141394
2022-10-13,890.8780517578125,900.1281217566833,888.4047645513778,894.2417465117592,19276
2022-10-14,890.3834228515625,908.6857487657335,887.1681493801541,900.1776646561259,22302
2022-10-17,887.514404296875,896.9128961821449,881.5785146851255,894.3407015035835,48212
2022-10-18,896.2698364257812,899.188327427077,885.4368263066606,885.4368263066606,24545
2022-10-19,886.4756469726562,899.6830377566703,884.398109735302,896.3193427806762,11724
2022-10-20,886.2777099609375,895.3299652545518,882.4688718310057,882.5183254983448,24867
2022-10-21,884.2496948242188,894.3407194432075,880.638731467767,890.3834596226624,17715
2022-10-24,867.5797729492188,884.5464884144627,855.1143681271483,884.4970347426794,38849
2022-10-25,853.4819946289062,869.5583620990292,846.8535725800114,846.8535725800114,84107
2022-10-27,867.2333984375,869.6077782993624,854.7186014528595,854.7186014528595,22885
2022-10-28,872.2789916992188,875.5437189134842,863.6719396739794,866.5904308136227,17522
2022-10-31,863.9193115234375,875.3953412078255,861.6933528049402,874.8512300421252,18485
2022-11-01,866.4913940429688,870.4486534741324,861.6932411358777,866.7387227574166,13837
2022-11-02,865.9967651367188,874.1091593143931,860.7039546264072,863.9192280201265,19346
2022-11-03,861.0502319335938,869.6078302984878,858.7748196533246,865.5516632068337,14708
2022-11-04,868.4700317382812,869.9540040386026,860.0114017030462,861.0501702366738,14871
2022-11-07,916.2540283203125,946.7743691496307,878.5116403394693,878.5116403394693,470873
2022-11-09,952.7102661132812,966.5606749664339,915.1162992261528,925.1083557455881,266124
2022-11-10,927.8289794921875,950.8305515290325,925.0094561053835,949.7423292632815,34170
2022-11-11,935.0509643554688,964.5819887819046,930.0054223382019,931.1926122471463,35222
2022-11-14,934.8532104492188,952.5124588405483,919.7167032019371,935.0510855235156,51990
2022-11-15,925.355712890625,939.3545435645576,920.1123557403755,932.9239963995554,19222
2022-11-16,911.4064331054688,931.2916402200265,906.2125294161295,925.9988291850407,21351
2022-11-17,898.050537109375,916.7980652181644,894.390060161057,911.4062873170054,19574
2022-11-18,893.4007568359375,905.223081285609,889.1961687534633,900.2765070709336,12699
2022-11-21,917.5895385742188,934.9025487359964,891.0759122316366,897.9021485799166,85182
2022-11-22,912.34619140625,932.6271463794205,906.4103021458099,919.122974158724,42987
2022-11-23,903.7391967773438,927.334333919319,893.4502972585374,914.1270036368534,30582
2022-11-24,907.3501586914062,921.0521455106303,898.3473571295548,903.739135256671,23388
2022-11-25,908.8341674804688,916.1550615947903,904.2338289894162,910.169718457618,20685
2022-11-28,904.3822631835938,913.0387687806139,900.2765820900963,908.883634017446,20882
2022-11-29,949.9896240234375,966.5111947787037,905.2725788764316,905.2725788764316,417467
2022-11-30,950.731689453125,974.4752488151178,945.2904570993351,954.4910742755085,155145
2022-12-01,992.57958984375,1009.1011601303243,955.0350787211272,959.0418522221521,461588
2022-12-02,994.3109130859375,1001.8791961093318,981.4003659133724,996.9326216843652,99016
2022-12-05,1025.0291748046875,1036.8020466247103,991.2935598453815,1008.1119136551335,197623
2022-12-06,1004.4019775390625,1032.8942956835494,994.3604068977877,1018.0050577569025,90196
2022-12-07,982.1918334960938,1018.6975175540034,975.9097079520834,1011.9702486055596,58396
2022-12-08,995.1023559570312,1013.9488528801145,980.9551651350097,986.1985219648933,61253
2022-12-09,974.4258422851562,1002.2750239043564,961.8120757638516,1000.0490651064791,49391
2022-12-12,974.524658203125,994.2615031025043,969.3802084985338,969.5286298909992,35921
2022-12-13,975.662353515625,990.947280594487,964.8293434277138,981.4003677829194,38912
2022-12-14,969.6275024414062,983.3790036068099,964.5820206404825,972.2986647290085,19726
2022-12-15,967.401611328125,995.1519443154534,962.6034579161698,975.316131023222,72351
2022-12-16,955.8760375976562,994.2614424018465,947.3678935025346,969.528570700308,145295
2022-12-19,985.852294921875,996.635851453042,959.0913390329569,961.614079943866,105010
2022-12-20,964.9282836914062,988.919170516886,959.7838944104795,985.8523184161035,41494
2022-12-21,937.4253540039062,974.3763030331386,933.9132980634229,969.775964435032,51845
2022-12-22,915.1162719726562,949.7917467421574,905.4209981407869,942.8170888539906,50580
2022-12-23,889.3446655273438,915.5615110876583,881.4795997826512,910.1202789902345,61926
2022-12-26,902.4036254882812,907.2017786814373,882.9635632204828,890.5318464869974,25785
2022-12-27,903.9865112304688,915.0173967792545,900.326033937397,906.9544560005825,18742
2022-12-28,905.8662719726562,910.120314246108,899.138881903391,908.4384667287917,21916
2022-12-29,899.1388549804688,907.6469996556062,890.3834419544467,900.5239200433723,24191
2022-12-30,897.4075927734375,906.0640988346304,894.7364906380934,903.2445752993252,19391
2023-01-02,925.0094604492188,934.8037024189365,896.9624063096502,901.9089809644589,102370
2023-01-03,915.8582763671875,939.7502555560493,911.1590305527191,934.8036810145036,30302
2023-01-04,915.2647705078125,918.2327154238411,905.866278273722,917.787511609838,19632
2023-01-05,925.998779296875,934.902613713191,918.3315885494916,924.4158995538377,41024
2023-01-06,944.9441528320312,964.5325758157285,912.7914185158902,931.2421052090511,105523
2023-01-09,928.17529296875,949.6928930107499,918.430504536026,944.9441933539415,28929
2023-01-10,919.1724853515625,938.4641266553434,911.8021373649731,937.474811716688,29268
2023-01-11,926.9880981445312,932.2314552463384,915.1163188726696,922.0415234479221,20222
2023-01-12,911.109619140625,933.9133167581747,905.7178405636747,933.9133167581747,24902
2023-01-13,909.6751098632812,918.1831944048356,904.134970215245,913.1871659106789,16101
2023-01-16,904.728515625,914.2259149272433,901.3648206646681,910.2192014835779,13819
2023-01-17,908.0426635742188,912.2967659822916,902.2551955193138,905.2725939101872,11905
2023-01-18,906.1630249023438,915.116312968846,899.2872740418175,912.1483681700282,15002
2023-01-19,905.5693969726562,910.7633003548715,900.326039920542,905.1737072304728,11234
2023-01-20,890.6307983398438,912.1483988551357,887.7123071128951,905.6189442312791,25203
2023-01-23,895.7752075195312,900.2765783346061,892.3620589646316,895.0826749980604,8059
2023-01-24,901.1669921875,905.2231592396396,895.2805562885237,900.1776772593691,16745
2023-01-25,894.8353881835938,904.283334047463,890.8286746414599,898.2979905701527,13394
2023-01-27,875.889892578125,898.2978984492444,869.607767331372,891.3726943863097,25051
2023-01-30,869.1130981445312,883.3592561773859,863.0287876468985,880.3913116191234,25982
2023-01-31,874.1585693359375,876.5824027729334,865.353703481015,870.6465137270588,24387
2023-02-01,867.7280883789062,889.2952018468535,864.6612362935326,878.5610987820652,21310
2023-02-02,932.6766357421875,941.7288913640032,828.2050049132835,890.3834231428998,398817
2023-02-03,915.3141479492188,939.6512700805741,904.9757952761349,930.2033249613402,84555
2023-02-06,905.124267578125,927.9279649899346,902.2552300836533,909.1804347005234,29505
2023-02-07,896.7150268554688,910.0707776680026,892.3620172522625,905.2231106272951,23534
2023-02-08,896.072021484375,907.0533933438486,891.3233217717105,898.8420912848466,30632
2023-02-09,901.51318359375,906.1629756021891,891.8673635223765,895.9235303735536,28780
2023-02-10,913.533447265625,921.992077995623,896.1214679485664,900.2766028073527,58216
2023-02-13,904.332763671875,929.9560448042528,900.2765965658192,913.1376908024737,54458
2023-02-14,898.7431640625,908.7352207448558,896.3193303970796,904.3327572110092,18566
2023-02-15,908.78466796875,914.9184325939615,871.5864508593892,898.7431576875086,33753
2023-02-16,894.9342651367188,917.7380226716468,890.3834405935484,908.2405630755206,50749
2023-02-17,894.9342651367188,900.4250113267723,888.4048107255627,888.4048107255627,13030
2023-02-20,889.6908569335938,904.1348903696012,886.3766762483767,895.8740749157062,22656
2023-02-21,884.4474487304688,890.383337648123,879.7976570017095,889.6908051977997,10362
2023-02-22,875.3458251953125,893.2524613964241,871.9326766600932,891.8673963614686,28569
2023-02-23,876.8792724609375,889.1962555341466,873.9608416958449,878.4127589235356,11231
2023-02-24,873.8123168945312,884.4969048999733,870.5970437216954,880.4901919458056,10640
2023-02-27,850.5140991210938,878.2149185200071,848.8322515809895,870.5971811087071,31672
2023-02-28,878.9568481445312,890.3834233340535,842.896307422904,848.8321969117977,27475
2023-03-01,871.43798828125,895.3299667970404,869.2120298002628,888.4047626339693,69195
2023-03-02,868.8163452148438,874.9995632541446,857.8349137472521,871.4379934337142,60773
2023-03-03,874.2081298828125,879.4514867422946,871.5864212615769,871.5864212615769,31163
2023-03-06,870.2013549804688,877.9675131136265,866.6398455219304,874.2081286000606,23306
2023-03-08,873.515625,877.4728846995228,867.53028178107,874.5543935945265,15348
2023-03-09,881.1334228515625,883.6561640076371,873.5651390003434,877.0277414765621,30644
2023-03-10,865.45263671875,880.4902348283714,852.7894184517485,878.1653690356713,109755
2023-03-13,866.3430786132812,870.0035558562441,855.6089756118496,865.1558886448892,48370
2023-03-14,859.5167846679688,869.1626050734241,856.7961686561737,865.650549207523,16757
2023-03-15,853.877685546875,867.4807657326888,850.8602871095289,863.8203488254444,21736
2023-03-16,855.2133178710938,857.7360589089334,846.7546871522236,857.4392765014803,18702
2023-03-17,851.4539184570312,861.5943964871415,847.1503622827507,855.7574142483205,16843
2023-03-20,841.6101684570312,858.7253035596761,835.9710616450764,858.675849892981,19451
2023-03-21,834.783935546875,848.3870159922682,832.1127731282721,845.8642749680845,27910
2023-03-22,832.9536743164062,841.7585405082942,830.2330583995947,836.1194940052936,20509
2023-03-23,828.0565795898438,837.1582888375607,826.0779497700353,836.9604137789819,27024
2023-03-24,822.1206665039062,834.9323062955768,819.2516291944397,827.9576484577912,28360
2023-03-27,801.790283203125,822.1701462548231,798.3771346771637,822.0217852476884,63486
2023-03-28,777.700439453125,806.2916649779315,772.7044111516391,801.2461830067261,74680
2023-03-29,787.247314453125,802.3343663480796,776.7110868454204,778.5908092674953,80363
2023-03-31,802.6806640625,814.2062074339295,794.1231259371275,794.1725796082467,53622
2023-04-03,821.5765991210938,825.2370764539563,806.7368751092117,806.7368751092117,22994
2023-04-05,866.9366455078125,875.5436973207843,819.8452798390093,841.9069903050706,158201
2023-04-06,856.449951171875,873.960837595229,851.8990662417933,870.3003602597043,32429
2023-04-10,846.4083251953125,862.6825668880902,844.5286631715645,857.7854462035843,29040
2023-04-11,857.2908935546875,862.5342509314908,842.4511686865676,849.8215774476661,29557
2023-04-12,861.000732421875,866.1451819009685,851.9979911207029,861.6932649180394,25608
2023-04-13,868.7669677734375,874.9996400273147,856.7962203692349,861.6933415626362,31520
2023-04-17,904.5305786132812,934.8531037012295,861.3964741937118,868.6184607084257,272755
2023-04-18,894.6868896484375,908.339483330471,889.3446255138487,902.3046263186909,26405
2023-04-19,913.533447265625,925.9987914589914,888.7016058375168,894.6869491971651,82723
2023-04-20,904.1843872070312,920.062879666615,901.0680210420609,915.0173977055106,53201
2023-04-21,915.0668334960938,924.119028647443,896.3687576375856,905.173684445664,57258
2023-04-24,967.401611328125,974.1290013753521,909.3783250432413,917.0949696693622,286675
2023-04-25,946.7744140625,982.5876275905746,940.9374316616866,974.4752328647467,120987
2023-04-26,998.0208740234375,1009.1012131463484,941.8277989365919,951.8693694755091,245876
2023-04-27,1021.4180908203125,1026.908836663778,990.3041864166104,1004.9460344388798,196705
2023-04-28,1025.9691162109375,1032.844806800389,1009.1012480233685,1024.9302872080489,116017
2023-05-02,1028.9864501953125,1062.0295935132438,1015.5813051494496,1034.0814463155268,214449
2023-05-03,968.93505859375,998.1198487877425,926.0482205026138,959.6354741753493,952502
2023-05-04,947.0711669921875,965.5219145232518,944.3010972747895,964.5820532665477,141501
2023-05-05,929.7086791992188,943.2623054338686,923.0308036103975,938.8598420431589,100292
2023-05-08,949.54443359375,956.6675129852329,922.0414913156536,922.0414913156536,124413
2023-05-09,945.9829711914062,967.2532427046549,939.8986600704659,967.2532427046549,58262
2023-05-10,953.6995239257812,969.4296543345985,945.7850050550279,945.9828801033941,117385
2023-05-11,956.2717895507812,968.5393188663297,947.7637052849273,958.4977481487886,36926
2023-05-12,945.83447265625,965.3734414062878,932.2808468138034,958.151454906922,27077
2023-05-15,947.1701049804688,958.6461336135654,939.8491506015348,945.8344936419256,27609
2023-05-16,947.2196044921875,974.4752191021518,943.1139233244993,947.1701508216233,16753
2023-05-17,932.2808837890625,954.8373121040327,928.0268417412357,946.7743714126826,19477
2023-05-18,927.8289794921875,942.81712477907,922.3877473974499,935.1993877698393,18783
2023-05-19,935.00146484375,941.976183023623,928.5214644847006,929.0161219225362,20386
2023-05-22,951.96826171875,955.1835351410268,931.4894312294962,935.0014870449238,39978
2023-05-23,932.0830688476562,974.475188689745,928.47204526429,965.5713544783666,52265
2023-05-24,929.6098022460938,944.7957623356747,925.504121115208,934.2595341313,25219
2023-05-25,937.0791015625,958.5967010096267,930.0054757519725,930.6980082705471,53519
2023-05-26,937.3758544921875,947.3679106876687,930.3517429547292,941.7783178115191,17292
2023-05-29,928.6204833984375,936.7823315727019,925.0589134198729,929.9560344010297,23391
2023-05-30,922.288818359375,936.8317595106662,916.451836278241,928.9172402863433,36020
2023-05-31,948.159423828125,952.7102482126011,908.1910777353767,918.0347730619386,60438
2023-06-01,946.873291015625,963.0980799465549,944.7957538253312,954.6394494103713,38669
2023-06-02,938.0189819335938,954.688914473536,934.9026157279706,951.6220623211701,13490
2023-06-05,928.5215454101562,961.6141429621499,925.9988043339222,942.7182513431486,26998
2023-06-06,928.1257934570312,936.5349700696013,923.6738764268471,935.7929838979039,19604
2023-06-07,955.2825317382812,986.3470466278012,929.9560921064525,931.9347220896577,165340
2023-06-08,954.1448364257812,968.9351073276382,949.841280069572,955.2825124133125,37782
2023-06-09,942.0256958007812,967.4511017775177,938.9587832639656,954.1448037882012,29072
2023-06-12,940.3438110351562,951.7209323680382,935.8918939918547,946.7743578754809,19095
2023-06-13,1043.8260498046875,1068.4600131499499,939.8490856411596,943.4601089128696,2251188
2023-06-14,1043.18310546875,1066.4815209536778,1027.0078301158314,1042.7379620456181,379166
2023-06-15,1043.6282958984375,1077.3143952588582,1035.5653554359012,1043.6282958984375,267607
2023-06-16,1045.0628662109375,1090.3240270327856,1037.2472536316716,1044.815537463277,254776
2023-06-19,1031.9544677734375,1052.6311757357307,1023.9905543639801,1045.310220473092,99555
2023-06-20,1043.677734375,1056.5883424842198,1025.9195797342097,1034.8234140809868,88230
2023-06-21,1035.8126220703125,1065.492066828774,1030.4702978605953,1047.535978596711,69260
2023-06-22,1020.3299560546875,1043.2326214468555,1012.464950458282,1038.7311900891732,45703
2023-06-23,997.4767456054688,1023.1494188943778,994.8055833050823,1014.1466774785086,31702
2023-06-26,1015.2843627929688,1044.5680581415252,1004.105117086803,1004.105117086803,156644
2023-06-27,1010.83251953125,1022.4074557891008,1009.5958758812241,1015.2844366713437,25734
2023-06-28,1014.8887329101562,1028.7886564777882,1011.8713343428565,1021.9623590646238,33716
2023-06-30,1004.0062866210938,1022.3581278671978,999.2081331054189,1018.0546318431594,46565
2023-07-03,994.2615356445312,1019.7363958861697,989.3644145117729,1008.853931316926,41652
2023-07-04,1001.9287109375,1014.7898052274902,993.1237837703868,994.2615201107752,38626
2023-07-05,1090.2745361328125,1100.118171102019,999.4553798163801,1001.9286670715554,531570
2023-07-06,1123.515625,1136.4756275901582,1088.2465204345365,1102.0969306946124,793656
2023-07-07,1101.3548583984375,1126.8297181368248,1096.6556124272786,1126.8297181368248,83455
2023-07-10,1121.3388671875,1146.91275264453,1088.2958478467772,1110.6543392788858,187571
2023-07-11,1132.320556640625,1147.3085826098609,1123.3176933283921,1124.5543371057875,99374
2023-07-12,1128.2147216796875,1174.3167712766976,1114.512734643176,1135.2388332266307,173826
2023-07-13,1092.9951171875,1144.1426476837469,1088.2463575029153,1128.560938474046,81586
2023-07-14,1098.0406494140625,1115.9472252403434,1091.2143523405132,1098.1395567524658,43925
2023-07-17,1114.9085693359375,1122.7736965985512,1095.4191107719757,1095.4191107719757,48266
2023-07-18,1083.94287109375,1119.854928734052,1078.3532178754208,1117.8762989764825,54131
2023-07-19,1097.298583984375,1110.852149048303,1083.349268829433,1083.349268829433,33075
2023-07-20,1095.2705078125,1112.9792687755469,1088.7410535888794,1112.9792687755469,35596
2023-07-21,1087.7022705078125,1106.6971899556545,1084.3386962997643,1084.3386962997643,32574
2023-07-24,1110.3575439453125,1117.9258270159166,1089.3841165590156,1117.9258270159166,70564
2023-07-25,1103.7786865234375,1117.9259391930734,1098.1396393843463,1102.0968993460917,35101
2023-07-26,1121.2894287109375,1135.1398360373964,1101.9482758879597,1109.3187436748346,100625
2023-07-27,1109.665283203125,1147.5559782927708,1106.103773069712,1135.189539797586,56402
2023-07-28,1113.2265625,1120.8937527771607,1100.2665617976074,1111.050118082551,26336
2023-07-31,1119.3603515625,1133.2602749125617,1103.1850762876566,1117.6785644543577,41873
2023-08-01,1108.477783203125,1141.6693449613813,1101.1569498742106,1124.8014783433873,121005
2023-08-02,1059.8035888671875,1110.0608341999066,1049.8115325092435,1108.032690344224,136358
2023-08-03,1024.1883544921875,1069.1526729683749,1020.5773305863726,1069.1526729683749,88843
2023-08-04,1044.0240478515625,1054.5601547782064,1020.2309765289095,1028.8874817843064,56544
2023-08-07,1030.1241455078125,1053.9666105807758,1023.9409273475014,1048.8716146634836,35204
2023-08-08,1012.9595947265625,1032.498564859216,1009.4474783710083,1030.124184841798,32051
2023-08-09,1008.0625,1020.9235342173342,999.20811894856,1020.9235342173342,48364
2023-08-10,1001.1372680664062,1014.2456306705825,997.2294619672181,1000.2963141355474,34659
2023-08-11,978.0366821289062,1008.2603005110798,965.1261348114302,1006.1827029994813,69299
2023-08-14,992.4313354492188,1016.4222234509418,969.5781234322142,982.0929819450733,67862
2023-08-16,985.60498046875,1006.1332648800188,979.4217622725847,986.4953880421939,37465
2023-08-17,1002.7201538085938,1012.9595997536591,985.9512533577127,993.6679582611216,76929
2023-08-18,980.4605102539062,1003.0168776830201,974.5246209102979,999.2080395074003,59324
2023-08-21,975.8602905273438,989.0181672816213,969.4791970252453,988.7213848733129,49021
2023-08-22,985.4564819335938,988.8696301872809,977.4430559318808,978.1355883922354,27429
2023-08-23,986.74267578125,1003.4620608593721,983.9230921711286,985.3576108096478,37250
2023-08-24,1014.0973510742188,1020.973041760299,985.0609206819569,988.3256479830801,88667
2023-08-25,981.5982666015625,1018.1039505813745,976.4538169886514,1018.0050432434876,48324
2023-08-28,974.8709716796875,988.3256307884759,972.6450130517856,979.421796276868,31808
2023-08-29,967.7973022460938,987.3362715477655,965.7692187749233,983.131683217026,35955
2023-08-30,963.1969604492188,974.9698318875098,959.6849046382462,959.6849046382462,54805
2023-08-31,987.1878662109375,994.2614920238055,963.642183252544,966.6101280048539,98337
2023-09-01,969.033935546875,994.2614652624903,966.7090697066707,991.293520590065,49450
2023-09-04,1048.2286376953125,1060.8424025150084,969.627497398484,975.4644793898133,439401
2023-09-05,1080.0845947265625,1103.0366532190292,1048.673845120363,1052.63110491327,441316
2023-09-06,1085.08056640625,1117.826863504975,1073.4561170192392,1079.1446773575635,165644
2023-09-07,1095.320068359375,1116.3430109953154,1087.059312700332,1089.2357572786,134652
2023-09-08,1263.058349609375,1283.8834776338915,1099.2773319342787,1099.2773319342787,1910825
2023-09-11,1230.3614501953125,1261.3764469132793,1219.2810513000975,1261.3764469132793,348237
2023-09-12,1156.5587158203125,1238.226594263824,1139.6908472486487,1237.8308441219983,163746
2023-09-13,1193.9052734375,1206.9641818527941,1137.6626245801826,1137.7121386317322,120438
2023-09-14,1254.2039794921875,1360.308003787622,1241.590214366157,1266.3230871622955,1097639
2023-09-15,1202.907958984375,1258.4084983183332,1194.3998753659207,1252.472609175322,149637
2023-09-18,1168.03466796875,1230.6582290614635,1157.4984400662331,1211.4161024453867,152250
2023-09-20,1162.2471923828125,1185.9907499737506,1157.4984325582332,1161.455692156723,50049
2023-09-21,1188.7607421875,1214.0871791014831,1154.8767073612944,1163.3353979381686,130439
2023-09-22,1191.33544921875,1204.4569743244429,1178.4615000584477,1188.3645378740648,59379
2023-09-25,1188.7608642578125,1201.2386696248007,1178.4616791867377,1196.9803143621307,37661
2023-09-26,1190.989013671875,1206.0415846497635,1179.7490885449608,1196.2871153780372,39094
2023-09-27,1217.08349609375,1225.7982187898688,1185.443334765605,1188.3646829231081,132643
2023-09-28,1218.7669677734375,1251.6945726212964,1205.5464348163755,1220.004847654936,108549
2023-09-29,1249.21875,1295.0698668582452,1218.0737421033389,1230.749679806737,416553
2023-10-03,1225.0059814453125,1243.8713199750443,1218.0738538219355,1243.8713199750443,58899
2023-10-04,1225.0059814453125,1235.8497613014813,1202.3775604520604,1226.689449799162,63975
2023-10-05,1222.18359375,1239.910057902507,1217.0339408899943,1226.98654353241,35172
2023-10-06,1231.2447509765625,1242.7322507680276,1212.1814030110904,1227.679560621717,44811
2023-10-09,1231.591552734375,1252.4373787076536,1208.17083973753,1214.1126635395178,72212
2023-10-10,1228.6204833984375,1249.7634462072506,1226.0457175915153,1231.19524920536,64968
2023-10-11,1228.3233642578125,1261.4491007904426,1226.98647822885,1239.1672640187323,55588
2023-10-12,1216.9844970703125,1244.465430525256,1212.0329775288812,1234.9089736329522,39901
2023-10-13,1174.1539306640625,1215.9942735553575,1163.6071691661919,1208.566993752169,75580
2023-10-16,1172.96533203125,1198.2676434353284,1163.6565726676404,1174.153769168329,57598
2023-10-17,1183.314208984375,1194.3065586051396,1179.6005691877172,1188.3647349304872,41790
2023-10-18,1163.4090576171875,1187.6219393582394,1160.6361583721964,1182.42284393891,37202
2023-10-19,1171.2322998046875,1190.9889338872094,1155.3379957509642,1162.616704776441,48813
2023-10-20,1405.439208984375,1405.439208984375,1170.539178533515,1170.539178533515,2397848
2023-10-23,1413.658935546875,1497.7852105369918,1337.9006808573226,1460.6983747331983,2666853
2023-10-25,1396.5264892578125,1430.5929670544058,1327.0567684848925,1407.172256013829,580208
2023-10-26,1405.3402099609375,1424.056977444045,1343.8423632764736,1406.231507629029,403687
2023-10-27,1444.4078369140625,1460.698288111538,1389.9411210861747,1389.9411210861747,414427
2023-10-30,1408.707275390625,1437.921239976933,1396.4274830481918,1435.9406322083698,155131
2023-10-31,1340.722900390625,1426.780332807399,1319.6295000170107,1406.2315270425172,253222
2023-11-01,1399.64599609375,1477.2362826591404,1340.8714836714598,1340.8714836714598,1750164
2023-11-02,1414.1539306640625,1432.9697042513294,1394.3478532037814,1413.0150570327555,195073
2023-11-03,1397.7149658203125,1434.9503687407291,1377.8098813629483,1419.1055061459383,104688
2023-11-06,1399.2003173828125,1415.1441850029164,1387.8612659016794,1406.1818869111644,105257
2023-11-07,1443.318359375,1531.0098173865922,1399.2498361707933,1399.2498361707933,1595715
2023-11-08,1433.56396484375,1449.458391496161,1427.1269892091568,1449.458391496161,146887
2023-11-09,1417.52099609375,1475.4537729954616,1406.28107124828,1436.9309279381791,137382
2023-11-10,1445.794189453125,1474.4139975084395,1406.2315953882596,1419.0559830619397,197232
2023-11-13,1439.703857421875,1500.310407715502,1426.0871788039951,1480.2567537509876,255047
2023-11-15,1424.9483642578125,1466.838148411729,1411.7278308285981,1455.746792632074,113649
2023-11-16,1475.2557373046875,1488.426828117095,1429.9493318580096,1429.9988954099038,273128
2023-11-17,1469.6109619140625,1512.1940288697933,1437.9708012167534,1475.2556456907218,374572
2023-11-20,1465.9468994140625,1510.2134350236809,1449.8048976227337,1475.156653075954,227287
2023-11-21,1456.0439453125,1484.4656203086204,1447.82437417692,1475.5528847630717,89536
2023-11-22,1439.3570556640625,1505.2122604645347,1428.364707310797,1460.698151589421,152820
2023-11-23,1419.055908203125,1458.3710450956246,1412.1733445350033,1441.8824611801997,100198
2023-11-24,1429.20654296875,1470.551730876007,1417.174447269177,1427.0279227390981,82650
2023-11-28,1388.158447265625,1421.086050883661,1371.5708574730807,1421.086050883661,178333
2023-11-29,1380.236083984375,1413.411265195838,1372.6107921800058,1391.3274394974046,70879
2023-11-30,1347.45703125,1395.3877643843227,1342.9511001317994,1389.346813860131,77775
2023-12-01,1398.65576171875,1419.7987269058578,1356.7164135502155,1356.7164135502155,294669
2023-12-04,1401.5771484375,1435.6435056551113,1389.4953684081188,1425.0473023522748,109155
2023-12-05,1384.8905029296875,1411.7772792021142,1376.522482952753,1406.1820377379495,60231
2023-12-06,1363.9951171875,1401.0820725337092,1355.3299576514762,1395.3382612865742,77780
2023-12-07,1369.392333984375,1379.4933857984952,1361.6183513607791,1370.9767961080217,39644
2023-12-08,1349.338623046875,1389.3963673209396,1336.9102607863638,1362.658162105212,115888
2023-12-11,1369.837890625,1384.6428858017416,1353.9434644322314,1366.5203966866043,65160
2023-12-12,1327.304443359375,1382.1671859272253,1322.1547902453694,1382.1671859272253,70912
2023-12-13,1357.1619873046875,1376.0768892831975,1329.3840342974788,1336.910320070161,89810
2023-12-14,1348.7939453125,1370.5806316538178,1341.9608240553812,1370.2834921217525,55250
2023-12-15,1365.7281494140625,1379.4933984575644,1356.1716921461848,1358.6474520141992,63760
2023-12-18,1331.9091796875,1372.26406354394,1327.6509454567583,1372.26406354394,108881
2023-12-19,1332.65185546875,1348.8434202820818,1320.619760284335,1343.7927738889132,102066
2023-12-20,1260.6072998046875,1348.6949041476828,1253.82374227427,1339.2870171077252,86417
2023-12-21,1316.0643310546875,1323.1450281789246,1247.0897605261118,1256.6956600853991,90582
2023-12-22,1315.519775390625,1339.8316645360194,1298.2884626924222,1310.6672619171784,55323
2023-12-26,1454.4593505859375,1484.4656083693012,1309.5779564705804,1317.6489577714783,680789
2023-12-27,1509.272705078125,1557.3024441622017,1427.9192156274457,1454.4098449160858,574476
2023-12-28,1495.556884765625,1534.6738883798828,1486.0005489464427,1509.1735632389427,286619
2023-12-29,1559.0355224609375,1574.2861062452723,1474.31497305195,1485.6539046747268,553121
2024-01-01,1502.04345703125,1594.092157205365,1481.0490624724257,1563.6898754919027,456619
2024-01-02,1500.8055419921875,1521.3543476644659,1448.9631576421177,1496.3491744969947,291892
2024-01-03,1476.8897705078125,1513.1348708723124,1468.2246109520443,1495.3093997861604,102534
2024-01-04,1577.504638671875,1649.004656841442,1478.3752368337377,1478.3752368337377,1333282
2024-01-05,1578.3958740234375,1623.8012844431444,1526.0583361843342,1584.28825486195,454317
2024-01-08,1560.7686767578125,1632.0210016232668,1554.7772891677964,1584.3874031197372,453956
2024-01-09,1570.1763916015625,1599.4397992139338,1556.757725448012,1578.5444111731115,145555
2024-01-10,1558.3421630859375,1569.6316515075598,1542.893446718472,1566.6111763155923,91976
2024-01-11,1609.491455078125,1641.3297504634422,1545.17126346522,1560.867556508606,444297
2024-01-12,1635.7344970703125,1673.3164824155342,1604.242784113337,1620.137210356913,423035
2024-01-15,1638.1112060546875,1663.6609739195058,1619.2954321190289,1643.9540231909962,154683
2024-01-16,1632.7139892578125,1685.4972354075737,1593.1018333140387,1643.9044716666112,242908
2024-01-17,1569.3841552734375,1623.9994412670471,1561.2141478394537,1590.428113815517,181535
2024-01-18,1575.9697265625,1606.2730031850733,1516.700059469419,1572.6026689629448,120798
2024-01-19,1590.8736572265625,1610.234146892281,1581.564897244177,1586.4668532112141,84175
2024-01-23,1522.4931640625,1619.2458019097062,1513.5804294072598,1614.1952764490768,138363
2024-01-24,1591.1708984375,1609.0459333904723,1530.1186347153168,1534.9215847762946,325897
2024-01-25,1646.5782470703125,1684.5069348156112,1584.5852470739576,1590.4280642644749,298128
2024-01-29,1641.626708984375,1661.6803627432676,1634.0014173912314,1653.807495177792,102584
2024-01-30,1654.847412109375,1720.6530591686521,1622.0682556828956,1641.626758082079,407586
2024-01-31,1717.385009765625,1722.8316813258036,1638.0122472843898,1654.8474139249417,229788
2024-02-01,1698.5692138671875,1727.090014759178,1671.9301354635822,1724.8122674171404,89217
2024-02-02,1690.2012939453125,1735.0125484061448,1677.6244819319857,1715.404481524951,108218
2024-02-05,1642.765625,1698.618789975848,1617.1662929780264,1693.4196944227956,85142
2024-02-06,1697.5294189453125,1789.479109964545,1649.8462629778262,1649.8462629778262,460032
2024-02-07,1757.0467529296875,1792.2521060986032,1668.8601393511685,1697.529510740354,287791
2024-02-08,1724.36669921875,1772.6440152772793,1715.4044003957652,1772.6440152772793,111828
2024-02-09,1699.65869140625,1726.2977705391509,1634.199504616063,1724.0201440214666,116544
2024-02-12,1640.3887939453125,1698.0739942616362,1618.8496848143245,1685.4971834915566,94638
2024-02-13,1765.414794921875,1822.109695789987,1628.6044015888053,1638.9530294624483,567747
2024-02-14,1702.678955078125,1765.414681815859,1685.24963093494,1724.1190582974764,162877
2024-02-15,1717.137451171875,1730.8532573125665,1688.1216185531598,1701.3421518421112,93524
2024-02-16,1747.6387939453125,1801.2637738909714,1718.870417519169,1726.9909819680936,207325
2024-02-19,1770.9110107421875,1808.2949842668722,1738.0329684738379,1738.0329684738379,145427
2024-02-20,1765.1671142578125,1819.0892334134437,1728.179288271852,1769.6730452963773,228995
2024-02-21,1696.1429443359375,1777.3974247926553,1681.0408103986304,1760.760271510318,179465
2024-02-22,1694.8060302734375,1708.917860112674,1656.6297685641912,1700.2527014394586,95903
2024-02-23,1714.2161865234375,1752.7884781254743,1693.4198029780925,1707.2840586749892,105008
2024-02-26,1745.856201171875,1762.7904944647526,1701.3916530508461,1713.2257362267474,65270
2024-02-27,1710.7996826171875,1745.8563466689461,1702.8772508067623,1736.9931744357193,50257
2024-02-28,1653.8074951171875,1718.17724792115,1648.8559756707289,1718.17724792115,56638
2024-02-29,1720.1082763671875,1733.0317903585428,1624.048799987314,1652.7676125132555,98889
2024-03-01,1705.3529052734375,1731.6949652365324,1683.5166555918133,1731.0512435144058,50188
2024-03-04,1716.2462158203125,1745.9057691595199,1691.5380610758498,1706.5907528314835,62354
2024-03-05,1711.888916015625,1741.3504579889504,1694.410027440663,1711.1461880667177,40779
2024-03-06,1666.2852783203125,1707.4324527410688,1653.8074736545113,1706.9867434646487,51578
2024-03-07,1728.327880859375,1796.411273960124,1668.364931381051,1668.6125073559629,260140
2024-03-11,1671.7816162109375,1750.6593490074638,1661.7300070683132,1741.9446260030768,74219
2024-03-12,1634.0509033203125,1679.4563103118307,1604.589364012275,1679.4563103118307,79954
2024-03-13,1528.831298828125,1660.7397376887925,1510.5601182696457,1640.8840949747391,82996
2024-03-14,1611.323486328125,1623.5537155800394,1516.2048672099447,1535.9613820871361,54482
2024-03-15,1594.3397216796875,1609.243843787603,1553.5888127448316,1584.3872399778252,47495
2024-03-18,1549.0333251953125,1606.17393324315,1541.011887714455,1594.339729005511,34366
2024-03-19,1527.345703125,1570.4733640204877,1520.2154427473283,1557.7479835010774,31475
2024-03-20,1525.810791015625,1545.5673062051637,1507.2425921958663,1531.6536084215845,30603
2024-03-21,1560.372314453125,1569.6316314455105,1531.9010782360535,1533.9311286342927,18900
2024-03-22,1559.5306396484375,1579.3861604333042,1554.7771325445738,1555.7178729006662,24772
2024-03-26,1557.748046875,1582.5056445684997,1546.4091154860603,1559.72865469048,28429
2024-03-27,1530.5147705078125,1566.3637255128053,1515.2640653432034,1557.7481294136455,73341
2024-03-28,1552.5489501953125,1573.8900477457914,1535.02061939614,1543.1410630788364,39831
2024-04-01,1593.2503662109375,1609.7389499183555,1559.5800344378067,1559.629597986272,35737
2024-04-02,1620.2857666015625,1643.9044906788538,1593.4485548166167,1596.3699029965737,43181
2024-04-03,1618.750732421875,1633.0111327738332,1604.2923196443965,1620.1371820606373,34543
2024-04-04,1636.279296875,1652.8173248080882,1614.046900231562,1626.5742696209015,51409
2024-04-05,1608.0059814453125,1643.4093463947627,1596.3699104479406,1632.0208513760585,37245
2024-04-08,1617.4635009765625,1647.8162205427448,1605.3322775059094,1618.1566653916288,45912
2024-04-09,1582.7037353515625,1642.5181185176784,1541.309102490698,1625.5839450342924,70248
2024-04-10,1576.2171630859375,1596.419386009067,1570.4733523427483,1588.4473915806805,24355
2024-04-12,1579.0892333984375,1606.2730288425985,1559.7287425567772,1574.5833020096989,66407
2024-04-15,1535.8624267578125,1573.5434196833814,1520.11656970857,1552.7966001974187,23662
2024-04-16,1523.9290771484375,1553.5391868634463,1515.2144756760615,1534.970989410895,22681
2024-04-18,1502.7366943359375,1539.9226563536977,1491.595774796401,1532.9905286402084,35261
2024-04-19,1483.128662109375,1501.3007145227275,1475.6023766360747,1501.3007145227275,32446
2024-04-22,1555.0743408203125,1624.4450599759987,1508.876637381987,1509.2232195870956,564236
2024-04-23,1565.125732421875,1576.415220929535,1536.9020715960773,1569.6316634697985,83776
2024-04-24,1568.4927978515625,1589.2891796191586,1552.5489293404135,1574.5831909751282,55919
2024-04-25,1563.5908203125,1594.290240592562,1550.1227117218136,1572.6025614431774,41053
2024-04-26,1553.8858642578125,1597.50880050082,1541.4576225333465,1568.2948347186282,75616
2024-04-29,1562.00634765625,1584.4366336763494,1542.8438709992013,1560.6693407179791,28309
2024-04-30,1543.834228515625,1568.9879719479175,1526.4049039178824,1566.6607819422222,32495
2024-05-02,1545.4188232421875,1554.7771468862782,1529.5243970483164,1548.785759844549,24296
2024-05-03,1523.632080078125,1551.9547468157953,1515.1649335652844,1550.8158731785852,46622
2024-05-06,1545.3692626953125,1584.43670387176,1489.4170913769626,1530.019551979659,192065
2024-05-07,1526.0582275390625,1557.6983870817692,1505.3608529687526,1541.2099247460121,43411
2024-05-08,1561.6597900390625,1581.5154329020047,1513.0854530633621,1526.058410834057,48010
2024-05-09,1496.4976806640625,1568.393715687289,1485.4557686067458,1564.729639812739,31974
2024-05-10,1491.051025390625,1507.0938995077377,1479.3653915317989,1503.1822476300981,19917
2024-05-13,1538.6351318359375,1548.5381709051956,1463.075016269523,1493.3782916441112,70653
2024-05-14,1524.2261962890625,1551.3605459810447,1515.2144554232186,1538.6846083348528,50300
2024-05-15,1536.8526611328125,1586.4668628150425,1525.2660328611275,1539.9225790745263,140613
2024-05-16,1534.525390625,1552.647878683826,1519.8192816329026,1549.2313787303963,25940
2024-05-17,1532.0001220703125,1552.350915420822,1525.464140555563,1547.8449843541684,37763
2024-05-21,1543.2896728515625,1589.8339576870915,1522.9884422318105,1562.6996057545687,76613
2024-05-22,1532.8914794921875,1574.4842446082955,1527.0982256712145,1542.893525021338,46503
2024-05-23,1524.0777587890625,1545.6664329667499,1520.7107012264814,1536.9517099679176,21295
2024-05-24,1521.6514892578125,1558.7383215525217,1515.1649504290713,1515.1649504290713,43414
2024-05-27,1518.6805419921875,1539.6253720478044,1514.1746110474046,1539.6253720478044,33533
2024-05-28,1499.46875,1526.058386878919,1488.228824345366,1517.1456513293342,32842
2024-05-29,1493.724853515625,1534.9710348553701,1485.4558401826164,1493.378271330257,47354
2024-05-30,1465.748779296875,1503.8754794750773,1458.8166519917472,1494.3685862053862,39575
2024-05-31,1453.3699951171875,1485.2578535726816,1443.2689435830698,1473.4732128584058,44686
2024-06-03,1471.78955078125,1491.744197770183,1450.894163478461,1470.6507980497513,47466
2024-06-04,1360.6776123046875,1474.5625652996214,1305.418604148983,1474.5625652996214,70772
2024-06-05,1452.7261962890625,1461.6884945595725,1378.5525340265322,1390.3866167761787,102024
2024-06-06,1508.6783447265625,1542.8933909354266,1455.7466525513973,1455.7466525513973,99088
