Price,Close,High,Low,Open,Volume
Ticker,BPCL.NS,BPCL.NS,BPCL.NS,BPCL.NS,BPCL.NS
Date,,,,,
2014-06-02,51.190364837646484,51.32858020410255,48.26019738157849,48.37537825962463,7093182
2014-06-03,52.8581657409668,53.23595500311106,51.11204508066494,51.254870731084374,9265230
2014-06-04,53.047035217285156,53.54461118557479,52.19931491567922,52.98253783135614,6657216
2014-06-05,57.07834243774414,57.81088222029683,52.94569945097063,52.94569945097063,20417142
2014-06-06,57.87538528442383,59.893330604081996,56.82034153590366,57.45152283246886,23704032
2014-06-09,56.67290115356445,58.51577394492635,56.12925606328148,58.465094700629024,9418644
2014-06-10,56.58075714111328,57.80626685352696,55.783715855392714,56.94472394662731,9740598
2014-06-11,55.93576431274414,57.534453244354374,55.51650791265743,57.09677262667983,9055368
2014-06-12,55.19861602783203,57.21656142506042,54.75171906885235,56.023302255598644,9335814
2014-06-13,52.498809814453125,54.92679106913248,51.15811894367666,54.91757896008175,15733314
2014-06-16,54.452247619628906,54.779357597176435,51.1396849219567,51.978189217924886,14948244
2014-06-17,56.23061752319336,56.861798756433835,53.231342497829985,54.088279424504684,12379632
2014-06-18,54.5213508605957,57.06451251946018,53.544627061540226,55.66393055292621,18291042
2014-06-19,52.01044464111328,55.83901226850474,51.6096208916965,54.10671400279629,23785062
2014-06-20,50.91392517089844,52.43889998841113,50.517707575381884,51.53589421081422,25713792
2014-06-23,51.29172134399414,51.59579260759267,49.665387824238195,50.771110712955945,16866888
2014-06-24,53.69667053222656,54.267960439443335,51.747832997495905,51.97819053843867,19763022
2014-06-25,53.563072204589844,54.08829324214578,52.8535667836802,53.90400464079293,14465664
2014-06-26,52.32374572753906,53.24057856699354,51.15813105085515,51.743243526004655,17009274
2014-06-27,52.494197845458984,53.16684628637172,51.87683892905843,52.70613118075919,5610174
2014-06-30,55.322998046875,55.65471405036635,52.27304817461009,52.27304817461009,14885190
2014-07-01,54.32784652709961,56.23522095355244,54.10209506219548,56.212186467092145,11534376
2014-07-02,55.452003479003906,55.69157311130643,54.56281575700399,54.995890265470926,6307212
2014-07-03,55.24928665161133,56.004865071159855,55.00971280063262,55.76529122018115,8491284
2014-07-04,55.26310348510742,56.39186072932761,54.91756512279537,55.28613796992903,12548298
2014-07-07,54.66417694091797,55.37368220113413,53.940849300581064,55.2861460843671,10536630
2014-07-08,52.64623260498047,55.53493294036566,52.22698044861953,54.66417781284704,11648718
2014-07-09,53.70588302612305,54.4015701440824,52.53105238828234,53.25899032144494,11950950
2014-07-10,53.51238250732422,55.74686712715454,51.60040604045705,53.88556569232633,16219518
2014-07-11,51.71097946166992,53.77038773648279,51.27790489470252,53.176063302261134,9497004
2014-07-14,52.43431091308594,53.13921023016594,52.06112768110273,52.402060093729474,7861002
2014-07-15,53.632171630859375,53.83949469365507,52.47576937717684,52.95491713599315,6810138
2014-07-16,54.43842315673828,54.71485387546985,53.682844734072496,53.87634539358499,5370300
2014-07-17,54.466068267822266,54.62271629171197,53.49395461684989,53.89477834904244,5799540
2014-07-18,53.71970748901367,53.996138238044615,53.03784694313664,53.581492114498204,6601500
2014-07-21,53.572269439697266,54.29559698606559,53.166835504816724,53.89476910462752,4620168
2014-07-22,53.69667053222656,54.44763873085893,53.53542067536646,53.79342297714161,4334322
2014-07-23,55.30917739868164,55.9311465064394,53.81184717348567,53.894773013454994,7260366
2014-07-24,55.56258010864258,56.17994323464931,55.244686437011424,55.829794528825495,6659238
2014-07-25,54.507530212402344,56.48400814150658,54.18042025111496,55.65471599480584,8252478
2014-07-28,52.95953369140625,54.64115723507638,52.452745287861475,54.64115723507638,7535166
2014-07-30,52.83513641357422,53.50778493321958,52.521848755328264,53.15764039965046,7622454
2014-07-31,53.45710372924805,54.11132378741743,53.074708389191045,53.15763846464893,9784938
2014-08-01,53.1990852355957,54.52134733257594,52.954905356131924,53.673626834476224,7980528
2014-08-04,55.322998046875,55.746860431001274,53.81184548963756,53.85791446195719,8319396
2014-08-05,54.62732696533203,56.01408684645988,54.111322307703354,55.7791190087544,6196242
2014-08-06,53.563072204589844,55.51651619413316,53.153032070129335,54.622726389869825,4763022
2014-08-07,53.899391174316406,54.60428622521681,53.7104965438533,53.931641991468474,6416226
2014-08-08,52.20394515991211,52.97794783117727,51.6464734266818,52.79826954349033,7453038
2014-08-11,52.8397331237793,53.526203904768195,52.66466088795627,52.719946191163814,4377432
2014-08-12,54.42920684814453,54.61810145387031,53.07930406698106,53.32348397287092,10202178
2014-08-13,55.622467041015625,56.39186786012065,54.701032697666626,54.96364104263129,11804214
2014-08-14,56.516265869140625,56.71437682246916,55.51190137542422,55.885084574299825,8788320
2014-08-18,59.75510787963867,60.616646622696585,56.76043897605439,56.852585360101834,15301728
2014-08-19,62.10939407348633,62.749791814475216,60.381701567581175,60.713417685115104,26929548
2014-08-20,61.45977020263672,62.47335105045784,61.27548584339551,62.4364941786096,13365744
2014-08-21,63.15519714355469,63.569843183828674,61.22939861379217,61.46897244390572,15308316
2014-08-22,61.92048645019531,63.89235852177496,61.73619788214169,63.569854582180724,11941020
2014-08-25,61.24784851074219,62.66225328399857,61.05434780106523,62.10478564816759,7093836
2014-08-26,61.24784851074219,62.008033184329555,59.7090507254077,60.99906248658597,7760268
2014-08-27,62.4503173828125,62.83731876031627,61.32155563209564,61.54270108409722,8091000
2014-08-28,63.975284576416016,64.4360038586592,62.65763257515821,62.66684468308408,20323512
2014-09-01,64.9474105834961,65.32980593146361,63.468508448898724,64.59266000058604,10414926
2014-09-02,64.83683776855469,65.57859394721198,64.07204288046162,64.96123077111238,9518622
2014-09-03,64.91976928710938,66.60599448617783,64.59726530982356,66.43552827895527,9642096
2014-09-04,64.56961059570312,64.96122220649345,63.947641446917544,64.74007677665892,8112240
2014-09-05,65.03707122802734,66.18917239547395,64.58378368026752,64.96152474435752,6827166
2014-09-08,66.10889434814453,66.425246276643,64.9615139459364,65.77365147899837,11267076
2014-09-09,65.41007232666016,66.76048486408989,65.01816962931485,66.57633927184746,6325902
2014-09-10,63.9227409362793,65.4053643992069,63.7527570314438,64.95207686822576,5851686
2014-09-11,64.34770202636719,65.28260493932292,63.894414455579366,63.979406415460915,7718454
2014-09-12,64.512939453125,65.2542510015388,64.22963589693471,64.22963589693471,8216670
2014-09-15,64.5318374633789,65.32981332222859,64.1493801887112,64.1493801887112,6804804
2014-09-16,61.382450103759766,64.9709596052103,61.051927785387996,64.40907728370931,10380300
2014-09-17,60.33893966674805,61.96793518966252,59.328490558117025,61.59491911173717,12280302
2014-09-18,62.54399108886719,62.70452950943439,59.77706037891193,59.77706037891193,7685136
2014-09-19,62.06710433959961,63.31364294899835,61.66576039828411,62.79425006055284,4791246
2014-09-22,63.30419158935547,63.686653196833355,61.580762714381365,61.84990028270613,5406630
2014-09-23,61.47216796875,63.771649706464956,61.12275900091559,63.658325659206845,5529936
2014-09-24,60.65058135986328,61.73658144256991,59.36154903521733,61.439111779517745,6280770
2014-09-25,58.57773971557617,61.47216045995033,57.581456544367576,60.282281884870464,9209670
2014-09-26,60.38618087768555,60.825302469637684,56.41048799555922,58.17169061598212,10273296
2014-09-29,60.183128356933594,61.94905528231066,59.72984086797086,60.027310512423284,7123392
2014-09-30,61.89241409301758,62.317369650687105,59.58349062549506,60.1264908345855,10994658
2014-10-01,61.65159606933594,62.7753651883464,61.401345090144936,62.33152309495413,5219934
2014-10-07,61.434383392333984,62.383447796867586,60.84888528908026,61.76018078199023,7505598
2014-10-08,63.7149772644043,64.02661295039042,61.415495824685365,61.47688057625982,12987936
2014-10-09,63.43168258666992,64.62156132020716,63.143658375190554,63.88497013495749,6440190
2014-10-10,63.294761657714844,64.4043647922827,63.09172505980621,63.9227494284265,7807674
2014-10-13,63.43640899658203,64.11633601235455,62.7045383683995,63.370303660282595,8954280
2014-10-14,61.97739791870117,63.351422436954884,61.67048705281331,63.351422436954884,7199514
2014-10-15,61.97739791870117,61.97739791870117,61.97739791870117,61.97739791870117,0
2014-10-16,62.91700744628906,64.35713698565903,61.97738411207425,61.97738411207425,13594230
2014-10-17,62.964229583740234,63.74331453921958,62.274857153124735,63.101160819589865,4384488
2014-10-20,65.80670928955078,67.5254220148095,65.0654018700466,67.33183091256932,21812712
2014-10-21,64.95206451416016,66.08055822976303,64.68764755852573,66.08055822976303,5947722
2014-10-22,65.04178619384766,65.68866479238254,64.51767710499523,65.34870132231364,4487274
2014-10-27,64.79625701904297,65.70755262735166,64.0691113557949,65.4336901582918,5010000
2014-10-28,66.27887725830078,66.48191381326387,64.96151722950317,65.06539579396755,10099908
2014-10-29,66.54330444335938,67.80400480920257,66.03808191123248,66.57635711192535,10133724
2014-10-30,66.29776000976562,66.79826186128983,65.37230277724093,66.57634302340897,9686604
2014-10-31,68.44143676757812,68.83333956279307,66.10418172009797,66.4819227915034,9917442
2014-11-03,68.37532806396484,69.2110728496403,67.76150213412437,68.98442909686305,5985426
2014-11-05,69.90988159179688,70.40566287561283,68.8427725527297,68.92303959791224,14223966
2014-11-07,71.68997955322266,72.33685382546612,69.76351413586141,69.92877313448207,13713732
2014-11-10,72.33684539794922,73.37562662379862,71.86467565036546,72.09131505422829,10316172
2014-11-11,72.4218521118164,73.03567377348513,72.00161723305997,72.97901823382972,11291280
2014-11-12,72.270751953125,73.28119687479145,71.86468316112719,72.80902707786002,9465678
2014-11-13,68.97970581054688,71.25085517735123,68.46975846756641,70.92033287076076,13405242
2014-11-14,69.39522552490234,70.06099080585813,68.08730648149334,68.97971553827686,15496140
2014-11-17,68.5641860961914,69.95709678846958,67.34125927898502,69.31494316774412,6940470
2014-11-18,67.98342895507812,69.09775690749304,67.85122260547593,68.37061117750463,6857886
2014-11-19,68.13923645019531,69.76351157811261,67.77094090520897,68.45559271359885,8041464
2014-11-20,67.97398376464844,68.86166788495746,67.53014170449394,68.73890269190449,6292680
2014-11-21,68.41310119628906,69.26773259979936,67.75678145507534,67.9739797365016,4127580
2014-11-24,67.93620300292969,69.11663176784641,67.80399235295418,67.99286285740357,6241938
2014-11-25,67.03907012939453,68.88526397916199,66.7463254012753,67.99285942831321,8815746
2014-11-26,66.82188415527344,67.99287192877517,66.5810743380442,67.52069776609078,8961696
2014-11-27,68.04479217529297,69.11662164815232,67.04850916400434,67.09572354105146,19753296
2014-11-28,70.47176361083984,74.13109853786496,69.66434670062314,70.63230201362131,41002374
2014-12-01,70.29235076904297,71.91190112062155,69.7540712946892,71.77024930992901,19348464
2014-12-02,67.28934478759766,69.69270549994822,67.07686702692709,69.69270549994822,8981166
2014-12-03,67.12879180908203,68.24311966785669,66.58579176381565,67.61985256922311,7207140
2014-12-04,68.61141204833984,68.93720946663183,66.70383327867961,67.42625833975093,8130864
2014-12-05,67.05323028564453,69.10718106720162,66.83130714937872,68.93247663123834,4380198
2014-12-08,65.13622283935547,67.61512941667765,64.89069246864756,67.14295529432627,9795948
2014-12-09,63.58749008178711,65.84447766038221,62.98783023829318,65.45729550995921,15507990
2014-12-10,63.171993255615234,63.79526041986062,62.45428865963497,63.2522603174322,10305672
2014-12-11,62.6242561340332,64.21547845706496,62.14264092098629,63.72441777417658,10196532
2014-12-12,63.04450607299805,63.49307308732357,62.60066395648739,63.020898875407006,9711924
2014-12-15,60.093421936035156,63.08227608265998,59.02158785704399,62.525109974156024,13501092
2014-12-16,61.14165115356445,61.65631918008087,59.47960244161152,59.49376848915928,12427308
2014-12-17,61.1746826171875,61.576030769934974,59.970642481814394,60.933872860965174,9781386
2014-12-18,61.69405746459961,62.23233670629088,60.400305107669304,61.39186735393033,7510710
2014-12-19,61.73659133911133,62.987846302169594,61.24553050379067,61.93018246369464,7790622
2014-12-22,61.878238677978516,62.170983469639125,60.92444917203619,61.5288296995328,2968716
2014-12-23,61.458011627197266,62.562894244493776,61.25497501868683,61.57133136947908,3476418
2014-12-24,60.409767150878906,61.72240647972342,60.01313954982239,61.21717975066021,15322326
2014-12-26,60.976383209228516,61.29746006662618,59.470152594832605,60.34367064283715,3959976
2014-12-29,61.10858154296875,62.487326213231945,60.66473955436288,60.76861811042143,5237058
2014-12-30,61.236061096191406,62.085971753031636,60.91026374021697,61.406044956707106,3856524
2014-12-31,61.004703521728516,61.65630262816394,60.43809635489244,61.099140931447614,3326514
2015-01-01,61.77906036376953,62.0906959971536,60.645846166546164,61.27855857942764,2893002
2015-01-02,60.85361099243164,61.939606628555104,60.66946106824845,61.467432545389855,6142290
2015-01-05,60.971641540527344,61.33049586144035,60.560852271938096,60.910261124175165,6566232
2015-01-06,60.35784149169922,61.882958847144806,59.493764523333844,61.609096355712815,13121010
2015-01-07,60.90554428100586,61.32105414794359,60.15478726001165,60.15478726001165,7856364
2015-01-08,63.98884201049805,64.3949108024773,61.28801227029021,61.28801227029021,16840194
2015-01-09,64.15410614013672,64.97096436347543,63.50723182392286,64.59322763115063,10079154
2015-01-12,63.875511169433594,64.68764866687806,63.48833336053056,64.68764866687806,3867444
2015-01-13,63.22864532470703,65.25426443945902,62.657317521500595,64.25326064031186,5972538
2015-01-14,61.5429801940918,63.83301595085232,61.27856323977235,63.83301595085232,7112274
2015-01-15,62.60539245605469,63.10117389408511,61.321080427817,61.864080586616865,11808276
2015-01-16,62.26068878173828,63.545000495891294,61.911279843810405,62.6337049128421,7147248
2015-01-19,60.929168701171875,62.42595827040448,60.69308377747679,62.25597435870693,6617304
2015-01-20,61.16053009033203,61.76019000390864,60.7450201259938,61.02832374986494,4653270
2015-01-21,61.774356842041016,62.076547089855005,60.778069248543524,61.193583541081686,5534538
2015-01-22,62.04821014404297,62.32679317539528,60.90555457469136,61.854619058867456,4936338
2015-01-23,63.71971893310547,64.43741926253587,62.09544339595314,62.6478846911849,8706078
2015-01-27,65.35340881347656,65.61782575345715,62.40232866951436,64.11159547163427,11605284
2015-01-28,66.69438934326172,67.01074127744391,64.68765266605793,65.05122762983805,11438976
2015-01-29,69.30078125,69.66907678600151,66.81715423390769,67.16655882900369,19402494
2015-01-30,70.7173080444336,72.07716632710198,69.03165231782823,69.6454739649156,14754744
2015-02-02,70.69841766357422,72.45961977807396,69.44243802130994,70.4481667145213,10153596
2015-02-03,68.69168090820312,71.43028395053558,68.40365672013412,70.73147038683425,9786834
2015-02-04,68.08729553222656,69.50381349976851,67.6387329501282,68.46503653881759,10960314
2015-02-05,70.82588958740234,72.97899836000707,68.27615756225586,68.43669595712934,18653808
2015-02-06,69.02693939208984,70.7314863575826,68.63503654737252,69.5038342047525,9303972
2015-02-09,67.21851348876953,68.55948529046707,66.72273208687565,68.0873110858017,8207352
2015-02-10,65.94363403320312,67.57735032096087,65.06539545947625,66.57634656466811,14683530
2015-02-11,67.3223876953125,67.64346457737243,65.58007203967632,66.33082495600434,4827102
2015-02-12,66.65660095214844,68.18172213521713,66.20331786812412,67.76148738537523,4276554
2015-02-13,68.4555892944336,69.2866134353814,65.44312840457393,66.65188921945449,22005114
2015-02-16,68.54531860351562,71.51056583747268,68.08731045060847,69.11664648950735,11987340
2015-02-18,68.9041519165039,69.40937866288586,68.08729381882671,68.70111969693804,4127406
2015-02-19,70.08930969238281,70.58981589473494,69.10719255210432,69.31494968051955,7744434
2015-02-20,70.05155181884766,70.42929292115312,69.69270166224125,70.02322404604082,4395330
2015-02-23,69.8485107421875,71.20364413157148,69.3668954364434,70.35373324277472,4430634
2015-02-24,71.51527404785156,71.75607951974048,70.06098277701547,70.16486134248518,7384584
2015-02-25,71.00060272216797,72.9081814014942,70.54259467034866,71.58137595250182,9594054
2015-02-26,70.42926788330078,71.64746975269179,70.03736087248078,71.00059558576844,8611818
2015-02-27,70.28289794921875,70.81173189689461,68.965537976663,70.73146485142529,5141580
2015-03-02,73.61173248291016,74.2255541582851,71.5908294247337,71.76081333897721,18558558
2015-03-03,73.73448181152344,74.27275691754001,72.54461188965622,73.61172095397144,9442494
2015-03-04,72.76180267333984,74.58438492805115,72.12436532179798,73.98944570547576,10777344
2015-03-05,73.31424713134766,73.74392310222221,72.52572108909962,72.71458727252259,7745406
2015-03-09,72.14798736572266,73.73448498605309,71.24141235653953,73.19148928279968,10691736
2015-03-10,72.16687774658203,73.43230290785365,71.92606793667727,72.60127433182792,8797860
2015-03-11,70.90618133544922,72.88458636019789,70.55677666181516,72.16688606777802,3598278
2015-03-12,70.7786865234375,71.63332228337255,70.63231413871814,71.04782409875475,3971940
2015-03-13,69.06939697265625,71.28860637192423,68.6586077455289,71.19417330904108,5221908
2015-03-16,69.56521606445312,70.35374229610925,69.24885972764193,69.88157240126434,2856366
2015-03-17,70.88727569580078,71.39250243273666,69.84849878041211,70.16485502233661,6329616
2015-03-18,72.94596862792969,73.8478145374382,70.35373766059963,70.76925198230089,8524572
2015-03-19,71.14697265625,73.64949052444496,70.73618332496255,73.37562808834025,4517646
2015-03-20,68.65863800048828,71.14698596763438,68.25728974135777,71.14698596763438,5789646
2015-03-23,67.5584716796875,69.5038238889452,67.341273378297,68.74835040857727,4267110
2015-03-24,69.95709991455078,70.30650882732891,67.77093824569654,67.99286140790878,12425196
2015-03-25,70.70313262939453,71.39722556333035,69.12135568599214,69.88155394397987,8616528
2015-03-26,71.98743438720703,73.10647823163865,69.88154435970745,70.15540244299605,16437222
2015-03-27,70.78813171386719,72.78541877525862,70.11764590392508,71.29807909410614,10540140
2015-03-30,72.64848327636719,73.18204646506327,70.92977936141644,71.10920440038667,7203846
2015-03-31,76.56753540039062,77.04915508515633,72.6484985187777,72.71460385948998,15727752
2015-04-01,75.94427490234375,77.24746487455121,75.21712477753609,76.58170816317033,6395814
2015-04-06,75.74593353271484,77.03496134839247,75.54761757073103,76.20866213160468,5115972
2015-04-07,75.14157104492188,76.11424285527123,74.69772463435588,76.11424285527123,5338818
2015-04-08,77.40326690673828,78.5695339600622,74.67410949254581,74.90546948622197,13900224
2015-04-09,76.66667938232422,78.85284121776505,76.39753749378008,78.19179657734755,6251700
2015-04-10,77.44105529785156,78.34290122546861,76.28422916587178,76.94527390496614,8098518
2015-04-13,77.28520965576172,78.27677214072945,76.68082928892586,77.2143837639783,5826048
2015-04-15,75.7742919921875,77.77630001990512,75.16046159854483,76.88389517186148,7068102
2015-04-16,75.63262176513672,76.18977918421282,74.74493770808164,75.64206291315328,8001768
2015-04-17,75.34459686279297,76.94526049456023,74.94796490101854,75.54762477190337,6567684
2015-04-20,75.87815856933594,76.76112212727111,75.07546206782924,76.01981038455826,7801080
2015-04-21,75.46736145019531,77.30411439100666,75.03768544945892,76.30311058068715,9105102
2015-04-22,76.02452087402344,77.0160834490451,75.73649670737765,75.88758965137423,11554200
2015-04-23,75.7884521484375,76.93110797628688,75.45321350762109,76.68085697800367,5109906
2015-04-24,73.70616149902344,75.99620215958892,73.1726068816172,75.99620215958892,4140084
2015-04-27,69.15441131591797,73.8478030676349,68.03063805028552,73.7911475344014,7453998
2015-04-28,72.256591796875,73.18677406734547,69.31495634432068,69.59825997471589,10898772
2015-04-29,71.3877944946289,72.24242596272977,70.56621137035017,72.09132867540286,6079548
2015-04-30,72.21880340576172,73.95639374175313,70.9722650998002,71.3972204562456,12239616
2015-05-04,74.00833892822266,74.82991757249131,72.14797906051692,73.186760283954,6247296
2015-05-05,73.40396881103516,74.33414671360501,72.52572587017792,74.13111014945333,5669406
2015-05-06,70.65591430664062,72.80902334080855,69.75878914479546,72.74291801639794,9049056
2015-05-07,68.93248748779297,71.4397260830994,68.02591683014015,69.90516347170679,7835052
2015-05-08,70.64175415039062,71.61442580575795,69.62658003857517,70.34428450682205,6661260
2015-05-11,70.9014663696289,71.20365667290216,70.35374563440782,71.09033693025134,4596036
2015-05-12,68.5500259399414,71.01477072581002,68.27616780977262,70.96755201804166,6562188
2015-05-13,69.48966217041016,69.71630595778413,66.44414789528736,68.92777976107406,5709978
2015-05-14,71.4586181640625,71.73719688927065,68.937213331406,69.64547238728645,8644740
2015-05-15,72.43600463867188,72.70514217759039,71.5813733171892,71.75135287304161,5713560
2015-05-18,74.86771392822266,75.07547110164685,72.93180267198954,73.63062068337248,9579510
2015-05-19,74.06501007080078,75.19350404335519,73.33786868082701,74.5938441024821,4082520
2015-05-20,74.31527709960938,75.16990866968213,74.00836191391375,74.60330133962358,3304956
2015-05-21,73.37091827392578,74.50885334782873,73.0545619830751,74.50885334782873,3487548
2015-05-22,73.87612915039062,74.1311006435597,72.74291482898212,73.18676113954538,3380910
2015-05-25,74.77326202392578,76.11423359602956,73.94224213676092,74.0366795552474,5917968
2015-05-26,73.8241958618164,75.24543436923351,73.18676279163496,74.89602545947992,3009906
2015-05-27,75.2548828125,75.72233204680404,73.25287521645349,73.93280216141758,5004018
2015-05-28,77.21912384033203,77.79989277631852,75.12267023218386,75.50985240475484,17573184
2015-05-29,80.28353118896484,80.74153932761534,78.01238144017577,78.01238144017577,14055870
2015-06-01,81.2845230102539,82.29025599409817,79.24946281841356,80.37323608893611,7888962
2015-06-02,79.96244812011719,82.05889321502177,79.7121971611963,81.4734036680146,6693198
2015-06-03,79.24946594238281,80.35434831480593,78.63564432342335,80.00493936923601,6242430
2015-06-04,81.84640502929688,82.09665595621398,79.18335302521741,79.78301286422392,9076686
2015-06-05,80.8076400756836,82.75771282378173,80.64709731695534,81.87474926512803,6505038
2015-06-08,79.61302947998047,81.2042518891865,79.32028474208353,80.88317506310031,5678730
2015-06-09,80.21269989013672,80.6565462749365,79.03227098981398,79.13614956303348,6719184
2015-06-10,79.69330596923828,80.77930607643516,79.5044397684938,80.08993795941242,6214632
2015-06-11,79.55166625976562,81.40258989161211,79.1833749508491,80.22215218158793,7230666
2015-06-12,79.08892059326172,80.67070194467854,78.40427309285262,79.55164924079351,6596406
2015-06-15,78.7112045288086,79.87747186024734,78.50344735489946,79.13616002660227,4985322
2015-06-16,77.48355102539062,80.25048228584134,76.35033638516553,78.75841749564384,13739532
2015-06-17,76.53447723388672,77.60630704166375,75.83093870278253,77.43633177288615,8158962
2015-06-18,78.73951721191406,79.06060272458976,76.97359876664108,77.29467563357622,8334918
2015-06-19,78.91419982910156,79.98131735276641,78.23427304311815,79.23055603405203,10627728
2015-06-22,79.90579986572266,80.38269900705322,79.24004313115017,79.59889330809119,8893092
2015-06-23,81.2939682006836,81.68587092183353,79.90577370006106,80.45821915608344,7067238
2015-06-24,80.1182632446289,82.05889484264209,79.79718637312153,81.40257937639906,8124672
2015-06-25,81.0578842163086,81.8416897090974,80.10881540429084,80.11825655232109,8971212
2015-06-26,81.40729522705078,82.44135168919333,80.84068799894636,81.02011304479676,6327366
2015-06-29,82.33274841308594,83.27709662775945,80.55265976636345,80.63764738801598,10065324
2015-06-30,83.04103088378906,83.47542755410824,82.39415645354305,83.14963005136886,12221166
2015-07-01,83.8531723022461,84.62753688023362,83.1968480474087,83.57458918552865,10567200
2015-07-02,84.99108123779297,85.72295176369836,84.28282222747802,84.28282222747802,11362380
2015-07-03,85.26022338867188,86.38870858902176,84.66528408898463,85.36882252754637,9642438
2015-07-06,87.90438079833984,88.34350655454652,85.27438141783848,85.27438141783848,14890800
2015-07-07,88.0460433959961,89.0753793328827,87.55971184232173,88.5795979847484,10308678
2015-07-08,86.511474609375,89.96305269008336,85.83154771387763,88.03659171188421,21047976
2015-07-09,81.8416976928711,86.57287184670726,81.52062081686188,86.17623984186578,22729302
2015-07-10,83.26766204833984,83.66429407716092,81.5300668949617,81.68588909078179,13542372
2015-07-13,85.86931610107422,86.30371261453737,83.10238564590206,83.57927596685809,11457930
2015-07-14,87.53609466552734,88.08853151600303,85.91181948674172,86.37454813870205,12379488
2015-07-15,86.65785217285156,87.72968186067762,86.13373876413263,87.72968186067762,6911448
2015-07-16,88.57960510253906,88.86290875280916,87.16308685118854,87.16308685118854,9387990
2015-07-17,88.73543548583984,89.76949217559674,88.30103017512995,88.95735439349835,6695742
2015-07-20,90.9782485961914,91.44097733364049,89.02345506078473,89.56173028854286,12488844
2015-07-21,89.92057037353516,91.55428681935871,89.70337207677719,91.12933137463904,6307188
2015-07-22,91.7950668334961,92.35695333631335,89.5853026966279,89.8072214957403,6997932
2015-07-23,91.62984466552734,93.20690576842638,91.15295419754162,92.0264767130502,8923296
2015-07-24,91.1812744140625,92.94720151494857,90.37385734499826,92.07367911324273,9778230
2015-07-27,90.1330337524414,91.979227626828,89.81667750644453,91.08210249043202,6139320
2015-07-28,89.23590850830078,91.12931676260969,88.97148721847853,90.37384341949047,8393730
2015-07-29,89.64671325683594,90.60995257243178,88.54183076359848,89.61838980875231,6921432
2015-07-30,89.4483871459961,90.20858107082522,89.06592557386618,90.04332640867158,9763290
2015-07-31,87.51717376708984,89.87803925080965,86.68615416593092,89.71277598677078,7913964
2015-08-03,85.82211303710938,88.8393037570073,85.41604851610117,88.20187055912595,10713894
2015-08-04,88.15933990478516,88.48042533410468,86.33675774908048,86.69088719021698,13755924
2015-08-05,87.88076782226562,89.80722857310947,87.6069054085734,88.74956079571886,7028724
2015-08-06,88.63626098632812,89.49561300610151,88.0129895558333,88.27741088237309,8748198
2015-08-07,90.2322006225586,90.94045965413284,87.6116422057339,89.0045487525832,11210442
2015-08-10,89.40118408203125,92.50335356930498,88.86762085553022,90.65715944381354,9969234
2015-08-11,87.37555694580078,89.70337070742795,86.33677986759015,89.68448841012366,8983368
2015-08-12,82.1580581665039,87.9185685750346,81.63866526169846,87.71081141311242,15764058
2015-08-13,83.59815979003906,84.40084742776006,81.00592535904222,82.57354469521181,12599136
2015-08-14,82.5121841430664,85.7182409979539,82.16749574640853,84.04674262575918,14301696
2015-08-17,81.70003509521484,83.85786473603255,81.21841552188096,83.00795394478898,9525816
2015-08-18,84.65583038330078,85.17993505824857,81.73307792373585,82.50744214868429,11988600
2015-08-19,83.77288055419922,86.49258828123477,83.48012715165495,85.26966564802608,9754836
2015-08-20,85.18466186523438,86.77588423687615,83.57455719907182,84.89191713424832,16790154
2015-08-21,84.01368713378906,84.51891827551363,81.95501526355952,83.66900739446066,12428550
2015-08-24,77.30413055419922,82.34693254522489,75.8215068255092,81.40259271929219,14335530
2015-08-25,81.47340393066406,82.10138729427838,77.16718536043157,78.40427843607668,15342618
2015-08-26,79.10309600830078,82.80020485044444,78.56954142510531,81.68588129520788,11131890
2015-08-27,83.12127685546875,83.52734997131746,80.09465401144148,81.2136980755627,10730940
2015-08-28,83.43624877929688,84.09524809998436,81.96318468934425,84.00317771262439,12107526
2015-08-31,85.59252166748047,85.96078541776234,82.52042156128864,83.66882135867296,15147240
2015-09-01,83.66883087158203,85.15642813905305,82.49620002722139,84.42958937229338,6153930
2015-09-02,82.28783416748047,84.8850759965446,81.94864571306788,84.78816120705106,10897218
2015-09-03,81.20726013183594,83.43622893612199,80.65970009192004,82.762687676276,7986282
2015-09-04,82.43318939208984,82.84021725005739,79.46769310757605,81.40592649518557,8178066
2015-09-07,80.45621490478516,83.25696663387895,79.81659317874531,81.92442580756811,5877948
2015-09-08,79.58883666992188,81.3090186145582,78.65363518809347,80.92622163596151,6657216
2015-09-09,79.491943359375,81.890511687742,79.24482523570047,80.8244842770939,9907272
2015-09-10,81.37686157226562,81.69667238457863,79.27387368612187,79.46770326042592,15361362
2015-09-11,82.42835998535156,83.13096783081231,81.69183240617532,81.89049752718596,6733848
2015-09-14,85.32117462158203,85.85903703445771,83.08735228336785,83.31994599105225,9196044
2015-09-15,85.24365234375,86.48412263024464,84.41020998367651,85.74758618869697,6176136
2015-09-16,83.57191467285156,86.00924644612456,82.67063293840609,85.42777550422973,8430468
2015-09-18,84.26968383789062,86.00925237531843,83.69790167293262,84.79784858116572,7152396
2015-09-21,84.43444061279297,85.4180952318939,83.7609080331223,84.12917185507155,5070582
2015-09-22,83.4798355102539,85.3696158724367,82.7723834126228,84.99166334901675,5933388
2015-09-23,84.96743774414062,85.72335171072693,83.00981780729225,83.44107658706025,3956502
2015-09-24,85.36963653564453,86.47442792731214,85.04498129051925,85.815428619383,5856360
2015-09-28,85.6216049194336,87.11889097288787,84.91415267522054,85.36963356076542,5234808
2015-09-29,82.16184997558594,85.28241203624522,81.71605793050401,85.28241203624522,9199632
2015-09-30,82.44290924072266,83.34418228543075,81.95349970000503,82.38475858572151,9221190
2015-10-01,82.86930847167969,83.77543472840586,81.89049833806395,83.07767128477472,7917072
2015-10-05,83.4120101928711,84.0855515509737,82.38474716228185,83.34417072895776,6550182
2015-10-06,84.86083984375,85.67005122482291,83.28602562879479,83.72212884578632,8022018
2015-10-07,83.68819427490234,85.38899829407724,82.85959653504369,84.79782975378832,9349692
2015-10-08,82.85478210449219,83.99833772170417,82.06979262008171,83.92565383879744,6175332
2015-10-09,82.22970581054688,83.63492168852707,81.13944752286672,83.24728021238168,6165072
2015-10-12,82.28297424316406,82.66578004781792,81.3235508365019,82.37504460670313,4355766
2015-10-13,83.68335723876953,84.29874787044136,82.96620742437239,83.08249983068336,8031192
2015-10-14,83.56705474853516,84.41019464528684,83.36838966636815,84.20667628278642,4512738
2015-10-15,86.55194854736328,87.03650468176703,83.94986267474823,84.21636721778901,9365970
2015-10-16,88.31090545654297,88.64524949693156,87.06559080185039,87.40477925075349,10406160
2015-10-19,89.01351928710938,89.47869787900972,87.8021242826666,87.8021242826666,6140070
2015-10-20,88.42719268798828,89.70158259150635,88.18976344945574,88.77123439775426,5368296
2015-10-21,87.27880859375,88.60165169014718,86.92992241297459,88.38360004529858,4277856
2015-10-23,88.20915985107422,88.94568750962229,87.72460358190489,87.72460358190489,4399380
2015-10-26,87.58406066894531,88.99897388646927,87.41446201995602,88.19945134094364,5264628
2015-10-27,88.6404037475586,88.8681441795538,86.83299577183469,87.22064604510501,11420244
2015-10-28,88.1316146850586,89.29455660645593,87.35632302830795,89.06197177119356,6413472
2015-10-29,85.19518280029297,88.09284872730136,84.81238582442475,87.89902803525052,12440094
2015-10-30,84.41990661621094,86.20308392719292,83.88204411568083,85.27272668992224,10099650
2015-11-02,84.48773956298828,85.18065859202636,83.49438733879214,84.60403199052841,6053736
2015-11-03,84.96260833740234,85.67006060412174,83.96926496968298,84.99168366289354,4376820
2015-11-04,85.86389923095703,86.36298873549457,84.8317827389064,85.13706037988386,3822780
2015-11-05,86.15460968017578,86.72153849537678,85.39869572069915,85.96078012797646,4922694
2015-11-06,86.84268951416016,87.17218912607377,86.05285577819467,86.41627512019811,4208082
2015-11-09,87.50170135498047,88.26730428769159,85.1370530868856,86.03832608697594,12706644
2015-11-10,84.97713470458984,88.31090398082388,84.50711174347711,87.23033472385366,7105122
2015-11-13,87.80696105957031,87.95232880237023,86.16430734043985,87.12373089390213,6901326
2015-11-16,87.08980560302734,88.42234611781136,86.88145169151254,87.9959317334737,7344072
2015-11-17,84.91898345947266,87.58405549631402,84.51194672593758,87.1237214034114,7002486
2015-11-18,85.67005157470703,86.07708834359563,84.60402444188819,84.89475992106993,3192474
2015-11-19,87.93780517578125,88.18977654897405,85.81543057571322,86.25153385171494,6606444
2015-11-20,88.78094482421875,89.55139224373895,87.249738803997,87.69553094019062,5102562
2015-11-23,87.77304077148438,89.34301060925922,87.61798421282583,88.68401136241758,5525520
2015-11-24,87.93780517578125,88.70340811325913,86.8330048863839,87.73428676462957,5177028
2015-11-26,87.70036315917969,88.69855979000059,87.32241055234162,87.96687662000417,4895076
2015-11-27,87.35147857666016,88.18006759721071,86.304829073413,88.06377517963719,3201420
2015-11-30,87.39024353027344,88.94567126583252,87.0074376705825,87.43869648657827,8882058
2015-12-01,90.38966369628906,90.5059561198773,87.43385578550783,87.43385578550783,9238092
2015-12-02,90.33635711669922,91.76580353168167,89.78880591466947,90.61255048548675,8326290
2015-12-03,89.154052734375,90.70948966825955,88.87785929128371,90.61257486280847,5015892
2015-12-04,87.85057067871094,89.10073860555423,87.60829701945326,88.57740940156994,3626358
2015-12-07,88.26245880126953,89.4496228934718,87.99110092473619,88.86815186952172,5565606
2015-12-08,88.38359069824219,89.72097575305317,88.09769961111382,88.96506168967798,8616162
2015-12-09,85.50048828125,88.73249928425379,84.99170103506172,88.38361305213509,6665106
2015-12-10,87.62283325195312,87.94748848414127,84.04679016178058,85.36963313376438,5594490
2015-12-11,86.5325698852539,88.33028901121091,85.86388182682379,87.7197427255549,5120418
2015-12-14,86.25636291503906,87.41446036939341,85.60706139804546,86.73123912324243,3884490
2015-12-15,86.21759033203125,86.82813652451357,85.43745438291708,86.44533959764718,2252190
2015-12-16,87.5646743774414,88.86813959239504,87.21579713479495,87.22064154298612,4870278
2015-12-17,87.60345458984375,88.78092979845609,87.17704016345608,88.46596338725475,5187336
2015-12-18,87.29334259033203,88.6743363532099,87.0268379795721,87.70521496560542,4418478
2015-12-21,86.97835540771484,88.18006138304082,86.45503512924174,87.74395819346586,3409950
2015-12-22,87.48231506347656,87.9959466258361,87.03167856231505,87.2448857905669,3324306
2015-12-23,87.29817962646484,87.98625424521823,87.05589708189032,87.70520755821701,5128014
2015-12-24,87.61797332763672,88.04438768351511,87.29331815293955,87.32239347221157,3247686
2015-12-28,87.54045867919922,87.99593955268054,87.30786496137327,87.5937560457062,2211558
2015-12-29,87.47261810302734,88.76154129787541,87.24003326069993,88.10254203873804,4788678
2015-12-30,86.4162826538086,87.92325751617163,86.1207027462167,87.47262104181873,3117588
2015-12-31,86.47441864013672,87.37570040104009,85.71366908319816,86.45504100686068,18646938
2016-01-01,86.83783721923828,87.45322790351995,86.34843664030414,86.54225733405886,1657350
2016-01-04,86.39205169677734,86.88146118513001,84.79785086196536,86.14492474828049,3606078
2016-01-05,87.4774398803711,87.97653804035541,85.31145749731462,86.53254978498443,5962272
2016-01-06,88.41265869140625,89.1104220487641,86.8329912302973,87.93779134594449,9086724
2016-01-07,85.69428253173828,89.11042441383472,85.2678681293801,88.75669388130838,5033250
2016-01-08,87.5646743774414,87.947480222511,86.29028448417728,86.44534990900706,4050576
2016-01-11,86.06256103515625,87.46294130771048,85.80574524258382,87.46294130771048,4601892
2016-01-12,86.26606750488281,87.15280719691563,85.51015345931518,86.06254911365741,7515132
2016-01-13,86.82332611083984,87.46294787197462,84.11948903590941,86.92024091867553,9316644
2016-01-14,88.1316146850586,89.13950004961436,85.13704278647755,85.37931643840683,6475314
2016-01-15,90.37512969970703,91.7755009244897,88.15584936312344,88.26729737717949,17947962
2016-01-18,86.89115142822266,91.02444353680183,86.2079212203001,90.181303478384,8199276
2016-01-19,86.81361389160156,87.82634363748244,85.47622894315258,87.02682108784411,5754630
2016-01-20,85.81542205810547,87.39508961085635,84.84630967820901,86.54226077929931,12644868
2016-01-21,84.85116577148438,87.09467729920021,83.87719997645173,86.44536676917845,6498924
2016-01-22,85.59736633300781,86.0867757804759,84.47804185413212,85.18549403494916,4724358
2016-01-25,85.07889556884766,85.92687112984686,84.12431640258959,85.62644682072784,5743554
2016-01-27,84.37142944335938,86.10614442029856,84.20183081008729,85.16609863451892,10432572
2016-01-28,84.20669555664062,85.04013795603171,83.44109262694394,84.45866692727252,13622442
2016-01-29,86.55680084228516,87.85056841206773,83.89657295976666,84.20668607482897,9394056
2016-02-01,85.29695129394531,86.56649692856514,84.47805101724042,86.34844529902216,5548908
2016-02-02,83.59131622314453,85.95070901411196,83.12927326844367,85.8229127714402,5678850
2016-02-03,81.55142211914062,84.28929825492254,81.1532728120538,83.13418194457532,8508744
2016-02-04,81.76769256591797,83.7584298961973,81.02546824282581,82.08719661904833,10128570
2016-02-05,82.8736572265625,83.2177322813545,81.26140336915056,82.26414332911372,4834668
2016-02-08,81.12378692626953,83.86657724039516,80.94683068011369,82.87366558179862,3625992
2016-02-09,81.09427642822266,82.52957391370064,80.28814958017931,80.79935241066372,10934466
2016-02-10,82.3378677368164,82.76551117091445,79.9194961450362,81.47276146830458,4740144
2016-02-11,80.3913803100586,82.33787175939692,79.8310174379009,82.06752772484823,6531510
2016-02-12,75.9724349975586,80.87800429473197,74.94020085085364,80.77969328063756,14008980
2016-02-15,76.65565490722656,79.49184111882774,76.35090252757058,78.61690657722293,9162588
2016-02-16,73.8293228149414,77.0439978254388,71.94672479894425,77.0439978254388,12028806
2016-02-17,76.77364349365234,77.22094373260123,74.22254797112618,74.6157785053488,12109608
2016-02-18,77.63875579833984,78.621838960518,76.76872625477358,77.76655201923549,12523590
2016-02-19,75.28919219970703,77.66333620355148,74.86155322704138,77.66333620355148,10177932
2016-02-22,74.65510559082031,75.69225394346213,73.67694114682557,75.20563107189398,8374212
2016-02-23,72.359619140625,74.90579623113818,71.87790594766112,74.72392579607524,7897014
2016-02-24,75.58903503417969,75.9626133206615,72.65454595757056,72.89540031311051,13869816
2016-02-25,75.12207794189453,75.67260800217039,73.29354951028077,75.54480276481532,12691176
2016-02-26,75.17611694335938,76.38530700097684,73.7309913136842,76.38530700097684,7388796
2016-02-29,75.62342834472656,77.46670340188082,72.74792375574917,74.81730601986548,58759392
2016-03-01,78.02706909179688,78.63165973265242,75.5988601270722,75.62343112849442,5870094
2016-03-02,77.3291015625,80.12104307070986,76.97518904719284,78.54812055913591,6927816
2016-03-03,78.0055160522461,78.29187689423624,76.16387455579377,77.7537083637867,7814532
2016-03-04,80.4988784790039,80.76549464026523,77.70432234866549,78.29680672506582,10276464
2016-03-08,81.06173706054688,82.4392614315027,79.73851953863931,80.95311432185622,9000768
2016-03-09,78.9337387084961,81.17036372782421,78.662177328329,80.3310078046984,11601114
2016-03-10,78.42024993896484,79.86689874290369,77.8425740340667,79.86689874290369,9329226
2016-03-11,79.35834503173828,80.47418941292341,78.5041806500136,78.80042284114573,8007786
2016-03-14,79.46696472167969,80.27669455178034,78.70166941042487,79.68914635650266,6063630
2016-03-15,80.07425689697266,80.9629834287508,79.54596075835178,79.59039527682192,6480744
2016-03-16,80.81487274169922,81.29379825928335,80.48901353724801,81.14074098674537,9897174
2016-03-17,85.40165710449219,85.85095641453898,81.46657697882426,81.72825689611076,24451710
2016-03-18,84.61662292480469,85.30292138288426,84.16238742195604,84.92273736884688,10210908
2016-03-21,85.9151611328125,86.8878204644525,84.95731029268855,85.39180119760934,10117392
2016-03-22,85.97936248779297,87.66793760544697,84.97707697930579,85.46587480176893,8979450
2016-03-23,85.76211547851562,86.89771357322488,85.3375058844975,86.39409822533437,6985866
2016-03-28,86.26571655273438,87.60867853744118,85.27330355527081,86.05834343424605,10564908
2016-03-29,86.30522918701172,87.82100235466415,85.88061055237975,86.65577823227348,9620322
2016-03-30,88.9862289428711,89.61327560629367,86.1126756625633,86.73478616084181,14510682
2016-03-31,89.2972640991211,91.03521883474556,88.76896795249657,89.25776574426104,16855632
2016-04-01,87.6136245727539,88.87265383542238,87.41119663573924,88.87265383542238,5694990
2016-04-04,87.58892822265625,88.61590344617146,86.95694555601455,88.37891333640326,5617644
2016-04-05,87.92467498779297,89.85024914859551,87.29269227618452,88.77390316910957,9844548
2016-04-06,87.90000915527344,88.67517692412474,86.75453860004717,88.57642650089295,10679808
2016-04-07,87.39639282226562,89.2479067344954,87.23346321422751,88.66035844760178,9557472
2016-04-08,88.83810424804688,89.02078755399769,86.9174659733882,87.58894713665792,3622740
2016-04-11,90.57110595703125,90.83278593390612,88.19129630449592,88.19129630449592,6454800
2016-04-12,90.93154907226562,92.8028075251894,90.64517919461898,91.69683541343208,9046572
2016-04-13,91.405517578125,92.13131450801073,90.45261189813765,91.34133840464578,6253500
2016-04-18,95.77510833740234,96.74284078042666,91.34135630471378,91.34135630471378,12232620
2016-04-20,94.22972106933594,95.75536677912322,93.9137251314722,95.59242812469819,7911024
2016-04-21,95.85904693603516,97.26126130003608,94.22971474471781,94.22971474471781,6417180
2016-04-22,95.3801040649414,96.57000887975063,94.82711809184171,94.99498382906138,3955446
2016-04-25,96.60457611083984,96.9699426693343,94.67406578848153,94.8073693443038,3926892
2016-04-26,96.35770416259766,97.15262549194645,95.86397021482531,95.99233760582048,5958750
2016-04-27,97.00448608398438,98.22895291406702,95.88369676372066,95.88369676372066,4711896
2016-04-28,95.06905364990234,97.68586268948516,94.6395078963976,96.96994707324778,7211784
2016-04-29,96.57493591308594,96.92054872337495,94.79748310486963,94.79748310486963,3448788
2016-05-02,95.74051666259766,97.4834163320442,95.38996768765762,96.96992875812688,2469942
2016-05-03,94.19513702392578,96.37745492923138,93.92852088104819,96.26883219834147,5230200
2016-05-04,93.5186996459961,94.99497414508969,93.14839698035698,93.53845334043997,4202982
2016-05-05,92.70404815673828,93.92852426554452,91.75114244583246,93.71127879593676,4213530
2016-05-06,92.74356079101562,93.31629148275944,91.60796269594796,92.13132270202598,7279452
2016-05-09,92.52632141113281,93.81003164785695,92.0918304187179,93.11880584057316,5622882
2016-05-10,91.57341003417969,93.10892802007633,91.35122836466891,92.94106224698568,6334680
2016-05-11,90.80316162109375,91.59313773062497,89.71200717630745,90.70441121717974,6297276
2016-05-12,91.4845199584961,92.16587330550875,90.56123129689321,90.56123129689321,4013010
2016-05-13,91.61782836914062,92.32880777781082,90.79329006327286,91.2672793492509,3274212
2016-05-16,91.11424255371094,91.92396350832432,90.40819011008455,91.6376026392641,4096440
2016-05-17,93.34590911865234,93.66683210752063,91.8350722509217,91.84988074311185,6148596
2016-05-18,92.14118957519531,94.60987740241269,91.87950958765084,93.02991610812232,8779230
2016-05-19,93.14349365234375,93.76066799284273,91.93384387855195,92.012840602991,6125832
2016-05-20,90.89698791503906,93.53847794454421,90.65011639281245,93.24717189887144,4772916
2016-05-23,91.03522491455078,92.04245563223526,89.95887885169076,91.51908657434677,4392420
2016-05-24,88.47272491455078,91.35614999440044,87.94442877303887,90.45261496505236,6197946
2016-05-25,90.59083557128906,92.89165717698252,87.0112493588171,89.31699808711262,4737294
2016-05-26,91.51908111572266,91.9338274056057,89.57376226334071,90.94635044586519,7243644
2016-05-27,99.932373046875,101.18646624776535,93.55822950361932,93.90877855900163,35309520
2016-05-30,98.69309997558594,101.11241761773879,98.11543303470778,100.72236111799407,7861158
2016-05-31,96.82182312011719,99.5324372854056,96.17502286583256,98.69308142036385,13993596
2016-06-01,97.47354888916016,98.35240309470694,96.97981493936457,98.2536526885103,6444396
2016-06-02,99.05352020263672,99.38926076894622,96.6440841806413,97.4340603883234,8659596
2016-06-03,99.98173522949219,102.09986499734637,99.12757088431192,99.93236454661384,11162388
2016-06-06,99.6559829711914,101.16447819195918,99.22999866204549,100.87381118796966,7691856
2016-06-07,97.851806640625,100.45785327272414,97.56615001324158,100.432792132007,7041228
2016-06-08,98.2426986694336,98.7689182839491,97.14013716894466,97.45086405174163,6137646
2016-06-09,99.97673034667969,100.8136677844862,98.92930136301547,99.26006985941623,7902216
2016-06-10,98.91427612304688,100.66833573764833,98.68373381665474,100.13209523228149,5078658
2016-06-13,101.09935760498047,101.5303524076856,98.22769540418999,98.45321818127348,7468200
2016-06-14,99.34526062011719,101.93626663252662,99.04456366839881,101.8360312564396,6453570
2016-06-15,101.33486938476562,101.61551558138741,99.7562104403442,99.7562104403442,5033340
2016-06-16,101.3849868774414,102.23696464163598,100.2924552200013,101.65562147802117,6597216
2016-06-17,100.72846221923828,102.21189614048033,100.33254030818085,101.91119920731242,5262264
2016-06-20,100.71341705322266,101.4852100938534,99.63592587856263,100.22729893260707,3727578
2016-06-21,101.08928680419922,101.45513716408848,100.14209335839284,100.71341566089974,4405194
2016-06-22,101.16951751708984,101.59049151588714,100.5580935047549,101.03420018550914,4655760
2016-06-23,102.62287902832031,103.28942653747971,100.5330402418586,101.33489590431051,4479852
2016-06-24,101.58045196533203,102.67799406620993,99.84141443286823,101.4351138735308,6516624
2016-06-27,104.06119537353516,104.93321469262173,101.89116327212908,102.23696292908068,8603070
2016-06-28,105.4143295288086,105.65488341318961,104.26165485226227,104.42202410851628,7127814
2016-06-29,105.67993927001953,106.3063850871627,104.57236735507051,105.73506275789899,4994928
2016-06-30,107.46406555175781,108.0504282085766,105.35417674802228,106.44670826439018,14095068
2016-07-01,109.44866943359375,110.48606831062946,106.94786907827302,107.74973365622714,6395178
2016-07-04,110.87196350097656,111.25785541728315,109.75437088461716,109.75437088461716,10156236
2016-07-05,110.0500717163086,112.03968378514033,109.4937805315444,111.00728604424674,11752260
2016-07-07,111.66880798339844,112.3604071948071,109.20308968990959,110.17033384880507,15105402
2016-07-08,111.72894287109375,112.65107508559231,110.70155573560665,112.37042894360512,17025198
2016-07-11,113.59326171875,115.26714537211981,112.27019722489715,112.95177562547163,18865734
2016-07-12,112.31533813476562,115.86857857819155,111.5686060395836,113.48304418804824,22119798
2016-07-13,109.37351989746094,112.86160682244392,108.97258751796076,112.24016209304584,11222685
2016-07-14,110.93711853027344,111.54854236233733,109.50379769361992,109.50379769361992,4710903
2016-07-15,111.20775604248047,111.83921228285703,109.6541490493945,111.05740757066845,7296570
2016-07-18,111.48841857910156,112.81148348963012,110.57630683018598,111.45834704502376,5087847
2016-07-19,114.69583129882812,115.06669207986994,111.06742646822657,111.37814419094829,8744865
2016-07-20,115.16691589355469,116.87086198195772,114.2648251685399,114.2648251685399,6950838
2016-07-21,115.5177230834961,118.39439438565226,114.9263592409511,116.71048990462484,8300904
2016-07-22,116.91095733642578,117.26177652298564,113.974152012034,115.80840503598161,5877606
2016-07-25,118.97575378417969,120.64963771212517,117.35199213098183,117.67273981850535,9220002
2016-07-26,117.94336700439453,120.44917795354662,117.37204464071361,119.1762263217329,6438093
2016-07-27,117.97345733642578,119.5471061658766,116.76063939476077,118.00351969466658,6539757
2016-07-28,117.03125,118.85547316613433,115.27718149856594,118.16387389081702,12794370
2016-07-29,118.80537414550781,119.6773935192591,116.79070078499346,117.79302707264571,5296830
2016-08-01,119.19625091552734,120.98039077349439,118.3242317291973,119.66734701420063,6665085
2016-08-02,116.13919830322266,120.21864911040646,115.69817361816162,119.5871927927115,8036001
2016-08-03,114.84619140625,116.88091551606976,113.81380276177967,116.26949161633007,8537019
2016-08-04,114.12452697753906,115.88861657391543,111.85927879665644,115.11683253730664,7452468
2016-08-05,117.58253479003906,117.8331186545238,114.97649747026172,115.42754292040837,8297040
2016-08-08,121.63191986083984,123.82700398993622,118.07366945542456,118.89557569986093,24490668
2016-08-09,119.4067611694336,123.03516615347385,118.75524499073636,122.0729414154579,14751804
2016-08-10,116.98113250732422,121.18086895713502,115.9487439441702,119.78764038900032,12475206
2016-08-11,119.6473159790039,120.27878141675039,116.46995639740089,118.07366736526238,12648321
2016-08-12,116.25946807861328,119.17623227935391,115.25714181353764,118.11376295128737,9017328
2016-08-16,119.5571060180664,120.77993535515596,115.90865039890667,116.26948122351267,9808143
2016-08-17,117.74288177490234,120.03820072947215,116.98110959984187,119.47689926305213,5871177
2016-08-18,117.6927719116211,119.65732266283986,117.27179806158017,117.89324264138662,7606128
2016-08-19,118.9156265258789,119.29650811715732,116.53009242312906,118.07366953456716,7811124
2016-08-22,119.7776107788086,121.36128001717377,119.02586847094273,119.27644312253679,9868461
2016-08-23,115.48764038085938,120.69971296228165,114.56549909786155,120.47920071685739,11280069
2016-08-24,116.62026977539062,117.45219653960213,115.27715467339134,116.26945065081469,10981716
2016-08-25,119.92798614501953,120.27879624187703,116.49001232494912,117.67275871548432,16940337
2016-08-26,119.42679595947266,120.66967600890936,118.89556593265736,119.85779979259515,9223407
2016-08-29,120.03825378417969,120.6396478228248,119.05596890138722,119.66739290347591,7354326
2016-08-30,121.9326171875,122.55406185341528,120.5794808685265,120.84008551209834,8935185
2016-08-31,120.80000305175781,122.27341643954468,119.7976767118925,122.08297562792094,29762541
2016-09-01,117.63263702392578,121.67199464008976,116.97110013915454,120.33890926364916,11173824
2016-09-02,117.62261962890625,118.47459737275243,116.53008799755986,118.27413579983558,7794672
2016-09-06,119.99815368652344,120.25874918827974,118.02357243849843,118.7753149381067,6827253
2016-09-07,118.23405456542969,120.26876954498033,117.6827737175674,120.25873958298759,4939659
2016-09-08,117.71282958984375,118.88554580423758,117.16154881532432,118.27413114847927,6330264
2016-09-09,117.98345947265625,119.27645267512173,117.28183020360889,117.69278330992401,5477118
2016-09-12,113.44290924072266,117.39206101655877,112.88160778198397,116.33962192849133,8236623
2016-09-14,115.33734893798828,115.96880528957503,113.5431877446378,114.58560644653352,7191990
2016-09-15,113.89399719238281,116.22940929550997,113.3427163096436,116.22940929550997,5802084
2016-09-16,115.8585205078125,116.65035512487736,114.08441050130219,115.26715662333694,34517982
2016-09-19,117.31190490722656,117.79302187111611,116.23942399392097,116.46995710282698,6450138
2016-09-20,117.42218017578125,118.26412811717937,116.8308069535964,117.67276407153884,6279582
2016-09-21,117.63263702392578,119.35662471993201,116.29954247094356,118.27412316527595,5321154
2016-09-22,120.03825378417969,120.37904312764226,118.0135592972019,118.87555803102951,7755264
2016-09-23,121.2109603881836,121.91258059139234,120.39907483194763,120.53940254320699,6251616
2016-09-26,124.77922821044922,125.27036600838363,119.33661093699199,121.28112055718414,9488160
2016-09-27,122.4337387084961,126.01203878906031,121.96265184145027,125.9318450043651,8364234
2016-09-28,123.54637908935547,124.23797854342965,122.17319179127524,122.68438038014365,4161453
2016-09-29,122.31349182128906,124.85939504960005,120.35896169396452,123.4260741797677,13435797
2016-09-30,122.80461883544922,124.02745724465808,121.08062195770121,121.28109268635019,5275098
2016-10-03,125.84164428710938,126.3929249593207,123.28572080696497,123.48618233479613,5511669
2016-10-04,127.78617095947266,128.09688866486832,125.90180480672085,125.9418971178512,4858818
2016-10-05,130.28195190429688,130.712955720171,125.69131344999697,127.83628421608233,5038164
2016-10-06,134.45164489746094,137.0376408092108,130.7029533628284,131.0437426681092,10077342
2016-10-07,133.01828002929688,136.29587425830428,131.50477481364766,135.29354824400917,5750160
2016-10-10,131.8656463623047,133.68987898790448,130.96355542335328,133.10852659975703,4705734
2016-10-13,131.7252960205078,134.40149665773635,129.4800900009648,130.90338991776292,9780993
2016-10-14,133.67982482910156,134.7923978701278,132.106176471587,132.49707877692623,5224341
2016-10-17,132.12620544433594,135.25345111860523,131.52481169249413,135.07304033428503,6081093
2016-10-18,131.6551513671875,133.0283292151892,129.50015043515717,132.50711994353188,5267634
2016-10-19,132.4269561767578,134.25118891495768,131.46473128840952,131.91577678572582,5475876
2016-10-20,132.73764038085938,133.30897187415846,131.11387883661283,132.50710729742445,4646502
2016-10-21,133.96047973632812,134.61198667993958,132.64743588883408,133.30897279271665,3965844
2016-10-24,137.55882263183594,137.909632652737,133.71992643984277,134.21106413972103,5641779
2016-10-25,137.4084930419922,137.81944617505368,134.9728457756117,136.53647367358374,5356071
2016-10-26,135.5241241455078,137.60895212839563,134.49172635075885,136.99753742075384,5726604
2016-10-27,135.63438415527344,136.36607583288662,133.33905538721189,134.11084855891386,6855798
2016-10-28,134.12086486816406,135.61432888238747,133.579614011091,134.91269958394136,5632266
2016-11-01,135.54415893554688,136.28588051682385,133.73997725776567,134.52179115344603,4520814
2016-11-02,132.33673095703125,134.31130272249638,131.3043331900782,134.31130272249638,4199952
2016-11-03,129.10926818847656,133.10853458719407,128.45776108565346,133.04840069358167,5728524
2016-11-04,128.9989776611328,130.18171458807177,126.69363768485489,128.89874229641057,5656077
2016-11-07,132.32669067382812,133.60966292840658,129.62041849342447,129.90106465937663,4872915
2016-11-08,132.41688537597656,133.89029827538482,131.17400553125046,131.70523547056865,4135614
2016-11-09,132.29664611816406,134.11084872483738,125.61114892306543,127.29505379169044,5701092
2016-11-10,133.21876525878906,134.90266995878684,132.0059567140372,132.0059567140372,6838788
2016-11-11,130.22178649902344,132.40684904728494,129.2896244307916,130.3019711019729,8564676
2016-11-15,129.01905822753906,131.26425566865424,124.5988088460909,129.56030913375795,19785117
2016-11-16,127.12464904785156,132.51715270775784,126.12232279834407,130.30201784463003,10973214
2016-11-17,127.395263671875,129.05912675675228,124.51860125275641,127.29503747900269,13619667
2016-11-18,128.80853271484375,129.65048038627515,127.09455666934386,127.52556046478571,10984683
2016-11-21,127.06451416015625,129.80084910784137,126.30274181179821,129.64047984567878,9408087
2016-11-22,128.47779846191406,129.21952014574725,127.0945904823868,127.19482587052595,8587329
2016-11-23,127.07452392578125,128.89874706605255,125.17010698483976,128.29735320854914,9209448
2016-11-24,127.91649627685547,129.07919190359223,125.60113498573504,125.9118527581738,8038728
2016-11-25,128.17709350585938,129.76076298667164,127.33514566277091,128.49784122203891,4451607
2016-11-28,130.5626220703125,133.05840313649284,128.3073948985075,128.49783569235709,12447963
2016-11-29,129.0591583251953,131.83558605402604,128.698318248274,130.90343267897728,7684374
2016-11-30,129.08920288085938,130.5024822812505,127.41532800996431,129.39992980623202,76838898
2016-12-01,126.07221221923828,128.2973679117001,123.99740500838257,127.6558816686169,9648663
2016-12-02,121.91255950927734,125.23025583958375,121.37130868308022,124.28807269763982,14752566
2016-12-05,121.12071990966797,123.67664381838797,119.90791140398068,121.26104759095008,8166354
2016-12-06,122.87479400634766,123.4761878946817,121.30114544166793,121.88249776121349,6772569
2016-12-07,126.72370910644531,127.09456988826845,123.36592967812526,123.48620661847652,8027163
2016-12-08,127.90645599365234,128.66821912991605,126.73373975986902,128.4978290909561,5348127
2016-12-09,127.22489166259766,127.89644946207851,125.35054596590774,127.8563571439411,6470070
2016-12-12,122.65426635742188,126.65354072081986,122.28340561577149,125.87172692841158,6398667
2016-12-13,126.02210998535156,126.49319704085299,122.18321298082533,122.70442231887992,4686300
2016-12-14,124.40834045410156,126.89410043981013,123.917202762431,125.67126201416515,4862082
2016-12-15,123.41604614257812,126.45308714614492,121.9626836814037,124.26802388559051,8331282
2016-12-16,122.5039291381836,123.63655303328353,121.08062909299221,122.2834168295999,6771279
2016-12-19,122.65426635742188,124.88945159046578,122.30345635859591,124.06754548894999,5986500
2016-12-20,122.69437408447266,123.89716186192435,122.11303094109086,123.16547024636107,5768442
2016-12-21,123.0451889038086,123.55636818502022,120.75989037306455,122.60416428743609,6451359
2016-12-22,122.4337387084961,123.41601392320541,121.46148427567108,123.24562392501103,2523849
2016-12-23,122.4638442993164,123.53633437896488,121.73215266394492,122.23331119260288,2547054
2016-12-26,120.72985076904297,122.49394052446986,120.35898989598483,122.48391973777764,2446068
2016-12-27,123.39598083496094,123.67662698277985,120.51930964297762,120.88014958099991,3327189
2016-12-28,123.31581115722656,124.18783040710122,122.3535773236492,123.48620118776181,7007838
2016-12-29,128.22718811035156,129.29967809476412,123.09529880415693,123.38597494617649,14972490
2016-12-30,127.395263671875,127.9866367512985,126.2927113144848,127.40529363239592,4676346
2017-01-02,128.39761352539062,129.24959138124544,127.7761688028338,128.29737813748307,3380304
2017-01-03,130.4122772216797,131.9057320831077,127.61578994488714,129.09923319778278,9472155
2017-01-04,131.39453125,132.4870627642141,128.6682082679118,130.26190742550088,8356224
2017-01-05,134.85255432128906,135.20336435264514,130.90340186048243,131.20409879494252,7441497
2017-01-06,133.27890014648438,136.51640244645537,132.61736324815354,134.51175936071445,4953354
2017-01-09,130.92344665527344,133.84021066203795,130.5024727719627,133.1586321506696,3520716
2017-01-10,132.36680603027344,135.51409416230578,131.96587368970637,132.25654986603107,5889747
2017-01-11,132.487060546875,133.50942820684435,131.24418059575788,132.70757283802277,5018715
2017-01-12,132.1663055419922,134.05067151866157,131.73531094347928,132.70756545648717,3147279
2017-01-13,131.83558654785156,133.2889584708664,130.50250076862397,133.2889584708664,3556449
2017-01-16,133.930419921875,134.53181382289512,131.4246181186529,132.8378882801246,3933180
2017-01-17,133.29896545410156,134.80245033031088,132.71762225102088,134.3012917637556,2637174
2017-01-18,131.39453125,133.1385696887516,130.36213361294256,133.12854890531577,6318378
2017-01-19,135.0930938720703,135.6543953686412,131.12390026404182,131.72529406918625,5453529
2017-01-20,133.2588653564453,135.51409253910353,132.70759371837968,134.71223704411713,4089552
2017-01-23,135.7245635986328,136.71685973864314,132.6073383292373,132.70757369218822,5101446
2017-01-24,136.7970733642578,137.95976895016355,135.05303457367089,135.71457159164163,5566491
2017-01-25,142.5704345703125,143.99373457027548,135.84484607839843,137.51872990770588,10893219
2017-01-27,141.2774200439453,145.69765865937103,138.58116891513734,142.93125287846402,5733753
2017-01-30,141.25738525390625,141.92894291638564,139.262763009718,141.60819526017724,2928624
2017-01-31,136.64674377441406,141.42783369638002,135.72461114775956,141.42783369638002,6823653
2017-02-01,138.87188720703125,139.7639481563239,134.95279663043954,136.726916096844,5528706
2017-02-02,140.7061309814453,142.9312958970189,139.20264613391896,139.32293226295567,4782462
2017-02-03,140.04457092285156,140.68605703172028,138.08002028797492,140.5256877986384,4896420
2017-02-06,141.39773559570312,142.5905026554053,140.12478390322914,141.00682404026188,3632685
2017-02-07,143.6629638671875,144.92589460132413,141.13711157545592,141.86880313145832,6836934
2017-02-08,144.4347686767578,145.73778265138262,143.1517962709358,144.07392867288303,7005252
2017-02-09,145.70773315429688,146.13872786355148,144.5450375883317,145.33687233329883,5934867
2017-02-10,143.4424591064453,146.94056617982568,142.73080908021842,146.94056617982568,7534047
2017-02-13,143.24200439453125,144.1140237144323,142.33991354431444,143.3322098089359,2897595
2017-02-14,138.73155212402344,143.6930518710479,137.67911278374552,143.67300112503693,5446899
2017-02-15,135.25347900390625,140.2851423219028,133.9103727440134,138.72152375066605,9680544
2017-02-16,134.19102478027344,135.74462263497463,132.70759077101346,134.42155788584165,10280532
2017-02-17,136.11546325683594,137.00753319302228,133.31898569755,134.4315679219987,5836983
2017-02-20,140.3753662109375,140.726176269571,136.32597806493442,136.81711581763847,5841243
2017-02-21,141.1170654296875,143.73313238854777,140.5457430985979,141.32755695108253,4876872
2017-02-22,143.19187927246094,143.9335916242328,141.0469084871427,141.32755466792685,7402581
2017-02-23,143.86341857910156,144.66528311168597,141.6583140558477,143.33218860277566,9037395
2017-02-27,141.86880493164062,145.29675720306855,140.50564799127272,143.1317356818027,6559227
2017-02-28,138.12728881835938,143.24998064895215,137.70469146611597,142.23987266648476,15042585
2017-03-01,135.94215393066406,139.53937916715722,134.6949807171733,139.14770540274978,10965873
2017-03-02,130.93284606933594,137.16873164370995,130.0464323670935,136.45752652632004,17818512
2017-03-03,130.4483642578125,130.9843417256195,126.8305210683929,130.6751246816197,23674239
2017-03-06,131.42758178710938,132.63352667758096,130.3659407368905,131.37604874554387,9895818
2017-03-07,133.14889526367188,133.72610118996386,131.6852662875943,132.13878725180035,6908280
2017-03-08,131.7264862060547,134.06623336164162,129.89180246074554,133.06643013457742,6447222
2017-03-09,130.28347778320312,132.839671280545,129.96394651861746,132.78812880491913,6311064
2017-03-10,128.50033569335938,131.30389929057424,127.83035895764074,131.08744352613138,7306419
2017-03-14,131.25234985351562,132.13877280639753,129.66503608887717,131.10804602857849,9366018
2017-03-15,131.2111358642578,132.72629788186805,130.45870249769033,130.95345178252737,4512816
2017-03-16,133.5302734375,133.87040474735292,131.32452510153374,131.7265036149372,5624442
2017-03-17,132.36557006835938,133.99411260200725,131.53067991942984,133.99411260200725,6703974
2017-03-20,132.67477416992188,133.58180672544145,130.97407987133408,131.9326454722005,3582735
2017-03-21,132.32432556152344,133.78795470998412,130.65455478530737,132.3449444425784,5581119
2017-03-22,132.96334838867188,133.68485807583474,129.46919905447598,131.24203552130913,5892471
2017-03-23,135.03514099121094,136.05555387061693,133.60243540910156,135.02482683213802,11486508
2017-03-24,136.4315643310547,136.9145425271621,135.46560793883984,136.49456566648357,5505504
2017-03-27,135.0561065673828,137.3135132354771,134.5941224487447,136.4525559407243,5589924
2017-03-28,135.64410400390625,136.1585828992181,134.39465113843977,134.70963860955536,3425301
2017-03-29,135.04559326171875,136.59952654700433,134.61510985993752,135.9695517749003,4163748
2017-03-30,134.53114318847656,135.7595923334643,134.06915902706092,135.04562205454243,9312888
2017-03-31,136.4630584716797,138.17448572555833,134.82511995541418,135.2346093908074,7375137
2017-04-03,134.05862426757812,136.40002585803262,133.68063558507848,136.2845298501939,3026667
2017-04-05,133.92214965820312,135.0876069699621,132.5467039350407,135.06660332249513,10093317
2017-04-06,135.6965789794922,135.99057236986548,132.81969446914977,133.9326570878658,5526771
2017-04-07,141.81785583496094,142.68931986221878,134.93012937884023,135.0246217720978,15781053
2017-04-10,147.05714416503906,148.01260355087933,142.79431649345543,142.79431649345543,15483084
2017-04-11,149.1780548095703,149.8500273799296,147.0361344312688,147.8131060200965,10697775
2017-04-12,150.6270294189453,151.54049126505544,146.62668424224702,149.80805997970128,6569679
2017-04-13,153.52488708496094,155.80329767554068,149.3145540345971,151.37247916932833,9633930
2017-04-17,151.98146057128906,154.97384166025745,150.91050505145245,153.08391676196163,4634016
2017-04-18,152.075927734375,154.66932552946454,151.64544427146868,152.3489174818925,5230545
2017-04-19,151.80294799804688,153.65087502132064,149.45104874241545,151.90794701944844,5492082
2017-04-20,151.46697998046875,153.26241245904495,151.1939901906697,152.29644636914335,3699786
2017-04-21,150.31202697753906,152.73742476845428,149.76604740562482,152.12845346910674,3636798
2017-04-24,150.11253356933594,151.19398606710482,148.26460643211655,150.3960203706808,4247748
2017-04-25,155.25729370117188,155.77177250075314,150.56398317737833,150.56398317737833,7337697
2017-04-26,153.66139221191406,156.42278111191612,151.71896305209904,155.7928061655231,3972912
2017-04-27,154.55384826660156,155.06832715850723,151.9814538070731,153.67188719837887,3351435
2017-04-28,151.03646850585938,155.33079637519285,150.51149267460315,155.18379968188594,4010133
2017-05-02,155.36233520507812,156.02381087479947,151.45649214420035,152.66393781396766,6627813
2017-05-03,154.5958251953125,158.2391842504248,152.97889037892858,156.23376365938353,7422234
2017-05-04,153.60888671875,155.6038105713185,151.1519882916332,155.6038105713185,5293185
2017-05-05,152.19142150878906,156.44375176120494,151.19396453034142,154.3438387913902,7678389
2017-05-08,150.27001953125,153.20989603314757,149.11505912232556,152.45392806444974,5539539
2017-05-09,151.48797607421875,151.8239672095509,149.1675772484292,150.66901630636605,3841134
2017-05-10,152.9263916015625,153.29387371873543,151.2884531811601,152.8318992211233,4519719
2017-05-11,153.43040466308594,154.42786182021382,152.2439530939088,153.76638618436897,4014561
2017-05-12,153.95535278320312,154.54332995188093,152.24392558987614,153.4198799272318,3019362
2017-05-15,152.84242248535156,154.55384993296232,151.82396170948581,154.2703631303096,2519025
2017-05-16,153.98687744140625,154.34386260522774,151.82396280759136,152.6639262025852,2614563
2017-05-17,152.75843811035156,154.1338841465251,151.92897168072918,153.90289203508766,3423087
2017-05-18,150.12303161621094,152.76892446797058,149.3040622635424,151.65597129295313,3143223
2017-05-19,147.50860595703125,151.70844145684563,146.99412714166422,150.19650567549215,3208638
2017-05-22,146.07015991210938,147.20411648760754,144.16973847375064,147.20411648760754,4520811
2017-05-23,146.899658203125,148.2541004895429,144.55824619792614,145.77619839886017,5377980
2017-05-24,149.49301147460938,150.5009653163032,145.15668652051818,147.6240812389791,7050066
2017-05-25,152.6324005126953,153.92384117583003,148.4640659282198,150.08100062397435,10675392
2017-05-26,157.4202117919922,158.3231763709626,147.6241010988524,151.63494219873104,11422914
2017-05-29,158.5121612548828,161.53603261836608,156.86372590577898,158.33366390817517,12864804
2017-05-30,155.1313018798828,156.43324922097534,152.39090752445617,156.18126313404895,7421124
2017-05-31,155.95028686523438,157.10523763285352,154.97382385742304,155.4358080095323,6592494
2017-06-01,155.18380737304688,156.82174588996583,153.07339731343814,155.26780274119855,4509996
2017-06-02,152.20193481445312,155.39380689813322,151.79244537496473,155.14181117860485,3975357
2017-06-05,152.9894256591797,154.88984759298123,151.96045820819376,152.24395463546574,4039431
2017-06-06,152.35943603515625,154.55384159201867,151.96044359398155,153.50388981569782,4600956
2017-06-07,150.6270294189453,152.7479369645923,149.30407804688525,152.66394157789895,8595087
2017-06-08,148.63980102539062,153.19246211207627,148.29282920617555,152.42492714175825,6691548
2017-06-09,147.98793029785156,149.58609932948644,146.25308063329885,149.13398185875718,5840328
2017-06-12,147.55682373046875,148.60825082102454,146.98905868469103,148.22973437312396,5218104
2017-06-13,146.9890594482422,149.0183030586148,146.6420876402098,148.60825159298673,2471295
2017-06-14,145.51705932617188,147.24138732509155,144.97031765843911,146.9890494597099,5689032
2017-06-15,140.97491455078125,146.14792793251198,139.5239572435906,145.5170735811861,13449645
2017-06-16,141.68991088867188,143.76121116338314,140.99596715515173,142.38384499611723,14039070
2017-06-19,140.29148864746094,142.72028168878032,140.04966243574052,142.36279820718406,6110037
2017-06-20,139.7867889404297,141.27981199789434,139.2505685859786,140.4807324886278,6585135
2017-06-21,137.6103515625,140.25993772692374,136.92692927187946,140.25993772692374,8037780
2017-06-22,134.96078491210938,137.65242777778442,133.95141402444415,137.1477423339518,10208172
2017-06-23,132.63711547851562,135.85447623234742,132.18500772608704,135.63367337874368,5273571
2017-06-27,128.70481872558594,132.26915212300779,125.96060765968586,132.26915212300779,28287252
2017-06-28,129.6826171875,131.3438655892044,127.98982414503963,128.27370665969772,10596600
2017-06-29,131.6488037109375,133.17337176628934,129.74572877964576,129.8508647654807,15832566
2017-06-30,134.45608520507812,134.85562499812383,130.87072911349654,131.2282125928571,12922401
2017-07-03,136.5484161376953,136.96898889458964,134.60328518594602,134.60328518594602,10764759
2017-07-04,138.19915771484375,139.83938286043644,135.8334539237428,136.20144908255628,22330908
2017-07-05,139.22955322265625,139.5765250406273,138.02042213497853,138.3673843268761,5161158
2017-07-06,138.79844665527344,139.62907077594392,138.26222631847563,139.60804743485124,7229721
2017-07-07,139.6185760498047,140.8382283894282,138.59869360516558,138.99823339513435,10959354
2017-07-10,139.7658233642578,141.06958875414816,139.22959316210904,140.4702788745018,1460856
2017-07-11,142.63616943359375,143.16187817235647,139.6816676471652,140.65948416857066,11229114
2017-07-12,143.77169799804688,144.46564161167632,142.62564660662113,143.83478728149433,9404598
2017-07-13,144.63914489746094,146.91022468505102,143.33012388667382,144.46566378046884,7751906
2017-07-14,145.3488311767578,146.4843708756223,143.86632930346977,146.0112301366015,5322378
2017-07-17,147.44644165039062,147.93534993728048,145.09650526897445,145.41193245434178,4081512
2017-07-18,147.80918884277344,149.82792101118295,146.46862323372602,147.44644948554017,5595054
2017-07-19,148.2034454345703,149.18127150553133,146.86288007346621,148.2507575809242,5090296
2017-07-20,147.36756896972656,148.7239018701814,146.1847171520952,147.88802184426982,3599056
2017-07-21,147.351806640625,147.90380421097763,145.53810033803788,147.36758377542216,4011048
2017-07-24,147.05213928222656,149.11818323762824,146.64207821687617,147.0205946424192,5182362
2017-07-25,147.27296447753906,147.80919459244672,146.27937067739808,147.06793871339485,8360884
2017-07-26,148.69236755371094,149.0551068777554,147.14677632990836,147.14677632990836,6456672
2017-07-27,150.5218505859375,151.40504281861675,148.58196577396527,148.69236720956852,7113370
2017-07-28,150.01718139648438,151.5627727837363,148.06152886497415,149.5124959406681,7454950
2017-07-31,148.61351013183594,150.8057328272117,147.8249422019991,149.0551062473299,6001224
2017-08-01,153.1714324951172,153.59726109098537,148.88162114702226,148.91316578858158,6984958
2017-08-02,153.39222717285156,154.40159795578032,152.88755140746036,153.1714339320112,7148256
2017-08-03,154.55934143066406,157.3035621595569,153.01374994157243,154.33853852104738,12424750
2017-08-04,163.35975646972656,165.75699551658553,154.87475699075833,155.00092594700234,10812720
2017-08-07,166.450927734375,166.86097922040398,162.3030525916478,164.0221345833839,9363506
2017-08-08,159.30650329589844,166.7190424859563,158.5810245873012,166.45093706717526,8597082
2017-08-09,156.43609619140625,161.5617872903898,155.5055822645464,158.18671299324546,6241150
2017-08-10,151.878173828125,156.13644038405374,148.75544694565846,155.78946859131906,9696100
2017-08-11,152.7613983154297,155.17442424170522,148.89741488257445,149.87524118671604,8423938
2017-08-14,150.88458251953125,152.50903045333357,146.7682523438544,152.50903045333357,9685338
2017-08-16,152.6510009765625,153.99156660893377,149.51249641034593,151.3577475001189,6404160
2017-08-17,155.72642517089844,159.0699460622948,151.45238048722763,152.98220445701276,9280626
2017-08-18,158.75450134277344,161.37255280310603,153.92846917203076,155.5056051266622,11946308
2017-08-21,157.00387573242188,162.69733236812053,156.1679956472078,159.70077421752683,8719356
2017-08-22,160.97828674316406,161.81416696699887,155.66333605889656,155.66333605889656,9180118
2017-08-23,160.77325439453125,162.4292472635847,159.6377145019654,162.4292472635847,6142666
2017-08-24,160.3000946044922,162.2872819617578,159.05415340955562,160.9782611073004,5855832
2017-08-28,160.2370147705078,160.82055700541838,157.87131081228182,160.33163907840725,6220854
2017-08-29,159.0068359375,163.53321768433,158.17095587475083,160.2369999568359,7745342
2017-08-30,164.32179260253906,165.37846595037885,160.2370067877372,161.15174368079894,8234412
2017-08-31,166.86099243164062,168.58007455948524,163.0443309294324,164.17986117328724,11927368
2017-09-01,169.51055908203125,170.2833402022424,165.63078971308667,167.80724476141432,7310390
2017-09-04,167.53916931152344,172.2547906716972,166.38785230090406,169.51058936248202,8962268
2017-09-05,170.09410095214844,170.8038120826859,166.38783171489717,167.20793465377074,4018344
2017-09-06,168.72201538085938,169.47902910239154,167.09755761540484,169.47902910239154,3691782
2017-09-07,165.31536865234375,169.93638429743888,164.63721180225886,169.69981392486702,6529362
2017-09-08,161.92454528808594,166.45093715571156,161.24638835992388,165.59927986597114,6425078
2017-09-11,161.57757568359375,165.22075582368743,161.02557810927203,163.70670918454886,6053096
2017-09-12,168.39080810546875,168.80087887957387,161.6722123929599,162.7289050961669,7914244
2017-09-13,157.7766876220703,170.4568647784175,154.243899168997,169.0689774122339,17962048
2017-09-14,157.87130737304688,165.56773845033422,153.62880784995505,164.0221375304383,31656128
2017-09-15,156.84619140625,158.65989799365258,154.95362801069948,157.71361629587733,10685170
2017-09-18,157.06695556640625,159.85847818523146,155.61598872926578,158.97528600231442,5703140
2017-09-19,159.89002990722656,160.30009100222773,155.7106199214703,157.366612557336,7939846
2017-09-20,155.91563415527344,159.92156275316842,155.34786914385688,159.92156275316842,12619394
2017-09-21,156.49917602539062,157.71357245853588,154.79587136805296,156.13643673395052,10910736
2017-09-22,155.1901397705078,156.84613211561995,152.38284038686538,155.8367615024563,9620876
2017-09-25,153.66033935546875,155.34787658983177,150.8530395514458,153.83383006943623,7274742
2017-09-26,148.01419067382812,153.15564938702906,145.11225703288392,152.35131400204364,18420112
2017-09-27,146.86289978027344,150.30105418371016,145.9323857308052,148.8816318461935,11097560
2017-09-28,145.99545288085938,146.7997882330596,141.75295402048462,146.13738931744464,13692558
2017-09-29,148.66082763671875,150.14333924863686,145.7589033260448,146.9890674156823,12056308
2017-10-03,151.04229736328125,151.9412666937344,147.3044835952326,150.45875519256091,6540366
2017-10-04,153.34490966796875,155.63175654455125,150.25372739556914,155.5844443964572,9858378
2017-10-05,151.4365997314453,152.90333427738017,149.89100838598625,152.0674541276387,5856194
2017-10-06,154.43316650390625,155.44252781701107,150.82152103904417,151.40506331244248,4993610
2017-10-09,151.79931640625,155.20592578634037,151.2788635323574,153.29759537337662,6073230
2017-10-10,152.1305389404297,152.74562584796539,150.1748960216864,152.03591462822783,6351158
2017-10-11,154.3542938232422,156.45188266357744,151.1842448605638,151.73624243044537,12012196
2017-10-12,155.06399536132812,155.8998754186312,153.45531490372096,154.63816676577432,4643356
2017-10-13,154.14923095703125,155.8209907727885,152.6667197045134,155.3163054766502,6494000
2017-10-16,157.20892333984375,158.02903603088765,154.24390941936937,154.5593366369959,8298660
2017-10-17,161.7352752685547,162.28727279506853,155.83678356337762,157.08272468793805,8898506
2017-10-18,162.00338745117188,163.84864795424994,160.23700299305202,162.05070922771745,5375658
2017-10-19,160.28431701660156,162.9023683441832,159.22763405536386,162.9023683441832,412600
2017-10-23,161.2779083251953,163.89594998827602,160.26854715587157,160.8520893461457,4281146
2017-10-24,160.75743103027344,162.87078697503014,159.38532112241143,161.9718273769116,4140328
2017-10-25,160.8047637939453,162.44498889143367,159.2907172624738,162.44498889143367,6380212
2017-10-26,169.21095275878906,170.28339386159158,160.69441697628244,160.8678981140143,14973218
2017-10-27,166.52980041503906,173.09068257378408,165.07882368864358,170.7880677767631,18156626
2017-10-30,169.14781188964844,173.97384351131558,165.47307783258614,166.07239712801848,6843452
2017-10-31,170.8353271484375,171.70275176224024,166.23009871783344,168.92699684850035,6390978
2017-11-01,170.26759338378906,171.87628360476006,168.45388704051976,170.96153705251294,4928758
2017-11-02,171.22964477539062,172.41249675436444,168.9112625974612,171.87628592561478,4972752
2017-11-03,168.1542205810547,171.43467092706808,167.5549204952474,170.39376509201574,4452146
2017-11-06,165.34693908691406,168.20155134463053,164.33756821481953,168.18578383534663,6772472
2017-11-07,164.46372985839844,165.6150274476459,160.36316712904954,165.59925993998561,8327804
2017-11-08,164.08523559570312,166.2774585169319,161.2463907558195,165.58351481675282,4610162
2017-11-09,164.7003173828125,165.91470438132225,162.44500524026796,164.22717659085055,4520122
2017-11-10,161.53025817871094,162.85505624256407,160.25278189476785,162.760431934892,5373388
2017-11-13,157.90284729003906,163.32818897798856,155.6160002486987,163.13894037197787,8779378
2017-11-14,155.52134704589844,157.71356951255186,153.75496276821576,156.37300417169516,6297226
2017-11-15,159.19610595703125,160.4893497295961,156.13645837679383,156.13645837679383,8235204
2017-11-16,157.50860595703125,160.7890475722804,155.44255160542002,159.9216225976384,5210196
2017-11-17,158.97531127929688,159.92159289405458,156.27841252766711,159.16456952746327,5960372
2017-11-20,159.1172332763672,160.17390655197212,156.60958352657,158.51791397691775,3580888
2017-11-21,161.34100341796875,162.28728496294218,157.4770204426606,159.6061539188508,8089018
2017-11-22,160.14234924316406,162.2557147523111,158.8490961536594,162.22416048970103,4000474
2017-11-23,159.33802795410156,161.8141330853988,158.10786395527512,159.92157012533565,6902686
2017-11-24,161.1833038330078,161.45141888592926,158.64411865045187,158.6598861604754,3523990
2017-11-27,160.37896728515625,161.04135671914364,158.1867443455902,159.921593984475,5464612
2017-11-28,160.11083984375,160.48934668729854,157.8082156346832,159.29072724361762,8132930
2017-11-29,160.17393493652344,162.91815554049109,158.67565567453443,160.04776597651824,5519554
2017-11-30,158.927978515625,162.01917049864414,158.12363347173553,159.543055709816,12166956
2017-12-01,156.5780487060547,160.12660444659008,155.71062396947934,159.2276350671064,3303010
2017-12-04,156.51498413085938,157.71360366830874,154.70127768867383,156.7673220462989,3124760
2017-12-05,157.99745178222656,159.29070497555944,156.15220109640413,156.29414715918753,4796400
2017-12-06,154.85897827148438,158.62832730657775,154.35429285696586,158.07632974015175,5856060
2017-12-07,157.42971801757812,157.71360057339538,154.8747557630743,154.8747557630743,2700558
2017-12-08,162.2715301513672,162.72890345098807,157.2246948499482,157.2404623598354,5633376
2017-12-11,162.19264221191406,164.5425782984245,161.56178792034856,163.97479403429946,5134186
2017-12-12,157.3823699951172,163.35971794503862,156.79882788077023,163.07582582784624,3953284
2017-12-13,159.7007598876953,161.65641203987502,156.15220450145415,157.71357272182928,6012970
2017-12-14,161.9876251220703,162.66580126279072,159.4326726541487,160.85209497013787,7816630
2017-12-15,164.98416137695312,165.59924814907865,162.82349317338972,165.28382100974707,7770128
2017-12-18,166.04086303710938,167.1290713263313,159.40111561095637,164.77915440993422,9972622
2017-12-19,168.13844299316406,168.42233513668114,165.9304528835962,166.86096685162897,7799112
2017-12-20,167.82301330566406,168.72199224515717,166.21434252236466,168.43810010591818,5450164
2017-12-21,168.78506469726562,170.48837905286115,166.624396363874,167.49182104915684,5495720
2017-12-22,168.80084228515625,169.2581962381021,166.95558195816506,168.154201244091,3773180
2017-12-26,169.98370361328125,171.11923368433736,167.42873207518608,168.72199497782069,4046770
2017-12-27,168.24884033203125,170.70916811737882,167.57066429567104,168.73774853742975,3567206
2017-12-28,165.977783203125,169.6682849981126,164.68452023536773,167.69686515593406,9984850
2017-12-29,163.29664611816406,167.09753958148062,162.57116749377045,165.04726302219865,3208434
2018-01-01,160.42623901367188,164.9683877256454,159.98464296027078,163.39125208773294,3880586
2018-01-02,157.65048217773438,161.79835680790478,156.83037930701727,161.27789432123953,5073166
2018-01-03,156.10491943359375,159.25919143518618,155.63177863335488,157.76091223442978,7741628
2018-01-04,155.03245544433594,156.29416413564283,154.7170282715092,156.13645054922947,5440616
2018-01-05,153.8338623046875,155.82104998237276,152.57215339794763,154.87476830231785,5878478
2018-01-08,156.8303985595703,158.18673159017322,154.55931900136568,154.55931900136568,9981252
2018-01-09,156.48342895507812,157.95016344528136,154.9536051772231,157.39816586958642,7307420
2018-01-10,155.91563415527344,157.14580772346355,155.66329628932667,155.9944909416409,6242816
2018-01-11,155.3163299560547,156.1364424882784,154.16502275989103,156.1364424882784,5917284
2018-01-12,154.5277557373047,155.50558180776068,153.81804466414553,154.71701394869496,5617420
2018-01-15,153.67611694335938,155.78947314990484,153.23451121637183,154.62239842792175,8156456
2018-01-16,151.2315673828125,153.9757781109366,149.96985864544774,153.92846595850017,9323778
2018-01-17,151.35775756835938,152.66677864182947,149.74907677729038,151.08964249883536,6795488
2018-01-18,148.32962036132812,152.2724598180354,147.61990925912082,151.43657977842804,7342492
2018-01-19,150.55337524414062,150.9318916755743,146.79979407439313,148.8500705548346,7816330
2018-01-22,147.98265075683594,151.42080488881913,146.75248675332838,151.4050373811878,4336230
2018-01-23,151.76779174804688,152.35133397939393,147.93535328433902,149.1655174098895,7558880
2018-01-24,151.562744140625,152.19359843465466,149.2443526848515,151.72045771413244,5081584
2018-01-25,151.61004638671875,153.45529700146776,149.38628899591353,153.29758343825966,8033530
2018-01-29,148.1876983642578,151.57854084788465,147.69879004262978,151.56277333792548,5294232
2018-01-30,153.1714324951172,155.37942263924674,147.9195721489379,147.99842893979968,13185108
2018-01-31,155.28480529785156,155.69486642976815,152.46173765916106,153.2976178063471,12222654
2018-02-01,154.66973876953125,155.78950154660683,151.86243844550705,154.90630918379296,7298886
2018-02-02,150.50604248046875,155.37939514378172,148.991996214273,152.3670604902718,5980182
2018-02-05,150.1275634765625,154.1650273500843,147.00482683296056,148.25076798882787,6870184
2018-02-06,147.36756896972656,150.74263371372436,146.67362538628709,146.67362538628709,6296186
2018-02-07,150.22218322753906,151.9097204394042,147.82493491381152,149.21281247668338,7262940
2018-02-08,150.8372802734375,155.82102583221663,150.39567452366146,152.47749582234303,12077668
2018-02-09,149.95408630371094,151.37350867861662,147.840729876718,150.14334454557982,5724900
2018-02-12,147.47796630859375,151.97280338434194,145.88506298481045,151.72046550420288,9138866
2018-02-14,145.12803649902344,148.2192187794861,144.81260934281,147.93533626410857,8902568
2018-02-15,149.8436737060547,150.34835910477818,145.41192580473452,145.41192580473452,9447478
2018-02-16,146.89443969726562,150.6953333172128,146.67363682366081,150.45876293523915,4826418
2018-02-19,144.10289001464844,147.69875746498295,143.01466253740864,147.61990068043144,3685810
2018-02-20,142.9042510986328,144.97030448473018,142.52574433495593,144.21328133130473,4500020
2018-02-21,141.16941833496094,144.51294807866535,138.81949182308108,144.51294807866535,18326086
2018-02-22,139.1832275390625,141.91837370453942,138.5320017883815,140.40427582158938,17814722
2018-02-23,139.98094177246094,140.99034344734204,137.636535557194,139.70416890302212,6836098
2018-02-26,140.99034118652344,144.2464691584986,140.37167885923097,141.31595398372096,11794172
2018-02-27,139.0203857421875,142.08114400451493,138.2063537608816,141.80437114348817,13629606
2018-02-28,139.86697387695312,140.29027647792645,138.10866674921715,138.38543961583161,12142648
2018-03-01,143.88827514648438,144.53950065964963,140.07861185661517,140.66471084369883,12444394
2018-03-05,141.4136199951172,143.83943907136896,140.9903273749921,143.77431254354372,5686010
2018-03-06,144.9628143310547,148.15381561570447,141.8043663750314,143.5952366736828,15708338
2018-03-07,144.376708984375,146.08617613052235,142.84633483473422,144.9302547017025,6948874
2018-03-08,143.98597717285156,145.53263789806846,140.53447967235326,145.22330177825964,7891378
2018-03-09,143.07427978515625,144.8651504036109,142.6184237969327,144.3116145382377,7425564
2018-03-12,145.46754455566406,145.87456062884723,142.6021553752209,143.26965776047496,5083992
2018-03-13,151.9472198486328,152.51704228131902,145.0767873871474,145.54892994899612,8341074
2018-03-14,150.693603515625,151.23087259817103,148.95158294295769,151.08434285985587,5703778
2018-03-15,150.4493865966797,151.57275470405312,148.5119964460694,150.4331099318422,3657142
2018-03-16,145.72799682617188,149.29346076914257,144.24646264063284,148.64223520417355,12294654
2018-03-19,140.25770568847656,145.223300608382,139.68788332061857,145.223300608382,9910680
2018-03-20,138.3528594970703,142.87887486585132,137.57139086180595,139.68787379814142,5625596
2018-03-21,140.2251434326172,141.47875463831406,138.30402999453142,138.9389788980534,5800674
2018-03-22,135.03164672851562,140.82755122015115,134.67347062242237,140.82755122015115,9497264
2018-03-23,134.6246337890625,135.95963849460003,132.28021734685666,133.46870223532844,7327480
2018-03-26,136.61085510253906,137.66909677099633,131.05916047816766,134.31528868880537,7459884
2018-03-27,137.0015869140625,138.71105413045902,135.1781532291901,137.6690891856993,9496436
2018-03-28,139.1832275390625,140.01353639641422,135.34098964789482,136.43179476766875,11726684
2018-04-02,137.8644561767578,141.15314741179725,137.49000344782326,139.6390498940708,4584294
2018-04-03,138.7924346923828,139.94835598015848,137.96212615461863,137.96212615461863,7140288
2018-04-04,135.11305236816406,139.6879088101403,134.73858965142514,139.6879088101403,4902828
2018-04-05,137.5551300048828,137.92958273387978,135.634006553925,135.99218261784495,3673050
2018-04-06,141.29966735839844,141.70668332620474,137.73420350565,137.73420350565,7060242
2018-04-09,146.6397247314453,147.77936951795405,141.64156632323125,142.58584144467,12496028
2018-04-10,146.9002227783203,147.9910277202973,143.00915551437993,147.82822130916387,10069126
2018-04-11,135.8782196044922,146.85137511201845,135.16187739536258,145.5326472260221,36976826
2018-04-12,136.3177947998047,137.81561564595032,131.0428734767448,134.80369728865548,38695926
2018-04-13,132.00343322753906,137.39233127850613,131.38477086635672,137.0829951294577,17621388
2018-04-16,132.91513061523438,133.77800242892297,130.26137871146653,131.8731658240815,11015550
2018-04-17,133.71290588378906,134.2827283330148,131.36849948340924,133.5012595328882,12778496
2018-04-18,131.9383087158203,133.17563336399652,131.07542685818504,132.5895343068423,10324696
2018-04-19,122.6094970703125,129.54505574062767,122.21876766862063,128.9426700673243,31872834
2018-04-20,120.9325942993164,124.35152876622631,120.42789842420493,121.07912403694966,23408106
2018-04-23,124.17244720458984,125.42605851172164,121.64894792457581,122.43041668197147,17368914
2018-04-24,124.93762969970703,126.48429042994803,122.4304072780246,122.46297054393871,12783140
2018-04-25,125.62145233154297,127.29836670921942,124.43296723878633,125.45864588220871,13352822
2018-04-26,125.52375030517578,126.43546228593362,122.82116769749584,126.43546228593362,7893284
2018-04-27,127.03783416748047,128.5356550612131,124.77483112981791,126.28892868907127,8893008
2018-04-30,126.12611389160156,129.08919221389687,125.06787234341849,128.61704970224974,7924314
2018-05-02,124.04219818115234,127.39600599356562,123.73286205125862,127.18435966428177,4594832
2018-05-03,122.98396301269531,123.91195157695275,121.77919163406314,123.79799504233476,5778062
2018-05-04,123.79801177978516,124.88880689744562,121.16054565978587,122.10482095445046,7335112
2018-05-07,125.62145233154297,126.43548457821423,121.77922410202142,122.26764345002418,7618908
2018-05-08,127.8355941772461,128.74730609176098,124.05848350570012,124.05848350570012,11944494
2018-05-09,125.50746154785156,126.17496383336555,122.9025590687111,124.13988377153707,21715226
2018-05-10,127.05412292480469,127.42857567036015,124.00964115222737,125.65398187427785,8393668
2018-05-11,130.0171661376953,130.40790540956763,126.74476199918651,126.74476199918651,9051198
2018-05-14,131.61270141601562,133.63149487033348,130.066040572755,130.8963492612134,8090792
2018-05-15,132.13368225097656,134.47809859840234,130.09860206637603,130.89635747350545,10351852
2018-05-16,129.70785522460938,132.13366451692923,128.97522645648144,132.13366451692923,9717354
2018-05-17,127.18437194824219,128.61706639667023,125.40977807002851,128.61706639667023,12898592
2018-05-18,125.80052947998047,127.88444978055543,124.6120445375125,126.66340156495495,13183142
2018-05-21,128.2425994873047,128.51937234652937,125.52373070006324,126.33776267606885,8663050
2018-05-22,129.46363830566406,130.39163668013697,126.46799687081788,128.77984950674124,11578438
2018-05-23,121.76288604736328,128.45422376692096,120.49298843321769,128.2262908779943,19965306
2018-05-24,120.91632080078125,122.70719128273544,117.07408362280353,122.43041840268688,17467898
2018-05-25,123.91194152832031,124.70969682743883,119.58129545659767,120.80234340203604,16436392
2018-05-28,130.89637756347656,131.98718269722215,127.96586164787634,128.6170874068986,14322672
2018-05-29,131.98715209960938,133.71289598618526,130.342801477126,130.92891048652257,9805644
2018-05-30,130.32652282714844,133.1756348189974,128.9263917659197,132.6872156203947,12205548
2018-05-31,131.5312957763672,132.75234378789338,127.94955494255701,130.326524430229,17614886
2018-06-01,133.25706481933594,133.9896937645858,131.4010675166032,131.87321014497508,10370104
2018-06-04,133.01283264160156,135.79681818724143,127.98211076154146,133.85942793343526,15724670
2018-06-05,131.98715209960938,133.64777938752843,131.23823668819944,133.46868638316522,7023232
2018-06-06,133.50125122070312,134.15247683641388,131.90575044959468,132.8500256049924,5862606
2018-06-07,135.47119140625,136.05730036487876,133.5663646172181,133.8268508631109,6087188
2018-06-08,133.4524383544922,134.4129903703416,131.8406506539304,134.18506732076276,6484074
2018-06-11,134.9339599609375,136.10616818146235,133.04540944897522,133.50126544114727,12667834
2018-06-12,135.16188049316406,136.92018769376293,135.03163735551126,136.1061556622899,6865952
2018-06-13,136.7248077392578,137.22951352297375,134.67345114894152,135.94333903518083,10363704
2018-06-14,135.56887817382812,136.72479952742094,134.7060063245491,136.72479952742094,7497040
2018-06-15,134.23387145996094,135.6502890709964,133.273309763408,135.61772580490899,12401856
2018-06-18,137.7667999267578,139.73675371028324,135.37354347268973,136.59459166997797,12946848
2018-06-19,134.67344665527344,136.75736644224884,132.99654283985234,136.38291373580154,8598042
2018-06-20,133.72918701171875,136.10615658496792,131.88946665858649,135.12931814057822,6025038
2018-06-21,137.392333984375,138.84130507766582,132.60582153433657,135.09675763102405,8592666
2018-06-22,138.8250274658203,139.6878994493952,136.8225106149427,137.73422253401904,14595152
2018-06-25,134.15249633789062,138.38546345534834,133.27333765411387,138.05985060015928,10733728
2018-06-26,135.21070861816406,136.0247405785383,132.68720954100385,132.7360494712436,8421460
2018-06-27,124.64457702636719,133.07795657446002,123.21188268040366,132.85002363757107,17001328
2018-06-28,119.48363494873047,125.42606924570514,118.36026668220754,121.12797580682586,26701926
2018-06-29,121.5512466430664,123.37468019610635,117.82298627900451,120.47672844521232,13846402
2018-07-02,120.21623992919922,123.08162836071511,119.58129104622388,122.10479004039198,9069732
2018-07-03,121.74664306640625,122.67464167963398,118.55564109967173,119.74412601907206,7993666
2018-07-04,119.77670288085938,122.25136281792443,118.73473766412143,121.4536072672735,6720446
2018-07-05,120.98143768310547,122.26761227972189,120.18369224689116,121.03028755498586,8423950
2018-07-06,121.95825958251953,124.18870905453012,121.30703403956247,122.10478930445015,13842516
2018-07-09,122.52809143066406,123.27700682526655,120.83491084987267,122.43041156641388,4580944
2018-07-10,122.18618774414062,123.0002196411702,121.63264207939538,122.56064042939167,3375712
2018-07-11,119.33710479736328,123.40726526112054,118.44166949533667,122.39786347872571,8323782
2018-07-12,122.87000274658203,125.6865517239985,122.44670010764241,125.6865517239985,12074942
2018-07-13,125.89820098876953,126.66339314036814,122.2024933146431,124.09105372464344,11727122
2018-07-16,124.44925689697266,127.64025940739049,123.70034124952379,125.36096906082993,7070272
2018-07-17,127.85186767578125,128.7798661703334,125.23068853380569,126.97271905219054,14043960
2018-07-18,131.01031494140625,131.82434695926398,128.25888274628142,128.94267162866475,13400542
2018-07-19,129.6915740966797,131.20568156424312,127.46113436910974,130.2125565633854,5890524
2018-07-20,126.61455535888672,128.61707234600473,125.08417102962382,128.32402277614375,8501230
2018-07-23,126.89131927490234,130.40793373801557,125.23069191407652,127.47741837311634,7558568
2018-07-24,129.25196838378906,129.57758109170953,126.874989653823,127.86811437512713,5659434
2018-07-25,128.82872009277344,130.0172049892336,126.51686690668163,127.42858883451883,5498132
2018-07-26,126.63080596923828,129.04033851227217,126.2400766021295,127.23319158922506,11744230
2018-07-27,129.33340454101562,129.91950358996425,125.05158839046197,126.98898847139363,6981856
2018-07-30,128.86126708984375,132.6872175340779,127.86815201312736,129.91950870207873,8310826
2018-07-31,126.90758514404297,127.93326344711238,125.57257071511928,127.34716439876236,7792336
2018-08-01,128.94265747070312,130.21254529174408,128.03094568557455,128.61704469931246,8792976
2018-08-02,130.8312225341797,131.54757468793915,129.4310914318213,130.70097939810913,8384800
2018-08-03,130.5544891357422,131.87321733431872,128.9427013935561,129.59392715817,5823858
2018-08-06,130.57073974609375,131.54757819805954,130.0660438540106,130.2451269287718,3482306
2018-08-07,128.3240203857422,130.99403967319103,127.83560113276695,130.57074696204523,3810902
2018-08-08,126.10985565185547,129.54507725836555,124.75856428150436,128.6170786277191,8469624
2018-08-09,126.64710998535156,129.43109561436643,125.65398492477807,129.43109561436643,10836354
2018-08-10,130.76609802246094,131.5475667285149,126.20751897741339,127.46113020218421,11106596
2018-08-13,123.63519287109375,130.37537234522085,122.59322786270064,130.37537234522085,8766994
2018-08-14,122.6420669555664,124.85624009894994,122.34901740425651,124.54690394445274,8609654
2018-08-16,123.17931365966797,125.0353105250395,122.18619863156529,123.732859373737,7820138
2018-08-17,122.95138549804688,124.0584669426988,122.13735356272733,124.0584669426988,5434214
2018-08-20,122.41414642333984,124.46550326098516,121.92572718228955,123.11421201479564,6797042
2018-08-21,120.0697021484375,123.24442647643009,119.85805584728718,123.24442647643009,11132910
2018-08-23,116.48796081542969,120.36275053651292,116.24375125397177,120.24878408711672,14180494
2018-08-24,116.22750854492188,117.87184943100257,115.10414025928013,116.65080126700738,9731858
2018-08-27,117.7253189086914,117.9858151441272,116.24378445414007,116.73220371655243,6347096
2018-08-28,116.74846649169922,118.81610977726096,116.29261055507409,117.72530490028768,7747378
2018-08-29,117.77416229248047,118.29513486080417,116.24377804651395,116.73219728200351,6736818
2018-08-30,118.31140899658203,118.68586171694824,116.52053865517404,117.18804089856971,8130098
2018-08-31,120.22046661376953,121.61489840047047,118.19520959153728,118.19520959153728,12008646
2018-09-03,119.55644989013672,121.34929656814118,119.0584363611293,121.34929656814118,4359234
2018-09-04,116.63475799560547,119.47344103335247,116.20315034716026,119.0252268555913,7254520
2018-09-05,115.90435791015625,118.1122160001098,114.70912333953038,116.03715949975648,7872604
2018-09-06,117.39842987060547,117.8466442205285,116.08698976011114,116.58500345288905,7535324
2018-09-07,118.51060485839844,119.35722367165397,117.21576178102941,117.99598488013112,6979302
2018-09-10,114.24431610107422,118.54382721816482,114.04510864470473,118.52723081851407,9668840
2018-09-11,112.23566436767578,115.8711678117492,111.92026182396027,114.80873471306563,9776294
2018-09-12,110.9407958984375,111.78742485577723,107.65390910410198,111.78742485577723,12442422
2018-09-14,117.69718170166016,118.3944025759622,112.88305156153584,112.93285088139102,18661472
2018-09-17,120.85130310058594,121.93033259255544,115.57236084321917,117.21579968248965,17953744
2018-09-18,117.89640808105469,122.59433380927346,116.933583924547,121.18329543773817,12373420
2018-09-19,121.19987487792969,121.71449487951512,117.414974507938,118.69321111560498,9421832
2018-09-21,125.00141906738281,125.8148453691393,120.07108218531442,122.8931593754147,16295730
2018-09-24,121.98011779785156,127.3088689048257,121.36589905483993,124.58639075682846,13131362
2018-09-25,120.91770935058594,121.33272069496313,117.89642473709735,118.85924902962986,7893402
2018-09-26,122.39509582519531,123.10891303214115,119.97143457404647,123.10891303214115,6304634
2018-09-27,123.5737533569336,124.42037225069181,121.28288316043854,122.16271511259619,6862024
2018-09-28,124.2211685180664,125.30019779581487,121.3990919454935,123.93895883438694,7629776
2018-10-01,122.2955322265625,123.75636997991647,119.60625696918822,123.50736319927277,6316314
2018-10-03,125.44962310791016,126.76105279223121,119.30745560755943,120.48608369667373,9743764
2018-10-04,109.94479370117188,127.42506796965462,100.8809507862881,123.50736527454349,19841194
2018-10-05,88.08197784423828,98.9552718778962,79.2007427453971,98.9552718778962,111440754
2018-10-08,87.94918823242188,92.94593011159655,85.3429153734895,90.63846334716666,51461200
2018-10-09,85.3927230834961,89.01161933636666,84.72869998454279,88.64640739185067,24359252
2018-10-10,88.11519622802734,90.82106784807738,84.99431331250611,85.957137491577,18048794
2018-10-11,92.34831237792969,94.45657180671637,86.05674715407805,86.98636841251208,43975840
2018-10-12,95.91738891601562,98.17505597973476,92.9957140478022,95.95059183926774,22536196
2018-10-15,98.39088439941406,99.83512579928853,92.13251175469944,96.58143101661203,18292836
2018-10-16,100.29994201660156,101.42877082753951,96.8470497169802,98.4406891992323,15744782
2018-10-17,94.67237091064453,101.0801511357482,94.0249593948656,100.59873399940815,13039636
2018-10-19,94.14115905761719,96.91343656269359,93.09533261005627,96.31582434469074,22938928
2018-10-22,90.02423858642578,95.26998688100839,89.67563318825218,94.77197337955431,9585342
2018-10-23,89.4930191040039,90.87086451668867,86.48834180062663,88.97840922290955,17512914
2018-10-24,93.47713470458984,94.95457888341754,91.11987878904705,92.61391936588403,27791198
2018-10-25,91.96650695800781,93.72615087222954,91.03688566976089,92.48111693326733,18119966
2018-10-26,91.36888122558594,93.12852487992022,88.48039886095808,92.04949562551829,14583372
2018-10-29,92.08270263671875,93.29453351899522,89.80843885013597,92.26530354271932,9988492
2018-10-30,88.43060302734375,90.87087131003318,87.66697621482344,89.99103931603031,20999664
2018-10-31,91.33567810058594,91.78389227786273,87.68357909362192,88.43059934504637,11628440
2018-11-01,94.10796356201172,95.28659156511189,91.33568613639541,92.36491615533285,15030068
2018-11-02,100.38291931152344,102.25876806287822,97.01303011769153,97.94265122905543,34265322
2018-11-05,96.88023376464844,100.41613814434851,96.28262154582939,100.26673002358784,7889190
2018-11-06,94.6557846069336,97.74346479820915,94.29057261615279,96.83043988731329,6516560
2018-11-07,95.86763000488281,96.2660449876188,95.08740657409129,95.6186231737013,1059084
2018-11-09,98.556884765625,98.90549020200437,96.38221949167453,97.57745405257937,13115928
2018-11-12,96.68103790283203,99.9845218194693,96.29921939560577,97.77666369787515,12029462
2018-11-13,100.64852142333984,101.1299385027455,98.00905608111289,98.00905608111289,15427542
2018-11-14,104.89823913574219,109.36375374603158,103.86900929239673,103.91880861195494,29661262
2018-11-15,106.85711669921875,107.38833321523722,102.42479377522963,104.74885716721215,11734218
2018-11-16,106.92350769042969,107.985940675361,104.88165411299819,106.11009161856803,9942196
2018-11-19,107.22232818603516,107.75353456745823,105.21366732737222,106.49190421341004,5482956
2018-11-20,107.2057113647461,109.54638105320376,106.60809917694613,107.96933819594749,8885146
2018-11-21,108.43416595458984,113.82931342499009,108.0025480776901,111.88705830922343,15524294
2018-11-22,106.27608489990234,108.89895402218526,105.42945585491462,108.50053916194271,7144756
2018-11-26,108.68315124511719,110.5257971943005,107.38831813497937,109.59617602089665,14290304
2018-11-27,111.38900756835938,111.72101653279562,106.95668586671364,108.08551431937497,10291628
2018-11-28,106.29269409179688,111.32262911422977,105.77808412314162,111.12343179224193,10244930
2018-11-29,109.06495666503906,110.22698816679747,107.96933101622538,108.68314834088342,17783444
2018-11-30,107.70372009277344,110.16058472381751,106.37568406171061,109.26416648211661,18242294
2018-12-03,107.55431365966797,108.55034060463007,105.46265099598153,106.90689209259858,9158842
2018-12-04,110.79143524169922,111.18984006272088,106.40891128566884,106.90692491103079,10470422
2018-12-05,109.38037872314453,112.33525705661197,108.91555797657381,110.27679702272059,9539930
2018-12-06,107.8697280883789,110.07758603506663,107.23891297962686,108.89895807219074,7213812
2018-12-07,108.03573608398438,109.87839227546012,106.72430649780533,109.03176317166483,10294418
2018-12-10,109.64598846435547,110.3930088248242,105.31327442648164,105.57887761291457,11618054
2018-12-11,108.48395538330078,109.56298477885007,106.77411082908354,108.23494859971248,10861812
2018-12-12,109.36377716064453,109.6459868747081,107.70373193922579,108.46735882034558,6257126
2018-12-13,111.18980407714844,111.98662359342151,109.47995987653731,109.47995987653731,5970876
2018-12-14,114.6427001953125,116.0039390807483,109.81197344360788,111.10680647819889,7198212
2018-12-17,116.31935119628906,116.85056760453439,113.3644732238191,114.54310108064541,7454414
2018-12-18,117.28218841552734,118.72642970481598,115.77155140031627,117.23238908805767,8987630
2018-12-19,120.104248046875,120.51925927025742,117.89639036490246,118.9920159417881,7350428
2018-12-20,123.20854187011719,123.47414501715157,118.22840687239305,118.52721294583438,7217516
2018-12-21,124.3871841430664,124.86860130133152,122.21252899556372,124.40379067424452,10465642
2018-12-24,121.16669464111328,125.00139472936901,120.78487616639713,124.20457511608211,6491252
2018-12-26,121.63151550292969,123.27495419426089,118.92564381614467,122.44493158284756,12955862
2018-12-27,121.05049896240234,122.42833446281573,117.83000719623064,119.85526438258027,14625538
2018-12-28,120.15404510498047,122.77691396095166,119.58963593107312,120.12084218131304,9355426
2018-12-31,120.43627166748047,121.11688610372858,119.12483198931126,120.15406197484911,6782002
2019-01-01,121.91374206542969,122.61095304968026,119.5232725613572,119.87187805348249,3105422
2019-01-02,118.84261322021484,121.51528133889592,115.12410875481464,121.51528133889592,19725590
2019-01-03,117.03318786621094,117.79680461362797,115.58894650016298,116.8671833444149,9972260
2019-01-04,119.34066772460938,120.08768815376912,116.70119148873307,116.80079015977583,7717220
2019-01-07,118.04579162597656,120.45285678888318,117.53118174744061,119.52323567536332,5790820
2019-01-08,116.85057067871094,118.16200013907292,116.21974547801146,117.89639699401772,4342090
2019-01-09,112.899658203125,116.70116536677902,112.21904379508197,116.53516086412358,9131732
2019-01-10,111.4222412109375,112.46806771082976,110.55901563898541,111.85384893085738,9773604
2019-01-11,111.98664093017578,112.78347070191667,111.07361610449152,111.55503324724233,4669620
2019-01-14,111.2064208984375,112.83326300559767,110.07758216944681,112.5178503962425,7516622
2019-01-15,113.44749450683594,113.9953074035891,111.62144476291743,111.85384501469443,6913912
2019-01-16,115.29012298583984,115.8711387244294,113.6632809442112,114.67590432148025,9562002
2019-01-17,117.92962646484375,118.52723874178916,114.89173534938497,115.24035095436379,7898996
2019-01-18,117.59760284423828,118.7596344528489,116.6347685485574,117.49799405566188,5008314
2019-01-21,116.71776580810547,118.09561133357232,115.63873650346008,116.56836782980587,3885636
2019-01-22,117.46476745605469,118.72640759901121,116.55174280469949,116.70115089140141,4687940
2019-01-23,118.57701110839844,119.07502460329479,117.66398636775513,117.69718929383698,3973026
2019-01-24,117.51459503173828,119.60624777552341,116.95017565281921,118.57701780155332,3294118
2019-01-25,118.6766357421875,119.63945993453446,117.86320953900317,117.86320953900317,3868832
2019-01-28,115.77155303955078,118.82603004223883,114.94153046293258,118.52722394107857,2902748
2019-01-29,114.50990295410156,117.34858600519597,113.11547122264544,115.57233581511538,6198614
2019-01-30,113.77949523925781,114.47670607576747,111.72103526182691,114.37710742258358,5565262
2019-01-31,114.6925048828125,116.53515064790552,112.25223688128482,113.13205864180571,15638906
2019-02-01,113.21507263183594,115.77154606668951,112.35184717772233,115.27353255071368,5444740
2019-02-04,112.40165710449219,113.53049595286356,111.57163449957906,112.88307426818656,4309536
2019-02-05,112.20244598388672,112.98265903084787,111.75423180594245,112.38504688166259,2584132
2019-02-06,112.65066528320312,113.34788630640035,111.78744986907627,112.20246117668033,4190822
2019-02-07,112.6838607788086,113.56368266645192,112.18584724254505,112.80006596369236,3048046
2019-02-08,112.01985168457031,115.14073473486197,111.23962838896935,112.98267590521924,6682742
2019-02-11,110.75820922851562,112.053042358233,108.89895672148273,110.55900179345656,6629896
2019-02-12,112.65066528320312,114.0451073295976,110.89102139180669,110.89102139180669,6080496
2019-02-14,104.79866027832031,108.9653801606119,103.60342560720564,108.26815909145229,21289140
2019-02-15,108.8491439819336,109.23095227501398,105.57885356673083,105.57885356673083,13414256
2019-02-18,108.81597137451172,109.59619470598413,107.08952017857756,107.08952017857756,7905264
2019-02-19,111.3060302734375,112.48465830849945,108.08553854377745,108.23494666410329,7666336
2019-02-20,113.24828338623047,114.46011433243581,111.58823821824734,112.2190533556586,12565482
2019-02-21,115.0322494506836,115.83847223073676,111.92744631550062,112.5278234221738,9353768
2019-02-22,118.08563232421875,119.04623173533653,115.1695142557739,115.61550459598966,9709800
2019-02-25,115.28955841064453,118.44583093928577,114.6720318362238,118.36006277785253,14031192
2019-02-26,115.49539184570312,115.94139251971283,112.95665663041875,115.28954618614057,9058794
2019-02-27,113.4541244506836,117.19361407389304,113.16251061732295,115.9585504953777,9000098
2019-02-28,115.80416107177734,116.64469319594049,113.21396692547165,114.58625743365918,17938838
2019-03-01,118.72029113769531,119.23490013347161,115.66694652337192,116.04432854755724,5744496
2019-03-05,124.36383056640625,125.37589903063815,118.51444630973297,118.72028151556336,12761902
2019-03-06,127.86316680908203,128.24053830686594,124.65543578970215,125.15288479575604,12197224
2019-03-07,127.17704010009766,129.321244239432,126.5938123863,128.15478881183668,11389848
2019-03-08,126.02774810791016,127.41718824111257,125.10144770594383,127.24565190517414,5625148
2019-03-11,132.7862548828125,133.28371437532908,126.52517949709883,126.74818507841388,18973830
2019-03-12,133.866943359375,135.30784211217698,131.84280648252332,133.2494063483921,12191846
2019-03-13,133.47239685058594,134.65600156176583,131.2424248502,133.79832002315587,9568180
2019-03-14,133.90127563476562,134.26150826509988,131.27677147546552,133.4381358482261,4095730
2019-03-15,135.9596710205078,136.64581623982858,133.5924721078003,134.1413903772059,17258182
2019-03-18,139.1331024169922,140.28239783390126,136.5429082203093,136.5429082203093,14786442
2019-03-19,139.90499877929688,140.62545331618622,138.10386767194578,139.97361748557,8445352
2019-03-20,133.50672912597656,139.80211479408928,132.5975886329215,139.69919717968574,10572670
2019-03-22,130.0073699951172,135.41076361291294,129.14968846848294,133.6267818496156,11837696
2019-03-25,131.63697814941406,132.1687365615686,128.66939139267595,129.93876436779783,8329530
2019-03-26,131.7056121826172,133.24943938825552,129.16687620507273,131.82568972589428,8515642
2019-03-27,130.0073699951172,132.42602771232768,129.44129181174242,131.89426935371253,6621912
2019-03-28,132.37457275390625,133.47239885799095,129.80152809937812,130.21320896225532,11169948
2019-04-01,134.45016479492188,137.0575189387701,133.96986519546863,136.54290998155318,5260852
2019-04-02,130.53915405273438,134.26149470508636,129.6986218032607,133.0778897774189,10816790
2019-04-03,124.6039810180664,131.05374215067246,124.24374848161641,131.05374215067246,16579908
2019-04-04,121.55064392089844,124.53538036549087,121.27618997025074,124.53538036549087,20399592
2019-04-05,122.85431671142578,123.33461632220835,121.31048980335919,121.31048980335919,9088048
2019-04-08,120.41849517822266,121.7393269201381,119.73234990655186,121.7393269201381,7918214
2019-04-09,122.23678588867188,122.61416791269204,118.37721842203865,118.87467797230343,9893784
2019-04-10,122.73422241210938,123.5061357606132,121.13893691915042,122.13384536327307,8233760
2019-04-11,124.08937072753906,124.87843356491368,122.13385260744305,122.99153415665262,12602810
2019-04-12,123.90068817138672,126.182119249982,122.8714701988102,124.84413797958186,10236092
2019-04-15,122.95720672607422,124.53534263858357,122.37398964019168,124.15796071845726,4478062
2019-04-16,122.64849090576172,124.17516861682354,121.87657732663455,123.54048202448048,8531892
2019-04-18,124.50105285644531,125.22150745906302,121.37908989159902,122.81999909683441,9575132
2019-04-22,116.67901611328125,121.58495106233174,116.30163408572038,121.37910536823064,13842844
2019-04-23,115.39247131347656,117.45090691721423,114.397562865619,115.95853901055544,16697164
2019-04-24,119.73233795166016,120.04110119913379,116.67899389154103,116.67899389154103,13873428
2019-04-25,122.90579986572266,123.31749131067397,119.25207755333612,119.71522781146926,19560314
2019-04-26,127.29708862304688,127.72592938847924,122.75137650946374,122.75137650946374,18568212
2019-04-30,130.31613159179688,131.67126210478068,126.78247746520104,128.086159650936,19629858
2019-05-02,129.83584594726562,131.36251292695627,128.99531378391347,130.40191371433622,7697948
2019-05-03,130.62490844726562,132.5975761388527,129.87014444693386,132.06581773162767,10739028
2019-05-06,133.91839599609375,134.4844637111329,130.40190172813683,130.53912867879097,18541980
2019-05-07,129.97308349609375,133.26658323148592,127.65734296695432,133.26658323148592,14994644
2019-05-08,130.29896545410156,131.53402887167132,128.00038538365396,129.69858842178587,7602616
2019-05-09,126.26788330078125,130.2303786479578,125.75327433125804,130.2303786479578,9027084
2019-05-10,124.51822662353516,126.07920304476208,123.43753936449694,125.92481615925756,8232720
2019-05-13,121.8250961303711,126.23358163284755,121.05318269308033,124.19229524411355,7620290
2019-05-14,123.02584838867188,123.7806019000435,119.38927638193948,121.48202153890541,9998950
2019-05-15,123.3517837524414,126.33652039780392,122.42549375438766,123.16309795739744,12644948
2019-05-16,128.84092712402344,129.97307312982093,120.59003423283332,122.13386112912848,13210048
2019-05-17,129.06393432617188,129.97307474914558,125.75327489818359,127.6230250171124,12851786
2019-05-20,134.41583251953125,136.07973662478952,131.56833429632212,133.7983060640564,10395734
2019-05-21,128.46356201171875,136.31992384931027,126.35365677221061,135.68523733294387,16756886
2019-05-22,131.82566833496094,133.42095409464224,128.99531891722918,129.6814642306187,15525660
2019-05-23,131.85997009277344,141.1572406471575,131.05374730207066,133.76401903976114,25917602
2019-05-24,135.6680908203125,136.85168524369084,132.7005038647441,135.51370393173198,19806268
2019-05-27,137.9152069091797,138.5498934130344,133.4038036029904,134.82755302315326,10222742
2019-05-28,137.89805603027344,140.43679154954364,136.2341515817141,137.91520547489662,39821192
2019-05-29,136.9374237060547,138.24110584419617,135.01621508703994,137.91518269222462,8503056
2019-05-30,139.8535614013672,140.55686660426338,137.24620720987247,137.57213040996416,14101926
2019-05-31,140.43678283691406,144.67373190087818,139.35610614903754,142.0835272689406,27635592
2019-06-03,143.09559631347656,144.05619549123318,141.0543099735615,143.23282327176383,14043966
2019-06-04,140.0937042236328,142.68389827518396,139.54478594648918,142.51236196793568,7454624
2019-06-06,136.21697998046875,142.10068380642886,135.6852216058157,142.03206509433048,15270900
2019-06-07,138.25827026367188,138.82433801075263,133.66109910319622,135.17061658532685,11055246
2019-06-10,133.67825317382812,137.8294342456809,132.5289577264924,136.97175263867604,10884088
2019-06-11,132.7691192626953,134.99909155005324,130.07599679093678,133.3008776971666,12654378
2019-06-12,130.71066284179688,133.9698525976947,130.17890449057472,133.11217108298476,10407070
2019-06-13,133.38662719726562,133.9698548248622,131.39681023795706,132.048646106024,13827442
2019-06-14,132.59759521484375,134.0041953434139,131.79137229617268,132.51182704200104,6075586
2019-06-17,129.73294067382812,132.25452713732201,129.0639551841652,132.13444959720363,7936522
2019-06-18,132.2716522216797,132.7348023798305,129.0982303002983,130.00738117249094,6221722
2019-06-19,130.14459228515625,132.68332741913648,129.02960634045763,132.30594546698183,8241572
2019-06-20,132.15159606933594,132.58043690488057,129.3383960002643,129.71577802949298,8612672
2019-06-21,130.36758422851562,132.88916985951607,129.3383664582905,129.3383664582905,10787948
2019-06-24,130.65921020507812,131.2767367368859,128.00039738412173,130.02452376032008,6543204
2019-06-25,134.86184692382812,135.37645584584496,130.0245209629208,130.0245209629208,12409938
2019-06-26,134.27862548828125,135.03338946330504,132.46034473446824,132.94064432323526,6532534
2019-06-27,134.5531005859375,136.54291781341016,132.6318916081814,133.11219123518376,14063226
2019-06-28,134.6388702392578,136.06261969101655,133.96987436120713,134.02133316650023,6986386
2019-07-01,129.06393432617188,134.77609181968208,128.48070663685107,134.1414053271262,10267468
2019-07-02,129.85299682617188,131.05375109008628,129.25261969421467,130.21321891744768,10836020
2019-07-03,130.779296875,132.22019570670372,130.0073834213117,131.39682345005212,10199616
2019-07-04,130.36758422851562,131.73987458881578,129.83582590179714,131.73987458881578,4168848
2019-07-05,126.95402526855469,130.52198907293442,123.76345392897028,130.45337035756327,17903966
2019-07-08,123.79776000976562,126.11350025067392,122.18531446893857,125.85619577946188,7431476
2019-07-09,123.54046630859375,126.1992794095754,123.02585732130697,124.19230226520766,7555928
2019-07-10,119.9382095336914,124.6726082710455,118.70314580706727,123.55762207488085,7914012
2019-07-11,120.26409912109375,121.96231272670545,119.04619554477297,119.69803140913825,12277678
2019-07-12,118.61734771728516,121.7221504616836,118.36004327538215,121.0188558417132,9083694
2019-07-15,119.18343353271484,119.49219681603675,117.57099839992429,118.77175264486765,6301116
2019-07-16,121.60210418701172,122.2367802095737,119.59512710365686,119.73235406881226,10593218
2019-07-17,121.0360336303711,123.163088369498,120.2126613173935,123.163088369498,9661402
2019-07-18,119.8181381225586,121.91088364542041,119.33783844593812,121.44773341556404,9032900
2019-07-19,120.41849517822266,121.2418674102784,118.94328703202885,120.52141278107487,7205646
2019-07-22,121.27616119384766,121.75646072838921,116.7132999110859,119.86956147360517,7729488
2019-07-23,123.18022155761719,123.50614473857557,120.62433678862459,121.27617268079572,7010734
2019-07-24,119.76667022705078,122.88863359287419,118.25715258514899,122.85432423220091,8405494
2019-07-25,116.74761199951172,120.59002964994013,116.43884872593614,120.41849333464862,7031300
2019-07-26,117.9483871459961,118.53161490942635,114.92935164879255,116.43886939739433,9319712
2019-07-29,117.39944458007812,119.11480753145422,116.21583995573079,117.67389846440047,4835106
2019-07-30,115.10086059570312,117.8454414742892,114.70632918835541,117.8454414742892,4263936
2019-07-31,118.53160858154297,118.9261400617434,112.59645552353531,113.72859115710996,8266802
2019-08-01,117.89689636230469,118.75457785842177,116.37022958106319,118.36004646415688,6126716
2019-08-02,117.48522186279297,119.0290486390728,115.7698587780376,118.36005284812005,7131364
2019-08-05,116.3016357421875,118.49729874779561,113.74574014933499,116.64470841399336,5443194
2019-08-06,118.46298217773438,119.2177461976758,115.47825639650374,116.6275518710637,6630268
2019-08-07,113.59134674072266,119.02904986955959,112.9566602988529,119.02904986955959,7087110
2019-08-08,117.84547424316406,118.37723274835625,113.31691034635722,114.31182956729448,8306696
2019-08-09,118.85749816894531,120.38416485063082,116.98774844144104,117.84542988162757,7708548
2019-08-13,117.7082290649414,122.7685506849418,117.33084705356836,118.70313766238203,11053004
2019-08-14,121.60210418701172,122.40831653345451,116.98777288671914,116.98777288671914,6025432
2019-08-16,120.48712158203125,122.09955679150565,118.8232170981003,121.96232982236371,5180670
2019-08-19,119.04618072509766,121.48199804425735,118.70310815816653,120.76154355975324,3454752
2019-08-20,117.4166030883789,119.6980338959279,116.3359264395131,119.6980338959279,4697534
2019-08-21,115.15082550048828,119.24329035203492,114.64147042202937,117.94353600222504,8004410
2019-08-22,115.59400939941406,121.81688404449383,114.31988561830332,121.13365841216553,11576938
2019-08-23,121.63221740722656,122.16770999814707,113.8767095334877,115.2616216537982,9339236
2019-08-26,123.8665542602539,124.34666395474716,118.5854265139445,122.27852599260707,7892084
2019-08-27,126.414794921875,127.78124628337252,123.44185424918285,124.45745664016341,8821812
2019-08-28,129.46157836914062,130.18173716803483,124.64208877790568,126.30398329494442,10035400
2019-08-29,130.75416564941406,131.99135606909505,127.9658804112568,129.5539084738395,9832932
2019-08-30,131.1973419189453,131.76976775552325,127.46730967645024,130.64337706918198,8897562
2019-09-03,131.54818725585938,134.13335648447747,126.41477077124866,131.1050108799189,15730198
2019-09-04,134.26260375976562,135.3151391827819,128.88914945815452,130.55104393540867,14584568
2019-09-05,140.63320922851562,142.18431535878912,133.33933850556474,134.0594973382869,29854604
2019-09-06,139.96844482421875,141.20563517899637,137.93724047980396,139.22982506261337,14843534
2019-09-09,141.07638549804688,141.81500531740838,138.36195540780457,138.86052603996237,7140042
2019-09-11,142.59054565429688,143.2552989242092,139.78378833716351,140.33775315223812,9387752
2019-09-12,141.8888702392578,145.6373635269974,140.9471232177144,142.94139445385943,11277332
2019-09-13,150.88157653808594,152.15570038198703,139.3775737754301,142.36898664382522,25553156
2019-09-16,140.3377685546875,144.56637161536827,139.7838036788137,143.2922478926809,49680268
2019-09-17,136.1830291748047,140.30083241305235,135.77678602012665,140.30083241305235,30489784
2019-09-18,141.11329650878906,143.5692047671156,136.29379618456653,140.2269551192992,48256504
2019-09-19,140.28236389160156,142.73827240463007,138.73125784629755,141.4641487766701,25760746
2019-09-20,149.1457977294922,168.33143928949252,137.54946971757198,139.43294109474118,57665806
2019-09-23,166.5033721923828,170.99048526434547,152.17414117902234,152.52499009540966,62012634
2019-09-24,170.36265563964844,175.32987839839672,163.2349789406874,167.66669782595494,62666152
2019-09-25,171.802978515625,174.83131308367027,165.61703738358557,169.14394259546617,66318294
2019-09-26,177.28720092773438,178.02582067749339,171.10126052350248,171.80295830212793,41339080
2019-09-27,173.50177001953125,177.9334883982722,171.91374210865948,175.42218582516273,21898254
2019-09-30,173.6125946044922,177.08410557757585,172.11688267519918,174.59126363253176,26279222
2019-10-01,182.40216064453125,188.92047824296452,176.80711781274417,183.91633351591977,68201818
2019-10-03,196.3251190185547,199.3904089901078,182.58679853684256,183.2515630689782,51969202
2019-10-04,190.39773559570312,201.2739178675496,188.93896809085666,201.2739178675496,55031842
2019-10-07,181.201904296875,187.4063175200732,175.58840045163166,185.4120349984185,54898474
2019-10-09,182.01437377929688,183.08537016053975,177.8780986794948,180.96183838358945,21716066
2019-10-10,180.92491149902344,182.43908429074787,178.78291866127702,180.96184474183494,9259080
2019-10-11,180.2232208251953,181.90357626528578,176.75171021912647,180.2786150529177,14742088
2019-10-14,179.46617126464844,184.28566151142863,178.45056892164956,181.1649879856723,23112252
2019-10-15,181.07264709472656,182.6237532482891,180.20477780949753,180.94339764063318,11684324
2019-10-16,189.23440551757812,192.0411517967134,185.13505202200017,186.46456994237388,40761516
2019-10-17,189.5667724609375,190.30539228158474,186.16912804822658,189.23440706617907,16703674
2019-10-18,192.15194702148438,197.54388538232945,187.14780210966032,188.34805935062016,28373482
2019-10-22,197.2484130859375,198.91030767395532,192.90902166166876,196.47287129455106,27148144
2019-10-23,194.66323852539062,198.24554904979829,193.73996377893954,196.28821109549946,10594102
2019-10-24,189.47445678710938,194.22010295494184,184.89501586789834,194.22010295494184,28158152
2019-10-25,193.5738067626953,196.9160570853949,188.25573481102103,190.84090429346762,26762366
2019-10-27,194.5524444580078,195.36493071965063,192.41045161613985,195.3280087472114,2076306
2019-10-29,193.11216735839844,197.2114984789652,191.30253972304118,197.2114984789652,16633944
2019-10-30,193.92462158203125,197.43306567017572,191.46872424486273,194.6263194160152,15046050
2019-10-31,194.47860717773438,196.04817443718156,192.2442865283464,194.62634017145015,14271838
2019-11-01,191.81956481933594,194.1831345777055,190.56390218393977,192.0596027219736,10122286
2019-11-04,192.85365295410156,194.79253011676167,189.93609544536196,192.04116658728515,9362690
2019-11-05,191.11785888671875,192.8536197944468,189.6036974268691,191.67182369508606,6563058
2019-11-06,193.48146057128906,193.9800199069083,190.6008253938411,191.3025232018629,7611862
2019-11-07,189.52984619140625,194.46012436614848,188.45883845938218,193.62917708675008,8203706
2019-11-08,185.67056274414062,190.45313072827386,184.83961542206342,190.19460927544986,19724600
2019-11-11,191.15480041503906,191.8564982604508,184.28564510484108,187.1108636624798,17530142
2019-11-13,188.385009765625,193.1491059175324,187.38786838177316,189.82531633195347,14465586
2019-11-14,190.0653533935547,192.05961337458274,186.0583273624784,187.240123577655,10832162
2019-11-15,187.0739288330078,189.8068311604374,186.1321930785854,189.8068311604374,8330994
2019-11-18,192.68743896484375,194.99562582355054,191.02554442657487,192.04114664440584,34144672
2019-11-19,191.6533660888672,192.7428347393761,189.64062274146698,192.28119739093046,7099862
2019-11-20,201.1261749267578,202.3818376805474,192.7982406763656,195.32802717190575,37688996
2019-11-21,189.8622283935547,202.7511541296263,188.71737661245726,202.7511541296263,44625320
2019-11-22,188.12646484375,190.36079654897267,186.68615845692486,189.7514261845385,23624890
2019-11-25,187.38783264160156,190.12072352552656,185.8736598651,187.60942082579942,15397928
2019-11-26,183.41778564453125,188.4957974911154,182.58683825145383,187.9787658117341,24838188
2019-11-27,186.8338623046875,188.0710526320552,180.22321783886684,182.06976720196997,24415850
2019-11-28,188.34803771972656,189.9176047007243,185.4304919385488,187.0554531471402,15665952
2019-11-29,188.9204864501953,191.46873393319686,186.57537745739108,188.7173705008868,15058900
2019-12-02,184.67340087890625,188.16338375106295,184.19330254336143,187.62787991719574,8820042
2019-12-03,182.6237335205078,185.54127928423927,182.1805571615225,185.39355758805848,7580674
2019-12-04,185.09811401367188,186.22450462519095,181.77432513587968,182.43907840326094,8570876
2019-12-05,181.6450958251953,184.61803632717778,181.07265865724528,182.80841987942998,6266430
2019-12-06,180.40789794921875,183.36237734245057,178.56134832844884,181.3311727596037,9387226
2019-12-09,184.52569580078125,185.3197098597475,179.31842377270328,180.02012162385145,10948226
2019-12-10,179.59539794921875,186.02139915713994,178.81985618383285,183.14077520555094,14342168
2019-12-11,178.2474365234375,181.64509240787817,175.86539422299833,179.11531711820226,13760958
2019-12-12,181.608154296875,184.02712977984015,179.4846222435816,179.76160468531552,12828956
2019-12-13,183.45468139648438,184.95038189013056,179.55846670238094,181.88511441926232,15259514
2019-12-16,181.7004852294922,184.4333764524322,181.3681085471857,182.8084150174769,6012620
2019-12-17,183.1961669921875,185.94753018936342,181.36808979330692,181.70046644124488,12287138
2019-12-18,180.6848907470703,184.0086802549367,180.26018656404307,183.36238785062935,9314170
2019-12-19,180.94338989257812,181.88512562877298,179.3184173173062,180.5925409796345,9325412
2019-12-20,180.1493682861328,181.84819611392768,179.66926991478476,180.9433936032419,7468454
2019-12-23,182.0697784423828,184.45183177602348,180.22322896527953,180.22322896527953,14857646
2019-12-24,176.4562530517578,182.6052714619441,174.18499958380033,181.70045776368357,14856636
2019-12-26,176.23468017578125,178.9490987917756,175.1452115158449,175.79150380926131,20743272
2019-12-27,181.31268310546875,181.7373871970099,176.16080596987092,177.08408063428325,16908756
2019-12-30,182.08822631835938,182.7345185888115,177.8780960677881,181.31268461017098,16373046
2019-12-31,181.53427124023438,183.17770475274585,179.61386658170548,181.7004651982882,11589904
2020-01-01,181.57122802734375,182.40217538447428,180.40790398144998,181.70048875920858,4766592
2020-01-02,180.05702209472656,181.58966706719207,179.65079025524406,181.40501213272083,6424966
2020-01-03,178.56134033203125,179.7615975317812,174.62819207001635,178.7090620409886,22655540
2020-01-06,173.26173400878906,177.26874860104726,171.78449443711366,175.42219913645303,15332634
2020-01-07,170.25184631347656,175.32985691393273,169.827142226436,172.80008210616242,23454588
2020-01-08,169.8456268310547,171.50752144049838,165.65395706203572,166.18946094436743,24743076
2020-01-09,173.77877807617188,175.2006235200381,171.89530650347157,174.36967620133703,12999312
2020-01-10,173.66799926757812,175.31143300859122,172.24615374463175,174.97904504626862,8708498
2020-01-13,173.85264587402344,175.88385044610442,173.20635351017947,173.94497335457257,7338838
2020-01-14,174.81285095214844,176.8071222439971,174.35121355725548,175.01596689772364,7216716
2020-01-15,172.8185577392578,174.66510708460538,171.0643358611776,174.498913135347,9956518
2020-01-16,170.5472869873047,173.39097738659297,169.93792797901216,172.83701260261023,6370550
2020-01-17,167.62979125976562,171.82146162661584,166.9281045786789,170.62120423749923,11132598
2020-01-20,168.83001708984375,172.35693336700558,166.78035167051638,168.01754207904494,11681302
2020-01-21,171.3043975830078,172.28306655371512,168.05446373462655,168.99621073207382,8398840
2020-01-22,168.2021942138672,172.2646030112381,167.70362360737388,171.80296564790052,7460864
2020-01-23,173.20632934570312,174.24039247541077,168.77461089762542,169.6978855743083,11131352
2020-01-24,172.1353302001953,174.75743249379758,171.61829864367547,173.29865401997554,7871260
2020-01-27,172.74472045898438,174.2404211733803,170.9904982843608,172.28308304460975,8828966
2020-01-28,177.61961364746094,178.09971204370368,172.68932387489934,173.2432887646154,15217662
2020-01-29,176.9179229736328,179.817008268599,176.03158136809057,178.72755070340258,14264654
2020-01-30,173.44639587402344,178.93065025672388,171.78450128959565,177.28721665950104,10891876
2020-01-31,168.75616455078125,174.53586227407897,168.42377662198865,173.57565427294836,13892950
2020-02-03,169.99334716796875,171.17514338886343,163.40117428682407,164.80454743749797,18802900
2020-02-04,176.7147979736328,177.6750060265335,170.6211842504041,171.72911401826386,15683820
2020-02-05,185.2827911376953,187.59097813477422,176.53014153659439,177.26876137565964,30234094
2020-02-06,182.82687377929688,188.34806166369475,181.77434950988476,185.87368065915078,22467954
2020-02-07,181.4788818359375,183.029987917534,179.48461063848748,182.7345332365213,9022030
2020-02-10,179.28150939941406,183.01153066300787,178.5059562950386,181.70048492427279,8848392
2020-02-11,177.6380615234375,182.42062922647676,177.28721261100375,181.25729402758785,7943310
2020-02-12,175.32986450195312,179.3738121724187,175.01594885170516,178.3766709940882,7549204
2020-02-13,173.20632934570312,176.71477311709796,172.83701947502996,176.41932972873659,8083000
2020-02-14,175.9577178955078,178.93065827717788,173.53873112970032,173.9449743004144,23043576
2020-02-17,170.49191284179688,176.69632591536146,169.88255376174024,176.69632591536146,9025984
2020-02-18,173.85264587402344,174.49893823786738,168.4053245216244,170.52885657425452,11940592
2020-02-19,175.62530517578125,177.63804848698138,173.39098495766686,174.86822444612406,10786834
2020-02-20,174.22195434570312,177.26876117845788,173.77877793457927,175.36681734906952,8752120
2020-02-24,171.599853515625,175.68073492817754,170.99049439659427,173.94497378141665,12382886
2020-02-25,168.68231201171875,173.77878458238425,167.9990863811182,173.5018021324471,11044046
2020-02-26,165.74630737304688,169.7163894869577,163.67818059052897,168.99624181925986,14491090
2020-02-27,163.99205017089844,166.06018778407463,161.94238481426578,165.02612461270817,12178324
2020-02-28,157.45529174804688,162.09012688604975,155.29482639195334,162.09012688604975,12199026
2020-03-02,152.2849578857422,163.17960124971398,150.12449245608587,159.54189604189202,15624380
2020-03-03,156.9567108154297,157.75072486311308,152.70964687571805,153.30054498228847,11415592
2020-03-04,154.63006591796875,158.3231650679518,149.71823728622476,155.88571737487416,15457514
2020-03-05,154.51925659179688,158.48933793164696,154.02068598340145,154.61158406481667,11450828
2020-03-06,148.8688201904297,151.36166196931904,146.98533748118012,147.7978237543289,15762914
2020-03-09,156.53201293945312,167.81442656608218,149.86596207462466,152.8573747016083,79590744
2020-03-11,149.3489227294922,156.34734990937807,148.11173229861066,156.34734990937807,29496116
2020-03-12,127.15339660644531,144.97259963804726,122.07538537982299,144.51096225380888,35196480
2020-03-13,138.87899780273438,146.50525704570998,101.72642702257977,124.75289266141701,50824080
2020-03-16,134.66885375976562,143.01525981452107,129.1476774769006,129.2584659395284,33314334
2020-03-17,131.91749572753906,142.42435521720714,130.7356995846978,134.79810832885508,19649626
2020-03-18,122.81400299072266,135.18588466629973,121.20751393875645,134.41034289105139,20417518
2020-03-19,110.88530731201172,118.17917848407576,105.40105255639612,114.85538908921113,27434876
2020-03-20,117.38513946533203,119.28708296124483,110.27592476872533,112.63950558259961,20390122
2020-03-23,104.92017364501953,116.08023403645183,102.17397305626264,111.01633120935828,18697444
2020-03-24,102.38821411132812,110.23726049332706,98.16180086331597,108.17275118256752,19533962
2020-03-25,106.63409423828125,107.88059799443913,98.39551728011946,98.39551728011946,14919242
2020-03-26,109.96458435058594,111.5616636509882,104.58906190171545,107.1210131209376,12626898
2020-03-27,108.58175659179688,118.41741346692824,106.80939545446313,112.96397995200391,12155778
2020-03-30,107.02364349365234,112.76922581041804,104.78384021762504,104.78384021762504,13666176
2020-03-31,123.4423828125,128.42838720104433,109.0686899753943,110.62681411789994,33090992
2020-04-01,118.0083999633789,123.05281837285257,114.32732792095872,121.53365012381303,25195590
2020-04-03,123.53973388671875,126.98708504536646,111.85380581505926,117.24881165231689,28641760
2020-04-07,136.76434326171875,139.95849048763915,124.45516067361186,127.37664331853233,21185186
2020-04-08,133.33644104003906,141.86717845808184,132.53790733791314,136.3358341462736,18356498
2020-04-09,134.34922790527344,138.92621675949985,132.14838032308995,134.44661064685272,15853988
2020-04-13,136.37481689453125,138.10822285712285,130.9603379187506,134.3882062507077,9908612
2020-04-15,137.8355255126953,144.2627860234501,136.7643154275695,138.08871824621687,12598234
2020-04-16,138.43930053710938,142.17880012334115,136.16054204803518,138.08872505129983,11831216
2020-04-17,140.27011108398438,142.5683415344909,137.97188063347784,142.5683415344909,8840986
2020-04-20,143.5032196044922,145.2561091238163,140.69860350609932,141.06865082765313,12420738
2020-04-21,138.38088989257812,143.9122349332381,137.54340060711965,142.86049646193675,10283406
2020-04-22,138.94569396972656,140.23114134369396,131.33035680034294,139.14045944381502,14252248
2020-04-23,138.34190368652344,141.36076831272715,137.30964912732958,139.0041110047068,8341956
2020-04-24,136.51112365722656,138.9262083700257,135.16723714957035,137.1148918635411,6912420
2020-04-27,138.43930053710938,142.41252107639468,137.23175218595077,137.5823395593018,9902396
2020-04-28,139.88055419921875,146.0156661212236,137.97185508988085,140.15321870767266,22200402
2020-04-29,140.52328491210938,142.1787913871654,138.30295382584146,140.2311367106289,11648158
2020-04-30,144.12643432617188,145.45083702085037,139.45206348316088,141.88663163056245,16016718
2020-05-04,135.51783752441406,141.01022720464508,133.0443132056085,141.01022720464508,14509120
2020-05-05,135.18670654296875,141.86717160338443,134.48555561339674,137.8939513023677,26356086
2020-05-06,133.9207763671875,134.95304320699017,121.67003141625491,125.13685554249125,41361302
2020-05-07,128.36993408203125,133.21959970344562,127.84407675113061,133.21959970344562,17100430
2020-05-08,126.50018310546875,130.99926107521924,125.1173529104488,129.71381362315964,16997368
2020-05-11,122.62434387207031,128.68155755208963,121.26098548517449,126.98709546515363,21372716
2020-05-12,121.72842407226562,124.57199530357718,120.20925571735204,120.94936215820313,16622240
2020-05-13,123.30601501464844,126.36383528882972,121.8258021891097,126.20802528943737,15241920
2020-05-14,120.63773345947266,123.2281117596676,119.68337792846057,122.09847444313979,9664168
2020-05-15,123.94877624511719,126.34438965850767,121.18310360494444,121.92321017096556,27767190
2020-05-18,114.54158020019531,125.2342103829305,113.68461917457924,124.86415119598897,20378694
2020-05-19,114.24945068359375,118.57324765833607,113.66515411640003,117.44361000593705,12045836
2020-05-20,120.32611083984375,121.29993823720011,113.76251180415358,114.52210192910812,17342228
2020-05-21,122.0011215209961,123.09180363361835,117.48255926326595,120.75461748867623,14931316
2020-05-22,122.7801513671875,126.20801872570914,119.68337578232757,121.14411673980105,17078040
2020-05-26,121.98162078857422,125.00048580386127,121.55313434437996,122.70225546005432,12212502
2020-05-27,128.33096313476562,129.09054127721663,121.82579217868172,123.40338761015227,18130652
2020-05-28,127.1623764038086,130.2396683624177,124.76675168274822,130.06437468952137,18552604
2020-05-29,133.53121948242188,135.22568167741247,126.9871035630253,127.76616554807454,26722320
2020-06-01,134.89456176757812,138.94569311369236,132.479477036285,134.11549987602402,20423126
2020-06-02,133.0637664794922,135.55676202426952,131.38877636793242,135.55676202426952,12639442
2020-06-03,135.9657745361328,137.87448571792243,132.1289041549817,133.9986479763798,20167782
2020-06-04,139.15994262695312,139.9974318565768,132.05100224083165,133.21959518101602,32779676
2020-06-05,143.97064208984375,145.10027947198316,137.19280590946607,138.92621151157306,21970108
2020-06-08,153.51414489746094,155.22807864552445,146.69735348893727,147.86594630182705,29583292
2020-06-09,148.60606384277344,156.61092045595856,147.80753011580404,155.8123867289892,19643304
2020-06-10,147.61276245117188,149.71622726342275,145.2755766847728,149.71622726342275,14983264
2020-06-11,144.1459197998047,150.55370852705943,143.34738612666976,147.2426955322858,16965850
2020-06-12,145.6456298828125,146.8142228134917,138.38087954126505,138.38087954126505,15636964
2020-06-15,140.62069702148438,145.66512844250784,138.8678074464243,145.64564475914787,13054104
2020-06-16,140.1337432861328,144.96392413794533,138.92619510129472,144.04852413230003,11469976
2020-06-17,142.02297973632812,142.7630861272834,138.96515955227383,140.13375234458448,10041494
2020-06-18,144.2238311767578,146.63892777052072,140.13375628855806,141.82821826260616,12301976
2020-06-19,148.2360076904297,149.77465979575396,144.5159916364752,144.9055226112366,13271548
2020-06-22,150.02784729003906,151.68335387471276,147.88542700399074,149.19035810118302,20792714
2020-06-23,152.69613647460938,153.04671196145603,148.89820961076384,150.3589507122429,8346306
2020-06-24,147.45697021484375,153.63103956705152,146.07413977994452,152.69616744996864,8117432
2020-06-25,144.2238311767578,149.69673615309443,143.07471014362818,147.24269597519097,13394304
2020-06-26,153.33885192871094,154.6243111613511,145.29504040701062,146.61944322356098,24376122
2020-06-29,149.3267059326172,154.09846051341825,147.379051001678,153.04672209569415,12024496
2020-06-30,145.68455505371094,151.62490121566037,144.98340419616878,150.70950123286846,9018244
2020-07-01,148.08021545410156,149.34619127404824,145.72355752891048,146.85319511381576,10365588
2020-07-02,149.38514709472656,152.44296799816382,147.53487473827298,149.1709097874177,13185606
2020-07-03,150.125244140625,152.13132640133233,149.30722666792167,150.74849611447243,6962106
2020-07-06,151.99501037597656,154.5464338291019,150.12525432755965,151.13803736784254,9926808
2020-07-07,147.96334838867188,152.4039992809469,147.16480272956258,152.0144682923694,9853948
2020-07-08,147.3011474609375,150.9237929472846,146.522085449363,148.95665423553328,8446692
2020-07-09,146.7557830810547,148.72290959228732,145.33399751365022,148.60605506416022,5702054
2020-07-10,146.59996032714844,148.21651122582222,144.26277486760853,147.18425669203341,11766114
2020-07-13,148.00228881835938,149.6577953515064,146.2493995479684,147.24269871284017,10277456
2020-07-14,145.5872039794922,150.32000301563147,144.94448023909786,147.82700711763823,9482614
2020-07-15,143.97064208984375,148.9371617227774,143.4253011351083,147.18427244056554,9807552
2020-07-16,153.43624877929688,154.35164894867756,140.34800563289116,145.19767102995473,26616036
2020-07-17,172.8738555908203,174.2761695889801,152.69615424868925,157.5652918203949,107684344
2020-07-20,170.34188842773438,174.50987456179394,169.48492742625064,171.7831577717659,28745778
2020-07-21,180.82028198242188,187.3643975579101,169.60178285474538,170.22503478753995,98290940
2020-07-22,175.5226593017578,181.11243115743525,174.39302185440974,181.05399200128844,25364622
2020-07-23,178.2299041748047,185.9620968970995,172.5817046786132,173.73082588285544,72915804
2020-07-24,174.66567993164062,180.54759979993426,173.45813157920287,176.0679937639057,22294340
2020-07-27,178.28829956054688,181.75512222950871,172.95172141939204,176.84703046036935,40099526
2020-07-28,179.76853942871094,184.52082193243888,178.01565009516986,179.6127294210156,30188154
2020-07-29,176.76914978027344,182.16415610294214,174.04243298488552,180.74237043714112,20079062
2020-07-30,163.25245666503906,171.3546973148907,162.1033353742349,169.7381459217164,49057034
2020-07-31,161.1879119873047,166.71925656286513,160.0582745423077,164.0314952247572,22379048
2020-08-03,162.7460479736328,166.81665170187728,158.98707617969217,161.26583492020362,28463794
2020-08-04,159.14288330078125,164.7716109352654,152.3066190914628,162.84342775441016,51231218
2020-08-05,159.8830108642578,161.6359004427487,157.79901754343223,159.66876167213852,22069412
2020-08-06,159.5323944091797,164.9663558687268,158.24694704054372,160.4867499832714,25134282
2020-08-07,163.505615234375,164.14833892032533,160.11669123566813,160.68151586463298,18237588
2020-08-10,161.71377563476562,165.3169370140587,161.0710519284,163.99253412782684,16504844
2020-08-11,167.20616149902344,168.6669025721075,161.88906637050567,162.4344073269488,25534582
2020-08-12,164.30416870117188,169.09540706535014,163.77831136870745,167.49832761062405,18101040
2020-08-13,164.0509796142578,166.0181183128726,162.23966282695167,163.60302133810254,11681234
2020-08-14,160.97366333007812,165.94018288835642,159.18181860213227,165.94018288835642,28445040
2020-08-17,158.88966369628906,163.13554844848036,157.01991999052024,163.13554844848036,22849152
2020-08-18,156.7082977294922,160.23355998875027,156.20191224530947,159.70769082438125,27093554
2020-08-19,157.253662109375,160.0777617274555,154.89699253693425,157.72109215501476,33242206
2020-08-20,160.6620330810547,163.54455951822158,155.85132383040667,157.253637523162,36899472
2020-08-21,159.74664306640625,163.21346610253178,159.02600843999664,163.21346610253178,17126912
2020-08-24,159.61032104492188,162.1617442407146,159.16236278984545,161.0321067621394,13081806
2020-08-25,160.83734130859375,163.40824818677615,159.0649800820854,159.70770382974547,25017896
2020-08-26,159.74664306640625,161.9669623223886,159.31815664901072,161.26581137577125,10814154
2020-08-27,160.8568115234375,162.9992317613024,159.5129249828512,160.33094236027148,15646796
2020-08-28,161.67483520507812,164.38208038347227,161.07106691603266,161.46059791220202,17487384
2020-08-31,158.85072326660156,166.09600161566973,157.0588903320556,162.6291783938833,37997902
2020-09-01,158.63645935058594,160.38934840418358,156.0071257701895,158.90913573616146,12040094
2020-09-02,161.24632263183594,161.85009077864166,158.30535717108404,159.2207571739345,10307040
2020-09-03,161.03208923339844,163.05765488918095,159.82454093427967,162.04487206128968,8794738
2020-09-04,157.11732482910156,160.09723448023993,156.04611462272527,159.31817251196625,9733000
2020-09-07,155.89028930664062,160.09721876741014,154.3321655230162,160.09721876741014,16616944
2020-09-08,160.5257110595703,163.583531474337,155.61761858404213,156.00714954420246,37280122
2020-09-09,158.13009643554688,159.51292657513775,155.4228515347496,158.1495682283417,13471164
2020-09-10,167.6151580810547,168.86166183926747,157.95479556129862,159.12338837679528,50834954
2020-09-11,167.0113983154297,169.8354977621629,164.51840256064935,167.8878429713124,25168858
2020-09-14,162.49285888671875,167.30356925083458,161.3242658535348,165.90125523350525,12050202
2020-09-15,161.42164611816406,165.7454426518067,160.6620677908284,162.6291946113497,16667382
2020-09-16,160.895751953125,163.79776224615293,160.25302827187897,161.6553420503055,10001736
2020-09-17,161.88906860351562,163.2134714838717,160.31146109029942,160.8762857346993,13708168
2020-09-18,160.50621032714844,164.7326231733896,159.5518667086683,163.60298588644363,19110716
2020-09-21,156.377197265625,161.92801304162745,155.44231351963418,161.07104023698272,11706332
2020-09-22,152.7545623779297,157.29259564851742,148.87873648911932,157.00044743082884,15913160
2020-09-23,151.0016632080078,154.72169073609953,148.50866762408862,154.60482432413323,11588706
2020-09-24,146.95054626464844,150.41736923307894,146.21043986043935,147.32060541052337,9254902
2020-09-25,146.36624145507812,148.6060442185291,142.29563863431207,147.63221693007216,26544582
2020-09-28,150.02784729003906,152.1313121024691,146.3467868401719,146.85317233458485,14260844
2020-09-29,150.57318115234375,153.4751914306038,147.3011236110269,153.4751914306038,17532748
2020-09-30,137.5238800048828,153.66994062535062,135.8683736736845,150.9432243151416,87189586
2020-10-01,137.62127685546875,140.8349071223425,135.3620021501375,139.45207703524957,32424524
2020-10-05,137.95237731933594,139.62736746102715,136.72535725989627,137.62127364931808,13176802
2020-10-06,137.13436889648438,140.38695477062677,136.41374613480818,138.94569735973292,13773544
2020-10-07,133.31698608398438,137.77712083363005,132.83007232911226,137.50444437588453,20549154
2020-10-08,132.4600067138672,134.3881898449199,131.5056629330011,134.34923436890568,19178934
2020-10-09,134.38818359375,136.4137493768464,132.28471874979095,132.63529424252718,26861436
2020-10-12,133.0637664794922,136.25791293489613,132.61580829283963,135.16723109891242,9593558
2020-10-13,132.08995056152344,133.88179535025694,131.66146412915694,133.37539797108147,10558800
2020-10-14,129.67486572265625,132.01205169021705,127.96093172395351,131.56409342394306,16178274
2020-10-15,127.24030303955078,131.93415887948692,126.5975792455053,130.10335836307314,10821450
2020-10-16,132.4210662841797,133.76494108216045,127.57140064950956,128.11674166409054,26906266
2020-10-19,135.03091430664062,135.47887256431684,132.8495384012763,133.99865956828873,14750554
2020-10-20,133.74546813964844,136.23846410458265,133.08326069992012,134.75825109377428,10486228
2020-10-21,136.1605682373047,141.4192371985301,134.42716226779737,140.42593781642728,34108526
2020-10-22,136.0826416015625,136.64745435418118,133.99864861335237,135.8294488581444,11658856
2020-10-23,136.93960571289062,138.41983050941232,136.14107199127747,136.296881999453,10095206
2020-10-26,134.8166961669922,137.77713446706693,133.43385383379353,136.9396332157795,10164184
2020-10-27,135.80996704101562,136.29688074178475,133.23906032344635,134.77771237289338,8717246
2020-10-28,134.5634765625,136.18002768911978,133.39488366794956,135.65415850906373,7743220
2020-10-29,133.1416778564453,135.36200909152433,131.73937590538648,133.99865072657374,14722436
2020-10-30,138.0692596435547,140.01691452983678,133.80389068758006,134.32975988438466,33648648
2020-11-02,134.9335174560547,138.14714776386904,134.29079377200003,137.81604408191933,8690720
2020-11-03,136.6669464111328,138.86779406580334,135.75154623262964,135.75154623262964,13322292
2020-11-04,135.8878631591797,137.48494230092695,134.0765467674896,136.5305867965484,8101954
2020-11-05,142.6851806640625,143.63953623610527,136.6085074207849,138.166631203685,27315846
2020-11-06,141.18548583984375,144.14591130358642,140.73751577456935,143.3473776775185,11623324
2020-11-09,146.288330078125,148.0217474013942,142.37354914528837,143.4447591593774,23414854
2020-11-10,149.11245727539062,149.94995840863604,144.96395463559543,146.46365131513386,16074814
2020-11-11,153.4752197265625,155.1891538130053,148.64503752384428,149.1124676087597,22991936
2020-11-12,153.7283935546875,154.2153072628219,150.78743951257235,153.86473177047347,13222638
2020-11-13,153.4752197265625,155.96821584207416,149.268289524608,152.61824673956949,19115708
2020-11-14,160.81787109375,161.63588854768844,153.96212331378095,154.85803983294917,16811038
2020-11-17,153.7283935546875,161.65535110062402,152.73509434510999,161.65535110062402,44296492
2020-11-18,149.20982360839844,153.6504858878946,146.9895043561914,153.6504858878946,42174930
2020-11-19,149.4630126953125,154.05947260981833,148.82027719335602,149.20980809755278,33181436
2020-11-20,149.3072052001953,151.87811179295107,147.45693322710045,151.02115085372645,18928924
2020-11-23,153.65048217773438,154.078956696514,149.1903482137179,150.35894101956947,18370378
2020-11-24,151.81968688964844,155.61761363031314,151.274345940292,155.03331720867243,14237058
2020-11-25,148.82028198242188,153.24146026483746,148.4891902132319,152.30658844218883,14976356
2020-11-26,147.2427215576172,149.89152766659944,146.0936003248355,149.463053066281,16774012
2020-11-27,145.2950439453125,149.54092891097827,144.5159820474824,148.17757058977563,27707056
2020-12-01,147.74911499023438,148.58661621514483,144.51601219480207,146.03518083497457,9807172
2020-12-02,149.774658203125,151.91707854153123,147.18427962601496,148.52815434212647,19302512
2020-12-03,153.43624877929688,154.9554172053212,149.05402530756785,150.74848742747815,37347498
2020-12-04,152.81298828125,155.34493947863908,151.44962994419436,154.3711120950279,14825638
2020-12-07,153.86474609375,157.76005612143987,152.48191578893721,152.7545803583498,20185302
2020-12-08,152.0923614501953,155.42284625784708,151.54700861995954,155.42284625784708,11461924
2020-12-09,153.9231414794922,155.3449269675492,152.30659053039884,152.7545487132743,16825160
2020-12-10,155.5397186279297,156.39669155585543,150.78744771068813,153.90369561217466,14788112
2020-12-11,154.7996063232422,158.69491605401095,152.69614144613544,156.2019202038273,29170228
2020-12-14,157.9353485107422,158.14958580546156,155.2670587865159,156.3966963076178,22254470
2020-12-15,155.2670440673828,159.4155464414981,154.68274762349216,159.04548727201737,17578662
2020-12-16,155.65658569335938,158.1301098527889,155.15018827477138,156.90307772652645,14206982
2020-12-17,154.02052307128906,156.80566676600887,153.59203668266903,156.78619497506534,12233988
2020-12-18,153.41676330566406,155.42284527189082,151.62491860171303,155.03331433135978,13147766
2020-12-21,143.09420776367188,153.08567501500542,139.31575250574014,153.08567501500542,25446600
2020-12-22,145.10028076171875,145.91829814486357,139.06255095821098,143.0941987206422,20183368
2020-12-23,145.84039306640625,146.93108691699481,143.8927382127215,145.29505208488288,11965506
2020-12-24,147.06741333007812,148.5086826776385,146.28835138816262,146.61945509098507,12131772
2020-12-28,149.09298706054688,149.77466629596412,147.4374803459621,148.0217768334626,9806128
2020-12-29,148.60606384277344,150.20314318425392,147.10636724299857,149.77465674324085,8034014
2020-12-30,149.1319580078125,149.65782727862387,147.5543501953784,148.80085425303915,6183434
2020-12-31,148.4502410888672,149.79411567650595,147.8464610096028,148.80081655140162,8594440
2021-01-01,148.78135681152344,149.57989053462128,148.17757668335088,148.45025311382128,5723498
2021-01-04,154.00108337402344,154.60485166958077,149.77466964249393,149.93047966513362,16477784
2021-01-05,152.69613647460938,153.767346615694,151.52754359342615,153.74787482269087,9064136
2021-01-06,150.8653564453125,154.62434022744404,149.01508413521293,152.92987794489684,16144720
2021-01-07,152.77407836914062,153.8647605241678,150.98223321084404,152.30663636696102,13121606
2021-01-08,155.8708038330078,158.14956221784206,153.57257365611878,153.86472186218623,24755912
2021-01-11,156.49407958984375,157.66267259238148,154.0010835619385,157.37052434174706,13668006
2021-01-12,156.80567932128906,159.31815870626997,154.81908098437344,156.39667657840437,16662142
2021-01-13,160.44778442382812,165.55064188047555,157.62368523880824,158.14955436111313,42362294
2021-01-14,166.21286010742188,167.49830747957427,160.09721947466284,160.48675042228976,25200192
2021-01-15,161.49952697753906,167.30353549376093,160.2140677678798,167.2645800230063,17655902
2021-01-18,159.5323944091797,162.39544924391373,156.59144051765801,161.26581187639408,16787164
2021-01-19,161.0515899658203,162.82395118663885,159.02602409556295,160.8762962681384,11094214
2021-01-20,161.20741271972656,162.39547755887088,159.4155676756136,161.65537100886903,9874786
2021-01-21,159.0454559326172,164.77156470945067,157.79896423045932,161.65531762274713,17536476
2021-01-22,154.27374267578125,160.8568258673717,153.8452681000333,159.31817371341106,15404838
2021-01-25,150.8653564453125,156.9225708245854,149.85258532245038,155.81240506101705,12060426
2021-01-27,148.2554931640625,152.01446473844646,147.92438945400397,150.18366437991727,12066876
2021-01-28,149.69676208496094,151.80023904473742,146.56104221582558,146.8531904727342,16311766
2021-01-29,149.424072265625,154.46849085012624,148.54762764297573,151.87811245402656,16517910
2021-02-01,153.0856475830078,154.99434666391392,148.2554666779985,151.13799303360568,27876736
2021-02-02,158.92864990234375,160.09724291633157,153.18306758357028,154.5464260998894,17753676
2021-02-03,161.6164093017578,162.43442677814912,156.72780001345168,157.7600547845333,17018506
2021-02-04,163.03817749023438,164.5768295272214,159.92192983054733,161.11000638332786,15198682
2021-02-05,161.6553497314453,164.49892100784928,160.91524327885784,163.79777002909097,7722568
2021-02-08,163.62246704101562,165.31692901217394,162.04487148470255,163.60299524897854,12645654
2021-02-09,163.3498077392578,170.63402943769694,162.2980694097171,167.8878409703447,45154044
2021-02-10,161.96697998046875,165.53119802905408,159.33764581268488,164.45998781254954,19160592
2021-02-11,164.3625946044922,164.71317009370867,161.38267322729814,161.65534965643405,11459318
2021-02-12,162.86288452148438,165.8817492347487,161.4995262638811,164.77158370462078,10941890
2021-02-15,163.21347045898438,165.51170072039736,162.43440854748565,164.6936833358154,11037552
2021-02-16,162.80445861816406,164.61577508373196,162.12277948367307,162.74601946803224,10795324
2021-02-17,166.7535858154297,167.64465898659128,162.64245412494057,163.83731712988597,17178862
2021-02-18,175.05682373046875,175.92764994964563,166.34853681722777,168.2319545379443,41510988
2021-02-19,174.16574096679688,180.1602778046154,171.53300302194995,177.00099721509358,48892610
2021-02-22,171.14822387695312,176.2921940467357,169.30531214597477,173.88222114246827,19380682
2021-02-23,176.2921905517578,179.30971834409527,172.46458951162367,173.35567502849477,28795656
2021-02-24,177.68959045410156,180.2413165075537,176.63649264955026,178.21613317600816,11981366
2021-02-25,186.94464111328125,189.47611990834105,178.96542736769456,179.00593350056278,37621658
2021-02-26,182.20574951171875,188.88885460486742,178.3173949853755,184.27143901265782,36883078
2021-03-01,184.3928985595703,187.87621553498437,182.30696269545862,184.6966759871808,12185500
2021-03-02,189.962158203125,195.38964596535288,187.12690211054104,192.18985941872668,53200666
2021-03-03,188.8888397216797,194.41758739096272,187.24843391162602,194.41758739096272,17675284
2021-03-04,187.89649963378906,191.44057032451326,186.01308168172318,187.12693247023648,12556622
2021-03-05,187.04588317871094,192.1696056804563,185.5472552853748,187.53193200725707,17793026
2021-03-08,189.0305938720703,191.5620727252921,187.0459045625552,187.1269168301529,11349538
2021-03-09,180.60581970214844,183.88661867488278,177.14276167360097,180.7273381000934,399581906
2021-03-10,180.4438018798828,183.03603359860264,179.04642069207424,182.67150313765916,23491604
2021-03-12,185.3245086669922,187.93699992489826,182.67152363389897,185.10174346051403,52792772
2021-03-15,186.53961181640625,188.34202973341863,182.793023052892,188.11926453501792,33839076
2021-03-16,183.82589721679688,188.5850781427628,183.09682378616333,188.15978221804195,30782874
2021-03-17,174.99607849121094,180.92987526171316,174.20626444555595,179.02619807543948,57699598
2021-03-18,172.91012573242188,177.60855286414517,171.65450977366376,176.19092473410066,26361962
2021-03-19,175.36062622070312,177.56806859281895,169.79137216700036,172.54561650017274,26622950
2021-03-22,177.9528350830078,179.02617961534168,175.92765205568494,177.50729234484953,27343862
2021-03-23,176.79847717285156,179.10719075376744,176.23142840091634,178.98567235645095,17089478
2021-03-24,174.14549255371094,176.79847736134502,173.618937552917,176.1706755704503,10317086
2021-03-25,171.6866912841797,175.0675605092044,170.10894981126657,174.7602087614749,20898974
2021-03-26,173.83815002441406,176.95263766720387,172.69069601891442,174.53480646822783,19204862
2021-03-30,176.54283142089844,177.8132210923107,172.73167491283576,175.76420952750837,17153798
2021-03-31,175.37490844726562,176.68626837205346,174.37088775735634,176.41989936437582,10018670
2021-04-01,179.24754333496094,180.2925468191925,175.41588890512867,176.46089238936025,9156394
2021-04-05,175.4158935546875,179.08362964484968,172.56777468303417,177.89520531320133,11510442
2021-04-06,175.43637084960938,177.73126627948443,173.87911457289908,176.2149927348775,9190874
2021-04-07,175.47732543945312,176.82966783876398,175.19045886690986,175.80516223135515,7430944
2021-04-08,176.44036865234375,178.67379610613978,175.92811579653485,176.03056636769662,6708234
2021-04-09,174.411865234375,177.1370480883455,173.96108019318143,176.2149928929753,8179184
2021-04-12,165.53965759277344,171.87109614061012,164.740538040109,171.27689026083695,12368094
2021-04-13,167.77308654785156,169.04347638678132,164.82251700916956,165.9699586342944,8064312
2021-04-15,165.90847778320312,170.6416897487627,165.27327666041205,167.60915497177962,14440358
2021-04-16,169.57618713378906,173.32588819249017,165.68306527469178,165.9699318878316,22292626
2021-04-19,167.50669860839844,169.00247457791747,163.92092830179664,165.96993990556908,11256462
2021-04-20,167.2403106689453,169.8425576123876,166.42070612021848,168.79755430905712,7026888
2021-04-22,171.4407958984375,172.64970518814005,165.3552291998836,165.96993265415827,15611348
2021-04-23,173.36685180664062,174.14548615370737,170.4777506975292,171.01048866598967,47680532
2021-04-26,171.66619873046875,175.5388358686265,171.11296306699265,174.57579786274957,12888196
2021-04-27,172.26040649414062,173.3873628661651,170.7031501854568,171.0924673891713,10816330
2021-04-28,171.09246826171875,173.89961664940338,170.02697973059057,172.93657869807262,19805066
2021-04-29,171.9325714111328,173.34639452497686,170.8875804182396,172.93659217385397,13265608
2021-04-30,172.85462951660156,179.2885315364957,169.92454515958306,171.0924843805416,33702940
2021-05-03,170.47776794433594,175.8256833064661,170.23188404702748,171.70717492470374,16118782
2021-05-04,172.711181640625,175.98959998943326,171.50225987203254,172.48578287544032,19987878
2021-05-05,174.0840301513672,176.87069358503004,172.52678625180192,172.95707370910483,13778662
2021-05-06,177.85421752929688,178.26401987383443,173.81766193436698,175.39540346207156,12787288
2021-05-07,181.6038818359375,183.18162314953392,175.3953796599564,178.28448079440926,24054728
2021-05-10,185.9273223876953,186.46006041498256,182.36203710915876,184.00124643148828,19405820
2021-05-11,189.4311065673828,190.1482605673675,183.1406389805682,184.24711015444248,21695878
2021-05-12,184.1037139892578,191.78750839615503,182.9767574762462,190.14829892268364,15235594
2021-05-14,181.23507690429688,185.8453530267917,179.9442020912332,185.8453530267917,9799430
2021-05-17,181.8087921142578,182.99721631061104,179.53439429892964,182.3620277333353,6063462
2021-05-18,183.77584838867188,185.394559987154,181.41948513865367,183.26359550823315,9934246
2021-05-19,182.9562530517578,186.17319129900082,181.23507828378908,184.41104630345978,16215214
2021-05-20,186.3780975341797,187.62800216351513,180.9277314642278,183.59144664999786,18799814
2021-05-21,188.93934631347656,191.7874773145272,188.11974170956833,189.7384658047566,23987738
2021-05-24,193.7750244140625,194.47168083602548,188.75494612616544,191.3571932909224,22941220
2021-05-25,194.41021728515625,196.2953104504244,192.19728726774332,195.39374034776486,21199352
2021-05-26,193.5086669921875,196.9919868289359,191.9923933548977,196.15188454107408,25944614
2021-05-27,191.7260284423828,199.98354314263145,190.96789160751283,198.75413611511527,102988808
2021-05-28,193.2218017578125,196.66413888492457,191.99239474768856,194.65610993629042,29313704
2021-05-31,193.42669677734375,194.0209151491507,191.91042317725498,194.0209151491507,13495562
2021-06-01,192.95542907714844,195.3527752026142,192.64807733045217,194.0004200134459,8869530
2021-06-02,194.51268005371094,194.8405294325744,192.19729931163943,192.60710165558748,12676710
2021-06-03,194.20530700683594,196.04941735244958,193.8774701700852,194.4511908874858,12184524
2021-06-04,195.98797607421875,197.85257178505273,194.2668011825448,194.57415294847405,17759466
2021-06-07,197.27883911132812,198.91804843091734,196.1928654383352,197.0329552121548,12523390
2021-06-08,199.75816345214844,200.6802187532291,195.16837206207666,198.26237484767722,15198964
2021-06-09,198.77459716796875,202.40134996135555,197.3198040306483,201.622728106083,18980362
2021-06-10,198.15989685058594,199.7786209355072,197.8320600135715,199.2663680613136,7388634
2021-06-11,198.18040466308594,200.59823585241128,197.40178275549633,199.04099203723206,7438508
2021-06-14,198.2213897705078,198.75412779098292,195.06590686290284,198.32384035184336,7237652
2021-06-15,197.48374938964844,199.6761944570097,197.0329643047239,198.75413917219026,6507360
2021-06-16,197.2173614501953,198.7131373786607,196.31579136681052,198.11893153358008,7994924
2021-06-17,195.43472290039062,197.89353680772916,195.18883900842192,195.86502283787942,6651076
2021-06-18,193.57012939453125,196.74609739161613,191.27523388895116,196.70511465816082,10583776
2021-06-21,194.67660522460938,194.9839569932028,191.9924047813636,193.30377732983243,5397088
2021-06-22,194.1028594970703,196.19285375633604,193.7545250361637,195.68060087446568,5553420
2021-06-23,192.4431610107422,194.65609091144813,192.2587449747777,194.24628861479246,4927558
2021-06-24,191.00885009765625,192.81197767456842,190.59904780716832,192.4021753840805,8462210
2021-06-25,192.62757873535156,193.4676810091074,191.04984978190248,191.95140739727702,5904240
2021-06-28,191.43914794921875,193.42669166780283,191.19326406027062,193.0168893549473,4334320
2021-06-29,191.0703582763672,192.402216001618,190.55810530511687,192.19731481311788,5921594
2021-06-30,191.8284454345703,192.87343622248787,190.96785816478203,191.3776604355219,5924634
2021-07-01,189.63601684570312,192.15629852296877,189.32866511661769,191.82846168108054,5757026
2021-07-02,189.63601684570312,190.80395591746247,188.9393479239733,189.73846742206493,4769492
2021-07-05,188.3861541748047,191.5826076529613,187.89438632916097,190.53761661368821,11190174
2021-07-06,187.70997619628906,189.7385029909959,187.5255726279733,188.509095844186,7749392
2021-07-07,188.71395874023438,189.08277830819878,185.41505523486694,187.70993810494497,6000580
2021-07-08,187.77142333984375,190.7219924664953,187.09523952378132,188.5705303401941,6426778
2021-07-09,187.23867797851562,187.8943641934025,185.76338712156377,186.91084112415936,7058662
2021-07-12,184.82086181640625,188.22221635512494,184.431544577294,187.525559856418,7393710
2021-07-13,184.51348876953125,186.46004972823258,184.30858761598373,185.5379945372688,7409874
2021-07-14,183.87831115722656,185.68143891469663,183.67340999146464,184.8208515172616,4936524
2021-07-15,183.20213317871094,184.71840685643065,182.3825284893868,184.1241884542006,6617550
2021-07-16,183.5914306640625,184.84132267839075,182.68986060029627,184.02171807721191,6726604
2021-07-19,186.00926208496094,188.09925632311922,182.44398956685444,182.771826405471,14737948
2021-07-20,185.96827697753906,187.68945162371946,184.00123095862452,187.19768386590403,7689016
2021-07-22,188.87791442871094,190.12781919133684,185.64047812815278,186.43959777157224,13532496
2021-07-23,189.06231689453125,190.88592985045582,188.222214572345,190.47612749997722,6954808
2021-07-26,186.86985778808594,189.5540579797214,186.50103820158117,189.2876889731443,5177476
2021-07-27,185.76341247558594,188.67301185326986,185.33312498224353,186.8698838958608,4635256
2021-07-28,185.8248748779297,186.6649646670458,184.5339875103088,185.88634272729857,4411220
2021-07-29,184.042236328125,186.11173317563444,183.7963524189716,185.2306606318287,5979220
2021-07-30,182.5669403076172,186.13222562585875,182.32105640529454,184.0832139501279,13531870
2021-08-02,187.6074981689453,188.46808554711328,182.9767369288703,183.61192552604166,9965680
2021-08-03,189.9023895263672,190.53759061583511,187.07475606517116,188.79593078390306,7855132
2021-08-04,187.34112548828125,190.55807615689594,186.91083806071921,189.73847152826414,5192276
2021-08-05,185.84535217285156,187.9353465066808,184.88231421934285,186.91084070638945,7099910
2021-08-06,186.70594787597656,189.73848267889673,186.05026163330263,186.05026163330263,8118604
2021-08-09,185.43553161621094,188.09924643500733,184.69789251501348,187.48454301528508,4555246
2021-08-10,182.23907470703125,186.41905036273062,181.43995527702918,186.25513195575328,7098198
2021-08-11,184.41104125976562,185.0462298438574,180.5384043908409,182.77183200412327,10635072
2021-08-12,183.65292358398438,186.6239906689288,181.173624329363,185.2306651579141,12567714
2021-08-13,186.41908264160156,188.03780689294868,183.71438468654657,184.41105366954594,14232032
2021-08-16,190.14828491210938,191.62357583076587,186.4805489829942,187.89437205215978,17964436
2021-08-17,190.55809020996094,192.5046513465143,188.91888083181072,190.90642470405285,14363500
2021-08-18,189.94337463378906,191.35719763515107,188.93935395094658,191.35719763515107,7947234
2021-08-20,186.5420379638672,190.76299723974145,185.6404677757312,189.24672351592423,12114818
2021-08-23,185.1077117919922,188.36563271196863,183.6324209479584,187.97632801410123,7925892
2021-08-24,187.03378295898438,188.20172211350948,185.5789896740227,185.6404575229609,7248688
2021-08-25,188.7959442138672,190.31220537758605,187.38212112961008,187.68947288652032,9704266
2021-08-26,191.27523803710938,193.18081637545143,187.93535153994594,188.7549562021296,14847298
2021-08-27,193.1398468017578,194.12338246833656,191.02936715406065,192.21779149397187,12536762
2021-08-30,193.652099609375,194.6151376535957,193.2627948722989,194.6151376535957,9029840
2021-08-31,193.28326416015625,195.00443892829517,191.9309214896003,193.83649980035622,18002472
2021-09-01,195.4757080078125,196.45923108145968,193.50866186051812,193.93894929705925,10439002
2021-09-02,196.62315368652344,197.3403077667772,195.47571216058736,195.88551449216092,8362628
2021-09-03,201.33587646484375,202.4423477403885,196.78708068047496,197.93452218341628,16372070
2021-09-06,201.13096618652344,203.46684432627347,200.80312934516414,203.24145806111068,13979558
2021-09-07,197.5042266845703,202.23743832371972,197.11490949079874,201.08999686761499,13420280
2021-09-08,200.61871337890625,202.0325363334047,197.4837282473813,198.34431558898146,13609662
2021-09-09,201.2744140625,201.62274854801504,199.8810886266145,200.762161144441,9084984
2021-09-13,204.12252807617188,204.59379821981003,201.41783039566675,202.44233614539039,21460684
2021-09-14,202.0735321044922,206.13057268391483,201.00804354167042,205.31096802115573,24182782
2021-09-15,200.7826690673828,202.83168084475716,200.02453220851922,202.4423636045859,22748506
2021-09-16,188.78599548339844,190.0759579072609,187.28103932222558,188.1195201466067,34750954
2021-09-17,187.58201599121094,190.05444370914668,185.79757078444015,189.62445627994046,24016408
2021-09-20,180.7667236328125,186.46405741708588,180.1432496957635,185.3460874085669,14744276
2021-09-21,177.92881774902344,182.27169401357173,177.49883025990334,180.55174405709135,22963476
2021-09-22,180.65924072265625,181.23972645673953,178.2298140363429,178.2298140363429,9640070
2021-09-23,180.5732421875,182.44367717299053,179.36926940544765,181.9491942099048,11769116
2021-09-24,178.35877990722656,181.9921789231385,177.1763144800827,181.02470721002084,12674828
2021-09-27,180.8527374267578,181.66971101754936,179.1112802525736,179.9282669655417,9778866
2021-09-28,184.7226104736328,185.00209969068277,181.88469068950332,182.4436691236032,18266942
2021-09-29,187.8615264892578,188.3345153394314,183.17466560410452,184.6796217769082,15251714
2021-09-30,185.840576171875,189.36646529433256,185.32458599679572,189.10847020679293,8934732
2021-10-01,186.20608520507812,188.16253624098812,184.46464104547778,185.71160219500942,5489980
2021-10-04,187.4100341796875,188.33450458001727,186.39956103981163,186.61455476650113,5362228
2021-10-05,190.8499298095703,191.55940646835134,187.34553476236215,187.4100302545831,18020292
2021-10-06,192.2904052734375,194.332845792482,191.4089230708598,192.20440252902821,16248822
2021-10-07,193.15036010742188,194.35431967067103,192.63436993907217,194.1393259542212,7445114
2021-10-08,193.2578582763672,194.35432098882788,191.1724165882246,194.1393272709199,6019304
2021-10-11,195.3863067626953,195.70879737017847,193.27937075157394,193.49436448989604,11833332
2021-10-12,195.75180053710938,196.59028137312413,193.96735511710975,195.36481442901663,10923204
2021-10-13,197.21372985839844,197.96620785217357,194.9132945101367,196.50425323155972,14072722
2021-10-14,197.4932403564453,198.74021452119138,196.93426189252045,197.79423683528256,7894780
2021-10-18,198.8692169189453,202.09412313925253,198.2457298008151,202.09412313925253,8784646
2021-10-19,194.8058319091797,199.9441877905165,193.47288115498463,199.47119891539384,10805314
2021-10-20,189.66746520996094,194.7413118280352,187.62502483979262,194.35432575075419,13086926
2021-10-21,193.94581604003906,195.2142841484638,190.5059167598899,191.4518943108007,19775152
2021-10-22,192.3118896484375,194.784317519826,190.26944923294263,193.9243426080387,7829992
2021-10-25,185.62559509277344,192.80637793152053,184.83011565293117,192.20439810105313,14550354
2021-10-26,185.34608459472656,187.883021040912,184.0561222480596,185.32459047115233,9945226
2021-10-27,183.9056396484375,186.82954909191477,183.6046431812373,186.37806751329023,6737796
2021-10-28,180.93870544433594,185.32458248282262,180.18622744121544,184.46460762211348,7242482
2021-10-29,179.6057586669922,182.7446617254055,177.84280754120616,180.16473708928214,12075018
2021-11-01,181.30421447753906,184.03463754214397,180.55173640347655,184.03463754214397,11652400
2021-11-02,178.93927001953125,182.2716726699956,178.7027821770781,181.884686599538,8099346
2021-11-03,178.40179443359375,181.26120841662035,178.10081108506122,179.73475818331187,10516486
2021-11-04,180.4872283935547,180.70222211409495,179.77775174020687,180.5302297620978,1975024
2021-11-08,185.64707946777344,186.07706691297963,181.21821403101984,182.31467676742545,11870418
2021-11-09,185.10958862304688,186.07706034058893,183.60463261798145,186.055566217958,5867180
2021-11-10,185.4320831298828,186.61454858752265,184.95909432239182,185.75457370923914,6565108
2021-11-11,185.018798828125,185.86711513802513,183.60494716235885,185.30157978215914,6633538
2021-11-12,186.06289672851562,187.0634634317797,185.4756018043815,186.19340081116678,4288924
2021-11-15,185.4755859375,187.0851936822756,184.73602746280523,186.14987910035046,3839888
2021-11-16,182.66961669921875,185.56257181658037,181.9083120222236,185.32330994282188,5533442
2021-11-17,180.0159454345703,183.03941825994045,179.31990598007215,182.93066043566242,7538798
2021-11-18,176.31817626953125,180.82075276968789,176.18767219316203,179.8854381527716,9990796
2021-11-22,172.09837341308594,177.4492527343993,171.01079523590025,176.6226959749583,10565788
2021-11-23,172.9684295654297,174.5780372425456,171.42406064521407,171.8373456477183,6765412
2021-11-24,175.46987915039062,178.05830744392443,173.49047875122756,174.4910587162413,8482816
2021-11-25,174.05601501464844,175.9266441784534,173.14244668595964,175.75263432444143,6323818
2021-11-26,163.94154357910156,172.79443294734023,163.13673304087962,172.77267341727398,20046662
2021-11-29,159.85227966308594,165.31191795891934,159.6565102392721,164.87688659586956,15037552
2021-11-30,160.96157836914062,165.09437565159155,160.0915157833615,160.96157836914062,18393470
2021-12-01,160.41778564453125,163.55001619331918,159.13443804893453,162.1579107769465,13057566
2021-12-02,164.81161499023438,165.29015208802707,160.5483001725654,160.96158522886412,12449776
2021-12-03,167.87857055664062,168.9661487712808,165.8774239864824,166.3994668399502,17313246
2021-12-06,166.81275939941406,169.40118770140035,165.7469273905303,168.50937883559283,8919812
2021-12-07,168.7051239013672,169.11840892493606,167.59579945551542,167.87856713033048,7275406
2021-12-08,170.1624755859375,170.64101262966653,169.29241306137578,169.44467665839417,7187328
2021-12-09,171.2935791015625,174.66507176959325,170.66277838871594,171.51109475756448,12970082
2021-12-10,172.68565368652344,173.09892539325884,170.09721253318722,171.1847906184378,4565918
2021-12-13,170.6845245361328,174.23002679573213,170.11897590921265,173.55573362543998,5199416
2021-12-14,170.3800048828125,170.9455535347991,169.2706803854605,170.9455535347991,6582798
2021-12-15,167.18251037597656,170.7062662892242,166.66048082192916,170.09722517145192,11115184
2021-12-16,170.11898803710938,170.53227309101052,167.24779201921373,168.1396008920295,7909366
2021-12-17,167.3565216064453,171.64156865521892,166.22543773893108,170.9672755506372,16049722
2021-12-20,156.61126708984375,165.68167229735087,156.17623579237195,165.68167229735087,22510560
2021-12-21,158.4384002685547,159.17794549188017,155.48017954694888,158.5253985604217,12855558
2021-12-22,162.0274200439453,162.61470170361184,158.87344298174125,159.22146272644008,10045244
2021-12-23,164.15907287597656,164.5505984126169,161.83165263580565,163.04973503337612,10693866
2021-12-24,161.8968963623047,164.96387500665324,161.09208579849258,164.96387500665324,6287570
2021-12-27,162.87571716308594,163.20199064028606,159.87400382806507,161.3748671336264,4632660
2021-12-28,165.48590087890625,165.92093217105696,163.13673455651275,163.48475427979275,6449486
2021-12-29,165.79043579101562,166.5517405876245,164.0720567968005,165.74693000456043,8260658
2021-12-30,164.42007446289062,167.61754368926623,163.57175817256598,167.05200834645035,12171414
2021-12-31,167.68280029296875,168.53110326313933,163.7892653026905,163.7892653026905,7780656
2022-01-03,167.965576171875,168.35710166005032,167.0520078487321,167.0520078487321,6468384
2022-01-04,167.90032958984375,171.29356829904143,167.3782867379205,168.7921384127697,11799296
2022-01-05,171.70684814453125,172.48989912266796,166.81274634092466,167.4652932480722,13483996
2022-01-06,172.1853790283203,172.55515827951822,169.9232242891768,172.27239059663796,8237148
2022-01-07,172.35940551757812,175.2741072474947,171.8373626497206,173.14245654326277,11914426
2022-01-10,172.9466552734375,173.88198301230284,172.09835236464457,173.57745584949564,4179728
2022-01-11,170.1624755859375,173.49046208716595,169.72744432365664,173.49046208716595,6854016
2022-01-12,169.09666442871094,172.2506412195714,168.16133655260936,171.61984055095886,9246820
2022-01-13,171.61984252929688,172.9466826427204,168.46586570207913,169.7492133077324,8491424
2022-01-14,173.3382110595703,173.99075795033124,170.74976974911175,171.83734790037997,6915504
2022-01-17,174.25177001953125,175.92664306551507,173.40346700805168,174.44753940161925,9671610
2022-01-18,173.1859588623047,177.0142288963061,172.4246541063077,174.79556666646607,13220496
2022-01-19,171.55458068847656,174.6650515540826,170.96728583002357,172.27237961498557,10347976
2022-01-20,170.98904418945312,172.94668500550586,169.74921562683423,171.83736052018324,6495234
2022-01-21,166.05145263671875,172.29414117520886,165.3118941157602,171.31532074952344,10310538
2022-01-24,162.31019592285156,166.9867828368881,161.00510190032975,165.92095074138743,10668074
2022-01-25,166.42120361328125,166.9649926896233,160.09150407509998,161.875134900722,9905300
2022-01-27,166.26898193359375,167.59582219798418,163.13675100387817,167.4870643639816,11474790
2022-01-28,166.39947509765625,171.18481947954965,165.89919174931507,167.46530711133693,8089918
2022-01-31,172.7291717529297,173.92550782376276,168.77039755759978,169.66220640905286,13928184
2022-02-01,164.81161499023438,171.83736801459818,163.57177309744029,171.83736801459818,25515398
2022-02-02,166.22544860839844,167.74805803220406,165.02911263255118,167.48703661861725,11701576
2022-02-03,164.02854919433594,167.4435476136791,163.78928728563434,167.0520220921211,10658294
2022-02-04,163.41949462890625,165.31188331683225,162.72344193866783,164.07204153673584,8957710
2022-02-07,162.0274200439453,164.61584842588593,161.00509378925182,164.44183855353648,8189026
2022-02-08,164.18080139160156,164.6593384518337,161.24434026993742,162.87570755975085,6909612
2022-02-09,163.3977508544922,166.18194838158118,163.00622535907516,165.31188582460956,9292356
2022-02-10,162.97889709472656,164.6763670228193,162.47186411756067,164.32365194006508,12283058
2022-02-11,162.934814453125,165.1172778468058,160.92872206698027,162.97890720500902,11262552
2022-02-14,159.4737548828125,161.3034897102316,158.96670842075025,160.92872150335813,10196386
2022-02-15,162.64820861816406,163.02297677305353,157.2251372881249,159.62803718906684,11049572
2022-02-16,164.94090270996094,166.83676974188455,163.2654725035189,163.57410827858428,10889816
2022-02-17,164.45590209960938,166.3297294023529,163.57410101596537,165.756564080071,5224320
2022-02-18,164.5220489501953,165.75657864893364,163.77252603635003,163.77252603635003,4420434
2022-02-21,162.58209228515625,164.45591978945973,160.9507547228518,164.45591978945973,6207542
2022-02-22,156.6519775390625,160.68622878657115,154.00657394343372,158.72421573772576,14106162
2022-02-23,157.4456024169922,159.0769265168829,157.048794579463,158.06286054817295,5636142
2022-02-24,146.84193420410156,155.1970056578245,145.98218613793478,153.87430390505895,14094970
2022-02-25,148.2969207763672,150.56755619485048,146.44513285835478,149.906205289163,11679020
2022-02-28,154.2270050048828,154.8883558212935,146.37898069889619,147.85600021325672,19146282
2022-03-02,150.8321075439453,157.269259404391,149.81802802631887,152.7720676162828,15469204
2022-03-03,152.72793579101562,156.07878239794692,151.38319460159425,153.16883630626407,12825706
2022-03-04,153.5877227783203,154.97655694180494,151.22890193752232,153.41136523386828,15557860
2022-03-07,149.0244140625,152.99251976238907,146.29082475382197,152.99251976238907,19936000
2022-03-08,150.6116485595703,151.22890671225005,146.68763588694338,148.9362181963326,12880560
2022-03-09,151.0745849609375,153.2790879180655,148.89213510651174,151.8902537461185,13563906
2022-03-10,153.87429809570312,156.07880093375044,152.33114610907,155.19699979853152,18109208
2022-03-11,159.60601806640625,160.35555447256243,154.42543598828394,154.75611144007897,16557604
2022-03-14,158.5699005126953,159.1651190227994,155.35133146578988,158.63603291265827,16449824
2022-03-15,154.4474639892578,159.38555574576407,153.47749081027027,159.187145107562,12130866
2022-03-16,157.09286499023438,157.71013654172583,154.38132922270424,155.85834879768618,9444984
2022-03-17,160.57598876953125,161.45778988643102,157.7762675323311,158.5478435096184,22827672
2022-03-21,157.48968505859375,161.9427699403682,157.09286379131566,158.72420124172024,12369650
2022-03-22,162.4277801513672,163.00095901085868,157.2692511472557,158.21718475673092,14934378
2022-03-23,161.63414001464844,163.8386427059142,160.92869646240007,163.53000694705034,12475458
2022-03-24,159.87054443359375,162.16321925362743,159.0769153589836,161.36960363423447,9696758
2022-03-25,158.85646057128906,160.73028788270136,157.88648744792337,159.6059968779407,7259104
2022-03-28,158.59193420410156,159.98076825420173,157.09286156059832,158.72419898783792,11624382
2022-03-29,158.0408172607422,159.78236646734558,157.82036697216824,159.60600892753,11417328
2022-03-30,158.7462615966797,159.78238073655032,158.37150683681114,158.9446722562022,8247132
2022-03-31,158.43763732910156,160.70827278578562,158.19513391980516,159.1651206465531,11007364
2022-04-01,165.0731658935547,165.33770891886832,159.40759104355803,159.40759104355803,12772330
2022-04-04,167.6304168701172,168.0933571273312,164.1032119992486,165.07318526560618,14714720
2022-04-05,167.54222106933594,168.42402223285876,166.0211086801719,167.98312165109735,6622344
2022-04-06,170.0994415283203,170.38603767479594,166.41793238139607,167.1013229109499,11686350
2022-04-07,167.89492797851562,170.76078162043768,167.32176263221814,169.6805833208436,6693770
2022-04-08,169.54830932617188,170.54033561168373,168.02721042818428,168.77673332632932,8380548
2022-04-11,171.22373962402344,172.01735527059446,169.65853452215055,169.81285241321092,4778320
2022-04-12,167.8067626953125,170.8930667416338,166.32974306781517,170.60648405694752,4891948
2022-04-13,167.101318359375,169.28378159338536,166.52815299247217,167.5422189355211,6523924
2022-04-18,163.90478515625,167.10131425479153,163.59614937844177,167.10131425479153,5585346
2022-04-19,165.71249389648438,169.23969871128688,164.45592449016726,164.85273234078883,11592654
2022-04-20,171.92916870117188,172.96527419241565,165.9329187447367,167.45401751466576,17136378
2022-04-21,175.34616088867188,175.83114074822743,171.951221140478,174.15572397561235,15955692
2022-04-22,173.45028686523438,175.14775680282517,172.61257844759234,174.155730489908,8821478
2022-04-25,163.00094604492188,170.1655803045136,162.6041247679089,169.7467193810966,20815928
2022-04-26,164.38978576660156,165.5140768759792,162.75844822042808,164.63227570620285,6278956
2022-04-27,161.59005737304688,163.8386529497726,160.6200707461558,162.25140822177696,6163612
2022-04-28,162.84661865234375,163.88273762200916,160.99483098506016,163.88273762200916,6573278
2022-04-29,159.87054443359375,164.32364274405185,159.23123324475924,163.1332058597452,6718850
2022-05-02,161.56802368164062,162.22937455474565,157.68809048629382,158.7683022944525,6400476
2022-05-04,160.24533081054688,163.7504825590039,158.50376803282748,161.56803263001413,5737094
2022-05-05,159.1651153564453,162.5820949797485,158.76830751058927,161.39165798696197,3695092
2022-05-06,157.53378295898438,158.63603448669969,155.63791571340158,157.40151815774607,4697742
2022-05-09,155.81427001953125,157.97468027778527,154.22702516165654,156.82834947702662,5048780
2022-05-10,155.83628845214844,157.84238036237736,154.93243434621778,155.8583280952525,5909904
2022-05-11,153.03659057617188,158.481715308072,152.0004715453702,156.51970238899617,7774130
2022-05-12,149.88417053222656,152.75002455039365,148.23079321405322,152.11071327194568,7716626
2022-05-13,148.56146240234375,152.24297164445815,148.14260145067854,150.52346199723505,4515592
2022-05-16,148.18667602539062,149.75186757974225,147.12851740729255,149.53141730700443,3884304
2022-05-17,150.9864044189453,151.20685470225217,147.3269216429212,148.1425903822,9596420
2022-05-18,146.33489990234375,153.08068685368727,145.93809207113952,148.3410056157273,15314616
2022-05-19,144.02017211914062,145.47515210983946,142.85178827031893,145.40900625850293,10187938
2022-05-20,146.73170471191406,147.63555895599626,144.6153873522607,146.37898963704438,6393394
2022-05-23,146.42306518554688,148.20870690705198,144.17446984553658,146.73168747600096,8792862
2022-05-24,145.54127502441406,147.50327440927686,144.8358314495979,146.42307612913004,5891438
2022-05-25,143.79971313476562,147.04033490083495,143.35881258034033,146.5553415999237,8163646
2022-05-26,143.006103515625,143.5131364834323,137.64916424576623,143.2926861969754,16061314
2022-05-27,142.1243133544922,145.05629969993652,140.29457852652456,143.11633972022122,9751704
2022-05-30,145.1224365234375,145.8499198561029,141.96999977840798,143.07225132948258,7101016
2022-05-31,143.82177734375,145.80582999190293,143.29269125548862,145.49719419788076,20841502
2022-06-01,143.7335968017578,146.31286802436682,142.89588834579743,144.61539800913056,13381064
2022-06-02,145.2106170654297,147.37102734063612,142.21248487586968,144.17449795179658,16113808
2022-06-03,144.68153381347656,146.37900386865994,144.2185935507988,145.7617457000166,9938986
2022-06-06,140.80160522460938,144.57129986338322,140.33865153488154,144.39494231953276,9345428
2022-06-07,141.1984100341797,142.23452908300723,139.76548315639332,140.00797309208542,7910152
2022-06-08,142.8076934814453,143.24859405622917,140.73546885309187,141.52908450561569,5381610
2022-06-09,146.75375366210938,147.5032765388087,140.86772851210924,142.41088046764096,13918892
2022-06-10,145.93807983398438,146.4671658680372,143.99812013448533,145.82785469815812,5453434
2022-06-13,140.18435668945312,144.57130975960928,139.8977605239576,144.57130975960928,7503680
2022-06-14,138.57504272460938,141.4188567617654,137.40665891395784,139.89774442464147,10098392
2022-06-15,138.44277954101562,139.69934886165117,135.79737611029557,139.69934886165117,9987308
2022-06-16,137.40667724609375,141.00001465287653,136.8114587106246,140.20639890906386,8720718
2022-06-17,132.71107482910156,137.34053092779115,132.15994910306708,136.2382794757222,13905510
2022-06-20,130.5286102294922,134.25422548125619,129.6247694301784,134.03377519310962,7456818
2022-06-21,132.79925537109375,133.35038107655942,129.3381832497259,130.79314973006828,5603658
2022-06-22,134.87149047851562,135.53284137669914,130.83725269063984,133.65901383184584,13204868
2022-06-23,135.75328063964844,136.89962479434828,133.83536049979526,135.99578402239848,8697024
2022-06-24,135.59896850585938,136.87759095683276,134.65103494634505,135.88556464810938,6549900
2022-06-27,138.8836669921875,139.17024964573127,135.95168115784014,136.67916434151786,5569614
2022-06-28,140.47093200683594,140.86773985058264,137.5609853939962,137.5609853939962,6481036
2022-06-29,139.50094604492188,141.02205848497093,138.26642975677944,138.26642975677944,4503176
2022-06-30,135.97373962402344,140.0961628424532,135.42261388506807,139.3245868079157,9158568
2022-07-01,140.36070251464844,140.75751034611545,134.7833128615155,136.0178291050168,8833390
2022-07-04,139.47891235351562,140.4048063367712,137.847574694674,139.3686871996809,4431040
2022-07-05,138.04595947265625,141.6833888672532,137.62709858452516,140.11818390311495,6138608
2022-07-06,141.66134643554688,141.9699822137507,139.10412853552282,139.58912184903565,8353864
2022-07-07,145.232666015625,145.49720908682679,142.4549974060552,143.248613164441,9279814
2022-07-08,143.42495727539062,146.48922177358452,143.0722421836815,145.49719544103203,5034654
2022-07-11,139.28050231933594,143.8879191523842,139.104144763453,143.8879191523842,11830842
2022-07-12,136.08395385742188,139.10412535571294,135.8194108328969,138.88367507781166,10690702
2022-07-13,136.89962768554688,139.06003779855868,136.45872711329068,137.56097854393116,9645842
2022-07-14,134.98170471191406,137.86961147356115,134.09990358564946,137.12007513414926,11835382
2022-07-15,137.6050567626953,138.06799693259612,134.9596536084822,135.7973619162731,10024354
2022-07-18,139.2364044189453,139.4348150714902,136.52486841373712,138.22233841869462,7029760
2022-07-19,139.5670623779297,140.11818806012846,137.7814205496924,138.8395791684707,5009030
2022-07-20,139.8095703125,141.46294741303757,139.4348021453347,140.8236362187428,6723570
2022-07-21,142.2786102294922,142.85177555177992,139.32457121716809,140.1843326558164,7298344
2022-07-22,141.22044372558594,143.4690392684843,140.44886774700825,143.3808672297772,6293178
2022-07-25,139.8316192626953,141.48499647324718,139.12617562848288,141.22045342851524,6529228
2022-07-26,140.40480041503906,140.71342275962843,138.50891977591118,139.69935676920588,4397264
2022-07-27,143.11631774902344,143.3147149185801,140.00796087380238,140.20637149857572,6514864
2022-07-28,143.75564575195312,145.01221524481275,141.90387116977743,141.90387116977743,6933530
2022-07-29,145.6294403076172,146.00420845078355,143.38085835905196,144.19651357891135,9605766
2022-08-01,147.32691955566406,147.78987321718003,144.52719830628874,145.93808548155076,6221584
2022-08-02,147.76783752441406,150.56755910362182,146.51126808828883,147.9221554297661,7663472
2022-08-03,147.21669006347656,148.7378023338625,145.62944540203407,147.76781574764294,4079330
2022-08-04,147.23873901367188,148.91415566422495,145.36491174032486,148.53938751851226,5023836
2022-08-05,148.31895446777344,148.69372265698885,146.4671800793495,147.7016963382988,5115246
2022-08-08,143.5792694091797,145.49718959948922,141.17636935104602,145.27673931221727,18945812
2022-08-10,144.74765014648438,145.60741163055343,143.7335842287976,144.30674958136535,5743378
2022-08-11,144.76971435546875,146.20264130204825,144.26268135772278,145.4751580048285,3377190
2022-08-12,147.21669006347656,147.4591934376399,144.5271940337013,144.76969740786467,5285940
2022-08-16,152.50750732421875,153.10272579589432,146.84193220271516,147.45920377643372,10721280
2022-08-17,155.70404052734375,156.62993445655422,152.9925045923274,153.25704763713298,14146800
2022-08-18,153.0145263671875,155.88037986486876,152.3090962703931,155.88037986486876,7118970
2022-08-19,151.75830078125,154.00158682384054,151.19747927060237,153.64266653379863,7463376
2022-08-22,149.69447326660156,151.39937885571192,148.86445470142309,151.26477347945172,4227956
2022-08-23,149.7169189453125,150.2777404671455,148.3260788327803,148.48311159727987,3118316
2022-08-24,147.85498046875,149.94124748251892,147.18199464287142,149.40285334504338,5188148
2022-08-25,147.96714782714844,150.30017088178778,147.29416198737923,148.05688474922377,6420988
2022-08-26,147.65309143066406,149.8066405747451,147.29415744536286,149.8066405747451,4127464
2022-08-29,146.35198974609375,147.02497557197967,144.938708558188,145.81359560861236,3250026
2022-08-30,147.45118713378906,148.01200863794307,146.35198520080593,146.37441258419958,6339262
2022-09-01,148.66256713867188,149.40284878616302,145.45467087158946,146.03791975944762,6741662
2022-09-02,144.44520568847656,149.89638848378223,143.79464720562507,149.17853415248155,9679250
2022-09-05,145.701416015625,145.85844876357368,144.13111591999856,144.46760879763278,4784578
2022-09-06,145.4770965576172,146.4641478707096,144.04138804619748,146.2622466546899,5099528
2022-09-07,146.64361572265625,147.1595687894769,144.40032961306056,145.07331544593927,5529460
2022-09-08,152.4761505126953,152.92480770785292,147.89984164531543,148.0568744020068,17335416
2022-09-09,151.87046813964844,153.238867176394,150.77125247988567,153.21643979228932,6934262
2022-09-12,153.7099609375,154.78673548947532,151.73587197689005,151.87046366141274,5406378
2022-09-13,153.01454162597656,155.05594022177644,152.56588439946213,153.91185607900545,10351084
2022-09-14,150.8161163330078,152.90236959248554,150.45719604670694,150.61422880643778,6863114
2022-09-15,148.6849822998047,152.09477950496878,148.21389775156135,151.0853008799358,4993238
2022-09-16,144.15354919433594,148.77472645123862,143.6375961659254,148.68498953676254,11937446
2022-09-19,143.97410583496094,145.6790115651678,143.14408720109085,144.89386139376438,5473706
2022-09-20,144.8714141845703,146.6660430718166,144.4003295784409,144.7143814185499,5591400
2022-09-21,143.5927276611328,145.3649290319677,142.80757758148485,145.14060043778258,4507332
2022-09-22,141.70838928222656,143.5478866694328,140.5194503573514,143.12165682281147,5353540
2022-09-23,139.9586181640625,142.13459461726026,139.53238834988687,141.55134573758622,5516760
2022-09-26,136.7955780029297,141.75324829480715,135.8982635999037,139.98104687205827,10934478
2022-09-27,139.3753662109375,139.98105621177874,136.97504728430422,137.7377700545387,6266672
2022-09-28,137.2891082763672,139.0837371427249,136.9301879798683,139.0837371427249,4451088
2022-09-29,136.05531311035156,138.52292802249315,135.7188201677868,137.98453383761637,6532502
2022-09-30,136.75071716308594,138.5902145301581,134.97852933353568,136.21233670643466,11182546
2022-10-03,138.54534912109375,139.64456482702718,136.75072017552554,137.44614710709257,7084402
2022-10-04,139.7342987060547,140.9681060792463,139.19590455734374,139.5323974773051,4266520
2022-10-06,140.04833984375,141.23727866500712,138.81453256487487,140.4521285784502,6973606
2022-10-07,137.91722106933594,139.48752127534448,137.3788406424346,139.1734694493015,6436838
2022-10-10,136.68341064453125,137.55829764468024,135.53934028304187,137.28910059140895,4731232
2022-10-11,134.4849853515625,137.37882954565757,134.2157883138906,137.37882954565757,5305338
2022-10-12,135.71881103515625,138.74724731445312,134.30554350987077,135.06825257986785,14791710
2022-10-13,134.7317657470703,136.95262459566493,134.37284542637724,136.41423042269273,6058154
2022-10-14,133.63253784179688,136.84043379734874,133.2960449718034,135.9431194773661,5155460
2022-10-17,133.04928588867188,134.3055342516074,130.80599991049883,133.6549758411648,5344642
2022-10-18,132.69036865234375,133.83443905068017,131.92764592549858,133.7222747491989,6574926
2022-10-19,131.07521057128906,134.12608803343053,130.89575041279426,133.31849678230526,6029504
2022-10-20,133.2960662841797,134.14851228607264,129.23571012190015,131.0527801255497,10261122
2022-10-21,133.8568878173828,134.88879397353,133.40823058567844,133.9690521253089,4378164
2022-10-24,134.93365478515625,135.38231199142444,134.3952606608619,134.59716188045513,785990
2022-10-25,135.76368713378906,136.84046179972825,133.40823656182653,135.35989834555346,5684662
2022-10-27,137.10964965820312,137.55830687979937,135.74123691717546,135.76367799341435,6769606
2022-10-28,136.07772827148438,138.4107512737794,135.53934782690743,137.5134368408862,4980844
2022-10-31,136.23477172851562,137.28911900830582,135.22529291227806,136.77316590728208,8168120
2022-11-01,136.548828125,137.19937288112592,135.58421783699825,136.23476259312417,6729148
2022-11-02,136.93019104003906,137.24424288351122,136.16746827801873,136.61612550463494,4907332
2022-11-03,136.88531494140625,138.05182640390868,136.16746068048695,136.9301833999508,4588148
2022-11-04,135.20286560058594,137.08721784343604,134.05878139306324,137.08721784343604,7678230
2022-11-07,138.97157287597656,139.1510330242743,135.49447944647272,135.7188080548278,7732442
2022-11-09,137.6704559326172,139.91374179206366,137.26666721630286,139.5772489131467,5580594
2022-11-10,137.06478881835938,138.16400454915853,136.48153987462874,137.28911744163,2795742
2022-11-11,138.5902099609375,139.33049162188394,137.0423507956734,137.7601913808751,4580064
2022-11-14,138.02940368652344,139.08375098885784,137.7602065913842,138.85942235823063,2600014
2022-11-15,138.5902099609375,138.90427548591188,137.15451509860262,138.0966842896627,4035358
2022-11-16,137.49099731445312,138.94913313913077,137.19935919597324,138.5901991825134,2926810
2022-11-17,136.93019104003906,138.09668887569563,136.63855288919297,137.73776857117545,3816246
2022-11-18,136.4366455078125,137.6255842470292,135.67392285672935,137.6255842470292,4065720
2022-11-21,139.21832275390625,139.5099608855044,136.5263795718757,137.1320695262188,7671706
2022-11-22,137.6704559326172,139.689413206119,137.1769303051529,139.19588757865475,7471030
2022-11-23,139.15103149414062,139.4202285595929,137.3339752632178,137.3339752632178,5713460
2022-11-24,144.01898193359375,144.46763919818437,139.33050804184836,139.73431053352644,16914922
2022-11-25,145.56683349609375,146.37441097643267,141.95513483385378,144.0189606848579,8593556
2022-11-28,152.8799285888672,153.39588158893224,146.71089258564805,146.71089258564805,26418498
2022-11-29,152.11721801757812,153.59779499112452,150.83855595251546,153.21643363315357,10055668
2022-11-30,153.0594024658203,154.22591393506085,150.6590836850993,152.11721959866716,10029732
2022-12-01,151.9153289794922,154.22591079557054,151.219902112019,153.44076070424762,4289334
2022-12-02,153.0369873046875,154.04646609470268,151.7807388175092,152.31913298229023,5595618
2022-12-05,151.82559204101562,153.35102376554303,151.4218033039247,152.9472350284521,4976546
2022-12-06,147.4063262939453,153.03698270183776,147.20443875717382,152.49858855324985,10051146
2022-12-07,150.008544921875,151.19748382185037,148.28121187869894,148.39337618420475,14328596
2022-12-08,150.63665771484375,151.33207091106598,149.2009491712432,151.0853149232275,5220452
2022-12-09,151.84803771972656,152.54345091624864,150.23286903046235,152.54345091624864,10392346
2022-12-12,156.58135986328125,156.96272121451494,150.12069904283862,151.62370337303568,13477930
2022-12-13,155.30270385742188,156.5813797542601,154.8316192231864,156.5813797542601,7750970
2022-12-14,156.4691925048828,157.38893425287043,155.10079357408546,155.54945075689517,9635850
2022-12-15,156.64865112304688,157.68057084867718,155.2353837492648,156.46919099004654,5908812
2022-12-16,153.32859802246094,157.47867712036222,152.90236820590403,156.64865856239572,9481326
2022-12-19,153.126708984375,154.3156616118793,150.61423941936695,153.64267575869525,5444230
2022-12-20,152.65560913085938,153.48562767201437,149.9636659867443,153.28372645943338,5614312
2022-12-21,149.89637756347656,153.86699663590073,148.9990631377053,152.99210959400114,5170900
2022-12-22,147.1147003173828,150.70395809245494,145.67900542251306,149.85151210926168,6135896
2022-12-23,145.8584747314453,147.56336680488332,144.53493036700837,145.8136062680532,5802076
2022-12-26,145.8584747314453,147.33903817985555,144.53493036700837,144.9162917679421,3377562
2022-12-27,146.26226806640625,147.29417429685,144.78170457195515,145.99307096961522,2819074
2022-12-28,145.40982055664062,146.53146370550095,144.53493342375637,146.26226661138787,9481554
2022-12-29,146.8006591796875,147.15957950658898,143.63761731964533,145.4098189520618,6195112
2022-12-30,148.2812042236328,149.40284722078587,146.95766001021977,147.15956122647975,4199128
2023-01-02,149.78421020507812,150.16557156663853,146.95766160639334,148.0793046157291,4405586
2023-01-03,151.13018798828125,151.64614105526041,148.77473757248208,149.7842163221103,5264652
2023-01-04,150.8834228515625,152.90238041170971,149.91881253343416,151.8929016316361,5848474
2023-01-05,153.59779357910156,153.8669906347199,150.56935751023977,151.19747484539528,7428290
2023-01-06,154.65213012695312,155.4821349279865,152.65560026754895,153.4407503056627,7364410
2023-01-09,155.57188415527344,156.73839561407414,154.83160251339666,156.065409813835,4519436
2023-01-10,155.84109497070312,156.58137667792863,153.97917016406552,156.1327194381638,4762962
2023-01-11,158.15167236328125,160.619287109375,155.16810454502703,156.51407622471453,14348024
2023-01-12,154.8091583251953,158.80221827986307,154.06887669820475,158.80221827986307,5863672
2023-01-13,157.0749053955078,157.54599002953162,153.4632063309057,154.9662108513584,5433700
2023-01-16,156.55892944335938,158.10678850914303,154.38293936799676,157.92732837437646,5698298
2023-01-17,156.3121795654297,157.63572389925275,154.988648923539,157.34409943184852,3477566
2023-01-18,155.25782775878906,156.71596374496326,153.8445602336528,156.4916351317057,4099580
2023-01-19,156.8730010986328,156.9851654085406,154.3380904331035,155.2129775271571,3279112
2023-01-20,155.39244079589844,157.47869426356772,155.03350678184754,156.6711166928353,3993550
2023-01-23,156.85057067871094,157.03003083270477,155.21297452412773,155.684059139853,3362750
2023-01-24,156.55892944335938,158.1292295834455,156.06540380380332,157.03001400861297,4752342
2023-01-25,155.57188415527344,157.2543486558712,155.10079957187853,156.44677117235673,3866394
2023-01-27,150.99557495117188,156.82811854220822,148.72986157142637,155.63917970242164,5251902
2023-01-30,150.34503173828125,152.2069563957457,149.08878335242807,151.15260922838374,6395210
2023-01-31,154.00160217285156,157.7030245120388,153.1042876663819,153.86701047365423,17988324
2023-02-01,150.1655731201172,154.6521452038741,148.05687876397886,154.0015867749568,8358226
2023-02-02,149.04393005371094,150.74882196824592,147.83255011469356,150.07583615588769,9029328
2023-02-03,146.57630920410156,149.29067972227978,144.55735185248545,148.9317594476537,5653818
2023-02-06,149.7393341064453,150.14312283081816,145.38735397549326,145.38735397549326,6611800
2023-02-07,149.021484375,150.83855422739845,148.7522873199857,149.8515029229896,3480708
2023-02-08,149.94125366210938,150.6590942857525,147.63065794448673,148.8644653427802,2499180
2023-02-09,149.7169189453125,151.51154781517812,148.66257174588011,148.9990646589799,4275406
2023-02-10,149.8515167236328,150.65909427111902,148.75230101939616,149.89638518558922,2551682
2023-02-13,150.2552947998047,151.51154318548282,148.97661903071122,149.8515060548097,3587566
2023-02-14,148.57284545898438,150.18801429584755,148.28122098514598,149.40286410908809,2385346
2023-02-15,148.57284545898438,149.24583133334966,147.3839064859923,148.57284545898438,3529300
2023-02-16,146.12767028808594,149.47015855080264,145.27521056837014,148.5728440600976,7507670
2023-02-17,148.81961059570312,149.40285952548618,146.06035764191185,146.1276671808295,6702378
2023-02-20,146.32955932617188,149.604765465818,146.23983609134555,149.33556837747366,3546252
2023-02-21,145.0284423828125,147.4063201067481,144.53491671597737,146.68847952800397,2962498
2023-02-22,143.77220153808594,144.91627189204024,141.86540848687488,144.6919432977801,8178548
2023-02-23,143.8170623779297,145.20790245947484,142.6729919756522,144.4676208055346,5490782
2023-02-24,142.47108459472656,144.53491039823285,142.0448684812189,143.92922045595273,3794754
2023-02-27,143.77220153808594,144.08625335489162,141.16998162951,142.76272286391537,3962002
2023-02-28,142.38136291503906,144.31058336786998,140.9007859632082,142.2916259996805,7852658
2023-03-01,141.73081970214844,144.01897436977433,141.5737869294024,142.13460848068655,6991434
2023-03-02,144.04139709472656,144.4003310910949,141.10269773784938,142.08974911294735,6768720
2023-03-03,144.1984405517578,145.3200837011833,143.68248744140865,144.78170320461885,4226202
2023-03-06,145.61167907714844,146.48656603560332,144.0862474372158,144.64706889983296,3629924
2023-03-08,146.30712890625,146.91281891948043,144.82655179702755,145.3425185772924,4785062
2023-03-09,145.74630737304688,146.66604923966642,145.16304474500438,146.30712892389596,3895532
2023-03-10,146.28469848632812,147.11471718034042,143.8170834831168,145.81361382612477,3517038
2023-03-13,144.73681640625,146.5314452180028,144.1311264438972,146.26224815785363,3910894
2023-03-14,146.35198974609375,147.56335601752937,144.4003281126383,145.45467531157922,5894652
2023-03-15,148.1914825439453,149.5823227418057,146.86795188637967,147.60823360222926,5511946
2023-03-16,157.43380737304688,158.26382592421777,149.91879933837458,150.30016069344566,36574630
2023-03-17,157.65814208984375,159.25088341297143,154.98863988460437,157.47868194282512,23389012
2023-03-20,161.3595733642578,161.96526337565572,157.25436236334443,159.2060240925456,18492346
2023-03-21,160.86602783203125,162.2344404582672,159.60979319371594,161.60632313910952,10250562
2023-03-22,157.83761596679688,161.06795366185796,157.366531328403,160.75388810830685,11934054
2023-03-23,156.2897491455078,157.77031253092386,155.90838776080003,157.03003083821585,5146176
2023-03-24,154.96620178222656,156.91786343683953,154.33808440964344,156.0878448375292,5875488
2023-03-27,154.71942138671875,155.6391630702458,153.75481124966922,154.38292852319475,4245926
2023-03-28,152.4761505126953,153.8445494811536,150.45719313448612,153.44076074389795,6854316
2023-03-29,152.4761505126953,153.62022088357477,150.88340925472724,152.54344635358277,5971840
2023-03-31,154.47268676757812,155.414869737487,152.9696959232197,154.7418838578282,10137510
2023-04-03,148.03445434570312,151.6461394687028,147.6755203566537,151.6461394687028,18864744
2023-04-05,147.18199157714844,149.3579817738841,146.71090698561855,148.90932456597702,8249158
2023-04-06,148.95419311523438,149.627178927502,147.6306488743355,147.74281317638008,4767830
2023-04-10,150.65908813476562,151.1077453521913,148.77473603673684,148.95419618532077,4930618
2023-04-11,152.13966369628906,152.31912384313767,150.36746222782162,150.81611944090892,2729894
2023-04-12,151.3320770263672,152.20696409484208,150.34503934319577,152.1396682492514,4260174
2023-04-13,149.0663604736328,152.04992823080602,148.34850618744267,152.04992823080602,8347294
2023-04-17,150.6142120361328,150.74880370552657,148.19145245160735,149.06633937845595,2905562
2023-04-18,150.21043395996094,151.66856994612994,149.31311950693384,150.6142364173687,5806422
2023-04-19,153.44076538085938,154.02401427541756,149.71691602528946,150.27773753618442,9852864
2023-04-20,154.20347595214844,154.7867248007123,153.14912885642417,154.31564024548229,4865018
2023-04-21,155.3251495361328,156.53651592802171,153.70998065501456,154.24836115409863,6552688
2023-04-24,155.77378845214844,156.04297182402158,153.77725839519033,155.325131243118,4245824
2023-04-25,155.90838623046875,156.3794708415866,154.89890747070314,154.89890747070314,3084392
2023-04-26,156.58135986328125,156.8056884590739,154.83159955448463,155.59430856502115,2639794
2023-04-27,159.56492614746094,159.9462874955841,156.51406274633712,157.03001577406576,7271052
2023-04-28,160.43983459472656,160.75388645311128,158.12925250632296,159.7219802596674,6742936
2023-05-02,162.01011657714844,163.7150084489977,160.6192765280445,160.7538682103738,6425960
2023-05-03,161.87551879882812,165.01611932523946,161.44930265683132,162.97473445984477,8712958
2023-05-04,165.26287841796875,165.62179869263844,162.03254117821828,163.2214799914838,8282286
2023-05-05,163.96177673339844,165.84612872969925,163.33364570936723,164.70205836379986,3300230
2023-05-08,164.97125244140625,165.41990962651542,162.61580221958323,163.96177377491068,2400728
2023-05-09,164.67962646484375,166.00317073531696,163.62529295561077,164.1412460181585,4179678
2023-05-10,166.96778869628906,167.34915008769036,163.93935233411236,165.1058638934854,5561956
2023-05-11,167.14724731445312,168.20159455440816,166.6761626947805,167.4164443936656,3387368
2023-05-12,162.36904907226562,166.85562137982717,161.0679458414592,166.85562137982717,7791814
2023-05-15,160.17062377929688,163.243928402524,159.87899933153037,162.41390982662597,4809530
2023-05-16,162.54849243164062,164.34312116924386,160.1706148310886,160.73143631158962,7572742
2023-05-17,163.647705078125,165.7788266658456,163.28878481380738,164.54501943084946,7759756
2023-05-18,161.83065795898438,164.2085356487096,161.56146089986254,164.2085356487096,3426890
2023-05-19,161.6511688232422,162.63822004927874,160.43980270975723,161.5614456066488,2315526
2023-05-22,162.23446655273438,162.7504196588901,160.86605370639722,162.39149933076428,3206888
2023-05-23,164.4777374267578,166.45182643040323,163.7598831458145,164.65719757401075,11943178
2023-05-24,162.99716186523438,165.5993819454736,162.34661711412335,164.45529782411552,3750960
2023-05-25,162.99716186523438,163.40096431508528,161.67363128694743,162.86257017657186,3352570
2023-05-26,163.44581604003906,164.65719598317287,162.90743560348184,163.75988156364602,2185592
2023-05-29,162.27932739257812,164.79179695528478,161.96526185127368,163.44582525014954,2341038
2023-05-30,161.69606018066406,163.3112289193517,161.51660003012805,162.86257169704578,2722688
2023-05-31,163.08689880371094,164.4104430740763,161.60633546053245,161.69605868900683,23214480
2023-06-01,163.5579833984375,165.50964503575997,163.35609586543072,163.89447631204717,3537282
2023-06-02,161.5390167236328,164.56745277377232,161.11280060580876,163.5804151651817,6932474
2023-06-05,160.0808868408203,162.41390980652642,159.27330934065435,161.56146384703314,5858136
2023-06-06,159.7892608642578,161.0679366372293,159.093847673098,160.1930496104774,4213074
2023-06-07,165.15072631835938,165.7788436913883,160.05846410528488,160.17062841089478,12830856
2023-06-08,162.01011657714844,164.92638835768557,161.65118260438524,164.92638835768557,7164382
2023-06-09,161.2698516845703,163.31123666612388,160.97821352269196,162.01013339810441,3085970
2023-06-12,166.74343872070312,167.12480006326044,161.60632220908474,161.74091388672588,9434298
2023-06-13,167.6183319091797,169.09889518578953,167.0799377948137,168.02212064898865,7974634
2023-06-14,167.59588623046875,169.81674477631034,166.40694742682788,167.5734588479575,6714368
2023-06-15,169.9962158203125,170.69164271788367,167.34914099338786,168.2913238821391,12210880
2023-06-16,169.0540313720703,169.90649102522482,167.9772568056869,169.14376829090705,4278588
2023-06-19,168.13429260253906,169.906494092067,167.86509553310128,169.14377134398194,3034770
2023-06-20,167.10238647460938,168.26888428893722,166.67615664034454,168.24645690478926,2415876
2023-06-21,167.2593994140625,168.13428643465775,166.60885468637866,167.10238034692134,2680298
2023-06-22,167.52859497070312,169.90648633491955,166.5191162753484,166.63128057483226,4024128
2023-06-23,161.33714294433594,166.45183263739509,160.75388032909956,166.09291232950508,10934896
2023-06-26,160.75387573242188,162.79527428947827,159.56493684310973,162.34661707147885,5281280
2023-06-27,161.67361450195312,163.17661876499008,160.61926741045377,161.9652389250665,6784532
2023-06-28,163.9393310546875,164.5674483691484,161.1576647500947,161.76334099036706,7166772
2023-06-30,163.6252899169922,165.4647735239211,162.07741706616216,164.1412429699584,8391660
2023-07-03,168.3810577392578,170.4673248717394,163.04203928854022,163.84963054070704,12429962
2023-07-04,168.9867401123047,169.74946286730966,167.41643983359123,168.3810501235574,5390328
2023-07-05,173.42845153808594,173.6752212365158,168.24646586618056,168.98674757760526,12565366
2023-07-06,176.45687866210938,178.18421169272733,172.73302922316194,173.42844243546952,13080534
2023-07-07,175.7165985107422,178.52070615227686,174.66225129913877,176.32228849970005,6527978
2023-07-10,173.2714385986328,176.38959832805338,172.32925561799894,175.87364521949502,7264538
2023-07-11,175.38011169433594,175.76147308523664,172.91249688394973,174.07900844179147,6249314
2023-07-12,173.2714385986328,176.21013816315477,172.7554717981415,175.20065933217552,3379704
2023-07-13,170.287841796875,173.92196800494003,169.88405303863038,173.49575186254415,4556112
2023-07-14,170.287841796875,171.27489315430114,168.51565399904257,170.48974302196316,6358916
2023-07-17,171.27488708496094,172.19462887347768,170.0410797778656,170.4897369804457,3944706
2023-07-18,170.01866149902344,173.9444122318238,169.7718918092311,172.26194763205223,4545860
2023-07-19,172.53114318847656,172.9573730606001,169.83919963889525,170.48975814015057,4894862
2023-07-20,174.05657958984375,174.5725326710991,171.94788511105662,173.15926512090152,5790108
2023-07-21,175.2679443359375,176.3222915658756,173.18169095274294,174.05657802888845,4677570
2023-07-24,174.77439880371094,175.8287459139598,173.92195290101654,175.1557601446857,2997768
2023-07-25,173.3611602783203,175.38011792214843,172.4189773061473,173.9892776957914,4256186
2023-07-26,173.72006225585938,177.2195827162693,172.17218953764137,174.03411406070472,12787834
2023-07-27,170.1532440185547,175.7165905902016,162.92986032117378,174.9763089445915,16459384
2023-07-28,167.55104064941406,170.40000298103763,166.945350677173,170.40000298103763,7259444
2023-07-31,169.3680877685547,169.79431757216176,166.74344049123863,167.6631959379879,10035348
2023-08-01,169.3680877685547,170.3999938199087,167.90995191359363,169.3680877685547,9122844
2023-08-02,165.59938049316406,169.90649248770282,164.88152621208567,169.50269004139327,9528240
2023-08-03,165.10586547851562,166.78833014032114,163.4458282020945,165.7564239578534,6404888
2023-08-04,161.69606018066406,166.38453363053355,161.5390274144706,165.17315365353485,6557502
2023-08-07,161.80821228027344,163.06446062312426,160.6641419264688,162.86255941154425,4002256
2023-08-08,160.55198669433594,163.24392997709603,159.90142825756294,162.6382400000887,6307980
2023-08-09,161.67361450195312,162.27930442191493,160.64169479225853,161.51658175352892,6443716
2023-08-10,162.70553588867188,163.75988307976354,161.31469578714237,162.34661559431078,8137376
2023-08-11,162.20651245117188,163.9984792421569,161.91163552021717,163.00041933547,5578802
2023-08-14,161.7528533935547,162.8189597061333,159.3711327109298,162.41066750089658,5111068
2023-08-16,162.36529541015625,163.99847804341647,160.66406638480962,161.84358794464407,3864088
2023-08-17,161.934326171875,163.45407969659652,160.75480460858293,162.86432583726912,4778606
2023-08-18,160.09698486328125,162.5694431713132,159.711370194418,161.93432045799318,4777304
2023-08-21,159.71136474609375,161.00430148834653,159.07624205444006,160.09697940180232,5180764
2023-08-22,157.37501525878906,160.9135797506854,157.19355360796692,159.73405825338662,8015338
2023-08-23,156.4223175048828,158.5318523687259,156.1728094763987,158.39574575303246,6414210
2023-08-24,159.34844970703125,160.0743101828092,157.03477549751776,157.62454319111606,8741756
2023-08-25,158.89479064941406,160.66406606330665,158.32771430876662,159.37112923770303,5113762
2023-08-28,161.18577575683594,162.36529733062184,159.82479252046085,161.1630982407513,10985570
2023-08-29,161.8662567138672,162.6828549086903,160.95893461604365,161.50333341259238,6253738
2023-08-30,159.666015625,160.95893857045365,158.87210876989982,160.23309195007155,9709432
2023-08-31,154.4942626953125,159.68868717684566,153.83646248957604,159.23502613372963,13575650
2023-09-01,156.150146484375,156.4677009279197,154.4942724962457,154.72110303219358,9980752
2023-09-04,156.37696838378906,158.21429008563868,155.5150013190829,156.35427702466518,6898572
2023-09-05,158.8721160888672,159.9608999142356,156.62648820027687,156.9213651339712,8363178
2023-09-06,160.2104034423828,160.52797172793103,157.89672922597506,158.7586963311382,6751054
2023-09-07,160.8682098388672,161.61674779657668,160.21039578366515,160.596010442072,7249346
2023-09-08,164.20262145996094,165.35945159167775,160.61868811381487,160.93625638449296,10344130
2023-09-11,165.01919555664062,167.2875006502027,163.635534987422,165.67700957162785,10452850
2023-09-12,158.05551147460938,165.81311841565065,157.4430662710414,165.5862878843023,18168222
2023-09-13,161.32186889648438,161.5713769310994,157.511118922241,159.05356369221613,9713718
2023-09-14,162.7509002685547,164.3387139297113,161.54870126546336,162.4106544840211,10116738
2023-09-15,159.80210876464844,162.6601679115837,159.34844770357066,162.38798235064652,12383408
2023-09-18,163.47674560546875,163.81699135856272,159.07622832759955,159.80208870312703,10007488
2023-09-20,159.9381866455078,161.86624597547316,159.3257553458155,160.59600066064434,18292152
2023-09-21,161.1630859375,162.63748433101688,159.59794979729676,160.14234858814214,9879542
2023-09-22,159.666015625,162.18382897046294,159.3938162200383,161.27650685034845,3982102
2023-09-25,159.64332580566406,160.36918627768708,157.89672793866285,160.3238174023162,4959752
2023-09-26,159.52989196777344,160.98161274281637,159.18964620905732,159.6433072206788,3788360
2023-09-27,158.3277130126953,160.23309503952817,157.23892921649247,159.52991207609927,5969046
2023-09-28,156.03672790527344,158.78137179414605,155.15208329599415,157.44306612259777,9701978
2023-09-29,157.2389373779297,157.94210653321926,156.51307686123985,156.85332268050342,2669870
2023-10-03,154.85719299316406,158.41843479317444,154.6303624816301,158.10086653917259,10514554
2023-10-04,154.85719299316406,156.49037544513575,154.04059484486035,154.85719299316406,6049760
2023-10-05,156.26356506347656,157.76064109459978,155.51501320327745,156.73990366120555,7115506
2023-10-06,157.51112365722656,158.3277080174562,156.0594027449998,156.51306379949108,3717076
2023-10-09,154.2447509765625,154.9932889109039,152.49815323334187,154.6984120088465,8740080
2023-10-10,154.4262237548828,155.42428363572347,153.88183878367272,154.26743961320767,3572978
2023-10-11,155.40158081054688,156.6491486472367,154.9252422653015,155.2428105252224,4799512
2023-10-12,158.1916046142578,158.94014253496664,156.08206977684782,156.4676844161935,7703802
2023-10-13,157.7379608154297,159.0535751598326,157.44307004190446,157.46576140236493,3981804
2023-10-16,157.5338134765625,158.07821232232797,155.15209275445463,156.51307602423054,3262470
2023-10-17,160.91357421875,162.27455732008264,157.28428594852963,158.2823319160586,10443728
2023-10-18,158.8721160888672,161.73017536103896,158.25967086064824,161.04968373960403,9162228
2023-10-19,160.45993041992188,160.84553126434122,158.39576418774098,158.5545483355453,5743188
2023-10-20,157.14817810058594,160.05160592509088,156.30890242574478,159.05355996538015,4400690
2023-10-23,155.51499938964844,157.5564740751028,154.9932919611818,156.76256725298168,7813800
2023-10-25,154.22207641601562,157.19355069652252,153.56426236875288,155.40158404683174,5429774
2023-10-26,151.9764404296875,153.7684069815634,150.36594936000324,153.15596184075545,7743878
2023-10-27,151.9537811279297,153.45085712298197,151.5227975730258,151.9764586436037,2996088
2023-10-30,157.37501525878906,158.28233735753633,152.929142512782,153.33743468829095,21873188
2023-10-31,158.4411163330078,160.5733287334682,156.3542728049343,158.0328241707977,10673186
2023-11-01,161.91162109375,162.75089677986958,159.03087074418954,159.03087074418954,13929780
2023-11-02,163.56748962402344,164.22530369879323,162.07041366407148,163.74896512370947,10130432
2023-11-03,163.9984893798828,164.99654934826575,163.40873548151723,163.83970522428032,5627900
2023-11-06,166.1533660888672,167.46898041661612,163.93042962547938,164.58822986703532,9072020
2023-11-07,169.12481689453125,169.51043151718017,166.13066534133984,166.40285086825895,10702176
2023-11-08,174.29656982421875,175.97510729531228,169.69189938488034,170.32703589005507,24020912
2023-11-09,174.00169372558594,177.22269001496807,173.6614479311717,174.70487667415745,12843896
2023-11-10,174.22853088378906,175.15854439735278,172.6180396001446,173.207793461712,4932486
2023-11-13,175.61219787597656,176.33805833586564,173.97901530238536,173.97901530238536,4838906
2023-11-15,178.0846405029297,178.4702551662263,175.63487358998148,176.0204882532781,11266250
2023-11-16,180.8519744873047,182.05417349870854,178.28879232835612,178.7424533775377,15416172
2023-11-17,177.04122924804688,184.68542090314872,176.58756818655286,181.46442459761371,16380696
2023-11-20,177.8351287841797,178.47025147519594,175.77097657721785,177.22268360744977,4506882
2023-11-21,176.02049255371094,178.37953562063606,175.38536983404245,177.83513680684197,4477214
2023-11-22,182.4171142578125,182.7346686917472,177.4268426179773,177.83513480140007,25730664
2023-11-23,186.5907745361328,187.58883433161606,181.75928737608365,183.07490158312189,16239092
2023-11-24,186.2732391357422,187.36202294080488,184.6400565058295,187.36202294080488,10975546
2023-11-28,192.57911682128906,193.2142395259773,187.4073835907754,187.83835328394684,23186856
2023-11-29,194.46180725097656,197.0930496604424,189.94788808849913,193.25960823160867,25208812
2023-11-30,197.66012573242188,199.04378640203439,194.64326866338263,197.11572693261297,32721308
2023-12-01,198.7035369873047,200.69964280911748,196.61669341896737,199.6108590740047,19278842
2023-12-04,209.3645782470703,210.8616542004731,201.42550973282604,201.87917079078287,41482794
2023-12-05,214.21875,216.1468094323679,210.95238495319282,213.24336768203426,38376064
2023-12-06,214.5136260986328,218.89145237725057,212.44946005440755,218.21096081545602,27408826
2023-12-07,215.3529052734375,217.30364224424733,213.90118438029774,216.3963201471941,23850564
2023-12-08,213.4248504638672,216.60047787269298,211.31531546658064,216.35095598378888,18940478
2023-12-11,211.17921447753906,215.4209479776478,207.1189426248103,215.4209479776478,27693108
2023-12-12,212.6282501220703,214.48112776526906,211.65431351369264,211.65431351369264,19940320
2023-12-13,212.60450744628906,215.85890336504218,211.86811774512285,213.55469518906577,26664018
2023-12-14,211.7493438720703,213.76849282160694,210.01523964584973,213.76849282160694,12555568
2023-12-15,213.317138671875,215.43131210407728,210.0865062910292,211.41676327168014,22079148
2023-12-18,212.4857177734375,213.91099927890494,210.98917509243935,213.31713198496018,16831064
2023-12-19,213.6734619140625,214.50487616275535,211.44051498951615,212.4857272730727,12644672
2023-12-20,208.77999877929688,216.33398811616578,208.25739264305898,215.40754930652983,17347978
2023-12-21,213.57843017578125,214.00602623115893,205.45433710302012,206.61830831289984,18554414
2023-12-22,212.20068359375,215.38381846411116,211.44053046812638,213.64972866106393,11559264
2023-12-26,214.55238342285156,216.88034036492292,211.1792142217048,212.8420426801434,22976450
2023-12-27,216.02517700195312,216.83282783878,212.9845647966577,215.66885661839945,12398088
2023-12-28,221.2987060546875,223.69793865873217,216.04892489412862,216.64279219730105,45183336
2023-12-29,214.10104370117188,217.5929864489491,213.150855987421,215.93015794988509,17088440
2024-01-01,214.76617431640625,218.25811709857757,214.12480920227839,218.25811709857757,7006288
2024-01-02,216.76158142089844,218.2581242339793,212.8895692223831,214.76618133764765,9458818
2024-01-03,219.04202270507812,221.06117165019123,216.19145948844786,218.51943104766735,15058884
2024-01-04,215.0512237548828,217.35543177839645,214.2673218187034,217.02286029094415,17904916
2024-01-05,215.26502990722656,218.3768888768847,214.38610337039736,216.59528690981767,8080468
2024-01-08,216.16770935058594,220.5860765114529,214.48113192327034,217.09414819014555,18232610
2024-01-09,218.51942443847656,220.32477528825328,216.4765121624515,218.5431733317445,12301290
2024-01-10,214.3861083984375,216.714065456927,211.46428400366423,216.26273498057986,15261992
2024-01-11,217.92555236816406,219.11328697994017,215.31253622225665,215.64509321432584,15751252
2024-01-12,217.71176147460938,219.06578187615824,216.21521871446123,218.0680818698215,11990812
2024-01-15,218.51942443847656,220.206001824486,216.4765121624515,218.5431733317445,10408382
2024-01-16,224.64813232421875,227.95002591852986,218.78072031293473,219.0182672405275,42369500
2024-01-17,224.07801818847656,226.69103444202307,221.46500193493006,224.2443039407178,22429284
2024-01-18,224.81442260742188,228.47263666690242,219.01827165777388,221.86883484637832,19802302
2024-01-19,228.49639892578125,230.42052326905784,225.21823967617803,226.144678507364,12973856
2024-01-23,219.99220275878906,232.08334711309175,218.59068459213478,232.08334711309175,18419550
2024-01-24,226.6910400390625,227.3324196714207,220.1109869565627,220.91865234526776,15161312
2024-01-25,225.384521484375,232.0120865485284,223.76920528018437,226.71479297507784,21346674
2024-01-29,234.05499267578125,238.21206404751746,223.00906017373936,225.19449488033783,27869484
2024-01-30,239.54232788085938,246.02734161372118,234.29253207532565,236.05038514117592,44271876
2024-01-31,238.66339111328125,243.50933953514038,236.85802583953068,240.3737318204664,20707736
2024-02-01,241.5614776611328,244.81585898624917,237.119347193475,239.7086000177907,14008198
2024-02-02,265.2686462402344,271.9437381990631,245.14843278414992,245.78979789885813,77556082
2024-02-05,273.0601806640625,279.73524322182834,264.65101401594063,268.90310962306984,45025890
2024-02-06,289.47467041015625,292.04018874067475,271.13605981695207,275.53067782932555,45260656
2024-02-07,286.0302429199219,294.55818321739474,284.72373484919956,293.0378771174325,28791718
2024-02-08,294.7957458496094,301.85087820852146,288.09693389261065,288.85707248438763,37522588
2024-02-09,291.8501281738281,296.31602168611295,281.3980641213898,295.98345021223207,29524266
2024-02-12,280.5191955566406,293.89307127642104,277.33606066684564,292.0877202784184,17042236
2024-02-13,277.5973205566406,283.4172200053186,275.72069411860207,281.23179997458146,12659942
2024-02-14,296.29229736328125,299.00030916711324,276.50462649695896,276.50462649695896,47987362
2024-02-15,310.1175231933594,312.11292324395515,296.03097836928936,299.30913766651304,51245018
2024-02-16,310.9964294433594,326.8408270874039,309.7136992181208,316.4125110513171,55744810
2024-02-19,310.0224914550781,316.74508114944746,309.2148260964281,313.5144487122752,24997270
2024-02-20,312.4217224121094,315.4623348287071,302.7535735987855,310.0225041289371,20913510
2024-02-21,300.8294372558594,317.29142206833654,299.30913110788924,315.27227316800554,17722264
2024-02-22,297.36126708984375,299.7129585662573,290.2110810941093,298.83404649905515,27653580
2024-02-23,293.5842590332031,299.07158736244867,292.3014998010271,295.5321322764654,12564690
2024-02-26,297.95513916015625,301.01947149560937,287.00420200178024,293.132924667545,23264196
2024-02-27,296.9574279785156,300.59190780947165,292.8003564713442,297.93136464642413,14881202
2024-02-28,289.47467041015625,297.19494529675836,287.95436432530926,296.86237380985017,12645922
2024-02-29,286.8854064941406,290.66240835860947,282.41954175286804,289.33215139306924,20515464
2024-03-01,296.1260070800781,298.002633689566,289.33217045348056,290.2823582053803,15763236
2024-03-04,304.27386474609375,305.6041217384741,294.962007804576,297.0286834689671,14804172
2024-03-05,306.4830322265625,308.5734567736537,300.30681215257096,304.5589079260737,12317936
2024-03-06,303.2761535644531,310.2362902039885,297.05243560496757,305.4853516097467,18258188
2024-03-07,296.7911376953125,304.60643742738387,295.5083784843995,302.63478632566313,11968574
2024-03-11,297.5987854003906,303.44243368417085,290.7811715714587,293.13289181908726,15353008
2024-03-12,297.1474609375,301.85087275939065,292.9666407633434,297.8838506220082,14074364
2024-03-13,283.9873352050781,298.35892347768976,282.3007579180254,298.35892347768976,14910184
2024-03-14,289.2134094238281,291.7076523798447,281.44563581692,283.9873765636029,19372474
2024-03-15,278.6188049316406,285.0563210491823,265.57747244415486,279.4739680953025,57039318
2024-03-18,276.64715576171875,281.6356414158363,275.6969680180773,278.6188069287462,10980494
2024-03-19,264.9598693847656,275.9582755868083,264.3422531246123,275.55445737755457,21665634
2024-03-20,269.2119445800781,271.9437342467884,266.1950812018632,266.5276526999048,17528566
2024-03-21,279.2601623535156,280.16285227758146,272.01498105999184,272.7038729496813,16625332
2024-03-22,281.6356506347656,287.17050602162385,277.71612606394484,279.8302996622371,21445540
2024-03-26,284.98504638671875,286.8616729731403,278.0961852701187,278.59505703167747,13567050
2024-03-27,282.77587890625,290.6386767020548,281.8731889489068,287.431793060471,10893576
2024-03-28,286.1965637207031,290.401132942245,283.9160899082441,285.48392290366695,12168632
2024-04-01,285.3888854980469,289.3084098155317,284.17740196303714,286.48159556889044,6260114
2024-04-02,292.56280517578125,294.700727633379,285.0563276797016,287.43179707703246,18944588
2024-04-03,290.25860595703125,294.2493770704382,289.2371425365708,291.23254259198853,12456516
2024-04-04,284.3436584472656,292.7052982913559,282.89462805917503,291.707612843143,15187270
2024-04-05,280.5191955566406,282.34829544986104,275.67323203757974,281.99197502930406,17546990
2024-04-08,281.2318115234375,286.76663750142166,280.59041742470674,283.13218693165743,11628512
2024-04-09,278.2862243652344,283.7260547809929,277.21726319609775,283.7260547809929,9089852
2024-04-10,287.3130187988281,289.189645390799,277.9299148364026,279.9728126844323,22286674
2024-04-12,285.6264343261719,291.16126039467434,284.5812220350717,287.31301172906444,13419366
2024-04-15,280.0915832519531,284.96129538455807,272.89392857148675,280.4004058642116,16619074
2024-04-16,281.3981018066406,285.0563305143946,274.8655608990191,277.9299222515347,11546770
2024-04-18,280.1153259277344,293.4179538971166,278.19120161022,287.194235981841,25834400
2024-04-19,278.3099670410156,280.2578691930499,268.04795164552615,274.6042408702793,20996084
2024-04-22,286.6954040527344,289.23714467955597,281.7306672701573,282.60957933804883,17525618
2024-04-23,281.73065185546875,289.56970034723133,281.1367845454867,288.9995819301632,11440602
2024-04-24,281.8969421386719,284.5099584790393,281.25557699955334,284.1061402799542,9778936
2024-04-25,286.671630859375,287.8118386618224,279.37892311347605,281.8969146326519,14346756
2024-04-26,289.54595947265625,292.0402022436533,284.6287206113767,286.14902676651764,9905056
2024-04-29,293.9880676269531,296.69610836265497,288.4769905837995,292.1589679093568,15908852
2024-04-30,288.5482482910156,296.719868596318,286.6716507158202,296.4585727691642,12520696
2024-05-02,301.5183410644531,302.65854897241206,291.9451878303607,293.60801640221786,31766132
2024-05-03,299.23785400390625,304.86773360351253,296.98115818488003,304.0600682477439,8997336
2024-05-06,289.926025390625,301.77962288776905,287.97815218156404,301.68459831716,9472036
2024-05-07,287.0992126464844,298.5727409184163,286.00650257235463,295.7459266632737,19902238
2024-05-08,294.7007141113281,296.601089541996,286.69539420861105,288.8570654615101,13939168
2024-05-09,281.32684326171875,296.93366510042586,280.3291287485244,296.93366510042586,19938848
2024-05-10,293.91680908203125,295.48461291916465,285.79268720291554,292.18270500619474,44164342
2024-05-13,288.33447265625,296.9099109531294,281.1605380359036,296.9099109531294,22898652
2024-05-14,287.8831481933594,293.4655013959801,286.0777972124233,290.9475095806669,12813314
2024-05-15,296.9574279785156,298.3589607432765,288.4057380209058,289.3321768991328,18835012
2024-05-16,293.9643249511719,300.90068368640215,290.30609644118283,300.2593185763889,26886936
2024-05-17,298.50146484375,299.07158327218974,293.77427516251976,294.41566926854983,10203386
2024-05-21,305.9604187011719,308.3358877904667,296.9336361618516,299.3091052511464,21247760
2024-05-22,304.297607421875,309.14357043557294,299.80796479157505,308.7635011594338,14673810
2024-05-23,307.5995178222656,310.7588745143977,304.34510756357906,306.43553209466864,14982550
2024-05-24,310.7588806152344,315.15349879744105,304.82020739603615,307.3857258257009,16208524
2024-05-27,311.6853332519531,314.3933741594234,307.1481925108685,312.0416536608985,12493582
2024-05-28,307.1481628417969,313.08683575057097,305.29528529528886,312.58799302571924,8950082
2024-05-29,300.9956970214844,305.46159072370995,300.4493565030529,304.0600580939478,10753416
2024-05-30,297.28997802734375,302.5397592949012,296.2210168598463,301.2332512012932,9645688
2024-05-31,298.263916015625,301.3995528533612,293.4179529008892,299.3091282948704,18484104
2024-06-03,316.4837951660156,326.3894908212254,309.61868290020277,315.93742561297654,33828234
2024-06-04,275.64947509765625,318.31289974107926,269.2357077148136,318.31289974107926,45748526
2024-06-05,276.0770263671875,286.0302483865853,253.79514206092398,286.0302483865853,47388174
2024-06-06,277.5260925292969,288.5957737719692,275.6732148588914,280.804222795685,37934232
