Price,Close,High,Low,Open,Volume
Ticker,CERA.NS,CERA.NS,CERA.NS,CERA.NS,CERA.NS
Date,,,,,
2014-06-02,1298.6658935546875,1323.5412717265674,1223.4732440496657,1223.4732440496657,17509
2014-06-03,1316.5079345703125,1320.7088566032987,1275.867061972379,1299.0432356087965,20058
2014-06-04,1327.4117431640625,1368.8550323641298,1321.6058867031304,1322.5971726497557,4931
2014-06-05,1316.2247314453125,1358.47042391953,1298.052003397744,1327.317175837984,4732
2014-06-06,1309.427734375,1340.5337351622156,1284.882750491748,1339.5424493328712,4143
2014-06-09,1278.1329345703125,1321.6530586686736,1265.1051654678351,1321.6530586686736,4394
2014-06-10,1250.7086181640625,1283.8915741768005,1217.8089196235828,1276.3392707992898,10447
2014-06-11,1201.4769287109375,1262.8866371080721,1176.9791925355923,1227.2492081782796,7401
2014-06-12,1187.1275634765625,1226.1163716966778,1152.6701829064675,1201.7601497460548,4211
2014-06-13,1195.8599853515625,1222.5290554807764,1166.8308205206483,1185.711578134251,4126
2014-06-16,1142.3330078125,1217.7615372825444,1129.5412492824883,1197.0399532722065,10357
2014-06-17,1149.5078125,1156.4464682617695,1131.9958627421481,1134.1671960842828,6792
2014-06-18,1151.8206787109375,1161.1666774553307,1062.0426927945098,1161.1666774553307,23388
2014-06-19,1182.4547119140625,1221.5850365806475,1147.0532908385028,1156.4464218016176,13374
2014-06-20,1181.416015625,1216.864679817688,1142.3329443216558,1185.7114335539304,6809
2014-06-23,1220.829833984375,1226.8245671734994,1180.0474405350856,1184.9092590378916,8908
2014-06-24,1224.4642333984375,1255.0038321533827,1204.9225824523642,1222.9065480330353,6796
2014-06-25,1196.8037109375,1217.808548301617,1187.5993440026623,1212.285951188508,2384
2014-06-26,1174.1943359375,1217.7615909694928,1165.886756676916,1201.7601953438982,4615
2014-06-27,1197.087158203125,1212.1917627484665,1175.3742891691963,1184.7674190252358,7441
2014-06-30,1186.5140380859375,1212.1446906915862,1175.515973257329,1203.6483494016918,6468
2014-07-01,1194.160888671875,1203.648517197155,1180.0948138778067,1189.4406984083569,6727
2014-07-02,1197.370361328125,1217.808803441433,1189.5349164648821,1189.5349164648821,9470
2014-07-03,1224.511474609375,1264.0666836504172,1194.2078826122313,1208.368450390242,12209
2014-07-04,1243.0618896484375,1255.6176396607448,1227.2492550164943,1235.7455960127622,5178
2014-07-07,1254.1070556640625,1302.2529867790781,1247.121267654258,1265.0107391004149,13372
2014-07-08,1233.7630615234375,1268.7868419245992,1208.3684208805707,1268.7868419245992,15069
2014-07-09,1178.678466796875,1236.5951640326243,1174.9494482627706,1208.3684101538875,6455
2014-07-10,1204.2147216796875,1246.1300274696487,1108.772513078108,1181.3690506050111,12313
2014-07-11,1134.7335205078125,1255.4759872103118,1123.7354562670712,1226.257945970643,10755
2014-07-14,1159.8448486328125,1178.1592054838047,1134.7334655380876,1134.7334655380876,4558
2014-07-15,1199.211181640625,1215.8733554829514,1148.2331439176999,1160.222377064351,10740
2014-07-16,1193.0750732421875,1204.5922888424184,1181.935380588329,1203.648250998498,2001
2014-07-17,1187.4578857421875,1203.6481565426961,1170.6068345983867,1186.3250865139769,7434
2014-07-18,1183.257080078125,1198.4560666187956,1180.047328297357,1198.4560666187956,1976
2014-07-21,1202.46826171875,1208.3684985279685,1185.9948466430117,1194.207930185844,6162
2014-07-22,1201.4769287109375,1213.0886403916072,1194.2078833427106,1213.0886403916072,1974
2014-07-23,1170.276611328125,1199.305776890679,1165.8868120245238,1199.305776890679,8271
2014-07-24,1152.3873291015625,1170.60731157901,1132.8457853990421,1167.7751971155126,7107
2014-07-25,1180.000244140625,1189.4878720730028,1151.7263523246536,1152.3871328246446,5005
2014-07-28,1187.31640625,1225.361179251482,1171.6454003489753,1225.361179251482,6677
2014-07-30,1225.6917724609375,1236.6898387310441,1184.8149942630862,1222.5292680585512,26138
2014-07-31,1243.4395751953125,1265.954856644887,1208.3685432553732,1235.037614620189,10881
2014-08-01,1243.2978515625,1246.12996511959,1228.7125128390849,1243.2978515625,7628
2014-08-04,1241.173828125,1264.916404340584,1151.7262371648603,1264.916404340584,24760
2014-08-05,1275.678466796875,1283.7971697300047,1214.0327455204904,1214.316002987519,22774
2014-08-06,1289.6031494140625,1307.445375331793,1275.6785889851271,1275.6785889851271,6557
2014-08-07,1309.9468994140625,1331.7070179820923,1276.7168131439519,1276.7168131439519,11192
2014-08-08,1390.85107421875,1423.6091430188758,1302.772292683056,1315.9415751982738,25656
2014-08-11,1467.7901611328125,1474.5871878621851,1397.1760806888824,1397.1760806888824,70207
2014-08-12,1448.2957763671875,1486.8597017749466,1434.9376169510597,1480.2514364337246,6160
2014-08-13,1461.697509765625,1486.9856915216149,1431.6263023096942,1453.0785830100242,4401
2014-08-14,1473.7259521484375,1505.8807876986718,1398.7610131431763,1440.5765894715769,8636
2014-08-18,1562.51904296875,1619.1097462979712,1477.514597382179,1496.4570922204123,26828
2014-08-19,1586.6705322265625,1609.1173396520944,1572.226881657122,1591.1693742072077,9891
2014-08-20,1575.3997802734375,1657.4681551952667,1539.5511350113748,1586.433805686898,13925
2014-08-21,1564.176513671875,1605.376440008373,1493.6631227744697,1591.0748795066825,16611
2014-08-22,1584.8709716796875,1618.6359877599225,1510.6637802674525,1572.226881030703,20592
2014-08-25,1655.1951904296875,1685.8820554612462,1553.2845904249682,1585.202648262375,14905
2014-08-26,1678.68408203125,1732.196635251915,1657.4684625869718,1671.533243274902,22876
2014-08-27,1615.747314453125,1701.88837415387,1610.1119688086176,1701.88837415387,9661
2014-08-28,1595.3841552734375,1652.6851996451585,1583.592499000291,1626.2605129977883,6195
2014-09-01,1612.2904052734375,1651.2644937559232,1581.698231554533,1651.2644937559232,6427
2014-09-02,1595.0999755859375,1628.8649919135614,1576.9625157204075,1628.8649919135614,5569
2014-09-03,1571.374267578125,1608.5963074502367,1562.7554575716447,1595.0997830439362,4235
2014-09-04,1615.037109375,1625.2187006387398,1566.0234025937405,1566.0234025937405,8290
2014-09-05,1609.922607421875,1630.9487294648197,1586.5759605000446,1623.2770425364918,5949
2014-09-08,1611.4853515625,1622.3299992651223,1591.1695720231726,1609.9226882254854,12044
2014-09-09,1606.086669921875,1627.1601939706802,1582.7874260068063,1610.111949796366,10951
2014-09-10,1596.047119140625,1624.3187666794956,1583.5924069318464,1622.6138960716455,3653
2014-09-11,1608.1702880859375,1610.1119399068527,1595.905069848851,1609.1648152363193,2575
2014-09-12,1586.433837890625,1606.749616016096,1581.6982144939366,1595.9050846840018,4167
2014-09-15,1582.0770263671875,1610.017203328214,1539.8825772865032,1610.017203328214,10205
2014-09-16,1564.176513671875,1599.6462890646728,1534.3420842557903,1599.6462890646728,6906
2014-09-17,1568.95947265625,1591.1695006903967,1535.2891432256745,1572.2744091160216,4320
2014-09-18,1546.228759765625,1576.8682263256842,1525.1078288226652,1562.7560425756233,9459
2014-09-19,1558.0675048828125,1582.6453441424728,1525.1549221724888,1546.6546062146367,5812
2014-09-22,1554.0894775390625,1591.0747418131498,1543.907887428986,1591.0747418131498,4401
2014-09-23,1519.51953125,1575.3526032250888,1514.452437088345,1575.3526032250888,4008
2014-09-24,1481.4451904296875,1522.0294625589524,1470.3164746953578,1515.399589355522,8783
2014-09-25,1466.6697998046875,1512.4632496624126,1458.5718384810891,1512.4632496624126,2808
2014-09-26,1404.6805419921875,1491.7213202458856,1397.0088554683691,1491.7213202458856,16074
2014-09-29,1479.8822021484375,1496.4568828125,1412.3995737304688,1425.422537109375,4740
2014-09-30,1518.2410888671875,1534.2948083453118,1482.297748137528,1510.664090295174,5194
2014-10-01,1508.4383544921875,1572.03780872164,1496.4572025008988,1572.03780872164,12610
2014-10-07,1618.3994140625,1746.4980363021214,1515.3995976591075,1559.8670583565913,259069
2014-10-08,1623.6561279296875,1661.2569371012135,1595.9527268976403,1638.4312520236147,70834
2014-10-09,1584.6817626953125,1643.2614040329202,1574.4054825137157,1643.2140015501682,18147
2014-10-10,1613.284912109375,1623.3718137720198,1538.1305866778064,1568.4385785335267,38885
2014-10-13,1605.47119140625,1615.3213122411155,1567.6336026927222,1567.6336026927222,7948
2014-10-14,1595.6209716796875,1624.271494498149,1583.5925339658643,1604.4292778338363,10284
2014-10-15,1595.6209716796875,1595.6209716796875,1595.6209716796875,1595.6209716796875,0
2014-10-16,1567.396728515625,1589.2752865119055,1557.7359869635272,1583.7819168676258,13497
2014-10-17,1516.1572265625,1566.0232482275562,1497.4041117440513,1551.7690912328724,6935
2014-10-20,1534.342041015625,1559.2987541768837,1501.192675931954,1501.192675931954,58221
2014-10-21,1568.249267578125,1621.2408531312383,1518.903973713694,1518.903973713694,78779
2014-10-22,1587.049560546875,1600.6407771587592,1560.2458847185433,1600.6407771587592,9635
2014-10-27,1592.9217529296875,1626.2132113343903,1579.8040981396407,1626.1658088501104,27061
2014-10-28,1581.1773681640625,1609.1649507821435,1569.7171818084355,1577.0101117553359,5762
2014-10-29,1580.9881591796875,1624.3191211581034,1563.797819992954,1582.6456276706651,7247
2014-10-30,1576.5362548828125,1608.2175256163944,1562.7555460936694,1565.218046861325,4077
2014-10-31,1579.6619873046875,1595.9051998506627,1572.2270811585163,1595.9051998506627,11300
2014-11-03,1573.36328125,1606.323262360795,1572.226778018231,1606.323262360795,4127
2014-11-05,1581.1773681640625,1606.323576531204,1575.068459770868,1606.323576531204,6365
2014-11-07,1574.8316650390625,1605.2817486229112,1572.2270719981018,1581.6983194197771,4431
2014-11-10,1570.3326416015625,1587.8544473130396,1534.3893080235282,1572.226890867668,9441
2014-11-11,1573.7896728515625,1599.693508495334,1556.315153966547,1556.315153966547,17469
2014-11-12,1581.414306640625,1598.7467375415827,1567.4916176725824,1581.5563984904672,17595
2014-11-13,1589.511962890625,1593.0636803706427,1577.0099636072837,1589.1804923823174,9415
2014-11-14,1618.8729248046875,1623.3717672167527,1572.22703242696,1609.1648964418102,6789
2014-11-17,1703.782470703125,1742.7092687459765,1611.43782195164,1669.7806743473677,66514
2014-11-18,1700.23095703125,1714.4378277710887,1672.6222484370014,1703.8773640646466,34702
2014-11-19,1702.835693359375,1713.301352982658,1672.1488268546807,1704.8246323072362,27826
2014-11-20,1640.8935546875,1698.7628511553376,1633.9322112150178,1676.4107311958874,16764
2014-11-21,1639.093994140625,1657.5156390537256,1629.1018978553473,1657.5156390537256,6734
2014-11-24,1639.472900390625,1689.6705108589688,1563.7029223252005,1638.525775664807,11626
2014-11-25,1611.2484130859375,1639.5201764644646,1594.9579153042107,1639.5201764644646,4870
2014-11-26,1641.6512451171875,1686.829045859927,1595.1473310907295,1595.1473310907295,4368
2014-11-27,1627.586181640625,1656.9470435013106,1610.1591819320781,1626.212897251523,2960
2014-11-28,1648.754638671875,1659.3623885165273,1611.10643379543,1621.098529493785,8412
2014-12-01,1622.661376953125,1666.7973644332121,1597.799353812883,1638.525715528327,8051
2014-12-02,1609.5909423828125,1627.1601509105012,1605.3762839309077,1617.7835937396028,5559
2014-12-03,1607.3653564453125,1646.1027810323546,1600.6407939842804,1646.1027810323546,7844
2014-12-04,1604.903076171875,1638.573411210127,1600.64101429948,1612.006512625867,18943
2014-12-05,1585.3447265625,1628.959867185875,1582.1718817993844,1600.6408142717507,4660
2014-12-08,1588.4227294921875,1614.847530385289,1567.4912978226705,1586.4337908477178,11293
2014-12-09,1599.598876953125,1610.1119376582028,1575.0683248974067,1575.0683248974067,5023
2014-12-10,1588.8966064453125,1600.6409775695797,1582.645605632407,1582.645605632407,2166
2014-12-11,1569.338134765625,1608.1702452224822,1550.4430443384258,1581.6981576329697,8450
2014-12-12,1553.142333984375,1581.6981653014507,1543.8131793062064,1563.1818321499543,8366
2014-12-15,1576.3470458984375,1583.5925733193833,1526.1968369071665,1554.2317062303277,3890
2014-12-16,1524.965576171875,1583.59262283169,1488.4065830023928,1581.6983732828485,11051
2014-12-17,1535.14697265625,1547.6016849822975,1468.5167763556012,1534.3419398233304,17676
2014-12-18,1583.35546875,1589.274997196052,1519.7560320024588,1525.8176522543743,3996
2014-12-19,1628.6756591796875,1647.9970267544536,1580.3722980506775,1586.4339194331667,81148
2014-12-22,1627.30224609375,1647.9968966439635,1611.2958163307717,1647.9968966439635,5995
2014-12-23,1602.8663330078125,1666.9393368927888,1581.6981208016803,1647.8074657497705,27246
2014-12-24,1614.8475341796875,1625.2659053679436,1591.4061990061114,1612.953284872732,90159
2014-12-26,1617.120849609375,1642.3143452776685,1610.1121032134004,1633.7902223783033,2134
2014-12-29,1626.876220703125,1650.9806162028283,1613.9006572054886,1619.5360035121962,2626
2014-12-30,1622.045654296875,1648.944017510383,1615.368494876323,1630.94864914008,4461
2014-12-31,1691.233154296875,1727.507959020275,1616.9785586180517,1631.4222095297082,6741
2015-01-01,1704.9664306640625,1723.766831499843,1680.1990983960009,1716.1898344383053,4599
2015-01-02,1723.340576171875,1792.5753598622462,1705.1557148623199,1714.2480877092007,9974
2015-01-05,1739.0155029296875,1751.2334337300335,1712.4013240583563,1734.185190459541,5157
2015-01-06,1713.3011474609375,1749.2918853812093,1676.9316521604653,1739.9154435209412,76266
2015-01-07,1723.814453125,1780.5945358269869,1714.2484006260438,1742.7095457030084,9943
2015-01-08,1718.4630126953125,1760.704749567146,1714.2956410524662,1760.704749567146,3032
2015-01-09,1733.3328857421875,1747.3976643766623,1720.9255753283096,1720.9255753283096,2418
2015-01-12,1881.652587890625,1913.1918865237,1737.9738177084107,1756.916311634388,24236
2015-01-13,1896.8065185546875,1941.6055614131265,1875.306834925849,1884.7780815668887,14889
2015-01-14,1938.1485595703125,1979.3957698823601,1904.667725363,1904.667725363,9321
2015-01-15,1947.1934814453125,1987.0675218258807,1895.3385223137523,1984.2261478671212,12862
2015-01-16,1924.22607421875,1965.2839101338036,1917.075235913864,1949.182788942346,3438
2015-01-19,1983.231689453125,1988.9618400481577,1923.6102367322896,1950.1297279329317,8910
2015-01-20,1994.6441650390625,2017.3751526748354,1977.548521841679,2003.1208829319235,16372
2015-01-21,1948.093505859375,1993.650064586406,1911.2976192595768,1993.650064586406,7740
2015-01-22,2001.4638671875,2012.6399848792703,1950.934903247265,1971.771646620133,3474
2015-01-23,1995.4498291015625,2007.9044268034722,1950.9821380604037,2000.9429675480844,5137
2015-01-27,2017.8492431640625,2035.3710507202866,1965.2838204953907,1993.6975624784566,4336
2015-01-28,2025.9947509765625,2041.0539427950157,1980.4853581171021,2026.3735084036828,21545
2015-01-29,1982.8531494140625,2031.5826735902135,1960.5957168595778,2007.9045538514,9294
2015-01-30,2020.311767578125,2050.524952679229,1998.4330947589713,2021.0692823444015,8849
2015-02-02,2272.48388671875,2329.9269109534666,2022.111363774655,2031.6300138645106,152973
2015-02-03,2255.1513671875,2301.465673633985,2152.340932294081,2273.099334435993,13302
2015-02-04,2233.88818359375,2292.0415417894906,2221.0071964860977,2258.892180647907,4564
2015-02-05,2223.8486328125,2273.0991136073253,2103.1376448799642,2273.0991136073253,4900
2015-02-06,2170.999267578125,2235.9721167797693,2125.3479016761476,2201.117880345529,10396
2015-02-09,2183.595947265625,2235.2142422671327,2130.983125104922,2173.651138136894,7009
2015-02-10,2173.935546875,2199.223732174347,2141.4491207778633,2141.4491207778633,8239
2015-02-11,2228.963134765625,2235.214250161263,2178.3867692249596,2187.858016047677,4131
2015-02-12,2337.314453125,2344.133704929379,2235.2143610639732,2235.2143610639732,8229
2015-02-13,2655.406005859375,2741.925937520409,2348.8217944285443,2354.4099687569305,44094
2015-02-16,2509.69140625,2686.9457246655934,2463.4716685672684,2658.2006249805077,43112
2015-02-18,2524.039794921875,2629.1706312864108,2514.615950881465,2551.5538123068427,7966
2015-02-19,2494.963134765625,2599.9045933046414,2471.9953617683523,2585.6503209301154,12247
2015-02-20,2475.4052734375,2538.246860194276,2424.6866981738826,2534.5057637773266,3727
2015-02-23,2406.074951171875,2477.914435910585,2392.4838535399326,2467.7328476884963,6617
2015-02-24,2342.097412109375,2424.6392374057564,2331.821016598817,2424.6392374057564,6371
2015-02-25,2378.84619140625,2402.855900404735,2310.9847839919407,2368.759403591739,8613
2015-02-26,2498.373046875,2519.3517670288506,2335.609570486145,2411.3321459593535,11643
2015-02-27,2459.304443359375,2519.3046630226827,2379.651152103759,2505.1451929609725,71733
2015-03-02,2510.022216796875,2545.8709761221867,2435.1522006428445,2499.746053418673,17206
2015-03-03,2483.929443359375,2505.144945108856,2445.1445001501766,2490.7486952623062,6131
2015-03-04,2570.54345703125,2595.1212931046657,2473.1316035912396,2552.405882977354,10342
2015-03-05,2575.137451171875,2603.6459993136154,2491.885276171016,2603.6459993136154,7224
2015-03-09,2530.90625,2557.2363595034267,2495.6732619598256,2557.2363595034267,3773
2015-03-10,2483.5029296875,2604.5929145912332,2467.259833640059,2604.5929145912332,3123
2015-03-11,2431.07958984375,2493.305632897083,2425.8704042859404,2481.466574811152,2947
2015-03-12,2484.449951171875,2550.654103425944,2436.0520199448597,2509.8803407014357,4707
2015-03-13,2453.47900390625,2515.1369111279664,2438.372411981622,2509.880323072946,6820
2015-03-16,2429.895751953125,2452.105779296803,2391.4898002025598,2452.105779296803,4844
2015-03-17,2454.8525390625,2486.2498631620433,2429.374975862866,2451.158845042143,10214
2015-03-18,2448.601318359375,2490.937742489203,2424.686421782245,2490.937742489203,1390
2015-03-19,2441.829345703125,2505.1447216134843,2424.639125644809,2505.1447216134843,4714
2015-03-20,2445.239013671875,2480.8509922549815,2415.167806667292,2454.568283770661,2217
2015-03-23,2410.6220703125,2481.5144563083923,2396.2258191473516,2453.0533089295022,3946
2015-03-24,2416.58837890625,2429.374560805225,2367.811462773124,2367.811462773124,2309
2015-03-25,2376.38330078125,2442.6346280247803,2372.5473994579584,2425.586383238256,1611
2015-03-26,2347.875,2414.4579203467006,2339.350876715457,2367.0068749034226,2594
2015-03-27,2368.99560546875,2392.4369412949773,2347.874678861827,2361.276631820637,7654
2015-03-30,2367.52734375,2386.754019598641,2348.7742302068345,2368.995433143294,12023
2015-03-31,2350.14794921875,2400.866291538225,2333.1942784768808,2367.906537210615,10357
2015-04-01,2363.360107421875,2391.252881197846,2339.3978083210927,2391.252881197846,6053
2015-04-06,2367.953125,2391.4892603119306,2353.6516844000394,2363.3597101102164,21453
2015-04-07,2343.944091796875,2367.8115863408707,2331.0157017964934,2367.8115863408707,7983
2015-04-08,2461.387939453125,2500.409434379693,2339.4456232878274,2343.9444660201398,28224
2015-04-09,2548.096923828125,2556.289459651892,2464.418367548804,2524.087221182768,12754
2015-04-10,2617.237060546875,2696.842704416042,2566.7078666933126,2576.7000782509317,15899
2015-04-13,2701.72021484375,2713.5118693911227,2570.4960605680653,2622.587911463881,13610
2015-04-15,2678.94189453125,2804.3410973668583,2651.948843799717,2722.036063242995,12663
2015-04-16,2655.832275390625,2708.72904739481,2612.217139802822,2662.8409051808726,5968
2015-04-17,2573.716552734375,2670.8442364164935,2538.294181647316,2656.7321709589364,5481
2015-04-20,2588.96533203125,2637.5054722421887,2543.0297847096786,2557.2366550153192,4895
2015-04-21,2497.66259765625,2641.530744720069,2476.6362446778494,2632.9592200801585,8618
2015-04-22,2468.8701171875,2529.107345673706,2416.1153132004806,2522.1458860497214,6147
2015-04-23,2070.60400390625,2538.2468315353935,1975.133786470017,2481.3719462022236,115459
2015-04-24,2004.447509765625,2159.3495739805985,1857.6430613705893,2083.674400737377,181332
2015-04-27,1935.070556640625,2056.776202822563,1837.422017885443,2012.6400969106012,41590
2015-04-28,2001.7481689453125,2017.3757273969793,1875.307014200009,1932.1344994787971,19244
2015-04-29,2029.261962890625,2131.0304601758116,2017.3755022997682,2061.8903608012183,22488
2015-04-30,2062.884765625,2083.674104190951,1988.961644909544,2036.3178745502476,12093
2015-05-04,2069.183349609375,2140.5018879635104,2049.5779139615206,2082.727279483079,9969
2015-05-05,2105.55322265625,2126.2951631583237,2064.7794540161735,2069.1834918169193,13811
2015-05-06,2040.1070556640625,2121.5597979050603,2027.794431836935,2112.0411463154473,5468
2015-05-07,1949.7037353515625,2074.203239727219,1935.7336450383311,1993.697634532327,7038
2015-05-08,1947.9512939453125,1988.8670341025872,1932.1343579476518,1988.8670341025872,4813
2015-05-11,1976.22314453125,2016.9969102576572,1951.0769367937248,1951.0769367937248,6832
2015-05-12,1948.5198974609375,2007.9519786662634,1925.3153398588581,2007.8097712072663,4624
2015-05-13,2010.17724609375,2102.6167035722706,1927.5880236231776,1927.5880236231776,18423
2015-05-14,2022.3006591796875,2040.011845226107,1952.6869921467107,2010.1774164976882,4171
2015-05-15,2015.0079345703125,2055.2607370235387,1993.6502249046862,1999.3803759708248,3899
2015-05-18,2019.222412109375,2045.7893055879856,1989.9089495557212,2029.6881860532656,4076
2015-05-19,2045.7890625,2064.7315538194443,2009.7983289930557,2038.2120659722223,5250
2015-05-20,2089.83056640625,2121.5592425787445,2069.4673861761416,2097.7863210732776,6585
2015-05-21,2075.81298828125,2129.0413458038993,2064.7316764475527,2097.1706947587127,4969
2015-05-22,2122.69580078125,2129.515052276583,2078.9860889992556,2083.674309950321,4461
2015-05-25,2079.601318359375,2122.742887654281,2077.75447174192,2122.742887654281,2690
2015-05-26,2114.597900390625,2125.347858388043,2058.575566045638,2097.833839197792,37929
2015-05-27,2095.41845703125,2103.8480050500707,2067.099522842113,2086.9417377658006,1253
2015-05-28,2102.61669921875,2116.3026040101377,2098.828200661599,2108.394252011046,1620
2015-05-29,2222.0966796875,2234.267325436558,2086.5158617790325,2096.2238906411458,49202
2015-06-01,2216.36669921875,2271.8680703101872,2189.752401500253,2225.7431416633194,4201
2015-06-02,2151.630859375,2225.9801594568476,2104.0378360741993,2186.769283498699,2681
2015-06-03,2101.527587890625,2140.5016741102127,2036.3179643083884,2140.5016741102127,5255
2015-06-04,2032.292724609375,2126.105467755409,1985.173273112548,2091.251234271234,5876
2015-06-05,2047.304443359375,2082.8216126587376,2027.2252186635449,2027.2252186635449,2615
2015-06-08,2014.3446044921875,2094.6608151823875,2003.1684881935373,2094.6608151823875,2462
2015-06-09,1905.8990478515625,2036.3180705914954,1881.5105872386644,2014.9129602405399,23612
2015-06-10,1899.31640625,1958.653789086043,1894.2493124623238,1939.7112959614196,7291
2015-06-11,1886.5775146484375,1982.3317886251357,1865.8354627766446,1930.1452462665725,17334
2015-06-12,1849.7344970703125,1913.1918505284339,1841.2103749639978,1893.302232280366,7418
2015-06-15,1860.5318603515625,1875.3069831562982,1825.1093719910032,1861.1001120717808,3561
2015-06-16,1870.7608642578125,1884.7783575856824,1838.132461047444,1884.7309550992138,5580
2015-06-17,1866.9246826171875,1903.7204502868867,1856.601001330781,1893.3020796634262,5931
2015-06-18,1943.073486328125,1950.413701853281,1855.4170598426851,1870.571053184943,7484
2015-06-19,1909.072021484375,1986.0257916457786,1894.249496054585,1922.7579278470437,7339
2015-06-22,1910.1610107421875,1955.812371917873,1899.4584561168494,1955.812371917873,22568
2015-06-23,1939.1903076171875,1951.02936567638,1898.98491269449,1941.5107167504686,6264
2015-06-24,1907.0357666015625,1955.8126933360945,1884.7783340139604,1955.8126933360945,5998
2015-06-25,1920.7689208984375,1931.1872927573543,1887.6195558927939,1905.6149254672862,5285
2015-06-26,1896.948486328125,1921.7158177979657,1890.555395263494,1909.545289783272,2434
2015-06-29,1850.4920654296875,1894.059796457651,1846.892945750625,1894.059796457651,6795
2015-06-30,1853.191650390625,1865.8357425788467,1832.6863765939434,1846.8932477303306,3498
2015-07-01,1901.5897216796875,1913.191999896884,1856.411917235379,1865.788359791727,6562
2015-07-02,1866.68798828125,1894.2492923619561,1861.099929745622,1887.5247304972313,11768
2015-07-03,1855.5594482421875,1892.8287834521968,1846.8932337912354,1892.8287834521968,4117
2015-07-06,1818.4320068359375,1856.316994530039,1804.3199414125304,1832.686279702166,25285
2015-07-07,1745.551025390625,1844.0520056622609,1737.9740269081915,1844.0520056622609,45500
2015-07-08,1664.8082275390625,1755.9689682022026,1646.1025171172753,1743.7984404939707,63080
2015-07-09,1655.905517578125,1683.9877892681038,1647.9970491150173,1664.997891967321,19248
2015-07-10,1634.5003662109375,1682.0933799163408,1614.8475297057214,1682.0933799163408,14100
2015-07-13,1717.1845703125,1873.2233725186732,1633.790190019112,1633.790190019112,23613
2015-07-14,1777.9898681640625,1798.495141331572,1732.101722047862,1732.291100744211,28088
2015-07-15,2034.61328125,2089.357136419743,1756.9163590474266,1799.536971531057,357132
2015-07-16,1999.799560546875,2100.2026912174897,1979.5193558632873,2100.2026912174897,70020
2015-07-17,1927.370849609375,2037.510348648037,1882.868491189897,2037.510348648037,28682
2015-07-20,1962.8489990234375,1992.7704790811504,1927.3232710190273,1932.0727122980293,10089
2015-07-21,1891.085205078125,1962.6117285135515,1885.5283814016557,1956.7700079029776,10086
2015-07-22,1927.27587890625,1939.6719679820142,1864.630789984669,1864.630789984669,8792
2015-07-23,1900.7264404296875,1942.3315933031151,1890.2776693928427,1926.4209646788286,16243
2015-07-24,1903.4813232421875,1918.8220435713179,1899.7767354174896,1918.8220435713179,4370
2015-07-27,1867.7655029296875,1927.7984000737524,1853.2321648405475,1927.7984000737524,4291
2015-07-28,1834.8519287109375,1898.779347680704,1819.0362638528618,1833.2845896793854,7547
2015-07-29,1905.4283447265625,1927.370856709205,1818.086163952431,1842.7832591785352,8893
2015-07-30,1878.404296875,1939.6720982142858,1842.783482142857,1907.3283520562309,6218
2015-07-31,1895.0748291015625,1909.2280729784757,1863.1110624265357,1899.824270926881,4984
2015-08-03,1913.217529296875,1946.891138869003,1899.7765867549517,1899.7765867549517,10487
2015-08-04,1924.2838134765625,1937.7721812984526,1885.5283234693275,1937.7721812984526,6935
2015-08-05,1902.9586181640625,1928.273163426275,1895.027074401684,1923.5237221370478,6600
2015-08-06,1903.43359375,1938.7219663027818,1895.0271057197697,1912.4575323486656,5956
2015-08-07,1912.6474609375,1923.5236346136846,1897.8766528188355,1909.0378393406681,10105
2015-08-10,1900.1566162109375,1923.3813392254658,1897.449457692858,1923.333914381422,4994
2015-08-11,1900.1566162109375,1923.903824182097,1882.2512445913158,1923.903824182097,7268
2015-08-12,1896.2147216796875,1914.1200948590774,1886.478365563361,1900.7266915872533,4734
2015-08-13,1906.3782958984375,1928.2732678082643,1890.2777354376583,1899.7766185303099,6623
2015-08-14,1908.1356201171875,1918.5843911800584,1891.2275623796418,1909.322980465241,5114
2015-08-17,1906.6158447265625,1933.0227871684103,1899.7766950058085,1933.0227871684103,4608
2015-08-18,1941.3343505859375,1980.3748552428256,1894.0298635151628,1920.5793129519586,6559
2015-08-19,1976.812744140625,1999.5149830142138,1928.2733565410233,1940.5743643307937,8849
2015-08-20,1973.63037109375,2018.5125922628895,1944.4213065233575,1999.5148266886506,10043
2015-08-21,1923.9036865234375,1965.9836664655381,1900.726390011329,1952.495299684301,7241
2015-08-24,1763.9425048828125,1909.2754091623333,1738.8654315419892,1909.2754091623333,32668
2015-08-25,1764.03759765625,1875.9819143594325,1733.5462053985038,1766.7922970088862,15565
2015-08-26,1798.281005859375,1851.3322426756363,1759.7155651953985,1838.0338068637025,6428
2015-08-27,1893.269775390625,1902.6261513968282,1825.6852036868215,1846.7252514672875,5596
2015-08-28,1905.9033203125,1931.0753600929006,1842.8782552227708,1928.2256952121006,8163
2015-08-31,1957.8621826171875,1980.4695706058255,1854.7044520735562,1918.7743717182293,8705
2015-09-01,1896.024658203125,1971.01829589958,1801.273296749639,1971.01829589958,5010
2015-09-02,1916.5899658203125,1928.2736406647277,1895.0275434118876,1904.4788875353495,4737
2015-09-03,1932.2626953125,1950.120641381033,1918.8692937376802,1947.2709765373197,4032
2015-09-04,1869.1427001953125,1933.022688297528,1852.2821828895233,1933.022688297528,10661
2015-09-07,1768.83447265625,1899.6815824024513,1757.29330693628,1869.3801232705941,13173
2015-09-08,1751.0240478515625,1790.4918356218955,1732.5961923519249,1758.2907162568279,15634
2015-09-09,1798.138671875,1820.9359925960775,1776.2912395173005,1779.4259174977165,3747
2015-09-10,1795.7164306640625,1841.738591966953,1757.2934923081075,1795.1940616301436,2687
2015-09-11,1824.8780517578125,1838.9363299582317,1800.4658512569483,1800.4658512569483,2317
2015-09-14,1821.1732177734375,1847.5326162833933,1812.3867516034522,1824.877805078981,1866
2015-09-15,1833.284423828125,1852.2821898781574,1819.9384467967125,1819.9384467967125,1816
2015-09-16,1869.1427001953125,1895.0271563408198,1828.582516212791,1828.582516212791,3411
2015-09-18,1887.617919921875,1915.9246366915406,1861.7810054117103,1891.3700481526353,2151
2015-09-21,1921.8616943359375,1944.326578058412,1860.8313649841107,1887.4282400323775,2786
2015-09-22,1878.45166015625,1965.318899092536,1860.8311857526717,1965.318899092536,2622
2015-09-23,1873.9395751953125,1893.1272713536105,1852.2820768387057,1864.6781648111191,1664
2015-09-24,1876.50439453125,1880.778892013098,1852.2347013363806,1873.939742423407,1773
2015-09-28,1803.3154296875,1876.0294267617328,1794.0540185933598,1873.4172338890266,5292
2015-09-29,1890.7528076171875,1899.776747166227,1802.4607296739052,1851.6648778536082,4315
2015-09-30,1919.3919677734375,1933.02284276149,1819.511181970336,1933.02284276149,4203
2015-10-01,1854.6094970703125,1925.4237212611608,1850.382540215462,1917.8246143198244,3762
2015-10-05,1867.5279541015625,1883.4385832586618,1845.0630724294138,1878.831532202882,2300
2015-10-06,1917.5394287109375,1920.199162282105,1857.221522797055,1896.8793585750802,4181
2015-10-07,1923.9036865234375,1937.7720317956575,1876.029295488443,1876.029295488443,2743
2015-10-08,1922.621337890625,1942.5214501305045,1899.7764793452368,1942.5214501305045,1892
2015-10-09,1929.318115234375,1935.872367736776,1904.5260536370145,1922.6214722485963,2725
2015-10-12,1917.491943359375,1961.4241590673812,1900.9163237877567,1947.2709168731205,3045
2015-10-13,1905.5234375,1923.6187397288131,1890.2776841685327,1904.7634804919348,2358
2015-10-14,1901.81884765625,1914.0724296889298,1876.409336103941,1892.2249991953558,1221
2015-10-15,1939.0072021484375,1941.0969102092831,1892.0351520481033,1910.5579755122976,2250
2015-10-16,2027.06201171875,2040.3604504085638,1928.2260692178254,1938.7223832792731,51170
2015-10-19,2040.1229248046875,2085.005154206164,2004.2646357061533,2011.7686617218453,8717
2015-10-20,2088.234130859375,2099.15784518418,2042.2596346374971,2078.3553863194625,8634
2015-10-21,2132.35693359375,2170.447316897923,2090.7042371069374,2090.7042371069374,44417
2015-10-23,1894.3623046875,2184.74311492972,1758.1007569257465,2151.5445648471614,164200
2015-10-26,1885.765625,1933.022564853293,1880.683746115955,1886.4780411786928,14205
2015-10-27,1865.6754150390625,1899.5864937982653,1852.3295552249099,1853.2319026455527,5695
2015-10-28,1874.93701171875,1894.9796318072865,1856.0817520140504,1865.5806350847465,4507
2015-10-29,1863.348388671875,1892.1774751044456,1852.2821668944123,1880.7788156158647,5192
2015-10-30,1810.6297607421875,1922.5740832591055,1804.7879240080536,1922.5740832591055,5070
2015-11-02,1882.6309814453125,1893.887250034546,1793.0090477372141,1810.4870148275445,7703
2015-11-03,1874.1773681640625,1899.776814356243,1834.2820550625813,1848.4828403686245,3256
2015-11-04,1825.6851806640625,1880.778698082645,1819.9858512759333,1835.6590070932887,5868
2015-11-05,1805.025390625,1846.535466369932,1795.2890347487173,1825.6854628502829,3101
2015-11-06,1783.082763671875,1823.073036075235,1758.7181067048573,1823.073036075235,3343
2015-11-09,1792.914306640625,1814.2867950641557,1709.7990738824503,1763.9427112220612,3306
2015-11-10,1757.720947265625,1821.8384144066802,1733.5463338137117,1804.7879639704395,3244
2015-11-13,1730.2215576171875,1790.3019932577515,1726.896948530358,1781.9904705406773,3132
2015-11-16,1727.751708984375,1740.2427622856148,1709.798798410435,1728.7965628372176,3450
2015-11-17,1762.565185546875,1770.4017635954947,1729.4614873304845,1752.5438181458628,7114
2015-11-18,1778.42822265625,1799.0882914733277,1757.2932097284352,1799.0882914733277,4723
2015-11-19,1764.46484375,1809.5369917296716,1757.2931415747466,1776.243364476956,1967
2015-11-20,1763.6575927734375,1789.494624582104,1757.2933874272637,1771.1143088285653,2949
2015-11-23,1810.534423828125,1843.7329695571295,1762.0425855375968,1785.7897901944375,9970
2015-11-24,1828.012451171875,1833.2843774987957,1767.7420862825177,1767.7420862825177,8412
2015-11-26,1840.408447265625,1856.0816030745968,1793.3889798387097,1823.7378624330029,10142
2015-11-27,1807.590087890625,1853.232271980066,1785.837736251143,1853.232271980066,3451
2015-11-30,1860.3560791015625,1861.7809114317397,1795.2411952311968,1817.1361650861827,4821
2015-12-01,1847.8177490234375,1861.781060596648,1838.0813939871541,1838.0813939871541,3514
2015-12-02,1835.9443359375,1865.5808074753918,1812.3870573640772,1865.5808074753918,3230
2015-12-03,1823.738037109375,1838.0339027341283,1804.8353522675607,1838.0339027341283,9670
2015-12-04,1858.076416015625,1861.7810034478107,1793.3890482191157,1851.3322325100935,4029
2015-12-07,1833.33203125,1875.9819248197414,1823.833147879783,1875.9819248197414,1690
2015-12-08,1809.774658203125,1842.7832761653654,1796.2862909134878,1829.2949088757282,1890
2015-12-09,1827.91748046875,1880.5413141422616,1738.3905104685439,1836.1340372456077,5978
2015-12-10,1860.023681640625,1873.1796105831465,1804.7876572555672,1827.6325158247216,4267
2015-12-11,1802.697998046875,1876.0293258191505,1783.9377047886835,1859.8812252931123,10854
2015-12-14,1811.2470703125,1828.534991120006,1766.7922511601096,1804.8353242397416,20653
2015-12-15,1835.4215087890625,1842.783142476792,1781.990296539413,1785.7898494104993,13446
2015-12-16,1843.210693359375,1852.2821729466086,1808.159908079991,1851.2847438568347,3167
2015-12-17,1845.6807861328125,1856.9843658455238,1810.487372927324,1856.9843658455238,2844
2015-12-18,1852.1871337890625,1866.4354576307858,1833.2367935076766,1855.1317641923874,6949
2015-12-21,1850.905029296875,1866.7681186907682,1820.936004849359,1824.7830991281962,2237
2015-12-22,1891.5125732421875,1898.8266665971912,1851.379793520461,1874.9844940241464,4066
2015-12-23,1877.501953125,1899.776789601812,1866.6256614326257,1871.2801377577848,1795
2015-12-24,1869.522705078125,1890.3252823085086,1857.0316505805185,1885.6708063875208,2866
2015-12-28,1894.3623046875,1899.7766216780171,1876.0769547038492,1882.678632082915,4025
2015-12-29,1882.6787109375,1897.8293837486915,1873.1322866324579,1894.1249119437907,1183
2015-12-30,1906.140869140625,1946.3211919591145,1899.7766636985011,1899.7766636985011,7029
2015-12-31,1915.544677734375,1937.7720866245234,1899.7765555142385,1918.774321069381,2845
2016-01-01,1917.5869140625,1921.6239391447368,1899.8714749227588,1909.2278510403708,1611
2016-01-04,1884.4832763671875,1918.5367461078436,1861.7809245556991,1899.7764536282643,3144
2016-01-05,1904.573486328125,1909.2753867949398,1876.0292979701524,1885.52818049152,2094
2016-01-06,1910.8427734375,1923.52375873035,1867.622856883312,1923.52375873035,2655
2016-01-07,1874.79443359375,1900.0615543581691,1869.3801168317507,1899.7765414956816,2678
2016-01-08,1861.82861328125,1899.7766045763988,1854.4669789385166,1862.8259264267556,2431
2016-01-11,1890.5626220703125,1909.275374132036,1785.7423613796939,1857.0315206110101,8858
2016-01-12,1829.34228515625,1899.7765229346849,1817.136244187026,1873.4646644733023,5724
2016-01-13,1755.3935546875,1846.630371051304,1724.997129498106,1842.8308179026299,8515
2016-01-14,1761.0926513671875,1776.290861950723,1709.7986906477547,1733.5934354738606,4625
2016-01-15,1714.500732421875,1780.992909222462,1708.8489437750868,1761.092796975548,5576
2016-01-18,1700.1102294921875,1733.023768333627,1672.8959048454537,1713.5985977942228,12184
2016-01-19,1705.429443359375,1738.2480139049073,1694.6006937624138,1738.2480139049073,2812
2016-01-20,1661.1173095703125,1719.2979730220245,1624.4990660288233,1690.8488623358846,8455
2016-01-21,1662.447265625,1705.0497386907887,1654.7056516988046,1700.3002965217336,3742
2016-01-22,1664.3944091796875,1733.5463311258684,1648.1513407197729,1690.8013530981073,9047
2016-01-25,1657.080078125,1708.5165508601822,1644.0666552770783,1644.0666552770783,8487
2016-01-27,1662.779541015625,1676.6004627592324,1648.0087309309633,1664.2043735272066,6603
2016-01-28,1654.56298828125,1681.3023683470067,1643.3068345990519,1662.3046014730294,2892
2016-01-29,1661.7818603515625,1727.8466308536988,1653.7553514657998,1656.5574752665184,9494
2016-02-01,1651.6658935546875,1671.8034800007022,1626.1612988387344,1662.3045965916072,7070
2016-02-02,1652.853271484375,1727.5144726798821,1608.16097819003,1669.9037210029962,103414
2016-02-03,1621.98193359375,1660.4048718031204,1609.4908783297685,1660.4048718031204,4966
2016-02-04,1615.9974365234375,1648.0561659768782,1608.1608582125966,1629.0584003748393,3687
2016-02-05,1616.187255859375,1633.8552694080936,1605.5010134483684,1629.010746752583,4899
2016-02-08,1603.743896484375,1633.8078845269126,1596.7622406335697,1633.8078845269126,9406
2016-02-09,1560.4290771484375,1613.4328931263458,1531.742495540124,1595.8124179633999,9049
2016-02-10,1504.43310546875,1548.317897659176,1483.2505504262597,1546.4181210976308,12287
2016-02-11,1499.1136474609375,1538.7714834246378,1434.2837719035113,1525.3306569324027,12145
2016-02-12,1557.1043701171875,1575.817122937576,1453.2815342567053,1500.8234892695782,10180
2016-02-15,1554.492431640625,1609.1110169258898,1539.9116672811942,1609.1110169258898,3988
2016-02-16,1566.413330078125,1581.5640019133887,1527.3728286197168,1581.5640019133887,6444
2016-02-17,1564.1336669921875,1576.814653211417,1529.3202359460129,1558.1018991901146,57569
2016-02-18,1556.724609375,1580.8993391652266,1531.2676693653336,1572.0177897016524,22979
2016-02-19,1558.149169921875,1562.6137142751436,1529.3200846838388,1548.3178497109673,3184
2016-02-22,1580.709228515625,1624.3091283082165,1534.5446764806572,1534.5446764806572,3159
2016-02-23,1572.8724365234375,1614.8100259769403,1538.8189659309667,1614.8100259769403,2471
2016-02-24,1521.5784912109375,1591.0628408544046,1519.8212211146551,1591.0628408544046,2877
2016-02-25,1557.67431640625,1591.062913574277,1469.477210328004,1539.4839321440072,3601
2016-02-26,1587.69091796875,1600.5619521551844,1529.225356588042,1544.6610430702508,2662
2016-02-29,1613.2425537109375,1624.2612333154084,1568.4553032109147,1595.8121289455248,3808
2016-03-01,1682.0146484375,1728.749104782836,1611.0105004941408,1612.5778393249936,10681
2016-03-02,1759.2880859375,1779.1407744705964,1701.91480979544,1733.5461363635015,4728
2016-03-03,1744.3275146484375,1786.8350199270055,1713.5986485483081,1724.0949615961285,5583
2016-03-04,1754.9664306640625,1781.0408219156361,1713.5037771392308,1739.293271431205,4975
2016-03-08,1769.5943603515625,1814.2391104073572,1724.0472627929257,1785.7900022317908,3083
2016-03-09,1748.507080078125,1769.6420970721426,1720.2954408538967,1769.6420970721426,4687
2016-03-10,1692.1785888671875,1733.5462737255782,1671.1386542527255,1729.9841923412107,6146
2016-03-11,1673.750732421875,1737.678145708315,1642.3568775938338,1692.1784727566967,4779
2016-03-14,1699.1602783203125,1723.0498768778095,1639.5072452631903,1639.5072452631903,5881
2016-03-15,1726.421875,1755.3934662998624,1691.7984950573277,1700.2999484181569,5720
2016-03-16,1745.704833984375,1752.5439836368132,1692.7010183418977,1719.2978918063045,6426
2016-03-17,1710.321533203125,1747.794582628762,1686.5743242000167,1742.095252468016,5798
2016-03-18,1685.6246337890625,1728.7970184453393,1661.3549369565376,1726.3747564612993,4736
2016-03-21,1736.110595703125,1752.5437077450833,1624.261261509638,1685.1491871537064,5092
2016-03-22,1700.489990234375,1735.4459260958406,1690.8011759444971,1735.4459260958406,3671
2016-03-23,1726.802001953125,1733.546185841657,1686.0993105885168,1700.3000946063376,2415
2016-03-28,1722.432373046875,1738.2954600993069,1688.9012721620588,1738.2954600993069,3733
2016-03-29,1742.3802490234375,1747.7945662441223,1700.3001486831406,1709.8465729941652,3777
2016-03-30,1728.7967529296875,1755.583557335574,1715.0709130033524,1728.7492121321325,8094
2016-03-31,1738.20068359375,1747.7469917676572,1709.8465400468385,1743.520035067447,2160
2016-04-01,1746.274658203125,1748.7443445702781,1719.2028418966324,1719.2028418966324,4397
2016-04-04,1745.9422607421875,1757.1984140648035,1729.794159415164,1757.1984140648035,2781
2016-04-05,1685.6246337890625,1742.1429978536216,1681.302594861676,1736.3961262187254,74308
2016-04-06,1685.05419921875,1712.5059925820692,1672.8007336688972,1692.4633738819139,2070
2016-04-07,1679.3076171875,1709.7514688711008,1674.700681935413,1687.0016895403785,2339
2016-04-08,1672.0882568359375,1690.801008128913,1668.9535793721911,1684.151790681215,1124
2016-04-11,1680.969970703125,1689.3764595546945,1655.085512720069,1689.3764595546945,2941
2016-04-12,1681.5396728515625,1690.706117645367,1664.4892251626732,1689.376250906089,146345
2016-04-13,1705.5242919921875,1719.2501303334484,1662.3043781600268,1689.7086300036347,6897
2016-04-18,1696.78564453125,1726.897059529008,1676.552975835368,1705.0496269827115,6312
2016-04-20,1710.7489013671875,1717.0656820226136,1686.0518045123586,1714.0735105591837,3574
2016-04-21,1702.7696533203125,1728.7966145542325,1700.2999670615802,1710.748737808886,2662
2016-04-22,1710.8436279296875,1719.2976561699932,1690.8010099351313,1719.2501153783417,16598
2016-04-25,1712.6485595703125,1719.2977774943238,1688.901352698844,1688.901352698844,37855
2016-04-26,1706.6641845703125,1718.3478565099344,1700.2999796311678,1712.6485269692714,1655
2016-04-27,1703.862060546875,1719.2502039249766,1701.24986784081,1705.9993091245644,1402
2016-04-28,1702.0572509765625,1717.3979695255107,1697.4027753242747,1709.7988634656633,2178
2016-04-29,1752.496337890625,1757.2933200915982,1691.0386124827394,1701.2499115048931,3651
2016-05-02,1785.5999755859375,1789.5894598476477,1730.031513058821,1751.5463891208983,7319
2016-05-03,1876.0767822265625,1911.1275649115948,1828.5348302585785,1828.5348302585785,87051
2016-05-04,1881.4912109375,1914.024884533163,1855.1793519581838,1894.0772306496908,16671
2016-05-05,1880.8739013671875,1895.02726099331,1869.3802755061824,1881.7288240740588,3818
2016-05-06,1877.311767578125,1887.428101428149,1862.7785457801947,1880.826423951878,3575
2016-05-09,1895.1695556640625,1906.283201752008,1826.635095579986,1854.1818546916966,7717
2016-05-10,1956.864990234375,1985.2665577962996,1904.2885797809242,1913.8350036291042,16380
2016-05-11,1975.5301513671875,1990.0159476447927,1930.1729859733741,1971.0181820348187,5116
2016-05-12,1949.9783935546875,1994.7655365289827,1930.6480728548368,1974.8178811636928,3827
2016-05-13,1941.9041748046875,1956.1526156385867,1919.6767648001085,1933.972630478378,2984
2016-05-16,1914.4998779296875,1942.9015614279845,1880.7788431162398,1931.1229232602604,5924
2016-05-17,1916.3048095703125,1928.273379771363,1899.7291880392925,1914.4999984872818,2218
2016-05-18,1925.5660400390625,1928.2731984324369,1906.4257681053698,1916.8745391313585,2663
2016-05-19,1906.473388671875,1934.8275316790823,1897.971818682199,1934.8275316790823,2223
2016-05-20,1897.4969482421875,1926.3735773256715,1880.7789364422235,1926.3260365268172,4209
2016-05-23,1920.8167724609375,1937.7722565148083,1878.4042339500163,1937.7722565148083,3423
2016-05-24,1906.568359375,1920.6266368999948,1888.092962030496,1920.6266368999948,2410
2016-05-25,1950.92822265625,1966.2688262920844,1899.776643760468,1906.4258620136295,3403
2016-05-26,1949.8831787109375,1965.3188633554644,1905.998386287454,1918.821878145984,3365
2016-05-27,1944.8963623046875,1963.704197684065,1919.7718622718103,1934.0201872703794,5238
2016-05-30,1932.73779296875,1961.1395939774786,1924.9487548251882,1944.8964103156045,3155
2016-05-31,1903.0535888671875,1947.2709337689103,1886.0981066101238,1943.5189215216913,5214
2016-06-01,1938.2947998046875,1947.2711987052548,1902.6264443934758,1906.4259979519252,2626
2016-06-02,1954.2529296875,1961.519482951394,1914.2625365703616,1945.5137711633222,2521
2016-06-03,1959.8095703125,1966.268857384692,1931.122988919362,1959.6196390263863,2912
2016-06-06,1965.698974609375,1985.26676853547,1922.6216745411828,1956.770116355535,2790
2016-06-07,1973.4879150390625,1993.8154307655248,1956.769789126718,1975.7675540696957,3233
2016-06-08,1999.98974609375,2013.7631259647353,1954.8225126183252,1989.9208377014004,11013
2016-06-09,2014.6182861328125,2045.8222139402474,1982.4647017980992,2012.8611316744023,6484
2016-06-10,1992.2481689453125,2038.3650569171446,1977.9047639314442,2013.7155037671193,4129
2016-06-13,1966.74365234375,1994.7653561564236,1935.8722837365674,1975.7675908596957,4291
2016-06-14,1957.7196044921875,1993.8153565400785,1912.7424208547222,1993.8153565400785,7606
2016-06-15,2012.0059814453125,2040.360242380597,1957.7674940342151,1972.0158197491635,2822
2016-06-16,2039.1256103515625,2070.756943996639,1981.5149651997099,2004.2647485472057,10220
2016-06-17,2091.179443359375,2118.203723647907,2028.9617492689642,2051.7590722944583,20187
2016-06-20,2092.271728515625,2101.2008192041794,2042.2126529386383,2062.2553922537313,5425
2016-06-21,2110.984375,2119.200816105382,2075.4584131209554,2091.654055160937,3355
2016-06-22,2126.752197265625,2135.9660666767554,2106.8520853117725,2110.604097423289,4093
2016-06-23,2109.416748046875,2135.3012023397405,2092.271219097312,2125.84986082324,3843
2016-06-24,2097.68603515625,2132.5944320964854,1975.767772399723,2080.2554911324005,10803
2016-06-27,2165.27001953125,2175.718789092489,2070.8036901974892,2097.3530173831978,5188
2016-06-28,2218.98681640625,2232.2377130449713,2164.7956374593573,2164.7956374593573,14617
2016-06-29,2279.58935546875,2282.5814106227745,2218.93889938194,2218.93889938194,32081
2016-06-30,2257.7890625,2307.2783281301904,2241.8311270235536,2260.7338085425495,6570
2016-07-01,2288.470703125,2308.228424912924,2217.989042045958,2274.934795694955,6761
2016-07-04,2302.814208984375,2355.7229399231596,2261.6839999826784,2288.4708031602186,7771
2016-07-05,2340.287109375,2353.3956132334297,2309.1782700722983,2309.1782700722983,4999
2016-07-07,2336.440185546875,2358.572629132646,2308.84588428188,2358.572629132646,5916
2016-07-08,2329.648681640625,2345.17921676911,2294.075409887516,2345.17921676911,7541
2016-07-11,2344.277099609375,2355.7233015485735,2313.0258630892763,2355.7233015485735,6649
2016-07-12,2340.999267578125,2393.7180581444004,2294.0273465088885,2369.970855186619,107349
2016-07-13,2340.001953125,2358.5247723380435,2327.2735444795785,2340.571978786379,16470
2016-07-14,2354.589111328125,2361.5010542604577,2325.2729395806446,2350.0605969931485,6011
2016-07-15,2343.38671875,2373.8946011747357,2309.637466920305,2361.405343704441,5420
2016-07-18,2332.08935546875,2349.583813749884,2312.0210737173416,2343.3868996539723,4626
2016-07-19,2344.57861328125,2354.8273558217697,2328.323584374948,2333.376499341612,11374
2016-07-20,2283.70556640625,2351.0136746885664,2263.3989434993123,2343.815674672553,12759
2016-07-21,2272.694580078125,2316.6925785390586,2256.8208060896723,2316.6925785390586,6597
2016-07-22,2288.186767578125,2307.158765147531,2252.4353404322437,2288.0436222155295,6819
2016-07-25,2311.496337890625,2340.9077016446113,2283.2764554564815,2297.624739488853,11655
2016-07-26,2277.461181640625,2326.083119190256,2251.863068475063,2326.083119190256,4607
2016-07-27,2268.356201171875,2296.671279990289,2245.189233863483,2276.650484274309,4479
2016-07-28,2289.4736328125,2297.5772894676843,2255.6766642548614,2278.4146645606106,6062
2016-07-29,2248.716552734375,2305.251510184775,2227.6471893382804,2296.6234544658823,8818
2016-08-01,2261.11083984375,2334.7110633222237,2211.8215863880764,2268.0704974212213,7125
2016-08-02,2263.97119140625,2288.0915362354067,2242.9018214974403,2284.2303352166678,29880
2016-08-03,2249.575439453125,2278.5578393700434,2222.356637121861,2275.3639518063183,4638
2016-08-04,2271.264404296875,2287.1379446995143,2224.692119198131,2265.210402920403,2948
2016-08-05,2292.762939453125,2297.5775118951087,2259.4903684798796,2271.9796277543282,4906
2016-08-08,2312.306884765625,2319.55260045913,2283.32448750498,2291.8571149257386,3224
2016-08-09,2309.68505859375,2359.022027037516,2286.184547403885,2286.184547403885,3100
2016-08-10,2291.952392578125,2326.2260453423887,2269.0237655388873,2326.2260453423887,2128
2016-08-11,2268.54736328125,2299.865708488906,2249.1461611881205,2291.904963785722,3044
2016-08-12,2270.26318359375,2288.0911808263545,2245.7615870837353,2287.13780950101,2465
2016-08-16,2287.7099609375,2295.718187092128,2244.236134723783,2270.9782473664527,4074
2016-08-17,2290.33203125,2296.6241432627917,2259.4903712652795,2286.137057151434,2473
2016-08-18,2285.9462890625,2290.331890633402,2264.447717302796,2290.331890633402,2542
2016-08-19,2289.1875,2297.624929461897,2269.0237892611267,2270.0248757194886,2008
2016-08-22,2278.7958984375,2311.9255532730626,2269.9772133373863,2311.9255532730626,1256
2016-08-23,2263.494140625,2297.6725955380766,2212.7748329695355,2278.5574540272255,5701
2016-08-24,2266.8310546875,2297.6249964190583,2230.889000672447,2264.3047136654795,7463
2016-08-25,2261.39697265625,2278.5576579462218,2240.4228017462847,2278.5576579462218,6343
2016-08-26,2268.404052734375,2315.738843778942,2235.941714033733,2261.396680709613,4971
2016-08-29,2287.757568359375,2297.6250553720506,2242.3295146203577,2268.118257332614,2256
2016-08-30,2287.99609375,2314.7859251128434,2259.490379949522,2314.690494863328,4341
2016-08-31,2294.192626953125,2304.346171057173,2265.2102322359383,2287.9957134390115,2560
2016-09-01,2266.497802734375,2299.4843166034966,2250.2904874195333,2293.8118027946443,6604
2016-09-02,2259.2041015625,2278.557587032987,2251.577130559879,2266.1637591537283,1468
2016-09-06,2302.8681640625,2349.773981171645,2264.3043450637033,2288.0909102670253,10070
2016-09-07,2328.1806640625,2383.4284899072113,2271.502781123844,2303.345292646329,5352
2016-09-08,2295.3369140625,2340.5743372547045,2274.744000170359,2307.444683438309,15283
2016-09-09,2265.63916015625,2295.718070967981,2259.4899618746326,2295.718070967981,5033
2016-09-12,2246.429443359375,2288.044018665066,2241.471957820833,2288.044018665066,3590
2016-09-14,2259.919189453125,2273.7907898798303,2245.1896478687636,2257.5834760735593,2323
2016-09-15,2287.757568359375,2307.158769294756,2267.0694556984413,2273.6001428381696,6942
2016-09-16,2264.25732421875,2302.392184416118,2227.2664632759597,2287.138240337171,6524
2016-09-19,2253.72216796875,2278.5098231972966,2235.655827343895,2278.2714803585604,2842
2016-09-20,2258.822998046875,2269.02402589768,2235.656025516832,2240.422882714096,3100
2016-09-21,2278.366943359375,2321.459282671175,2244.236201810245,2263.303629183314,3560
2016-09-22,2283.610595703125,2323.175509404874,2253.102710439126,2323.175509404874,5994
2016-09-23,2282.037353515625,2302.3919259637773,2262.3980423725975,2302.3919259637773,3831
2016-09-26,2268.8330078125,2287.1376897493665,2256.153123297989,2282.0370603231686,3658
2016-09-27,2251.052490234375,2281.4174584103225,2242.329236180977,2278.9385999955543,1899
2016-09-28,2264.11376953125,2282.3707355706865,2243.330230066202,2250.9094848297373,10439
2016-09-29,2255.104736328125,2330.135255701747,2192.849766804294,2264.2571953573024,12982
2016-09-30,2268.880859375,2315.7389672775557,2213.01320617251,2254.7232019808234,8467
2016-10-03,2255.677001953125,2288.0916334266694,2241.3764292442083,2288.0916334266694,71857
2016-10-04,2348.53466796875,2457.7911074296094,2242.3769178584735,2255.6764003795406,234266
2016-10-05,2355.78076171875,2469.231959875177,2278.557677259333,2348.5350458766707,84139
2016-10-06,2421.03857421875,2502.5995312061514,2347.2000174588743,2347.2000174588743,52351
2016-10-07,2456.93408203125,2478.7661989112717,2398.6829832541384,2423.5183603753476,11586
2016-10-10,2550.31591796875,2573.149113831745,2483.5322124978497,2483.5322124978497,19721
2016-10-13,2521.095458984375,2591.931006791226,2478.8612884519357,2556.275006395175,66598
2016-10-14,2517.28173828125,2578.8696235015595,2503.6009984168722,2530.2476823560587,19779
2016-10-17,2469.70849609375,2517.2341512617654,2433.051414030994,2488.2992375235235,10977
2016-10-18,2464.226806640625,2488.2994352769247,2445.3977208755987,2469.7086923696834,4795
2016-10-19,2450.35498046875,2478.813208174389,2435.863782599143,2468.278408277566,5934
2016-10-20,2459.3642578125,2464.5126026474163,2440.535174048976,2440.6783194024492,13131
2016-10-21,2443.252197265625,2466.3714503272545,2416.271744048557,2458.7444802450673,5243
2016-10-24,2452.071044921875,2454.931158893401,2407.2625927012964,2439.677217711928,30710
2016-10-25,2465.895263671875,2521.5720634353984,2445.3500623043237,2452.071377600643,9938
2016-10-26,2448.066650390625,2477.811785722537,2413.2208859600505,2465.322529713775,4526
2016-10-27,2448.686767578125,2469.1842530280205,2413.0307697121475,2447.399855820171,5061
2016-10-28,2472.949951171875,2516.90046527808,2421.6110415625444,2446.970580838986,6077
2016-11-01,2586.54443359375,2621.1993458071825,2503.7917459944083,2503.7917459944083,8846
2016-11-02,2570.00341796875,2612.2378205234445,2535.9203880111904,2591.2636482418698,7611
2016-11-03,2618.1484375,2650.372436698972,2551.3172434084718,2574.198156531053,9351
2016-11-04,2592.121337890625,2617.9577952508726,2547.456028634401,2617.9577952508726,5888
2016-11-07,2580.10888671875,2621.8188825644893,2557.323172191302,2574.102600765629,5793
2016-11-08,2583.3505859375,2593.122643354561,2559.8023575423617,2573.912301632483,4069
2016-11-09,2391.484375,2487.0598551811963,2335.7598647773625,2431.097002115214,14716
2016-11-10,2281.03662109375,2450.212338101724,2251.434391062462,2441.7749076786718,9501
2016-11-11,2090.266357421875,2246.1425487279075,2072.6289902098774,2246.1425487279075,9001
2016-11-15,1871.7540283203125,2083.116411228653,1816.1724317577043,2083.116411228653,25211
2016-11-16,1900.069091796875,1930.6246899749488,1869.5612087374168,1878.1415508478894,8498
2016-11-17,1842.0087890625,1943.9242111472101,1823.6563903059607,1943.9242111472101,29017
2016-11-18,1886.53125,1916.2763891913366,1831.4263401176904,1897.304276291337,4698
2016-11-21,1806.0189208984375,1916.2763363633696,1775.1773822430819,1916.2763363633696,31077
2016-11-22,1831.3785400390625,1885.2440181318589,1765.8342635987128,1859.0740226717357,25563
2016-11-23,1936.392578125,1949.6444635243793,1836.2409849235278,1849.4927539445653,2488
2016-11-24,1887.72314453125,1971.5721151599482,1864.1272016636444,1935.3440008581697,3393
2016-11-25,1882.4796142578125,1930.5771566208036,1864.4131557305739,1894.6351000587583,2623
2016-11-28,1926.33447265625,1930.5769284909825,1882.9083623554027,1882.9083623554027,2659
2016-11-29,1935.7252197265625,1956.318017689734,1912.5106505408537,1925.810134372935,7159
2016-11-30,1976.1483154296875,2048.7951706964354,1930.6248303665163,1936.3450588561295,17594
2016-12-01,2030.776611328125,2049.748610011129,1954.4114653594488,2030.5857508334611,4927
2016-12-02,2002.3660888671875,2023.0542026349704,1973.4788875845377,2006.894603222756,3244
2016-12-05,2047.317138671875,2067.8623366081342,1985.1096617407175,2040.1668539671443,2410
2016-12-06,2095.605712890625,2118.391195654806,2028.0592578562942,2066.909141394968,2509
2016-12-07,2133.40673828125,2143.1787946179197,2088.4076571164082,2088.4076571164082,2318
2016-12-08,2123.634521484375,2167.298972562748,2100.562983110938,2133.4065770826755,3122
2016-12-09,2041.4061279296875,2142.225134598019,2023.530417527501,2106.9981145167726,3521
2016-12-12,1999.600830078125,2071.58036173644,1961.7520368038267,2042.02585204892,3826
2016-12-13,2005.9886474609375,2030.3948131116158,1987.8745927426223,1999.6008735391467,2353
2016-12-14,1995.453857421875,2030.6808806068914,1984.0611168730898,2030.6808806068914,967
2016-12-15,1983.7752685546875,2082.115436000668,1957.8436128576159,1983.012524878396,4516
2016-12-16,1972.2869873046875,2000.1253842720453,1968.711844729513,1983.7751586642512,1234
2016-12-19,1947.7379150390625,1983.012659462188,1925.858086333357,1968.7120873987585,1207
2016-12-20,1912.9873046875,1983.0123829075894,1906.7426758726822,1930.5769593210907,1512
2016-12-21,1876.1395263671875,1942.4941498800604,1866.7011266086668,1918.1831801515002,4418
2016-12-22,1856.7384033203125,1892.4421135202795,1849.5404031382075,1873.374686683803,2263
2016-12-23,1827.0885009765625,1859.1218718568637,1813.9796447431577,1859.0741567374062,3633
2016-12-26,1808.6884765625,1849.4451016991586,1797.1049914058872,1830.472988593795,1694
2016-12-27,1804.77978515625,1814.5518420595017,1792.7672123481134,1803.8264137510548,3616
2016-12-28,1886.3406982421875,1975.385613557566,1804.7321266720428,1830.2825276844553,8346
2016-12-29,1905.455810546875,1925.8102670741928,1867.5592966279646,1867.5592966279646,1110
2016-12-30,1926.0963134765625,1945.8310551870427,1906.7428272288512,1906.7428272288512,1676
2017-01-02,1905.5032958984375,1962.9916356151916,1896.3509540930438,1962.9916356151916,2882
2017-01-03,1949.8828125,1962.9916689585625,1900.0691579574625,1900.0691579574625,3864
2017-01-04,1951.885009765625,1978.2457535646995,1935.2963233034363,1963.9451818521834,1429
2017-01-05,1956.556396484375,1977.2922238073302,1935.3438834758344,1977.2922238073302,1438
2017-01-06,1982.8695068359375,2006.8467033240497,1940.2060222990465,1940.2060222990465,3407
2017-01-09,2003.5574951171875,2006.8465795394466,1963.944871188247,1984.0133835349743,1551
2017-01-10,1995.1202392578125,2021.1950395888898,1967.0434986838663,1988.8281278073455,3377
2017-01-11,1982.53564453125,2014.5212986199838,1969.9511897563934,1971.6195895534263,7011
2017-01-12,1995.501708984375,2058.233358966988,1968.9025080895747,1968.9025080895747,3171
2017-01-13,1953.839111328125,2038.7845899654792,1942.97077126474,1982.8217394249393,1868
2017-01-16,1938.871337890625,1972.2870514649699,1923.8557385864203,1953.9823674359432,3002
2017-01-17,1952.218505859375,2025.4374735540148,1936.297250547519,1961.8476497894874,3093
2017-01-18,1971.667236328125,1984.9190040111262,1959.1779794634313,1984.9190040111262,1391
2017-01-19,1947.213134765625,1981.0578153877952,1940.5872508852929,1971.6195327676576,3392
2017-01-20,2010.612548828125,2040.214777074871,1949.6444949150055,1982.0591222143257,4238
2017-01-23,2036.1629638671875,2072.3910770016614,1976.9110245670324,1976.9110245670324,5315
2017-01-24,2067.48095703125,2095.5099782878547,2014.4734231675327,2021.6237074428552,5664
2017-01-25,2076.34716796875,2106.998193541952,2072.009514953781,2079.8271127115486,5223
2017-01-27,2000.1253662109375,2121.2512421154256,1982.392798852203,2079.350618064076,8128
2017-01-30,2068.81591796875,2092.650202737975,2039.2614048549108,2040.119346003928,3405
2017-01-31,2053.03759765625,2067.767139255557,2046.5071432111104,2048.7951414716417,1687
2017-02-01,2096.74951171875,2106.950537907513,2047.841518292008,2055.4684885649763,4732
2017-02-02,2130.022216796875,2148.8513008990712,2055.5163391356646,2096.7496498911073,16705
2017-02-03,2200.572021484375,2216.5887090299984,2114.577959840231,2114.577959840231,9164
2017-02-06,2233.9873046875,2259.4899870305667,2207.0545653906165,2234.5117054552325,7096
2017-02-07,2307.349609375,2333.567325075345,2191.75331742348,2233.749377669374,39679
2017-02-08,2365.600341796875,2382.4749678872386,2283.3243489755646,2326.130628845339,10021
2017-02-09,2455.932373046875,2473.998714021825,2341.051122549908,2381.85546388357,9362
2017-02-10,2467.992431640625,2478.7655747282806,2431.0970059835063,2436.817234232879,6474
2017-02-13,2443.06201171875,2478.765725326439,2343.482412112264,2477.7646387706413,8389
2017-02-14,2452.11865234375,2476.858590559554,2394.4396897845304,2476.8108754441237,3718
2017-02-15,2385.335205078125,2488.2993146498425,2354.827320760579,2449.783203801615,7892
2017-02-16,2350.012939453125,2426.330371561843,2340.526939954548,2405.403914515627,11909
2017-02-17,2381.426513671875,2392.009030144268,2324.319655437116,2373.894972124044,1665
2017-02-20,2353.825927734375,2412.029289755903,2311.925307374729,2396.7276344691636,7548
2017-02-21,2385.28759765625,2397.7291413425874,2345.2937128042804,2397.7291413425874,2087
2017-02-22,2379.662353515625,2401.5421771370998,2367.745212898629,2388.290409873661,3254
2017-02-23,2386.050537109375,2425.3771117395863,2369.2236231278616,2393.772939412175,8233
2017-02-27,2346.580810546875,2400.5414926400076,2321.507095939883,2400.5414926400076,6667
2017-02-28,2331.4697265625,2354.7796104198533,2297.6250423290226,2347.2003544456657,9622
2017-03-01,2311.258056640625,2354.779362770966,2302.868342767267,2316.692226422877,4468
2017-03-02,2334.90234375,2352.730345088535,2309.065881780158,2315.7394825945516,5604
2017-03-03,2338.477294921875,2373.894951802919,2302.392091808855,2345.2938078052935,6536
2017-03-06,2323.84326171875,2363.4081828926282,2316.74068989069,2363.4081828926282,3573
2017-03-07,2334.47265625,2354.8272276156645,2308.112031602236,2339.334943223456,3390
2017-03-08,2262.683837890625,2354.8270797085393,2248.0494955274235,2326.2259410885977,4963
2017-03-09,2380.472900390625,2411.0762147240785,2215.6350822533645,2262.6840528556954,11787
2017-03-10,2414.4130859375,2445.778912095374,2373.9902314217165,2411.076286016165,5298
2017-03-14,2455.02685546875,2478.717995782422,2389.625482455267,2478.717995782422,8478
2017-03-15,2479.09912109375,2521.66705598724,2431.0967836549953,2464.1310056714074,4341
2017-03-16,2500.026123046875,2531.3442370682,2464.465319658678,2511.657208758525,8373
2017-03-17,2520.761474609375,2572.195810556001,2483.532278168415,2497.832847908348,6242
2017-03-20,2561.994873046875,2574.1026426293893,2518.759389261522,2520.713847078557,5722
2017-03-21,2528.817626953125,2591.26345336799,2498.1191145646358,2540.83019964095,3331
2017-03-22,2484.438232421875,2545.5017190884255,2453.882631527171,2490.206176126954,6810
2017-03-23,2487.1552734375,2524.479669422758,2469.231845153007,2475.8577296147255,3091
2017-03-24,2541.16357421875,2569.335743673818,2488.2514652117384,2496.450551782161,6766
2017-03-27,2577.201171875,2621.675853457601,2507.414433711179,2568.3824866480163,6985
2017-03-28,2621.676025390625,2650.372598789551,2531.6778547070694,2553.891455773444,12234
2017-03-29,2685.313232421875,2743.802655942213,2578.9171328808975,2639.8851821765074,16397
2017-03-30,2828.653076171875,3160.4263388977975,2590.834615864073,2688.507473813511,51071
2017-03-31,2875.606201171875,2899.2021409908566,2745.709360754248,2817.212208690556,28342
2017-04-03,2784.511474609375,2902.9201420403615,2766.2545075448784,2898.2487158313247,12252
2017-04-05,2836.327880859375,2841.0470231552204,2788.611591519805,2821.026221985335,6670
2017-04-06,2771.87939453125,2847.6246992650667,2754.909338503822,2847.6246992650667,4531
2017-04-07,2722.92431640625,2812.4458032791313,2707.670373066431,2783.8446595169708,10838
2017-04-10,2686.552490234375,2748.0449363823473,2669.487237816902,2717.1080856080703,6392
2017-04-11,2757.19775390625,2831.3700940321146,2697.087641675299,2730.4556400700094,18787
2017-04-12,2724.830810546875,2788.611262210661,2713.3426389666024,2787.657890838965,5776
2017-04-13,2689.842041015625,2757.150156613785,2678.973699890987,2750.428841527132,3386
2017-04-17,2706.764404296875,2732.648578293706,2655.187149551402,2673.44411934614,3455
2017-04-18,2678.11572265625,2752.383262440342,2669.439949716993,2712.293948072718,2624
2017-04-19,2701.66357421875,2717.060427256191,2672.3951225347123,2672.3951225347123,1722
2017-04-20,2761.773681640625,2779.077277245338,2700.900832396584,2736.127854591123,5738
2017-04-21,2807.29736328125,2832.418558636823,2745.757196241554,2755.243194598959,5017
2017-04-24,2929.5673828125,2941.1507521534763,2829.5585838713237,2831.5130417814667,12899
2017-04-25,2917.650146484375,2992.5849960295764,2885.330717595593,2929.710201134502,9398
2017-04-26,2913.455078125,2974.518558546496,2890.6695963721368,2913.216735291783,7573
2017-04-27,2946.346435546875,2955.4511784705956,2893.577471094962,2932.3796384029024,3084
2017-04-28,2965.986083984375,2993.4907086960743,2798.2404359032425,2946.8709412274056,14483
2017-05-02,2937.14697265625,3012.653949133831,2907.783083815881,2989.77303306446,4449
2017-05-03,2925.8017578125,2995.4933088649086,2883.948841284643,2941.151132351446,4422
2017-05-04,2879.134033203125,3016.943921383799,2848.244891654885,2945.917749115481,35854
2017-05-05,2876.988525390625,2898.2487519314554,2840.9987588164763,2879.1336108155742,7160
2017-05-08,2850.246337890625,2898.2009595524087,2838.710685122424,2888.667246806792,2544
2017-05-09,2908.449951171875,2922.0354930040958,2850.580356374734,2877.2747543608516,6840
2017-05-10,2911.167236328125,2955.4512905660763,2876.8458665021963,2902.062493059076,3540
2017-05-11,2867.740966796875,2918.269647395357,2860.1139961405,2918.269647395357,3748
2017-05-12,2815.87744140625,2915.790563063269,2780.983960252426,2915.790563063269,5243
2017-05-15,2893.95849609375,2907.639466949319,2837.23290541097,2837.2806205259008,4313
2017-05-16,2918.794189453125,2929.7102451820792,2884.425104717989,2929.7102451820792,3463
2017-05-17,2881.612548828125,2926.03951297922,2870.6010634581453,2918.3173448902767,2534
2017-05-18,2866.453857421875,2900.5845980775384,2850.6280327705217,2871.5544872133205,2273
2017-05-19,2829.367919921875,2915.409687177523,2814.4477508910213,2896.6283174968794,2742
2017-05-22,2739.2265625,2874.4146687629745,2717.1561084776763,2794.045416050206,4138
2017-05-23,2767.58935546875,2793.4258125441893,2675.7796465344813,2764.7769564953755,18153
2017-05-24,2695.70556640625,2790.8995687329198,2678.973850433164,2769.5441407502994,4142
2017-05-25,2766.779052734375,2774.310593200876,2674.2066027245555,2724.306313080944,2395
2017-05-26,2783.36767578125,2836.327501195284,2756.196592116319,2763.775847850464,3226
2017-05-29,2814.209716796875,2831.417885930592,2718.5865101064583,2765.8261138351795,4527
2017-05-30,2829.12939453125,2855.3471058537807,2785.083686060733,2812.4453964169124,15383
2017-05-31,2953.687255859375,3027.144562465104,2760.0576808209985,2795.6184775349407,12370
2017-06-01,2852.48681640625,2988.8189068962547,2841.0463612602357,2954.4498263437717,5855
2017-06-02,2842.810302734375,2903.587723082153,2822.9324180356125,2841.046472727499,2431
2017-06-05,2871.268798828125,2893.530115671422,2847.4345121679376,2893.482400546761,1769
2017-06-06,2872.69873046875,2887.714330408371,2812.4457029766572,2850.580559966171,2895
2017-06-07,2916.363037109375,2941.102977747639,2831.512984705735,2870.6489262140317,1845
2017-06-08,2903.730712890625,2984.004531897984,2860.0662596577213,2885.568942599468,3663
2017-06-09,2872.984375,2893.3864274506786,2861.0672339057573,2875.5107158093147,3189
2017-06-12,2855.490234375,2935.4305187732707,2845.8136078396274,2935.4305187732707,1807
2017-06-13,2877.2744140625,2885.8070401439927,2858.2069891846836,2881.2308116219865,1689
2017-06-14,2887.857177734375,2967.8449389120537,2860.113979035066,2886.760661055075,4830
2017-06-15,2869.5048828125,2889.668593986574,2860.114081807892,2888.7629377453372,2620
2017-06-16,2872.0791015625,2891.9092735372283,2860.1142437581066,2860.1142437581066,1403
2017-06-19,2838.281982421875,2874.366948915034,2812.4455253406495,2871.5545499410296,2646
2017-06-20,2853.106689453125,2869.6477755477413,2834.373035449646,2856.6818320306347,2080
2017-06-21,2822.551513671875,2859.8281964674484,2806.3441995633575,2812.445683536828,1288
2017-06-22,2821.02587890625,2867.7410759547142,2806.7253083812097,2822.5513661982604,1536
2017-06-23,2841.904541015625,2864.833168348115,2793.425747916128,2860.114026755304,2215
2017-06-27,2735.842041015625,2850.580377751192,2717.1083868196984,2821.9792368373005,5075
2017-06-28,2814.209716796875,2850.5807459205685,2683.7884508335146,2735.842394365864,7599
2017-06-29,2812.87451171875,2859.160738277886,2793.378113755987,2812.3978260338085,3128
2017-06-30,2759.247314453125,2835.326394729896,2751.0007453787907,2812.8744528874076,12090
2017-07-03,2799.384765625,2832.7050528037344,2759.2477326071153,2821.979623491478,1948
2017-07-04,2856.72998046875,2907.78307077084,2814.3526639067277,2843.9071803637426,4075
2017-07-05,2861.02001953125,2912.549793192927,2833.8966482049022,2860.1143632009102,29074
2017-07-06,2842.00048828125,2917.316838021008,2832.466773124319,2879.086547139026,2865
2017-07-07,2861.162841796875,2885.8550665747084,2833.9440432961815,2845.9563826110693,1298
2017-07-10,2882.74755859375,2894.5211501065837,2842.880323626075,2859.1527025828573,417
2017-07-11,2890.8837890625,2941.4239311595798,2862.0243394505037,2876.382321086543,4058
2017-07-12,2846.37353515625,2917.541344836278,2824.6930802532333,2895.525776945453,3109
2017-07-13,2855.51513671875,2886.959207728225,2847.7619674047096,2857.6209271364733,1752
2017-07-14,2885.90625,2896.483342652399,2823.736239532246,2877.2914614726133,2985
2017-07-17,2889.973876953125,2918.498441088661,2817.0353926283797,2891.2182818328306,3991
2017-07-18,2901.891357421875,2918.498848412234,2852.7393441875397,2879.9236939039233,1673
2017-07-19,2888.156005859375,2919.264967073519,2871.5964197671615,2901.9395751978113,1873
2017-07-20,2844.89013671875,2885.8580510581683,2833.307939839599,2862.1673850071447,1339
2017-07-21,2807.607421875,2861.976357647863,2795.0203517809205,2847.7141897402157,2358
2017-07-24,2861.9765625,2891.793445930367,2759.1735028025864,2787.362961287549,3391
2017-07-25,2882.22119140625,2918.2117234649013,2857.2382110592434,2904.1409488622257,3013
2017-07-26,2881.07275390625,2909.3580269444055,2852.452601481926,2881.168567268657,1633
2017-07-27,2850.825439453125,2900.312574262547,2833.3086534049967,2900.312574262547,1535
2017-07-28,2847.857666015625,2907.443288030591,2833.3082917959737,2834.2654905432023,1549
2017-07-31,2816.70068359375,2895.526090645273,2809.3782069566537,2895.526090645273,2723
2017-08-01,2786.4052734375,2857.237973621071,2775.876088275077,2857.237973621071,2753
2017-08-02,2781.858642578125,2822.7788858366935,2775.876150873656,2780.662144237231,1735
2017-08-03,2752.616455078125,2804.592395007092,2732.8024872850674,2799.8064011589568,4308
2017-08-04,2701.119384765625,2804.5926755906603,2661.012845782265,2804.5926755906603,3559
2017-08-07,2746.251220703125,2804.5924399076926,2679.4866054527624,2679.4866054527624,6169
2017-08-08,2793.392822265625,2813.1588805949186,2740.5075977006763,2785.448026859735,10470
2017-08-09,2771.520751953125,2804.496198321307,2751.946086528036,2756.7320797219977,2249
2017-08-10,2684.942626953125,2771.090518727022,2680.156632965686,2771.090518727022,17455
2017-08-11,2613.5830078125,2680.204127345709,2541.3624163900267,2680.1562206749813,7901
2017-08-14,2656.274169921875,2694.5142093879394,2622.724310381156,2632.2962969153937,3059
2017-08-16,2679.7734375,2701.645286466286,2617.9383111531865,2651.39235727596,7985
2017-08-17,2683.02783203125,2723.2301755722106,2675.3702427853527,2683.985030686987,42123
2017-08-18,2710.21240234375,2728.0163922750367,2680.1564555684567,2683.0280517708516,15335
2017-08-21,2671.398193359375,2756.732367437467,2661.969692306804,2714.9984089539885,4808
2017-08-22,2666.8037109375,2717.487339660721,2654.3122201053816,2717.487339660721,2767
2017-08-23,2834.839599609375,2862.0239476423235,2680.156205150002,2680.156205150002,11736
2017-08-24,2799.85400390625,2861.4975045022684,2779.3698122451665,2852.4520238494183,3957
2017-08-28,2828.47412109375,2852.4040874876987,2811.29245196111,2852.4040874876987,2335
2017-08-29,2822.109130859375,2830.4367132741763,2809.617640391622,2814.2122411453024,1781
2017-08-30,2749.170654296875,2862.0242947157467,2714.615685556474,2847.331200261417,10386
2017-08-31,2755.96630859375,2799.806053537788,2690.685407348623,2737.588141236948,11518
2017-09-01,2828.426513671875,2898.397836287218,2777.8866062535667,2799.136371921415,5636
2017-09-04,2823.44873046875,2871.5958679258542,2756.73203320882,2871.5958679258542,11408
2017-09-05,2799.088623046875,2833.308480539882,2756.7325756604255,2823.73649242995,5005
2017-09-06,2795.977294921875,2814.116162849448,2775.8761229967263,2783.3423193071403,1919
2017-09-07,2803.49169921875,2823.736359642798,2778.7480176417093,2778.7480176417093,1857
2017-09-08,2835.1748046875,2861.0670777398263,2775.8763885732674,2823.5449332945736,4354
2017-09-11,2837.328369140625,2847.6661619457386,2791.1914380617727,2847.6661619457386,9322
2017-09-12,2866.14013671875,2879.2537122738004,2833.308174311984,2847.6661549250516,3534
2017-09-13,2848.575927734375,2869.0601237476094,2833.3086525105928,2857.190717556198,2946
2017-09-14,2960.759033203125,2977.797216615896,2823.736134265943,2860.157591142743,31817
2017-09-15,2955.92529296875,2971.1446582766603,2884.039579699606,2925.2470289954285,8341
2017-09-18,3064.232666015625,3149.184059723985,3006.130745451341,3013.261829790609,16447
2017-09-19,3093.714599609375,3101.3242837525795,3015.1763869816746,3077.3943124273283,5396
2017-09-20,3087.2529296875,3143.4404451075707,3035.324901628095,3078.350935281957,10552
2017-09-21,3110.3212890625,3136.0700737008274,3067.8696679317936,3077.393748034305,5987
2017-09-22,3053.3681640625,3082.179939582866,3018.3348304297265,3082.179939582866,6776
2017-09-25,3063.897216796875,3084.8600084829845,2926.874316750981,3039.2016773587143,9058
2017-09-26,3051.740966796875,3084.955716235077,3015.223928453992,3065.189655790966,9152
2017-09-27,3050.97509765625,3086.9658628985744,3024.6044599508746,3086.9658628985744,8455
2017-09-28,3049.82666015625,3072.4166445004057,3001.7753288623003,3028.6248009750707,5071
2017-09-29,3129.2265625,3153.9702465296505,3020.201705724637,3090.7951217129716,7670
2017-10-03,3168.040283203125,3236.2885927823277,3109.8904659858736,3149.183516786116,15298
2017-10-04,3197.7138671875,3282.6652575730204,3159.713122958902,3168.375818519534,22188
2017-10-05,3160.622314453125,3213.3640581973277,3145.3550413769917,3177.899798348026,15471
2017-10-06,3086.53515625,3198.0008996228503,3064.5195858545117,3191.2046952851974,5157
2017-10-09,2991.820068359375,3126.210659703004,2968.799395054763,3126.210659703004,10646
2017-10-10,3050.06591796875,3079.882799321864,2919.7434013007182,2991.7726074216994,8922
2017-10-11,3026.327392578125,3053.4640711381935,2995.8886586964654,3050.0659687722164,4078
2017-10-12,3060.594970703125,3078.925466227168,3029.5339192800047,3052.31529533224,3256
2017-10-13,3066.14697265625,3102.2812263728733,3021.8765293610495,3039.1061072921543,4376
2017-10-16,3092.4697265625,3143.4405577748976,3029.9166975042763,3064.2802713438145,5964
2017-10-17,3041.4990234375,3144.349982228268,3015.128151177422,3120.4679201907943,4832
2017-10-18,3024.987548828125,3101.8985669302624,3000.8182787995165,3020.488761145182,6956
2017-10-19,3018.2392578125,3053.2249212516394,2998.5211024310315,3053.2249212516394,730
2017-10-23,2943.43408203125,3014.2188833149867,2919.504113125923,3010.3900882901344,2604
2017-10-24,3047.912109375,3091.751857372557,2898.3977164470907,2948.1720497546366,10827
2017-10-25,3043.70068359375,3099.2661187115746,2991.2461444661703,3001.7753308946913,8333
2017-10-26,3065.28564453125,3123.5310508001608,2997.085230612517,3029.5341761795116,13405
2017-10-27,2998.47314453125,3063.0361567852665,2977.8454636746765,3043.8921808053587,3054
2017-10-30,3033.02783203125,3048.678125618798,2972.1022229344953,2972.1022229344953,18250
2017-10-31,3114.341796875,3139.611749184685,3012.8308275754907,3033.3626930384958,7015
2017-11-01,3078.30322265625,3120.2285739543904,3016.6597176473256,3071.0286524906483,10154
2017-11-02,3144.49365234375,3229.5885262604816,3072.7514203276764,3110.8958833273755,29737
2017-11-03,3088.97607421875,3158.707860562638,3063.035895502278,3146.312183911246,6491
2017-11-06,3179.718017578125,3246.817734638925,3074.0912895682964,3082.2274778773854,7548
2017-11-07,3190.391357421875,3263.951941536593,3158.755891827623,3163.206772562394,15994
2017-11-08,3159.616943359375,3234.3742517095907,3130.0875050995496,3234.3742517095907,6510
2017-11-09,3249.402587890625,3286.3505535491954,3173.1138933616,3173.1138933616,15229
2017-11-10,3331.865478515625,3359.7198228965726,3265.722949109392,3286.063423255673,13721
2017-11-13,3371.1103515625,3450.7013303804138,3330.620799616212,3331.051492295101,29435
2017-11-14,3360.9638671875,3424.8568791162334,3334.4016038013974,3417.1992896715915,5020
2017-11-15,3350.53125,3421.0288552330912,3265.9626340389777,3421.0288552330912,12243
2017-11-16,3331.6259765625,3407.6274618704765,3302.33560209358,3332.726661620093,2626
2017-11-17,3332.296142578125,3374.077775635854,3260.2190280730506,3333.9233337576147,1850
2017-11-20,3465.442138671875,3488.989320566953,3332.2959374624256,3340.62351955519,7389
2017-11-21,3445.1494140625,3599.0670072823664,3392.3120940980602,3491.8607560016153,8438
2017-11-22,3434.620849609375,3611.4633362601244,3396.1415027705493,3492.818586135776,16405
2017-11-23,3421.4111328125,3488.98945832117,3400.1613672119743,3477.2637735846997,8633
2017-11-24,3391.738037109375,3421.4111990578313,3370.3447847579746,3421.4111990578313,8155
2017-11-27,3441.512451171875,3463.097330719192,3365.510960389245,3421.9856892467437,8023
2017-11-28,3479.082275390625,3552.116585330131,3402.841489915786,3402.841489915786,4849
2017-11-29,3497.939208984375,3521.486157100475,3479.513133766203,3479.5608067489607,21035
2017-11-30,3590.3564453125,3637.354994107534,3493.775191708552,3536.6098327575814,9953
2017-12-01,3556.3759765625,3646.9749742431563,3508.1332552868334,3627.783093461691,3183
2017-12-04,3597.05712890625,3698.6160108802046,3575.1852774416648,3604.810532343388,3542
2017-12-05,3557.716064453125,3603.422300959229,3522.491106648424,3603.422300959229,2673
2017-12-06,3517.75341796875,3607.6821964783776,3484.203554041203,3607.6821964783776,6071
2017-12-07,3499.2314453125,3570.351359616267,3387.2391908687728,3570.351359616267,8824
2017-12-08,3603.70947265625,3631.611720150399,3522.538979458162,3565.5650125356447,3454
2017-12-11,3559.965576171875,3657.456360653968,3541.587407227143,3544.6027234522853,3244
2017-12-12,3486.835693359375,3580.832562436924,3435.386261331905,3579.9232703765188,2860
2017-12-13,3446.2509765625,3569.394515263205,3417.199897959142,3476.546226719217,3608
2017-12-14,3402.697998046875,3474.3920894312114,3375.0827212161857,3455.822527549852,3334
2017-12-15,3506.98486328125,3540.678212891715,3426.8194671391357,3455.487523260095,4579
2017-12-18,3545.1767578125,3563.602832680227,3361.921114502594,3506.9846233812823,32967
2017-12-19,3623.523681640625,3654.5368268668426,3537.9023023926543,3564.608053354614,4934
2017-12-20,3571.739501953125,3656.4995044824273,3546.421639818689,3623.045452351106,4546
2017-12-21,3554.50927734375,3598.061815884926,3536.849009003181,3587.6284440844597,4020
2017-12-22,3633.1435546875,3656.4991099763565,3556.0890577364275,3621.08275734046,3367
2017-12-26,3597.105224609375,3675.6434337803266,3572.2659622052547,3675.6434337803266,3206
2017-12-27,3582.843017578125,3636.446150415526,3562.0718503418548,3595.477995008718,2258
2017-12-28,3578.009033203125,3632.5693635649704,3568.772158469186,3627.7833696735806,1914
2017-12-29,3568.819580078125,3637.355101251833,3492.9139092601376,3578.056687852538,3243
2018-01-01,3564.32080078125,3626.7780168031222,3546.4212315867635,3611.989343425817,2372
2018-01-02,3613.281494140625,3622.9969671679587,3541.635080190607,3622.9969671679587,2071
2018-01-03,3569.011474609375,3630.654982738081,3524.5017312143523,3622.61460643994,7852
2018-01-04,3595.477783203125,3635.4408307768304,3563.6988316312368,3575.855208945378,54316
2018-01-05,3631.229248046875,3646.9272139691475,3595.2384818026558,3627.783239092669,2848
2018-01-08,3560.204833984375,3646.879225020485,3541.635272249558,3637.3551444725194,11049
2018-01-09,3630.51171875,3656.499573815195,3560.8275963641977,3562.694087366533,7534
2018-01-10,3571.21240234375,3637.4028301796066,3565.5650237021036,3613.9514629096193,3094
2018-01-11,3630.271484375,3637.354660500602,3567.0005637777617,3608.638702654545,4948
2018-01-12,3614.669921875,3750.304946849003,3589.4955463715573,3627.7834988661875,36885
2018-01-15,3593.706787109375,3670.8570975512976,3584.709212602245,3615.3395716952414,2341
2018-01-16,3574.754638671875,3613.760488754003,3562.598027276216,3593.7069874644158,2251
2018-01-17,3555.2275390625,3618.2112633478873,3532.1112828008845,3618.2112633478873,2777
2018-01-18,3483.294189453125,3603.853326368589,3447.1599363135724,3589.4953449886348,32413
2018-01-19,3472.190673828125,3538.52459613603,3436.343626192831,3510.047932381368,4898
2018-01-22,3470.563232421875,3512.0099834182106,3447.8297629962335,3472.190423495176,2445
2018-01-23,3478.22119140625,3489.946876881235,3447.78222237378,3469.8457017812607,2917
2018-01-24,3463.28857421875,3508.1334292671318,3444.288319188949,3469.4626931276403,2579
2018-01-25,3430.26513671875,3497.5562542040348,3378.91151830927,3463.2884929175234,10295
2018-01-29,3432.658203125,3483.246250528461,3380.7301709482567,3483.246250528461,9774
2018-01-30,3382.596923828125,3485.1127705768786,3354.215840443853,3385.6120064388433,10855
2018-01-31,3324.207763671875,3372.2111873816943,3302.431492166643,3372.2111873816943,24709
2018-02-01,3289.653076171875,3375.0830716758655,3249.690025053762,3303.4845525152496,11853
2018-02-02,3198.192626953125,3227.626490450075,3112.7147262221333,3225.8558128608634,46601
2018-02-05,3086.678466796875,3110.8956395909836,3043.8917335074857,3074.2827909096436,13629
2018-02-06,3016.228759765625,3055.5215773988357,2967.315815269748,2986.4597882714884,8980
2018-02-07,3122.717529296875,3217.0971886659136,3005.604165241668,3020.919345701498,6600
2018-02-08,3190.582763671875,3249.689787044481,3139.229143724182,3157.798706173709,3222
2018-02-09,3235.810302734375,3307.1216080305476,3093.7141981810933,3158.7558050653565,21923
2018-02-12,3257.682373046875,3324.351170742982,3187.519659791103,3324.351170742982,21799
2018-02-14,3218.628662109375,3292.6678442539255,3206.6157712133263,3258.687289066441,12377
2018-02-15,3323.442138671875,3374.125768369155,3218.1023640445674,3220.160247987127,7974
2018-02-16,3242.271240234375,3385.563836396176,3207.5727879623264,3274.5766957980063,10535
2018-02-19,3252.9921875,3266.6801769619956,3187.4719769345675,3245.861103238774,3009
2018-02-20,3206.56787109375,3273.619689543228,3192.2577966744634,3216.1398584900753,12580
2018-02-21,3132.002197265625,3203.744196395295,3115.681911941047,3183.643022769869,2360
2018-02-22,3087.061767578125,3132.0022019409794,3072.6079730446836,3132.0022019409794,1695
2018-02-23,3097.1123046875,3191.2526595812014,3053.9425484821645,3065.907532608799,3443
2018-02-26,3057.101318359375,3153.012583355279,3034.3199420875026,3078.3989898771815,7114
2018-02-27,3178.7607421875,3200.8721233581764,3055.377935932805,3055.377935932805,5738
2018-02-28,3215.708984375,3254.475531143027,3136.5966064840895,3192.1618032320603,20008
2018-03-01,3230.01953125,3292.7639610246083,3212.837859063691,3278.4059786364196,7186
2018-03-05,3157.7509765625,3264.0479514559074,3130.040117671794,3264.0479514559074,6089
2018-03-06,3150.762939453125,3235.331536251396,3119.6063093926837,3187.47160228318,8209
2018-03-07,3063.610107421875,3159.7127588683093,3058.2497014796268,3134.8255938484435,42097
2018-03-08,3062.50927734375,3123.387207014409,3058.2497899457358,3072.607770180223,16096
2018-03-09,3010.821044921875,3101.2284286331237,2996.0323695802226,3063.036288388726,17024
2018-03-12,3047.385498046875,3077.393770278592,2991.1500753396067,3077.393770278592,13195
2018-03-13,3067.343505859375,3091.7520748715183,3039.1061417080714,3091.7520748715183,6080
2018-03-14,3117.500732421875,3133.8689256627795,3053.4642250654447,3053.4642250654447,5532
2018-03-15,3157.846923828125,3197.044170133907,3120.4682618672264,3139.6122389338966,37381
2018-03-16,3145.259521484375,3190.295772880046,3107.1152885726,3169.141819089838,14891
2018-03-19,3148.083251953125,3157.6552396037528,3065.333231760565,3144.3979432311917,12651
2018-03-20,3149.518798828125,3157.798474008913,3069.7361946488586,3139.6116989236843,12351
2018-03-21,3145.2119140625,3157.798985380763,3079.308680197004,3096.8733724554286,16350
2018-03-22,3087.301513671875,3156.7940124285274,3045.136856097736,3149.902227202655,23083
2018-03-23,3066.721435546875,3105.1049667953,2968.2734465597346,3015.176187250295,15705
2018-03-26,3126.354248046875,3149.1835291127695,3037.9570937589165,3037.9570937589165,12821
2018-03-27,3283.526611328125,3316.693452375445,3116.1603273328315,3140.568893865465,17088
2018-03-28,3307.93505859375,3341.484684430032,3198.9578984684176,3208.6256983405788,31373
2018-04-02,3220.255859375,3340.5277875171887,3206.6157773370737,3274.57688784183,25274
2018-04-03,3187.7587890625,3234.0871113829908,3177.8995959873346,3219.968430949011,4107
2018-04-04,3241.314697265625,3276.4438493135626,3199.006553640133,3201.638850551903,7015
2018-04-05,3225.7119140625,3299.41621857196,3212.502524438168,3299.41621857196,2069
2018-04-06,3194.74658203125,3249.498302774255,3182.7815978788844,3249.498302774255,2297
2018-04-09,3186.562255859375,3244.664167966371,3159.712786623495,3203.600438799317,4223
2018-04-10,3116.543701171875,3216.092383454324,3102.28153151363,3204.7018104003805,4282
2018-04-11,3269.168701171875,3297.4537360432373,3121.520800448078,3135.7829677222708,7556
2018-04-12,3201.494873046875,3337.848029064166,3183.7390222591926,3300.421462506513,12704
2018-04-13,3151.24169921875,3224.8025149492246,3141.334832597633,3211.4017327559063,3172
2018-04-16,3097.3515625,3144.3977859735164,3086.965862942037,3144.3977859735164,4265
2018-04-17,3070.7412109375,3130.0396212439514,3063.0357149787906,3118.553237312781,14739
2018-04-18,3060.40380859375,3130.0400200489676,3048.6781235033523,3088.832565707349,4991
2018-04-19,3043.078125,3091.655958567991,3032.4054530718417,3064.184402874655,24680
2018-04-20,3041.834228515625,3078.6384747718043,3024.748136861027,3044.4665251537162,4352
2018-04-23,3007.518310546875,3063.0358350572883,3000.817919657687,3041.833977362937,4415
2018-04-24,2975.213134765625,3052.2197305728528,2944.4869601740916,3052.2197305728528,19484
2018-04-25,3063.7060546875,3077.968456567188,2920.93995169828,3000.8181422718894,6256
2018-04-26,3062.892578125,3106.0141957671485,3040.0632939805987,3072.6080521655294,5735
2018-04-27,3078.351318359375,3110.8960773221293,3062.892651328511,3062.940324315273,2744
2018-04-30,3030.5869140625,3105.104693048953,3024.747908484243,3094.62341396505,2709
2018-05-02,3096.20263671875,3106.109736596965,3022.881357573362,3061.1213983473326,24448
2018-05-03,2967.1728515625,3096.203065367707,2911.798806425399,3096.203065367707,42332
2018-05-04,2911.46337890625,2966.358818704962,2871.596145890573,2966.358818704962,10089
2018-05-07,2870.638916015625,2932.85683183457,2839.577864779616,2932.85683183457,32260
2018-05-08,2926.39599609375,2941.471877012378,2829.527525437357,2874.4679618184746,5745
2018-05-09,2889.16064453125,2955.8294371617876,2854.3663800571408,2929.0278749077297,7531
2018-05-10,2831.968505859375,2927.1139745376177,2818.950508506633,2927.1139745376177,19146
2018-05-11,2845.0341796875,2900.3124112887963,2809.043410744235,2834.3615063699303,7064
2018-05-14,2811.053466796875,2888.8258662783583,2785.4483998906635,2851.3516281892607,3687
2018-05-15,2781.523681640625,2860.109790443506,2775.87630263928,2815.2172637151916,2566
2018-05-16,2817.37109375,2839.051552418629,2737.6842961306975,2775.828526908577,7602
2018-05-17,2789.755859375,2818.950422322654,2775.87647699005,2818.950422322654,21874
2018-05-18,2780.8056640625,2823.736118527393,2766.3521041450276,2823.736118527393,5326
2018-05-21,2718.683349609375,2814.1160042024017,2632.2961751345065,2814.1160042024017,14901
2018-05-22,2730.45751953125,2742.3745980095077,2678.720876973685,2689.7765699970773,2588
2018-05-23,2767.261962890625,2776.1639592154593,2691.2604652728146,2755.7755763272603,4767
2018-05-24,2728.829833984375,2775.9239602938446,2636.268538622754,2775.9239602938446,15548
2018-05-25,2746.77783203125,2770.13338980262,2715.2858505848903,2756.6846996204686,3682
2018-05-28,2740.364013671875,2783.96446038236,2715.6684746250826,2715.6684746250826,7992
2018-05-29,2758.98193359375,2764.390013100001,2680.3000087333817,2764.390013100001,9094
2018-05-30,2732.323974609375,2766.256625331269,2700.5929278657113,2728.1600663529152,5173
2018-05-31,2686.4736328125,2742.373936506042,2680.1560286970043,2700.257198912232,8645
2018-06-01,2698.103759765625,2742.3741983959258,2680.1562846452325,2721.4116409317403,3346
2018-06-04,2684.846435546875,2742.3741686519215,2656.2262890084057,2728.0161887113354,3656
2018-06-05,2674.030517578125,2701.214868562054,2656.2265273776397,2699.2525643891945,3807
2018-06-06,2702.5068359375,2742.8526645730076,2637.3215159884066,2683.9849490360193,7170
2018-06-07,2758.21630859375,2761.5185977870224,2685.134085155071,2692.600282694937,7286
2018-06-08,2699.347900390625,2773.004284332207,2688.388023395456,2773.004284332207,2620
2018-06-11,2725.3837890625,2758.2636553563125,2685.8993457228466,2685.8993457228466,3588
2018-06-12,2759.31689453125,2761.518498477964,2713.6585591629214,2723.5177534000422,9154
2018-06-13,2779.0830078125,2804.592260321581,2741.7043509153877,2762.571329829378,18590
2018-06-14,2765.108154296875,2790.9525230259155,2742.422588484053,2787.41093404942,50135
2018-06-15,2790.52197265625,2800.7639540480004,2756.7328050780043,2765.1082953712103,8761
2018-06-18,2774.48828125,2790.9999584835573,2757.6893976741635,2790.9999584835573,7226
2018-06-19,2761.279052734375,2766.3043460966614,2733.1851763659165,2760.609060357623,6871
2018-06-20,2726.72412109375,2775.2542845894523,2708.87245791292,2737.588420364293,5875
2018-06-21,2720.885498046875,2737.588570383193,2682.3582463133353,2718.3966876882632,3388
2018-06-22,2760.9443359375,2766.30474310301,2670.5369491165293,2720.6943102788196,10085
2018-06-25,2737.2529296875,2775.875987332502,2728.0160565164247,2747.1600288428554,3015
2018-06-26,2699.109375,2750.8936927819773,2670.5848024151896,2750.8936927819773,20515
2018-06-27,2655.1259765625,2729.835155716237,2643.83098401956,2670.680457013912,5678
2018-06-28,2667.42578125,2684.894658904855,2650.4834096599507,2650.4834096599507,1716
2018-06-29,2660.5341796875,2698.391440603325,2633.7326121281367,2670.5847675222612,14909
2018-07-02,2658.66748046875,2678.2421485042646,2629.472918092274,2647.229001947991,3629
2018-07-03,2657.853515625,2674.891698787773,2619.2306892817373,2671.9242894171757,5537
2018-07-04,2618.943359375,2678.145954449034,2608.844867086332,2655.077607671646,1782
2018-07-05,2605.1123046875,2638.231242407837,2600.7090968035122,2620.4751582218028,1051
2018-07-06,2597.885498046875,2613.15277245173,2574.8648197418147,2585.4898200952634,10500
2018-07-09,2662.352783203125,2670.584786775011,2597.8855809843603,2597.8855809843603,6939
2018-07-10,2674.22216796875,2693.5096311330035,2641.868800413863,2680.060940682527,4918
2018-07-11,2640.384765625,2674.22183389418,2633.732281251209,2674.22183389418,14236
2018-07-12,2628.563720703125,2670.9197676441618,2589.270663186833,2633.2539013512237,6691
2018-07-13,2676.99755859375,2763.3847413023746,2594.008478009666,2641.6291133532013,4988
2018-07-16,2575.008056640625,2636.9866740857783,2564.335384333071,2613.1525193091766,19782
2018-07-17,2631.435302734375,2661.01265204505,2555.7207845180874,2586.3511459804763,6759
2018-07-18,2590.801513671875,2632.3919800589338,2583.479037811784,2632.3440733904163,3862
2018-07-19,2582.761474609375,2603.628453672799,2554.8592250913307,2584.4365723877745,8142
2018-07-20,2559.932373046875,2594.0087437474567,2554.859406368082,2594.0087437474567,2223
2018-07-23,2584.4365234375,2608.2230049166856,2541.362581380208,2559.9321429240263,14350
2018-07-24,2536.719970703125,2608.0312718677296,2513.2209302252386,2565.4838375755207,7572
2018-07-25,2547.727783203125,2583.4792475186932,2536.5765120135375,2583.4792475186932,3870
2018-07-26,2584.101318359375,2593.051219477786,2536.57649745889,2536.57649745889,5240
2018-07-27,2574.625244140625,2653.3069317897507,2555.4333631631575,2584.1014179444155,10479
2018-07-30,2615.880615234375,2636.1252746844357,2571.0836684034794,2594.965729727489,6559
2018-07-31,2579.60302734375,2628.4680760047886,2560.5069567781534,2628.4680760047886,5050
2018-08-01,2647.65966796875,2717.4872705386647,2579.602742884243,2586.398947533923,16590
2018-08-02,2682.980224609375,2728.9257652093443,2611.33403745096,2686.809019659372,12131
2018-08-03,2817.131591796875,2857.764629936406,2685.947463021072,2690.6855498551713,14002
2018-08-06,2958.509765625,3015.175881484847,2900.5992447266403,2967.3159468581034,36279
2018-08-07,2966.310791015625,2983.5882738600894,2880.0194238284435,2957.7439096014364,16299
2018-08-08,2919.934814453125,2967.3161530256307,2900.312239892794,2966.3589542665904,7489
2018-08-09,2812.0107421875,2990.9590090402758,2775.828581227616,2909.9801317112224,66605
2018-08-10,2705.139404296875,2824.6934313120946,2684.942417767003,2812.010548233516,10006
2018-08-13,2676.47119140625,2726.197853422935,2633.3495746705003,2708.87246257104,4405
2018-08-14,2680.028564453125,2734.0068405085754,2656.9086636054953,2691.7085630886118,4987
2018-08-16,2630.257568359375,2693.7378869806735,2621.278555997352,2693.7378869806735,14545
2018-08-17,2607.472412109375,2668.587357859973,2584.204479975484,2630.2578398408255,6531
2018-08-20,2623.88525390625,2664.6767886486105,2577.8318996947364,2627.9885443832923,12624
2018-08-21,2700.785888671875,2712.999117817452,2606.796305376199,2655.070311031314,18107
2018-08-23,2676.648681640625,2759.341952733933,2656.0355885133135,2701.41315036723,11481
2018-08-24,2642.905517578125,2713.6269452353863,2626.1062556689517,2702.379194712278,10407
2018-08-27,2638.947021484375,2676.2144149812816,2582.997492230991,2664.0495061486586,17161
2018-08-28,2640.97412109375,2685.6758960172942,2616.4510213046933,2639.622543264587,18623
2018-08-29,2638.3671875,2680.1725192548756,2626.1056384629906,2655.6494211808567,4840
2018-08-30,2639.912353515625,2665.835353449872,2612.5892188294806,2612.5892188294806,5238
2018-08-31,2644.4501953125,2714.785520239702,2630.9334728830095,2655.0704772213858,9927
2018-09-03,2623.257568359375,2665.642047483397,2607.761566701593,2665.642047483397,4795
2018-09-04,2619.203125,2635.7610165882606,2601.969208683283,2623.258094806008,4967
2018-09-05,2575.32177734375,2639.5745314507617,2560.598204372939,2603.9000853952207,4890
2018-09-06,2570.446044921875,2594.969145237784,2558.5222713720127,2575.900913215294,3509
2018-09-07,2579.56982421875,2592.3141146229154,2566.2461514591096,2570.1080719278216,14596
2018-09-10,2553.984619140625,2572.521790378702,2525.5993620674853,2558.522328580807,7386
2018-09-11,2499.09716796875,2563.349922200777,2489.0079470559713,2553.9848114355127,3690
2018-09-12,2477.277587890625,2543.0749724873785,2471.6294341562984,2510.2486440649905,5174
2018-09-14,2490.311279296875,2523.4270593410715,2481.2839457538075,2489.587169195974,4357
2018-09-17,2482.490966796875,2510.248522575352,2481.2841165456366,2486.1115175505893,5547
2018-09-18,2487.221435546875,2495.7660286147247,2461.974225519361,2486.111227730335,3956
2018-09-19,2492.91796875,2505.3725679017284,2443.630161921098,2473.560045374102,5200
2018-09-21,2451.25732421875,2538.729915300345,2413.6519215796447,2505.4208519507115,9291
2018-09-24,2500.9794921875,2601.872160032772,2416.3552578923945,2461.9741914396586,8692
2018-09-25,2490.794189453125,2521.013531157307,2452.319709179445,2521.013531157307,11300
2018-09-26,2513.193115234375,2552.6328373634287,2472.2566160389665,2472.2566160389665,2834
2018-09-27,2533.902587890625,2573.4389518641087,2442.6647160843136,2500.690165878046,6682
2018-09-28,2478.531982421875,2582.7074198302503,2331.6342890939327,2487.076575033528,34315
2018-10-01,2395.74267578125,2494.125257875492,2309.4288329164624,2478.629252217721,35311
2018-10-03,2367.64697265625,2428.1825297340733,2360.6472417057244,2365.4263212121195,2099
2018-10-04,2366.72998046875,2389.563492893445,2342.351605440241,2389.563492893445,4366
2018-10-05,2366.247314453125,2386.281029212692,2365.4265619729763,2367.3575224317296,1456
2018-10-08,2358.764892578125,2390.5290985114525,2332.6002835232916,2332.6002835232916,4146
2018-10-09,2374.164306640625,2388.2601771640807,2360.3578916279935,2380.005509420541,1995
2018-10-10,2381.260498046875,2432.913693671983,2370.254117002598,2379.9089199231785,2666
2018-10-11,2381.06689453125,2398.2041657236555,2355.7713639137737,2380.873845660396,2132
2018-10-12,2373.3916015625,2413.700398212651,2365.426390248398,2375.0811918412487,2269
2018-10-15,2370.833251953125,2398.2527950998483,2322.269551189957,2398.2527950998483,3229
2018-10-16,2336.847900390625,2403.079928420112,2320.0486412187743,2402.1144483363755,20746
2018-10-17,2327.579833984375,2367.357573144208,2322.2696926090516,2343.027517985316,3341
2018-10-19,2322.8486328125,2336.3653551115844,2303.635671829688,2334.5310370847383,2183
2018-10-22,2346.696044921875,2384.68754574606,2259.223452846991,2316.1867792221933,7755
2018-10-23,2283.5537109375,2355.5303066446363,2270.1336305070854,2298.035913867993,3268
2018-10-24,2266.126708984375,2307.4493078087617,2264.051020883664,2283.5536733665995,2379
2018-10-25,2239.28662109375,2300.1118743711513,2210.94968262299,2300.1118743711513,5181
2018-10-26,2233.0107421875,2310.87661791912,2220.604228625016,2250.0996928043355,4250
2018-10-29,2316.380126953125,2331.63476177107,2235.086738509328,2235.086738509328,4002
2018-10-30,2297.263427734375,2371.219303219303,2272.0162155133653,2344.137537243125,3307
2018-10-31,2388.501220703125,2461.974353539008,2288.1879285833134,2297.3116687509023,4122
2018-11-01,2364.605712890625,2486.1114890789395,2341.289460588904,2407.617902494753,39168
2018-11-02,2364.605712890625,2383.4808977464136,2318.2145783346664,2364.605712890625,34738
2018-11-05,2338.441162109375,2365.426284209095,2298.8081562048387,2330.6690000329613,5832
2018-11-06,2318.310546875,2372.1843784362777,2314.3038991290173,2372.1843784362777,7222
2018-11-07,2340.227294921875,2359.4888129260594,2322.0764562563236,2324.876254470305,867
2018-11-09,2308.993896484375,2356.7368385537907,2283.360353617253,2356.7368385537907,33113
2018-11-12,2298.518798828125,2327.531527669972,2278.533404667068,2294.0777310773087,29250
2018-11-13,2318.166015625,2343.123534506397,2282.443252319842,2290.118771887422,3103
2018-11-14,2343.46142578125,2362.529656560601,2327.7240539954587,2342.254575731924,4398
2018-11-15,2347.565185546875,2373.1504117105565,2328.7866421655544,2342.448093171549,4476
2018-11-16,2385.460205078125,2402.114738534605,2348.047847313569,2374.1158127237113,9326
2018-11-19,2343.75146484375,2378.8465280599453,2336.751733518614,2365.4264478045143,3728
2018-11-20,2322.9453125,2355.337219673499,2320.3868843088126,2349.013277353491,2033
2018-11-21,2329.220703125,2358.088463357323,2319.131483387725,2319.131483387725,1706
2018-11-22,2319.373046875,2346.116800295453,2297.939434360566,2329.800279796677,2175
2018-11-26,2321.40087890625,2365.4268775241353,2283.457689400429,2346.117270360673,6095
2018-11-27,2337.668701171875,2350.9440525982513,2288.332573585776,2317.1522489674753,2680
2018-11-28,2294.99462890625,2354.757755677082,2283.312224850843,2318.117831267562,30685
2018-11-29,2263.954345703125,2342.254881407143,2254.3961863502386,2271.7748293285276,14746
2018-11-30,2278.388427734375,2304.552798388519,2259.2235524593248,2264.244002099982,4686
2018-12-03,2269.361328125,2291.084633754786,2239.914180493512,2278.5333905020207,5320
2018-12-04,2273.802734375,2283.360894999114,2249.6174058710008,2249.6174058710008,2109
2018-12-05,2272.40234375,2305.1322634580465,2261.7339762732354,2273.7058362852745,4152
2018-12-06,2268.154296875,2287.222530295573,2261.7339480084356,2287.1742091443266,2361
2018-12-07,2255.94091796875,2273.705657697012,2249.713382692622,2259.7545172583973,2477
2018-12-10,2218.721435546875,2240.0103174033707,2212.9768764968107,2240.0103174033707,3818
2018-12-11,2220.0732421875,2230.2591047217793,2210.949502083495,2230.1624624234187,1888
2018-12-12,2252.27197265625,2268.878182851989,2222.631781410085,2252.46502152923,2056
2018-12-13,2269.795654296875,2299.773861982944,2252.272282757119,2252.272282757119,2090
2018-12-14,2272.112548828125,2307.497298046481,2244.9341442455693,2244.9341442455693,2216
2018-12-17,2272.981689453125,2293.932561992447,2259.2235970352817,2271.0024079627083,1503
2018-12-18,2268.250732421875,2302.670003173667,2251.4995586586965,2292.0497222365975,3704
2018-12-19,2298.80810546875,2306.5319462263096,2261.1543817756456,2261.1543817756456,3855
2018-12-20,2361.902587890625,2365.426496344902,2298.8083623662083,2308.463164392106,6571
2018-12-21,2338.682373046875,2363.5918054878625,2320.0968820781027,2356.0610139527403,1795
2018-12-24,2335.110107421875,2346.116485538005,2288.187683425955,2336.4616851859964,5377
2018-12-26,2294.704833984375,2321.9796468843683,2278.581363412626,2293.0152438047294,2715
2018-12-27,2295.04296875,2327.482960502176,2283.8433046765185,2299.435714881107,2071
2018-12-28,2278.822998046875,2326.855638731317,2264.533843725799,2288.188108987484,3388
2018-12-31,2291.3740234375,2321.931375050336,2278.822781836424,2278.822781836424,2141
2019-01-01,2285.774169921875,2363.4953190997885,2268.829946778392,2280.4640292948125,4377
2019-01-02,2273.5126953125,2317.1523507762,2268.8783434683623,2317.1523507762,3481
2019-01-03,2296.201416015625,2316.1384862039163,2260.6233793165597,2283.4571255771116,5976
2019-01-04,2380.294921875,2408.8732316539513,2276.6990792804445,2307.401162760822,16984
2019-01-07,2518.213623046875,2573.004622033901,2397.431960950656,2413.700395904222,15758
2019-01-08,2568.322021484375,2603.9000606095424,2519.9032844608473,2538.392135730242,9562
2019-01-09,2534.91650390625,2601.0035743068347,2514.8827904070417,2601.0035743068347,3952
2019-01-10,2519.7587890625,2533.420240663517,2510.490084140743,2518.793308787857,1793
2019-01-11,2447.685302734375,2523.6685456814525,2427.072442339844,2514.979224070182,2923
2019-01-14,2485.04931640625,2500.593641435481,2421.47258861064,2447.4922320613687,4352
2019-01-15,2554.709228515625,2568.17763173495,2477.663852420983,2511.359021048409,5640
2019-01-16,2531.826904296875,2603.899901463028,2500.641849064837,2553.8879837621253,6005
2019-01-17,2520.9169921875,2589.3211193706215,2512.2276708396116,2517.97223058813,1932
2019-01-18,2591.203857421875,2597.1414657442656,2518.937577742301,2566.584114902738,5067
2019-01-21,2584.735107421875,2602.934502662233,2554.0330270068107,2591.2040130426026,4568
2019-01-22,2470.42236328125,2576.0457986660217,2448.4576896067415,2563.446471128571,4321
2019-01-23,2479.69091796875,2534.3852715437565,2457.146863268137,2470.6635847163707,3913
2019-01-24,2487.70458984375,2510.2003267929513,2476.601566977826,2495.71812305479,2993
2019-01-25,2423.35546875,2510.248692729084,2413.7006660856573,2486.1116860682273,4171
2019-01-28,2395.790771484375,2452.2230414744104,2371.219347779653,2423.3552780647105,2397
2019-01-29,2447.9267578125,2471.4846164269206,2322.9937125914007,2371.219402066575,10983
2019-01-30,2394.77685546875,2461.926046642695,2372.281356678477,2461.926046642695,2693
2019-01-31,2346.116943359375,2460.0436097447273,2292.0017296837436,2423.3553612477494,12543
2019-02-01,2349.01318359375,2435.8580751541067,2324.3934399925824,2365.426345994528,6709
2019-02-04,2291.22900390625,2363.4469624934186,2257.0511026681766,2363.4469624934186,4739
2019-02-05,2240.63818359375,2297.7945645320624,2221.6182707161734,2288.1880836441615,8739
2019-02-06,2243.920654296875,2268.1059798216575,2221.5698825322347,2246.913737124356,5811
2019-02-07,2271.919677734375,2297.7945946855707,2232.962692416719,2236.7279709768245,2672
2019-02-08,2230.017822265625,2279.49868096943,2220.6043906097793,2269.071447992676,7768
2019-02-11,2219.638916015625,2268.8784048006605,2183.9161496421675,2268.8784048006605,4099
2019-02-12,2130.042236328125,2236.969161762982,2115.3669853523365,2221.666442981775,10610
2019-02-14,2184.447265625,2191.6400459459796,2125.9873925872453,2125.9873925872453,2424
2019-02-15,2156.882568359375,2201.2463323251677,2140.7590976453776,2195.453451658133,4102
2019-02-18,2105.0361328125,2172.2817218584937,2095.0916414730673,2162.675242810908,2929
2019-02-19,2086.595458984375,2114.353010715427,2070.037570236927,2113.435851800808,4502
2019-02-20,2125.601318359375,2130.621768293997,2085.4372474565175,2085.4372474565175,1636
2019-02-21,2115.22216796875,2130.621528396404,2089.6850307944833,2125.5527578795545,20521
2019-02-22,2131.490478515625,2143.31761034482,2114.449848165262,2115.2222794273052,1075
2019-02-25,2236.534912109375,2254.396296039452,2133.7112694848774,2160.696394279892,50553
2019-02-26,2242.42431640625,2247.6378149909024,2182.516225268739,2220.6043704807025,2637
2019-02-27,2307.594482421875,2377.012419393556,2217.0323861569786,2267.913149128945,5727
2019-02-28,2322.46240234375,2372.1846279603383,2278.5330573815213,2278.5330573815213,4990
2019-03-01,2384.783935546875,2408.9209356926644,2305.13183506577,2307.7385839389367,3373
2019-03-05,2414.520751953125,2436.4854219501044,2370.2050785314846,2413.6033573829386,10428
2019-03-06,2409.93505859375,2447.443820400397,2384.735932792033,2432.961618379393,2480
2019-03-07,2481.380859375,2498.662861387672,2413.70060025857,2413.70060025857,4075
2019-03-08,2481.47705078125,2523.7168076228063,2471.4361514400857,2509.282926427534,5771
2019-03-11,2510.10400390625,2514.7381206866453,2454.250875341558,2476.3602795006395,23500
2019-03-12,2512.61376953125,2534.3853940589897,2466.9465112880966,2534.3853940589897,16044
2019-03-13,2531.44091796875,2557.1711082991396,2510.2486734260706,2512.662374073596,14639
2019-03-14,2520.482666015625,2563.3498919575372,2495.766278986905,2531.489045842811,4832
2019-03-15,2542.54345703125,2548.9157198130806,2520.627106465599,2520.627106465599,1979
2019-03-18,2608.34130859375,2626.106049348287,2539.212834480145,2543.0747551409513,16250
2019-03-19,2604.720703125,2615.582354754797,2580.294008317182,2615.582354754797,2472
2019-03-20,2604.913818359375,2632.864422122712,2560.791421757551,2626.0577397854186,48945
2019-03-22,2588.9833984375,2630.9817858557203,2578.652807755375,2602.065701890819,14563
2019-03-25,2561.70849609375,2575.3699457548582,2516.62062081293,2553.7432849589945,4262
2019-03-26,2558.763671875,2597.141506402698,2534.385298998915,2597.141506402698,3016
2019-03-27,2579.0869140625,2595.2103838134026,2558.5221417803264,2595.2103838134026,3361
2019-03-28,2659.415283203125,2678.9179366307676,2560.453560012593,2560.453560012593,10209
2019-04-01,2896.489013671875,2973.679110984883,2828.9537186672587,2973.679110984883,42622
2019-04-02,2813.5537109375,2899.5780812706857,2799.892261944556,2896.536913271325,3242
2019-04-03,2764.990478515625,2867.524425403897,2751.6184838789704,2815.3401750845887,51452
2019-04-04,2688.5244140625,2770.397184279042,2674.380223052473,2751.618641046768,41274
2019-04-05,2681.283447265625,2710.0548065585194,2670.3737087454397,2709.041005128753,1662
2019-04-08,2802.644287109375,2824.0295792103566,2679.25587065975,2690.793311883509,9693
2019-04-09,2780.87255859375,2799.8924706483267,2737.039617797911,2758.0871324784744,2819
2019-04-10,2735.639892578125,2799.8926486050823,2630.9336094651208,2799.8926486050823,9439
2019-04-11,2651.69140625,2746.8395284284297,2631.078309407591,2722.8955719921946,8145
2019-04-12,2685.869384765625,2749.687722900425,2632.864613886748,2648.3122977232674,6807
2019-04-15,2711.260986328125,2753.5490589909728,2664.724895797716,2684.0828176362174,4425
2019-04-16,2712.130615234375,2737.1364589694103,2679.352372772655,2722.6059343285883,1898
2019-04-18,2703.103271484375,2723.619726353218,2684.035036959215,2684.035036959215,3003
2019-04-22,2725.115966796875,2732.3087465666304,2683.6003215310216,2722.557303044599,3209
2019-04-23,2749.108154296875,2798.975346732313,2671.4353214091093,2678.676422717097,3145
2019-04-24,2760.549072265625,2779.086243689972,2728.4468578202873,2730.377818087676,2002
2019-04-25,2749.832275390625,2756.445908896794,2715.992383713395,2751.715150308555,3713
2019-04-26,2744.232666015625,2768.0316580122803,2717.971416720502,2751.666816210567,2896
2019-04-30,2703.296142578125,2751.666793160734,2684.034860416642,2751.6184720098668,3532
2019-05-02,2669.262939453125,2739.1638441570167,2655.070428306219,2731.3433606102885,2535
2019-05-03,2721.978515625,2730.3781466563523,2664.918538572001,2686.641844194267,2016
2019-05-06,2716.76416015625,2727.5294039106607,2664.7248808622517,2694.3167494750737,3842
2019-05-07,2670.711181640625,2720.337003481751,2658.7876430468837,2716.8611806073154,1034
2019-05-08,2668.44287109375,2711.0204116882414,2641.5541499532274,2673.559728208592,2361
2019-05-09,2657.77392578125,2681.476511691848,2608.0516957791097,2649.325974081857,1926
2019-05-10,2629.58203125,2669.263127011708,2606.7966036881403,2669.263127011708,3511
2019-05-13,2675.828369140625,2712.999356768954,2577.1080188809715,2609.692975568143,2601
2019-05-14,2741.770751953125,2785.4104103734057,2616.4513733490226,2674.33186488993,44519
2019-05-15,2751.42529296875,2768.996984009209,2732.453467184031,2759.342182809735,10465
2019-05-16,2765.18359375,2775.7555547201728,2718.79222333635,2718.79222333635,3557
2019-05-17,2770.0595703125,2824.078144927159,2751.6188026481655,2780.100470956278,2754
2019-05-20,2837.449462890625,2875.1998303002874,2772.858936407799,2875.1998303002874,8074
2019-05-21,2819.443603515625,2837.4497152763565,2782.6106275245857,2837.4497152763565,1705
2019-05-22,2817.947265625,2847.1530442974295,2751.61881707186,2847.1530442974295,8037
2019-05-23,2721.495361328125,2849.131783795067,2703.344288250148,2828.856701633191,38912
2019-05-24,2799.940673828125,2819.2019551117323,2703.3443405180997,2703.3443405180997,39050
2019-05-27,2891.7578125,2941.286991945836,2780.6311872980486,2799.8924693845047,19511
2019-05-28,2949.30078125,2954.7075649123794,2850.146007135736,2891.7580643074825,14758
2019-05-29,2898.3720703125,2948.5770495450947,2854.153022230426,2948.5770495450947,5922
2019-05-30,2898.419921875,2919.660486570496,2870.227946785385,2898.419921875,26620
2019-05-31,2902.86083984375,2938.2941504211562,2861.007416175974,2898.3231302170393,3769
2019-06-03,2886.978759765625,2938.29417227464,2867.8141198017956,2938.29417227464,6837
2019-06-04,2841.118408203125,2896.440468290051,2814.905716250272,2896.440468290051,5687
2019-06-06,2880.1240234375,2906.047024880491,2838.801424530735,2841.1184826809354,6551
2019-06-07,2859.125,2913.8193612532555,2843.2909826528953,2913.8193612532555,3370
2019-06-10,2930.425537109375,2944.425000397347,2857.8214711998594,2857.8214711998594,7053
2019-06-11,2938.583740234375,2949.5420348782645,2899.337064071826,2930.425479620917,4680
2019-06-12,2866.9453125,2934.915264269364,2855.987252970712,2934.0945117627284,5374
2019-06-13,2921.108642578125,2935.0597842124685,2848.214888068901,2871.434733833301,2393
2019-06-14,2905.66064453125,2935.059466053579,2890.6957031747265,2925.404665178403,1313
2019-06-17,2844.497802734375,2928.0118425193036,2819.2022678843036,2886.785883895229,14252
2019-06-18,2825.236328125,2867.5244064241433,2799.8924738359674,2807.616315143101,6743
2019-06-19,2804.81640625,2848.552467355064,2799.892363325879,2801.8233235764487,1486
2019-06-20,2826.63623046875,2844.9803535942806,2799.892477054642,2804.9129267674643,2023
2019-06-21,2846.235595703125,2876.9379128400674,2800.9063479955557,2809.837039739197,1784
2019-06-24,2864.579833984375,2897.4061617078223,2805.6855401276016,2838.511867851049,1687
2019-06-25,2865.6416015625,2896.3436804128796,2848.5524150881843,2877.0823994094494,4800
2019-06-26,2920.19140625,2931.5838836457942,2857.6765654612273,2865.496813383106,3081
2019-06-27,2904.164306640625,2919.611989122756,2864.676262580849,2915.7500685022233,3002
2019-06-28,2878.965087890625,2932.163137015958,2867.4759686985167,2932.163137015958,2825
2019-07-01,2874.282470703125,2913.7221898764624,2857.820988474903,2913.7221898764624,1612
2019-07-02,2883.986083984375,2898.5163728486446,2854.4906158698363,2869.1658681961057,1065
2019-07-03,2885.96484375,2935.0596027723313,2872.303394160423,2909.957119327568,5489
2019-07-04,2852.9453125,2897.4057172836724,2848.166233251194,2897.4057172836724,1459
2019-07-05,2874.958251953125,2901.1709413269427,2848.214501403119,2848.214501403119,1879
2019-07-08,2807.906005859375,2894.461208207618,2790.2376717297116,2874.2344459305714,5525
2019-07-09,2801.099365234375,2821.1330789193776,2767.5972502145723,2809.5473167882915,7291
2019-07-10,2800.471923828125,2854.8765909209264,2780.5829376969236,2799.89254143093,2416
2019-07-11,2754.1767578125,2848.1663413626347,2727.5779691948555,2848.1663413626347,15931
2019-07-12,2788.899658203125,2851.506767410637,2751.316023088444,2764.215743918475,2251
2019-07-15,2658.05029296875,2820.5156640877494,2250.644721348656,2798.6913255731665,58062
2019-07-16,2633.64404296875,2677.3902440213956,2630.6236022044277,2657.9041432643257,6008
2019-07-17,2664.529541015625,2679.3389304394736,2633.6441180091397,2633.6441180091397,2034
2019-07-18,2649.963623046875,2677.390214412164,2640.366623383175,2669.595774195535,3611
2019-07-19,2619.419189453125,2654.9813246270282,2573.3832747417023,2649.9637486467313,9673
2019-07-22,2525.35009765625,2630.623813005769,2486.426655848416,2619.4193041725966,8825
2019-07-23,2483.406005859375,2532.2187832066797,2460.3637869537006,2532.2187832066797,10261
2019-07-24,2476.683349609375,2508.8354151235803,2419.1018280415065,2508.8354151235803,5807
2019-07-25,2482.870361328125,2528.1755460073973,2460.1202433368253,2474.83234469148,3405
2019-07-26,2508.640625,2552.4843511085105,2461.1432550491136,2482.8703046719297,1376
2019-07-29,2534.16748046875,2564.370937560073,2484.7702611219147,2564.370937560073,1808
2019-07-30,2575.33203125,2674.4675780880543,2442.5829574742265,2534.167639565402,4376
2019-07-31,2501.479248046875,2615.9113192179075,2471.227031150127,2581.9081709065235,14450
2019-08-01,2430.79345703125,2617.9575432694237,2350.023667423093,2501.479332578014,11870
2019-08-02,2361.277099609375,2405.413166847087,2281.822473589587,2384.1245059238768,26011
2019-08-05,2343.544677734375,2370.4353535972427,2290.8834437685337,2300.334154900057,13314
2019-08-06,2413.25634765625,2450.328706444837,2302.331848278485,2362.690005166883,22076
2019-08-07,2448.720947265625,2494.2209458528105,2409.4564058960937,2416.422591906478,1715
2019-08-08,2408.57958984375,2460.12023142646,2379.2529129280856,2460.12023142646,2099
2019-08-09,2480.873046875,2511.7097071880576,2408.725708880791,2408.725708880791,1934
2019-08-13,2433.71630859375,2489.349217966108,2143.470950890582,2489.349217966108,4173
2019-08-14,2399.5673828125,2425.970907995366,2367.6101283301723,2367.6101283301723,6494
2019-08-16,2369.996826171875,2436.6391905974265,2340.2805247543038,2401.6617375184674,6333
2019-08-19,2386.364990234375,2401.028326252328,2363.663638956163,2363.663638956163,3778
2019-08-20,2381.786376953125,2420.1739032997034,2359.8645118870045,2420.1739032997034,5587
2019-08-21,2341.255126953125,2386.9014154824426,2338.3322116885142,2362.689838893603,2495
2019-08-22,2322.98681640625,2375.355712865026,2314.023257516097,2375.355712865026,2966
2019-08-23,2329.952880859375,2362.6896239923863,2289.61674902355,2322.7431190094226,2511
2019-08-26,2331.46337890625,2367.6589566728917,2307.934005510437,2367.5614310143433,6092
2019-08-27,2389.53173828125,2416.2763625431717,2309.1028142045634,2309.1028142045634,2558
2019-08-28,2449.013427734375,2460.2664614980877,2377.5480525327744,2429.8194267099925,1893
2019-08-29,2448.3310546875,2533.1931193321025,2407.2641921499203,2460.1202408898303,1494
2019-08-30,2376.08642578125,2440.536609287448,2349.049460813365,2411.892136144125,5624
2019-09-03,2338.916748046875,2376.0863897607387,2318.8459693000755,2376.0863897607387,3214
2019-09-04,2339.160400390625,2360.6923995140396,2314.1693328604024,2323.7175700298217,2322
2019-09-05,2356.015625,2370.630200523522,2328.5402705892666,2339.306388798416,1408
2019-09-06,2376.62255859375,2386.0732708107284,2346.4190994695637,2386.0732708107284,805
2019-09-09,2340.71923828125,2395.7674763926752,2338.283475532957,2358.1594422795024,6931
2019-09-11,2438.39306640625,2494.07473965931,2348.1725664789583,2374.3812757296587,6593
2019-09-12,2428.06591796875,2499.043904212826,2426.506934608404,2481.5551746426845,1161
2019-09-13,2504.30517578125,2532.2189213797596,2428.0658027154686,2428.0658027154686,4394
2019-09-16,2510.58935546875,2533.1931855509456,2449.256898799766,2523.4501348372883,2605
2019-09-17,2484.234375,2510.881714055697,2446.4800531914893,2481.7010866478035,44605
2019-09-18,2507.471435546875,2518.5784173662373,2455.2973553815273,2483.5034374725487,23048
2019-09-19,2476.878173828125,2531.244441507902,2467.8658523947347,2513.365849247121,1143
2019-09-20,2646.261474609375,2767.026546927305,2441.31629701656,2512.684147214597,8875
2019-09-23,2664.38330078125,2825.484741444744,2536.116131717472,2825.484741444744,16439
2019-09-24,2676.8056640625,2703.6478164136784,2597.156224295675,2674.467427032839,13268
2019-09-25,2627.603271484375,2718.311169454367,2596.5230346221815,2718.311169454367,5688
2019-09-26,2616.2041015625,2659.8530191945706,2606.2662367565845,2659.8530191945706,1366
2019-09-27,2628.333740234375,2654.981076646032,2555.4071550330127,2581.956965799473,5201
2019-09-30,2592.5283203125,2654.9813717640973,2552.679337255756,2640.366795405763,2646
2019-10-01,2589.75146484375,2649.1353072958923,2567.244924092314,2649.1353072958923,2087
2019-10-03,2556.527587890625,2587.7541110892666,2523.4987431407894,2582.785060382596,3067
2019-10-04,2533.58251953125,2582.249242513688,2527.298300120934,2561.8861261558045,1038
2019-10-07,2465.9169921875,2554.6275028164505,2460.119925481136,2537.9667935206826,4086
2019-10-09,2444.823486328125,2482.4802779256133,2428.065488571605,2450.376977032607,11566
2019-10-10,2407.0693359375,2464.8941966633965,2396.790370312469,2444.8236557950645,37840
2019-10-11,2397.22900390625,2425.776191721713,2388.3629699645458,2406.0952757154173,1370
2019-10-14,2399.76220703125,2425.5325291691565,2378.278732155819,2378.278732155819,6441
2019-10-15,2362.300048828125,2425.093959851829,2348.075100375968,2425.0451970272966,22668
2019-10-16,2388.80126953125,2401.6620491581193,2357.8183200659832,2357.8183200659832,1576
2019-10-17,2393.867431640625,2416.3252099016645,2379.5451954350656,2387.0472965077456,13865
2019-10-18,2520.91650390625,2544.8845005515195,2393.2340319500777,2396.790149830298,3517
2019-10-22,2532.949462890625,2603.3430002283876,2524.5703446141733,2544.8846993250554,6065
2019-10-23,2511.320068359375,2525.788355857009,2488.8135262064584,2489.3494415658038,1003
2019-10-24,2500.74853515625,2518.870702862839,2494.2695022106686,2494.2695022106686,7677
2019-10-25,2476.0986328125,2513.9504772241403,2457.1972109521485,2500.748596895538,1679
2019-10-27,2483.55224609375,2518.5784638099994,2445.5055876839842,2483.5034832695123,1128
2019-10-29,2478.729736328125,2519.553025468508,2467.0380749570413,2519.553025468508,26711
2019-10-30,2514.1455078125,2618.9320672276317,2475.757982628838,2508.8355926752797,8062
2019-10-31,2615.1806640625,2641.3408483940466,2538.064518652339,2566.319363581674,10432
2019-11-01,2632.32861328125,2645.238154921289,2601.394428596627,2615.180749616184,2914
2019-11-04,2639.0029296875,2650.109912851733,2584.1007413091943,2632.5724207813905,2726
2019-11-05,2563.05517578125,2656.7347377706055,2536.115739541994,2639.002435570879,13384
2019-11-06,2484.6728515625,2592.6259056548015,2477.0732241077203,2569.242582943146,15649
2019-11-07,2548.7333984375,2576.355043382611,2485.695905554595,2509.0792281350205,3718
2019-11-08,2512.245361328125,2571.1908119235686,2487.8877371151316,2571.1908119235686,1992
2019-11-11,2541.912841796875,2569.242143111074,2484.4776127922783,2569.242143111074,4734
2019-11-13,2447.64892578125,2531.7802560405453,2435.762452586115,2508.8353261636985,14858
2019-11-14,2377.4501953125,2455.2485429001763,2339.3062505965568,2450.3770180134698,11879
2019-11-15,2425.727294921875,2462.068921751933,2362.689804213865,2362.689804213865,4924
2019-11-18,2379.88623046875,2459.8280105936788,2352.9467899052224,2459.8280105936788,2915
2019-11-19,2361.5693359375,2413.35355299962,2345.200963902812,2413.35355299962,3570
2019-11-20,2371.896728515625,2387.095981462917,2343.4958332857154,2364.6382039344703,2954
2019-11-21,2391.383056640625,2420.953310973125,2348.0752433971024,2348.0752433971024,3711
2019-11-22,2347.685546875,2390.9445960078715,2339.3551911124864,2390.9445960078715,3008
2019-11-25,2462.361328125,2474.7349553281497,2357.8183432654023,2366.5870891701084,5906
2019-11-26,2485.5009765625,2503.964009918174,2435.762655562426,2481.5549934869996,2712
2019-11-27,2423.0478515625,2512.732677324318,2416.2764791641366,2493.2465766858977,2715
2019-11-28,2435.957275390625,2483.5034062217096,2408.4819223931213,2434.7881569823667,16454
2019-11-29,2485.5009765625,2507.8612301670737,2417.884062523619,2417.884062523619,6760
2019-12-02,2445.164306640625,2493.1975879351967,2435.8111219022026,2442.826069922874,855
2019-12-03,2458.5126953125,2474.7347789329388,2388.07039399222,2445.554390825702,2317
2019-12-04,2465.47900390625,2475.7092072419605,2424.071038023612,2440.001021221913,1272
2019-12-05,2460.94873046875,2478.6810364249027,2416.276744699002,2440.63437317379,2958
2019-12-06,2465.624755859375,2477.1703648009916,2423.1452022552176,2473.224382133134,1895
2019-12-09,2424.94775390625,2464.8942611227644,2411.453771627968,2440.7316860759993,1518
2019-12-10,2414.181640625,2435.4212984620717,2406.5332515409477,2435.4212984620717,2235
2019-12-11,2436.006103515625,2452.4717630529485,2387.5831920471255,2393.18544585983,2806
2019-12-12,2484.575439453125,2491.249286422668,2416.374084956662,2440.6341859091394,5314
2019-12-13,2490.4697265625,2513.41465777007,2465.5276603219245,2477.8525238998373,1899
2019-12-16,2457.099609375,2533.1929226999964,2440.63395052442,2491.4438595769902,2233
2019-12-17,2489.154541015625,2513.2198277101897,2445.018475533522,2497.9232862954823,1901
2019-12-18,2463.140869140625,2503.282192513115,2451.8388346010825,2489.1547682724176,452
2019-12-19,2461.338134765625,2502.015370639535,2445.554440514986,2502.015370639535,821
2019-12-20,2518.57861328125,2562.422341558873,2437.0293262583605,2464.991834275266,2590
2019-12-23,2518.91943359375,2555.504394694662,2436.736714740905,2555.504394694662,3338
2019-12-24,2584.782470703125,2611.1374692253235,2489.4468666460884,2522.2321356183043,3074
2019-12-26,2591.066650390625,2640.17176565192,2567.2937032757663,2620.978004514009,3825
2019-12-27,2537.431396484375,2606.6555784752636,2510.2969062897882,2559.3532596287646,1908
2019-12-30,2572.798583984375,2581.908431521818,2504.7922804971176,2547.80775412436,6242
2019-12-31,2628.23681640625,2650.1099187133145,2538.064830238303,2581.9085605111336,8706
2020-01-01,2618.44482421875,2670.5213816143746,2611.088773511177,2670.472618788342,1522
2020-01-02,2587.023681640625,2678.3647870558625,2548.100239493171,2678.3647870558625,2071
2020-01-03,2607.240478515625,2650.1099034239537,2574.1141047228257,2587.0236474509015,2062
2020-01-06,2509.0302734375,2608.2145733715497,2466.940343584895,2572.1652871501274,3866
2020-01-07,2549.269287109375,2579.9598976746133,2508.786862742689,2508.8356255710455,2112
2020-01-08,2520.1376953125,2552.630628044557,2484.4780331021675,2503.964135322577,1131
2020-01-09,2602.660888671875,2628.187631064616,2520.137306087371,2520.185831041461,3108
2020-01-10,2597.643310546875,2630.623631593647,2581.9083791567277,2627.457140185247,3183
2020-01-13,2588.43603515625,2650.1095889731178,2581.908239256898,2611.1373891352778,13471
2020-01-14,2599.202392578125,2626.7265112512887,2557.550850161214,2573.139731533625,2110
2020-01-15,2583.954345703125,2618.4934098457193,2581.908210087782,2618.4934098457193,3529
2020-01-16,2586.487548828125,2620.7830387516556,2581.908362701727,2601.3457007266916,1983
2020-01-17,2593.113037109375,2625.7522581287867,2581.908528401219,2618.883359564643,2799
2020-01-20,2591.26171875,2619.6138520285035,2581.9082954384185,2619.6138520285035,1591
2020-01-21,2583.077392578125,2615.03464445041,2581.90827414068,2615.03464445041,1788
2020-01-22,2621.708740234375,2630.623535959263,2581.9082852933507,2583.0774037358456,8423
2020-01-23,2572.06787109375,2652.0584128593005,2549.7563800340886,2652.0584128593005,7598
2020-01-24,2618.785888671875,2630.5260740729855,2553.653501805815,2574.113907581443,8560
2020-01-27,2614.255126953125,2640.366548511895,2582.054299147787,2586.7797735420963,5736
2020-01-28,2615.86279296875,2625.7031304419747,2591.5051687269693,2618.8829956542763,3591
2020-01-29,2610.942626953125,2628.626167829638,2609.627220035809,2628.626167829638,5410
2020-01-30,2638.953857421875,2656.9297371126822,2593.7947254889937,2610.1630970754954,15380
2020-01-31,2639.63623046875,2650.110010842484,2601.4922789523243,2645.189722256213,4848
2020-02-03,2546.248779296875,2580.9341349972337,2541.9619321282685,2543.9105422717166,1256
2020-02-04,2580.690673828125,2594.1848948203265,2514.7302651040563,2556.576622227466,8086
2020-02-05,2558.914794921875,2630.6237447402955,2508.8356084097263,2591.6515411145133,14023
2020-02-06,2515.557861328125,2573.7725822310986,2501.040812685063,2540.0130107791038,2844
2020-02-07,2471.0810546875,2533.2417612216814,2459.1945812685026,2533.192998398226,3434
2020-02-10,2405.60791015625,2493.1978382352877,2389.3855884957056,2489.3493808950634,4696
2020-02-11,2403.6103515625,2427.9192128951704,2388.216285523394,2391.9186919683575,2882
2020-02-12,2436.785888671875,2454.615720092992,2367.5614617336996,2391.1883610946225,6483
2020-02-13,2427.529541015625,2464.9915186966414,2399.1284090580166,2455.248469215627,1432
2020-02-14,2391.333984375,2464.0172291032663,2387.047137723607,2440.5851473819243,14224
2020-02-17,2362.73828125,2401.661716670836,2348.0749440879167,2348.2209946843564,3587
2020-02-18,2322.937744140625,2362.689432474923,2313.974186444512,2355.869298030665,5979
2020-02-19,2369.656005859375,2457.1974124696376,2297.0702773784124,2328.5891418724955,6395
2020-02-20,2406.77685546875,2440.731478867146,2372.432605228785,2398.1056363707357,4603
2020-02-24,2367.99951171875,2404.5847116102937,2353.920852208456,2385.0986118403557,5612
2020-02-25,2392.30859375,2401.8568310893897,2367.9997296235715,2375.696882461451,6051
2020-02-26,2393.484375,2405.678990488834,2360.573380760049,2405.6299681106557,3812
2020-02-27,2365.764404296875,2417.38352658816,2352.051531779762,2394.4145129486997,4620
2020-02-28,2441.13623046875,2483.0094670431463,2308.611061975009,2326.290920799792,13648
2020-03-02,2392.259521484375,2409.596461328241,2273.4472361187068,2385.1091906071015,17990
2020-03-03,2448.923095703125,2468.3170633130026,2399.7527004431968,2399.850745186419,235500
2020-03-04,2476.054931640625,2546.6763206473693,2311.696551176429,2448.629186649038,23772
2020-03-05,2485.752197265625,2531.9351002118037,2409.5967753967325,2476.055093316025,9362
2020-03-06,2443.976806640625,2478.1121627172406,2352.0517222665926,2468.31725298318,16908
2020-03-09,2338.97509765625,2436.728331068578,2297.8855048485116,2382.1217168762064,12194
2020-03-11,2330.796630859375,2412.3392479193417,2308.072250774286,2340.983240520365,6599
2020-03-12,2304.88916015625,2342.4527358089463,2228.391056232372,2301.803859147407,103839
2020-03-13,2302.68505859375,2375.265429856378,1959.471543269148,2057.0289324539767,19255
2020-03-16,2304.00732421875,2366.8905882062027,2252.828927921405,2252.828927921405,28041
2020-03-17,2303.370849609375,2369.3884392836744,2296.857091775716,2304.742041188295,4154
2020-03-18,2206.4990234375,2349.798584792836,2164.6748113347926,2272.4188064691034,228207
2020-03-19,2052.3271484375,2203.8543293916387,1958.981626125901,2203.8543293916387,14632
2020-03-20,2362.97265625,2446.7681464003817,2017.7021311874962,2048.1153699452357,64226
2020-03-23,2174.37158203125,2363.0216101690253,1945.2687742158278,2296.905979625436,5931
2020-03-24,2233.533203125,2286.817413768229,2147.484829748064,2174.371807800821,5960
2020-03-25,2242.15283203125,2301.803735305542,2106.6891856544344,2106.6891856544344,3565
2020-03-26,2254.690185546875,2291.8620594513654,2189.945975411577,2233.2394287921556,4649
2020-03-27,2336.771240234375,2683.11929558866,2000.5121078870025,2298.8649926978856,7112
2020-03-30,2158.357177734375,2252.8290253398586,2105.9053932524766,2236.1776803699554,5836
2020-03-31,2264.044189453125,2277.2673165825363,2105.905431721055,2174.4697946142983,5191
2020-04-01,2262.281005859375,2292.008649596219,2158.944718452366,2252.829014560386,2487
2020-04-03,2161.2958984375,2286.082955292666,2130.392909781546,2226.383027095841,1558
2020-04-07,2198.859130859375,2237.15732253339,2131.3723002769952,2237.15732253339,1794
2020-04-08,2156.838623046875,2251.8492254245075,2131.3718636466847,2235.197882739768,1555
2020-04-09,2145.721435546875,2184.264494363139,2130.392500107546,2132.35148171684,3918
2020-04-13,2184.166748046875,2232.259848779297,2117.2186858823834,2198.957156871225,4457
2020-04-15,2240.585205078125,2252.828840078552,2173.930808309102,2219.526152877391,4469
2020-04-16,2174.224853515625,2218.3999873010516,2166.6337992911645,2208.8009289711604,1458
2020-04-17,2206.59716796875,2228.3418183252634,2182.9913414047305,2182.9913414047305,1352
2020-04-20,2188.084716796875,2252.8291636311656,2177.653233931734,2208.7520712992514,3880
2020-04-21,2184.950439453125,2212.670081483454,2130.392840737721,2155.859605730448,3512
2020-04-22,2183.823974609375,2198.9570611231397,2130.392698415514,2189.1131297934126,3097
2020-04-23,2103.505859375,2194.1087731922416,2082.397781356276,2181.326368335102,5017
2020-04-24,2049.0458984375,2119.6182641629753,2039.3000120089253,2102.966919204209,3006
2020-04-27,2127.797119140625,2139.208092294559,2049.0459085265943,2101.0079477892987,4009
2020-04-28,2155.95751953125,2174.469801921225,2127.111321167415,2130.392711341741,3878
2020-04-29,2155.222900390625,2179.073360357851,2149.9825284151116,2154.879982921752,3044
2020-04-30,2155.61474609375,2233.239405245371,2065.501577110165,2165.5077005160147,7221
2020-05-04,2057.714599609375,2116.435033208493,2049.095031573374,2078.479759559608,4209
2020-05-05,2081.46728515625,2094.102622721609,2058.449247897247,2058.938993370843,3895
2020-05-06,2160.12060546875,2200.132669949242,2096.110771988486,2105.905682137965,5357
2020-05-07,2114.23095703125,2158.797789806289,2097.3837625781557,2158.797789806289,2089
2020-05-08,2110.802978515625,2169.5724349940183,2108.6971686452284,2169.5724349940183,1049
2020-05-11,2130.392578125,2241.075043103448,2079.4590544181033,2140.1874865301725,5656
2020-05-12,2156.7900390625,2187.203280739162,2086.266691004632,2109.823496064557,2764
2020-05-13,2113.007080078125,2203.7568307425777,2096.110859365946,2203.7568307425777,2721
2020-05-14,2165.703369140625,2180.4447547868144,2125.544242854982,2149.9824926094198,2498
2020-05-15,2138.37548828125,2164.723937286794,2125.7891735456847,2154.8309834249517,51631
2020-05-18,2138.03271484375,2194.059544675731,2103.750534458192,2194.059544675731,51109
2020-05-19,2123.291259765625,2153.9003483910087,2103.015847286872,2145.0849308668985,1199
2020-05-20,2141.411865234375,2151.9413918444466,2110.70473151346,2133.7717887975746,599
2020-05-21,2130.0986328125,2154.879798319879,2113.7411839883175,2127.062354758604,1005
2020-05-22,2127.062255859375,2154.8796981272585,2121.5770118834735,2130.098533772097,883
2020-05-26,2176.57568359375,2192.1007105529093,2115.6513953184044,2153.9005641223625,4910
2020-05-27,2129.0703125,2187.2031934334236,2116.6798481906085,2187.2031934334236,3296
2020-05-28,2144.644287109375,2154.879918897435,2120.548715999207,2129.119261131186,928
2020-05-29,2275.9453125,2424.2401496364682,2139.2572998725777,2154.6842826429915,3755
2020-06-01,2273.986328125,2364.4421755859316,2262.6731596121076,2364.4421755859316,2570
2020-06-02,2229.615234375,2287.1113036903166,2212.669993591617,2272.418939855047,4325
2020-06-03,2258.90185546875,2321.3934224309364,2215.8042560649687,2240.781273901251,6993
2020-06-04,2255.96337890625,2277.2182834762575,2239.2142281013953,2270.2150192385825,3053
2020-06-05,2251.213134765625,2293.9187969744953,2243.034289628196,2267.2766907933915,3391
2020-06-08,2220.407958984375,2296.906298524688,2213.7476117709607,2296.906298524688,3096
2020-06-09,2235.00244140625,2252.6823004364396,2208.8010591517786,2208.8010591517786,1806
2020-06-10,2224.32568359375,2282.213688689889,2210.025260612537,2251.8494722309247,4186
2020-06-11,2213.600341796875,2250.87001719285,2208.7519098215303,2247.9315445855486,2271
2020-06-12,2135.633056640625,2211.6904285592395,2121.626289093639,2156.1043205783994,9129
2020-06-15,2136.367919921875,2175.4495152447125,2126.6217931460224,2146.3096579378553,5009
2020-06-16,2176.4287109375,2192.786160623244,2146.3583890856335,2192.786160623244,3080
2020-06-17,2201.062744140625,2213.649297080525,2164.674755109717,2194.0594802922014,1998
2020-06-18,2182.9912109375,2210.0252540678594,2160.756816455256,2177.4571832849324,2180
2020-06-19,2185.782958984375,2210.7109544858345,2172.363981522441,2189.113132380702,13637
2020-06-22,2178.289794921875,2223.1995499497534,2164.674966577357,2196.753294701976,2374
2020-06-23,2182.50146484375,2260.0283091262363,2136.710267591554,2189.1620504525895,5490
2020-06-24,2171.482177734375,2203.854397939702,2164.723786567429,2184.2645810691265,2508
2020-06-25,2157.27978515625,2182.305826641252,2150.668221273921,2172.510917185951,4250
2020-06-26,2171.090576171875,2186.1746401974806,2156.887958292285,2178.387735462616,2456
2020-06-29,2174.126953125,2181.3263071337924,2159.777506614285,2181.3263071337924,3714
2020-06-30,2164.919677734375,2199.5447753594613,2155.1737914841824,2184.2155998890626,11341
2020-07-01,2140.33447265625,2172.2169496976444,2130.3927355437886,2137.445022289918,7040
2020-07-02,2133.77197265625,2164.625937009443,2116.7289260955167,2130.392776768082,4654
2020-07-03,2150.2763671875,2153.9004356007804,2127.013458890311,2127.013458890311,1876
2020-07-06,2139.844970703125,2164.6751638239375,2125.495522849749,2164.6751638239375,1759
2020-07-07,2156.593994140625,2159.7773394254923,2125.691009779286,2140.2855670269387,2652
2020-07-08,2171.825439453125,2181.2774319380715,2130.9316902534665,2154.880197347276,3620
2020-07-09,2167.51513671875,2181.277030546096,2164.6747089983514,2181.277030546096,1375
2020-07-10,2171.7763671875,2187.937968296348,2164.6750576093696,2178.3879312774834,1458
2020-07-13,2166.78076171875,2189.162225087259,2164.674951875992,2169.6214288913734,2322
2020-07-14,2165.50732421875,2177.6529144482524,2135.3389598442013,2166.878515681163,2374
2020-07-15,2162.275146484375,2182.3056872140123,2145.0850336618882,2165.55629746215,1476
2020-07-16,2162.617919921875,2179.3673104103495,2149.541859539529,2164.7239688929494,874
2020-07-17,2156.98583984375,2173.4413351723747,2154.880030013284,2173.4413351723747,1295
2020-07-20,2163.45068359375,2193.0802854856397,2135.2903181593097,2154.880137591964,2880
2020-07-21,2209.4375,2251.849502351194,2159.777360889249,2159.777360889249,5467
2020-07-22,2222.366943359375,2297.8857920243304,2183.040476971111,2218.547024269015,7668
2020-07-23,2215.216552734375,2246.756109576054,2194.059455191626,2229.3701473753167,1362
2020-07-24,2199.544921875,2228.341859482595,2194.0596770290167,2204.8340772287124,2560
2020-07-27,2226.431640625,2238.1365080152727,2165.850038179152,2176.4285867877184,3800
2020-07-28,2189.308837890625,2232.896179922573,2181.5709559698157,2203.9033947701887,2226
2020-07-29,2175.25341796875,2206.107381026871,2156.8389413962473,2193.031081982165,1830
2020-07-30,2167.564453125,2199.4959537948057,2157.4756484986356,2160.5121661014605,1737
2020-07-31,2183.13818359375,2194.255260787148,2135.5838570271153,2191.120938027487,5767
2020-08-03,2115.6513671875,2217.3225726236287,2105.9054803493327,2217.3225726236287,4135
2020-08-04,2168.886962890625,2179.367468733782,2117.6595359112075,2120.5980089027585,2045
2020-08-05,2108.745849609375,2227.3132701306117,2094.1515309451574,2179.758939409901,10135
2020-08-06,2199.887451171875,2235.9327626790455,2077.500115931335,2108.8438234795685,19303
2020-08-07,2227.656005859375,2252.4859545114164,2198.9078548182692,2198.956877185664,6490
2020-08-10,2254.34716796875,2262.623817656855,2228.341638601448,2236.079520506267,4812
2020-08-11,2313.263427734375,2329.229175968259,2258.3629193050588,2258.3629193050588,7723
2020-08-12,2306.79931640625,2313.5577085551326,2271.4395961639934,2271.4395961639934,2052
2020-08-13,2324.625732421875,2353.0309676863844,2307.6804925235856,2318.3568473661508,3142
2020-08-14,2331.727294921875,2380.1630759451623,2311.598707502297,2335.1064909684223,5611
2020-08-17,2320.952880859375,2370.368152577095,2316.545171484748,2370.368152577095,1040
2020-08-18,2337.457275390625,2366.107387736853,2305.9177123609747,2313.8026629017745,11892
2020-08-19,2365.8623046875,2380.162967967382,2315.5655887416397,2315.5655887416397,4075
2020-08-20,2386.28466796875,2408.5680855967803,2341.3749152496207,2355.724600191297,3183
2020-08-21,2405.48291015625,2448.7273393151436,2389.9578831715803,2397.793810657389,6690
2020-08-24,2446.278564453125,2586.3457655409316,2370.417040781574,2370.417040781574,31805
2020-08-25,2438.83447265625,2475.173683328055,2389.957968864446,2446.2786996880955,7174
2020-08-26,2440.793212890625,2464.399038603789,2431.096348892927,2437.952785009869,1909
2020-08-27,2519.789306640625,2571.1635553775614,2473.2634899242694,2502.403343551882,49330
2020-08-28,2514.793701171875,2585.85580921001,2478.111817159593,2527.086359000692,5715
2020-08-31,2408.9111328125,2514.9410267976878,2373.3555639542715,2514.793959676944,8530
2020-09-01,2463.3212890625,2507.4964192901098,2346.0762894716104,2376.4405039239514,2622
2020-09-02,2457.19970703125,2522.1890227464933,2439.226192815283,2439.226192815283,2115
2020-09-03,2414.29833984375,2501.962779000305,2380.1629849209976,2466.3091652933867,1711
2020-09-04,2401.41748046875,2448.7269326339356,2365.470216924382,2370.3676707896498,2006
2020-09-07,2477.5732421875,2492.8043737121316,2399.4588418717663,2399.4588418717663,7293
2020-09-08,2445.299072265625,2497.4569635526846,2429.2843001325264,2450.7843170496926,2008
2020-09-09,2367.28271484375,2491.824889099541,2338.436516074674,2402.691215786625,4264
2020-09-10,2398.577392578125,2441.8708430518177,2367.1846610290736,2367.1846610290736,1693
2020-09-11,2412.290283203125,2438.9323883739185,2376.4408199133754,2426.2970511718972,924
2020-09-14,2520.719970703125,2545.6969900359127,2404.6502926272283,2411.506729306817,10396
2020-09-15,2466.504638671875,2549.61452790687,2399.7524369465355,2549.61452790687,15210
2020-09-16,2460.187255859375,2487.3681284465824,2448.72726010877,2484.96842355838,5194
2020-09-17,2438.19775390625,2478.112008590062,2433.0554266156973,2460.18727706486,2039
2020-09-18,2382.75830078125,2450.049512923383,2372.326818968914,2429.1863101652048,5163
2020-09-21,2319.630615234375,2424.2403053273315,2301.8039262703956,2385.060664029112,2449
2020-09-22,2242.348388671875,2326.437532336997,2228.3906444456734,2301.8034337946797,4703
2020-09-23,2231.72119140625,2271.4395987540784,2223.640390763852,2271.4395987540784,4900
2020-09-24,2199.201904296875,2252.8290301226198,2194.2554275127286,2223.6401539925887,2111
2020-09-25,2197.242919921875,2213.649392186978,2170.062047960287,2199.152879314094,4448
2020-09-28,2246.021728515625,2262.5750296061324,2207.1359863580956,2262.5750296061324,3974
2020-09-29,2241.85888671875,2277.3164105312844,2218.6449995219755,2233.23931871455,7143
2020-09-30,2277.707763671875,2311.500195574654,2175.4490219151235,2234.2184687025647,11066
2020-10-01,2360.42626953125,2393.875788516896,2262.6240063314362,2299.8446609810444,4477
2020-10-05,2366.156005859375,2399.7525899453112,2333.1962343080195,2372.081973346962,10002
2020-10-06,2347.839599609375,2400.7321062338665,2327.2702914776282,2400.7321062338665,4828
2020-10-07,2299.208251953125,2348.770352155777,2292.0579199587437,2328.10323591838,2441
2020-10-08,2428.5986328125,2448.4333232813315,2270.215004154758,2292.0086763982886,10382
2020-10-09,2456.6123046875,2492.7064024168153,2400.7813209985525,2440.646554507639,20742
2020-10-12,2489.767822265625,2512.5900080550787,2417.33451806034,2468.317067215848,5618
2020-10-13,2497.408203125,2522.1893737304986,2447.748056292239,2497.702098257387,4676
2020-10-14,2473.6064453125,2516.3123480404847,2450.6864518479147,2516.3123480404847,3887
2020-10-15,2451.861572265625,2483.9889216020083,2393.287968637738,2463.762530176914,3846
2020-10-16,2463.37060546875,2475.614241790026,2428.1579552354647,2428.1579552354647,1850
2020-10-19,2464.301025390625,2475.61419295502,2435.063365912285,2435.063365912285,5123
2020-10-20,2489.033203125,2545.6968473034185,2449.85356715265,2464.3991026607932,6032
2020-10-21,2574.00439453125,2625.035973094455,2492.8046834049956,2536.8817799681487,9902
2020-10-22,2659.415771484375,2770.0001956649776,2547.6557669464664,2556.569229566121,104252
2020-10-23,2630.863525390625,2741.5950190566855,2601.8217159654223,2680.7197554980985,11335
2020-10-26,2569.253662109375,2691.983920137798,2507.839630290048,2634.8305302683457,5093
2020-10-27,2573.612060546875,2603.486529755887,2498.7790595586816,2600.5480573746727,6892
2020-10-28,2614.162841796875,2644.625100646608,2571.1632922953136,2574.787360347279,7873
2020-10-29,2587.22705078125,2644.6253105828596,2571.1634964000023,2644.6253105828596,2961
2020-10-30,2596.875244140625,2613.918290117786,2571.212630431644,2599.960544816889,2600
2020-11-02,2658.974609375,2682.7762836847414,2571.1633546496037,2682.7762836847414,4255
2020-11-03,2645.702880859375,2664.2151626227233,2596.72833742881,2659.0238131923807,4393
2020-11-04,2724.11083984375,2741.5948469002133,2609.4126065564305,2614.261038362511,7482
2020-11-05,2707.5576171875,2759.0299098484984,2698.742199423301,2732.7795069017366,4149
2020-11-06,2750.606201171875,2767.0616955419778,2698.497334944477,2698.497334944477,8134
2020-11-09,2743.749755859375,2784.6925217333705,2714.1691796423393,2745.512887238353,4403
2020-11-10,2645.114990234375,2782.733452048087,2644.625244818668,2747.4717821171716,12511
2020-11-11,2654.5673828125,2703.3460814251803,2634.8307352262104,2654.4205548189702,7715
2020-11-12,2647.02490234375,2692.4734195913234,2644.625197676262,2654.71400088669,2714
2020-11-13,2909.234619140625,2938.472516331526,2644.674287067013,2645.6047555371506,53997
2020-11-14,3043.52294921875,3432.9195851738336,2938.4725553644703,2938.4725553644703,18925
2020-11-17,3033.826416015625,3098.3257521538394,3007.0372426467748,3051.114335780034,17166
2020-11-18,2988.083740234375,3055.0320371507673,2967.8083269616805,3055.0320371507673,56363
2020-11-19,2982.794677734375,3041.368281666002,2958.7481281957002,2958.7481281957002,7893
2020-11-20,2992.83447265625,3011.8855230109116,2977.6523635657013,2987.4962950285358,3760
2020-11-23,2962.715087890625,3011.0530592651344,2938.472688212869,3007.037050937836,5645
2020-11-24,2959.580810546875,2987.643129499192,2948.2676426958724,2962.715133635993,1862
2020-11-25,2973.3916015625,2987.4473923240607,2951.8428006998347,2963.009140990608,4511
2020-11-26,2965.653564453125,2987.4472369191744,2953.1650555119054,2987.4472369191744,2244
2020-11-27,3060.419189453125,3079.519261206793,2949.246976938185,2949.246976938185,14254
2020-12-01,3236.727783203125,3255.8278563677372,2987.447341131648,3060.419415529782,21470
2020-12-02,3146.124755859375,3252.7424354714667,3134.3708651151933,3247.0123180802702,7729
2020-12-03,3143.235107421875,3181.33720519589,3118.6988142132514,3161.796410892078,4588
2020-12-04,3161.698486328125,3199.800824683874,3124.624900346973,3134.3707866851196,5179
2020-12-07,3188.585693359375,3216.648011079117,3153.960595516065,3161.698477721224,4092
2020-12-08,3195.5400390625,3232.319970186324,3159.6417932288387,3159.6908156005456,9450
2020-12-09,3200.535400390625,3245.5919798516707,3187.5081241545336,3211.4076054326406,10071
2020-12-10,3171.395751953125,3199.3112432026164,3124.820910831216,3187.5573521501988,3813
2020-12-11,3062.182373046875,3173.060692368214,3041.319169564224,3171.3956057059445,4691
2020-12-14,3139.56201171875,3163.7553874430846,3062.182235988718,3104.0064466895155,5067
2020-12-15,3372.436279296875,3408.530376426008,3114.585293126322,3134.370961997224,34244
2020-12-16,3313.128173828125,3409.608033435537,3284.527085608777,3378.264322700134,13551
2020-12-17,3304.165771484375,3361.563795583579,3281.2945629815267,3306.761326753921,28162
2020-12-18,3296.672607421875,3340.064103870714,3276.9849830170074,3320.719157814571,3627
2020-12-21,3064.97412109375,3449.767250334283,3013.893761862177,3320.474440270647,21279
2020-12-22,3087.89404296875,3183.345382059492,2949.7858279317074,3064.973812737811,9087
2020-12-23,3192.79736328125,3279.6783959690406,3104.9370788433116,3104.9861012141982,10217
2020-12-24,3368.6162109375,3482.090333347105,3192.1119892651495,3192.7975851046435,41632
2020-12-28,3325.76318359375,3495.8028932182056,3286.2408707159543,3368.469080912695,19044
2020-12-29,3411.22412109375,3462.5005688775004,3310.82629696081,3325.3718334764117,23919
2020-12-30,3350.15283203125,3477.192756169381,3328.2611143777312,3428.2182103078408,11499
2020-12-31,3322.384033203125,3379.2435264531928,3310.679165046896,3379.2435264531928,4325
2021-01-01,3373.513427734375,3403.730817116717,3323.9023101829007,3323.9023101829007,5743
2021-01-04,3447.6611328125,3456.0355886831803,3282.812766860343,3379.2435979370903,19452
2021-01-05,3473.96044921875,3525.1878729147084,3349.712167669906,3437.915135006031,17277
2021-01-06,3401.72314453125,3521.270066233853,3351.1815535419255,3491.8853368911505,14962
2021-01-07,3462.84326171875,3482.2369903033423,3362.4454440990808,3401.72288585359,14812
2021-01-08,3474.205078125,3521.2696620466513,3431.6952702087738,3463.4797009727286,11745
2021-01-11,3544.04296875,3612.3624594071716,3455.937809628853,3476.2132235455674,34529
2021-01-12,3554.8662109375,3667.40961462045,3526.1670810346,3526.1670810346,19241
2021-01-13,3548.84228515625,3653.060258237162,3465.6345827518617,3608.199528119888,21277
2021-01-14,3446.192138671875,3593.311634057575,3418.4234741098603,3525.1879894903686,7138
2021-01-15,3331.150634765625,3469.3569017448995,3311.658860756495,3442.4209009549545,16193
2021-01-18,3267.483642578125,3357.7928961065177,3244.122927772073,3336.1460512655076,4014
2021-01-19,3258.325439453125,3348.0956830829286,3232.319908724412,3320.4740880532595,5490
2021-01-20,3282.176025390625,3319.935448151302,3243.682223574096,3310.6793067918584,9134
2021-01-21,3309.2587890625,3418.373971789963,3270.5198789381047,3280.5596599381397,23732
2021-01-22,3431.2060546875,3463.38219111356,3320.47454739672,3325.812725612285,22112
2021-01-25,3411.272705078125,3482.089940728934,3334.137801327801,3431.2054393514527,8173
2021-01-27,3433.801025390625,3476.2130270269254,3379.243432866411,3427.0426341782954,9657
2021-01-28,3408.33447265625,3467.3978223725203,3394.670622284622,3418.423276858784,5859
2021-01-29,3349.0751953125,3476.7519281743757,3328.7507593932387,3425.181589458163,4856
2021-02-01,3391.438232421875,3427.238672786547,3276.837796664223,3357.694818608826,6311
2021-02-02,3290.2568359375,3624.116412451474,3247.159235356996,3391.4382960361613,19841
2021-02-03,3451.530029296875,3486.9875515164913,3281.294465612428,3306.467333536841,29965
2021-02-04,3452.411376953125,3525.1385731087985,3395.796757573589,3525.1385731087985,22280
2021-02-05,3471.707275390625,3506.57724532717,3423.5163733653444,3506.57724532717,26813
2021-02-08,3486.155029296875,3513.042246489058,3422.782014289959,3496.782601484208,15394
2021-02-09,3446.093994140625,3496.782650204514,3419.4028660683357,3496.782650204514,9630
2021-02-10,3504.520263671875,3525.1876165381036,3428.2180210845686,3472.2951099270845,7311
2021-02-11,3508.340576171875,3525.1877719342983,3447.4650728624433,3478.172208429756,8669
2021-02-12,3640.767822265625,3780.83502661967,3536.3052092172265,3557.511092404829,59040
2021-02-15,3757.180419921875,3785.7324851851895,3640.767825985343,3640.767825985343,41320
2021-02-16,3911.107177734375,3944.4098684538762,3763.2040513036486,3763.2040513036486,65190
2021-02-17,3862.426513671875,3934.614945172838,3827.213863644717,3916.9841089734077,29033
2021-02-18,3914.1923828125,3934.8597360252147,3863.1610514660706,3863.1610514660706,19982
2021-02-19,3766.779052734375,3941.4713489559467,3726.962843632549,3873.935499786996,19683
2021-02-22,3779.21875,3820.014449687487,3733.4275511479773,3785.6342239868927,9776
2021-02-23,3856.549560546875,3909.1971963147134,3749.148240100373,3772.019448222228,8749
2021-02-24,3854.541748046875,3908.1688773793358,3356.3725568959358,3875.8456761378525,3025
2021-02-25,3873.445556640625,3917.8653228404373,3826.968764019432,3917.8653228404373,3958
2021-02-26,3780.443359375,3872.025763032884,3600.6087256297424,3863.1122997507355,7326
2021-03-01,3915.710693359375,3932.655933627362,3712.2704828014203,3741.6552095782126,17449
2021-03-02,4006.264404296875,4113.861569818018,3917.9633998266845,4011.0150305725683,17620
2021-03-03,4035.306396484375,4069.7358840450565,3972.031428169906,4059.0102674417913,17464
2021-03-04,3972.325439453125,4050.2437510950144,3942.4509662923997,3981.875475955324,6754
2021-03-05,3828.291259765625,4011.994830661307,3785.732426881336,4004.1098808846937,7555
2021-03-08,3920.852783203125,3935.594168070508,3751.498913784503,3864.09133724195,13089
2021-03-09,3959.93505859375,4015.912870389795,3922.8612307100316,3922.8612307100316,26139
2021-03-10,3880.253173828125,3996.812590131431,3864.14059645996,3962.0406634191004,7367
2021-03-12,3959.151123046875,3966.9380276448082,3820.014396991297,3898.569517020672,10238
2021-03-15,3917.375732421875,3984.030134676873,3873.8864329743806,3959.151161961746,9441
2021-03-16,3962.775390625,3966.938227036087,3898.5697129755254,3933.0967679145433,5170
2021-03-17,3883.53466796875,3965.9587331941466,3861.1532048039826,3965.9587331941466,5647
2021-03-18,3806.399658203125,3931.333530405539,3693.66016066879,3870.9480124537413,6792
2021-03-19,3845.23681640625,3873.8379059517783,3697.5785472670427,3806.4000936757907,5077
2021-03-22,3780.590087890625,3840.779757247903,3738.1780831222363,3834.706961355476,13076
2021-03-23,3681.6611328125,3849.3989363360492,3643.705863402062,3780.589705985513,45338
2021-03-24,3586.79736328125,3714.8170056606536,3575.141518094835,3684.501573262061,8524
2021-03-25,3616.916748046875,3654.4803173454657,3527.146508378725,3575.141559450804,10101
2021-03-26,3775.20263671875,3910.4704197642172,3613.3907949207683,3624.1161719814168,24650
2021-03-30,3835.441650390625,3859.194305698541,3775.007107186468,3785.732485158594,15683
2021-03-31,3827.16455078125,3889.1173455018693,3773.0476826656104,3849.398944696179,3391
2021-04-01,3788.132080078125,3942.450921102261,3737.0027022945096,3841.563357158526,5685
2021-04-05,3691.5546875,4023.9450482855223,3655.5583938692207,3761.2453752977385,14010
2021-04-06,3649.779052734375,3731.860440432,3636.898842668185,3685.873389130547,4156
2021-04-07,3705.169189453125,3744.593698044887,3605.7018410675773,3624.1163177520484,13128
2021-04-08,3731.1748046875,3793.6663731315675,3663.540908919904,3717.1680367224208,25552
2021-04-09,3755.7109375,3769.0808923091777,3692.778648692603,3726.9627846248495,6745
2021-04-12,3680.583984375,3722.0655207664263,3624.9490910556287,3712.172566755189,4948
2021-04-13,3722.21240234375,3788.621935944493,3665.255099800108,3665.255099800108,22278
2021-04-15,3754.829345703125,3765.1140001611366,3697.578150380233,3697.578150380233,8899
2021-04-16,3861.05517578125,3869.968638838718,3723.0450003102933,3723.0450003102933,5790
2021-04-19,3756.004638671875,3807.330104692151,3734.798756596378,3786.711773669446,6367
2021-04-20,3824.912109375,3890.6360469078136,3777.7497164070533,3849.3013380553753,4127
2021-04-22,3899.549072265625,3917.9635487715545,3785.7813013715777,3790.629733436479,5268
2021-04-23,3842.298095703125,3947.348499313898,3830.789077125721,3885.6405699201573,6136
2021-04-26,3891.2724609375,3898.3737699405324,3841.6613426593785,3842.297916089001,3124
2021-04-27,3811.003173828125,3917.914508009985,3780.8838291883226,3908.168621554866,3183
2021-04-28,3846.65673828125,3868.009688414218,3821.2880188093313,3831.0829281241304,7262
2021-04-29,3753.360107421875,3866.589351145257,3743.6142207909993,3841.1225877385154,4934
2021-04-30,3765.506103515625,3825.4509014186697,3732.9380296510135,3751.4012904520355,4916
2021-05-03,3850.96630859375,3868.9888445198826,3718.832849891941,3778.8756866222043,4630
2021-05-04,3757.425048828125,3903.271144756721,3739.69616830142,3868.939941691944,4925
2021-05-05,3967.18310546875,4059.402080089985,3723.143037989628,3771.0400484055767,50159
2021-05-06,3908.3154296875,4163.81572076844,3840.5837311533883,3981.6304175308655,55033
2021-05-07,3728.334228515625,3976.6351824818007,3693.2686440749585,3966.3505275837933,23712
2021-05-10,3702.4755859375,3770.1585024872784,3678.9187820679927,3729.117690475214,11246
2021-05-11,3759.77587890625,3785.6833657928632,3674.0704238054823,3674.0704238054823,4425
2021-05-12,3714.42529296875,3771.03991405055,3697.5780975430716,3723.0448605989977,4361
2021-05-14,3817.66357421875,3829.809164919569,3690.1826985610815,3714.425096727772,13760
2021-05-17,3913.89892578125,3936.9169626214725,3804.0488745721555,3820.014624547611,27887
2021-05-18,3893.57421875,3955.1840982777926,3868.9889024758,3900.332610040161,3888
2021-05-19,3839.947265625,3898.3738024632835,3820.0635524239224,3868.9890753090376,3140
2021-05-20,3874.9150390625,3916.9351031957513,3855.276198608231,3888.432061366032,2425
2021-05-21,3869.91943359375,3918.9429998261767,3854.296601928519,3918.9429998261767,2463
2021-05-24,3836.126953125,3913.066008452055,3820.0143762110174,3908.1685541235793,3634
2021-05-25,3943.185546875,4015.91274723654,3825.8915099282744,3825.8915099282744,24375
2021-05-26,4000.975341796875,4059.0101759976133,3944.4097439050165,3968.015569587752,7076
2021-05-27,3935.59423828125,4092.3127743999657,3870.9968645015188,4054.112631221029,5456
2021-05-28,3913.555908203125,4051.1255970214247,3873.88652657824,4014.9332168000524,5209
2021-05-31,3868.89111328125,3966.9382506355546,3830.5931615515265,3913.555995164039,4136
2021-06-01,3881.379638671875,3957.535058490378,3853.8560870150154,3916.9842296359307,5586
2021-06-02,3921.14697265625,3937.6514900892776,3878.539118210351,3878.7839909370514,2403
2021-06-03,3971.394775390625,4014.9330969613193,3904.593545536732,3917.9635003281965,4453
2021-06-04,3973.843505859375,4015.912591152181,3937.553321080919,3939.5123028327007,3674
2021-06-07,4258.92431640625,4309.759796534698,4015.9125376800594,4015.9125376800594,58990
2021-06-08,4402.6650390625,4498.80198117355,4310.739716774395,4310.739716774395,59201
2021-06-09,4439.00390625,4480.925924808602,4321.072821117776,4407.708981176831,31720
2021-06-10,4292.52099609375,4794.608147157347,4212.839312540185,4439.004153004422,182669
2021-06-11,4271.021484375,4348.93979777837,4167.7339728709385,4329.349978869459,55921
2021-06-14,4287.03564453125,4346.5889791105055,4231.400751878189,4270.972089182159,18827
2021-06-15,4380.72412109375,4419.462793591582,4260.8833178171335,4299.86686303181,17404
2021-06-16,4272.73583984375,4395.2697815691645,4216.267800969898,4380.724722804456,9962
2021-06-17,4275.673828125,4418.483408706779,4204.807566517273,4214.749303406179,15169
2021-06-18,4226.5517578125,4331.308494456742,4162.836069977647,4331.308494456742,10241
2021-06-21,4229.09912109375,4275.624942500184,4193.15208919892,4198.098327325825,4514
2021-06-22,4144.0302734375,4329.350159348102,4094.272322641418,4279.396119047932,69215
2021-06-23,4204.80810546875,4231.205101400864,4153.0419095978195,4192.221550254403,50830
2021-06-24,4215.04296875,4258.826402976096,4186.295293652648,4203.974912965364,3613
2021-06-25,4263.03857421875,4295.068121873426,4215.043514247986,4241.196115783793,4408
2021-06-28,4322.14990234375,4356.138423776545,4261.960480766684,4329.153165779717,10341
2021-06-29,4406.1416015625,4442.921770420823,4261.862788778987,4436.065334381229,22875
2021-06-30,4392.72265625,4460.601178529519,4357.3629421194555,4460.601178529519,5273
2021-07-01,4397.47314453125,4425.339851725981,4359.713961937216,4425.339851725981,6496
2021-07-02,4395.90625,4441.991104217653,4364.51328059432,4441.991104217653,7362
2021-07-05,4400.4609375,4417.503983601506,4389.245575325724,4397.914165492409,5785
2021-07-06,4368.77392578125,4417.503594030253,4349.967510748201,4400.852250105971,12782
2021-07-07,4396.73876953125,4407.709259439346,4329.9377739373185,4388.168223749007,11765
2021-07-08,4360.1552734375,4407.7093687647875,4339.487918299433,4368.529729931323,3253
2021-07-09,4356.041015625,4377.344943240907,4330.378162086603,4360.155068816272,2113
2021-07-12,4392.38037109375,4402.811854138127,4340.124432855627,4368.52967062426,3579
2021-07-13,4337.626953125,4466.478798200467,4309.760243877644,4466.478798200467,10567
2021-07-14,4403.9873046875,4441.893316665889,4311.865895888058,4322.493468117284,19492
2021-07-15,4363.828125,4430.237417869962,4348.939671753843,4430.237417869962,3799
2021-07-16,4411.02978515625,4418.643054091156,4376.008843989011,4381.313477378069,4428
2021-07-19,4352.62890625,4444.577653348753,4313.776863569752,4390.056818523107,9614
2021-07-20,4278.16650390625,4361.6668834314005,4253.607568751794,4337.107948276945,5018
2021-07-22,4416.7275390625,4435.3434025745255,4292.901587873904,4302.725161301533,20993
2021-07-23,4293.0986328125,4416.727931654991,4241.622719742815,4416.727931654991,4419
2021-07-26,4286.31982421875,4365.596257759871,4253.7547725497625,4365.596257759871,11759
2021-07-27,4285.48486328125,4337.647653005984,4273.254322835437,4302.725042303267,3363
2021-07-28,4247.51611328125,4306.654211982146,4199.724528691553,4297.960254329832,2542
2021-07-29,4201.24755859375,4303.216052084092,4174.969501432866,4268.539032071152,11775
2021-07-30,4374.4375,4567.961907702672,4221.72985038012,4258.519326858298,82481
2021-08-02,4486.52490234375,4538.491516633326,4403.810211407678,4440.25576952005,58331
2021-08-03,4490.748046875,4567.470247623776,4469.72569667452,4538.49070739259,23262
2021-08-04,4516.73193359375,4617.079643094912,4410.342342528382,4489.373184881649,28102
2021-08-05,4534.11962890625,4611.185760897002,4403.9572698694255,4528.667737054789,77100
2021-08-06,4554.6015625,4598.611459975146,4474.490511754895,4558.1381449250875,15765
2021-08-09,4562.3623046875,4714.97162350474,4503.863113079858,4554.601777120469,54100
2021-08-10,4525.474609375,4598.365714795825,4433.280278440888,4562.361935081903,23527
2021-08-11,4545.22021484375,4671.649318379917,4379.39800585069,4481.514244565808,20657
2021-08-12,4569.58251953125,4607.256020235595,4525.278106644262,4544.385149170547,6562
2021-08-13,4662.95556640625,4676.020726569712,4572.873210542439,4597.432142929885,15219
2021-08-16,4631.029296875,4758.539091396278,4578.767693021893,4672.779485022056,20806
2021-08-17,4694.98046875,4732.015534113894,4600.085128880406,4631.02938657702,11998
2021-08-18,4696.2578125,4712.368377686959,4652.19898783219,4704.804033952825,4894
2021-08-20,4642.22802734375,4702.151826187503,4541.683655809463,4636.726730205086,18539
2021-08-23,4607.50146484375,4682.307879554381,4563.34431101456,4663.250243294767,8287
2021-08-24,4606.12646484375,4644.880175412958,4547.135616788437,4607.501669232768,8226
2021-08-25,4611.87353515625,4751.90839240579,4566.979609549748,4655.244518973742,20193
2021-08-26,4543.94287109375,4638.003587825481,4469.725964797682,4614.132495968068,36872
2021-08-27,4540.357421875,4588.591264562786,4502.4383315481455,4524.295782979642,5131
2021-08-30,4474.8349609375,4561.871449468704,4459.902935454306,4519.826741415257,5935
2021-08-31,4362.99267578125,4517.321103031433,4302.724959693312,4474.834149947704,36296
2021-09-01,4281.2607421875,4400.175391460739,4273.254625431811,4368.936138812739,14367
2021-09-02,4136.90380859375,4310.5844106664035,4117.796764678873,4287.007832303597,32170
2021-09-03,4269.81640625,4281.064590260142,4177.965990056655,4183.860134411308,22197
2021-09-06,4230.767578125,4287.989894587711,4219.273805097577,4269.816283350627,11844
2021-09-07,4228.80322265625,4305.672692932771,4204.489875827574,4219.274163547616,12657
2021-09-08,4330.4765625,4360.045613127653,4214.31281191516,4214.31281191516,38628
2021-09-09,4280.474609375,4342.019197313089,4269.619273581731,4322.372051623889,5478
2021-09-13,4358.03173828125,4371.490225899566,4224.136622779356,4279.148634610901,35613
2021-09-14,4375.07568359375,4391.137322081005,4308.8159686254385,4335.142953544401,8297
2021-09-15,4349.8291015625,4396.982250912741,4337.10738294406,4396.982250912741,3039
2021-09-16,4321.83203125,4355.330031569906,4300.760275220825,4349.829214402991,4234
2021-09-17,4399.3896484375,4487.408974697667,4272.125428598398,4337.108280054772,30887
2021-09-20,4349.6328125,4396.049197885495,4322.372395686297,4391.137411072215,4552
2021-09-21,4386.22607421875,4440.255734707447,4307.637477144282,4339.809684071643,14903
2021-09-22,4504.009765625,4518.84345638254,4346.930933585378,4396.04879724171,11515
2021-09-23,4506.71142578125,4536.526066129268,4480.97395201074,4533.480662529198,4459
2021-09-24,4902.35595703125,4980.5516969642595,4523.018767405856,4529.256832427104,84015
2021-09-27,5000.7392578125,5095.733410014305,4796.114403786658,5068.964170933311,55212
2021-09-28,5301.9794921875,5599.437117733026,4929.4693783832145,4956.0913595605125,239359
2021-09-29,5356.54931640625,5486.466082642503,5216.31779746315,5274.227958098276,62698
2021-09-30,5167.78955078125,5432.43654436926,5129.870458353757,5432.43654436926,33690
2021-10-01,5071.8623046875,5222.997606183998,5019.846288752437,5167.78940838169,15560
2021-10-04,5155.11669921875,5173.4375673005325,5064.100909801757,5116.116921754228,14073
2021-10-05,5211.11181640625,5274.277209296075,5155.363030481953,5157.376671410764,7366
2021-10-06,5138.71142578125,5255.611953341558,5108.258347173103,5255.611953341558,6011
2021-10-07,5168.8203125,5243.233879715384,5126.087768950571,5142.640585776039,5058
2021-10-08,5170.63818359375,5197.947527492987,5157.573022018462,5177.023506704486,2734
2021-10-11,5384.3994140625,5539.955809283531,5108.258644117352,5196.670812957845,25421
2021-10-12,5316.6650390625,5431.355255429519,5286.998135990682,5370.6457653134685,4520
2021-10-13,5489.16748046875,5530.672080003412,5319.8091631529605,5333.119913858939,26931
2021-10-14,5507.68505859375,5598.45478582415,5440.589760814474,5501.201403863,6723
2021-10-18,6091.59814453125,6278.737226378244,5511.614440346664,5535.239943589804,93780
2021-10-19,6191.30712890625,6336.204836405444,6096.509645694913,6153.486371355612,40665
2021-10-20,5587.35400390625,6034.572180485715,5525.760007159775,5894.144007637095,80466
2021-10-21,5400.509765625,5746.790746504093,5354.093378826313,5648.8495225987035,16324
2021-10-22,5300.55419921875,5481.553524837256,5231.052422895768,5427.523875398896,11680
2021-10-25,5145.4404296875,5328.404482144465,4941.257362998837,5267.399996103333,20351
2021-10-26,5208.5078125,5840.016357166775,5090.723257265665,5109.240790017275,106142
2021-10-27,5375.36083984375,5413.7711063922025,5175.058281341702,5181.934782474844,20874
2021-10-28,5253.40185546875,5476.445914227878,5187.829498149777,5452.083642251706,9764
2021-10-29,5091.60693359375,5253.401376637488,5044.453782066735,5250.699893997919,11865
2021-11-01,5364.06396484375,5471.7304260728815,5108.258207464809,5108.258207464809,25663
2021-11-02,5421.8759765625,5524.777912250306,5364.06414874155,5440.246251458885,12292
2021-11-03,5412.64208984375,5448.3998037561105,5313.325659421386,5448.350877752126,12736
2021-11-04,5419.8623046875,5443.291144362904,5358.317231370987,5442.259860985168,1610
2021-11-08,5396.77685546875,5463.822745723195,5363.7201463572055,5457.977527526647,2267
2021-11-09,5320.64404296875,5545.407211600615,5255.513463206104,5456.995050565352,7129
2021-11-10,5355.71435546875,5442.26014064227,5229.08857917668,5327.668242820031,3440
2021-11-11,5335.96875,5395.00852585642,5319.465337495503,5339.1124855564285,2587
2021-11-12,5319.3671875,5374.133614590326,5291.2227428748165,5310.624302247623,2040
2021-11-15,5295.888671875,5392.40528512147,5253.598378242842,5351.883042918754,2052
2021-11-16,5311.75341796875,5372.65957331157,5260.523578400019,5260.523578400019,11206
2021-11-17,5347.90478515625,5471.583486474015,5304.729985353222,5344.024281541024,10080
2021-11-18,5283.90380859375,5374.674016384994,5245.788533215345,5348.936060553849,5843
2021-11-22,5026.37841796875,5344.0237490598965,4918.024598893995,5344.0237490598965,12152
2021-11-23,5038.068359375,5127.9051266891165,4911.786519817162,5025.73996707692,11404
2021-11-24,4946.513671875,5068.964431838689,4911.787240153768,5010.022984956843,11935
2021-11-25,4918.22119140625,5029.669828995494,4906.875155436033,4921.610516263168,3865
2021-11-26,4892.92578125,5007.07590848373,4839.535037726934,4965.816895700462,9202
2021-11-29,4803.97314453125,4943.664554873942,4666.197522933068,4843.021850117901,10070
2021-11-30,4913.45654296875,4955.992420838929,4766.741388947753,4803.972633500015,19852
2021-12-01,4821.75390625,4951.032232431317,4803.727552527526,4887.276855209413,3153
2021-12-02,4852.50146484375,4887.178967647946,4772.636002890582,4813.551091232724,3624
2021-12-03,4838.55224609375,4921.807032274859,4814.7300801363235,4887.227861368954,2262
2021-12-06,4778.9228515625,4950.098617405507,4764.43308085269,4892.139534566268,4878
2021-12-07,4761.486328125,4804.710053818728,4744.786252288787,4788.992335384645,3165
2021-12-08,4782.90087890625,4813.845132876293,4747.831012206849,4785.307846081685,20877
2021-12-09,4768.51025390625,4834.033686779972,4747.733490060001,4803.727863934079,3075
2021-12-10,4801.61572265625,4892.090935301679,4765.415756464056,4791.9394063145055,9837
2021-12-13,4843.8076171875,4994.992802943536,4822.6869333441755,4843.021923143728,7779
2021-12-14,4803.53076171875,4899.998445025169,4788.992064855192,4817.726017244323,5067
2021-12-15,4752.44775390625,4838.060572728667,4735.453165198701,4827.549158194734,3230
2021-12-16,4719.34326171875,4811.340935914218,4710.158124133469,4776.221659009735,1697
2021-12-17,4517.37060546875,4742.084865771235,4496.495510249393,4739.874561571538,5801
2021-12-20,4662.95556640625,4802.204713043069,4337.745895931702,4507.743113717592,15777
2021-12-21,4810.80078125,4828.286550849268,4593.503135660463,4593.503135660463,11660
2021-12-22,4802.84326171875,4813.550860556861,4788.991927594836,4810.800451931778,3652
2021-12-23,4793.5107421875,4856.725529916562,4788.991802707001,4813.550735028575,10051
2021-12-24,4791.30029296875,4821.360521152024,4785.1605600745615,4811.48754285819,2287
2021-12-27,4791.39892578125,4833.934806079036,4758.391623734164,4764.924204010845,4930
2021-12-28,4803.67822265625,4882.315731863163,4788.991789302398,4813.550721555231,2044
2021-12-29,4792.72509765625,4827.697117076312,4788.992331397943,4827.697117076312,2375
2021-12-30,4791.39892578125,4813.550891589143,4766.397739998066,4766.397739998066,2774
2021-12-31,4731.328125,4841.647157476273,4677.003948384098,4773.471644500178,6788
2022-01-03,4854.3681640625,4959.3825570133895,4736.387420508462,4802.303220297033,30435
2022-01-04,4876.37353515625,4929.469764326192,4838.159445995944,4929.469764326192,5124
2022-01-05,4824.40576171875,4897.05127795956,4782.950570295099,4897.05127795956,3575
2022-01-06,4815.6630859375,4841.5482985731605,4789.041105274259,4824.357044596285,10610
2022-01-07,4742.8701171875,4833.149139584905,4705.1970972998615,4755.59183648289,7278
2022-01-10,4820.03515625,4842.039867179064,4732.015832867021,4764.433628691106,13256
2022-01-11,4815.564453125,4882.021308790207,4799.503294861483,4844.151146740782,8316
2022-01-12,4781.1826171875,4877.060799880522,4751.711893798255,4815.565127808286,5582
2022-01-13,4819.54345703125,4982.516444322095,4794.198349778662,4861.686491117911,18603
2022-01-14,4836.73486328125,4921.610444474174,4810.5057295248625,4905.892726487829,6354
2022-01-17,4922.88720703125,4960.806296758104,4832.461404631253,4911.688429149919,14101
2022-01-18,4840.32080078125,4947.496095733366,4816.842553391511,4926.522668003038,5102
2022-01-19,4762.419921875,4872.492880669403,4745.768771474574,4850.58650172179,9422
2022-01-20,4713.44921875,4783.687774070104,4703.527312904308,4765.415830179365,12040
2022-01-21,4607.89453125,4774.10959118814,4538.491078547114,4730.050766927349,6995
2022-01-24,4367.0693359375,4665.21477367387,4322.372079209313,4665.21477367387,17107
2022-01-25,4414.27197265625,4548.3148338710325,4130.469011245025,4367.069890707057,37133
2022-01-27,4498.4111328125,4636.726860863095,4384.309938721254,4420.608235992358,51885
2022-01-28,4680.8837890625,4732.948727970857,4565.9969065291825,4565.9969065291825,40159
2022-01-31,4793.56005859375,4852.845421979816,4713.3506750322185,4713.3506750322185,30412
2022-02-01,4590.015625,4879.172116726614,4560.200984578103,4817.529195255198,32048
2022-02-02,4549.34619140625,4676.0213740683375,4523.804898186549,4676.0213740683375,24961
2022-02-03,4417.07177734375,4597.432694363666,4393.1023523919475,4572.136990970533,39859
2022-02-04,4457.79052734375,4510.0027260939,4405.872843940566,4445.167139092768,11317
2022-02-07,4485.1982421875,4553.128159602958,4425.7166942382755,4517.8616253233995,11217
2022-02-08,4497.67431640625,4565.997079985573,4440.255335958432,4507.645147831315,4820
2022-02-09,4426.9931640625,4524.73771522731,4405.774150489372,4516.633267517665,6114
2022-02-10,4409.26171875,4512.900411636451,4376.598339238393,4449.145040525597,5804
2022-02-11,4346.5869140625,4415.695842593479,4334.160190772509,4391.136911322103,3670
2022-02-14,4261.26953125,4326.841884520791,4145.449695338747,4322.3723504341715,11148
2022-02-15,4290.88818359375,4322.372546297259,4243.882286219427,4282.5870717233865,8068
2022-02-16,4260.48388671875,4364.564841278033,4239.363203397455,4297.862392543949,59214
2022-02-17,4233.419921875,4309.552613767387,4204.489307089229,4293.883822730613,6657
2022-02-18,4178.9970703125,4294.473463980831,4150.45978131592,4253.607302508387,3412
2022-02-21,4073.050537109375,4124.869891147181,4038.5202899745113,4090.8802283947284,9579
2022-02-22,4098.64111328125,4238.77431588216,3883.4556531594408,4027.6657833191025,20869
2022-02-23,4146.62841796875,4333.914737802888,4089.2094429832455,4106.253437755103,31585
2022-02-24,4161.90380859375,4248.6951688432155,4027.6647843369205,4125.900510784162,19956
2022-02-25,4135.7734375,4288.382750264992,4107.2361478799685,4194.5676217975115,24976
2022-02-28,4248.10595703125,4296.830976705922,3993.3317264893935,4135.7733000127955,14200
2022-03-02,4250.708984375,4369.967544925262,4111.165321078183,4111.165321078183,17679
2022-03-03,4292.95068359375,4391.186421753735,4128.848074864171,4271.977737229946,15301
2022-03-04,4267.7041015625,4391.137202380652,4226.445094291809,4314.464405735947,16631
2022-03-07,4201.24755859375,4381.31345560896,4135.7730623455645,4273.2541551343,27932
2022-03-08,4253.36181640625,4386.225650500353,4186.807104688131,4186.807104688131,27766
2022-03-09,4307.58837890625,4346.931601876892,4234.9428555234535,4234.9428555234535,7840
2022-03-10,4321.537109375,4452.485627962216,4285.386551857046,4329.150378606815,11463
2022-03-11,4395.8525390625,4509.020299223407,4338.728554298703,4343.149162435197,18900
2022-03-14,4336.02685546875,4452.878449920265,4275.415696951087,4420.607916198683,6297
2022-03-15,4414.95947265625,4499.1476885106,4323.354650756,4357.6882316351475,11955
2022-03-16,4522.4296875,4558.138476020269,4388.190640599686,4388.190640599686,4927
2022-03-17,4631.716796875,4714.333149926239,4545.171014234325,4615.066126789782,25068
2022-03-21,4687.07275390625,4715.3155292114225,4631.716818374772,4703.478314384978,19790
2022-03-22,4684.61669921875,4710.354654130148,4657.405208255173,4657.405208255173,5935
2022-03-23,4693.703125,4792.086111521411,4677.739819060014,4677.739819060014,13693
2022-03-24,4675.5791015625,4746.947752394152,4666.19777999782,4700.236368922779,14440
2022-03-25,4712.66259765625,4758.538876544932,4677.003218668542,4698.959000789071,12366
2022-03-28,4662.3662109375,4784.080187958596,4531.319839299236,4735.9446788805735,13823
2022-03-29,4590.015625,4685.598799813317,4573.266144991438,4666.1972428561785,5284
2022-03-30,4731.57275390625,4796.850586874235,4561.37935554951,4612.904186630082,14466
2022-03-31,4884.72314453125,4920.628114892427,4605.929832373786,4731.5732453034425,21942
2022-04-01,4771.80078125,4904.222358876384,4692.721015343541,4885.557569407779,7698
2022-04-04,4731.22998046875,4839.092632916778,4715.315598457274,4771.801149897126,12533
2022-04-05,4725.38427734375,4856.234463647747,4667.3268640587185,4780.150697688205,92693
2022-04-06,4716.88720703125,4880.007455184114,4680.932831635613,4764.236544096894,68850
2022-04-07,4597.97265625,4818.462962688636,4530.2883285076505,4740.512808429235,30635
2022-04-08,4625.4296875,4666.983212481844,4421.148280062416,4596.155629671973,38000
2022-04-11,4681.96435546875,4725.139155628545,4559.513599895002,4648.564203433122,15830
2022-04-12,4753.283203125,4876.4217904840325,4705.491614911063,4715.3151882198545,29665
2022-04-13,4675.92236328125,4843.021434048588,4617.079257612244,4777.056238035393,25374
2022-04-18,4377.2373046875,4635.155047481639,4347.471587749325,4597.432619358701,18734
2022-04-19,4429.35107421875,4513.883214175959,4356.46044476061,4420.608189510611,21062
2022-04-20,4368.9365234375,4499.098888429773,4347.963095484643,4451.503956728866,42052
2022-04-21,4417.31689453125,4444.626715502585,4332.342987361427,4430.382534531921,28687
2022-04-22,4338.138671875,4436.276547821442,4322.3720294071145,4399.97825448056,6743
2022-04-25,4198.20263671875,4322.372514848326,4179.93069333628,4322.372514848326,14677
2022-04-26,4087.93310546875,4312.352368061836,4076.7832529280035,4204.588047947112,27234
2022-04-27,4150.50830078125,4183.712263579509,3998.881603379903,4084.6414391379913,47164
2022-04-28,4191.47314453125,4204.489379174723,4022.75327283189,4201.493381180061,23654
2022-04-29,4097.314453125,4193.683811630598,4061.311149738533,4193.683811630598,3909
2022-05-02,4070.005126953125,4116.0775940655285,4018.0382754812586,4108.513250057006,5013
2022-05-04,4026.191650390625,4116.028423062036,4008.018039183543,4089.455368605186,6274
2022-05-05,3989.50048828125,4046.329957371651,3969.214904773041,4046.329957371651,4490
2022-05-06,3887.777587890625,3947.9469762528606,3814.4936328254885,3929.429444064371,10840
2022-05-09,3796.418212890625,3906.736748585494,3782.566878679308,3906.736748585494,4815
2022-05-10,3771.417236328125,3978.547385660608,3452.9861878017377,3800.7407000298504,110835
2022-05-11,3902.119873046875,4015.8769037569523,3685.166393122339,3904.7721899628255,95248
2022-05-12,3946.42431640625,4016.8592919745724,3770.0420023906613,3832.176106136661,45090
2022-05-13,3845.978271484375,4076.6847560547935,3773.8241705851606,4017.841645493013,33870
2022-05-16,4055.416748046875,4135.724461764027,3797.1059296903004,3860.6644025493174,14588
2022-05-17,3989.844482421875,4101.342044592227,3930.411861176886,4101.342044592227,11759
2022-05-18,3897.89599609375,4024.7184377214658,3880.3118938246985,4009.8358184164695,13789
2022-05-19,3841.361083984375,3921.668795768019,3794.3060239444785,3831.193589678434,14484
2022-05-20,3912.385498046875,3972.65321885076,3841.9013564908555,3860.6153124246625,25474
2022-05-23,3996.033447265625,4165.195342206493,3878.199726058316,3912.3855714342762,43212
2022-05-24,4048.834716796875,4076.7829750830892,3854.3282026382944,3998.145221777771,17384
2022-05-25,3997.06494140625,4125.852090497483,3865.576309506595,4125.852090497483,12744
2022-05-26,3934.68505859375,4008.55828242407,3891.6577592346885,3935.3234949299376,13738
2022-05-27,3974.814208984375,4000.159076245525,3916.4622791001784,3973.9793491479295,57266
2022-05-30,4133.5634765625,4175.0191527221,4004.530969707211,4037.4401840384994,7696
2022-05-31,4126.2939453125,4258.519347871802,4091.6169208055067,4192.504738432575,17901
2022-06-01,4184.8427734375,4194.666348023034,4112.246653183749,4146.973085276957,24918
2022-06-02,4178.16259765625,4224.136731142474,4134.791135625238,4224.136731142474,5526
2022-06-03,4099.376953125,4243.145037816978,3982.378104467687,4223.30122877967,21953
2022-06-06,4112.541015625,4124.9188150758355,4009.09897095263,4042.4007916258784,5474
2022-06-07,4002.123779296875,4139.653806076836,3983.4589899481657,4133.121225738121,8756
2022-06-08,3964.0576171875,4082.1371661165476,3940.4318742345577,4022.7534706357255,8489
2022-06-09,4109.34814453125,4238.724802283486,3930.4610109995115,3930.4610109995115,16169
2022-06-10,4038.96240234375,4125.901031215797,3961.2089109864387,4125.901031215797,26270
2022-06-13,3965.320068359375,4014.1844533716235,3914.382793434867,3958.8049616278204,13142
2022-06-14,3924.40234375,3973.3161346774145,3918.183192033716,3920.0095331190096,5079
2022-06-15,3990.097900390625,4017.7383608584473,3923.958227128336,3929.8811829428696,18289
2022-06-16,4030.275146484375,4155.940571099029,3983.4344868236,3999.969404772747,48956
2022-06-17,4036.7412109375,4131.261714929006,3950.7595385805485,3988.1236148896496,17401
2022-06-20,3988.32080078125,4053.8683203592705,3950.6113651867504,4037.4813802133453,10367
2022-06-21,3976.7216796875,4073.9074608030087,3958.6566169968305,3987.9260337103296,3960
2022-06-22,3939.25927734375,4021.6870807914893,3907.176599355109,4021.6870807914893,4077
2022-06-23,3944.2939453125,3963.2473563913377,3899.2793831202753,3914.2841568491176,3594
2022-06-24,4008.755126953125,4020.6998509509094,3957.07748191812,3964.0370032224264,3375
2022-06-27,4143.453125,4175.6837792817805,3976.2776035335723,4074.993532121794,11357
2022-06-28,4041.973388671875,4128.744840653977,4007.866984726327,4077.4617193133236,14126
2022-06-29,4112.703125,4144.88413144832,4014.2831534186603,4027.560397339369,8077
2022-06-30,4079.6826171875,4163.3935334356365,4059.1990616115177,4114.578795016811,8058
2022-07-01,4072.673828125,4106.582847801797,4033.434244423048,4088.5180247133803,2801
2022-07-04,4051.943359375,4164.282377893087,4024.6979070628545,4093.009283012323,8132
2022-07-05,4131.8046875,4214.134164152693,4067.047418763108,4072.2300054295197,11011
2022-07-06,4156.4833984375,4178.9909196877215,4121.390078121756,4164.82508732831,10153
2022-07-07,4194.982421875,4304.01435446172,4091.429512363731,4195.377671186328,18611
2022-07-08,4210.62890625,4280.273279513899,4190.490954250218,4243.797552961529,4912
2022-07-11,4156.73046875,4236.147632610436,4132.298274422681,4210.6294665773985,6410
2022-07-12,4177.263671875,4217.095648717381,4148.0928233867435,4178.645598585881,4147
2022-07-13,4119.66259765625,4201.10324087356,4073.118132510694,4198.190928099419,13314
2022-07-14,4045.477783203125,4140.09710224025,4013.7898720217268,4116.849210602003,8637
2022-07-15,4000.41357421875,4091.77521374241,3938.7161192467593,4032.496250804185,26217
2022-07-18,4153.078125,4178.596290152546,4020.4037660818444,4020.4531722496185,32406
2022-07-19,4123.3154296875,4173.364119403071,4067.1456772009597,4102.881038387991,13908
2022-07-20,4145.97021484375,4229.681612027826,4068.5770227387534,4123.3151982949375,24110
2022-07-21,4240.8857421875,4353.42190833759,4133.23620763533,4146.069279213849,25336
2022-07-22,4504.60546875,4540.932737848237,4264.528136413996,4264.528136413996,85159
2022-07-25,4382.49365234375,4503.420664937986,4358.308249824902,4446.214591481716,19691
2022-07-26,4396.166015625,4449.91655092145,4354.260910053428,4404.408892277091,8832
2022-07-27,4449.66943359375,4466.895555113589,4319.660851063882,4343.500650276196,8077
2022-07-28,4490.3408203125,4498.583696786137,4430.370893446002,4430.370893446002,6739
2022-07-29,4666.5,4707.220324303354,4491.526000417713,4491.526000417713,12938
2022-08-01,4729.677734375,4820.051973639825,4610.033836853819,4610.033836853819,16409
2022-08-02,4776.76513671875,4797.594294771166,4673.163055300843,4738.36473557646,7585
2022-08-03,4815.90576171875,4861.7595035465965,4714.672769327623,4714.672769327623,17061
2022-08-04,4640.2412109375,4911.117632815541,4562.749204067948,4815.905923290371,80561
2022-08-05,4664.03173828125,4750.753297191404,4632.738595661555,4674.199286268371,49547
2022-08-08,4658.89794921875,4671.237439496371,4601.691879487161,4664.031369978776,24476
2022-08-10,4674.44580078125,4748.23595412234,4649.470864762651,4748.23595412234,6605
2022-08-11,4831.35498046875,4856.280751460643,4686.044946475829,4708.453654191893,15611
2022-08-12,4732.19482421875,4880.51550684485,4689.006605484029,4832.045889531152,8539
2022-08-16,4841.96728515625,4872.618389147284,4680.122322315088,4680.122322315088,7741
2022-08-17,4810.77294921875,4930.860783612563,4755.245237691582,4930.860783612563,6044
2022-08-18,4827.70263671875,4864.523486414883,4787.722684405672,4811.414507998607,6370
2022-08-19,4791.72021484375,4869.311029108663,4755.837361339515,4863.7336756900195,4590
2022-08-22,4758.20654296875,4797.594101847073,4727.308168291186,4791.7203113252435,4178
2022-08-23,4775.72900390625,4836.093702339251,4709.836116657599,4758.108112936352,5278
2022-08-24,4876.22119140625,4909.143049461355,4770.7431270098205,4775.728570529885,11479
2022-08-25,4861.4638671875,4961.166962018186,4837.080838320385,4900.604639201424,9948
2022-08-26,4830.07177734375,4933.77315390921,4797.791956539855,4933.77315390921,3428
2022-08-29,4896.75439453125,4923.9504396199545,4739.549280756294,4777.850867634439,6775
2022-08-30,4925.03662109375,4982.8842531932305,4877.75178643978,4935.598936527877,9036
2022-09-01,4844.53369140625,4959.834193076708,4821.286281440964,4925.036825873434,15117
2022-09-02,4864.9677734375,4918.323540284815,4790.881661489554,4868.768433108224,4867
2022-09-05,5220.73974609375,5317.826956127948,4880.86100424174,4880.910169400406,82480
2022-09-06,5267.728515625,5329.672758184001,5152.971253513704,5299.95916853829,23902
2022-09-07,5501.142578125,5537.963425565304,5293.197095261846,5360.274759504385,67319
2022-09-08,5472.1201171875,5597.193397011701,5429.376311034278,5552.771227194147,28913
2022-09-09,5472.21875,5545.860929950569,5430.363292213969,5526.1177440126885,15952
2022-09-12,5788.7021484375,5878.533644942925,5643.342941180095,5726.0666979047155,85806
2022-09-13,5614.517578125,5873.5977243331145,5529.1283002838545,5843.982945891099,60890
2022-09-14,5582.87939453125,5675.129623480959,5510.323186327193,5510.323186327193,30840
2022-09-15,5697.78466796875,5799.5608882135475,5603.116187489378,5660.371426896422,17763
2022-09-16,5697.58740234375,5724.339033190556,5628.782207805766,5724.339033190556,9961
2022-09-19,5555.880859375,5714.665538941692,5528.092419774309,5697.587874806594,16428
2022-09-20,5649.068359375,5701.832217698247,5577.499308858532,5596.157005567795,9523
2022-09-21,5606.47216796875,5696.353307207429,5537.963412177593,5648.525248570444,7633
2022-09-22,5703.51025390625,5824.239638697071,5591.911610266435,5606.077442061131,15819
2022-09-23,5566.04833984375,5727.448879360977,5552.7708549504805,5676.165762838269,11674
2022-09-26,5434.015625,5577.449668811082,5241.864694606132,5577.449668811082,14848
2022-09-27,5391.568359375,5558.645077648074,5335.695044336054,5558.645077648074,8194
2022-09-28,5517.23291015625,5580.460265731658,5332.930089989722,5391.5677335811315,13421
2022-09-29,5401.09423828125,5562.642764489205,5291.321929165923,5562.642764489205,25325
2022-09-30,5365.0625,5460.7672992553935,5325.724107824458,5360.323846434052,13757
2022-10-03,5358.79443359375,5432.386968987483,5320.837964474985,5365.062991754032,10662
2022-10-04,5317.234375,5458.003377466052,5282.289034693587,5387.026725298993,8774
2022-10-06,5310.71923828125,5343.838720936324,5266.692320528425,5317.234585853671,7384
2022-10-07,5437.32275390625,5480.21501959224,5220.4933035097465,5310.917194525129,28822
2022-10-10,5440.92626953125,5475.723635898181,5310.91719302386,5331.647538944585,8347
2022-10-11,5435.25,5597.785684117839,5368.172332027868,5429.376209296299,15677
2022-10-12,5341.96337890625,5462.4459784888995,5297.491563300053,5449.119327958566,5437
2022-10-13,5338.26171875,5379.870388240541,5305.438670922331,5360.275179074977,2925
2022-10-14,5454.3017578125,5513.235359049497,5358.05372896553,5364.963843857107,7273
2022-10-17,5450.69921875,5479.523982856064,5379.031352809461,5454.302254011833,6079
2022-10-18,5376.95751953125,5479.375289758921,5366.691159929974,5477.993363237636,8537
2022-10-19,5470.1953125,5527.1049500448735,5366.197983290575,5366.296795623375,7421
2022-10-20,5478.4873046875,5518.862023504238,5403.8088003240455,5415.506734387574,3439
2022-10-21,5370.73876953125,5493.492119987043,5340.482434596646,5436.680815333665,6811
2022-10-24,5384.4111328125,5424.933828491177,5350.798070089143,5380.018081207701,1191
2022-10-25,5351.88427734375,5454.104432582899,5318.468837809851,5389.692286664485,13313
2022-10-27,5403.611328125,5439.247876129506,5172.714858605918,5355.339333575784,19172
2022-10-28,5325.97119140625,5439.247720615066,5298.7254984361025,5429.3761276556925,7613
2022-10-31,5503.7587890625,5528.092169800505,5311.904279588664,5311.904279588664,16973
2022-11-01,5424.4892578125,5523.402807720586,5415.555659381642,5500.451355099254,7077
2022-11-02,5360.96630859375,5424.440460025711,5330.660324684048,5424.440460025711,5710
2022-11-03,5375.3291015625,5446.108615166282,5315.9019197466005,5315.9019197466005,3260
2022-11-04,5350.84814453125,5402.229596403306,5335.596339618066,5402.229596403306,3040
2022-11-07,5412.05126953125,5477.746522951698,5304.993659099374,5377.648674241819,14648
2022-11-09,5188.50927734375,5330.611051288642,5083.91955677387,5330.611051288642,84078
2022-11-10,5219.25927734375,5231.944370947285,5111.56009964518,5113.485253114517,19799
2022-11-11,5379.62353515625,5507.361854963376,5212.201217818,5222.072811033565,45329
2022-11-14,5281.69677734375,5407.954349555436,5242.802799129994,5406.523257843639,7765
2022-11-15,5305.2900390625,5332.486567014454,5262.398256636811,5271.430667839542,3908
2022-11-16,5287.22509765625,5341.518857994393,5266.593565130029,5330.462481266442,42781
2022-11-17,5255.8828125,5340.531721017044,5241.815792717284,5276.3663676222,3817
2022-11-18,5139.05224609375,5281.301990501875,5113.534083064475,5251.736378143029,34442
2022-11-21,5229.9208984375,5243.790294042452,5092.360151155175,5123.356857319339,9763
2022-11-22,5228.982421875,5281.30186087054,5182.585938237446,5182.585938237446,8475
2022-11-23,5279.2294921875,5365.70474929968,5181.401902333723,5181.401902333723,30985
2022-11-24,5435.5458984375,5998.5723018861,5241.815885712259,5304.006921644438,426188
2022-11-25,5460.17529296875,5575.475297535341,5370.343803578573,5435.54547752372,53926
2022-11-28,5470.68896484375,5559.088888998142,5435.25004171698,5473.798420294301,23348
2022-11-29,5444.578125,5528.091895393394,5430.412293115783,5478.733932041667,12218
2022-11-30,5284.3623046875,5473.798069332087,5251.687236942597,5445.170450935219,28847
2022-12-01,5258.6962890625,5350.2553121462115,5243.790087554416,5350.2553121462115,12508
2022-12-02,5300.0087890625,5319.801139000019,5251.687151508647,5268.419693414327,56780
2022-12-05,5348.9716796875,5429.277182854909,5282.0424738605,5335.595864358455,22732
2022-12-06,5219.99951171875,5377.9946452455815,5090.484502114045,5330.758976830109,120602
2022-12-07,5268.66650390625,5325.2305357187615,5231.943987266556,5276.366153196178,25129
2022-12-08,5241.07568359375,5298.034969856584,5182.586493170822,5243.889184092322,21572
2022-12-09,5240.9765625,5310.916893456434,5192.457780591235,5268.666669339059,31522
2022-12-12,5279.1796875,5300.403611358859,5197.344282139506,5263.878719136636,22801
2022-12-13,5283.57275390625,5303.908332755747,5246.751903250556,5246.751903250556,24733
2022-12-14,5313.0390625,5354.302608368575,5283.276307506285,5283.276307506285,12251
2022-12-15,5286.13916015625,5328.685821752584,5271.381418048659,5328.685821752584,7340
2022-12-16,5272.466796875,5295.369084616038,5231.89493671297,5271.430472451814,5122
2022-12-19,5255.63623046875,5284.11587331149,5222.270438188812,5224.540711824917,41072
2022-12-20,5251.9833984375,5281.302222270354,5210.374730602635,5234.1162008273295,15744
2022-12-21,5196.89990234375,5298.379681039054,5098.776368716015,5279.623655178188,14460
2022-12-22,5133.03076171875,5187.522148163382,5044.5320264211505,5162.843165536534,15464
2022-12-23,4995.61865234375,5119.161547340925,4944.681133998109,5000.011222199857,13302
2022-12-26,5139.8916015625,5198.232811644582,4899.666293417731,4920.693075372098,11089
2022-12-27,5179.08251953125,5210.621972500332,5056.4279666248485,5165.607408391555,5593
2022-12-28,5144.18603515625,5199.170520140778,5098.924683876525,5157.907453318782,4458
2022-12-29,5139.05224609375,5220.098116967087,5077.453605261008,5097.69036989751,9721
2022-12-30,5140.43408203125,5171.48043271868,5113.4848277705105,5113.682452421681,11250
2023-01-02,5246.5048828125,5279.377094654952,5132.290359147343,5140.434423361691,6091
2023-01-03,5204.2548828125,5252.3292535328965,5172.665783887007,5251.687696363252,4068
2023-01-04,5166.2978515625,5231.647985663195,5109.289405794327,5231.647985663195,7281
2023-01-05,5196.50537109375,5259.732731497533,5137.07818838847,5153.020714692121,6642
2023-01-06,5227.9462890625,5311.90399153392,5139.151120595723,5139.151120595723,7457
2023-01-09,5296.60302734375,5356.326162774613,5172.7145397970835,5254.106013862365,11993
2023-01-10,5303.11865234375,5355.339283703299,5246.702593895586,5266.494945356147,5584
2023-01-11,5292.5068359375,5336.534239003823,5265.902698859489,5303.118798866613,2606
2023-01-12,5256.08056640625,5318.962325072615,5244.975024199445,5244.975024199445,6002
2023-01-13,5252.32861328125,5304.993654128579,5212.249852502797,5244.826106798711,6958
2023-01-16,5297.04736328125,5304.993802428617,5236.583859299346,5252.674362248356,2457
2023-01-17,5284.7080078125,5330.660079209286,5251.736502454225,5281.351280672055,3734
2023-01-18,5313.384765625,5348.083317529596,5281.302089381096,5311.1636572696525,2597
2023-01-19,5331.44970703125,5355.339154682493,5287.27432875069,5330.660172402851,2397
2023-01-20,5218.32177734375,5453.018905096047,5187.769003660401,5355.339297817929,20393
2023-01-23,5334.70751953125,5384.855017756655,5192.556584328243,5244.382446121006,10156
2023-01-24,5384.55908203125,5429.277204419201,5317.876183745994,5330.6109240125525,7798
2023-01-25,5383.52197265625,5409.583361679273,5336.582744539062,5336.582744539062,3133
2023-01-27,5357.2646484375,5429.376446435136,5298.676644381415,5331.647670399304,9527
2023-01-30,5213.2373046875,5439.938818159243,5182.586201954771,5366.7902193636655,15885
2023-01-31,5199.466796875,5304.1548468577785,5162.84309078475,5230.95708184864,14128
2023-02-01,5274.44091796875,5362.544879027792,5192.457536925069,5192.457536925069,8704
2023-02-02,5561.6552734375,5725.523710674032,5231.944080443513,5231.944080443513,37668
2023-02-03,5579.86865234375,5694.921873361403,5522.218164913838,5590.97419421848,18372
2023-02-06,5647.736328125,5666.294731304501,5540.086310616979,5579.869122066257,8646
2023-02-07,5707.0146484375,5725.474719975157,5616.936363175676,5676.017943116802,10441
2023-02-08,5696.6494140625,5903.21249336633,5626.807895014729,5768.958831309838,20583
2023-02-09,5892.0576171875,5913.083916439748,5725.17805651589,5725.17805651589,22517
2023-02-10,5957.7041015625,5996.992849566629,5842.008836828858,5854.545952956786,20583
2023-02-13,6027.54541015625,6065.007815697748,5936.627943890468,6016.686658055288,17020
2023-02-14,5851.8310546875,6071.029580306878,5825.424543911368,6066.093783900125,14107
2023-02-15,5944.525390625,5989.09553709396,5797.635796008647,5840.034481201231,17981
2023-02-16,6013.03369140625,6038.453041712625,5945.265306312104,5956.518825191104,27783
2023-02-17,5874.04248046875,6021.671966784289,5837.122335587874,6021.671966784289,13116
2023-02-20,6353.357421875,6411.303867113375,5889.39253867406,5889.39253867406,165062
2023-02-21,6485.0439453125,6563.27631665629,6298.076077897562,6334.600970512328,76813
2023-02-22,6630.40380859375,6700.837725222106,6364.709963666695,6379.418541705459,92359
2023-02-23,6366.83203125,6638.44882257396,6317.819667264825,6618.95242594451,53969
2023-02-24,6029.71728515625,6435.094175687331,5950.596559684163,6376.062239382882,88700
2023-02-27,6285.09521484375,6345.361096625669,5937.763122647067,6071.029626646627,68913
2023-02-28,6429.46728515625,6465.8933666516,6244.6217076134235,6317.819472758815,47517
2023-03-01,6478.87451171875,6542.891889203532,6378.184262367699,6475.469101315175,31404
2023-03-02,6361.60009765625,6511.253543145725,6319.300225473061,6511.253543145725,21440
2023-03-03,6220.43603515625,6419.496601477006,6180.604063024379,6344.472498491883,32635
2023-03-06,6128.28466796875,6383.366523596621,6072.559335101895,6253.160313989698,21896
2023-03-08,5966.2919921875,6169.745620160177,5921.62303389754,6128.284929592701,26539
2023-03-09,6081.5927734375,6115.452146188106,5945.463114065775,5999.658547750072,27298
2023-03-10,6215.84619140625,6276.358864025537,6032.5796807411,6081.542878693496,37811
2023-03-13,6095.7578125,6272.360996005309,6080.901257913058,6246.990809316284,23217
2023-03-14,6002.61962890625,6161.552273044651,5948.621823465862,6127.890045182008,20605
2023-03-15,5997.2392578125,6110.515782208037,5951.780766970728,5977.34809524684,15101
2023-03-16,5868.31640625,6071.029663867762,5807.112529963853,6028.779438848972,34022
2023-03-17,6104.4453125,6215.155134835298,5811.308156974773,5922.955973477095,172926
2023-03-20,6065.60009765625,6405.627298946057,5999.312449480832,6104.4449110969745,28497
2023-03-21,6106.5673828125,6140.081633594173,6080.90124120999,6080.90124120999,7056
2023-03-22,6170.78173828125,6318.806463055033,6106.567220818378,6158.886661927879,13663
2023-03-23,6245.4609375,6311.79775326789,6121.423985818383,6165.796989167777,12575
2023-03-24,6162.8359375,6245.461369447404,6137.268606258321,6245.461369447404,7575
2023-03-27,6066.19287109375,6218.116594975116,6008.83881784625,6209.084183543766,9557
2023-03-28,6136.2314453125,6150.00251051218,6002.471358607138,6042.4021455610045,7143
2023-03-29,6380.70166015625,6544.866056367373,6156.714832889575,6166.93202788663,40152
2023-03-31,6320.830078125,6479.417603148099,6273.446432361712,6384.0082724760505,17026
2023-04-03,6356.5654296875,6443.188656997369,6283.811597535517,6352.468815054606,14474
2023-04-05,6451.234375,6470.829584637223,6318.9058560088915,6337.563071452475,8195
2023-04-06,6444.71875,6515.2514758269535,6396.792358084645,6455.232382308737,16493
2023-04-10,6255.529296875,6454.047116610139,6204.690595971754,6454.047116610139,26784
2023-04-11,6243.3876953125,6307.898650834526,6221.07779912283,6268.461444688983,12061
2023-04-12,6223.8916015625,6288.155770382985,6199.360595796283,6231.936853704129,4646
2023-04-13,6413.82080078125,6441.214471522207,6213.378296506478,6249.754731322753,32163
2023-04-17,6350.248046875,6405.676947327776,6328.678518927165,6393.831035266144,6711
2023-04-18,6250.939453125,6364.068004867498,6228.975158785384,6350.247774721223,18494
2023-04-19,6258.046875,6376.209547542047,6170.831259211668,6274.778935013265,16149
2023-04-20,6203.26025390625,6287.217964680916,6184.553391227185,6287.217964680916,10806
2023-04-21,6146.54736328125,6260.51509693392,6120.091686924002,6203.309022863466,15200
2023-04-24,6232.77587890625,6275.816121038496,6011.800171915583,6140.130881660907,15172
2023-04-25,6141.90771484375,6247.78055278378,6026.607698124804,6214.167970466117,10618
2023-04-26,5982.3828125,6158.294305549499,5952.5704096834415,6119.400326638085,23164
2023-04-27,5987.6640625,6081.937778219363,5977.792469230956,6001.928707578323,8398
2023-04-28,6161.1572265625,6193.338716564086,5992.057029073753,5992.057029073753,23323
2023-05-02,6265.99365234375,6510.957136064216,6219.103585626723,6252.667001803121,42075
2023-05-03,6308.1455078125,6392.794417199049,6239.685914431132,6265.993613190974,25365
2023-05-04,6365.8447265625,6386.920674029773,6293.189705645759,6308.095907485105,10379
2023-05-05,6387.61181640625,6531.391470723,6352.419202076704,6367.177426280151,31472
2023-05-08,6632.97021484375,6690.965824490968,6392.251319931275,6392.251319931275,46905
2023-05-09,6491.36181640625,6732.426305973058,6436.476145913864,6613.96719208497,21346
2023-05-10,6641.80517578125,6673.19664768029,6456.0216088504585,6525.517524873732,51951
2023-05-11,6730.5009765625,6860.756833273582,6622.900617594612,6712.682944785663,33118
2023-05-12,7108.6328125,7263.518007672032,6744.272224573977,6752.169498841628,177523
2023-05-15,7062.28564453125,7176.549334069917,7016.975128840007,7058.189029818316,27678
2023-05-16,7343.42919921875,7378.0289414419585,7042.14797444629,7107.547281025168,48431
2023-05-17,7258.8291015625,7398.46297694496,7206.262868990752,7391.848816849692,36606
2023-05-18,7314.751953125,7431.779982985758,7250.636242707446,7256.608363955659,30345
2023-05-19,7400.83203125,7428.373679119811,7315.88668488859,7334.593546293713,20200
2023-05-22,7387.15966796875,7423.2897939501045,7335.087016048081,7398.758789486625,15062
2023-05-23,7591.30419921875,7746.732624157562,7387.159848324572,7387.900217801235,58266
2023-05-24,7501.32470703125,7704.580710462762,7453.052713672126,7591.304180807943,35568
2023-05-25,7588.88623046875,7604.2363653847715,7502.410975974969,7537.948712176956,20225
2023-05-26,7484.29638671875,7632.715887371718,7453.052890540153,7581.3836025627,13176
2023-05-29,7480.5947265625,7570.969454075787,7412.1847765528955,7491.552291727223,13409
2023-05-30,7407.05126953125,7506.90234002187,7365.294622399381,7487.850357630848,8511
2023-05-31,7424.671875,7482.667483795912,7285.235624065149,7407.050985116754,28836
2023-06-01,7523.63427734375,7678.07553590837,7443.1807978969855,7443.1807978969855,29401
2023-06-02,7493.7236328125,7596.0425946035075,7443.180885454208,7507.3462379150205,10873
2023-06-05,7486.2216796875,7591.699751744353,7425.363402677477,7531.236242068709,6058
2023-06-06,7598.1162109375,7749.101941514272,7465.343280823769,7522.154107558582,37894
2023-06-07,7642.982421875,7724.423067896631,7562.676912698664,7625.805945661809,14025
2023-06-08,7875.0634765625,8090.757788017079,7628.816391344468,7669.240758309503,133203
2023-06-09,7785.97216796875,8031.82399816748,7729.506463356179,7896.287219446833,25774
2023-06-12,7740.7607421875,7881.184157263758,7659.023660233289,7847.867529785208,13163
2023-06-13,7733.751953125,7837.008917578005,7696.7334774854,7837.008917578005,11108
2023-06-14,7863.365234375,7944.01634047909,7701.027179737148,7746.485671846235,27815
2023-06-15,7793.080078125,7936.7117590291955,7764.452457876054,7863.365532425925,12867
2023-06-16,7745.15283203125,7865.0926835211585,7675.064523753196,7814.352793367207,13755
2023-06-19,7810.75,7860.7495222467005,7736.565074853005,7745.153071574038,11211
2023-06-20,7983.6572265625,8062.536029488941,7799.474098776764,7859.428120370009,23591
2023-06-21,7905.22607421875,8046.840335726064,7858.087290813972,7971.3391177612275,15495
2023-06-22,7717.86376953125,8028.362335400021,7669.632108166503,7904.28214090539,21867
2023-06-23,7613.65185546875,7883.816762437882,7532.38841605857,7717.018783532124,26726
2023-06-26,7582.65673828125,7772.651576471455,7503.430132552262,7503.430132552262,19103
2023-06-27,7561.248046875,7757.749695561986,7542.571139837633,7639.48121226436,19740
2023-06-28,7719.94970703125,7738.477210684747,7524.093207878206,7635.308677773529,24956
2023-06-30,7610.62158203125,7830.221126709756,7571.529738214564,7738.874398539713,14877
2023-07-03,7589.0146484375,7728.9403558803115,7560.105532867391,7714.038799924244,12596
2023-07-04,7625.37451171875,7723.973139903369,7589.064581213931,7627.609745103288,14338
2023-07-05,7575.9013671875,7689.103226520295,7554.095230192242,7665.459619067724,7407
2023-07-06,7488.0810546875,7639.48124537763,7465.033606750643,7589.858871942052,17032
2023-07-07,7543.31640625,7620.655577270091,7341.499767439183,7488.528450197099,23431
2023-07-10,7465.927734375,7643.504605739164,7413.523930378024,7599.693935145313,8519
2023-07-11,7221.54248046875,7528.216700529722,7192.484445932352,7465.928001697944,20796
2023-07-12,7093.8359375,7289.840867923027,6938.164162111531,7225.0191022331965,71234
2023-07-13,7121.5029296875,7234.208556390865,7083.1566478399345,7093.836096065862,37188
2023-07-14,6984.16015625,7172.466436285906,6962.1061452354625,7142.6633253932805,24332
2023-07-17,7120.41064453125,7151.703911898412,7014.857956983282,7078.23904733435,19711
2023-07-18,7348.3544921875,7395.145474729404,7120.559568357422,7120.559568357422,25386
2023-07-19,7637.44482421875,7796.494197615101,7332.310722355716,7348.354634169566,69615
2023-07-20,7678.2255859375,7793.215926037153,7599.942454288006,7669.1352487451595,40664
2023-07-21,7550.86669921875,7778.5127034599955,7510.6819762950845,7706.091239132959,35508
2023-07-24,7610.7705078125,7718.9561876328935,7556.131471570552,7569.990112066224,33276
2023-07-25,7796.24560546875,7846.960372816711,7631.5834145087365,7631.5834145087365,56039
2023-07-26,7741.3583984375,7896.731859781561,7699.137322796359,7826.297268256737,18383
2023-07-27,7695.51123046875,7778.214865323875,7585.388635871544,7741.358253556284,37240
2023-07-28,7622.1953125,7695.163458509441,7571.480544672051,7675.294717330744,7517
2023-07-31,7521.95751953125,7695.163365682495,7471.689507940193,7662.28050241308,14043
2023-08-01,7631.98046875,7711.306511846814,7525.334907591311,7573.914365951763,11060
2023-08-02,7693.1767578125,7722.632070258567,7601.780546330223,7601.780546330223,11748
2023-08-03,7711.25732421875,7788.546533286247,7466.225685846806,7688.209390446717,35999
2023-08-04,7865.140625,7979.6837236998235,7761.823171019324,7788.497053028711,34504
2023-08-07,7877.658203125,7977.150829618847,7779.655247173663,7946.503198701776,12175
2023-08-08,8321.326171875,8414.013650198358,7868.021061563323,7877.657594520398,73828
2023-08-09,8226.404296875,8564.421271425821,8169.977263412703,8345.815630776393,33324
2023-08-10,8341.294921875,8474.017718716424,8264.40250902719,8264.40250902719,24147
2023-08-11,8369.111328125,8473.96841291819,8259.534447272128,8444.16530193083,35213
2023-08-14,8398.8642578125,8471.435611493633,8258.44231681316,8413.418498868117,10181
2023-08-16,8218.4560546875,8378.647773138844,8195.855362626922,8374.674025084238,9871
2023-08-17,8230.8251953125,8369.707506855515,8195.856015615193,8255.462241183302,7353
2023-08-18,8389.2783203125,8442.774519116307,8186.020511245284,8255.462151337753,11654
2023-08-21,8509.6328125,8685.074386813389,8390.321404605635,8442.476852463053,26308
2023-08-22,8519.865234375,8583.29579964787,8464.13283580612,8583.29579964787,13505
2023-08-23,8799.41796875,8837.814698010821,8533.624085473517,8533.624085473517,26761
2023-08-24,8772.1982421875,8901.195650466916,8717.409802773125,8901.195650466916,8373
2023-08-25,9276.267578125,9382.41690495784,8702.756585081384,8764.101320577378,65854
2023-08-28,9274.62890625,9432.38650832773,9158.495732514419,9275.721298892193,41573
2023-08-29,9182.2392578125,9298.371461304458,9145.58104436154,9274.727854677312,21632
2023-08-30,9259.529296875,9371.58880681514,9109.867610912888,9199.227471363565,53341
2023-08-31,9444.8046875,9578.67032675183,9189.39144602658,9259.826519230439,28301
2023-09-01,9483.6474609375,9676.076402311883,9365.130620594879,9457.520261807918,23178
2023-09-04,9212.4892578125,9631.372386111494,9139.62103684639,9511.16650073558,22230
2023-09-05,9238.2197265625,9348.193404877446,9189.292950582372,9204.592269610104,12543
2023-09-06,8980.8701171875,9284.414624050667,8921.065010724125,9224.063321221993,30239
2023-09-07,8960.9013671875,9139.522129296372,8916.09774319115,9020.408636008427,16708
2023-09-08,9023.0908203125,9227.638925279554,8960.802123714544,9040.32656493923,22318
2023-09-11,9040.6748046875,9189.292597445381,9020.358823238692,9184.424367899986,15864
2023-09-12,8813.6748046875,9146.575181627035,8767.181173291605,9139.571644254382,18210
2023-09-13,8746.716796875,9013.355698001413,8613.74563138287,8832.55014890365,33226
2023-09-14,8702.9560546875,8916.395623096656,8648.415970976937,8807.81314436854,19515
2023-09-15,8543.2109375,8861.458094340227,8493.886402086204,8803.192625871603,25416
2023-09-18,8465.2763671875,8623.033983828707,8434.430339421191,8618.066798354152,12312
2023-09-20,8614.7880859375,8646.776952329921,8426.382365161684,8464.083494475846,19275
2023-09-21,8665.1552734375,8971.630587816404,8593.23004660459,8652.83626658104,43082
2023-09-22,8553.2451171875,8791.918381731104,8524.68380041069,8732.113273962543,15841
2023-09-25,8665.453125,8770.956328565435,8528.954492964307,8595.216934979617,14502
2023-09-26,8510.12890625,8763.058555953263,8493.886598885401,8708.766834251095,11190
2023-09-27,8386.9931640625,8543.558451815832,8354.805416252459,8523.689711230214,12428
2023-09-28,8440.2412109375,8573.361776175921,8392.556232344634,8392.556232344634,12308
2023-09-29,8465.17578125,8612.949537594259,8400.156104581196,8482.461973414798,13410
2023-10-03,8476.103515625,8503.820796234808,8307.567509156106,8444.214575700451,12581
2023-10-04,8243.44140625,8495.922841870028,8220.69131051365,8446.300468871366,17266
2023-10-05,8238.474609375,8337.37107498471,8201.36915297289,8286.85421822956,8034
2023-10-06,8122.63916015625,8339.904037082693,8075.153063183642,8295.19936982019,16120
2023-10-09,8126.36474609375,8213.191534454234,8069.242114318009,8116.380897527104,9926
2023-10-10,8167.1953125,8223.522416566297,8076.692616030268,8146.183731034828,7111
2023-10-11,8244.2861328125,8327.03924920366,8173.056498718836,8209.764193590903,27651
2023-10-12,8570.083984375,8628.994610097805,8245.527891297696,8285.513734385013,47008
2023-10-13,8778.65625,8840.298827407962,8503.82149097166,8569.38833891607,30116
2023-10-16,8941.4794921875,8984.297210396304,8654.376189687424,8742.245889275644,23011
2023-10-17,8972.42578125,9139.62104613946,8892.85088983234,8941.4798284509,21131
2023-10-18,9069.3349609375,9134.603967513953,8824.949452775207,8972.425373174545,21659
2023-10-19,9031.783203125,9191.27932289577,8960.801933908328,9069.334928506942,17510
2023-10-20,8830.3642578125,9054.284390783012,8792.911486329038,9031.78362329134,11047
2023-10-23,8720.837890625,8871.393085406567,8523.690108934867,8871.393085406567,28482
2023-10-25,8184.3818359375,8720.887332384009,7987.234055062646,8720.83785456111,34373
2023-10-26,8454.099609375,8527.663427084264,7923.6537155666465,8106.495606083375,29831
2023-10-27,8490.7080078125,8587.717528638175,8417.541947527783,8498.556548959765,10461
2023-10-30,8468.0576171875,8563.378098450597,8396.530147872918,8464.083868892245,5881
2023-10-31,8427.6240234375,8549.568416856831,8381.97539863194,8484.945533152855,7042
2023-11-01,8104.85693359375,8523.690101322072,7952.811583334528,8471.932417789154,81049
2023-11-02,8078.6298828125,8200.77315899907,7973.325558220994,8165.902937348934,27251
2023-11-03,8281.5400390625,8419.37943692364,8061.543198859929,8116.331643080158,32619
2023-11-06,8459.5146484375,8469.0512565125,8281.540004352179,8281.540004352179,14224
2023-11-07,8477.9423828125,8513.755594755094,8424.346259454283,8459.51431940062,10833
2023-11-08,8449.9267578125,8518.722270022301,8344.870795123887,8508.490062958945,13629
2023-11-09,8542.1669921875,8563.27752841785,8435.273559148327,8457.62589162752,7822
2023-11-10,8550.611328125,8692.5738653705,8499.151484872673,8533.425061827564,17271
2023-11-13,8821.720703125,8841.589443447354,8680.702124656429,8693.07060953776,11649
2023-11-15,8713.7841796875,8929.410479866387,8691.630726233954,8929.410479866387,17514
2023-11-16,8781.6357421875,8816.7533519845,8742.19609935979,8757.395491389449,7609
2023-11-17,8592.087890625,8836.473412001465,8467.411537239852,8789.63343582968,15586
2023-11-20,8539.0390625,8684.130356028427,8499.10269729591,8603.165232878358,6516
2023-11-21,8476.103515625,8637.934792437109,8364.739614987977,8523.689536412927,7013
2023-11-22,8443.767578125,8542.515607714691,8384.608596572038,8542.515607714691,6351
2023-11-23,8413.4677734375,8516.239029303275,8394.791351107611,8483.952325488477,4075
2023-11-24,8393.5498046875,8568.394729012864,8306.127342524818,8404.477612457835,20964
2023-11-28,8272.748046875,8464.878189524743,8245.527483746826,8405.470848190591,22039
2023-11-29,8355.4013671875,8404.477546121001,8265.396357414507,8326.98945527024,10996
2023-11-30,8530.693359375,8599.191037466826,8295.199302547135,8295.199302547135,14575
2023-12-01,8598.9423828125,8642.901970420673,8476.153956673372,8540.577958586959,13063
2023-12-04,8547.185546875,8686.067860291985,8492.446580230968,8623.034081872498,9372
2023-12-05,8453.056640625,8642.752663316163,8439.24747799696,8642.752663316163,11073
2023-12-06,8420.1240234375,8495.227475882526,8387.588960255176,8495.227475882526,9054
2023-12-07,8448.9833984375,8522.696623058097,8406.464485874532,8416.448334396802,9561
2023-12-08,8406.712890625,8493.837516161226,8384.608915699135,8493.837516161226,5264
2023-12-11,8412.6728515625,8476.004460134178,8369.805657071873,8444.164998404493,5787
2023-12-12,8284.072265625,8454.744548277893,8236.635648851776,8454.744548277893,9993
2023-12-13,8185.47412109375,8316.459379345173,8171.019805923674,8284.072749146993,10100
2023-12-14,8193.9677734375,8314.918734708881,8178.2221841998635,8196.849128954183,7581
2023-12-15,8223.5732421875,8389.72559481952,8195.855959426986,8303.346046161909,27668
2023-12-18,8139.8759765625,8257.846627753912,8128.450965265167,8205.790137608938,16641
2023-12-19,8092.48876953125,8156.11821885228,8081.610439751924,8139.875911069751,11687
2023-12-20,8009.53662109375,8161.13472465342,7993.889987784242,8132.921209859865,11910
2023-12-21,8044.60498046875,8081.610511081879,7932.098233034206,8009.536846160006,24707
2023-12-22,8053.49658203125,8172.0134318147575,8026.9716179264815,8082.504653762885,11031
2023-12-26,8043.01513671875,8131.282114105284,8022.600199723781,8131.282114105284,7227
2023-12-27,7953.20849609375,8121.347713276883,7917.693122301745,8121.347713276883,16948
2023-12-28,7877.90625,7972.3322466287755,7829.277312857493,7972.282768807444,25035
2023-12-29,7795.79833984375,7966.322196912213,7778.6120729724535,7868.021407144551,22218
2024-01-01,7860.52099609375,7895.241329131576,7798.480659744476,7819.591196562255,22294
2024-01-02,7786.51025390625,7849.195744777288,7715.131703621618,7849.195744777288,33309
2024-01-03,7725.91064453125,7872.988809265461,7709.816769906237,7788.695576544611,18776
2024-01-04,7696.15673828125,7906.715912649951,7679.516667884166,7906.715912649951,18524
2024-01-05,7675.2451171875,7778.562569670147,7619.66212059525,7778.562569670147,24296
2024-01-08,7735.794921875,7813.3824530394,7679.268450348959,7748.709603615562,20447
2024-01-09,7725.5126953125,7805.385422174883,7689.202765174296,7796.49396654882,12894
2024-01-10,7691.78564453125,7797.487247494694,7621.698371027512,7768.677573628297,13716
2024-01-11,7711.85302734375,7798.480933141295,7639.531003293829,7707.482001288283,21454
2024-01-12,7964.88134765625,8002.135236092435,7728.940054227081,7776.6250314253975,81483
2024-01-15,7997.3671875,8065.566544423902,7976.40556858928,8046.840158890653,19399
2024-01-16,8002.93017578125,8046.6913698772705,7974.567741387919,8044.853414277539,11281
2024-01-17,7975.26318359375,8017.037017641368,7917.246071637698,8007.102647111453,10559
2024-01-18,7882.2275390625,7984.2042422117665,7745.034267955413,7975.263308594706,10471
2024-01-19,8116.77783203125,8136.2492948804875,7897.824407118422,7981.273117835144,85589
2024-01-23,8104.06201171875,8171.019570515297,8033.478019701911,8101.4789784258055,22641
2024-01-24,8142.6572265625,8168.039348922605,8008.3443446244655,8111.462915422079,19911
2024-01-25,8133.1201171875,8209.813165528105,8081.85866897593,8165.456783842759,12971
2024-01-29,8128.55029296875,8285.612302330894,8106.446318631794,8235.443731363872,10619
2024-01-30,8170.0263671875,8214.632079165038,8118.864358686752,8210.607882956356,10708
2024-01-31,8199.53125,8230.576156587233,8126.314748274004,8210.161220046135,10382
2024-02-01,8208.671875,8224.963661493524,8109.476597586589,8223.67238728267,18008
2024-02-02,8185.275390625,8249.749844970318,8128.3021623321965,8225.063321673335,7343
2024-02-05,8185.8720703125,8240.262750501874,8087.571277108514,8184.92811105479,8011
2024-02-06,8166.25146484375,8263.906133215563,7947.496431535073,8225.6588066388,9203
2024-02-07,8198.240234375,8218.257408681513,8097.604770963187,8130.338230454723,7908
2024-02-08,8185.6728515625,8205.789951625506,7977.448350932067,8205.789951625506,8048
2024-02-09,7986.439453125,8215.52565242895,7947.447048293742,8178.967362439492,12274
2024-02-12,7611.11865234375,8042.717580373313,7450.778006655855,7972.779707832841,47858
2024-02-13,7485.79638671875,7610.671615527371,7422.067498205004,7610.671615527371,11868
2024-02-14,7483.1640625,7568.003490038255,7438.608313538191,7485.796573682169,13135
2024-02-15,7298.63330078125,7550.121800311824,7281.893788984956,7550.121800311824,39452
2024-02-16,7507.205078125,7569.990495160156,7284.228418168564,7351.43433913191,19481
2024-02-19,7411.63671875,7644.498271485968,7393.307610735057,7630.590152473518,8232
2024-02-20,7530.74951171875,7588.865578790255,7387.297299586644,7426.28970356197,26108
2024-02-21,7433.6904296875,7568.052788277584,7392.2643964953795,7500.449592274575,5259
2024-02-22,7385.06201171875,7540.13763015101,7321.630959915005,7408.357819181563,17994
2024-02-23,7400.85791015625,7530.153649512175,7363.40513809102,7530.153649512175,26196
2024-02-26,7498.0654296875,7547.985640478583,7446.853459710544,7450.7777300123535,14899
2024-02-27,7569.7421875,7700.130804201253,7484.753839368454,7509.390884912563,41192
2024-02-28,7608.48583984375,7650.855832081797,7556.330395862448,7584.842232602897,10625
2024-02-29,7529.75634765625,7631.335289083501,7476.458545331032,7599.793661794354,49775
2024-03-01,7546.64453125,7588.716687226495,7493.197812125767,7529.756101442687,10816
2024-03-04,7493.94287109375,7515.351245382706,7450.77783745807,7477.650115494496,10424
2024-03-05,7482.4189453125,7531.39519786813,7442.8798596592915,7509.837904919764,25111
2024-03-06,7596.9619140625,7617.277895429177,7376.269974075692,7482.4188181253685,15201
2024-03-07,7540.8330078125,7664.36700463686,7435.777037528593,7604.462943271607,23892
2024-03-11,7420.18017578125,7540.832813935637,7363.355382736474,7540.832813935637,16703
2024-03-12,7256.16357421875,7440.843422769893,7232.22164456139,7434.833322714081,15277
2024-03-13,6980.1865234375,7255.468025945121,6897.930130045723,7252.090437003496,19660
2024-03-14,6890.97607421875,7301.762293016336,6804.596528980217,6980.186526978943,24799
2024-03-15,6903.890625,6966.477157754155,6852.480258809087,6885.015321470969,24701
2024-03-18,6769.0810546875,6894.4530021579885,6751.000791750901,6859.682706037595,25223
2024-03-19,6586.63671875,6824.912697949198,6547.9426357661605,6803.454360136814,21298
2024-03-20,6946.658203125,7031.249757859145,6599.650827938944,6599.650827938944,47347
2024-03-21,6766.44873046875,7031.0507882690345,6735.50326308217,7003.731269134114,24542
2024-03-22,6796.251953125,6904.387675825754,6775.240855990164,6786.764823083141,43633
2024-03-26,6764.31298828125,6943.131660316883,6736.496750409041,6943.131660316883,33663
2024-03-27,6825.70703125,6894.651949996924,6769.826197661184,6825.409194168199,51898
2024-03-28,6737.98681640625,6894.254270915303,6715.634482699042,6859.881736920234,10520
2024-04-01,6904.88427734375,6934.190670579005,6755.371999991007,6771.4159114756485,7166
2024-04-02,6850.79150390625,6949.092295889503,6838.870259081278,6948.247777365728,19357
2024-04-03,7575.951171875,7773.64515078965,6850.344825677974,6889.436671790256,157232
2024-04-04,7446.2080078125,7628.900985279891,7416.057096166653,7575.950984259291,29252
2024-04-05,7279.55908203125,7502.635668158899,7263.018451755967,7412.0340129327415,29375
2024-04-08,7369.46484375,7527.968013721224,7324.561780816565,7324.561780816565,18513
2024-04-09,7204.107421875,7399.069436776947,7166.207411553745,7369.464722576408,11739
2024-04-10,7147.978515625,7240.368162043205,7127.910893017467,7202.170313122423,9029
2024-04-12,7086.88232421875,7279.658596448634,7074.265479214046,7147.9787049197275,18283
2024-04-15,7124.33447265625,7322.67408571634,6988.929194694535,7054.396600278599,23682
2024-04-16,7143.30908203125,7275.932927723646,7019.626169756319,7053.899747856601,17587
2024-04-18,7044.1142578125,7192.9314176016005,7003.731139110835,7143.309043372547,15239
2024-04-19,7056.4326171875,7103.07467921666,6983.911714868224,7028.318543606722,9497
2024-04-22,7119.86376953125,7232.172117074917,7063.386777231597,7152.647191596026,10413
2024-04-23,7259.392578125,7290.735324117585,7155.429484223233,7155.478962046788,15971
2024-04-24,7214.93603515625,7271.959224959585,7167.648334437624,7271.959224959585,6356
2024-04-25,7197.55078125,7250.948022044139,7159.352933107057,7214.935929415534,5443
2024-04-26,7156.91943359375,7252.090509537555,7132.87806280543,7221.4428793415,4283
2024-04-29,7165.61181640625,7245.0867787711695,7135.013664849751,7245.0867787711695,4579
2024-04-30,7143.70654296875,7227.254697726884,7111.122001042667,7227.254697726884,5073
2024-05-02,7000.353515625,7178.476582167756,6954.108730548357,7162.68103030904,16149
2024-05-03,6807.37841796875,7045.852786087539,6755.3718917573115,7000.353563553141,29935
2024-05-06,6851.53662109375,6883.525488921988,6782.939985133078,6825.458897889218,8833
2024-05-07,6776.73095703125,6865.743015308774,6706.743121584044,6858.292237301337,7917
2024-05-08,6730.486328125,6814.977952588155,6706.693317481433,6810.656404538745,5716
2024-05-09,6698.845703125,6752.4413428006965,6685.831580299567,6730.486771289306,15438
2024-05-10,6700.08740234375,6734.509899815594,6674.704794150619,6714.740599131223,3631
2024-05-13,7072.67578125,7102.777215525985,6659.008682194085,6705.700224497997,90136
2024-05-14,6898.6259765625,7138.838868879591,6835.840558970285,7087.1801406327595,35059
2024-05-15,7126.71875,7253.084140952911,6909.255469607507,6909.255469607507,46316
2024-05-16,6996.578125,7182.54973115689,6938.909299404991,7132.778438909057,16593
2024-05-17,7095.8232421875,7151.7535558935615,6996.77737104575,6996.77737104575,11193
2024-05-21,7075.7060546875,7184.338010252681,7021.6626900071815,7172.615646854981,7328
2024-05-22,7104.068359375,7152.746774926583,7023.550480335146,7144.9981599510875,6860
2024-05-23,7106.3037109375,7168.244609179827,7041.4819422115825,7168.244609179827,16203
2024-05-24,7078.53662109375,7141.8682312665405,7064.330665705267,7126.867720290871,7476
2024-05-27,7125.2783203125,7142.613505783465,7053.50249347287,7137.845201975659,5303
2024-05-28,7091.79931640625,7147.680150598284,7023.599959780998,7139.484294916785,36390
2024-05-29,7021.4140625,7088.521025074437,6969.209140485977,7066.814328904457,9410
2024-05-30,6995.982421875,7060.059110082657,6972.388292496212,7021.414021691429,6140
2024-05-31,6960.7158203125,7056.582499053733,6949.0924123826235,6980.087843477827,7584
2024-06-03,7112.90966796875,7180.06610796554,7008.698220919667,7052.409450079193,72476
2024-06-04,6944.572265625,7148.723580735277,6735.552720876534,7112.909883802522,15718
2024-06-05,6869.9150390625,6960.963932772625,6765.3063117094725,6944.124980741441,16893
2024-06-06,7106.70068359375,7240.317963582556,6844.781108720247,6844.781108720247,15974
