Price,Close,High,Low,Open,Volume
Ticker,CUMMINSIND.NS,CUMMINSIND.NS,CUMMINSIND.NS,CUMMINSIND.NS,CUMMINSIND.NS
Date,,,,,
2014-06-02,536.3984985351562,538.773050205727,519.9405575693565,520.7184313908078,336556
2014-06-03,534.1467895507812,540.4106603773055,531.0353442286238,540.4106603773055,108252
2014-06-04,534.6380615234375,538.6501709858134,528.2104203816547,535.4977956956732,82904
2014-06-05,528.1694946289062,540.4106240630765,524.8533485218668,540.4106240630765,139834
2014-06-06,538.3225708007812,541.2293143090931,525.7539024270233,532.0587017114153,127468
2014-06-09,547.7388305664062,556.0496594325448,530.5439501837228,543.6857416238955,406715
2014-06-10,547.697998046875,555.5994264082843,540.4106226899668,555.5994264082843,248185
2014-06-11,531.281005859375,552.119579633343,529.7662383058669,552.119579633343,207654
2014-06-12,527.4326782226562,543.4402882980346,520.2271622000028,543.4402882980346,233955
2014-06-13,538.6502075195312,543.6040118483529,525.917814933899,532.1816857115698,400896
2014-06-16,528.1286010742188,541.9254290344295,513.8813909153721,539.5918575316437,202040
2014-06-17,542.334716796875,548.5985863175457,527.5553171158725,538.3226078675083,310647
2014-06-18,537.4220581054688,543.1536868807725,530.4212929536579,540.4107131000691,389973
2014-06-19,530.0526733398438,542.6622731205254,523.215680911378,540.0420907013914,543172
2014-06-20,528.7017822265625,536.3166498552956,524.8533932171671,532.2226296273925,193472
2014-06-23,528.2105102539062,532.959614062535,524.0755595023159,528.9474539416829,67302
2014-06-24,531.3218994140625,534.2695736230313,524.4848564940802,524.4848564940802,109969
2014-06-25,526.65478515625,533.819320732524,524.8534062161914,528.128622479631,85450
2014-06-26,521.3734741210938,531.3219632289317,519.940567046556,524.1164476734472,104906
2014-06-27,523.46142578125,532.2226392220724,513.7995478643853,521.3734854225455,170928
2014-06-30,530.257568359375,532.9596621410888,519.9406556548283,523.2158723833627,364643
2014-07-01,544.4228515625,546.5107919666548,529.3568365339229,530.8306738794537,332644
2014-07-02,545.1187744140625,551.873907555506,537.05357483552,550.2362995212167,213529
2014-07-03,562.8868408203125,570.2970073019336,545.1187833614678,547.4523548583,300957
2014-07-04,550.97314453125,577.2567287878576,548.59859331612,569.0686900816469,200142
2014-07-07,545.15966796875,560.471312055122,539.4689704370131,555.1490863014941,224599
2014-07-08,532.42724609375,551.014104972157,521.4143234342853,551.014104972157,273769
2014-07-09,525.0171508789062,542.867068630567,521.5781639783879,542.867068630567,113995
2014-07-10,530.503173828125,533.8602505050778,506.0209122885554,521.3325583028096,323117
2014-07-11,518.9581909179688,532.2228314823926,515.8467443598574,527.5147064346637,121814
2014-07-14,523.5433349609375,526.9004116102341,508.47732029519096,523.9936671979162,120384
2014-07-15,531.3218994140625,536.1528126996407,520.7593085429087,524.0345243199081,147114
2014-07-16,533.2052001953125,540.4106657433912,527.309801119309,527.309801119309,105423
2014-07-17,546.26513671875,548.2711666413809,531.0353515490361,531.0353515490361,83122
2014-07-18,544.750244140625,555.9678679666339,537.6266399609095,546.1422208155299,218780
2014-07-21,541.3932495117188,556.7458254961945,538.7730665485349,543.6858908635671,132543
2014-07-22,537.4630737304688,551.8740070396852,532.5092685530755,537.0946018611644,246062
2014-07-23,529.7661743164062,544.4227855281654,525.7540148297063,537.1354101260627,103850
2014-07-24,530.63671875,535.2379645397525,526.4914431553566,533.0824414711414,177569
2014-07-25,531.1754760742188,542.2018959479688,522.5118423871671,530.1806000897951,119165
2014-07-28,526.118408203125,533.9944325810252,522.3047745344314,530.7197050314248,100117
2014-07-30,519.0714111328125,529.6833575740591,515.6723052455922,522.3047464706159,204278
2014-07-31,519.5274047851562,525.6209396014467,513.8483469222483,514.0141680645063,226203
2014-08-01,502.28302001953125,522.1389000981233,494.5313749528271,516.1696931636383,751269
2014-08-04,519.5274047851562,526.4499947112282,481.390869735209,503.1950090021598,910240
2014-08-05,556.0886840820312,571.9236155610963,526.3670802833627,526.3670802833627,1351858
2014-08-06,561.4775390625,565.3326653298877,547.8395732130323,555.2596261160714,476728
2014-08-07,566.9493408203125,571.1361097848982,552.1507267186817,559.6122230256909,207467
2014-08-08,548.1295776367188,555.4666920599002,532.7920644977513,555.4666920599002,492696
2014-08-11,554.6793212890625,559.6122094033643,548.8344927778181,548.8344927778181,75572
2014-08-12,563.4258422851562,564.1720121376981,555.4669333317527,555.4669333317527,372211
2014-08-13,553.269775390625,564.6692804328507,548.0467395643044,560.1094784159604,88486
2014-08-14,553.8088989257812,559.6122855911711,545.5183465466528,551.4046184952276,128911
2014-08-18,566.9493408203125,569.5608847683699,553.8088370091282,553.8088370091282,410979
2014-08-19,567.6541137695312,575.2814318401378,562.1408763691952,567.3224714441297,531300
2014-08-20,569.5194091796875,577.8514027867997,564.5865212307183,567.6540352108635,224723
2014-08-21,568.3173828125,571.9652462104739,556.3789667841469,566.2447446549052,124768
2014-08-22,561.809326171875,570.6387344712873,549.9537952829025,567.0738069165308,117167
2014-08-25,572.1309204101562,575.364255631977,558.866038435932,558.866038435932,193988
2014-08-26,579.4679565429688,588.048654873762,568.7316850217485,568.8560635025126,265717
2014-08-27,573.208740234375,586.224865364828,568.4416732109961,580.338594150477,386179
2014-08-28,572.711181640625,577.5196905015254,568.5659066568314,570.4727230290762,401102
2014-09-01,570.472900390625,579.4681802630145,562.9285178151524,572.8771808693231,174159
2014-09-02,577.72705078125,586.1419806449748,571.2189882098835,571.2189882098835,908367
2014-09-03,575.6544799804688,586.142048903723,572.9186078357333,586.142048903723,399786
2014-09-04,580.9189453125,596.9196993554768,575.3642657676402,575.3642657676402,412725
2014-09-05,581.4576416015625,587.6755534341942,579.5093828012697,583.198687275597,91810
2014-09-08,584.1936645507812,593.852125577395,582.9500819686975,584.8568984742583,124752
2014-09-09,584.1936645507812,591.7380453081537,581.1675933604423,584.4838135793321,100190
2014-09-10,571.9651489257812,584.0693334667454,567.9027585872543,580.3385854176321,277129
2014-09-11,573.4158935546875,579.5508700072398,569.7265887965683,569.7265887965683,65888
2014-09-12,574.037841796875,586.8881974209683,571.2190338709845,571.2190338709845,148368
2014-09-15,576.8980712890625,583.7377770519709,570.3900078643562,572.048118352334,165920
2014-09-16,569.8925170898438,579.3851578552521,566.5348033292655,576.2762011150941,293190
2014-09-17,570.2239990234375,574.7009161081435,562.9283253977867,569.6851436531023,158124
2014-09-18,578.70068359375,583.7531866745622,569.7648234745637,569.7648234745637,192216
2014-09-19,572.3536376953125,584.5882551380943,565.7979183657984,581.331243042076,178293
2014-09-22,570.0570068359375,586.7177813039098,567.8856995500065,569.6812409006382,124656
2014-09-23,558.2400512695312,570.5999073447174,545.0868152056025,568.3033105716504,216658
2014-09-24,567.5099487304688,568.7208918075828,546.2559786292989,556.3192892252697,190993
2014-09-25,565.9232788085938,572.8130698245506,562.2069570964844,569.7230927502554,190615
2014-09-26,567.96923828125,569.5559982546512,555.8181637621631,560.4531034069217,61341
2014-09-29,561.288330078125,570.1406988773259,555.3589541147468,568.178121614135,53875
2014-09-30,560.4113159179688,563.7100739525451,552.2270909646229,555.6928844007059,193617
2014-10-01,562.9166870117188,566.7165002314297,556.319221996804,556.319221996804,29585
2014-10-07,547.0076293945312,562.6244986266182,538.8651494149943,557.8642693672471,280891
2014-10-08,545.0033569335938,550.8910376286842,541.2035427841244,543.0408306832702,291575
2014-10-09,570.8504638671875,573.6899131373046,544.5439904081277,544.5439904081277,152773
2014-10-10,562.8749389648438,567.0088229691581,556.8620214105724,565.3803170314528,60902
2014-10-13,573.898681640625,576.4875522318433,555.4006176363589,557.9895391996306,79700
2014-10-14,564.5868530273438,577.614847616572,556.1938479486527,572.1029861077309,241887
2014-10-15,564.5868530273438,564.5868530273438,564.5868530273438,564.5868530273438,0
2014-10-16,570.7669677734375,580.4544105610248,556.3192958168246,559.5762571635917,100739
2014-10-17,579.0346069335938,586.467248917811,563.7100648195407,572.8964510610443,142521
2014-10-20,576.821533203125,585.0057577350593,573.1469584473771,584.5881947388174,146122
2014-10-21,576.0699462890625,583.7531162394132,573.7733496228846,574.5667295747014,170729
2014-10-22,591.2274169921875,594.5261746360644,576.0698608545471,576.0698608545471,177300
2014-10-27,594.401123046875,598.5350082803911,564.086049621194,588.4299498237892,180926
2014-10-28,598.4512939453125,602.9609949054467,582.9179701440468,593.7746085564717,121761
2014-10-29,605.8421630859375,610.4771021623919,594.985525154185,599.161155127936,138818
2014-10-30,601.33251953125,614.2769736813059,593.0230048985783,610.4771602381189,97570
2014-10-31,610.7277221679688,615.4879512526646,598.8271749422557,602.9610594361246,115291
2014-11-03,609.9343872070312,618.7450092130417,602.4182515619807,610.7277672750869,125214
2014-11-05,616.36474609375,633.7771541156451,609.8090272550611,613.3165667176911,218633
2014-11-07,666.59765625,708.8550160796872,628.307094381817,648.8929729205628,1118419
2014-11-10,687.3087768554688,693.1546595261714,649.2270472751408,667.2657505559168,355140
2014-11-11,682.1727905273438,693.1547200347896,672.2765658168743,690.5240522145099,314089
2014-11-12,692.7371215820312,700.5873275559896,682.3815372298376,684.8034233842865,226369
2014-11-13,685.8889770507812,702.5914971346773,678.2058076177799,693.1545834816853,748464
2014-11-14,709.02197265625,714.8678546451707,679.792562711646,685.6384447005668,202969
2014-11-17,713.7406616210938,714.0329354163581,704.3036943285858,713.9911892987575,141054
2014-11-18,738.460205078125,743.2621798354892,712.4042622872353,712.4042622872353,210812
2014-11-19,767.1469116210938,798.0465812099975,741.5920701336887,741.5920701336887,397024
2014-11-20,748.0641479492188,767.7313559342165,731.6539009266265,767.7313559342165,196739
2014-11-21,749.525634765625,759.1295844032903,741.5919372388579,753.2837020151462,63114
2014-11-24,727.7289428710938,754.1189086544543,726.5597458797068,754.1189086544543,366961
2014-11-25,721.29833984375,742.3852714445903,710.692229398621,726.5596234745009,89894
2014-11-26,725.3905639648438,732.1968625743458,718.6260624410887,722.3423840566072,132862
2014-11-27,714.5338745117188,726.559710803494,699.8356754635954,725.8080769207385,220684
2014-11-28,719.7533569335938,725.5574931039747,715.3689452251264,715.3689452251264,328047
2014-12-01,734.4932861328125,741.925927609273,720.5884184283483,720.5884184283483,109952
2014-12-02,724.5971069335938,749.8178717960787,718.2501186396064,738.961233606622,159062
2014-12-03,746.352294921875,749.5257642865597,725.0148307123628,728.1047568738364,222198
2014-12-04,765.1007080078125,779.8406513769673,745.7675206502884,745.7675206502884,434524
2014-12-05,749.0245971679688,769.8609519646842,738.2514504100428,767.8149338582697,130613
2014-12-08,763.0130615234375,768.31609242472,746.2687406880573,753.617891914983,84061
2014-12-09,762.8875122070312,764.2236932626939,748.2728089080459,759.9645715472342,101229
2014-12-10,749.1914672851562,764.9336219823651,744.932345340747,762.4699902422669,154763
2014-12-11,745.6004028320312,753.2835714043999,735.7459272807943,750.7781936724563,40432
2014-12-12,730.2760620117188,764.9755428722672,726.5597405009524,743.2622632710893,52157
2014-12-15,734.9110717773438,750.778469917991,723.0940154048276,726.6433018310249,64378
2014-12-16,715.61962890625,735.7461490300547,705.556317872292,733.9088612784742,127527
2014-12-17,722.3005981445312,731.4451883374346,676.4521539855765,717.4568258939057,99496
2014-12-18,735.9549560546875,744.0139441892441,715.703145916445,727.4366587093451,173794
2014-12-19,719.5028686523438,748.1894802678836,708.771518844216,735.9548627284568,92548
2014-12-22,713.990966796875,731.4033230910928,708.6461401360461,719.5027778760684,208084
2014-12-23,711.0680541992188,727.3947575643772,701.5058511527862,720.7137494581602,98266
2014-12-24,719.0018310546875,733.2407209655884,702.3828011587877,709.8571900008543,166052
2014-12-26,726.0169677734375,741.2580214732836,718.3338472339027,718.3338472339027,150799
2014-12-29,728.1045532226562,737.416228134348,721.9246516561723,723.219086709338,203606
2014-12-30,727.060791015625,738.8361000743946,720.7973450179989,724.054357325586,172839
2014-12-31,730.0671997070312,731.4033809919937,723.3861913381214,723.3861913381214,143529
2015-01-01,727.9794311523438,735.7460936835371,722.3840760911006,724.8894543896824,27945
2015-01-02,767.6895141601562,780.0076216759161,730.6099023340689,732.2384080983575,305699
2015-01-05,783.2647094726562,802.2638263045758,780.8428236415269,780.8428236415269,226708
2015-01-06,759.3801879882812,780.8429399547093,753.701340437567,780.8429399547093,91777
2015-01-07,751.6550903320312,767.4807370521615,739.9215810970785,760.2151311968676,73140
2015-01-08,745.9346313476562,767.3555849030067,740.7985855221,755.7891089830807,94791
2015-01-09,732.3638305664062,754.1188548901447,730.7353245059542,745.7675940386481,129845
2015-01-12,727.1026000976562,749.9432798237331,724.8894954198222,734.9110091813865,172364
2015-01-13,733.5328979492188,745.4752404656085,727.2277068759644,727.2277068759644,222029
2015-01-14,734.1594848632812,747.2292314006621,730.9025229877732,732.8233032177492,74009
2015-01-15,741.4249877929688,747.3544140573355,736.5812663042002,736.5812663042002,143693
2015-01-16,741.8843383789062,760.8417132877069,737.1241598229836,742.2601553628101,291702
2015-01-19,745.767578125,761.6349734042553,743.2621999230123,743.2621999230123,172216
2015-01-20,739.1282348632812,753.7846855476503,736.1635478428946,745.7674965668801,238241
2015-01-21,745.2665405273438,749.2751355510699,736.7064981344483,736.7064981344483,78036
2015-01-22,738.7108154296875,754.9540290138318,736.6230000839635,742.4688830519909,142801
2015-01-23,737.416259765625,749.5255867946189,734.9108817596262,741.5918897756229,147616
2015-01-27,749.1914672851562,761.6348642945754,736.7063751448036,737.83377478537,391592
2015-01-28,757.8351440429688,759.9647052754298,745.767562429625,751.6134447778975,283836
2015-01-29,744.9324340820312,763.8898055473627,743.262181987677,763.8898055473627,131943
2015-01-30,744.681884765625,759.547117777863,743.2621603323784,747.4377904466053,177825
2015-02-02,736.1635131835938,747.4377133287763,735.3283872469135,746.9366581555851,241537
2015-02-03,754.3695068359375,768.1073433949562,727.9377924684254,740.7569595991586,477429
2015-02-04,763.4722900390625,771.6565156163406,753.910086009363,754.4111412800333,229686
2015-02-05,753.9100952148438,765.8106422730675,749.9432461954358,764.9755161637185,108030
2015-02-06,751.2793579101562,764.1820652974505,747.4377985522265,752.4903008508236,176826
2015-02-09,743.512939453125,750.7368023831742,743.2624117559349,750.7368023831742,159231
2015-02-10,749.525634765625,759.8394211616024,739.1700512892356,750.5277962265739,118791
2015-02-11,751.0707397460938,756.7913848919846,744.0974562519724,752.4069722709713,72165
2015-02-12,753.5761108398438,759.9648466981627,746.6863196472505,753.8266894790394,314903
2015-02-13,759.7560424804688,767.0633965576372,752.4486884033001,756.6243193045393,1023122
2015-02-16,750.9036254882812,759.1295968808433,747.4378319123814,757.4593447424916,120685
2015-02-18,758.5450439453125,764.1821452504354,749.9850012227184,753.2837595882751,81049
2015-02-19,759.1296997070312,764.1404568008071,749.9433117017757,756.6243211601434,269943
2015-02-20,757.5010375976562,767.4808036171195,754.953913460148,761.5931754377523,65836
2015-02-23,750.8201904296875,763.2218449262392,747.6467211041929,757.5847431474587,204763
2015-02-24,751.5716552734375,759.9646613944284,747.3542791601084,753.2836533821696,629178
2015-02-25,747.6048583984375,757.4593357026955,744.9324448145583,752.6156147536923,186423
2015-02-26,731.7374877929688,749.9432262993672,730.2342710304315,749.9432262993672,303578
2015-02-27,743.01171875,747.312587682404,729.3156300007071,734.0758590765012,328940
2015-03-02,763.096435546875,769.9862255258208,744.9324437841998,745.7675698422538,414567
2015-03-03,763.4722900390625,774.1618939137962,758.628568858392,764.1403807239736,422640
2015-03-04,768.1072387695312,772.0323416763275,761.6350114246399,761.7185036467207,242531
2015-03-05,757.5428466796875,769.1093734693989,753.8265764018162,768.3159934990929,107544
2015-03-09,749.400390625,761.509719158683,747.4378646652585,759.9647562518271,211259
2015-03-10,749.2750854492188,757.8768733768828,747.646579493834,752.4485541736325,242918
2015-03-11,738.0844116210938,753.5342439401555,733.2406906019601,750.7783380992735,66561
2015-03-12,758.6285400390625,764.1403516952574,738.9612803735281,739.0448235635008,267467
2015-03-13,735.9549560546875,762.8877757230717,730.7354173592641,760.7999602449024,647290
2015-03-16,735.0361938476562,751.6134251127121,730.150676001195,738.0843732662737,98314
2015-03-17,734.7438354492188,742.4270047478803,727.3947369352123,739.0865007895096,129284
2015-03-18,721.5073852539062,739.0867838736635,718.6679354129104,734.9111523263547,142567
2015-03-19,728.06298828125,737.6251931677309,725.7246451885177,725.7246451885177,587870
2015-03-20,730.7769775390625,734.910861328444,722.3839716467091,728.2298534981853,145229
2015-03-23,726.2673950195312,734.0758032546374,723.4279460401931,734.0758032546374,661847
2015-03-24,715.5778198242188,733.5748290987887,702.75865383588,727.3948752121823,167682
2015-03-25,722.8851928710938,726.5597684104981,711.5274973399361,722.5094268719747,100476
2015-03-26,696.4952392578125,726.6015280744851,692.4448976437573,721.2984971811892,1192257
2015-03-27,716.078857421875,725.5157717987756,699.9191374178607,707.3517798141733,111618
2015-03-30,718.5006713867188,728.6474732075982,709.857137222302,714.0327674412566,260353
2015-03-31,735.453857421875,741.5920141774271,715.8283930827201,724.8894913355932,127601
2015-04-01,743.1787719726562,752.4069056202517,730.5265905696812,734.0758766627605,358652
2015-04-06,727.7706298828125,750.7783431061722,724.7223993134166,750.7783431061722,78633
2015-04-07,728.188232421875,733.2407352666021,721.5489695562007,732.4056091444306,225536
2015-04-08,741.4666748046875,749.9432249634174,729.6079251653123,734.7439200091695,237076
2015-04-09,729.0650634765625,746.6027110516001,726.6431774702371,746.6027110516001,156979
2015-04-10,734.660400390625,741.5919364490611,726.5596674669856,736.5394340133845,178435
2015-04-13,732.2801513671875,740.9654814284252,729.4824998903684,739.0864480858341,219328
2015-04-15,730.2760620117188,736.4977619380056,726.5597405009524,731.5704973319935,82928
2015-04-16,726.4344482421875,733.2407466322079,722.8016699432527,733.2407466322079,828157
2015-04-17,724.7224731445312,728.564084072728,722.3841300854865,726.5597608952291,104264
2015-04-20,710.06591796875,725.7245312729711,705.681506243568,725.7245312729711,68030
2015-04-21,713.1560668945312,721.716110903169,695.6601618727083,714.0329392571015,98850
2015-04-22,721.4237670898438,724.0544350801699,702.3411532899918,716.4965529591544,401569
2015-04-23,730.7769775390625,736.5811132860085,721.214774887596,723.6366606148825,577051
2015-04-24,713.072265625,734.0757034679922,705.8484568054972,734.0757034679922,190814
2015-04-27,723.1356811523438,725.7245515688904,701.5893878655239,714.0327866414284,44692
2015-04-28,722.9686889648438,728.4805009427603,714.8679554435611,723.1357243824889,47611
2015-04-29,718.54248046875,726.3091426113268,710.40000140578,719.0435357145745,153047
2015-04-30,719.9622802734375,730.4013578262484,704.4289532636783,714.8680308164892,119618
2015-05-04,715.3690795898438,725.8917002498135,709.9825563996377,723.2192862263898,89730
2015-05-05,719.377685546875,722.4676115222898,714.1581471126542,715.3690392517494,71688
2015-05-06,706.8924560546875,723.2191601571274,704.3035347133898,718.6259668766837,65463
2015-05-07,707.0595092773438,714.366862407651,699.0005222933848,703.1761526535604,87318
2015-05-08,716.8305053710938,724.9729852757471,706.5167178806881,709.8572224569562,31634
2015-05-11,716.37109375,723.8037357582002,712.1537175199292,716.6216213629854,31666
2015-05-12,709.8572998046875,723.2193195657169,704.8882885116426,719.7117791840346,297527
2015-05-13,708.8966674804688,715.6194723946984,707.3517048068395,710.1911535266412,24958
2015-05-14,722.5928344726562,729.816695391021,699.9609382891458,709.1055280084436,118068
2015-05-15,713.4482421875,722.5928834992957,707.3518316369874,722.5928834992957,52990
2015-05-18,721.4655151367188,727.4783827537781,713.1977457051782,717.3733765348339,56289
2015-05-19,720.9224853515625,723.1355895355512,718.2500720837394,719.8368317973966,66266
2015-05-20,719.1688232421875,722.3005459510073,714.0327776109034,720.0039492978727,601584
2015-05-21,718.3754272460938,722.3840220294196,710.6922575110243,722.3840220294196,507318
2015-05-22,714.4922485351562,722.3842017428282,711.193489673826,722.3842017428282,48798
2015-05-25,706.4750366210938,715.5361357271923,704.8465302962582,714.0329187242899,42354
2015-05-26,701.213623046875,709.8989035666567,698.457666246164,706.7671808131669,653453
2015-05-27,708.8966674804688,713.1975866647473,699.1257342956014,705.6397067428612,384422
2015-05-28,710.06591796875,713.9492744570163,697.3302458146501,709.6066088395692,191165
2015-05-29,766.9381103515625,780.8429816978934,712.3626346398962,712.3626346398962,571193
2015-06-01,766.311767578125,778.5046404720802,745.7676837995689,758.9626673386773,206170
2015-06-02,750.3607177734375,765.8105489129017,737.7085383704091,765.8105489129017,260628
2015-06-03,747.8971557617188,751.6134770370343,729.0650727259233,750.3607879086393,112443
2015-06-04,752.5320434570312,768.3159457753659,744.9741630978896,755.7890553551154,153406
2015-06-05,745.2665405273438,759.3383947063562,739.0865870938964,754.1188566619078,102595
2015-06-08,762.97119140625,767.6479281913777,740.7986034470274,748.9410829949718,130233
2015-06-09,753.0748901367188,762.4700578817015,747.4377894897292,762.4700578817015,121791
2015-06-10,751.0707397460938,762.1779591636413,745.7677086790251,756.6243494548676,118520
2015-06-11,740.0051879882812,760.7998474568776,736.7899730173768,753.3672050676556,60298
2015-06-12,747.4378051757812,758.6285144912548,682.2144818950716,682.2144818950716,262492
2015-06-15,737.2075805664062,748.1895094054663,732.4056053885453,747.437875510545,38277
2015-06-16,731.9044799804688,741.5919216309729,723.2191487977732,732.4472813218571,45489
2015-06-17,745.1830444335938,753.2837781849828,727.3948678482484,739.0866338067736,117970
2015-06-18,755.6636962890625,759.9646153250488,741.6335905082394,747.4377260614491,103955
2015-06-19,748.2312622070312,764.4744755396142,744.2226669997336,759.755992542532,106315
2015-06-22,748.314697265625,753.2837075263116,742.719342458769,753.2837075263116,243685
2015-06-23,748.2312622070312,758.2945218231591,743.30399767861,754.1188911963796,248899
2015-06-24,751.2376708984375,755.7891183247483,744.1808451793376,751.5717417262969,541894
2015-06-25,751.8223266601562,753.2837974423337,744.0974096686467,753.2837974423337,294884
2015-06-26,756.0396728515625,759.9647758442899,746.6862500313758,751.6135145712757,249336
2015-06-29,751.6550903320312,754.9538479816692,739.9215810970785,754.8703557766828,103948
2015-06-30,748.7322387695312,757.4593160563207,739.9216692678061,755.7890639812241,367715
2015-07-01,776.1663818359375,789.194331361654,744.0975124267023,747.4380175329951,402351
2015-07-02,768.984130859375,787.3569057325107,765.1843171595691,776.6673014552789,191933
2015-07-03,772.5750732421875,784.1833454972601,769.7774214186363,772.4915810276524,73181
2015-07-06,775.1641235351562,776.876121994428,747.4379244128063,767.4809525534848,63290
2015-07-07,807.9844970703125,813.7468875157587,779.339682200628,780.7594067568157,313249
2015-07-08,811.7843627929688,822.0982013144705,797.4619799234642,805.061607489156,180955
2015-07-09,791.0732421875,825.6892311506328,785.8537037724333,812.6194865704841,89553
2015-07-10,793.1610717773438,808.4021242226573,790.0293486721423,793.3698533176905,70302
2015-07-13,805.7714233398438,812.2019047128945,791.699568487096,795.4993821709726,130925
2015-07-14,803.9759521484375,809.2372366816784,797.5872167331813,799.3827583385828,82622
2015-07-15,819.4257202148438,821.8058091549658,800.1342771759753,805.8549214094708,139316
2015-07-16,821.0123901367188,833.706316148429,816.0851770803378,820.928897921477,144106
2015-07-17,809.0283203125,820.9288659274193,802.6395859619879,820.7618305313971,137139
2015-07-20,823.1419067382812,828.4449360915828,809.2370393878465,809.2370393878465,128979
2015-07-21,823.30908203125,828.445128164235,807.7340101545401,828.445128164235,255322
2015-07-22,825.8980102539062,839.3017746698952,818.8411841431166,822.5992517908923,124151
2015-07-23,824.6452026367188,836.7962760921504,821.8474998729426,835.1260240440622,68414
2015-07-24,829.8231201171875,846.3586077083364,818.4236277701385,826.7748892779971,136382
2015-07-27,814.3314208984375,832.6207024545134,810.9074243564017,818.4235590826712,62465
2015-07-28,797.420166015625,820.9289869985558,794.0796614907072,820.9289869985558,181808
2015-07-29,839.9699096679688,846.4003915097657,797.7960371753755,797.7960371753755,214995
2015-07-30,841.613037109375,853.6210328829005,833.0178298481862,846.0370355522529,262564
2015-07-31,841.107421875,848.5649983581687,830.0263390097281,842.6663340200286,263768
2015-08-03,855.6012573242188,859.5617994530098,832.8914403528084,841.8236830838928,267810
2015-08-04,859.2667236328125,863.7328441502589,852.3147275701397,859.5195132031844,194625
2015-08-05,863.4801635742188,881.6818389389026,859.5196728939565,863.7330046238288,117479
2015-08-06,973.7011108398438,1010.1886103148457,856.9918041749208,871.3171342348753,1673427
2015-08-07,1000.4976806640625,1051.3525683240596,972.4368533681967,1002.7728383952808,1239478
2015-08-10,1000.4976806640625,1027.2101596670987,966.2432769980735,998.5595071415191,429100
2015-08-11,974.9649658203125,1010.6097935298288,965.7798820430462,1007.8711278955021,189789
2015-08-12,950.8648071289062,1011.1997021155572,943.7021425722543,968.8978890562109,229181
2015-08-13,970.4566650390625,990.4278152047115,935.3595930685815,959.7969157703733,204764
2015-08-14,1004.2899780273438,1010.2728896174272,975.8078091196495,977.4509676523936,214123
2015-08-17,983.2230834960938,1017.7724019194409,970.962247641505,1017.7724019194409,145126
2015-08-18,979.0941772460938,996.5795062339314,971.5944252037001,994.3042450806347,175568
2015-08-19,994.4303588867188,1002.7727748131111,963.3781300883104,976.2287895974699,357099
2015-08-20,963.9260864257812,994.4305680388344,958.1116678684458,994.4305680388344,479695
2015-08-21,962.2406616210938,981.5377403251892,929.6715887874694,968.2235717351483,201911
2015-08-24,877.7213134765625,945.3874674528103,863.7330716212651,945.3874674528103,231069
2015-08-25,939.6572265625,984.6978047007296,846.8796819756847,885.6423340860144,360739
2015-08-26,927.7755737304688,968.223555146511,911.1329147103264,968.223555146511,206492
2015-08-27,910.4589233398438,951.9602459377604,905.8664323403133,945.4717554286805,190109
2015-08-28,936.075927734375,945.4716784451307,910.4588492071588,910.4588492071588,354126
2015-08-31,926.0903930664062,947.99971992694,913.1133096607181,933.8850574302501,134211
2015-09-01,903.2117919921875,931.0619524693211,873.7184734870065,905.8662112305601,168430
2015-09-02,898.2401123046875,916.8209455923334,891.5409562837211,903.9281098991252,106825
2015-09-03,901.6529541015625,929.8822755617516,897.4817970017685,900.6417956726852,250846
2015-09-04,909.6160278320312,918.5061977728005,890.7403864263066,906.6666960043204,160207
2015-09-07,894.0689697265625,914.2929615017156,869.9265589720651,910.0796298818921,102279
2015-09-08,889.39208984375,913.4502534394695,875.9094292763778,891.5409300174897,138860
2015-09-09,941.7638549804688,947.9996062970196,898.2822936112203,901.4844667605287,149481
2015-09-10,935.5701904296875,945.4715187229087,908.1413632460582,931.1461926816526,200374
2015-09-11,934.3905639648438,942.8172274859489,918.9276569765246,942.8172274859489,141744
2015-09-14,933.9691162109375,947.9995298252577,925.3317871614184,941.2581998353893,224167
2015-09-15,925.2053833007812,941.0897246668823,919.3488939125052,941.0897246668823,77418
2015-09-16,918.0428466796875,926.8065976058812,906.7090250128463,926.8065976058812,205006
2015-09-18,940.8790893554688,977.0715654463245,911.1751025663502,920.191590743757,440382
2015-09-21,942.564453125,950.3591165828763,914.2929569508866,914.2929569508866,127853
2015-09-22,929.1659545898438,955.4150286653371,914.2928748092115,955.4150286653371,89331
2015-09-23,918.2957763671875,933.5059471422173,911.7651112909355,914.2931106752911,731603
2015-09-24,927.5650024414062,940.3314184601364,912.6076744438274,917.663672640192,88563
2015-09-28,922.551025390625,942.9435069144556,916.0624337315666,937.0448433323276,109158
2015-09-29,905.2763061523438,926.5956985010838,901.6528004812363,925.205278749867,172662
2015-09-30,923.0568237304688,942.9437308136821,905.0237416388692,922.7197365871152,254763
2015-10-01,917.2421875,934.5168451423978,910.9643652586966,922.7195179719798,46587
2015-10-05,930.3036499023438,946.8198897805996,916.8209883095561,918.5063210086546,122094
2015-10-06,908.7733154296875,941.0052973379937,905.0656664691107,941.0052973379937,183604
2015-10-07,896.765625,918.33796913466,891.7939750700167,915.472882535723,125539
2015-10-08,884.5048217773438,903.3383955519957,880.5864023804437,897.4397306556675,60283
2015-10-09,897.0606689453125,908.3944922904956,885.6424966579879,889.0131626776185,111535
2015-10-12,896.1756591796875,905.7820760992333,887.3276625446271,898.3244995083055,65787
2015-10-13,871.2747802734375,905.8662730554639,864.6177987909864,905.8662730554639,106405
2015-10-14,885.347412109375,887.4540779627431,873.0023296357294,876.2887489398923,62618
2015-10-15,888.3388671875,904.6023696602341,881.5132900014459,896.5970389552763,133455
2015-10-16,892.6365966796875,901.6530863978438,880.5864255006979,897.4397542184147,295335
2015-10-19,895.2488403320312,903.338417528028,883.9570895400199,891.5410874483708,294673
2015-10-20,905.6134643554688,923.562298343174,884.79964713534,895.3329762679036,556346
2015-10-21,906.3298950195312,913.4082105453222,896.5970568747414,904.1810545362758,152418
2015-10-23,895.6278686523438,916.7367009023537,881.4289618757241,907.5516175336088,334249
2015-10-26,895.2488403320312,934.6013216662083,868.9575858643482,901.6530846595056,370172
2015-10-27,895.3328857421875,922.5931182081139,885.6422239200368,912.607543772978,105637
2015-10-28,893.436767578125,897.4394317101656,889.2234369128191,893.436767578125,573230
2015-10-29,896.091552734375,905.8664633003317,891.541133183024,905.8664633003317,153840
2015-10-30,904.7708740234375,912.5234666349288,885.6423878577723,896.0914718078816,106962
2015-11-02,907.635986328125,918.4642293228294,901.7794958167539,916.821070938935,86002
2015-11-03,901.9478759765625,917.2422902733674,890.9932138051764,913.4502918294261,237043
2015-11-04,912.481201171875,929.2502814600911,897.4396279800471,901.7372056256349,94655
2015-11-05,892.42578125,922.298260274803,885.7265224831414,910.0795989920396,149805
2015-11-06,880.9655151367188,892.8892648419616,836.0092848820674,892.4258600573129,298560
2015-11-09,883.6199340820312,888.6759322967267,850.5031560622308,875.530357511428,91254
2015-11-10,855.053466796875,883.6619966935864,844.7729281085027,883.6619966935864,72669
2015-11-13,852.525634765625,884.7997486439933,844.309637099645,875.5304179439133,97768
2015-11-16,848.9442749023438,855.1378523689658,838.4530679366809,851.9357303356627,65061
2015-11-17,836.0513916015625,854.1265426228232,805.5889842295962,849.4076319073567,557239
2015-11-18,832.5123291015625,842.1608702351592,822.4424547431998,835.9251179357112,138675
2015-11-19,839.2114868164062,842.6242754437841,825.8130705077078,832.512278662057,77066
2015-11-20,849.8290405273438,853.6210392208221,834.408256126986,843.5090427048796,83617
2015-11-23,847.216796875,858.4663724465432,839.295712350191,856.1490399074238,34378
2015-11-24,850.5874633789062,863.7330383159764,838.6637135453419,851.9357090121483,51906
2015-11-26,839.717041015625,858.6770344153757,827.5405016346638,858.6770344153757,219710
2015-11-27,838.2844848632812,846.0370256637865,830.8690311797743,846.0370256637865,133651
2015-11-30,835.4616088867188,846.8797282699734,832.1751893682834,846.0370618736848,101865
2015-12-01,865.4183959960938,878.9010584458867,836.8098613239839,844.1831923512144,99695
2015-12-02,853.7474365234375,873.8028340157084,835.082356222646,859.519680471341,211752
2015-12-03,841.697265625,857.6236802602211,838.5372668031127,849.4076833233141,159913
2015-12-04,838.2844848632812,855.3063556262383,835.5458191925568,836.177818962724,48624
2015-12-07,845.8684692382812,855.3063426156672,837.2732622082999,838.2002260498083,58504
2015-12-08,836.9362182617188,848.5650034545824,827.1191348385162,838.4530073856102,58714
2015-12-09,837.231201171875,841.7816203577138,816.1224178928013,834.2397457035347,55291
2015-12-10,835.3772583007812,840.0962206794793,826.6556822263477,837.2732575719425,129236
2015-12-11,834.8716430664062,840.13830748141,825.8551033014658,835.3772222773388,77238
2015-12-14,862.4268798828125,867.3143343905922,827.1191395032816,827.1191395032816,323092
2015-12-15,855.896240234375,870.0530249298295,841.8237016028083,870.0530249298295,57088
2015-12-16,852.1043090820312,859.5197634211702,843.509101161364,855.6856414296194,133592
2015-12-17,860.6572875976562,863.733040460988,846.837589809645,853.0732901692184,119541
2015-12-18,863.859375,883.0300332580271,855.3062915119726,855.3062915119726,395757
2015-12-21,873.5079345703125,877.2156871542485,863.4381126407294,866.261024394397,126363
2015-12-22,862.468994140625,873.0023233313997,854.4636639556363,873.0023233313997,259081
2015-12-23,863.6065673828125,870.0529853776472,857.0759033279197,867.0194071637668,31948
2015-12-24,867.8200073242188,872.1175855688787,851.093099165996,865.376254090336,25002
2015-12-28,860.994384765625,891.0775337701676,845.4050565364456,867.9463824894483,103039
2015-12-29,864.7020263671875,869.6316035469446,851.9356116143033,857.2022758799703,89865
2015-12-30,861.9212646484375,875.2354342651921,852.9468987853029,873.0023478411449,52655
2015-12-31,868.19921875,876.3730415494008,856.1490482828762,861.2050465995073,27938
2016-01-01,875.3618774414062,882.2717006175197,863.7330402416023,867.9463721452199,34420
2016-01-04,862.4268798828125,884.7996610251365,857.118092203116,875.3618391200193,72287
2016-01-05,854.92724609375,881.0077832985118,851.0931239899539,881.0077832985118,98447
2016-01-06,850.798095703125,867.9463352489701,846.8796766264223,852.8204640715263,62021
2016-01-07,847.0482788085938,889.0130554027619,836.7677384027891,852.3570668624584,124496
2016-01-08,845.0679321289062,861.9212592007876,840.13835453329,861.9212592007876,118495
2016-01-11,830.237060546875,851.0088076282655,823.2850628310549,840.9810570167787,115195
2016-01-12,834.2398681640625,842.6665334990531,828.8467817767552,833.3550785903452,96981
2016-01-13,820.0828247070312,839.2956053872743,809.802285920854,838.4950621438752,146693
2016-01-14,827.7090454101562,838.0317084860274,804.7042636989553,817.3863823342851,94695
2016-01-15,819.2402954101562,839.295745714057,810.4344211249944,827.6669595237513,128338
2016-01-18,812.5831298828125,837.6103301132957,804.746343318106,835.8407513972323,136696
2016-01-19,798.6790771484375,821.5996098850165,796.3196218885545,813.1729472195292,93634
2016-01-20,768.63818359375,801.3757529274993,749.973102108806,796.3197544863164,373411
2016-01-21,757.8096923828125,781.9942222585098,738.1755804940243,778.2022244135063,376875
2016-01-22,768.4275512695312,779.6350046942995,750.8158020075539,758.4419230433973,446743
2016-01-25,760.4220581054688,791.2636228314225,753.9335175785446,771.0396324715139,399094
2016-01-27,770.0285034179688,774.3261326794909,755.0290526145363,758.399718027994,164238
2016-01-28,773.7783203125,777.780985187517,764.2983245558808,770.1969885822216,524349
2016-01-29,778.28662109375,779.9298307644076,758.4839618482254,771.0818340802371,188417
2016-02-01,795.8983764648438,814.7741234885867,779.5085054878215,786.2077133316033,99737
2016-02-02,757.0935668945312,804.4935474824374,735.142119504275,803.0610044493266,730375
2016-02-03,755.7875366210938,769.7757786932938,744.917119173368,748.287784870985,120882
2016-02-04,786.2918090820312,808.1168841914952,749.972916507227,759.242244688777,112050
2016-02-05,815.0267333984375,821.599519266114,780.3088767594068,789.5782046690757,209665
2016-02-08,801.5442504882812,825.9394518532082,776.1799622381743,825.8130313265245,288373
2016-02-09,781.2780151367188,799.6902516756278,776.0955972531646,799.6902516756278,196701
2016-02-10,784.353759765625,793.7916323475054,774.831641129014,781.3623047709387,120624
2016-02-11,781.1344604492188,800.535760031597,762.4956772280877,787.9121998023573,354691
2016-02-12,748.1778564453125,781.5582512193554,731.2335041153535,781.5582512193554,289119
2016-02-15,765.9268798828125,778.1691816509029,753.3033716528812,760.6317711345075,55346
2016-02-16,751.6513061523438,778.9740679759273,745.6360314380224,762.495678797679,63113
2016-02-17,747.7116088867188,756.5650399085071,726.1075679934747,756.5650399085071,74831
2016-02-18,752.2866821289062,766.7317281008412,743.0096414855666,753.1762500349699,110481
2016-02-19,735.5965576171875,755.0825591434707,730.4709023403274,749.7874500330677,64482
2016-02-22,745.127685546875,752.6679409112423,737.1214709656186,741.3152073377096,53568
2016-02-23,745.0005493164062,750.6345653270884,732.3770419413331,746.3984786153102,166420
2016-02-24,727.6749877929688,741.3151661664139,722.6763848456583,741.3151661664139,351200
2016-02-25,712.4675903320312,733.6903790610115,704.8849831163529,733.6903790610115,125268
2016-02-26,705.94384765625,744.7040409119037,691.329348559856,727.4207865138902,274243
2016-02-29,685.6107177734375,712.509871668163,669.3017819475015,705.7321321041377,317307
2016-03-01,699.7591552734375,718.4402868234783,679.7647955103441,693.023767242459,318604
2016-03-02,709.5020751953125,719.2874237989805,701.1993567349286,710.8152515516427,292554
2016-03-03,742.6707153320312,751.9901062699465,702.427890827397,702.427890827397,357457
2016-03-04,741.7386474609375,751.4392945972648,731.1484326199761,749.7872107400682,297605
2016-03-08,733.0123291015625,748.940002061312,730.3012237294695,744.7039160768024,106566
2016-03-09,731.4874877929688,740.3832700545439,722.7187571091041,728.6069280909174,171258
2016-03-10,721.32080078125,753.1761492910989,716.7458068619457,732.8429349120366,140061
2016-03-11,717.93212890625,726.0653962077535,713.7383919467035,721.3209989002185,286977
2016-03-14,713.2298583984375,736.3165296640987,707.0028319704311,721.7020313399645,317214
2016-03-15,714.4584350585938,715.8987150047548,704.1223722632612,711.6626279337207,105374
2016-03-16,717.8896484375,724.836841510136,705.3084906398351,714.4584282845047,105385
2016-03-17,716.6610717773438,730.3012484246956,711.7471705011211,730.3012484246956,240037
2016-03-18,711.2813720703125,721.3209294873672,707.6383475193758,716.7459347517413,223524
2016-03-21,719.7534790039062,724.0319162178943,707.8500857495283,719.9652833383615,295143
2016-03-22,752.4561767578125,762.3685792630652,719.3722949408842,724.3285479035585,348528
2016-03-23,744.87353515625,759.106776880755,740.3832933582278,754.0234725712857,217856
2016-03-28,743.814453125,754.0234114435476,734.9186713045985,743.8568036488032,125121
2016-03-29,719.2452392578125,739.5784573436589,713.8653776132371,730.301416249982,251291
2016-03-30,718.2285766601562,721.7021474409635,709.2904431109661,716.5764923287779,619688
2016-03-31,713.1875610351562,734.5374487811856,708.3584117565238,723.5236231362543,807711
2016-04-01,730.0896606445312,758.1749406849383,711.6626805238251,711.6626805238251,508939
2016-04-04,731.1485595703125,743.645015252424,728.6069075671712,728.7763613760558,123686
2016-04-05,710.2647094726562,728.8611423433699,708.4432230300421,728.8187918140158,182611
2016-04-06,741.0187377929688,749.7874174143034,701.6231277254376,709.9681986363686,309013
2016-04-07,729.3694458007812,743.0096246107582,726.0652774132495,739.1547959653338,96467
2016-04-08,734.32568359375,741.3152271641549,728.1833574258185,728.6069661270551,67789
2016-04-11,745.6783447265625,749.0248117718317,733.732549491028,737.0790682463386,205918
2016-04-12,754.53173828125,768.3414222173659,740.1290435783424,745.6359562588658,437155
2016-04-13,767.7484130859375,778.5927853913817,759.1067853217388,762.4956548990681,460780
2016-04-18,752.4136962890625,774.6955536197044,748.0929085544749,770.9677766529696,179126
2016-04-20,755.8873291015625,765.3337715166585,746.4831855018635,755.8025763406386,294543
2016-04-21,742.96728515625,762.4109341971435,739.6207661928644,760.9283037952678,534171
2016-04-22,742.4165649414062,748.0929316161765,734.1985461773397,747.923477801548,65922
2016-04-25,732.0380859375,748.8129778654235,724.3707798379484,743.0095601378721,73717
2016-04-26,747.203369140625,750.5498880911202,731.4450950467891,736.2318938669963,120077
2016-04-27,752.7950439453125,766.7317811378388,744.0263641489158,745.5513451948045,170866
2016-04-28,736.02001953125,763.1733232910856,725.0485453009777,756.4803377366237,162437
2016-04-29,749.9144897460938,766.7317341706811,737.9263430526665,740.5526962647026,269755
2016-05-02,753.2185668945312,758.2595204169654,746.3984776394933,753.8539799004673,63853
2016-05-03,756.9887084960938,775.1191806203086,752.4561163200618,758.2595345316216,365695
2016-05-04,722.9730834960938,756.9465386477765,716.068291414296,756.1416716244844,285712
2016-05-05,720.7702026367188,733.6902679793105,713.3994009189358,728.6069635822253,202225
2016-05-06,724.24365234375,729.0304505356399,720.9818865843458,724.3707556164698,53608
2016-05-09,732.2923583984375,734.1985975989182,720.5584177817195,723.5236787602452,105433
2016-05-10,746.906982421875,754.8708481934603,726.150152140461,736.147360746085,219353
2016-05-11,737.291015625,758.2596483589487,734.2834038981006,747.0763672254991,260617
2016-05-12,732.8853759765625,745.4241827173984,729.9201151799438,737.9263296728232,276302
2016-05-13,723.6506958007812,737.0790696617516,720.1347232327458,737.0790696617516,106345
2016-05-16,720.3890380859375,732.5466403749837,715.9411461604444,726.9126232520046,327263
2016-05-17,720.1771240234375,723.2271376195671,714.5007572315155,721.0666919310416,109836
2016-05-18,727.5902099609375,737.0790541028908,713.399320126198,723.9471858976095,135039
2016-05-19,727.6326293945312,735.7235967778789,720.9819936157019,728.606950069922,191752
2016-05-20,732.4193725585938,735.3846331762398,722.1256614447484,727.7596773022926,90621
2016-05-23,738.5193481445312,747.2456761980329,736.6554596986276,736.8249135046265,245707
2016-05-24,737.5875244140625,744.7041719977201,730.4709285404566,735.3847796291479,231406
2016-05-25,730.2166137695312,743.7296883774984,726.10757882604,742.1623570517592,192219
2016-05-26,684.2552490234375,716.8307212190058,632.1513716720178,716.8307212190058,3632827
2016-05-27,664.1337890625,684.2552037824756,643.0804041084111,683.7044917482247,2720009
2016-05-30,667.988525390625,672.6058702586213,659.1350938015393,659.1350938015393,267302
2016-05-31,677.7738647460938,681.1627340698242,667.5649062503642,667.9885149158305,605367
2016-06-01,657.525390625,683.7044284581596,653.2046026533346,680.6968170888596,541454
2016-06-02,669.25927734375,671.4620215109339,652.3572828550438,664.2183243614991,387716
2016-06-03,676.88427734375,678.6210624799991,666.7600201894622,668.4544548023961,352675
2016-06-06,677.6044311523438,681.7134663559739,671.0808471675412,676.7572137961367,390713
2016-06-07,677.8163452148438,682.0100821489501,673.749711588761,682.0100821489501,344320
2016-06-08,677.7738647460938,683.7043860626221,673.5377780914307,677.7738647460938,149602
2016-06-09,672.0551147460938,680.5272876392055,667.1836153325544,677.7738314489442,231849
2016-06-10,674.9781494140625,677.9434104743765,665.9129124019498,676.0371712213175,547025
2016-06-13,675.9947509765625,677.7315362193385,666.929514899336,673.5377999530934,172541
2016-06-14,678.0280151367188,693.1932259445256,675.8676212990811,677.7315097568625,390478
2016-06-15,678.0280151367188,684.5515988839329,677.096096762849,681.1627295825273,156533
2016-06-16,677.985595703125,679.4682258717979,670.9113524394719,677.7314408733598,337636
2016-06-17,677.64697265625,683.0268354103724,675.486578131077,679.2143562329876,155719
2016-06-20,677.9009399414062,681.162705846331,670.4030358472976,676.6301139976631,141645
2016-06-21,678.7904663085938,683.7043159823205,675.3592468120281,679.4682297618601,212628
2016-06-22,685.991943359375,688.7877504546353,671.165638767793,678.6211415918364,141317
2016-06-23,689.5501098632812,692.1764625377336,678.8327914422999,690.4820281129166,112794
2016-06-24,678.3670654296875,694.0405892452513,656.5088641802629,677.7740028351961,391224
2016-06-27,682.8995361328125,688.745356544733,676.1217973178525,679.4683161997477,343391
2016-06-28,686.8389892578125,694.0403354040865,682.857058105513,682.857058105513,402978
2016-06-29,704.2494506835938,707.4265158746475,687.9405160361841,687.9828665633892,430007
2016-06-30,719.2030029296875,724.3710093297723,701.1572276450064,711.6627460081974,594336
2016-07-01,714.9242553710938,731.7838993216805,709.544446520298,718.440227640851,111636
2016-07-04,722.2527465820312,726.0652244232267,711.6625303564882,718.3555676950475,508523
2016-07-05,713.060546875,725.2180959062318,711.662617478078,722.2528350000732,325021
2016-07-07,698.6578979492188,715.771649245651,695.5655335411728,713.4418012343986,543058
2016-07-08,693.0662841796875,702.3433263962935,688.7878460315882,702.3433263962935,163789
2016-07-11,698.0225219726562,707.4266155795732,696.116282589358,697.3447066016636,234065
2016-07-12,691.8377075195312,701.4960065546647,688.8724466222591,701.4960065546647,367130
2016-07-13,695.0572509765625,703.995385173297,691.3294733285154,691.3294733285154,302438
2016-07-14,693.5321044921875,699.801533588499,690.4821427053591,692.1765774113845,124968
2016-07-15,692.8543090820312,698.9542840851462,690.566811992108,693.023762886848,188336
2016-07-18,697.4292602539062,701.9195013994267,693.1931739449176,693.8709374123482,182750
2016-07-19,715.0092163085938,716.6188985254518,697.259999419987,697.259999419987,335827
2016-07-20,724.370849609375,727.675018028453,715.8986759297331,715.9410264561225,284845
2016-07-21,749.3638305664062,755.0825483236965,724.370915923434,724.370915923434,615642
2016-07-22,751.6935424804688,758.30182701741,746.0595268035025,757.4122592026363,222406
2016-07-25,756.6498413085938,766.5622952574931,750.0839064407819,751.6936401891672,318434
2016-07-26,754.4471435546875,762.4957093758773,745.1701020819377,751.8207901286349,138043
2016-07-27,747.0762939453125,761.4366392359158,742.5013510054167,754.4470956768656,283345
2016-07-28,757.98974609375,769.3739192169044,745.792406552528,751.6557204147936,252847
2016-07-29,745.193115234375,760.3007157925141,743.0104442022823,759.4447622706537,96930
2016-08-01,721.82568359375,753.2391921704191,711.8966424124453,745.5356095232215,509858
2016-08-02,728.1168823242188,734.9645104808229,717.3318366316131,719.257732050658,205842
2016-08-03,707.2742919921875,729.8714829057506,693.3222618626146,727.6459726945625,306162
2016-08-04,718.2735595703125,726.5334813295116,697.1742802230389,707.2317360764713,752336
2016-08-05,733.2098388671875,750.8425145175443,715.4060142900386,718.4018519145725,1387249
2016-08-08,773.311279296875,795.1808830151076,734.4509655159475,735.2641318729575,676576
2016-08-09,768.9886474609375,781.9990989029394,754.9509891241388,778.9176871915718,806040
2016-08-10,767.3623657226562,774.6379709749067,759.7443581494667,768.6462960612887,206894
2016-08-11,762.1838989257812,767.790384596535,742.1117764160489,760.3007905438932,148497
2016-08-12,772.4981079101562,778.9177597764457,762.6974289456357,767.7903632082107,187993
2016-08-16,771.470947265625,791.7570574566807,764.3665430365577,778.0618002466192,324070
2016-08-17,766.3781127929688,775.4512532215413,761.6703675142548,766.9345035868508,190958
2016-08-18,766.8060913085938,772.8833938457824,763.9814545838594,768.5608381654636,137675
2016-08-19,766.1641235351562,771.2142711804818,763.510688005538,766.0785490638526,114081
2016-08-22,751.8267822265625,769.1170544422799,749.0449331798811,767.7903368840529,88255
2016-08-23,757.9468994140625,763.5961721769872,747.7610308566483,749.8153403576723,95382
2016-08-24,772.1985473632812,785.1662128260147,756.6201816725066,761.7986904114831,272503
2016-08-25,768.2611694335938,783.1975707116655,764.7089932184006,781.0576866386829,278738
2016-08-26,765.8644409179688,774.6379648290156,758.7600368825532,774.6379648290156,178094
2016-08-29,770.7862548828125,774.5952590396591,759.5732830661095,766.0785098502134,85320
2016-08-30,785.0807495117188,797.7060666739301,772.7977824859116,772.9261964391058,468928
2016-08-31,787.8197631835938,799.2467235547819,781.4856852535644,790.0452217842716,177971
2016-09-01,789.2747192382812,793.768475214544,785.7653307065026,793.3833379254697,123984
2016-09-02,790.9011840820312,803.3125121872147,786.1078644697494,789.2748512261148,327330
2016-09-06,789.2747192382812,798.6046334958246,776.3926292216463,798.6046334958246,229006
2016-09-07,792.9982299804688,797.7487620526233,784.5670556020883,791.7998740328702,172946
2016-09-08,800.8300170898438,808.6192247351569,785.7652574521148,793.4688384075278,429986
2016-09-09,799.41796875,810.5881540889503,794.1966198328222,800.8731004889928,178990
2016-09-12,794.8385620117188,798.9899686830164,779.9877866420949,793.4690570285014,414521
2016-09-14,782.17041015625,802.4565214676036,776.991901186365,798.6047301645591,450302
2016-09-15,775.536865234375,785.7655227382821,767.9189083969264,782.2132938678111,297083
2016-09-16,788.67578125,793.811503587873,778.6611122424939,778.6611122424939,198978
2016-09-19,789.3177490234375,795.9085509164771,785.7227329269717,790.0452887929488,205562
2016-09-20,784.4814453125,793.7685206308432,779.4312983624478,791.7570506427305,90304
2016-09-21,770.6150512695312,784.8239130325973,767.7904147075543,784.0535338596653,326222
2016-09-22,776.1359252929688,782.683991217559,767.9615788774933,774.7235809584064,78866
2016-09-23,767.3196411132812,779.7737559657277,763.1682346669568,778.9605895695805,256870
2016-09-26,764.4950561523438,775.7508157861784,762.8259360146714,770.3583180087703,229079
2016-09-27,773.1829223632812,778.0618686217737,763.8102194378313,765.2653510929276,292422
2016-09-28,772.7120971679688,779.1317490414219,766.3352325250199,773.1828611900365,142091
2016-09-29,759.9583129882812,778.0617508610642,749.0449055917152,772.7548285803572,581583
2016-09-30,775.0660400390625,784.0107662452067,758.3749436494858,758.3749436494858,176975
2016-10-03,794.8814086914062,797.492056976153,770.8718660863427,771.2142684568822,263434
2016-10-04,795.4376831054688,800.6590314972459,785.4230153722115,794.9241318343326,162118
2016-10-05,800.01708984375,804.5964209165545,789.959634582293,795.1809308845523,117217
2016-10-06,784.6099243164062,800.0170898229178,781.5284598691455,800.0170898229178,121947
2016-10-07,779.302978515625,786.8781471041706,777.5054445798046,784.609901372444,42450
2016-10-10,771.04296875,784.8238526326993,766.0784484711296,779.3457288636464,263969
2016-10-13,749.3017578125,773.6964339629262,747.846626330314,773.6964339629262,121427
2016-10-14,744.4228515625,754.7370819272568,741.3413872764376,753.0679619693807,108579
2016-10-17,729.443603515625,755.6357604496403,723.7942789119354,744.5939913372938,465207
2016-10-18,736.2056274414062,749.3445457795707,726.362161616624,731.4550956876631,361227
2016-10-19,723.0240478515625,743.2673200270659,716.8183839813469,739.8863449544563,288771
2016-10-20,735.9487915039062,739.3726054232018,720.3704277224612,727.303682254987,190652
2016-10-21,729.05859375,741.5127101449767,721.8257742409556,737.1901542320957,181786
2016-10-24,728.5877075195312,737.8319958589024,727.2181504272007,737.8319958589024,199944
2016-10-25,742.2830200195312,748.7026724316411,727.3466182920362,730.9844213255651,184526
2016-10-26,750.7140502929688,771.2569354851458,740.5710216266348,742.4112904124788,358703
2016-10-27,727.5606079101562,766.0785224465764,716.0480207833955,766.0785224465764,974685
2016-10-28,726.7473754882812,737.7035708461102,724.5219170811439,732.0542981244475,199613
2016-11-01,729.9144287109375,740.399860257943,725.8486491314864,740.399860257943,354242
2016-11-02,720.0709838867188,734.279793102364,712.1962001224551,729.9144505312327,253660
2016-11-03,718.61572265625,726.2337294086328,716.6898273558081,717.7597691893869,336047
2016-11-04,709.0720825195312,725.2067892436371,706.1618189743294,719.8570784938315,161863
2016-11-07,717.8882446289062,721.5260471748297,708.8151057566479,713.7796780845148,178815
2016-11-08,720.0709838867188,726.4478488137738,716.8611578069861,721.1409259132964,116605
2016-11-09,703.2942504882812,712.1533487734359,648.1280341160143,701.025952698851,225505
2016-11-10,706.2045288085938,721.5689068466864,702.0531746190587,702.0531746190587,249040
2016-11-11,689.0855712890625,706.2046466691685,684.8485896838318,704.3215379287025,221195
2016-11-15,673.1218872070312,691.0969116125556,654.8044604869556,690.7545092980042,418789
2016-11-16,685.0625,692.4665201548333,666.7879100131214,692.4665201548333,134408
2016-11-17,666.7022705078125,690.5833442640939,654.8044947387838,678.7711951998111,184529
2016-11-18,676.6312255859375,687.3306440803387,663.3639466528799,669.5696093796327,144029
2016-11-21,652.6646118164062,676.2033355212602,650.5247278432378,676.2033355212602,201101
2016-11-22,660.96728515625,665.9318048724581,647.9139946365777,657.3722701054598,247576
2016-11-23,653.0498046875,669.1417217985703,639.8680984487206,661.0101626593488,240788
2016-11-24,664.3054809570312,676.0320541880612,641.9651158236695,641.9651158236695,208762
2016-11-25,664.8192138671875,669.5697462007836,655.70328654989,664.220035860413,111091
2016-11-28,654.6762084960938,667.4727275796847,651.0812445203605,664.8620790760609,211016
2016-11-29,664.2198486328125,671.024688716296,649.66864060864,654.7187866437412,99989
2016-11-30,675.2189331054688,677.91520766964,663.7919741765226,664.2627381776414,121245
2016-12-01,661.5237426757812,683.6073881453428,660.0258238218602,674.4914610798891,178335
2016-12-02,647.2293701171875,663.4068626755544,643.2491647672302,660.7962145047262,190942
2016-12-05,662.5081176757812,664.2200249565973,642.8211839463976,646.2449985080295,80875
2016-12-06,665.7606201171875,669.9548131535648,650.524658305525,660.7961002787702,333327
2016-12-07,658.2283935546875,670.9821245481777,654.7190042912998,670.9821245481777,114539
2016-12-08,680.0552368164062,683.4790517280055,655.0613775130776,660.4538755501926,100734
2016-12-09,679.8839721679688,691.6533348281457,671.923613690102,678.4716799947063,110949
2016-12-12,663.2783203125,688.1865437215391,660.325270590418,688.1865437215391,141842
2016-12-13,667.1730346679688,674.8338297298262,657.5007695714567,661.7805375117948,158115
2016-12-14,671.7095947265625,674.5342311878784,662.8932830016773,671.0248422879499,51953
2016-12-15,687.1595458984375,691.4393139374702,665.0759532656812,670.8536401183753,155521
2016-12-16,700.1272583007812,711.2974423438096,687.159540349916,687.159540349916,490662
2016-12-19,689.9414672851562,699.3141707195864,685.062520761715,691.7390013955123,103826
2016-12-20,688.5291137695312,697.1742244460818,684.0781444907748,690.9257734601654,66951
2016-12-21,690.7118530273438,693.7076909962705,684.9769527524589,689.0427328531453,71928
2016-12-22,686.0040283203125,692.6376687701289,680.4831171101999,690.7117731556662,238711
2016-12-23,682.8370361328125,692.466514862357,670.083305629265,692.466514862357,185782
2016-12-26,678.2147827148438,687.6731113522785,670.2116378220628,682.1949876681789,72435
2016-12-27,683.2649536132812,688.1866867586322,667.6438005867327,678.7711972631782,64331
2016-12-28,695.0771484375,697.1742453208196,682.1950565017719,684.7629174421801,141147
2016-12-29,692.2525024414062,701.0260272018692,689.0854635426351,695.3767541070717,110494
2016-12-30,700.81201171875,704.4498145276717,689.6418276600074,690.1125916925096,107935
2017-01-02,707.1461791992188,709.3288507134893,698.0730385171803,707.6597305284818,74747
2017-01-03,721.4833374023438,734.3654291169379,706.2901604324013,706.2901604324013,196233
2017-01-04,691.9099731445312,730.941483092955,687.7158324476744,723.3234762403464,287533
2017-01-05,697.4736938476562,701.2399101734152,690.8400541725339,696.660579811117,101255
2017-01-06,692.038330078125,703.165724377464,689.9840210024855,699.099945691167,105312
2017-01-09,689.2566528320312,696.147069027648,679.7127490671978,692.4664789085542,162980
2017-01-10,708.8580322265625,712.1534328635411,688.1011563287971,690.0698392642621,210771
2017-01-11,719.5145874023438,723.280804203192,698.8433389595356,702.3527278814413,228896
2017-01-12,725.0783081054688,726.7046409200277,712.7526070259286,719.0010581540911,122813
2017-01-13,729.700439453125,731.79753620871,712.5813675597966,726.7901763339546,149688
2017-01-16,725.6774291992188,735.0501312781423,720.3277193645889,729.7004214435125,105770
2017-01-17,719.0010986328125,727.9458251299337,715.5772838774182,726.4906934102377,129281
2017-01-18,713.180419921875,723.2806601114676,710.4413584526841,719.000892891873,135626
2017-01-19,712.2388916015625,717.289038185373,707.1887972610082,712.1533171482462,101029
2017-01-20,707.4456176757812,713.0948902771589,704.4497802143593,713.0948902771589,163017
2017-01-23,717.1178588867188,718.9153926504392,700.4267650074639,700.4267650074639,111833
2017-01-24,718.7014770507812,724.1795488661196,712.2389854330795,712.2389854330795,95255
2017-01-25,717.2891235351562,728.4165204396396,712.238976350432,721.6973055138526,242656
2017-01-27,725.12109375,729.272447701702,712.3245773234836,717.2890976220966,134261
2017-01-30,727.7745971679688,736.1201453272015,718.7442965315032,725.1211617274674,355004
2017-01-31,718.102294921875,728.116962654438,715.9196236548034,727.7745603115292,103015
2017-02-01,727.7318115234375,730.12847132062,706.5897456918779,719.0010737506691,149450
2017-02-02,772.7549438476562,786.450202231286,754.9511183975906,754.9511183975906,1914420
2017-02-03,763.2538452148438,776.0503621452216,757.5189455737122,771.2142033467964,436550
2017-02-06,782.298828125,788.3332907488548,765.1797555788794,765.222542811592,620076
2017-02-07,773.8248291015625,784.2674733011273,770.3582275263461,783.1975313184519,256559
2017-02-08,775.6223754882812,781.3144355819645,770.3582399513093,773.7820543510929,187188
2017-02-09,779.796630859375,785.3481736717864,772.0503067117653,779.9257572750843,167909
2017-02-10,768.0051879882812,787.543154345894,761.7220673181598,787.543154345894,133478
2017-02-13,752.1251220703125,775.8375262779142,750.5328429008048,775.8375262779142,147869
2017-02-14,762.1954345703125,769.4683845054305,742.9157213330108,749.7152426516003,243134
2017-02-15,760.9043579101562,767.7469561990504,754.1908860643698,762.5827390048863,147040
2017-02-16,767.0584716796875,769.4684294083432,757.6767886076503,759.9146477745822,97673
2017-02-17,764.9495849609375,772.2225338562213,759.2689677061244,761.9371252733276,94770
2017-02-20,764.6054077148438,769.7266005267924,759.656365991214,764.3472073489339,208119
2017-02-21,778.5917358398438,789.5226719622494,754.0186812810753,769.640458194044,307061
2017-02-22,767.0584716796875,778.0754588200697,763.0131573495485,778.0754588200697,163524
2017-02-23,759.3551025390625,770.2860394296463,755.6971153633289,766.0255497418709,283518
2017-02-27,767.7901000976562,771.0177363453622,760.9475007458913,766.800323168245,174154
2017-02-28,764.2179565429688,774.5463890537882,758.3651360936715,767.7898412664192,284304
2017-03-01,758.62353515625,768.4785410500253,755.9983493605841,767.1874867373245,179214
2017-03-02,753.760498046875,765.0356840269586,746.2293483375856,761.7219991681238,135119
2017-03-03,756.1275024414062,760.0006655159497,750.7481092823183,750.7481092823183,84067
2017-03-06,750.3178100585938,759.9146691356907,748.8976291524824,756.1275550748203,113307
2017-03-07,743.6471557617188,755.1805933110882,741.581448204686,751.1783046192593,114916
2017-03-08,742.22705078125,751.135356427728,739.8170934082164,747.0900426945301,288776
2017-03-09,739.7308959960938,744.8090100628036,735.9007587334884,742.097828261026,161056
2017-03-10,736.3313598632812,740.2475477054297,732.8885481280935,735.9010083963828,239359
2017-03-14,729.1013793945312,747.0470657349787,722.9904100372321,741.0651702881629,400592
2017-03-15,750.6619873046875,752.3403157812706,729.101339584666,729.101339584666,886486
2017-03-16,763.400390625,765.896397328632,752.1682291258259,753.0289319615194,636602
2017-03-17,769.5543823242188,775.4932528878893,756.1704637715702,756.1704637715702,610130
2017-03-20,780.5283813476562,787.5861554307946,769.5544196890561,769.5544196890561,427180
2017-03-21,774.4174194335938,786.6394108859913,767.7469720864303,782.766247910219,276821
2017-03-22,776.91357421875,781.5183141977378,759.6564372586854,770.3291753380785,155870
2017-03-23,781.7333374023438,786.2090025794815,776.43999403839,778.0753504120217,170139
2017-03-24,795.5045166015625,800.3675081517879,783.2395024153875,783.2395024153875,455463
2017-03-27,798.0437622070312,811.3416328989167,792.7073935678083,808.2000462108273,316175
2017-03-28,806.6077270507812,812.5465454179609,794.8160870582511,799.5069282727738,362155
2017-03-29,802.99267578125,818.4423013172766,798.947362175004,807.4683407810727,188606
2017-03-30,809.4049072265625,813.0198168398897,804.068539537331,804.1115641692747,146053
2017-03-31,817.1942138671875,826.0164168104134,809.5769632207222,810.6959187912414,295036
2017-04-03,827.6088256835938,830.0187831883368,809.2328406101526,817.9689431314879,142331
2017-04-05,833.8058471679688,837.4208094765102,819.9054757735422,829.7175088205645,198261
2017-04-06,825.586181640625,837.5068950625323,821.9712191753216,830.5782476483616,105340
2017-04-07,832.1705322265625,842.4559418242744,823.5204790624438,827.1354415508745,377306
2017-04-10,842.8433227539062,850.2023221115076,826.4899675000648,827.565846135186,343193
2017-04-11,844.306396484375,847.7922322117163,838.3245016997073,847.7922322117163,215701
2017-04-12,848.8681030273438,853.1285922259697,829.3731643628183,840.0458996752218,285283
2017-04-13,842.0685424804688,863.2848869874803,830.5781813987222,844.3924504894535,342989
2017-04-17,825.586181640625,840.0459789687056,823.6926248699297,840.0459789687056,91015
2017-04-18,807.640380859375,836.6030485641728,803.853320389865,826.4467669174468,179798
2017-04-19,816.763916015625,823.649538276094,807.0810097118406,808.544214948816,131152
2017-04-20,812.6326904296875,820.2068656889495,809.1468015450123,815.0856727610671,121393
2017-04-21,834.1500244140625,843.316476448044,813.8374096199185,813.9665360353346,234185
2017-04-24,835.8715209960938,847.3618820296641,830.664227180582,840.4762598293215,199887
2017-04-25,833.8058471679688,847.3619164251512,822.2293838671138,843.0153777413791,243152
2017-04-26,870.7299194335938,885.620013308461,834.0209277608989,834.0209277608989,523542
2017-04-27,875.3347778320312,887.3846174482048,856.4853648477643,872.7526693428513,239112
2017-04-28,858.12060546875,875.2486104828305,849.5996275907653,875.2486104828305,225698
2017-05-02,861.8648071289062,874.3019742407703,853.8172562211244,870.1706109269725,178802
2017-05-03,907.697265625,944.0189913768199,886.5239951046864,899.4345387227158,1816244
2017-05-04,912.904296875,931.1081791379313,907.3957788405709,907.3957788405709,299253
2017-05-05,887.3845825195312,910.5804808411375,867.5884182150219,909.7628552115854,211006
2017-05-08,903.7378540039062,916.433219095866,891.0424889119466,905.1149573396146,188182
2017-05-09,917.3800659179688,932.0120136384086,906.8795336980397,908.041461474352,355984
2017-05-10,914.9271240234375,926.1162610058502,910.6236097994326,926.1162610058502,121605
2017-05-11,902.3607177734375,920.6936219608857,899.4343076253308,916.73441061521,99137
2017-05-12,905.6746215820312,927.83772113607,893.3665281526972,906.0189237534065,240925
2017-05-15,917.5523071289062,921.7266949011199,900.9407002447704,919.2306356450106,145671
2017-05-16,901.8013916015625,920.0482496007818,896.8523503210004,917.681316814426,176596
2017-05-17,874.8613891601562,906.2769894587965,869.4389719177369,901.8013768352955,261366
2017-05-18,907.5679931640625,920.9519632546867,845.2531441796035,869.3097970908725,984418
2017-05-19,837.4208374023438,873.6133812622982,802.6484217063353,873.6133812622982,2807183
2017-05-22,801.1422119140625,843.4888031502744,781.3460461258418,843.4888031502744,1380001
2017-05-23,797.1829223632812,808.8024098498553,761.334630697007,792.7072574173826,783589
2017-05-24,787.3709716796875,804.7141554509802,781.5182026947675,800.453665755654,323044
2017-05-25,796.1929931640625,799.463652798456,773.1261721498238,798.3017252089747,574618
2017-05-26,817.6246337890625,823.1331001785563,794.5578093001947,809.0606304389603,314033
2017-05-29,805.6177978515625,823.4773804428231,801.7876599940399,816.8069339328342,204901
2017-05-30,801.7015991210938,817.667624868479,790.1251364518565,800.45356960809,266113
2017-05-31,810.2657470703125,821.4548849912194,801.7447671788285,813.3642565582319,216181
2017-06-01,796.236083984375,813.364089528436,787.5430073211841,813.3210648980491,183427
2017-06-02,811.8150024414062,825.4140980337712,795.5046716451648,798.7323075863812,329563
2017-06-05,802.7775268554688,814.9995173472494,798.904364184117,813.2781117155375,149617
2017-06-06,787.2418212890625,805.1014040318855,784.7457622057296,804.7571019055193,148737
2017-06-07,785.1762084960938,790.8568265358123,780.9157186997373,784.1003298875762,465138
2017-06-08,791.7605590820312,796.4083228720459,780.6144468600111,780.9156718390662,191004
2017-06-09,789.5225830078125,797.8714097763909,784.1431910864507,796.924657811481,130979
2017-06-12,773.0831909179688,791.2009726042393,764.3040126979217,791.2009726042393,281253
2017-06-13,785.8646850585938,793.9122877996916,772.9111183588711,773.7718211632797,162355
2017-06-14,791.6314086914062,797.0108012484286,771.1897169747214,791.8465843936872,1347853
2017-06-15,786.8546142578125,799.2487046959452,779.3664884015512,791.0720270153105,195197
2017-06-16,792.0187377929688,794.6008462279384,784.1002614191025,793.0515916735827,385648
2017-06-19,802.3471069335938,811.2553593037578,793.5679284549076,795.2893339396254,263812
2017-06-20,794.3856811523438,807.3392481344417,791.8465973173629,807.3392481344417,73319
2017-06-21,785.7356567382812,802.5193623978695,781.9915678020317,793.5250070634122,110436
2017-06-22,777.214599609375,793.5679522035922,773.7717885369082,781.5611380817387,110871
2017-06-23,781.43212890625,785.7356431032596,775.6654093756307,775.6654093756307,112408
2017-06-27,783.3257446289062,790.9860220032382,772.9973090858825,790.9860220032382,279070
2017-06-28,785.5204467773438,788.4037802004138,775.6653890182124,775.6653890182124,177886
2017-06-29,781.1740112304688,801.22843288598,776.6122958987412,785.5206033482455,224971
2017-06-30,791.6314086914062,812.5034518126529,768.6506331811808,780.227096470519,309608
2017-07-03,784.9608764648438,791.588297880218,775.5791958534943,787.5429846111098,332443
2017-07-04,786.2090454101562,793.8262447799518,780.7435506775796,780.7435506775796,141367
2017-07-05,786.4241333007812,793.5679558019169,781.647243422699,786.2519822397518,122148
2017-07-06,786.7254638671875,794.8591166612524,778.9361132414006,791.8036319170429,338874
2017-07-07,782.6800537109375,791.8465593514642,780.0549207327568,783.2395315324264,417745
2017-07-10,785.4343872070312,790.1252283175037,782.3358779131572,784.100308275867,44332
2017-07-11,781.561279296875,790.9859868172664,778.0754429627953,784.1003634282151,696292
2017-07-12,784.1002197265625,786.9835529790457,778.2904760567992,780.657408662999,208668
2017-07-13,801.3143920898438,803.8104514887699,784.1003342576238,784.1003342576238,162652
2017-07-14,804.8001708984375,813.8375506158357,797.9145482566104,807.3392547542377,238257
2017-07-17,805.962158203125,809.1897938443702,796.2361741110003,798.1727554957475,69524
2017-07-18,805.1014404296875,809.9213552179446,800.453624179265,804.7571382877558,100557
2017-07-19,831.7831420898438,833.9779235521189,803.121699057703,804.886181686653,339957
2017-07-20,838.7118530273438,840.9066346582598,828.1252191058259,834.8817150650073,525558
2017-07-21,864.7052001953125,869.3099397540223,833.590768962149,838.3246349707106,531469
2017-07-24,884.8026123046875,895.0879702947541,856.8727917112047,865.0064449087655,506088
2017-07-25,865.3507080078125,898.6598678777527,861.6496435483654,881.1876096893434,474959
2017-07-26,860.5735473632812,869.3097005153728,855.0650817709779,865.0061871464848,390956
2017-07-27,833.4323120117188,865.9584177356323,827.4395519262814,860.703878925481,384355
2017-07-28,859.7484741210938,864.872713324328,831.5649729673083,834.6482101759951,359350
2017-07-31,857.8812255859375,871.2998795039184,853.0175314134086,864.8728058378068,189836
2017-08-01,842.9861450195312,862.9621205224614,835.3865891216775,854.6243432557912,242615
2017-08-02,862.2238159179688,878.6388762768061,841.6398673282442,842.4649724909893,876782
2017-08-03,824.4866943359375,868.5207046644864,812.501119213627,867.3482229173081,1144787
2017-08-04,813.4563598632812,819.7097186862288,791.2222540597894,819.7097186862288,466862
2017-08-07,821.7509155273438,827.6568459297737,809.5481567789458,813.4565000907405,210437
2017-08-08,813.1959838867188,828.6122275075409,803.9028010737967,823.3576874670109,400944
2017-08-09,785.4465942382812,812.9352928115047,778.6721440669103,810.3297309755704,297528
2017-08-10,775.5889892578125,794.1753535415698,766.9037822112525,785.1427170090286,399739
2017-08-11,774.7205200195312,791.135583632137,756.5249994461603,772.11495773247,345553
2017-08-14,770.2041625976562,790.3538538698032,759.5213683616954,790.3538538698032,417667
2017-08-16,799.9075317382812,805.0752402923953,770.204114420208,780.4961160972844,259570
2017-08-17,782.9713134765625,803.3815473830508,780.9303112900297,799.907465015989,198242
2017-08-18,780.8002319335938,795.4347868229991,774.0691954514076,780.8002319335938,138896
2017-08-21,765.6009521484375,790.3103752163192,761.692609227657,780.8000635070281,137990
2017-08-22,780.4091796875,788.139034282721,765.1232382305554,765.1666536587844,204015
2017-08-23,764.9495849609375,781.7989072700708,762.1268927655096,781.6686079646253,242557
2017-08-24,774.5902099609375,778.1511768433933,763.0388945838583,766.0353017744919,224506
2017-08-28,777.5431518554688,783.4056665441306,770.3778561248822,773.7651080380053,141986
2017-08-29,783.6228637695312,792.090941266625,773.8520051190383,774.720525887971,238267
2017-08-30,810.1561889648438,812.9354661177341,783.9268502893264,792.2646817479975,325916
2017-08-31,792.6119384765625,814.8460993292277,784.838720925186,812.9353432622363,581772
2017-09-01,790.13671875,805.6397922748588,786.879766075845,791.2223696413851,272657
2017-09-04,788.5299682617188,800.6023742395485,778.1077198150934,790.3104251026245,241598
2017-09-05,780.5394287109375,796.2162140328427,777.3258920746051,786.8796181224494,181040
2017-09-06,781.9724731445312,790.3537178400272,777.4996240200713,779.0629504423125,151318
2017-09-07,795.7822265625,797.9101132410448,780.2356821873341,785.9679515873102,328759
2017-09-08,794.7399291992188,803.29489068907,789.5722199557534,799.0391176626159,334706
2017-09-11,792.22119140625,799.6036174838887,790.0064211747205,797.3020163849765,303597
2017-09-12,803.2078857421875,805.1186417724008,793.0027681145438,796.9979949068613,275414
2017-09-13,808.4625854492188,820.5784615106061,803.3817598478163,806.8558431336447,392440
2017-09-14,821.2730712890625,825.1379986229256,808.5058606731313,808.5058606731313,389845
2017-09-15,815.1500854492188,825.0946579816888,809.635000255249,821.6205752112396,244407
2017-09-18,819.6229858398438,827.4396720506523,817.3213848069872,819.8835314448115,138080
2017-09-19,810.67724609375,824.2261478682881,808.6796060668644,819.8835443494878,194696
2017-09-20,805.0752563476562,816.5397399459307,800.7760683720163,810.6772253455933,152886
2017-09-21,797.0848999023438,808.8533451909698,793.1765566176142,801.7314646034029,128084
2017-09-22,776.848388671875,801.9920747673902,772.7663305803768,793.8279585843939,228607
2017-09-25,778.1077880859375,787.1837878296272,760.0425134518432,776.848422352748,451353
2017-09-26,795.3912353515625,805.5529380017298,777.1523009062404,777.326015645874,351068
2017-09-27,788.182373046875,810.8507374477452,785.1425512224517,798.1703590414083,239242
2017-09-28,776.6312255859375,792.3514291539148,768.7276553584294,789.48532142736,144142
2017-09-29,802.817138671875,808.5928228966856,779.0631172269892,779.0631172269892,270483
2017-10-03,807.3333129882812,821.967916901924,798.1270158339901,810.3297196598211,447689
2017-10-04,803.0343017578125,808.419141261413,799.0391273253068,806.8558144404457,166010
2017-10-05,798.90869140625,809.3744075514578,795.5649081383882,808.5927177694754,108980
2017-10-06,790.9182739257812,806.4647602371263,788.6600886500246,806.4647602371263,146702
2017-10-09,789.094482421875,802.2091769815192,786.8797652079519,794.6964516173024,170481
2017-10-10,787.6179809570312,794.6964459143765,783.4056767374509,786.0112388552029,358594
2017-10-11,773.461181640625,792.655522973013,769.6831373950174,789.3116861136236,162726
2017-10-12,780.105224609375,783.4055923342237,764.2981388626572,771.7239794961396,378787
2017-10-13,787.4877319335938,802.4262986257627,782.5371533249283,790.3538396511484,379474
2017-10-16,780.4091796875,793.3935733454025,777.3259421391738,785.3163423140592,170662
2017-10-17,775.7627563476562,783.2320137075891,772.8966484309519,781.6686869357776,175763
2017-10-18,772.1583251953125,777.760294366511,768.6842423617379,772.1149097619522,178478
2017-10-19,774.373046875,779.9316006449628,768.6408313705925,777.3260385047236,26358
2017-10-23,780.105224609375,783.3187614771058,770.7686280266777,774.3729567617303,265688
2017-10-24,777.5866088867188,789.3116388912965,775.3718915990249,786.011270677253,183690
2017-10-25,798.0401611328125,803.381584221211,774.8507026775801,781.6685684314485,313454
2017-10-26,788.356201171875,805.900328827487,784.1438442315538,800.2983600573383,331589
2017-10-27,792.0908203125,810.4600529745221,756.7854352424804,775.5889282226562,1200329
2017-10-30,791.9171752929688,802.2091775453592,787.835117340935,787.835117340935,264074
2017-10-31,786.1416625976562,794.6965717009156,781.7121744901892,792.0910091707486,435092
2017-11-01,777.3260498046875,789.48533996923,774.5033574450615,786.011257065075,191956
2017-11-02,779.1065063476562,789.3116248741143,775.0244483350134,784.2742152673691,411773
2017-11-03,785.5770263671875,788.5300181513501,779.0631206759173,780.8001621935894,317017
2017-11-06,783.9268188476562,787.7483314058954,779.5407996001024,782.5372068320968,321624
2017-11-07,770.6818237304688,792.090880239301,768.640821284848,788.616797431234,299440
2017-11-08,764.2114868164062,776.0667641426343,761.2584948393768,769.509442587208,217832
2017-11-09,759.8253173828125,767.3380426833786,748.6648475303592,766.9037823309828,464858
2017-11-10,757.7842407226562,763.299325453885,755.2220942923666,759.9121268430762,637026
2017-11-13,746.667236328125,762.517738677201,744.4090507626274,759.8687612154419,279911
2017-11-14,735.3330688476562,746.4935385928313,732.2932464101054,742.9326249415333,312248
2017-11-15,740.1967163085938,750.401833840569,730.425859097128,730.425859097128,339063
2017-11-16,738.63330078125,746.927661301788,735.680309753384,736.9396751332176,655309
2017-11-17,743.54052734375,746.9277791743564,738.720248208114,743.8879568172514,532990
2017-11-20,743.1931762695312,748.7082615302816,741.9338106479348,746.9278046909266,224948
2017-11-21,738.2860107421875,746.9278023128666,736.1581244242368,744.3222402117752,260946
2017-11-22,753.528564453125,755.6130354100999,737.0701390211093,742.4983935858371,339137
2017-11-23,744.4959106445312,753.8759230481406,742.585154615392,750.4018404534487,183911
2017-11-24,748.6649169921875,753.7892108300135,744.3223130653187,747.7095653323971,178370
2017-11-27,747.362060546875,753.0074450832547,740.8915707454267,740.8915707454267,110343
2017-11-28,750.4451904296875,753.7890264416038,743.8444552796091,747.3619529978783,115615
2017-11-29,752.2692260742188,757.9146106284595,750.4018853636974,750.749314848077,278068
2017-11-30,753.5719604492188,757.3065886286432,744.6696238189389,750.7492683469349,140342
2017-12-01,732.6406860351562,763.3429271070894,728.7323425642684,752.9640932878937,341889
2017-12-04,746.0159301757812,749.0123374511395,730.5996864218566,733.9000547642986,163785
2017-12-05,755.4826049804688,759.4778314529055,739.1544286856246,745.7986323238521,368478
2017-12-06,746.4066162109375,760.8240368000647,740.283503643527,751.0531801630776,296453
2017-12-07,753.0508422851562,757.3500302377622,747.058081420874,747.058081420874,44801
2017-12-08,745.2341918945312,759.0002770887071,743.2800202779385,759.0002770887071,191947
2017-12-11,744.7999267578125,751.1835858039129,740.1533621478386,746.2764225718267,71775
2017-12-12,738.459716796875,746.9277935258012,737.287235069296,741.7600848173716,32325
2017-12-13,735.0289916992188,739.8927389879499,726.0832398958615,739.8927389879499,133542
2017-12-14,733.2486572265625,739.1111724013085,728.7757540743027,735.0291141960919,214424
2017-12-15,732.0761108398438,743.0628657626872,730.6430304971574,733.8999830848119,151812
2017-12-18,738.9373168945312,741.716593420413,717.3980165869568,732.0760359512662,221049
2017-12-19,743.323486328125,746.0159325449501,740.1100018591454,742.3247192400345,129964
2017-12-20,756.9156494140625,762.1267726458289,748.4475741624422,755.178608336807,214120
2017-12-21,765.4273071289062,782.5371760757974,755.6130335027123,759.0871164153684,491170
2017-12-22,761.8229370117188,776.1969436890483,758.2185549792342,762.2137289101727,132377
2017-12-26,803.9462280273438,828.5687693073583,764.254820405005,764.254820405005,2272503
2017-12-27,798.648193359375,813.3696297209322,790.6143769419499,799.907558967409,398475
2017-12-28,793.0028076171875,807.2031527445247,784.1438859523865,802.8605492823964,533797
2017-12-29,783.31884765625,803.1211091942378,780.8001163992304,799.5601424856826,340311
2018-01-01,793.0028076171875,805.5963576573595,786.7929164725217,786.7929164725217,339746
2018-01-02,801.03662109375,804.2501582460363,787.9219798901847,793.4804804952108,338319
2018-01-03,808.8966674804688,815.410572204938,804.2066878850263,804.2501033144644,414585
2018-01-04,845.0272216796875,854.6243647673429,808.592767884549,815.8883629342424,1030993
2018-01-05,831.3479614257812,850.2817006439872,825.5288625762103,850.2817006439872,275586
2018-01-08,831.6519775390625,836.776270823002,827.5699196869764,832.4770827980421,270149
2018-01-09,811.4588623046875,833.6930235622324,809.2875606004524,830.3057716995074,269509
2018-01-10,803.72900390625,815.9317080296779,794.6963682434103,811.1982600430002,363308
2018-01-11,813.5433349609375,817.2779632984996,799.2561591131182,803.4250477924967,342355
2018-01-12,818.0596923828125,822.3154121307005,812.3274237895231,819.015043976545,419434
2018-01-15,812.8919067382812,820.7520079584704,808.1584586300071,818.0596151682265,347522
2018-01-16,812.8485107421875,821.0559886097665,803.5119136030335,812.9787570356269,226349
2018-01-17,810.02587890625,816.4529004930863,790.5709933773275,811.1983606859916,198038
2018-01-18,787.053466796875,815.975195425987,781.7120433023149,811.1983315890067,692992
2018-01-19,784.53466796875,791.3091182244934,775.588916156019,789.4852461207405,200329
2018-01-22,793.5673828125,798.9956372464666,784.2742006194899,784.5347462302608,364007
2018-01-23,790.5275268554688,801.9920103366147,786.3586382287688,798.1704981728011,308058
2018-01-24,791.5262451171875,799.8206594389212,786.0545758181934,788.6167222469351,282385
2018-01-25,791.3092041015625,803.3816632726983,787.3140300072444,787.3140300072444,486695
2018-01-29,779.23681640625,799.8641839250301,775.5890187061323,791.3092228531672,122578
2018-01-30,789.6590576171875,797.7362897969588,776.9352077298614,781.9292019229289,301583
2018-01-31,785.0558471679688,802.86052072949,781.7120108148724,790.3538019992305,212326
2018-02-01,784.3175659179688,789.3984435495613,769.6830141035796,783.7964747297359,411736
2018-02-02,720.177490234375,772.2453251296793,694.0349811767054,772.2453251296793,1849800
2018-02-05,700.8963012695312,715.4006095558562,683.9167298519894,705.2389053666163,821469
2018-02-06,703.3280639648438,709.2339942210887,660.9442637014242,677.4461572760985,252213
2018-02-07,710.8407592773438,716.8335201473955,706.1507264135683,711.3184350480276,124798
2018-02-08,729.2098999023438,731.2943706189137,707.8443136038179,712.1869167547616,156840
2018-02-09,716.0518188476562,726.3871821753562,707.8442885804627,716.529494575315,150859
2018-02-12,733.9000244140625,737.9820824891946,719.1351718518861,719.1351718518861,117316
2018-02-14,729.9482421875,739.1111250868106,728.6888765544466,734.5079759204093,135968
2018-02-15,735.7583618164062,746.898273210694,729.5986567697803,733.4867149415313,310692
2018-02-16,742.5735473632812,749.1701129085517,730.035651972744,735.7584988145995,137030
2018-02-19,737.5933837890625,745.8063080912247,729.5988358481347,744.4083794139599,58054
2018-02-20,742.6610107421875,753.5388209179832,731.914279722843,737.0691888596906,185077
2018-02-21,736.4136962890625,747.9031171415921,732.1761824353438,747.9031171415921,67869
2018-02-22,713.7844848632812,733.1373215900239,709.6779964099868,732.2199276433709,262378
2018-02-23,716.71142578125,726.8902697803267,711.5565175424604,713.828164789716,190266
2018-02-26,717.1481323242188,728.8559815256831,713.4348287085921,713.4348287085921,93228
2018-02-27,706.3578491210938,725.1427999860762,700.8097037295549,717.7598667713049,194326
2018-02-28,695.436279296875,708.0177942169767,692.3782644213053,708.0177942169767,538592
2018-03-01,702.5571899414062,708.7606247485792,693.8637314815015,696.572238138222,444246
2018-03-05,696.703125,705.8771688782598,693.12084729863,701.5959270707214,208916
2018-03-06,687.4418334960938,703.0377436297451,684.1217132416581,698.9312552474579,134102
2018-03-07,680.27734375,693.601553636316,670.8411926599564,691.810441005634,123864
2018-03-08,684.47119140625,690.0629586035931,676.6950743212469,679.3162301933756,557151
2018-03-09,678.6610107421875,688.4903462695123,676.2582842799525,688.4903462695123,85237
2018-03-12,678.1804809570312,684.471266404943,673.7682120876651,682.3743201464529,107217
2018-03-13,676.0397338867188,685.8690676589005,671.2342818203188,677.9182501164219,257696
2018-03-14,679.010498046875,685.8691683998509,660.2692215696735,672.5886337092725,458963
2018-03-15,684.1216430664062,690.2376730810485,675.8649918811293,685.8690802134469,189472
2018-03-16,668.962646484375,688.9270945385235,666.8220253158602,687.5291661532953,263162
2018-03-19,659.78857421875,673.724342214938,652.7114220760378,671.0595113439215,231290
2018-03-20,650.658203125,664.5066205619185,645.197462285908,655.2889006910406,376615
2018-03-21,648.9982299804688,659.1770740141377,644.6733118146914,650.9204217572094,205736
2018-03-22,640.39208984375,653.017334896498,635.6739878420655,653.017334896498,497158
2018-03-23,641.0473022460938,643.9305627571086,624.31557090585,633.44594029702,323008
2018-03-26,643.624755859375,645.85272737407,636.5912792559103,643.0568175020304,103186
2018-03-27,621.912841796875,655.5073300925877,616.408425698528,646.5517151196467,1216365
2018-03-28,611.8214721679688,632.8780698719322,594.696608308712,620.3402288314999,1554797
2018-04-02,625.5387573242188,628.465692905425,612.5203306224145,616.408388529534,247079
2018-04-03,646.7265625,651.269910195421,621.6508263040245,623.8351229530197,361916
2018-04-04,642.4889526367188,659.1333346665241,639.5183413865095,650.0466398748869,428216
2018-04-05,650.0904541015625,655.0269865890072,637.8147157851821,643.7996681570728,372017
2018-04-06,671.5838012695312,673.6370185813989,645.8527786750691,651.3571950096407,682950
2018-04-09,655.5947875976562,676.8698693675134,652.143641487437,665.7736315101661,271035
2018-04-10,660.53125,666.6472800925926,656.7305954877662,662.2786871693122,145219
2018-04-11,665.29296875,669.3557278166978,656.1625996735868,663.0649972195469,198592
2018-04-12,652.5366821289062,668.8315545271114,650.0466055756641,665.7735395815268,146912
2018-04-13,638.9942016601562,656.0754462904529,636.0672651091539,655.2890780657492,382922
2018-04-16,633.4896850585938,638.7319968637722,628.2036979872162,638.6883215975731,500405
2018-04-17,633.2275390625,637.377702305752,623.4855555920569,635.1934058619352,435048
2018-04-18,638.1641845703125,644.8917761592816,631.6986446084417,632.5723633423398,446868
2018-04-19,643.6685180664062,645.3722800410409,629.4705904903718,638.1641014255157,588096
2018-04-20,657.4732666015625,662.890332752694,638.8630705180854,648.2118704894255,620878
2018-04-23,642.6637573242188,657.9101587876645,639.5620667099208,657.9101587876645,796666
2018-04-24,647.7313842773438,659.3955617717853,642.6638261123056,643.9307289854555,393580
2018-04-25,650.614501953125,662.2786225898839,643.799454995309,644.8042526007049,516313
2018-04-26,651.7067260742188,658.0848611985266,644.8480030571301,653.4541632769087,1533356
2018-04-27,664.2445678710938,670.1421684408141,655.4637065772426,659.5701946764841,424688
2018-04-30,672.326416015625,675.4281061647424,659.4827428219418,667.9141480575101,221904
2018-05-02,650.26513671875,679.5347129096511,642.1832388152923,673.3750067946893,314523
2018-05-03,656.7742309570312,666.1667051729869,636.1544416119864,650.0465875973024,332491
2018-05-04,657.34228515625,668.7880328635372,651.4446835495654,651.4446835495654,175642
2018-05-07,665.2493286132812,667.4773002613647,652.580409575203,664.8124693361061,306413
2018-05-08,664.2882080078125,691.3734832660961,660.6185794040838,665.8608907443967,685328
2018-05-09,677.3505249023438,680.3648655400117,660.1382532364099,664.9000315390953,273652
2018-05-10,679.88427734375,687.1798076900451,661.536183304982,675.297253834058,402267
2018-05-11,677.1754150390625,682.9419883034388,668.5256351338041,680.5829380283548,349147
2018-05-14,669.0062866210938,681.500450888541,662.7591778235967,678.0055767814202,141296
2018-05-15,645.940185546875,672.5886043003956,630.9122141416739,662.2787349235607,425589
2018-05-16,641.4842529296875,647.9497390382414,634.4070997640727,645.9401967791985,269443
2018-05-17,650.74560546875,652.5367179410958,641.2657799481907,641.2657799481907,167410
2018-05-18,640.7415161132812,652.6677963740281,639.7367717164652,648.3865538887468,211793
2018-05-21,646.2459716796875,651.5319584448669,632.266474342327,641.309440351412,334718
2018-05-22,647.5128173828125,653.4541463803727,638.6882810684274,645.5469505806183,581414
2018-05-23,644.4110717773438,652.6677223033165,642.6199595101597,647.556490387381,169537
2018-05-24,628.9463500976562,652.5367536936475,620.3402427093997,643.930646305391,578180
2018-05-25,613.1756591796875,629.2084263452946,608.3265319602713,620.1654074822831,1564665
2018-05-28,620.2964477539062,628.4220189813788,615.5346713554138,615.5346713554138,795063
2018-05-29,620.6460571289062,635.1934948129352,613.5252817214167,618.5928395152106,551135
2018-05-30,618.636474609375,624.708829844705,615.9716434133105,620.3402366290077,218778
2018-05-31,612.7825317382812,627.5483977215746,610.7729895812931,624.5777330877296,616972
2018-06-01,597.754638671875,620.9081830108834,595.8761222341034,611.6904085459515,420439
2018-06-04,596.0944213867188,601.4678112652307,579.2753409738285,594.1285548449523,784074
2018-06-05,590.7649536132812,607.3218812488723,589.2359458021537,594.3908544259906,294399
2018-06-06,593.7354125976562,598.4971892212028,588.7115310822958,593.2548780747397,163672
2018-06-07,593.4733276367188,599.9825415276882,590.6337423370215,594.8275807295262,173445
2018-06-08,603.6522216796875,609.0692345136094,590.6337927857844,593.4297030621153,154321
2018-06-11,594.9588012695312,609.2004064155258,593.2550390192068,609.2004064155258,151465
2018-06-12,597.3613891601562,603.5210943325685,592.9053925149175,597.6234940622177,404093
2018-06-13,597.8419799804688,607.8023938168279,595.919788305156,601.8173891306849,166683
2018-06-14,601.9048461914062,603.7396341682748,594.3471579493039,601.1184780141434,122285
2018-06-15,600.5067749023438,610.1613546348036,595.6576474041675,607.0596643127305,288011
2018-06-18,586.3963012695312,603.6959201097678,585.3041529421482,600.5068256627873,199885
2018-06-19,592.4685668945312,596.749809405769,579.8433756679733,581.9839435960405,260164
2018-06-20,583.9935913085938,594.5218908139827,581.0229264438731,594.2160572772151,168237
2018-06-21,593.3861083984375,598.8905258394184,588.8864355200421,591.027057115857,338538
2018-06-22,584.5614013671875,598.4972232903336,582.8576394820919,595.8760675678942,229251
2018-06-25,585.5662231445312,587.5320900172227,574.9068454359829,582.5082080092334,244811
2018-06-26,582.5518798828125,589.7600583740509,577.5279979040705,582.5082046180729,205654
2018-06-27,576.2173461914062,584.3865927707593,572.2856129725111,579.319036176359,283320
2018-06-28,565.689208984375,577.4407367050861,553.0202872520042,572.2857748070976,525574
2018-06-29,565.8639526367188,574.4700607326405,555.7724587176953,569.6646077531279,366363
2018-07-02,576.1300048828125,579.5374750637981,559.1798445149353,565.8638124249211,148821
2018-07-03,571.9361572265625,583.9935162101644,566.2133112322005,574.8194711828888,181542
2018-07-04,568.4849243164062,576.2173111793813,566.7374874364082,574.9067335193828,53316
2018-07-05,573.2467041015625,578.4016647406931,562.8494856291869,567.0433238923109,75106
2018-07-06,576.9164428710938,583.5567369407436,573.3342175574095,576.6543379284559,94657
2018-07-09,572.3292236328125,585.347649041448,570.5381115896544,583.5128084165353,78552
2018-07-10,586.4835205078125,589.4104560389198,574.9067508292597,576.5668372462582,132505
2018-07-11,582.3334350585938,598.977763384631,579.4064991391318,586.2651686786443,359407
2018-07-12,573.2029418945312,586.4397968987189,571.2807507616321,582.3333097801478,106181
2018-07-13,565.689208984375,577.4844119765824,563.5485874054625,577.4844119765824,63267
2018-07-16,545.5499267578125,565.6454549846162,543.0161214329771,565.3396214715899,321830
2018-07-17,549.394287109375,551.3164788421647,535.7642972360584,542.5792921727167,395721
2018-07-18,557.3887939453125,563.548499436433,548.0836694840624,554.2871035674129,184198
2018-07-19,557.2576293945312,563.3736586833683,554.8549036024881,554.8549036024881,80697
2018-07-20,552.4523315429688,564.6843935244945,548.9137814209676,559.1799762983195,205754
2018-07-23,555.7288208007812,563.0680799029199,550.4428328335273,550.7049378026975,143448
2018-07-24,585.5225830078125,589.7600971899329,557.039322613662,559.0925934670785,241361
2018-07-25,585.3477783203125,592.3812022836869,577.6153368249464,586.3088474354753,239761
2018-07-26,590.4153442382812,601.5552563937205,572.2856832794291,591.4638172243034,397236
2018-07-27,593.779296875,607.5403684785093,585.4352926952106,589.7602115789695,195111
2018-07-30,593.8228759765625,599.1088629136498,587.8378714878339,595.8760933837408,95640
2018-07-31,588.4495239257812,600.9873655024576,580.4113015006307,595.8761326167524,151007
2018-08-01,583.8187866210938,595.002374178019,581.8965950111022,594.1286555668912,597273
2018-08-02,586.5240478515625,596.901875480418,581.4238387398098,587.1892925183129,428915
2018-08-03,623.8220825195312,627.9909598887152,587.2779649865929,587.2779649865929,990578
2018-08-06,617.5245971679688,635.885364871773,614.0209636514699,629.7650909245845,453712
2018-08-07,605.5501098632812,623.5560562796521,603.3769662649123,617.524514926973,271824
2018-08-08,603.11083984375,612.0251077596556,598.9863011580954,608.8319549394882,134777
2018-08-09,579.2064208984375,628.8780282036635,572.1548158195195,598.8976760505603,2092865
2018-08-10,579.516845703125,593.753126437527,573.3966265828523,579.2064198131512,709110
2018-08-13,595.17236328125,599.1638321855207,572.9975360353018,579.5169135905059,503524
2018-08-14,596.502685546875,607.5014184299012,590.7372320806227,598.7201676492797,542516
2018-08-16,593.5313720703125,598.5871887277791,590.73732253834,596.5027768874379,216801
2018-08-17,601.1151123046875,604.9291710305557,593.5313336713708,598.8088982315976,293323
2018-08-20,628.5232543945312,633.7565350514595,603.0222041737762,604.7518514510837,781297
2018-08-21,667.1517333984375,674.025928394131,633.0911842808044,633.312932506472,2905458
2018-08-23,683.0732421875,696.200781024089,661.8298045614208,669.7683480729187,1264605
2018-08-24,676.066162109375,689.7258235780946,670.5667939767222,680.2793793995726,582573
2018-08-27,685.2020874023438,693.8502690880044,676.1104092199826,676.7756539650334,540967
2018-08-28,691.8103637695312,700.7246346870469,675.8888248500376,688.6615487070356,864266
2018-08-29,689.0162353515625,696.466999112621,681.299384485701,691.6772146751173,552195
2018-08-30,689.9473876953125,693.0075239484056,683.1619246691482,691.3222699648137,390889
2018-08-31,681.34375,697.6200512182002,678.5497001677345,689.1936170331107,457419
2018-09-03,674.6467895507812,686.4438386314768,669.280493242129,686.4438386314768,422511
2018-09-04,656.8626098632812,677.2634474514105,651.0971557622881,675.533800393562,380526
2018-09-05,660.410400390625,665.0227732332615,646.1298396528484,654.9554277977297,392795
2018-09-06,686.0891723632812,710.3484123295538,659.0358824381616,662.5838548873576,1187778
2018-09-07,677.13037109375,685.6454808960926,667.0186308329388,685.6454808960926,364089
2018-09-10,659.967041015625,679.7469713964655,656.3747306820097,673.2275953887099,283912
2018-09-11,668.5709228515625,678.3721839278393,661.3419087968063,669.6796640171539,611337
2018-09-12,689.1049194335938,693.1850657921096,661.6968126435237,667.018770922158,538265
2018-09-14,669.4580078125,698.9061880463123,666.5752803856824,698.9061880463123,837543
2018-09-17,654.334716796875,669.6796841627217,651.9398249796033,669.4579359229327,335920
2018-09-18,639.122802734375,654.4234321618169,631.9825198291202,653.713848581139,383427
2018-09-19,641.4290161132812,647.6379671762796,637.8366511166267,641.2959455068285,317854
2018-09-21,607.2797241210938,648.3474854752063,597.5228020045,642.1828738558081,656107
2018-09-24,613.6217041015625,620.0080640870916,606.3040123580453,612.0251276396184,376041
2018-09-25,614.3313598632812,619.1211439500904,607.5902343922806,619.1211439500904,468144
2018-09-26,614.1982421875,621.7820206272294,611.6702799490902,616.4600632466825,387335
2018-09-27,598.4097900390625,614.6417495093357,592.4669266981016,609.3641308527117,882368
2018-09-28,597.0349731445312,613.4443438231722,581.4239178296837,593.3983234600433,413927
2018-10-01,593.4426879882812,606.4371577977112,585.5040893804414,601.4699642458252,226979
2018-10-03,594.10791015625,601.1151766243896,589.6286062615437,590.7373475294294,568871
2018-10-04,599.2081298828125,603.1552596892126,578.0533677973456,590.2938607693691,528924
2018-10-05,583.8631591796875,601.1151843574783,580.9804318461,597.9219769822342,108912
2018-10-08,580.581298828125,590.6930414061146,569.8930432415743,574.7715050903349,246953
2018-10-09,590.604248046875,600.6716507497237,572.332214500564,582.3108854236657,328557
2018-10-10,610.1624755859375,616.0166074356238,589.140731718467,589.8946540753458,316351
2018-10-11,593.7086791992188,604.9291611005386,587.1449641860568,598.7202107666621,304690
2018-10-12,603.3771362304688,611.1383268839294,596.5029387945465,596.5029387945465,81501
2018-10-15,629.055419921875,636.0182930233871,596.9462638472647,605.8161934735243,561781
2018-10-16,623.1126098632812,633.4461004221672,612.9565287397372,631.4947049089227,291713
2018-10-17,607.0579833984375,630.6076348798958,602.0907905040932,629.764980768219,153319
2018-10-19,618.988037109375,622.6690796770984,597.8332759292938,602.268240884259,242522
2018-10-22,612.2469482421875,627.4589005924792,600.6716998527012,624.4431025896414,185237
2018-10-23,581.4240112304688,612.0252749794408,570.6026839467575,612.0252749794408,488907
2018-10-24,598.9863891601562,603.5544249718372,580.137787057774,580.5369447533761,248786
2018-10-25,598.3655395507812,606.7032965680797,589.6730177666861,594.2853928371541,833126
2018-10-26,595.8818359375,610.517219193861,582.7986902992379,597.5671441493938,356344
2018-10-29,599.9620971679688,605.5944811596823,594.8618873303002,595.8818968151795,274385
2018-10-30,597.21240234375,608.2111376826856,588.4755425645192,601.3812804546898,455587
2018-10-31,662.45068359375,682.4524185466689,647.5048735779098,647.5048735779098,3050809
2018-11-01,662.5393676757812,676.5981837019774,654.6894479073593,666.043000512235,881064
2018-11-02,681.4766845703125,695.0476661149955,663.5150770188264,668.2605218669333,971369
2018-11-05,677.7514038085938,685.6456640275344,672.1190192973664,676.8644107115335,431945
2018-11-06,688.8831787109375,699.6157730352008,671.4980823278189,671.4980823278189,700286
2018-11-07,690.6571655273438,695.9791238696457,688.9718570638443,690.8345208285459,43526
2018-11-09,691.2779541015625,703.7402487229631,683.5611585215593,683.7829067655307,383468
2018-11-12,706.933349609375,715.8032787136332,685.6455197591554,692.7414630425619,1515942
2018-11-13,695.3582763671875,713.5859743945865,689.2380021038498,708.6631733416049,401867
2018-11-14,700.6358032226562,720.2383271716083,691.9432283776207,700.1923067157771,642322
2018-11-15,724.717529296875,731.8578112274201,692.9188558739984,692.9188558739984,810534
2018-11-16,706.0020751953125,729.9508857210108,699.3939666486335,727.3342455952816,689783
2018-11-19,696.3338623046875,714.8720381518341,690.9675653398053,707.3769362753463,385859
2018-11-20,696.5112915039062,713.8519947787439,687.8631092789294,695.4468890178957,1158802
2018-11-21,697.3983764648438,703.7403992540981,690.612857092782,700.7246008359002,797442
2018-11-22,681.6541137695312,706.13509867271,679.480970113437,700.7244630812357,279107
2018-11-26,698.728759765625,703.6515602572726,674.4251290751956,684.6255489257887,1064494
2018-11-27,713.1865844726562,721.967835272052,693.5397254859932,700.7243458580467,853948
2018-11-28,701.7889404296875,715.2268531991442,699.8375448130494,710.4814618444265,314579
2018-11-29,710.4813232421875,716.6902736325686,699.21650242066,705.1593657647179,410984
2018-11-30,715.8033447265625,726.402921811217,711.3683797654313,711.3683797654313,505611
2018-12-03,717.4443359375,721.0367012459167,701.8776181061536,717.2669806305139,220150
2018-12-04,719.4844970703125,722.810721298639,704.4056139018992,722.810721298639,406595
2018-12-05,693.71728515625,714.295536001733,689.0162325314304,714.295536001733,334690
2018-12-06,693.3624877929688,703.3854985717992,684.9360536991073,691.8545887591467,308472
2018-12-07,693.0963134765625,700.7244311990713,687.5082145757849,693.4067393542708,229626
2018-12-10,685.3795166015625,692.2093736753413,682.9402857993384,689.1935757556704,1019406
2018-12-11,691.2335205078125,700.7243548760887,675.0902397324847,675.0902397324847,307511
2018-12-12,714.7388916015625,719.1295174291428,693.6284707117973,695.4024565703953,330993
2018-12-13,720.9922485351562,725.427213597531,715.9364316742548,717.5773470922306,712254
2018-12-14,717.045166015625,724.2741265148343,712.0779727110772,717.1338436609133,555718
2018-12-17,737.7565307617188,746.8482102811748,716.690444070296,726.3586907753598,1405947
2018-12-18,726.2254638671875,744.4974966312183,721.7461603832518,737.0911272960401,1134739
2018-12-19,724.0967407226562,742.3688296822903,722.5001640910543,731.281416771502,979302
2018-12-20,736.0711059570312,737.5346660354147,721.1696346566268,723.7862747864082,465312
2018-12-21,701.5671997070312,742.4132209268902,697.2209118840151,742.4132209268902,479435
2018-12-24,700.8576049804688,713.2311151567988,689.6371208447392,701.5671886180943,271942
2018-12-26,711.9893188476562,718.2869477306651,685.0247089730298,700.7244964941854,594851
2018-12-27,739.1757202148438,752.1701915230306,712.432909213518,712.432909213518,1033735
2018-12-28,762.5034790039062,764.5878906935038,737.5346068580609,741.5260749649295,2020580
2018-12-31,753.6780395507812,768.9343315293746,749.5091611993979,766.3620299127572,744466
2019-01-01,752.5692749023438,756.3833342445384,747.5577424428051,751.2831241338307,244269
2019-01-02,750.3074340820312,761.660934164829,743.3001674119464,752.1700978106569,387427
2019-01-03,740.4174194335938,760.4634399218862,737.978188641809,749.9525943469345,280927
2019-01-04,737.889404296875,746.8480107998254,732.611785792058,739.8407453379339,235286
2019-01-07,746.9811401367188,753.0570202349855,736.5589728955396,738.4216364494999,376036
2019-01-08,751.14990234375,755.7179373525654,743.7878722323019,746.9366861437211,725421
2019-01-09,763.2574462890625,767.9141593547424,752.0813565865324,752.9683495514238,637886
2019-01-10,758.1572875976562,765.253231792779,755.5406473481531,764.1888293359591,431175
2019-01-11,748.0899658203125,763.4349348766331,745.207238385481,753.9884371658504,300970
2019-01-14,758.1129760742188,764.5880145578878,740.4617925981149,745.8724827243939,697753
2019-01-15,778.5138549804688,781.44092138398,754.8754672017735,758.3791007755992,1144967
2019-01-16,746.58203125,784.2792343721981,744.5419581438796,780.5538528831588,858199
2019-01-17,746.6263427734375,759.0885833459064,738.4659965095744,746.8480910189894,758174
2019-01-18,748.9324340820312,753.6778785836234,742.6791449593867,749.5090011226102,350513
2019-01-21,744.0096435546875,756.1614572733163,738.3772602201274,749.5090104351345,275328
2019-01-22,735.40576171875,741.9695305659448,731.5473644163335,741.6591047187152,175143
2019-01-23,728.7977905273438,741.703527326022,726.4472375176368,733.5431812296528,181791
2019-01-24,731.5030517578125,738.5546561046975,722.8992098437783,730.6603976795244,290818
2019-01-25,736.7362670898438,750.351640328856,721.1252140014917,731.5030415619043,845339
2019-01-28,717.6217651367188,737.0469359094527,713.1424607567816,736.1156039710917,404369
2019-01-29,696.2452392578125,723.8307027981738,692.298109165957,720.2383915986638,709050
2019-01-30,709.0178833007812,710.6588529500957,692.0763374514662,698.0635406271117,383639
2019-01-31,699.1278076171875,716.6902560340359,695.8459230924519,712.2552915783798,532524
2019-02-01,705.9578247070312,713.4085342090909,700.7245438007562,700.9019532469923,478554
2019-02-04,704.5828247070312,712.1666577023803,694.5154764292184,706.9333776680551,767868
2019-02-05,709.1953125,720.194048443469,702.4985255148789,705.1595047781929,521959
2019-02-06,710.5700073242188,716.0250354432101,684.5367867492071,708.4855956150685,723459
2019-02-07,682.7184448242188,720.149555969632,676.199014537391,706.9333401264713,1239848
2019-02-08,666.3978271484375,681.1219433664851,649.3675507956115,681.1219433664851,1813824
2019-02-11,644.1785888671875,662.58369140625,636.461739866633,659.1243974666997,1941588
2019-02-12,631.228759765625,643.9570910816203,626.2172263135316,643.0700978432159,579112
2019-02-14,622.2255859375,637.3931444955568,618.2341174603528,635.2643937903987,554954
2019-02-15,612.9077758789062,626.9739356603641,607.4873918785896,626.9739356603641,624833
2019-02-18,594.3172607421875,614.9685645541829,592.2118396154109,613.7142362126422,616184
2019-02-19,595.8851928710938,606.8155896443187,591.360740818064,591.360740818064,455725
2019-02-20,606.0540771484375,619.9858286917472,596.6915634518838,596.6915634518838,963583
2019-02-21,621.777587890625,629.5722170040356,603.9933372573224,609.2345241579611,1037856
2019-02-22,622.0911865234375,630.6921779287371,611.1160049826283,624.4654313423691,820219
2019-02-25,628.1835327148438,635.2165858755,618.1938564937869,625.3613214966135,452682
2019-02-26,649.4619140625,654.0311509147022,610.8919510734689,628.1835033306861,1349917
2019-02-27,647.17724609375,653.4936181289416,634.9030064997901,653.1352230193506,933296
2019-02-28,626.9739379882812,647.6700242709884,624.5101220986791,647.6700242709884,960158
2019-03-01,631.4088134765625,637.9043280529443,627.0635600815897,627.0635600815897,435318
2019-03-05,644.8031005859375,647.311702475456,626.6604542535805,629.8410060072603,662634
2019-03-06,655.6438598632812,670.292399488828,647.7596591806159,653.0456865715017,649839
2019-03-07,664.9168090820312,667.4254109651064,649.3723361209717,659.4067983366923,487109
2019-03-08,654.3895874023438,667.2014203690886,652.3288974333785,665.6783230942349,201353
2019-03-11,670.8746948242188,673.7416916829573,648.4315815898143,655.9574415085757,658351
2019-03-12,665.7232055664062,686.6432802381773,660.7507868528768,674.6377525426661,737273
2019-03-13,658.6452026367188,668.9484326969495,654.0311255624674,665.2302886714137,293253
2019-03-14,664.1104125976562,671.9050415304268,657.2117167678842,658.5108307039155,346570
2019-03-15,663.8416748046875,675.1304105596845,661.1986610899341,663.976031966402,315823
2019-03-18,669.4413452148438,672.3531283203095,663.9313337726686,670.7852451096741,172063
2019-03-19,673.1593017578125,678.0421480093155,664.7823492837355,671.0538808807519,334038
2019-03-20,668.0972900390625,678.490091603524,665.2302933264274,672.8457242938007,341162
2019-03-22,674.8168334960938,679.9236631908609,663.4384719931535,668.3661041281466,337835
2019-03-25,644.5343017578125,669.2620337415635,640.5921741970789,669.2620337415635,334159
2019-03-26,652.015380859375,654.4791971388161,641.6673634224068,644.1759654247895,523654
2019-03-27,664.244873046875,668.321358027158,654.0312130518746,654.4791796361567,506819
2019-03-28,663.25927734375,671.9050538191788,659.4963473056509,667.38060250297,585224
2019-04-01,671.0538940429688,680.371620186091,668.9932588430717,673.741693351552,368891
2019-04-02,667.7837524414062,679.8788499838353,665.8575289761824,670.2924090117571,466069
2019-04-03,652.46337890625,675.5336597257981,649.9995625080458,668.7693747328681,380637
2019-04-04,641.353759765625,666.798284535617,640.413040841695,657.1670026293249,566742
2019-04-05,640.4130859375,651.1194993750898,633.9623555023617,644.9823783922935,584714
2019-04-08,635.619873046875,655.778371739495,633.1112708129233,643.1905201592333,458895
2019-04-09,663.4384155273438,667.6493117482647,634.320591753355,639.5617781593078,702939
2019-04-10,669.8444213867188,672.7562040369139,651.5673638013574,661.7361828755947,402937
2019-04-11,665.9471435546875,671.8603355462874,658.6901064325233,670.2028262989819,322924
2019-04-12,671.8603515625,673.338608583072,663.7073263532304,665.6783903974178,339295
2019-04-15,672.8009033203125,677.2357826467663,667.4700909858241,670.157890009928,147965
2019-04-16,657.7045288085938,678.2214206051568,655.4199101250098,678.1766348826202,418706
2019-04-18,662.7666015625,671.5019504847498,648.7004390279358,656.2710856972373,267126
2019-04-22,646.14697265625,664.7823704879622,642.3840426413327,664.7823704879622,140938
2019-04-23,664.4239501953125,670.1579437801668,638.8898574175922,648.5659784274608,541271
2019-04-24,662.0946655273438,671.7707335997186,643.9520173853563,664.4240700820806,598989
2019-04-25,657.34619140625,663.7969213007931,654.2104252461799,658.5108936147345,187105
2019-04-26,669.21728515625,671.0539371985473,652.508109839954,661.1091009906019,230789
2019-04-30,651.02978515625,671.9498004020685,648.0283765710719,671.9498004020685,204392
2019-05-02,631.4088134765625,649.5514576381806,623.793382593908,649.5514576381806,536875
2019-05-03,640.6818237304688,647.7597180416378,631.4537225014152,632.5288533020695,260527
2019-05-06,636.8740234375,643.279966987694,632.4839840494446,636.1125021744607,153585
2019-05-07,629.9754028320312,640.8609575618333,626.3020441854865,639.8306672714045,254972
2019-05-08,627.2427978515625,633.379972948597,623.3455103894028,630.6921734068533,264029
2019-05-09,627.8251342773438,632.7975521601239,624.1966160754997,625.4508896343227,148422
2019-05-10,627.018798828125,634.2758902188475,625.3613443589944,629.3930435704779,100645
2019-05-13,619.2242431640625,630.6921770042295,614.3861820879595,630.6473912816293,367480
2019-05-14,625.1373291015625,632.5287772779694,611.3399372989027,616.625964534791,193371
2019-05-15,628.0938720703125,636.112484038181,624.9133205868046,627.1531532770799,123829
2019-05-16,624.3309936523438,634.0966868599016,620.5681181693917,627.1532049479777,140474
2019-05-17,635.9781494140625,639.5170964310249,624.0622489918361,624.4654298617168,176988
2019-05-20,686.3296508789062,690.7645313750029,641.9809552847913,645.0719359143995,958987
2019-05-21,667.8286743164062,682.701144568813,664.4240841794268,680.9988495003232,260421
2019-05-22,653.2695922851562,668.3212562890458,648.2971202098443,668.3212562890458,290108
2019-05-23,645.9229125976562,668.3660234955082,641.1744785952953,654.031095377642,815182
2019-05-24,678.9829711914062,682.2083636043284,647.8045059670378,649.193191526032,1023069
2019-05-27,706.3984985351562,708.683117116357,669.306844489074,671.9498582013499,1025360
2019-05-28,713.1627807617188,716.5673157633446,696.1400510701702,708.7726864942148,652924
2019-05-29,686.374267578125,711.3708208125348,682.2977832570026,711.3708208125348,227871
2019-05-30,683.7313842773438,691.6603705377316,672.935346404988,680.9091730682331,442380
2019-05-31,707.8319702148438,717.687234809068,681.491568563969,687.1807221609034,1052607
2019-06-03,692.0187377929688,711.9980346825506,687.4494462423833,703.3970442432569,305759
2019-06-04,697.1254272460938,702.6802226379107,686.4638576341864,686.4638576341864,331838
2019-06-06,690.9437255859375,706.4433597003832,688.4351234507633,696.140127440961,498732
2019-06-07,684.4033203125,695.2440890021827,678.3557718579062,693.4522227934142,275004
2019-06-10,693.1834716796875,701.8291935499647,685.5680400959786,685.5680400959786,214328
2019-06-11,684.6273803710938,694.3482337705117,682.7011021072644,693.7210695904214,135792
2019-06-12,673.8760986328125,682.6114463007041,668.590071504004,680.9091515484663,396240
2019-06-13,668.231689453125,675.4887804675659,665.230335402454,670.2475389543446,381810
2019-06-14,684.3136596679688,687.18065639404,666.5741960328107,667.4701290919945,354599
2019-06-17,670.0235595703125,683.5969681641071,663.7968681548704,683.5969681641071,334824
2019-06-18,659.3621215820312,674.7273448322602,653.8073241978951,669.262173587979,311818
2019-06-19,660.48193359375,665.3199398264925,654.0312039333398,659.4068028697783,423021
2019-06-20,668.8589477539062,670.6955999547415,657.2118156623147,660.4819938537086,417376
2019-06-21,663.7969360351562,672.8906252911598,659.7203961898399,671.0091874267242,225874
2019-06-24,676.3848266601562,680.8644929673519,661.1987469420777,666.5743465107124,265761
2019-06-25,678.6245727539062,691.6603890988126,673.6073143234486,677.3254587547958,544083
2019-06-26,690.361328125,696.1401083004724,678.221443994154,678.624624877731,366850
2019-06-27,694.8856811523438,705.9952733164771,685.1648290212892,693.8106051935185,562369
2019-06-28,684.5377197265625,703.9794802285793,680.909201366491,697.9319314006532,216647
2019-07-01,692.6010131835938,699.7236916602234,685.6575322484251,687.9421505226692,297182
2019-07-02,697.84228515625,701.4260174108803,687.5838406406879,692.8698129062188,205384
2019-07-03,688.883056640625,700.6197596410381,683.9105836534677,697.8423886053441,312629
2019-07-04,681.177978515625,686.2848085235681,669.7100448712365,679.0277717167265,504244
2019-07-05,659.9892578125,686.6432722958898,654.9272130204353,678.221477779028,375590
2019-07-08,672.1290283203125,684.4928942696515,645.0718375316088,655.2854968325595,741644
2019-07-09,669.306884765625,674.5929125082714,657.8837364887969,670.4268012633532,298463
2019-07-10,664.6928100585938,672.7562082169264,663.1697128031138,667.5597523237105,235558
2019-07-11,678.0869750976562,680.1476650662762,664.2896375524805,668.3661224025683,211383
2019-07-12,676.9671020507812,687.001564797882,672.8458312163009,678.848594575288,203110
2019-07-15,674.1449584960938,680.0133101170728,665.5888072303832,680.0133101170728,108856
2019-07-16,667.5597534179688,673.7417138895246,636.9636698326378,663.3489114528941,1114126
2019-07-17,674.1001586914062,678.2214295205398,655.1959354416124,663.9760698276508,468551
2019-07-18,662.5426635742188,677.2359913064367,659.899649449509,677.2359913064367,114109
2019-07-19,652.6873168945312,673.2489941630336,650.223500667407,663.8864815632775,335455
2019-07-22,650.581787109375,657.9732345557663,645.2509746810528,657.9732345557663,176754
2019-07-23,650.2235717773438,657.0774831775443,646.460641100438,654.4792548168786,81297
2019-07-24,655.7335205078125,660.8851363257494,642.563291740924,653.7624565625262,213315
2019-07-25,672.5770874023438,685.3889216680817,654.927191816167,654.927191816167,812365
2019-07-26,662.22900390625,670.9195116385363,656.1814551966214,663.9760297867406,280334
2019-07-29,648.521240234375,670.9644111701715,645.0719192064325,659.4068507443533,172792
2019-07-30,628.9898681640625,652.4185423249951,627.1084303890987,652.1497733119176,269161
2019-07-31,644.3953857421875,647.5764631048077,622.082411336241,633.4888347846329,144624
2019-08-01,630.2168579101562,647.9854351314766,625.3997537832075,641.3051397438545,191024
2019-08-02,608.3583374023438,628.1264621817883,601.8598836900367,625.763398190693,564001
2019-08-05,608.1765747070312,613.6298502283727,595.7703507065447,604.4047036153353,376349
2019-08-06,611.5394287109375,624.1274405861159,602.2689040191651,608.1766196033999,240062
2019-08-07,593.0437622070312,615.2658728970936,586.5907411601922,612.6755335251377,1556926
2019-08-08,548.1905517578125,600.9055492127837,533.7393492315834,592.5892817351936,2876701
2019-08-09,545.1458129882812,560.1423219868966,541.101288860603,549.8719966158966,849885
2019-08-13,537.4203491210938,549.5539217404114,535.4208034542886,548.9631279728576,560460
2019-08-14,534.5117797851562,544.9638894989936,529.876518536277,533.5120349584813,658260
2019-08-16,540.5104370117188,542.6008479442586,529.194880595552,531.6942982368363,522937
2019-08-19,533.921142578125,544.91855964471,531.6943772538824,543.5098078595242,189335
2019-08-20,527.0590209960938,536.556763369308,522.3328385032152,529.14943186595,363981
2019-08-21,518.0611572265625,526.7863755798916,514.3347746008583,522.605553342585,381769
2019-08-22,516.925048828125,522.4237569341293,504.65517953725964,513.5167518028846,363030
2019-08-23,523.5598754882812,532.1487954072487,508.0634955297217,516.3797627712081,200232
2019-08-26,517.7884521484375,532.6031708925414,514.4710211300674,531.6942917613254,435842
2019-08-27,516.4252319335938,522.9691740209903,510.8810348917536,517.7431180198929,513900
2019-08-28,517.6975708007812,525.6502638110768,505.3368358542125,513.7894013304385,915923
2019-08-29,517.6975708007812,525.1049584798045,511.2899835272027,519.0154567372042,739941
2019-08-30,522.37841796875,528.0589140319161,509.4268869447314,517.1523615906373,390456
2019-09-03,508.01812744140625,524.423388732514,506.56388718676135,518.0612332366256,421955
2019-09-04,512.4262084960938,515.3346337495409,505.0188744697431,507.97273259970075,411708
2019-09-05,514.1076049804688,517.2886825722103,507.38187588277884,507.60909571076036,249684
2019-09-06,521.9239501953125,527.6044459527712,514.1076102224857,514.1076102224857,296872
2019-09-09,524.9232788085938,530.6946961995574,516.3343575076824,521.6967680798226,394221
2019-09-11,529.10400390625,534.6935772313242,519.5152847749818,530.4218342563901,405311
2019-09-12,516.6069946289062,532.5123817114023,513.5167829491576,532.5123817114023,471429
2019-09-13,528.4225463867188,530.331171085504,512.8352412767706,518.0612982326261,285966
2019-09-16,525.7412109375,539.7379180415904,523.5144456901077,528.4224158078872,515126
2019-09-17,509.654052734375,529.013170169737,506.8819820442691,529.013170169737,294672
2019-09-18,514.1984252929688,518.9246083921463,507.79083780471564,512.426099696579,291397
2019-09-19,516.4705810546875,518.9699987368704,507.2454354201074,516.2433612653981,197548
2019-09-20,542.0101318359375,545.0549106822352,511.7444631636645,517.0614401906672,1365892
2019-09-23,567.1862182617188,577.1384594845583,549.872075571902,558.0065578672311,624510
2019-09-24,551.5532836914062,569.8672205442624,544.1005191253535,569.0492071291687,643469
2019-09-25,538.6927490234375,557.9155121070804,536.2841967926474,556.2341076638714,756476
2019-09-26,538.0111694335938,551.3262192977841,535.0118785222005,542.0556938395858,479580
2019-09-27,524.059814453125,542.828195342994,521.9239701560725,538.8745923340355,559400
2019-09-30,520.60595703125,527.2407636169103,515.6980429901881,527.2407636169103,370317
2019-10-01,511.9263000488281,526.8773766309915,509.19966196601143,521.6967531789211,248081
2019-10-03,508.51806640625,521.6968187974754,505.564208111665,512.6080240449062,466250
2019-10-04,500.61065673828125,519.3790345754119,489.24966663676986,508.56334980933923,1023935
2019-10-07,510.2901611328125,520.6059163107923,494.6574301509208,500.6105769202177,1014021
2019-10-09,516.6069946289062,525.5594331687618,510.33570553265844,512.1534640563723,987965
2019-10-10,513.2896118164062,521.6967457859535,510.7901936092436,516.6070436262594,332475
2019-10-11,513.7894897460938,518.5156735002362,508.4725676936795,513.1987514478219,317011
2019-10-14,520.60595703125,524.3778276280192,513.4712780164417,513.789363524014,199099
2019-10-15,517.4248046875,522.5145603822886,512.1987504265695,522.5145603822886,140162
2019-10-16,523.0599975585938,528.9677125614276,515.8798294426383,517.970296053279,652912
2019-10-17,518.0158081054688,528.0589140507864,508.97244727786637,524.332530822654,699406
2019-10-18,530.1492309570312,540.692263054486,518.0611485847702,518.879162061443,789534
2019-10-22,525.968505859375,536.2388317109851,522.6056410742651,532.6033142078599,459932
2019-10-23,526.1502075195312,534.4209863086837,521.8784640512583,528.5132713239789,288724
2019-10-24,497.11151123046875,537.1476306430736,489.24968361791645,524.4233212877385,2801951
2019-10-25,491.8399963378906,503.2918519536325,483.705516484736,495.3391590333719,1969631
2019-10-27,496.0662536621094,498.0657989863333,491.83999868843756,491.83999868843756,34522
2019-10-29,491.5218811035156,497.1115106099234,487.56827860533497,496.3389299730192,489114
2019-10-30,503.6554870605469,506.9274303561528,492.0217876237478,494.4303399618953,944203
2019-10-31,494.38494873046875,506.7002532069685,490.34042440387356,506.24581351799367,1302173
2019-11-01,499.92901611328125,507.8362766157062,492.33989662980105,495.3391870345591,1055623
2019-11-04,496.79345703125,507.8817967876824,493.5669462612904,502.0650019214331,460153
2019-11-05,496.7025451660156,499.883622765432,491.97636163787877,499.883622765432,574136
2019-11-06,501.0650939941406,503.51907893928353,492.7943154284344,498.9746829199759,562286
2019-11-07,501.8831481933594,503.3827657172698,495.56642611922194,503.3827657172698,681069
2019-11-08,506.15478515625,511.47170561964,498.065739101844,500.51972372863054,507267
2019-11-11,508.6997375488281,513.0623469418356,502.47388127698423,504.7006465789782,555723
2019-11-13,514.1530151367188,524.3324740752944,509.88127146466786,509.88127146466786,1018794
2019-11-14,509.3359680175781,517.3340945447155,502.3375865037371,517.2431733330413,256669
2019-11-15,512.2442626953125,516.4251400363626,505.8366758332553,509.3358938172018,224680
2019-11-18,506.427490234375,515.9707216251977,503.74628555842736,514.3801830600606,189922
2019-11-19,511.15374755859375,515.3345702068141,505.97312438243137,506.4275640386984,179194
2019-11-20,517.6521606445312,518.9700466387691,511.0173532795936,513.4259054578071,418796
2019-11-21,511.608154296875,522.3783512679893,506.7910498715148,517.1522955571743,509317
2019-11-22,515.1981201171875,517.561239173581,508.74510039010386,511.69895760541044,440576
2019-11-25,516.9705200195312,524.7414267184613,510.1539254636999,519.8789447914037,413320
2019-11-26,514.6073608398438,520.3332881121262,512.2442418804278,515.3344530298262,559467
2019-11-27,511.4263610839844,516.6069838633273,509.5176813897072,512.9259785506451,190085
2019-11-28,497.4296569824219,513.2896127289696,495.0211599899389,509.51774123838106,1473537
2019-11-29,492.8397216796875,501.7012934387967,488.9769852718707,498.06577681967497,826998
2019-12-02,490.5220947265625,495.29371032609413,486.56843708851596,493.7486046562914,259454
2019-12-03,484.20538330078125,492.3852959234129,479.38833473994805,490.79475735790123,281310
2019-12-04,488.6589660644531,489.97679663883935,479.4338192022166,485.3415345099217,219540
2019-12-05,490.2040100097656,496.29351218770313,488.0681659237431,490.70393798501976,332307
2019-12-06,473.25341796875,492.97610801327784,472.0718860849069,491.61278919186236,841065
2019-12-09,479.11578369140625,483.7964791784439,468.3455298366371,472.6172739846791,342495
2019-12-10,479.43377685546875,486.70481043811094,478.2522449930062,479.8882164543839,543958
2019-12-11,474.7076110839844,479.7064468526669,458.07513225744896,479.4337941781832,1262201
2019-12-12,489.7496337890625,490.7948672699087,476.0255772826198,476.8890237919803,355078
2019-12-13,498.5657043457031,499.8835903604618,481.70600525644505,489.70413160749496,531553
2019-12-16,496.2026062011719,503.97351220172067,492.6579551612665,500.3379954320058,380512
2019-12-17,510.8356628417969,513.5168682041307,491.9309821513022,496.20272648594977,928497
2019-12-18,510.1538391113281,513.4712700897355,505.79123042876085,511.15363942776963,414344
2019-12-19,509.835693359375,512.2896777888155,506.42739706114435,506.42739706114435,210520
2019-12-20,505.47320556640625,514.4256437856084,501.2014620939641,509.60859496501865,339617
2019-12-23,501.2468566894531,510.5628680785137,498.65657327314693,506.24569206894904,214842
2019-12-24,505.2913818359375,507.0637072987542,500.3379793021715,500.83785174717576,273424
2019-12-26,504.7915344238281,508.42705125662894,502.15576253061374,505.29140689362134,395366
2019-12-27,508.927001953125,512.1989454161394,503.4282929930292,504.5189038316386,222476
2019-12-30,499.8381042480469,516.7432344045584,498.0657787944816,508.06344953670657,651196
2019-12-31,500.6561279296875,505.2914455300929,498.7475036359603,502.61024056617043,226406
2020-01-01,501.8377685546875,503.4737403332049,498.42947090211175,500.65618098958555,148568
2020-01-02,517.1976928710938,518.970018389382,499.97442109602895,499.97442109602895,702328
2020-01-03,520.787841796875,535.9207044154874,513.51680735643,520.3334021443472,1823916
2020-01-06,518.6974487304688,528.6951214376586,511.1537613279439,518.3338748062249,880116
2020-01-07,521.2876586914062,529.7402242317011,518.5155882015225,523.5144238458843,620142
2020-01-08,525.6957397460938,529.6039091242224,512.8350771634608,516.1070200210609,574685
2020-01-09,538.2837524414062,542.328276323569,526.3319677452514,526.3319677452514,788564
2020-01-10,534.5117797851562,546.1454767150726,530.9217516970921,539.2379622287375,603502
2020-01-13,536.6022338867188,538.419992056425,532.6031437239342,537.9655525139984,242018
2020-01-14,539.37451171875,544.236994505869,535.7389939792671,537.9202713387979,298076
2020-01-15,527.4679565429688,540.7830573718925,524.4686666472182,539.6923913715531,541744
2020-01-16,537.8746948242188,542.828097516195,528.9676898357899,528.9676898357899,749424
2020-01-17,526.1502075195312,542.6917650978362,524.8323215436108,541.192147655101,470283
2020-01-20,530.9218139648438,535.2389902225399,520.7877885599758,528.6950488003678,425150
2020-01-21,527.5134887695312,538.0564648783914,525.9683830966168,527.1499149146401,361234
2020-01-22,530.9218139648438,534.1028912073567,527.0590773132209,527.0590773132209,215727
2020-01-23,517.4703369140625,533.5120765675804,516.2433722153078,533.5120765675804,608267
2020-01-24,540.9195556640625,550.7808742092299,518.3793038918079,518.8792319023895,1515868
2020-01-27,550.09912109375,553.4619851385646,536.3750677300799,539.8742303671004,1922343
2020-01-28,534.7390747070312,558.4154231126748,530.4218983489822,552.9621477130338,1051918
2020-01-29,546.418212890625,593.3163597176056,539.8742712354776,567.1406485706028,18713513
2020-01-30,531.3308715820312,546.1910829591815,527.2409143087305,543.4190119019968,1929888
2020-01-31,522.196533203125,541.1921306702975,520.0606892728129,531.6943319367113,991940
2020-02-03,509.835693359375,517.9246832896988,504.42785213813454,510.79000522816506,559415
2020-02-04,513.2896118164062,520.0607740541656,509.8813142611844,509.8813142611844,279291
2020-02-05,518.4247436523438,527.6044018394438,514.4710856515654,515.2436662941386,489017
2020-02-06,515.9707641601562,524.4233301369705,512.6078998219261,520.969600062675,360422
2020-02-07,513.5321044921875,518.9154602543978,508.1028048296623,516.2007823400666,598230
2020-02-10,503.0876159667969,516.7069509015887,497.98037238701784,516.0627814036563,748649
2020-02-11,502.3054504394531,512.5199949924099,500.60305443036873,504.3759593961964,322707
2020-02-12,507.1365966796875,511.96778385173843,499.68278750926714,502.25940943446517,455991
2020-02-13,505.2500915527344,510.5413912358585,502.5814697600599,506.1243175162176,314176
2020-02-14,494.1153869628906,508.14883417376194,492.73504789296885,503.3636474981384,332513
2020-02-17,493.9313659667969,496.4159877041904,486.4775569207609,491.40074415699956,391945
2020-02-18,488.08795166015625,493.70130846987036,481.7843691011618,493.5632520867854,464714
2020-02-19,496.7381286621094,501.017203278466,488.7782051367283,488.7782051367283,292470
2020-02-20,510.4954528808594,512.1058486312721,496.78406088231463,496.78406088231463,493528
2020-02-24,501.5232849121094,514.7745648147795,498.8546064341902,510.72554702058846,501427
2020-02-25,492.9190673828125,503.8697228169021,489.0081069778941,500.6029318295505,304682
2020-02-26,490.8025207519531,500.1428372348458,484.9591080455634,492.3209161373367,415081
2020-02-27,476.76910400390625,492.6430036982003,470.4195778258737,492.32094704042504,903380
2020-02-28,470.1895446777344,473.9164492101385,456.984294311284,468.80920550527765,583329
2020-03-02,460.4811096191406,479.9438849522392,457.3523466670066,472.07596346111546,432302
2020-03-03,465.86444091796875,506.4924437627527,460.2050562893572,462.68964979107733,579484
2020-03-04,457.9965515136719,470.83368904781906,452.75125139236064,465.63441708238713,670122
2020-03-05,462.4595642089844,468.30300491475947,455.0517561559522,459.83694258030397,375385
2020-03-06,463.4258728027344,468.395088160713,445.02135067461205,452.751244351809,336317
2020-03-09,443.9630432128906,459.2387722872428,439.407913297314,459.2387722872428,644253
2020-03-11,439.6839599609375,450.45061510996993,433.8405474816345,446.30959821927564,480834
2020-03-12,412.53729248046875,427.9050774634589,385.114569717113,427.9050774634589,1268931
2020-03-13,412.0772399902344,417.6906248664806,371.77134768709055,377.29270433590875,463441
2020-03-16,402.7369384765625,407.98223836815066,382.62999300290284,402.1387971409077,787495
2020-03-17,410.9269714355469,423.30402424731165,384.01035685025585,395.6972400572696,898666
2020-03-18,406.4638366699219,415.20598369652043,397.12352027504824,413.2274753240456,461340
2020-03-19,386.5870056152344,406.7399523908354,380.9736205651716,395.6972387512652,2095658
2020-03-20,388.4734802246094,401.5867034230873,381.8018403516996,387.87533881813584,1706018
2020-03-23,364.31744384765625,381.6637084246169,357.047664541896,375.63623975385036,1744968
2020-03-24,363.8113708496094,380.97358089404344,354.2870257106443,368.0904163227473,738512
2020-03-25,340.25360107421875,361.55682971012135,336.6186967395886,358.888179632036,1460575
2020-03-26,349.041748046875,358.6121219409968,336.06658252005684,342.32410875876246,793362
2020-03-27,329.0727844238281,363.4892271500278,320.42266666016206,358.8880976924325,667574
2020-03-30,305.14697265625,328.5207093882689,300.63787049694685,322.99935292796187,1364098
2020-03-31,300.6378479003906,320.19265056086573,297.0029439373335,312.8768425676015,1344531
2020-04-01,283.8897399902344,304.50279815248973,280.16283567415815,302.43228951398726,1195124
2020-04-03,274.8254699707031,289.8251695664775,272.8009897628098,286.1902658886838,1396707
2020-04-07,264.242919921875,290.6073921624005,260.4239872101428,290.6073921624005,3767035
2020-04-08,303.72064208984375,311.08245159320563,257.6633326176658,263.1846897451872,5604056
2020-04-09,325.2078857421875,330.3151572525884,307.5395621446927,312.8768620882642,2857006
2020-04-13,333.1218566894531,342.2781178510249,313.79710809697104,330.36117831909854,1997978
2020-04-15,345.4528503417969,357.0477040806165,331.4194032097623,331.4194032097623,2314627
2020-04-16,358.7040710449219,364.40948327898155,333.58191335512834,340.4836081141999,2037046
2020-04-17,371.6792907714844,373.6117710660261,360.7746066151354,368.09041484337547,1228378
2020-04-20,368.45849609375,378.25889767797366,364.9616484196368,375.40621945686166,1361174
2020-04-21,369.24072265625,374.30196620667834,351.8944550531676,368.32049655617215,1674861
2020-04-22,378.71905517578125,380.9736204430332,367.1702283979958,372.0014156137589,783606
2020-04-23,385.7127685546875,390.35992726201636,372.6915747092384,381.4337227579736,1487449
2020-04-24,354.2410583496094,392.5224427153149,347.15530594792693,387.36919887744335,1276331
2020-04-27,340.1615295410156,351.5263260657768,329.9010154308403,351.5263260657768,2774768
2020-04-28,355.437255859375,357.461764083904,334.64014478665337,341.449810868058,2175015
2020-04-29,348.71966552734375,364.27147982779155,345.0847614732641,363.07516913817574,1629667
2020-04-30,347.3853759765625,351.5263937034354,341.40390592663493,348.7657152188535,1797164
2020-05-04,343.2442932128906,351.52632709738396,325.759999456738,329.44090340540174,2134801
2020-05-05,337.492919921875,344.44061569726296,336.02055255509026,338.0450611948032,1427609
2020-05-06,340.3456726074219,348.995793446704,329.80907116993393,340.48370092361364,2912933
2020-05-07,329.6710205078125,344.94678031962525,326.6802854997165,342.5081866219463,1013292
2020-05-08,329.5329284667969,337.722934057574,324.05757266233644,332.2936064018724,960318
2020-05-11,339.5174255371094,345.7289516153075,329.9470517797988,330.2231364553394,1902972
2020-05-12,326.0821533203125,338.1831220011539,319.3644853395606,335.1003586737802,2190657
2020-05-13,333.719970703125,344.7626832795399,332.33963163107313,336.8027335806549,2026539
2020-05-14,319.54852294921875,339.1953563987082,317.01790109720906,330.9593213198477,7243815
2020-05-15,311.3584899902344,324.8397960215397,308.2757271025943,323.87356990116274,5797111
2020-05-18,292.1717834472656,311.35850303199175,286.37437031602883,311.3124748776689,2742302
2020-05-19,300.867919921875,305.51505026649556,290.7454333166598,296.3127897162999,2120443
2020-05-20,306.7113342285156,308.13770146979425,298.15324311312634,299.57958227133435,910265
2020-05-21,310.5762939453125,316.2356785739241,301.8801464816155,306.4352766927083,721427
2020-05-22,303.3985595703125,312.04867938399406,300.49982485859596,308.5518033176481,933192
2020-05-26,313.5670166015625,315.17741213803424,303.674586877522,307.3554909608859,807831
2020-05-27,317.52398681640625,319.3184388442925,311.45051736248115,316.0976476743933,891151
2020-05-28,331.00531005859375,332.56967744006465,315.4074678131615,320.69876741907154,948417
2020-05-29,346.3270263671875,351.6643254045957,322.99929396426614,326.68019759918656,2468813
2020-06-01,344.8547668457031,361.14278174315973,342.6462295925924,349.63995429667193,2198689
2020-06-02,348.71966552734375,353.82690876392013,343.2443094120734,347.66138312570325,1365104
2020-06-03,349.6859436035156,356.63363993398747,347.155321643227,353.320848197887,683131
2020-06-04,348.3515625,355.0692295631631,344.7166864261962,348.76567545870694,636163
2020-06-05,353.6888427734375,364.0413845140757,346.0049506204394,348.7656284179429,2628854
2020-06-08,367.3542175292969,371.4952343838367,355.98942121189054,362.569031264157,2236607
2020-06-09,359.2562561035156,374.5320146518772,356.17349311814513,369.01065817052273,1226112
2020-06-10,359.7163391113281,361.97090405287867,353.5968418053509,361.64881933507587,607596
2020-06-11,364.50152587890625,369.3787124679209,357.09368969528185,359.07219807075984,2027272
2020-06-12,360.5906066894531,362.5690872086218,349.73192174554447,349.73192174554447,808426
2020-06-15,362.1089782714844,369.10270240109327,355.2532824432806,357.0477346107648,1007127
2020-06-16,352.6766052246094,369.1026445092185,349.8699272316525,369.0106162950251,1204359
2020-06-17,355.1152648925781,358.65814117895286,350.33010577287615,352.6766712170203,648350
2020-06-18,340.1615295410156,352.4465520502422,338.96524699443796,352.4465520502422,2461437
2020-06-19,346.2350158691406,348.7656372475862,341.0357448354933,342.3240555569975,1894591
2020-06-22,365.0076599121094,368.55053584836446,347.20128009158555,349.6859016788477,1613224
2020-06-23,367.76837158203125,375.82035031464267,363.489325643601,366.2500040662106,1215267
2020-06-24,369.1026306152344,383.36613270318907,367.21615058601947,370.85105428682186,1933479
2020-06-25,371.49530029296875,376.23445925068575,363.5813499502859,367.0781980146218,1189573
2020-06-26,377.8448181152344,384.10234396186655,373.15165968872515,378.1208746943531,1574601
2020-06-29,365.88189697265625,381.5717404869642,364.40952962020276,377.4767512590043,1149850
2020-06-30,361.0506591796875,371.81728600689036,359.85434858795327,369.9308340317465,630969
2020-07-01,365.5137939453125,367.86035911167113,357.6458444615623,361.0506920392886,889353
2020-07-02,366.0659484863281,372.6915879497757,362.61510044975614,369.60882475382334,446745
2020-07-03,377.98284912109375,379.5932447046894,366.0659105692578,367.17019305980864,979346
2020-07-06,396.7554626464844,399.2860843273925,378.21291303753566,382.35393033356706,4654472
2020-07-07,395.3751525878906,404.3933855448079,387.6452586841565,400.85050931470016,2965361
2020-07-08,378.2589416503906,394.5009554035438,375.9583763123319,393.67272941538425,2837566
2020-07-09,368.45849609375,382.5379711757811,367.44624184606363,378.3969540486666,1605996
2020-07-10,361.7408752441406,368.78059909242234,359.99245132045394,367.17020346319777,1456659
2020-07-13,357.415771484375,367.95237037930775,356.12746070567107,365.32972067222585,1522264
2020-07-14,355.805419921875,359.30229599076984,347.38535662945753,356.1275046770863,1150765
2020-07-15,349.9159851074219,362.33903783312917,347.845476319804,356.35756800223305,1135108
2020-07-16,352.30853271484375,354.9311824537769,343.474357423049,351.52633499157326,960005
2020-07-17,354.0569763183594,357.6918804858502,350.7901850410479,353.78091973379554,992062
2020-07-20,361.6947937011719,364.4094714515249,353.8268731644225,354.0569296489248,1077151
2020-07-21,357.3237609863281,367.4002473825851,355.6673653434418,365.3297387874422,1488641
2020-07-22,361.92486572265625,363.4892611176557,354.2870013425252,358.88813123009044,999602
2020-07-23,361.92486572265625,367.1701650277079,358.9801594444554,362.56903514014266,921532
2020-07-24,363.67333984375,366.75607459097137,357.27775767468415,360.7286053019348,1213583
2020-07-27,362.66107177734375,365.09966505777624,357.9679135664145,363.53526962644355,473469
2020-07-28,369.24072265625,372.55354223314475,359.44032030703494,365.0537051341244,1840356
2020-07-29,368.6885986328125,372.5075315102328,363.99543968617894,365.3297788269626,1152042
2020-07-30,366.1119384765625,371.44923831682365,364.9616559176209,371.31121002636473,815153
2020-07-31,369.60882568359375,372.2314758146005,359.8084228516905,368.0904581602972,1151242
2020-08-03,371.77130126953125,377.0166006642348,363.48926733035853,368.0903972965656,1247984
2020-08-04,369.7928161621094,374.16388957281265,366.9861100696063,374.16388957281265,538800
2020-08-05,377.79876708984375,378.67299300924066,369.3787049396663,370.8510721329866,990526
2020-08-06,380.9736022949219,384.6545066649211,375.8663587147766,380.05337620242204,1212857
2020-08-07,385.6667175292969,388.3353672802489,378.3509096849842,380.0533333809071,1003976
2020-08-10,388.74951171875,393.53467039861454,386.7250031460303,389.20962475045263,633908
2020-08-11,388.4734802246094,393.9488372845721,387.4152257234524,391.4642153400517,372576
2020-08-12,389.3016357421875,392.2923705316216,379.3172051423801,379.3172051423801,905469
2020-08-13,401.90875244140625,412.9054656590079,380.60552366988435,388.3354173560926,3089891
2020-08-14,412.9974365234375,422.7978663397343,393.8567460781035,404.0712607635656,4371553
2020-08-17,426.598876953125,428.37500328514517,407.57556231821775,418.79323834532465,2599932
2020-08-18,420.3824157714844,434.12405163242346,418.6062609315315,424.4020715578487,1435833
2020-08-19,431.6001281738281,435.94697224718334,418.83999793574725,421.22377138296156,1968381
2020-08-20,427.5337219238281,437.3024318967247,422.76620347587436,430.01095323140345,955382
2020-08-21,435.0588684082031,438.23720428400526,428.0945782363467,432.8153388798737,988098
2020-08-24,436.7882995605469,445.4819878516644,435.61979153604034,439.0785866997909,2710620
2020-08-25,442.67755126953125,443.9395455922182,433.4229737832047,439.3590000210088,1549218
2020-08-26,444.2200012207031,451.4179931980225,439.35899665501154,446.51025972474844,966688
2020-08-27,439.7796936035156,446.4635538298368,437.4894064533924,444.40696828572504,608824
2020-08-28,440.994873046875,444.0329935289149,434.68493050725357,439.35896201808424,976133
2020-08-31,432.1142578125,443.6123651056563,425.80431462107896,442.11669769011166,2286594
2020-09-01,431.97406005859375,438.2840035056456,423.9814479088443,432.11427531847806,793352
2020-09-02,440.854736328125,441.4623548271515,426.78588185789573,427.72068832656095,697806
2020-09-03,439.2655334472656,447.0711728024275,437.0687326426831,444.03305192086367,709569
2020-09-04,435.61981201171875,442.2101861684955,431.27296766184287,432.3479893893131,568623
2020-09-07,425.9913024902344,441.7427680476264,424.49560649337036,437.62962545227157,1265851
2020-09-08,428.9359436035156,433.0023573506511,418.88677430548245,428.7489709030384,1041918
2020-09-09,430.3381042480469,432.34793217308425,421.92484718954364,427.2064973039989,585530
2020-09-10,439.7796936035156,441.6025490135879,428.60874542495816,434.40455666525276,893031
2020-09-11,426.6455993652344,438.4241647200343,422.9998604175171,434.6849394345756,2486466
2020-09-14,440.8079833984375,455.95185975698547,426.36524042659227,427.0663452852652,3258052
2020-09-15,452.49298095703125,461.7943151118915,437.48935115863407,443.1916753301955,3509385
2020-09-16,452.4462890625,461.79435288610534,444.220004308938,461.747623978198,2138888
2020-09-17,455.9985046386719,459.2703267095505,443.2384042678502,448.6135405271508,1740279
2020-09-18,450.1092529296875,460.4388515805189,445.9493533034469,453.38107512128437,1352075
2020-09-21,437.16217041015625,451.8853699692779,431.4131172402947,450.5766468251832,1500924
2020-09-22,425.85101318359375,440.80791449742725,416.1757904686279,440.43399767018644,926175
2020-09-23,424.2151794433594,431.22622821244113,420.6629261449035,426.2717651601689,940500
2020-09-24,412.7637023925781,425.3368582962821,408.7907756942063,420.66282688643287,2377316
2020-09-25,417.6247863769531,418.2791623107476,409.21152822945993,412.7637813694121,1877821
2020-09-28,417.2508544921875,424.91625007851826,414.58665046902445,424.12168743780967,1274121
2020-09-29,416.17584228515625,422.9999179480233,413.18445023873215,417.85848248125177,1112228
2020-09-30,416.17584228515625,420.1954986025116,411.50181004263663,416.0355984954576,639550
2020-10-01,418.6997985839844,428.4217798500503,417.4845616237368,417.5312905345046,1204806
2020-10-05,428.9359436035156,430.4783685343522,415.10079108103406,420.61617193679626,1030876
2020-10-06,422.1585693359375,434.49799650592473,419.3073927437615,432.67514117128127,706813
2020-10-07,413.9322204589844,425.89775828026717,411.8289062726521,420.7095661704995,357445
2020-10-08,417.81170654296875,423.28030082877245,409.1179904335919,412.3430837291395,1357549
2020-10-09,403.9297790527344,423.2802509622705,402.1068954868694,417.8583862211689,1732230
2020-10-12,403.6493835449219,408.51038813300124,401.9667434718319,406.5005601212474,642918
2020-10-13,415.10076904296875,416.9703818363667,397.2927185970642,400.37756829495993,1857014
2020-10-14,409.2581787109375,416.6431711586762,407.5755388151121,416.6431711586762,1035921
2020-10-15,414.0724792480469,425.61731471162926,408.83755804433525,410.9408723069673,1150715
2020-10-16,431.88055419921875,433.4229790443248,414.63336481187025,417.71824303010953,1101187
2020-10-19,440.15362548828125,441.9297520489749,426.5989318770488,432.86211801507676,1021080
2020-10-20,433.9371337890625,441.5090426582839,430.6185540172672,436.5545802465678,623324
2020-10-21,434.12408447265625,444.9678443687609,432.2077427726151,434.77846036088,944532
2020-10-22,431.5066223144531,435.1990903267643,427.533695276785,430.0109264299611,1274145
2020-10-23,430.10443115234375,437.20896551127504,427.39349829286436,432.11425921050807,567079
2020-10-26,421.8314208984375,433.0958274857324,418.5128693308361,431.413187245715,447095
2020-10-27,427.76739501953125,429.59025030036014,416.92363556383526,418.9334635274279,545016
2020-10-28,414.3529357910156,432.6283894553024,411.4083013437915,427.20652375971605,554962
2020-10-29,412.85723876953125,421.59768427099885,405.2853012621628,412.2496203182051,1320652
2020-10-30,405.7994689941406,418.69978606342204,402.90156341248246,414.8670740701339,851825
2020-11-02,408.41693115234375,409.81914082340563,400.9384795733472,406.26688773459375,937677
2020-11-03,417.85845947265625,422.11181716793436,408.977798700866,411.3148146934424,1230148
2020-11-04,411.45501708984375,420.33567758412244,409.4451891046386,420.33567758412244,511546
2020-11-05,424.729248046875,425.5705680111439,413.97897559848803,414.3061635090438,450418
2020-11-06,426.31842041015625,431.69355687101114,419.72804711718794,426.8325810145316,1039186
2020-11-09,427.5337219238281,431.03924599908413,420.0085131254618,427.15980506140636,1216682
2020-11-10,424.916259765625,435.1524017881804,422.90643160690297,426.1782541767389,706979
2020-11-11,426.785888671875,431.88059541865334,423.0466627375144,427.01959029277253,506890
2020-11-12,447.3515625,450.9038437080547,426.36517728830904,428.0945747225439,3582901
2020-11-13,447.1646423339844,450.5766799516644,439.9666217202262,447.77226078184077,1179898
2020-11-14,447.445068359375,451.41799547684326,445.10805240792314,447.7255273903653,99483
2020-11-17,460.859619140625,465.4401654305341,448.2397309897154,449.6886696995332,2651920
2020-11-18,464.739013671875,468.33802415391295,453.6148227957809,462.58897028158134,1035778
2020-11-19,477.96649169921875,480.30350765418854,463.6639654660141,466.5151135198666,2069434
2020-11-20,477.12518310546875,485.21125279801333,472.12396313626755,480.49049186695174,1000669
2020-11-23,478.99481201171875,487.5949850642638,473.9468347364828,473.9468347364828,962368
2020-11-24,493.4375,498.2517754368665,480.49045511172494,481.42526144462715,1020271
2020-11-25,492.5027160644531,497.2702628126965,488.0156568736765,496.3821853448426,676412
2020-11-26,498.8594665527344,501.6638857997894,483.3416458187296,490.7733682346367,1550087
2020-11-27,547.7965698242188,558.5468438054107,495.44740956797943,498.2518288674208,6312831
2020-12-01,540.73876953125,547.8432752968001,531.9048377047321,547.7498174799064,1003872
2020-12-02,538.2615356445312,542.1410051850529,528.3993391338287,539.9909617886433,785663
2020-12-03,535.1299438476562,547.3758850656174,531.5776908807409,539.3365727164902,815720
2020-12-04,530.4091186523438,544.2909694165904,526.8100801555048,537.5136237261305,786542
2020-12-07,530.9232788085938,541.5333080769562,527.5112128027935,533.2135657812507,822982
2020-12-08,523.44482421875,538.4484546426339,516.5739633503564,532.7461587613737,881862
2020-12-09,552.23681640625,557.1445494339822,519.2381657452792,523.0241198126058,3543808
2020-12-10,544.5247802734375,570.2319587412821,534.0082072638646,560.8838938438842,5622070
2020-12-11,544.6650390625,554.6206942186456,540.5051386574348,544.9921985204907,1564801
2020-12-14,568.0350952148438,569.7644641210928,545.9269024556492,547.375840871162,2356361
2020-12-15,560.9773559570312,573.3168131270983,555.5087607726903,571.7744166408778,1577660
2020-12-16,556.30322265625,566.1186890947075,553.4053458635065,563.7816732760272,1530565
2020-12-17,550.8346557617188,567.4274688966708,546.8617286730682,557.1913276923489,1064637
2020-12-18,572.1481323242188,575.8406282836751,546.7213918719127,550.5541315859983,3043164
2020-12-21,538.5419311523438,575.8874573375379,528.3058469655189,571.1666965432762,2236130
2020-12-22,539.05615234375,547.7965696687728,519.9860782905373,538.5419631608196,1787973
2020-12-23,546.2073974609375,552.0032088636043,539.3833217854356,541.252934685905,1185209
2020-12-24,537.093017578125,554.8543395706363,534.0548967109848,549.6661753471928,1179334
2020-12-28,531.9049072265625,546.3009503851719,527.6515489929931,540.5985964079812,1644095
2020-12-29,531.9049072265625,539.4768171783649,528.305924964941,536.5789398032458,1115831
2020-12-30,534.3821411132812,547.7965911282124,530.175512000522,534.5223278500712,2212476
2020-12-31,537.093017578125,540.7387854411155,532.3722565650108,535.6440790373155,937682
2021-01-01,543.4495849609375,546.3942474402189,534.7091694367925,537.980991277752,897472
2021-01-04,569.5307006835938,573.5970849977759,546.3942462856965,546.8616494048459,2593184
2021-01-05,575.8408203125,583.7399468724798,563.9687660149747,569.3906324573538,2563883
2021-01-06,570.55908203125,583.0387821120152,562.8937149460221,575.8407611859791,1426472
2021-01-07,601.3609619140625,604.165381189635,572.1015322168001,574.9059514923727,2347094
2021-01-08,593.60205078125,605.75453371063,585.1887933686023,605.5675610235826,1843346
2021-01-11,583.3659057617188,597.2010286733338,580.2810561414885,595.4716597054019,1291025
2021-01-12,582.5713500976562,591.0313364642253,579.0658261565874,581.4495710253035,1598149
2021-01-13,571.2134399414062,588.0866840688824,565.5578726263536,588.0866840688824,1519267
2021-01-14,576.6820678710938,579.1125415912672,568.3622684220993,574.9059129598537,909426
2021-01-15,562.42626953125,581.402827235288,558.5935292201547,577.7103307006671,1241426
2021-01-18,555.415283203125,565.1839651034743,545.3193277508026,562.4730605925096,1020263
2021-01-19,577.1026611328125,579.5331918081428,556.2097626198483,556.2097626198483,1364200
2021-01-20,578.03759765625,582.2910130321231,572.148327901431,580.5148577945456,1053480
2021-01-21,562.0056762695312,586.6845335067194,554.5739532222186,581.4496399565445,1389016
2021-01-22,575.700439453125,580.4212569328126,559.2011424223825,564.809980245965,1436902
2021-01-25,570.6992797851562,582.2441154481518,562.239293682762,576.7755210932701,950878
2021-01-27,583.7399291992188,587.5726130193292,568.1286492684138,573.924460968337,2875863
2021-01-28,595.5651245117188,598.2760858481396,574.4852519606239,579.5799581653853,2668310
2021-01-29,622.9082641601562,644.5490566136245,595.4717172775618,602.9501689859142,7382301
2021-02-01,682.40869140625,688.9523363923373,611.5971045925193,621.5528158580604,4025736
2021-02-02,710.2191162109375,747.6580986848843,682.4086276195911,682.4086276195911,7499430
2021-02-03,713.9116821289062,729.1490155293991,699.2819386743874,712.322499786413,1420512
2021-02-04,733.3556518554688,737.7959824435038,707.6952036776129,710.4528940856039,1372037
2021-02-05,735.6926879882812,742.9841670043993,727.1391860107208,729.1490427329852,1027482
2021-02-08,740.6004028320312,746.9103463083534,726.2511467860771,735.3655095852091,961871
2021-02-09,730.0842895507812,746.777870799675,725.3214464215342,745.0802311530197,515443
2021-02-10,749.984619140625,753.3798986643783,725.9345594141334,729.9900481688034,1191178
2021-02-11,729.7543334960938,761.9625768630204,728.1981299852227,753.8515410084573,1412790
2021-02-12,710.8914794921875,733.9041089520329,707.6376363318259,732.8194753770211,1112501
2021-02-15,718.0592651367188,721.4074565525799,704.1951599623557,716.5031194358561,716808
2021-02-16,722.7750244140625,732.1592751414911,718.2479657531711,724.8027976219583,1293232
2021-02-17,746.070556640625,748.8999753934986,719.002439058533,725.9816950081567,1332822
2021-02-18,730.2730102539062,759.2274086559567,722.3978173017921,752.6254311893831,2615406
2021-02-19,725.9345703125,740.3645948520966,710.4670576616951,730.2729894985027,833264
2021-02-22,722.7750244140625,732.7723389200663,717.0690412287372,725.9345766783497,580147
2021-02-23,755.9263916015625,762.7641537214768,721.5017961013042,724.5198543430286,2416382
2021-02-24,747.7210083007812,773.0914846982291,735.6959792863705,768.0928566992901,2177256
2021-02-25,759.3217163085938,775.2607995689103,746.9666098036216,747.9097494624646,2507715
2021-02-26,742.9581909179688,756.2564357333489,732.819440613471,748.8528131880256,1047053
2021-03-01,755.1248168945312,756.3980324519644,737.7238780764351,737.7238780764351,820946
2021-03-02,771.91259765625,779.8349355575521,757.9069404108332,757.9069404108332,1561606
2021-03-03,815.2970581054688,832.7451411200583,775.7323394324243,775.7323394324243,5093443
2021-03-04,843.1196899414062,847.7882426571166,806.4315350391813,810.1569481179672,2291998
2021-03-05,805.1582641601562,843.0252834386031,796.4813685844898,839.2999281807975,1720949
2021-03-08,830.9531860351562,842.9310712316063,796.0098731406722,805.1111938866939,2415261
2021-03-09,808.7421264648438,837.9323056909981,804.1679228862156,831.3774746107986,1032759
2021-03-10,829.3499145507812,832.2265368345263,811.5246078486753,815.8158821900332,1138075
2021-03-12,833.6411743164062,870.2821273371893,830.0100520612651,834.6786049237741,4138878
2021-03-15,813.7880249023438,838.7812256557744,807.5633262311333,835.2444519642512,1224661
2021-03-16,810.4869384765625,825.907304452572,803.6020313661558,819.3996186183414,1122074
2021-03-17,791.3413696289062,816.4289206904161,787.9460896667434,808.2707390960715,1118124
2021-03-18,809.4967041015625,822.4177280855661,799.8295232381714,801.8572963963614,1822115
2021-03-19,845.4775390625,855.3333597816294,793.9820803458755,793.9820803458755,2575250
2021-03-22,843.4968872070312,858.2570451299151,837.5079737091919,848.8256490295863,868118
2021-03-23,841.7521362304688,847.6939045026899,823.4080585554242,839.2999961704015,1072058
2021-03-24,816.287353515625,838.4511349224617,813.3164406416046,838.4511349224617,867026
2021-03-25,806.903076171875,822.4177341606616,781.8627312146656,819.1167455487781,1484307
2021-03-26,819.9654541015625,826.7560120338957,776.6753306772908,815.8156175298805,845909
2021-03-30,846.8451538085938,856.2765507434721,818.4094690240643,824.3040921083632,1413577
2021-03-31,867.3584594726562,872.4042339077645,836.3762853837187,846.8451707294197,1419494
2021-04-01,844.4401245117188,881.1282826123797,837.6967100586312,876.6483689464351,1546599
2021-04-05,831.8964233398438,852.5983528223043,819.3998213764638,838.4512562599873,858911
2021-04-06,829.114013671875,844.1099565970667,823.9267457821724,832.9337751696678,591892
2021-04-07,838.0267333984375,850.7119733386509,830.57596462308,832.7923197982581,1058739
2021-04-08,835.480224609375,850.4761678671132,831.3304447443927,839.2999861918739,600468
2021-04-09,821.427490234375,841.2334228977313,815.4385189140307,835.4802364900461,739583
2021-04-12,771.91259765625,819.4940007886238,767.7156150292126,818.8809370382234,592537
2021-04-13,791.9072265625,795.6325821113903,758.2842751663792,764.0374039794578,816561
2021-04-15,800.3010864257812,809.0251276206822,783.277428363801,791.9071786257069,520399
2021-04-16,800.81982421875,815.8629125937172,792.2372767465321,804.0265219362127,410768
2021-04-19,792.2373046875,820.6257850795984,771.1109535366296,778.0902099609375,773487
2021-04-20,786.0125732421875,806.3843657726806,777.3828227931368,794.1235508544995,407772
2021-04-22,807.8461303710938,810.156833668063,778.0900905426681,786.0124853995148,415850
2021-04-23,802.1402587890625,819.4940510820915,796.2927815448022,809.213806044698,955435
2021-04-26,826.8976440429688,831.8491269414296,802.1402295506643,802.2817235164895,1150871
2021-04-27,844.25146484375,848.0240233727915,819.2582645888499,834.1127137969509,1520592
2021-04-28,832.3207397460938,855.9935218960046,829.1612449496985,845.053125,881427
2021-04-29,809.2137451171875,841.7992055084478,806.3843264279666,836.5647924463232,1075088
2021-04-30,789.9736938476562,812.3732590049465,786.0596991063435,812.1374741085539,637991
2021-05-03,789.8794555664062,793.7463050991297,774.8835121303797,784.6921874999999,737792
2021-05-04,797.2359008789062,804.4980873893769,787.6158653432616,796.95297050882,754444
2021-05-05,803.7906494140625,809.213701610168,786.3897138979733,792.7559056064449,869383
2021-05-06,792.0958251953125,810.9586185089086,789.4550456443444,804.7339197412925,543158
2021-05-07,790.4923706054688,797.3772772304957,788.5588886382823,795.0665740137268,307073
2021-05-10,782.52294921875,796.9529737994623,780.3065365871307,789.4078568877514,1104127
2021-05-11,782.3814697265625,798.6506283684542,760.1705429196974,778.1844868538352,1071007
2021-05-12,785.588134765625,819.588305548458,781.5326460324624,783.5603616167075,2579689
2021-05-14,770.0263061523438,795.2081439459713,764.8861840315527,792.1900858375983,562288
2021-05-17,760.1705322265625,773.7517657537503,750.8334269810366,771.4410621763551,930488
2021-05-18,788.8419799804688,803.9322134946649,764.1317110880382,764.1317110880382,1897253
2021-05-19,788.6533203125,809.2137514350962,786.4841108134287,794.0292273769262,1047739
2021-05-20,800.2539672851562,817.277625907162,782.8530297894151,788.4647220393525,1804044
2021-05-21,786.1068115234375,810.3455093664882,782.8058231127212,803.5548931229379,1404966
2021-05-24,792.0958251953125,802.6118554935131,783.8433531206142,787.8516966997533,849667
2021-05-25,762.5755004882812,805.4412061703521,759.2273664720532,796.0098103135564,2094171
2021-05-26,757.0110473632812,784.6450270209514,751.4936459866593,768.375868396619,1800521
2021-05-27,727.8679809570312,757.5768781389509,704.5252760283801,738.4783013791454,8431138
2021-05-28,746.070556640625,759.2273653544217,731.9706083425372,737.1578760561388,3272553
2021-05-31,742.1566162109375,749.6073849332349,733.2910804440077,744.608756283658,1417432
2021-06-01,735.5074462890625,748.9943895789954,727.8680380121815,746.1177675428844,829538
2021-06-02,749.1829223632812,751.9180502442251,733.8569037788113,735.5546011199066,688179
2021-06-03,763.0470581054688,768.4701106365927,747.1080339006202,749.795958651048,1802557
2021-06-04,764.603271484375,774.2233067443289,758.7557945565857,766.3009112209147,1613019
2021-06-07,766.7254638671875,777.1471464910549,764.8863298595212,764.8863298595212,892435
2021-06-08,769.9791870117188,777.6185946917358,762.5283611986275,770.7336871734396,756283
2021-06-09,778.6089477539062,796.0098862833437,766.8668472786158,773.3745340667557,2275027
2021-06-10,791.8600463867188,796.7643841990176,779.5992306383104,779.6464336737,1807203
2021-06-11,785.7295532226562,795.9155066366354,782.9944830067827,795.9155066366354,1129896
2021-06-14,782.7115478515625,787.993106388562,764.9804779816274,787.993106388562,672798
2021-06-15,798.414794921875,801.6686379653746,779.4577125087976,786.5784047801441,1581089
2021-06-16,800.63134765625,806.7617559612299,786.2012635943214,797.8490739125921,2097530
2021-06-17,791.6714477539062,800.6312744574044,784.2206214693374,800.6312744574044,1099474
2021-06-18,785.6824951171875,796.9530257517002,771.4882545146637,796.9530257517002,1079697
2021-06-21,777.9959106445312,785.3052428412152,772.9029335719395,778.0902015824894,583316
2021-06-22,785.9653930664062,796.0569986900839,780.4951946875368,782.0513981136615,736130
2021-06-23,778.6089477539062,797.4245957968805,776.8170169088995,796.9530259590349,558645
2021-06-24,784.5506591796875,791.2941303966606,778.6088911675936,779.976455110892,793824
2021-06-25,809.1666259765625,816.6645972598634,784.6921420056397,784.6921420056397,2302682
2021-06-28,822.323486328125,826.1903358788566,808.3649734145039,818.6452186562185,1916265
2021-06-29,802.564697265625,829.2555378671515,793.6991615232903,822.2291359565929,950940
2021-06-30,848.3540649414062,853.3998387442604,813.9294697547899,815.8157489430977,6332967
2021-07-01,839.0169677734375,858.2570386998304,835.7159791630536,853.4941952177825,2181638
2021-07-02,831.2360229492188,845.1945344011151,825.6243886542687,845.0530404421374,679515
2021-07-05,830.5286865234375,844.5814892134948,825.9073371458292,831.2360412045208,732396
2021-07-06,819.91845703125,837.5080350730126,818.173671650719,830.8117663770162,673591
2021-07-07,817.6548461914062,835.4330037223053,811.8073694555569,820.4371193829855,1087702
2021-07-08,818.12646484375,836.5648326755814,812.514772660669,819.1167499196646,728453
2021-07-09,812.986328125,822.4648695095786,807.5161300055389,821.427438984476,660070
2021-07-12,808.0347900390625,820.2484584309059,801.7628891564577,813.2220574393716,805912
2021-07-13,813.033447265625,818.5979937028886,806.0542490511515,815.3441507036301,324728
2021-07-14,811.0057373046875,824.0681972916831,809.2137491001591,812.9863073710223,757649
2021-07-15,824.4454956054688,834.8671765617954,812.9863265613626,813.929466151341,1446545
2021-07-16,808.7421264648438,828.0293408771429,806.1013473607492,828.0293408771429,481154
2021-07-19,812.609130859375,817.5606142134808,798.0848142261382,808.2707113273631,753116
2021-07-20,805.2996826171875,817.6076998098051,793.7462231171261,812.6090141376345,535458
2021-07-22,815.7685546875,823.2665255255253,811.1000024627168,815.8157001514536,583591
2021-07-23,809.4967041015625,821.4745884891377,805.0167910185276,821.4745884891377,398781
2021-07-26,803.4606323242188,815.6742438501473,801.6686440939048,809.2137607442004,321947
2021-07-27,797.5659790039062,814.4009968509858,795.8211363074041,803.5548920869021,423068
2021-07-28,789.0305786132812,800.5368934252808,774.8834843931196,799.7823932464737,755307
2021-07-29,794.170654296875,797.3773518239644,783.74897368084,789.0305321863951,557740
2021-07-30,803.9321899414062,809.4023879171043,793.6048001697612,794.2178063495123,443239
2021-08-02,811.5245361328125,821.7104330002533,804.4509886464401,804.4509886464401,482392
2021-08-03,857.9740600585938,862.0295486102375,815.7685652004886,816.7588502149515,2275514
2021-08-04,851.2660522460938,880.14427635359,848.2687809397033,867.2513637042468,2333513
2021-08-05,861.447021484375,876.6711367054857,840.0381094546882,856.3089174424846,1405685
2021-08-06,857.212890625,873.1030149777549,852.8834862485503,861.4946731794198,646165
2021-08-09,864.8250122070312,897.747141709406,859.2110958808624,864.9677034574544,3950297
2021-08-10,899.2219848632812,904.8834650557337,861.2092556572693,868.7261867464615,3247779
2021-08-11,898.9364624023438,907.7379043470081,866.8230931447845,902.980368160703,2618584
2021-08-12,902.88525390625,924.8650481791146,873.6739696789297,879.1927001208867,3816364
2021-08-13,928.2428588867188,941.4688325038111,901.7434059819003,902.9327900095025,4501067
2021-08-16,936.2831420898438,946.6545944346145,928.6710840240727,935.3316348316224,1977288
2021-08-17,970.2520141601562,977.0552565711671,928.1953795064454,936.2831916292591,3360843
2021-08-18,980.0524291992188,984.5720884600889,964.1146833845712,971.4888642838857,1643945
2021-08-20,943.9428100585938,976.056239669182,938.4716430563019,967.682928927096,934309
2021-08-23,928.1954345703125,972.8211532195887,925.8642299109501,951.5073650131343,1165189
2021-08-24,947.9391479492188,955.313329526741,932.4771543189304,935.7123023701956,852140
2021-08-25,941.7067260742188,960.2611172351294,939.5658347864214,956.1696477224174,528146
2021-08-26,933.523681640625,949.1759865439757,931.5255397701505,947.7011620133502,997156
2021-08-27,932.4771118164062,938.1861553581394,924.6271769465233,934.4752538258552,656459
2021-08-30,950.9364013671875,954.3142406050066,932.4771368564025,932.4771368564025,749688
2021-08-31,950.6985473632812,959.5951174380764,946.274015163279,952.6491257241543,413161
2021-09-01,957.1687622070312,966.6838350296562,947.7488168824743,951.5072822624902,653535
2021-09-02,989.8531494140625,993.183425161768,958.5009123273256,961.022430052177,1457864
2021-09-03,976.1989135742188,998.5118304919606,968.301472305795,995.0388054545723,923886
2021-09-06,996.513671875,998.9875676996273,971.4889826681843,975.2950119832409,579889
2021-09-07,989.0440673828125,1012.8317462957742,983.8583998400973,1002.8885429704666,1233627
2021-09-08,991.0424194335938,1006.1712917381335,982.9069860125746,989.5199149179786,643045
2021-09-09,993.3735961914062,1012.6416185313258,983.0021436523532,983.0021436523532,1222854
2021-09-13,993.5164184570312,1003.8402499299425,984.8101030118393,999.0827132004167,448594
2021-09-14,988.2830810546875,998.4166570368138,976.9601209467432,994.3251291836832,481487
2021-09-15,990.8045043945312,999.7010735793223,987.3789855173478,991.3753854904676,393516
2021-09-16,982.0032348632812,998.0836166134495,975.3426832244841,989.7104213865862,455660
2021-09-17,958.8339233398438,990.6618543229824,948.414906729839,988.6160903860574,904354
2021-09-20,936.4735107421875,972.9162292800934,928.7187028972287,958.8339326376224,668143
2021-09-21,942.6107788085938,958.2630282441658,921.6776171241183,944.3710441746284,600629
2021-09-22,972.6307373046875,976.5794576067916,939.660987362394,944.9418410648434,710873
2021-09-23,977.9592895507812,988.9016239500227,965.7799491504368,980.7185679134296,454649
2021-09-24,946.5593872070312,990.7569099552894,942.5630451988558,980.0524535452082,533414
2021-09-27,949.9848022460938,956.1695989844787,935.4743175906519,955.3607830273021,335525
2021-09-28,952.9345703125,973.3919774634923,946.7497728017349,948.7003511708198,438399
2021-09-29,948.6051635742188,962.8777723102507,944.8466983253184,955.0754012528079,270602
2021-09-30,943.8477172851562,951.507339755105,886.8048406517579,886.8048406517579,744956
2021-10-01,873.5787963867188,939.8988643434775,835.5661276268032,939.8988643434775,9096073
2021-10-04,849.9814453125,886.9951018959358,845.3666582145504,873.6739999178925,5686783
2021-10-05,856.2138061523438,859.7343947177093,842.464572360866,846.8414826364692,1292721
2021-10-06,839.80029296875,870.6291517357815,834.1388711746092,857.3080499605892,1533500
2021-10-07,853.4069213867188,858.9256521167259,842.6548424264915,843.6063497273685,978399
2021-10-08,840.7518310546875,863.8735050151429,832.6640189661618,861.11411060184,1057034
2021-10-11,865.3006591796875,867.7745546359938,840.7517272921732,845.8898893326739,1083385
2021-10-12,855.78564453125,873.4836561645574,850.8853589598643,870.6291344123856,594370
2021-10-13,854.501220703125,866.8708170731898,852.2176377569706,863.0172236652887,456620
2021-10-14,859.3538818359375,870.6292206436212,851.3611969080657,858.925691915623,890689
2021-10-18,866.06201171875,884.8542821011357,859.3538964378392,870.6292354371105,1187657
2021-10-19,864.2540893554688,905.8349709610944,860.1626194840645,870.5816362798415,1935874
2021-10-20,840.32373046875,876.6712643928661,828.8104568106396,870.5340885107873,1384833
2021-10-21,838.3731689453125,853.8351646017095,828.7629671828828,843.0355785580185,1543769
2021-10-22,842.3218383789062,865.8716440833715,838.8012497494219,847.7930053607517,956330
2021-10-25,826.431640625,850.1717589966158,808.3054384640461,843.9869616452135,1048967
2021-10-26,832.9019165039062,843.9870001075184,823.3868432219726,826.4316782872711,654920
2021-10-27,851.218505859375,860.876329302211,832.568983851268,832.568983851268,1374702
2021-10-28,851.5038452148438,903.9318704720665,841.1323931550598,882.8083983049039,4091480
2021-10-29,852.26513671875,868.0601353449272,826.0034992689987,846.841533261434,1394234
2021-11-01,868.48828125,878.8597339686548,852.5505341002465,852.5505341002465,1211268
2021-11-02,867.72705078125,878.2411943093109,855.78564637403,868.1552406600766,624307
2021-11-03,852.122314453125,869.8679480692712,844.9384462604712,867.727056735841,933131
2021-11-04,855.9284057617188,862.5413933100637,847.7930297178895,862.5413933100637,34666
2021-11-08,867.6318359375,877.2896574574542,856.4040623486761,857.9740724929378,734400
2021-11-09,877.2421875,880.0967094671943,865.8716633822633,871.9613334757702,1040287
2021-11-10,879.7161254882812,893.4654185712578,872.0089390374754,878.2413006829297,1736346
2021-11-11,872.7224731445312,883.7123704159168,867.0609933152131,879.1927109171544,527215
2021-11-12,878.0985717773438,890.8012302811973,875.1489220980142,880.0967721419173,398802
2021-11-15,880.477294921875,890.1351176649143,874.2924972042674,882.9036851021789,876359
2021-11-16,881.7142333984375,891.9905002809762,876.3381941023963,880.144223175588,579065
2021-11-17,879.5734252929688,884.806715763918,873.8167593146044,878.2412917611125,322082
2021-11-18,870.9622192382812,884.6639481455541,859.2586905874936,876.3382589320304,618377
2021-11-22,836.8031005859375,879.8588056014942,826.2413347866074,869.392225376718,699130
2021-11-23,852.3602294921875,856.8323254265392,825.337456961397,835.2330980566765,352603
2021-11-24,853.7398681640625,858.164400045056,848.9347682336091,853.5019913548778,532358
2021-11-25,851.8368530273438,861.1140485783257,836.8506140603729,853.0738008190627,582157
2021-11-26,832.806884765625,851.3137160421643,822.2927391951474,847.793126907937,508067
2021-11-29,831.6649169921875,837.2788331103757,801.1691206307629,831.6173532438086,461771
2021-11-30,835.899169921875,855.1671929052762,830.6658797288525,831.6649507869864,407386
2021-12-01,870.8670654296875,873.3885830312081,837.326432754029,837.326432754029,1143468
2021-12-02,874.95849609375,878.0033309644085,863.9685987707212,868.7261351075643,530045
2021-12-03,876.81396484375,895.5111062607556,872.6273095513968,874.4351966265939,682024
2021-12-06,879.5734252929688,893.4654094947829,870.6292328942773,879.6685527986441,543727
2021-12-07,897.9849853515625,906.1203608885427,878.2412095146937,882.9987458609271,958045
2021-12-08,899.3646850585938,910.0691418679882,894.4168356293947,906.0727997107352,693560
2021-12-09,899.3171997070312,905.0262438363876,894.749917943226,901.3629056748106,506043
2021-12-10,925.9116821289062,946.7497141427073,900.1258588733679,903.9794516223876,1868676
2021-12-13,945.703125,952.4112398236745,929.8605052868272,940.0416449720718,1182294
2021-12-14,917.0626831054688,940.8028007936723,912.6857729514029,935.331634063393,652333
2021-12-15,892.0381469726562,925.6739088043452,889.6593785807291,921.9155012054205,360472
2021-12-16,893.2274169921875,908.0709066302894,888.2320040076772,901.0773516821322,420664
2021-12-17,871.2952880859375,895.8441659902943,869.6777139831428,893.2275207895791,589258
2021-12-20,850.98046875,868.107598906698,835.8515386234856,867.7745946060303,443183
2021-12-21,858.1644287109375,868.6785724130364,847.8405400022275,847.8405400022275,331318
2021-12-22,880.9053344726562,884.1404821105656,856.9273419530516,858.2594752334588,599748
2021-12-23,889.4214477539062,893.703230599472,876.3382223924554,888.7078172796453,365411
2021-12-24,873.8643188476562,889.7068803896478,870.7242983286092,889.4214398175698,220755
2021-12-27,874.95849609375,883.902687637173,866.4424944357218,870.6291496423016,227959
2021-12-28,893.8458862304688,896.652786008022,880.2869086407792,882.4277998391512,327873
2021-12-29,893.4178466796875,901.505659234189,889.8972578350009,893.5129741854627,251667
2021-12-30,887.1854248046875,899.1743934876982,881.0481911388191,885.2824102152955,352159
2021-12-31,896.1294555664062,898.6034090936022,885.853189579488,887.185322869162,144411
2022-01-03,896.5578002929688,908.4040784123177,893.3702739014981,896.6529277977829,151922
2022-01-04,903.4086303710938,911.7343193637896,889.8020874038245,901.220175165236,236996
2022-01-05,884.2357788085938,902.0289780712825,882.2852003339627,902.0289780712825,471227
2022-01-06,895.9868774414062,899.079276184237,862.065618770658,862.065618770658,714262
2022-01-07,897.794677734375,900.2210096706087,889.9923064640943,899.1743748982398,217166
2022-01-10,905.9776611328125,909.6409408548421,889.6117246404289,894.4168246899076,453512
2022-01-11,927.5293579101562,937.2347445448888,902.3144130061567,907.7380165439838,640620
2022-01-12,926.9583129882812,935.9024456988964,916.3014208811279,935.9024456988964,201156
2022-01-13,928.1478271484375,932.7150506705357,917.2530567165483,926.9584429981307,302741
2022-01-14,938.9950561523438,968.634534945929,921.0591648601761,929.6227314756117,1457453
2022-01-17,953.1724243164062,960.2611652163941,938.1861845530088,949.6042719917879,479224
2022-01-18,939.9464721679688,976.1037499177576,933.4286703300737,958.1678603694029,870391
2022-01-19,917.7763671875,943.8001270446617,904.6931416330596,940.0892252936069,1298605
2022-01-20,902.0764770507812,917.2530299814246,894.9401723569424,917.2530299814246,1794379
2022-01-21,876.6237182617188,902.0289763629711,865.8716967197296,902.0289763629711,527085
2022-01-24,852.6456909179688,882.760920991994,845.7948846365548,875.3867392213791,899243
2022-01-25,884.3309326171875,888.4224025066959,834.662238551061,845.1288191441935,736229
2022-01-27,862.5889282226562,883.4269612508916,856.2138177195809,883.4269612508916,435590
2022-01-28,888.42236328125,898.9840709105695,870.6291654434468,870.6291654434468,357392
2022-01-31,896.31982421875,901.3628009989573,888.4223257053619,900.0307257020422,234218
2022-02-01,905.9776611328125,913.4469698960758,891.6574304048554,903.741584225851,232623
2022-02-02,901.8861694335938,946.6070124522109,898.0801402405199,921.0115009740276,1896737
2022-02-03,881.6666870117188,906.4058781041954,877.4800895182317,903.9319822251076,359291
2022-02-04,877.7655029296875,886.9475718002494,870.676761778753,884.901807831555,337862
2022-02-07,865.8717041015625,881.0006944693216,861.1141672658397,871.0098671143036,191141
2022-02-08,863.8258666992188,873.6264382091281,855.1671736234265,870.2009771329649,252050
2022-02-09,886.9951171875,889.6593260139598,860.2101634468675,860.2101634468675,248726
2022-02-10,885.092041015625,896.55769157457,874.8633382462681,887.0901829776215,710697
2022-02-11,893.3226318359375,908.6894984162778,875.8624955939097,875.8624955939097,1073008
2022-02-14,907.4049072265625,919.3938752807911,874.4351579643436,876.861489823486,2047449
2022-02-15,905.1688842773438,919.1560532240941,893.5604835842789,919.1560532240941,832141
2022-02-16,911.1157836914062,914.3033679223432,896.6052976818778,914.3033679223432,1192259
2022-02-17,937.425048828125,943.8952871653885,910.1643401369889,918.2045888252014,1504969
2022-02-18,927.5293579101562,954.3618769325112,924.1039546627918,935.331729835153,1473610
2022-02-21,931.2229614257812,939.6655004325936,916.4484742468935,927.2415078352501,330919
2022-02-22,911.6515502929688,922.3966263170048,893.4712735167407,893.4712735167407,583726
2022-02-23,926.2821655273438,935.3483258291446,913.8581724142061,923.883713519246,323259
2022-02-24,890.0175170898438,918.8468963850438,881.9107381905002,898.9397461892833,425308
2022-02-25,920.6217041015625,924.7470879912934,896.0615813957511,911.4116727258711,491736
2022-02-28,918.3672485351562,920.573812610469,898.172294895953,914.2898802340077,199733
2022-03-02,924.1234130859375,930.5033178444407,906.7586467062347,912.3230427769278,389889
2022-03-03,912.37109375,944.9900392678759,909.9246845473501,944.9900392678759,270549
2022-03-04,911.1238403320312,927.7211143270017,899.9470320266012,903.736597410585,667925
2022-03-07,904.2642822265625,925.610503159261,872.2210014431839,903.97647972293,405357
2022-03-08,907.0465087890625,913.7621737946631,887.5230761034953,908.5335371862551,325198
2022-03-09,959.7164916992188,961.4913811867416,906.6147916128474,909.3970191576384,1044481
2022-03-10,954.248046875,986.2433701395393,942.3517026454887,969.3102771812025,893014
2022-03-11,955.2073974609375,967.0557254365149,941.4402495694172,946.9087311565875,424501
2022-03-14,989.4572143554688,1004.6633743032149,955.543131649524,955.543131649524,1164727
2022-03-15,989.073486328125,1008.2611003379777,980.4391185796421,996.077012286482,1164730
2022-03-16,984.8043212890625,1004.5675409436952,973.5315976893095,997.228254922326,526200
2022-03-17,981.7343139648438,999.8665750838629,971.0372536901414,989.121557482646,769485
2022-03-21,1011.187255859375,1033.1090813899232,979.3358049693127,991.1841917251443,1739686
2022-03-22,1009.12451171875,1016.2719678173285,989.2653791392354,1016.2719678173285,661241
2022-03-23,1042.8948974609375,1052.4406891366018,1007.3497936129734,1021.1648999191902,1118357
2022-03-24,1049.5623779296875,1066.5913836045065,1019.8215792863417,1042.8467137198998,2168244
2022-03-25,1042.2232666015625,1068.5583387660315,1036.1792380726013,1055.127008108016,1117373
2022-03-28,1064.3367919921875,1073.5468217321243,1034.595995322218,1049.5623082886004,1597873
2022-03-29,1077.048828125,1083.7644934106352,1052.2967577988954,1069.6615260436563,1020641
2022-03-30,1062.802001953125,1086.546674627734,1055.4627160676832,1082.6131200102961,1031415
2022-03-31,1075.753662109375,1087.8418359155091,1039.9687139452778,1062.5141611571912,1307804
2022-04-01,1090.5279541015625,1096.5720991305054,1063.9531565491955,1078.3438665115382,572374
2022-04-04,1082.421142578125,1103.143739744879,1073.546872186946,1093.6938644263794,713929
2022-04-05,1081.078125,1097.291682351775,1076.5210666470637,1076.5210666470637,674194
2022-04-06,1073.786865234375,1086.5945743568939,1069.2778227187598,1079.7829947029609,528618
2022-04-07,1067.69482421875,1080.6464639085254,1051.769127726296,1073.5470231747122,740284
2022-04-08,1084.9637451171875,1088.7532523450152,1063.2817629596755,1073.0674000491995,487992
2022-04-11,1076.28125,1114.8004097845585,1070.7169120255337,1086.88245392576,1122004
2022-04-12,1050.76171875,1082.4212820631706,1040.976082388872,1074.5063912348778,554348
2022-04-13,1040.8800048828125,1064.1449859919821,1039.201088720295,1055.222816081171,446415
2022-04-18,1036.898681640625,1042.319088771421,1017.5671375935814,1027.496704169478,415943
2022-04-19,1024.3306884765625,1055.414645423725,1017.902884870209,1047.3558244208461,518913
2022-04-20,1057.477294921875,1072.20376410739,1010.5635588919395,1026.5372697359094,742189
2022-04-21,1046.4444580078125,1068.0785387999251,1034.8359754096607,1064.864519889847,619016
2022-04-22,1017.6150512695312,1041.8874295768082,1011.9547988867652,1041.8874295768082,615091
2022-04-25,958.3734130859375,988.1621736983724,951.8975930155841,983.3652699425551,1328456
2022-04-26,981.830322265625,983.9409131553284,958.4693649346377,962.7386211541858,688687
2022-04-27,986.8189697265625,993.3428053652306,967.199681154353,976.6495576760879,365432
2022-04-28,990.3687744140625,999.3868595864498,984.2287143197415,988.1621518903219,538063
2022-04-29,988.5938720703125,1003.2244288789447,983.3652936949428,999.290991126547,310154
2022-05-02,989.1215209960938,995.4534103172379,969.9339066217757,969.9339066217757,380054
2022-05-04,972.572265625,998.715391877312,969.3583634347128,989.1215840782985,282149
2022-05-05,976.0259399414062,992.2875132104806,972.5721928147038,973.7714186998021,219580
2022-05-06,967.63134765625,976.0259287557325,959.3806970837104,964.177600569129,315938
2022-05-09,948.587646484375,970.7493167497718,939.5214873554584,967.631329542617,362497
2022-05-10,941.392333984375,959.7164823623524,938.8499516472847,954.391931063491,212762
2022-05-11,938.993896484375,959.3807371487867,934.5807685158718,941.5842361858673,414179
2022-05-12,918.8948974609375,935.9718635982156,908.6295114251046,930.5993546637761,265926
2022-05-13,959.66845703125,967.9671231154528,926.473909806335,939.2336608006082,540269
2022-05-16,952.1854248046875,970.4136596372206,931.2709354974986,944.9900689497402,437523
2022-05-17,967.1516723632812,975.6901841226248,951.7056663221671,955.5911464946508,421716
2022-05-18,960.6759033203125,986.2434240689968,954.535901572522,972.188472472869,420323
2022-05-19,951.177978515625,981.9261173274895,942.3037073038231,947.8681034876009,549408
2022-05-20,967.7273559570312,978.5683465160677,952.5691521045416,973.7714428566752,698976
2022-05-23,973.483642578125,991.0402983005256,967.9672033571879,968.0151606827011,763680
2022-05-24,974.5869140625,981.7343123802394,960.0523307948362,970.8933215875378,169418
2022-05-25,970.509521484375,984.3246273965319,961.1555593819226,983.3652466680752,333619
2022-05-26,986.4832153320312,990.0808929955324,950.9861290521526,961.2994716875228,318489
2022-05-27,974.01123046875,984.3725886053711,927.7690702142519,964.1296212256644,1459108
2022-05-30,988.5459594726562,1009.2205446033013,974.8747836295696,986.2914381068799,776721
2022-05-31,984.2766723632812,995.5493966195262,973.963387450758,986.2434498229655,381120
2022-06-01,984.564453125,991.9037389750603,965.1369937576127,984.3246079476249,372917
2022-06-02,983.8929443359375,990.0809031357744,975.9779948392197,984.9002238248924,291248
2022-06-03,968.686767578125,996.5567670167156,964.7532713184212,988.1621853450947,378985
2022-06-06,970.3656005859375,974.7307709691468,950.6023234425602,972.9559401333644,235955
2022-06-07,969.1663818359375,973.291707079347,959.1887992675494,972.044523897286,154031
2022-06-08,969.8859252929688,977.8487733500449,961.2994563617807,973.3876296960456,122402
2022-06-09,978.7122802734375,983.3652534160003,963.2182579801603,968.8786277392776,172460
2022-06-10,967.4874877929688,973.2437720475085,955.9749192838891,962.2588512172381,169367
2022-06-13,962.546630859375,972.380282894009,951.8975286637611,964.1775897372848,335373
2022-06-14,967.8712158203125,981.1107165993054,954.7757041276334,957.4619584320841,276057
2022-06-15,958.6132202148438,974.7308044832985,950.9381745102509,970.7973669820752,480528
2022-06-16,935.8759765625,965.0891338260525,927.5293518363483,962.7386391393836,465459
2022-06-17,935.1563720703125,944.2225317333517,924.0275789592075,932.8058775567907,310344
2022-06-20,921.96484375,937.3149348009885,912.2271063171489,930.6951846128695,323357
2022-06-21,925.034912109375,935.8759026534215,918.7509800354503,927.7211664437299,301832
2022-06-22,924.651123046875,939.8093266595873,919.4705023102515,925.0348987559369,412002
2022-06-23,945.5176391601562,950.7462756973307,915.5849495460834,925.8023774449285,301240
2022-06-24,956.0708618164062,964.0817261045167,945.9973640771661,945.9973640771661,173243
2022-06-27,966.4321899414062,987.2028069204725,960.2442308535783,960.8198358900421,292975
2022-06-28,960.4840698242188,965.1850004074407,952.6650932198213,960.9637602034835,320171
2022-06-29,980.5830078125,986.2433774674273,948.8275294895775,955.5431945112429,775732
2022-06-30,982.59765625,994.2062562932078,972.9559505787471,984.2765724581778,395286
2022-07-01,984.4205932617188,988.354031030648,972.81210926584,974.7308708225773,149758
2022-07-04,1009.4124145507812,1015.840218317208,985.3798814656881,986.2433475074813,454505
2022-07-05,1026.6334228515625,1037.7622172749666,1005.4311295160228,1011.9549661324596,512099
2022-07-06,1059.012451171875,1071.484401318838,1021.0209956850463,1026.4894192893346,1140872
2022-07-07,1084.3399658203125,1089.8564044873922,1057.5253238398743,1059.0122935612549,785823
2022-07-08,1072.87548828125,1102.0405679974951,1063.041836063845,1086.978337787304,576555
2022-07-11,1066.1116943359375,1086.978222436551,1058.1968043667393,1076.3291211730987,421468
2022-07-12,1048.794921875,1071.2924692885713,1041.6475825900839,1055.3667732810684,208348
2022-07-13,1042.99072265625,1057.7652084510728,1040.5442550939756,1048.6030761740515,97071
2022-07-14,1045.5810546875,1056.518018322252,1040.4003753750485,1042.9907735872264,142589
2022-07-15,1082.1334228515625,1083.8603549708955,1041.1679134606457,1048.3632687713618,535193
2022-07-18,1106.74169921875,1133.940122256904,1086.115011426808,1094.7015401003714,1187316
2022-07-19,1103.5277099609375,1120.55671830852,1092.111055590036,1110.0035300367788,597846
2022-07-20,1112.0179443359375,1136.5301636215704,1107.2690575766835,1117.9181579935941,840829
2022-07-21,1171.307861328125,1175.2412985785393,1107.1732881709324,1108.3725139858086,1189647
2022-07-22,1150.9691162109375,1176.1049638158042,1141.711185041349,1175.2414976604462,794692
2022-07-25,1138.6409912109375,1168.3817937164208,1134.9473988382827,1154.8545489024368,806178
2022-07-26,1133.4603271484375,1155.0463937740644,1124.202396707416,1144.3493922246678,665554
2022-07-27,1137.3458251953125,1155.4781439329115,1130.0545552634253,1138.3532217798079,788032
2022-07-28,1159.5555419921875,1163.2971502591656,1134.611643028207,1141.7589826173546,879886
2022-07-29,1177.0162353515625,1193.661467738553,1167.038652250941,1176.1048704949474,978782
2022-08-01,1173.1787109375,1205.2700668605607,1170.444499259153,1182.9164488414226,623028
2022-08-02,1159.582763671875,1184.065245350158,1152.6637578031127,1182.3234745421935,418124
2022-08-03,1142.8900146484375,1174.0011452876959,1135.1000649911598,1161.227687970496,1421116
2022-08-04,1140.083740234375,1153.8733196272199,1118.6978196784298,1146.7123916155213,418185
2022-08-05,1134.5196533203125,1154.937886421927,1130.3102259141879,1138.0033133072359,308759
2022-08-08,1151.84130859375,1156.0023041918366,1136.067916337895,1136.067916337895,444334
2022-08-10,1129.5360107421875,1187.3070492413806,1068.136135198417,1157.6474489646644,2244675
2022-08-11,1197.6129150390625,1208.257503214004,1122.5202075392624,1137.0355550505458,1889729
2022-08-12,1209.370361328125,1247.7392865950214,1198.725773230818,1200.274053328823,1482543
2022-08-16,1221.079345703125,1230.562752956312,1209.3703227944075,1209.612245243456,363270
2022-08-17,1206.46728515625,1231.530475162518,1202.112680958774,1227.2241845804058,557068
2022-08-18,1206.7576904296875,1227.7080814544288,1184.5975689504683,1204.7738789608366,550201
2022-08-19,1184.8394775390625,1219.531135082403,1167.033960650171,1201.8707952964446,453180
2022-08-22,1162.9212646484375,1188.274691193496,1157.1151256112912,1184.9362084976174,679686
2022-08-23,1161.0826416015625,1185.371633184217,1147.7285925621861,1155.4216796106202,1023358
2022-08-24,1160.5020751953125,1175.452836418266,1120.971967678816,1163.163222334597,684900
2022-08-25,1159.727783203125,1186.8230973611633,1152.8572093097187,1173.952894011812,858503
2022-08-26,1167.5179443359375,1182.5171388135232,1161.2279595550146,1165.8244868949198,322555
2022-08-29,1145.357666015625,1167.0339419625577,1132.1486761318536,1132.1971078741233,655197
2022-08-30,1154.0670166015625,1161.4698683818744,1147.7770318946414,1151.551046344037,1089848
2022-09-01,1183.000732421875,1196.741879772945,1151.5508152000257,1157.5504444657172,825029
2022-09-02,1162.77587890625,1196.0644270380465,1159.098729051582,1191.9033142242545,395426
2022-09-05,1172.307861328125,1178.6462773112748,1151.6961376991442,1162.776139607294,332428
2022-09-06,1182.662109375,1186.3876914693014,1172.888466047678,1178.210759932736,429296
2022-09-07,1186.6781005859375,1209.6123025926129,1180.6300390729743,1182.6621641160898,1371395
2022-09-08,1193.500244140625,1215.0313431456036,1183.1943236882826,1193.7905983439816,767969
2022-09-09,1180.4849853515625,1207.14477241137,1170.5177316859765,1199.9355295849139,376617
2022-09-12,1181.5008544921875,1193.3067413319197,1174.7754574025132,1175.7431472356288,258428
2022-09-13,1197.4676513671875,1207.725257367876,1183.6780722283927,1183.82324931825,674888
2022-09-14,1191.12939453125,1202.7899857072161,1176.17851629466,1180.6782974751131,353324
2022-09-15,1207.9671630859375,1212.5152576638893,1178.2107032510096,1192.2422046365853,432408
2022-09-16,1152.9056396484375,1219.1923902759254,1144.6318446919008,1207.9672123350497,1452065
2022-09-19,1163.2115478515625,1173.9044490499214,1137.4709051903903,1152.9056280644324,452318
2022-09-20,1193.69384765625,1213.289566887912,1163.2599313565406,1169.7435241508852,903140
2022-09-21,1212.999267578125,1241.981532305277,1192.1939351067012,1195.9195175286684,1689177
2022-09-22,1213.8701171875,1226.9822431929747,1185.0329136964635,1208.1607237025528,759472
2022-09-23,1179.61376953125,1219.289048079881,1175.7430106484567,1216.8698237781352,596214
2022-09-26,1153.292724609375,1166.2596731329286,1124.9393668650096,1159.2923539821777,590593
2022-09-27,1151.018798828125,1164.9535581577127,1133.9874788147258,1150.5833855878516,424561
2022-09-28,1139.358154296875,1151.5510238655024,1137.0356748251809,1141.341847789991,344391
2022-09-29,1143.08349609375,1164.6630243710108,1121.5523995535714,1145.067307295118,484280
2022-09-30,1157.2117919921875,1161.1792964382216,1112.8432395033155,1132.1970349729386,456403
2022-10-03,1144.9222412109375,1161.1793594113617,1132.197096374311,1151.55089289353,461834
2022-10-04,1176.614013671875,1194.080743125415,1161.3244680722437,1167.0338613341917,586517
2022-10-06,1189.387451171875,1200.4191379756073,1177.4849380918458,1177.4849380918458,444453
2022-10-07,1198.725830078125,1201.19348650455,1166.501710059448,1189.387599179218,711813
2022-10-10,1185.1297607421875,1209.0317718950564,1147.6802092588448,1174.775526172207,724263
2022-10-11,1161.51806640625,1194.8549313943108,1152.421759035228,1190.2584050334094,245949
2022-10-12,1168.8724365234375,1178.113802474597,1158.1311042556622,1167.3724702068214,500287
2022-10-13,1150.776611328125,1180.0009128539184,1143.8577240692082,1169.065971353578,195280
2022-10-14,1147.341552734375,1189.2908862439378,1140.5677234392508,1161.227879164138,185612
2022-10-17,1147.58349609375,1163.5019479765037,1139.7452313919875,1139.7452313919875,206062
2022-10-18,1171.291748046875,1182.7588484586454,1150.583162869568,1150.583162869568,296193
2022-10-19,1177.6300048828125,1185.4199546926982,1172.017475156717,1174.3882678156258,363280
2022-10-20,1171.63037109375,1180.581501329238,1143.8577223703335,1173.8076730429227,143761
2022-10-21,1170.6143798828125,1191.3713983174414,1159.4859464596225,1171.872423955046,256017
2022-10-24,1164.8565673828125,1180.5330944971133,1149.3735309731553,1173.3722846586013,44334
2022-10-25,1185.1297607421875,1191.177822553206,1146.8092647328167,1157.50228526518,292659
2022-10-27,1209.5155029296875,1226.0629748609776,1185.4200033186248,1186.5811838264995,1169791
2022-10-28,1250.9324951171875,1255.4807078271465,1212.7087499144934,1215.6602509084687,1089188
2022-10-31,1304.34912109375,1308.268193956252,1257.9967554781983,1258.6740910960536,1622116
2022-11-01,1304.639404296875,1328.444669030788,1290.898255721831,1304.4459135779823,926233
2022-11-02,1292.882080078125,1321.3320673593807,1285.721151514503,1306.3813063263492,627644
2022-11-03,1287.8985595703125,1292.4950867667503,1273.9638008653428,1286.0599250664948,408654
2022-11-04,1288.8660888671875,1306.2845055458836,1278.8988365172322,1293.0755159392995,485053
2022-11-07,1292.010986328125,1335.411847754922,1263.9479837303766,1306.3811554124238,754875
2022-11-09,1307.1553955078125,1324.7673021648593,1287.0274009344505,1287.0274009344505,1189937
2022-11-10,1297.4786376953125,1324.4287772143796,1286.6404401690952,1311.3649638410166,816087
2022-11-11,1304.30078125,1314.897056312676,1275.4152619546448,1307.3490279975151,763460
2022-11-14,1303.671630859375,1319.928866494833,1288.5273802278934,1310.832558892284,648024
2022-11-15,1328.3961181640625,1330.5249883857846,1289.9788819389512,1310.2035034238868,1085541
2022-11-16,1322.5416259765625,1346.8307348903395,1316.0581514515086,1333.9604130705181,1447516
2022-11-17,1336.1375732421875,1346.78216010126,1309.4293607482978,1317.0257013815806,956978
2022-11-18,1306.2359619140625,1347.8950521526228,1302.220025898568,1329.7024379294182,881986
2022-11-21,1279.3828125,1312.67136918833,1275.415307475281,1311.2198343163927,603719
2022-11-22,1287.075927734375,1302.7040242561682,1279.576331423146,1285.817883683301,683891
2022-11-23,1309.7681884765625,1315.0904825560756,1291.0434138402425,1291.0434138402425,868985
2022-11-24,1333.041259765625,1335.75072059114,1308.026381522859,1315.1873103585192,588224
2022-11-25,1334.68603515625,1346.3950570451623,1328.6379744567926,1335.6537248681632,550007
2022-11-28,1345.4759521484375,1363.7168816680928,1322.638495974233,1330.573505264238,588237
2022-11-29,1327.283447265625,1349.9274146199762,1323.7513554946033,1347.3146991324854,410380
2022-11-30,1367.82958984375,1374.1195738083659,1331.7347115347823,1331.7347115347823,835344
2022-12-01,1391.392822265625,1393.279888342158,1359.9429022520958,1376.7807292076563,1054284
2022-12-02,1395.50537109375,1397.8278501293796,1380.602925251833,1380.602925251833,418013
2022-12-05,1398.311767578125,1407.9886656236483,1382.1513950925798,1398.311767578125,474730
2022-12-06,1402.23095703125,1408.5209407540856,1393.7636712505096,1399.6665554267006,523685
2022-12-07,1413.5528564453125,1419.6009176144264,1392.8927031168582,1402.3276785406758,550453
2022-12-08,1421.536376953125,1427.3425160012657,1398.0214665576746,1418.6333074290546,480794
2022-12-09,1473.7916259765625,1501.8546313300228,1425.600624705312,1435.0840323855825,3239055
2022-12-12,1434.1163330078125,1469.0015987501492,1418.681727416542,1468.9047352658552,619176
2022-12-13,1445.2930908203125,1455.3569698409194,1432.180847298957,1439.9223653924648,656285
2022-12-14,1446.3575439453125,1452.5507821224853,1423.568402523265,1452.5507821224853,453988
2022-12-15,1400.5859375,1445.4867719838528,1396.9087867967862,1441.8579348993744,537409
2022-12-16,1378.764404296875,1406.6822299843745,1373.200188229345,1394.53767636042,570002
2022-12-19,1416.2139892578125,1421.5362830336362,1365.7973754793395,1388.586398861923,400752
2022-12-20,1441.664306640625,1444.7124349998367,1403.3921279235872,1403.3921279235872,583277
2022-12-21,1407.98876953125,1452.986348763692,1399.9085826921707,1445.6802429496627,421917
2022-12-22,1403.29541015625,1427.390910197462,1380.941799034142,1419.8428823829431,599231
2022-12-23,1343.201904296875,1406.4887241367785,1331.6379400515332,1392.0218085524584,627352
2022-12-26,1336.3310546875,1361.2007510527696,1318.5256585655734,1320.8964510991234,393400
2022-12-27,1328.6866455078125,1353.1691287531405,1319.348414480668,1347.5081665440673,408515
2022-12-28,1343.250244140625,1348.5242246477296,1306.4297165807207,1334.541035575037,519130
2022-12-29,1352.201416015625,1377.0711165466028,1329.0252908830971,1345.0404873534624,536715
2022-12-30,1335.7991943359375,1362.4589808588485,1325.7351955039499,1349.9274435970876,280357
2023-01-02,1340.87939453125,1349.5886027282363,1316.0581275445998,1335.7505913425464,458030
2023-01-03,1350.7496337890625,1360.6201395292821,1340.879246175026,1347.6046422881159,362952
2023-01-04,1347.8466796875,1377.941808069316,1334.4441999269602,1355.2495300926091,620292
2023-01-05,1367.92626953125,1378.9579568109768,1348.0403151350617,1348.0403151350617,472768
2023-01-06,1385.1029052734375,1388.0544066987493,1366.232952352402,1372.1358370768178,392767
2023-01-09,1406.537109375,1412.730347654522,1391.5863493741235,1396.6182890302503,284204
2023-01-10,1401.9405517578125,1416.9397431657476,1393.6184433760675,1409.923992345907,303676
2023-01-11,1402.32763671875,1413.7947367281652,1394.9732181816787,1403.1501493879805,283386
2023-01-12,1432.955078125,1443.5028022602767,1407.9886344694962,1408.907892513002,670911
2023-01-13,1415.48828125,1444.1318762369633,1409.5853969855627,1440.164371608486,331675
2023-01-16,1406.6824951171875,1423.2784010979396,1401.2150233689927,1419.6011321010444,142151
2023-01-17,1435.27734375,1446.6961296829215,1401.2631446333205,1406.0531614911606,467862
2023-01-18,1439.8739013671875,1468.9530253043533,1434.2129400134854,1446.6961612845903,866712
2023-01-19,1412.004638671875,1439.9224666342684,1403.1502531046299,1439.9224666342684,616100
2023-01-20,1400.489013671875,1418.4880196920308,1393.5700082205844,1409.9239888892187,514524
2023-01-23,1380.94189453125,1409.8274139082378,1376.1517587355586,1400.7795371290958,462438
2023-01-24,1363.57177734375,1395.2636207059916,1359.3623500185865,1384.2803642652343,447318
2023-01-25,1339.28271484375,1368.893999798148,1332.7508085394181,1358.6365113010297,302117
2023-01-27,1337.4925537109375,1347.0727068791716,1314.5099197062816,1343.5889289080299,344156
2023-01-30,1345.2823486328125,1362.507274783251,1329.0252304344137,1339.2827189630818,617437
2023-01-31,1389.4090576171875,1395.6990412969365,1347.6532192563839,1347.6532192563839,770920
2023-02-01,1380.40966796875,1420.4720541975016,1359.7978254657355,1406.053450794668,508254
2023-02-02,1402.8115234375,1418.6332278307004,1372.6195312054954,1378.9579465612196,502153
2023-02-03,1398.7955322265625,1412.4399340626835,1372.038887040574,1407.0208950933393,293421
2023-02-06,1399.6666259765625,1415.0529182532036,1378.9580395123298,1395.4087670012489,284958
2023-02-07,1399.908447265625,1414.2786169083222,1386.6027127582768,1404.6017190847963,332075
2023-02-08,1426.6650390625,1432.1808233614568,1397.9245827450056,1407.0208899780798,547138
2023-02-09,1527.3531494140625,1565.7220730367724,1490.1938380233032,1490.242269763059,4534071
2023-02-10,1549.0777587890625,1557.9804570072001,1520.288989474799,1528.4659203992999,1124334
2023-02-13,1543.707275390625,1562.1418147872857,1530.8853845277972,1556.8678340849654,519389
2023-02-14,1548.0618896484375,1566.2545066913192,1533.7884638804646,1543.6105398138363,742894
2023-02-15,1576.1732177734375,1580.2374677455741,1540.6106170755504,1545.3522026676435,610762
2023-02-16,1591.17236328125,1612.6065975524657,1572.4959031502794,1586.9145045951734,1233069
2023-02-17,1566.3995361328125,1593.6400294388093,1563.061053351372,1585.0759977647715,717223
2023-02-20,1561.8514404296875,1574.2379179388433,1557.7387585078623,1574.2379179388433,365315
2023-02-21,1538.7940673828125,1568.6759544566783,1535.6743119702855,1559.9015084715259,765337
2023-02-22,1539.76904296875,1549.1284284431433,1526.0712289236826,1537.3804913307013,778980
2023-02-23,1556.6353759765625,1562.3875361754924,1533.772999738898,1539.7688945309094,761827
2023-02-24,1531.8233642578125,1575.1594531397968,1521.0990404731356,1564.43512935512,688041
2023-02-27,1529.0447998046875,1545.2775499199365,1511.1547018144488,1530.6534721604417,446642
2023-02-28,1530.750732421875,1549.4208262716527,1517.7841233254821,1530.214587717468,640541
2023-03-01,1562.3388671875,1570.577049491186,1524.8037368369735,1531.6283059916148,651248
2023-03-02,1555.9530029296875,1570.0409352218164,1548.2022897009047,1570.0409352218164,466385
2023-03-03,1559.6578369140625,1567.1648156226547,1541.4265349011698,1559.9015715346147,431101
2023-03-06,1588.515869140625,1600.84886378748,1561.851327519819,1567.1646942318735,737814
2023-03-08,1627.1722412109375,1635.8978925632853,1585.2986832071986,1588.515908622622,1339514
2023-03-09,1642.868896484375,1651.545873221456,1620.8353094632057,1633.070835644326,799916
2023-03-10,1638.8226318359375,1645.598525023164,1602.7499115650828,1631.998063136046,681029
2023-03-13,1626.2947998046875,1654.4217502013037,1608.6484377143925,1642.7712833628796,639231
2023-03-14,1640.6751708984375,1652.5206970422767,1615.5218299253047,1634.9230101566718,895074
2023-03-15,1655.0555419921875,1664.1711929898004,1638.3353232362945,1664.1711929898004,1146198
2023-03-16,1616.155517578125,1657.2979940343428,1593.5369917903533,1655.3967925365598,655835
2023-03-17,1637.06787109375,1653.9342343464157,1620.4939179603455,1624.1499370338906,756814
2023-03-20,1611.3782958984375,1629.999596238543,1583.3488158412902,1608.6484206710645,488496
2023-03-21,1594.2681884765625,1620.494058033256,1573.160746065261,1612.7432255207482,688444
2023-03-22,1572.185791015625,1603.9200865875002,1567.7010977471646,1597.4367218026923,368954
2023-03-23,1589.63720703125,1612.5482615330802,1567.7010910188592,1569.6509679977385,713358
2023-03-24,1581.4964599609375,1599.8252317561016,1574.233096966368,1597.5829446859132,371397
2023-03-27,1545.813720703125,1584.2749952921074,1541.3289085845413,1578.4253645402596,560710
2023-03-28,1571.844482421875,1575.2567669239538,1540.646452688583,1552.6382429717326,300231
2023-03-29,1598.7528076171875,1605.723641398753,1569.2122437266773,1571.844529960619,493564
2023-03-31,1588.759765625,1616.2531029016875,1585.4937454320077,1603.7738424200784,559036
2023-04-03,1565.02001953125,1599.3378069603152,1554.5882252362858,1594.0732342946976,444453
2023-04-05,1529.2398681640625,1564.9712698303688,1520.9040961863136,1561.8515141605606,824057
2023-04-06,1538.501708984375,1545.4237483587433,1513.6407778572313,1537.0393012710135,746042
2023-04-10,1539.622802734375,1555.9043467857955,1528.5085992515558,1553.1744714325498,578155
2023-04-11,1537.867919921875,1553.661875054329,1516.8579489236597,1549.3721221137118,831554
2023-04-12,1520.41650390625,1563.0212663183154,1517.5404830999425,1540.402742014668,941159
2023-04-13,1509.8870849609375,1530.458380852359,1494.1419246710072,1519.9289983014041,647095
2023-04-17,1461.091552734375,1501.405234414664,1455.5831266110997,1483.8563420643627,1045243
2023-04-18,1452.658203125,1468.6958920584427,1443.8837576027684,1463.3825254299495,1235433
2023-04-19,1463.431396484375,1472.1082534124014,1450.3671975547618,1452.6582790920613,510197
2023-04-20,1520.806396484375,1524.803620023663,1466.3073174652102,1466.3073174652102,1233088
2023-04-21,1505.79248046875,1526.2661885230352,1500.9177880748725,1520.9040268897702,355147
2023-04-24,1515.4443359375,1518.6128858695895,1498.2854431843934,1505.7924215729277,282687
2023-04-25,1514.9080810546875,1530.1658915422322,1506.279899606721,1515.4443448045947,453954
2023-04-26,1526.26611328125,1527.825990968183,1507.2548138823458,1514.9080567612355,256650
2023-04-27,1527.1436767578125,1550.1522013530446,1524.70633052927,1530.6534315247045,701384
2023-04-28,1536.161865234375,1545.131251794381,1523.4876647846443,1539.4278853942117,420097
2023-05-02,1560.096435546875,1565.2636568550165,1529.8246685571435,1536.600443073651,367587
2023-05-03,1543.2301025390625,1579.302825334731,1540.402757220437,1572.526931673244,1042002
2023-05-04,1566.72607421875,1572.5269103365504,1540.695265456246,1549.1771822859948,747747
2023-05-05,1555.904296875,1573.6969235957083,1548.2510538411775,1566.5311497871107,434617
2023-05-08,1577.4503173828125,1587.687170493146,1557.2203457600108,1559.9014263365266,769059
2023-05-09,1581.4964599609375,1593.0494570066658,1567.7985268785865,1588.2235591935905,519553
2023-05-10,1599.240234375,1614.0593699595695,1579.40026107055,1584.274953234348,670896
2023-05-11,1587.0048828125,1607.9660598348455,1577.6941728562967,1599.7765529169296,394578
2023-05-12,1596.9979248046875,1602.7987607931675,1580.277707117077,1587.1997460895843,326962
2023-05-15,1607.72216796875,1614.497942041383,1585.8347301377175,1602.5549469991083,273516
2023-05-16,1607.8685302734375,1624.247544715322,1592.610837922375,1616.4480366974815,483520
2023-05-17,1606.1622314453125,1616.301614683082,1589.1008093181645,1613.425593986063,406198
2023-05-18,1602.8475341796875,1637.8965222751492,1598.8989860305028,1613.474267597525,594239
2023-05-19,1598.606689453125,1604.9925845465546,1572.6246723593613,1603.8227058934476,348650
2023-05-22,1624.78369140625,1629.0733252980926,1582.3250750894827,1602.603842078902,370747
2023-05-23,1642.4786376953125,1662.2699343717172,1627.6108274318703,1627.65962195518,643307
2023-05-24,1555.3193359375,1671.9219491845222,1517.0042077642318,1642.478736984531,2437287
2023-05-25,1608.7947998046875,1620.6890019758828,1525.778762199726,1535.528147261705,2501705
2023-05-26,1691.56689453125,1696.3927919383855,1607.6246042730581,1608.6483371829518,2506445
2023-05-29,1700.3414306640625,1711.7969573123528,1686.6434980036056,1711.7969573123528,582128
2023-05-30,1711.358154296875,1729.5407798716913,1689.5683041249385,1696.3928731548717,559849
2023-05-31,1715.794189453125,1723.6911670383665,1692.2006077284416,1711.0169672807315,660502
2023-06-01,1706.8245849609375,1727.3958801167164,1701.2674837645154,1715.8915595561875,330554
2023-06-02,1709.3109130859375,1718.767768864912,1694.9305703122216,1707.2147715234917,566594
2023-06-05,1729.3458251953125,1743.4336378266557,1710.9681406823954,1711.0169352080418,754132
2023-06-06,1761.9576416015625,1768.9284758270405,1726.4211801251265,1731.7833419891788,906087
2023-06-07,1754.4017333984375,1768.5383408639987,1745.2860827314735,1765.6623200530078,373808
2023-06-08,1722.4725341796875,1752.8905667034187,1713.941822605287,1749.527076601358,570269
2023-06-09,1738.120361328125,1743.0925237498284,1722.277611104875,1733.6355491330157,460201
2023-06-12,1744.8472900390625,1750.9894498562262,1726.8109287794075,1740.2651269450798,436279
2023-06-13,1797.0064697265625,1801.6862218031943,1741.2400390370697,1750.8919533132232,1192944
2023-06-14,1808.8519287109375,1820.2099848233706,1793.4479734650627,1813.3854160532776,690383
2023-06-15,1784.3812255859375,1808.510953947228,1781.7001446569052,1808.510953947228,581128
2023-06-16,1797.1041259765625,1816.5541008120758,1782.187519809191,1793.7405168547605,589884
2023-06-19,1829.130859375,1845.3148143967167,1799.7364402992148,1801.3451125989827,720228
2023-06-20,1851.8955078125,1856.2827306528034,1829.8131290474323,1837.856370921322,643545
2023-06-21,1811.24072265625,1860.1825858536426,1804.8060335969788,1859.207647391455,605777
2023-06-22,1798.176513671875,1815.3354067107564,1778.385215392792,1808.6083075560753,283690
2023-06-23,1800.418701171875,1808.9982067224805,1761.8111642162216,1807.1945944791814,648800
2023-06-26,1823.9635009765625,1830.8368643730985,1793.8866748231749,1812.166770014987,392942
2023-06-27,1835.6142578125,1842.6337674172898,1809.8270630470422,1809.8270630470422,470780
2023-06-28,1863.107421875,1880.6563143887363,1825.7185552382207,1833.8592676854396,608998
2023-06-30,1894.4029541015625,1903.0799304555414,1855.3079444963603,1863.1074524080634,1395387
2023-07-03,1842.5848388671875,1904.5422237214088,1837.8564112821166,1898.205123924025,573480
2023-07-04,1810.1195068359375,1881.631218730023,1805.3422846027565,1847.020903566854,721898
2023-07-05,1827.66845703125,1837.6615765152058,1806.2684858516639,1818.260276836829,839386
2023-07-06,1867.9820556640625,1871.8818094337162,1822.159948870633,1840.293780097314,823919
2023-07-07,1854.674072265625,1874.6116342836422,1845.5584218763145,1867.9332109238073,407591
2023-07-10,1845.85107421875,1862.1324992517689,1839.3189149875227,1856.282868364067,403084
2023-07-11,1843.2674560546875,1879.583914336974,1832.055663564854,1848.4345585781577,334485
2023-07-12,1853.748046875,1891.3318538156204,1847.3134767189254,1852.3831092028522,604091
2023-07-13,1844.9248046875,1873.7829598285603,1832.8843382887167,1856.575390903994,353278
2023-07-14,1870.32177734375,1874.806470006458,1845.2171145238508,1853.3578260438255,324663
2023-07-17,1851.798095703125,1885.287207296198,1849.0195449528862,1873.831680632601,381853
2023-07-18,1865.3497314453125,1881.5336854572265,1849.3607175134907,1856.4290210768872,594389
2023-07-19,1892.35546875,1897.2301608384853,1860.2312954912966,1879.9250039243625,562127
2023-07-20,1868.761962890625,1900.9836054344473,1848.8244013089193,1897.1326463791258,454525
2023-07-21,1836.4429931640625,1871.8819850687528,1816.3592831681392,1868.7622293647255,693371
2023-07-24,1854.430419921875,1867.0071498510172,1835.809119148546,1838.6364644831658,464889
2023-07-25,1874.660400390625,1880.1688265105856,1855.6491003559056,1873.8317264990123,313510
2023-07-26,1881.3350830078125,1899.003426765298,1867.0041170354102,1878.7338862126244,388480
2023-07-27,1887.371826171875,1900.3285639064227,1877.0652921217627,1881.6786451490766,444377
2023-07-28,1919.027587890625,1925.3095698607663,1873.8751535087627,1887.3718050902976,1210189
2023-07-31,1931.88623046875,1937.6284183827102,1912.2056102056617,1926.8310969023607,526098
2023-08-01,1891.73974609375,1943.6650690946124,1887.8134474898457,1938.4136686761149,789751
2023-08-02,1864.795654296875,1891.3963045786666,1837.0170424878954,1891.3963045786666,868807
2023-08-03,1846.39111328125,1880.3535734940565,1840.4525384952537,1864.746512003391,763718
2023-08-04,1763.0062255859375,1868.770895364363,1712.8969110081848,1815.9131238059133,3490486
2023-08-07,1719.4735107421875,1758.883759599406,1709.903157250116,1748.1845712184022,1287836
2023-08-08,1701.6578369140625,1731.4977310736617,1689.2900199420476,1727.5714323637442,1370375
2023-08-09,1716.381591796875,1722.6145675238765,1693.2164515543302,1703.0321990995726,645904
2023-08-10,1732.1357421875,1748.8715181942423,1703.2774233116695,1715.7925001866004,1420634
2023-08-11,1706.565673828125,1771.1533341543297,1699.6456443924692,1761.926508418997,2169143
2023-08-14,1709.804931640625,1714.761811802468,1669.658503908121,1701.6578139988076,734195
2023-08-16,1697.97705078125,1722.5655461024692,1683.4006897641375,1707.6455380672717,968798
2023-08-17,1711.669921875,1731.49768186817,1699.694639257387,1704.9951663293716,1013325
2023-08-18,1699.105712890625,1716.8231831863047,1690.566061395534,1711.0808756480596,642655
2023-08-21,1719.81689453125,1726.0989961613448,1704.0626935274836,1712.7986119246864,589097
2023-08-22,1720.8966064453125,1727.5713619084077,1709.5103646151408,1722.6634887211678,479017
2023-08-23,1705.6822509765625,1728.307594980147,1702.001345975185,1724.4304229738134,1003686
2023-08-24,1688.5538330078125,1723.5960009423925,1681.4374166210625,1723.5960009423925,895467
2023-08-25,1683.1551513671875,1712.8477848874427,1675.5479477380313,1686.3943956796656,1216603
2023-08-28,1686.2470703125,1709.8538681239288,1678.4926068196935,1683.3513532794072,1199396
2023-08-29,1698.1732177734375,1705.9766880671607,1683.5967388222964,1693.2653446777322,1144087
2023-08-30,1699.4493408203125,1714.8110089113056,1688.3084918874904,1706.9584112746197,1060606
2023-08-31,1676.2840576171875,1717.1175378525681,1658.8611081089425,1702.7374457026658,19211098
2023-09-01,1674.56640625,1679.4742796563598,1641.094733582851,1664.8487929411817,881138
2023-09-04,1694.148681640625,1714.5654818359624,1670.1983565690566,1678.4926142490315,772655
2023-09-05,1688.4556884765625,1710.2957248311825,1684.0876093129627,1698.1241749884273,555245
2023-09-06,1714.1239013671875,1718.2464670700958,1690.3697223604886,1693.1671862175426,653379
2023-09-07,1707.596435546875,1732.479330005102,1704.4063178004067,1727.5714565489968,611119
2023-09-08,1723.0069580078125,1730.3197607038517,1705.387741785864,1718.2463451403137,1105103
2023-09-11,1735.0313720703125,1753.5831573974328,1729.3383108463333,1737.387175255223,920278
2023-09-12,1680.1123046875,1743.5220042851734,1676.5295331845607,1738.3687372774339,843063
2023-09-13,1684.0875244140625,1690.2714924367915,1657.977663535767,1679.5723051348432,669374
2023-09-14,1693.9525146484375,1706.4675918970352,1678.787233675647,1706.4675918970352,463243
2023-09-15,1715.1544189453125,1717.755615699024,1688.5537702321406,1702.6884689769743,653183
2023-09-18,1694.73779296875,1721.6819697087747,1684.0876119514494,1720.7003950396136,615598
2023-09-20,1696.5045166015625,1726.540676825328,1676.4313630056852,1680.7503154152419,626655
2023-09-21,1712.5042724609375,1717.2648856475498,1687.5231252097417,1688.308432874413,574260
2023-09-22,1693.5599365234375,1724.4795405199377,1685.9527323655684,1724.4795405199377,418784
2023-09-25,1704.2589111328125,1708.3324697154387,1646.1006156773083,1698.025936343577,1275373
2023-09-26,1697.2899169921875,1711.91540399092,1690.6151611016787,1704.0136797250332,540158
2023-09-27,1699.6947021484375,1702.246772367564,1684.4312876752958,1697.2898920964224,341810
2023-09-28,1637.806396484375,1698.1241095572516,1625.7821072693018,1684.52932489872,981227
2023-09-29,1665.0450439453125,1678.0017807527154,1622.8373360936794,1637.806348761991,831116
2023-10-03,1647.7203369140625,1673.4375452327665,1638.3462509260578,1665.0451537318097,544659
2023-10-04,1664.210693359375,1678.2963854517754,1641.732729718506,1649.0454129367104,659803
2023-10-05,1659.7445068359375,1672.4068430770817,1644.824501097593,1664.2105993510181,357966
2023-10-06,1673.0447998046875,1678.492586830744,1657.7322598188766,1666.7136914845632,347194
2023-10-09,1667.9407958984375,1674.5664250714929,1651.7939401384801,1672.603275686884,279463
2023-10-10,1675.6461181640625,1681.4374327606804,1661.3151517498259,1666.2721518297317,415182
2023-10-11,1719.326171875,1725.4120067353647,1681.9282008281073,1684.3821375086268,711325
2023-10-12,1698.1241455078125,1726.491676873873,1688.308399001987,1722.712638433355,357591
2023-10-13,1683.5478515625,1696.0629288454652,1672.1616091359494,1694.5905668121752,554753
2023-10-16,1685.510986328125,1700.9707875436457,1677.265735048955,1693.1181901008415,550814
2023-10-17,1681.5355224609375,1698.1241581434424,1672.2596898723612,1698.1241581434424,387186
2023-10-18,1689.9769287109375,1696.9462041776005,1671.4252647615444,1686.2960239874678,406163
2023-10-19,1675.106201171875,1685.3636079335292,1664.2106271274067,1685.3636079335292,287138
2023-10-20,1661.413330078125,1674.5664551555308,1651.4994494719697,1674.5664551555308,332649
2023-10-23,1667.6461181640625,1679.6704070098986,1641.4872509400154,1655.2783021725688,723756
2023-10-25,1668.8240966796875,1690.5168715902757,1652.4808554636256,1673.5847095726056,364056
2023-10-26,1649.3399658203125,1661.5605225325533,1633.389377433868,1653.9533188405564,694676
2023-10-27,1657.977783203125,1680.0632137053246,1646.8860611102532,1649.0454774975722,360754
2023-10-30,1645.560791015625,1666.5175058659079,1641.2419583680344,1662.7383475675779,579771
2023-10-31,1645.6590576171875,1657.879614305733,1634.9107431095633,1653.8551821310277,459147
2023-11-01,1643.450439453125,1650.3214618151108,1628.4814264502274,1645.1681950436214,250623
2023-11-02,1673.781005859375,1678.4926119969377,1641.9780838047513,1650.0269478168727,255983
2023-11-03,1680.5050048828125,1688.3084757813733,1664.750683096052,1682.6152946206355,283500
2023-11-06,1692.970947265625,1706.9583866038104,1669.6585483686495,1683.3514673712634,551177
2023-11-07,1667.7935791015625,1698.0751351824067,1661.8551239513674,1688.3085146684462,475127
2023-11-08,1734.638671875,1765.7546601426006,1660.8243061947921,1680.4557991758181,2322242
2023-11-09,1718.24658203125,1751.374729499719,1711.866346222508,1740.332013676896,468929
2023-11-10,1735.8656005859375,1740.3318130656826,1699.5473393995696,1718.2463839658642,189259
2023-11-13,1745.6812744140625,1749.1659121225512,1716.2831634939848,1742.2948900210597,488247
2023-11-15,1793.091552734375,1796.3798039592339,1747.202936289688,1752.110809706232,672912
2023-11-16,1808.0113525390625,1819.7902481690253,1788.7725136410143,1791.3245837299485,707768
2023-11-17,1795.9381103515625,1827.0049724728992,1792.7969995298897,1808.256800508547,307038
2023-11-20,1819.593994140625,1825.0417813367644,1783.3738658560826,1795.938069212718,386973
2023-11-21,1836.8206787109375,1856.4030449245874,1826.0233576300807,1828.6735612396596,717092
2023-11-22,1810.9560546875,1834.2684520083644,1800.4532541387591,1827.6919499557691,292692
2023-11-23,1839.71630859375,1842.8082927404857,1813.3610529070522,1823.7657203506403,179167
2023-11-24,1837.26220703125,1843.936962056163,1816.698267655139,1840.452324393532,167850
2023-11-28,1840.7960205078125,1847.0781223159713,1818.7105905877331,1843.3972173292914,257084
2023-11-29,1839.1273193359375,1864.9917867297816,1828.6735256197805,1846.3418688624838,527029
2023-11-30,1873.9241943359375,1884.6233822933912,1830.734908491714,1839.1274199194402,1324591
2023-12-01,1884.8197021484375,1893.4576074879287,1863.0287916081331,1875.9365229536274,326619
2023-12-04,1917.8988037109375,1923.788251829306,1886.0957599075216,1899.2978915110796,668617
2023-12-05,1924.0335693359375,1951.125005643763,1897.5800606921125,1928.7941824122722,356762
2023-12-06,1919.763916015625,1942.2910082715462,1912.8928928657067,1917.015458827204,263761
2023-12-07,1920.8433837890625,1923.8862411245764,1887.37171345617,1919.763675679186,321470
2023-12-08,1913.4324951171875,1930.953578427492,1891.5434525996652,1923.8862889678958,253118
2023-12-11,1964.3271484375,1972.9650533157903,1898.8070403236547,1916.0337234191156,562772
2023-12-12,1893.1629638671875,1982.1918557784566,1801.729381832883,1976.8422020875319,1063056
2023-12-13,1928.15625,1936.5977685083944,1875.4947430525067,1904.2549298702365,440298
2023-12-14,1911.2730712890625,1943.026986713667,1899.3469155296518,1934.6836023302035,738402
2023-12-15,1891.0035400390625,1942.487081871864,1883.641730254327,1914.9539851696268,740405
2023-12-18,1924.7696533203125,1933.2111708994937,1894.4389742757162,1908.8680729389025,348422
2023-12-19,1940.2294921875,1946.1679467323615,1918.0459297900284,1943.5177431928194,506932
2023-12-20,1873.4825439453125,1987.4433407548297,1857.7282223440052,1943.5178736607297,821439
2023-12-21,1905.5799560546875,1913.0890262224025,1853.507491856497,1865.2372612001643,321468
2023-12-22,1976.0570068359375,1987.6886423342614,1891.98511511076,1911.6657345349138,1057329
2023-12-26,1989.799072265625,2007.2220222729507,1967.2228553547245,1976.0570271894246,550809
2023-12-27,1947.051513671875,1998.2406572608852,1937.9719478707386,1987.6396027754315,410225
2023-12-28,1904.990966796875,1970.609206972994,1897.8745507158355,1953.33351741635,1136906
2023-12-29,1927.7635498046875,1941.5547220225305,1901.3101600392527,1903.420569570894,373649
2024-01-01,1921.8741455078125,1938.0211212959055,1909.7027150241008,1928.7942951057282,231172
2024-01-02,1924.720703125,1929.3341760515757,1891.4944238982778,1918.9785151640547,383818
2024-01-03,1935.6162109375,1940.8186048544362,1910.1443950166813,1923.8864410239955,170039
2024-01-04,1955.9837646484375,1970.1184636270184,1940.6712240137767,1940.6712240137767,232609
2024-01-05,1961.5787353515625,1980.8175738489035,1950.1433671180919,1963.1492307719561,240305
2024-01-08,1967.3701171875,1974.8790673964747,1933.064011307596,1965.8486285528927,443494
2024-01-09,1988.5721435546875,2028.7676980956824,1971.0019330360078,1972.9650823717009,684150
2024-01-10,2008.448974609375,2016.8904925533918,1963.1492809863896,1988.572088139388,464463
2024-01-11,1998.1915283203125,2028.374949732922,1986.0200981441624,2004.3754967332982,459742
2024-01-12,2009.72509765625,2016.9397676517415,1977.8730461565247,2007.3202875385075,488499
2024-01-15,2008.056396484375,2060.325248060957,2002.4123420887815,2016.7923152571739,1030582
2024-01-16,1982.58447265625,2016.8413311626566,1967.173679173209,2012.1297250409746,191012
2024-01-17,1972.8668212890625,1986.706999246467,1941.7508344378375,1963.1492087415681,242049
2024-01-18,1993.3818359375,2001.1853064326629,1912.1074074461446,1965.1124382480398,345585
2024-01-19,2073.52734375,2079.858452382096,1993.8726559032832,1994.5597102372178,700438
2024-01-23,2059.098388671875,2075.0489780251905,2046.6815642014317,2051.294917501322,482656
2024-01-24,2130.802490234375,2136.8882056845355,2004.424742654272,2046.5833297438019,1066789
2024-01-25,2122.066162109375,2150.630080579171,2107.539048851669,2120.201266111825,434655
2024-01-29,2213.597900390625,2248.542052592514,2124.176596618978,2128.0537684254377,1135151
2024-01-30,2194.408447265625,2227.929126681852,2167.5622839498624,2227.143819010546,326292
2024-01-31,2251.585205078125,2264.2474227591397,2149.69770403061,2189.9913931010424,962485
2024-02-01,2221.205078125,2262.4312115410767,2179.3410170724746,2257.6215918327625,328995
2024-02-02,2267.14306640625,2281.5232797352737,2195.3409720161176,2213.450977540267,663252
2024-02-05,2306.896728515625,2330.160000135181,2248.836682968957,2268.41904959674,1055164
2024-02-06,2357.594970703125,2370.453453751473,2286.627081547549,2314.552830063251,646602
2024-02-07,2355.975341796875,2377.2265759861657,2328.2949855963943,2356.7606494169236,572250
2024-02-08,2537.61572265625,2599.9948361198694,2380.8091810473784,2590.866144454568,4892636
2024-02-09,2554.98974609375,2589.933900294911,2499.7270440983943,2551.9470083940687,1543145
2024-02-12,2520.2421875,2574.670457087951,2504.5369921841757,2574.670457087951,1134382
2024-02-13,2496.24267578125,2524.0701742989336,2459.9732994784767,2520.634662903497,437422
2024-02-14,2515.8740234375,2534.572828376357,2473.617187797942,2475.531210392993,501042
2024-02-15,2584.829833984375,2597.98283911705,2522.009053138624,2542.082207839791,402747
2024-02-16,2569.958984375,2597.590457607826,2544.928828037158,2591.357362035414,351624
2024-02-19,2609.76171875,2622.3259227668395,2553.762834505728,2581.541446285849,508687
2024-02-20,2580.854248046875,2630.1292470305107,2573.7378319091736,2621.7858625932054,264511
2024-02-21,2577.493896484375,2612.4318405623762,2560.988653250764,2587.4267698629055,285288
2024-02-22,2728.660888671875,2757.2238422631517,2564.744464798953,2574.281857331509,1179771
2024-02-23,2778.176513671875,2795.0277725110827,2720.012802574145,2732.7623023313804,951153
2024-02-26,2701.678955078125,2795.027692372547,2619.2019662335256,2757.520208479486,1848049
2024-02-27,2721.9892578125,2765.2783880641996,2684.530999963491,2685.321720793767,439505
2024-02-28,2682.9501953125,2743.0905918723606,2668.5203222375535,2727.8207738428323,409541
2024-02-29,2706.719482421875,2729.204236012467,2628.591333859991,2678.4036145276445,1010604
2024-03-01,2694.364990234375,2731.131458502943,2686.1124898980056,2716.9486724799867,431838
2024-03-04,2750.453369140625,2776.249159162779,2671.4850399490892,2704.7426095780484,932506
2024-03-05,2742.398681640625,2766.3164811503166,2732.7623586760346,2750.305408175673,278427
2024-03-06,2751.83740234375,2763.895112128176,2677.464755396621,2751.5408518379554,292058
2024-03-07,2754.505859375,2794.039492089388,2742.7939241657045,2767.354290007176,479478
2024-03-11,2763.252685546875,2858.2320903906184,2751.293665507839,2790.9262275798233,1183246
2024-03-12,2727.524169921875,2773.4820190161254,2714.873358901617,2763.2528360909923,287216
2024-03-13,2644.75048828125,2765.080979442802,2621.0797746236985,2727.820579925116,612537
2024-03-14,2692.289794921875,2719.864406626131,2626.762751856138,2632.3467808386185,762079
2024-03-15,2676.080810546875,2705.1876394889846,2647.270773391074,2692.190813484169,472475
2024-03-18,2681.072021484375,2736.369640605697,2633.6811287087403,2674.2525665288754,754044
2024-03-19,2684.08642578125,2701.3329238281895,2636.992084965394,2681.368488684353,431587
2024-03-20,2761.2265625,2769.973233762973,2679.095345883038,2683.345259562167,886440
2024-03-21,2864.45849609375,2874.5395231942484,2784.254743061495,2801.945945458736,857294
2024-03-22,2896.629150390625,2913.628563219784,2839.058301066489,2873.1065920216797,568710
2024-03-26,2934.48291015625,2950.197433131652,2884.225681486246,2904.6842887938556,513559
2024-03-27,2933.741455078125,2976.8824336699304,2912.8379027743795,2953.162254915588,384326
2024-03-28,2971.199462890625,2989.7308524720634,2904.8817001908633,2951.630267233799,827120
2024-04-01,2968.3828125,3003.567843279174,2945.3546637293316,2989.731071378579,510013
2024-04-02,3003.17236328125,3018.5408692350084,2952.9151385581963,2992.695854590986,345280
2024-04-03,3013.648681640625,3027.0407475729858,2937.2006664873807,2982.7630320245426,739575
2024-04-04,2994.425537109375,3017.404460696401,2960.228848931026,3014.4394382980754,452822
2024-04-05,2996.6494140625,3004.111435631413,2968.0369951257135,2975.8942565112757,310015
2024-04-08,2953.360107421875,3009.349761876205,2888.47562652824,3009.349761876205,1111709
2024-04-09,2904.09130859375,2959.438393820582,2895.4433265270577,2953.1128678753157,285172
2024-04-10,2965.961181640625,2972.6324818295057,2904.832449871584,2904.832449871584,547302
2024-04-12,3024.5205078125,3062.868179617361,2981.132442637611,2995.6610043305004,751185
2024-04-15,3007.125732421875,3042.409449758848,2987.062366471319,3004.555949894443,433380
2024-04-16,3084.265625,3096.669350314905,2978.3650046603934,2984.78921986872,562240
2024-04-18,3087.6259765625,3124.2932737091883,3054.763646537021,3083.623148255458,654035
2024-04-19,3002.826416015625,3088.5649798564395,2990.5216213947047,3088.5649798564395,402676
2024-04-22,3091.62890625,3108.3317689997843,3003.5676457838936,3004.852537063293,365623
2024-04-23,3122.316650390625,3150.8303781534883,3081.646524178976,3113.2734288530387,316601
2024-04-24,3206.47412109375,3224.7584259815367,3144.4557355959873,3155.772189551492,663114
2024-04-25,3195.700927734375,3231.8742961910466,3186.0646052916036,3206.473986831491,339113
2024-04-26,3203.064208984375,3228.9092230213637,3167.6320966585463,3221.990837786852,238555
2024-04-29,3267.20751953125,3297.3519131925077,3209.191964251853,3213.1947926525845,527287
2024-04-30,3237.2607421875,3287.6661216965026,3226.9326293508548,3280.253565886355,526043
2024-05-02,3265.67578125,3293.6458755033527,3207.9567722524635,3235.8279359033686,361820
2024-05-03,3367.12890625,3437.8444965149088,3173.6611972211003,3271.4080045244323,1585260
2024-05-06,3370.04443359375,3392.1337052089148,3322.5546109448287,3392.1337052089148,511877
2024-05-07,3332.981689453125,3415.6068345986073,3283.762269924993,3362.335362613943,341624
2024-05-08,3404.38916015625,3425.589020869627,3310.9414944931477,3336.7372844455062,353585
2024-05-09,3358.48095703125,3411.4064136473617,3344.9404950841827,3405.921315262218,257217
2024-05-10,3372.021240234375,3391.788056530615,3345.5831234381544,3358.233934126577,320278
2024-05-13,3471.39892578125,3486.767432276179,3363.966087155106,3391.9856455172894,1427509
2024-05-14,3530.056640625,3537.7657468039465,3414.717322309718,3480.886687865258,415369
2024-05-15,3640.256591796875,3660.8141275972835,3522.5945775849023,3538.2598749455387,1317014
2024-05-16,3685.028564453125,3744.823181095049,3609.8652005642434,3648.459955928312,927635
2024-05-17,3746.65185546875,3788.211393486865,3680.9271916149314,3718.1381265874434,700512
2024-05-21,3705.388671875,3843.657456340109,3691.8482095797553,3831.7973664773986,663444
2024-05-22,3690.760986328125,3743.7853721304296,3639.564886174167,3743.7853721304296,479447
2024-05-23,3715.173095703125,3735.92825266236,3671.043775162217,3720.9055206459325,266131
2024-05-24,3670.549560546875,3726.9836752036126,3660.81430719179,3724.06811811519,308558
2024-05-27,3760.8837890625,3833.477371788927,3661.5060744242664,3688.981996629862,2514197
2024-05-28,3787.61865234375,3804.1238961257877,3692.9355515391026,3760.982914943814,527402
2024-05-29,3789.94091796875,3814.8965229433325,3716.161374432839,3800.664512069543,1036254
2024-05-30,3554.8642578125,3854.529141809197,3545.573709463449,3839.7534950244235,3481626
2024-05-31,3509.89453125,3553.084973489503,3419.906058280126,3550.8612068162483,2778125
2024-06-03,3668.96826171875,3681.5201420541225,3573.790991127503,3607.444044790474,1219845
2024-06-04,3208.05517578125,3676.6276265294423,3065.981191557162,3668.9679856408393,1891496
2024-06-05,3364.410888671875,3391.985499448692,3123.1568118466976,3221.0025474077174,1250711
2024-06-06,3464.43115234375,3527.3884148230054,3372.4165247473516,3414.272855327144,1005234
