Price,Close,High,Low,Open,Volume
Ticker,EMAMILTD.NS,EMAMILTD.NS,EMAMILTD.NS,EMAMILTD.NS,EMAMILTD.NS
Date,,,,,
2014-06-02,199.11181640625,202.3962282678293,193.33211899345338,200.47676983325556,68930
2014-06-03,193.843994140625,199.6236919815158,192.54301996164511,199.19714563112794,133778
2014-06-04,194.71839904785156,195.7634427600111,194.07857955481373,194.07857955481373,89884
2014-06-05,192.0951385498047,195.37953741606444,191.43398394098074,194.71839582440117,122012
2014-06-06,192.28707885742188,193.6520323096405,190.41027762349188,193.6520323096405,167210
2014-06-09,195.52877807617188,198.30132841303362,193.03348016956488,194.84630154366678,810558
2014-06-10,206.68301391601562,210.28733552281452,196.21130697869103,197.0217423823448,1146450
2014-06-11,210.9911346435547,213.2731600596248,207.3015115779553,209.0076968584323,545394
2014-06-12,217.00540161132812,218.24238311536152,207.7920001385015,212.4200294888283,830744
2014-06-13,215.49119567871094,219.67134420625726,213.40110839777776,217.53861270910912,295758
2014-06-16,221.84669494628906,226.49605950042,214.12621820943662,217.11204196932914,504746
2014-06-17,218.83956909179688,223.33962724883682,217.986476510962,223.33962724883682,278266
2014-06-18,217.75186157226562,221.37750471303792,213.2731259277822,219.67131970561564,352484
2014-06-19,214.74473571777344,220.0978864706114,213.55039829097038,218.60497444997742,163520
2014-06-20,217.36801147460938,220.90835380929911,213.27316412007184,214.9793494330324,437070
2014-06-23,214.97935485839844,229.6952035540626,213.74237307871687,219.60737222287108,223592
2014-06-24,215.55516052246094,218.92487345788402,214.29684381691095,215.66179709014622,103636
2014-06-25,214.0196075439453,217.5386145439205,213.27315151364755,214.12624411970214,143026
2014-06-26,221.78277587890625,224.78992238516392,209.64752723398115,212.48405780675637,341104
2014-06-27,215.36322021484375,223.93680328697712,214.97933115549802,223.0197183455026,309982
2014-06-30,216.6002197265625,217.96517318034878,215.36323798122166,215.36323798122166,289860
2014-07-01,218.94622802734375,226.06955701174815,217.965176666044,221.80409367190384,238250
2014-07-02,229.43930053710938,233.61944971434778,220.0979247140062,220.0979247140062,406144
2014-07-03,230.93215942382812,236.30663197561117,228.79942808830816,230.7402083967677,295468
2014-07-04,232.53167724609375,236.73314700901437,229.14062966315575,229.14062966315575,213680
2014-07-07,227.1998748779297,235.41089034950747,226.49606313806746,233.34212537633763,87436
2014-07-08,221.29222106933594,230.33500807468783,218.39171135970403,229.8658175460418,295310
2014-07-09,221.29222106933594,221.9533626449084,214.97934086970866,219.6713502934523,377158
2014-07-10,219.54335021972656,221.78271793163162,215.40584657372452,219.07413374521408,74842
2014-07-11,222.2732696533203,225.6643179930438,217.5386160702259,219.54338891538424,299756
2014-07-14,220.0765838623047,226.13354694669061,216.770849809432,224.27805479319477,76722
2014-07-15,221.5268096923828,222.550531222419,217.87984404739882,217.87984404739882,43824
2014-07-16,220.16184997558594,221.80404256934403,218.73290446536683,219.90590661357007,39554
2014-07-17,229.86582946777344,246.0105977721659,219.6713616864594,220.2045446031741,603980
2014-07-18,234.25924682617188,240.57212722740252,227.7757374812641,227.7757374812641,432322
2014-07-21,226.34674072265625,237.07436152394672,225.21638293247085,237.07436152394672,235042
2014-07-22,230.2496795654297,231.40135974244023,227.02926031873514,228.20226260314382,210120
2014-07-23,229.60989379882812,232.21184214083138,228.22361816856895,228.22361816856895,93710
2014-07-24,227.39181518554688,231.529319376303,223.93680067458104,231.529319376303,352136
2014-07-25,235.3042755126953,239.65502692127575,225.2377672675486,225.2377672675486,278438
2014-07-28,231.95579528808594,235.88002514473402,228.26618664555892,232.93684624367012,91002
2014-07-30,229.2472686767578,233.34210193092838,228.6287714575563,230.37760052699448,298070
2014-07-31,231.52932739257812,233.70472915218488,228.20227144565504,230.33500295449295,98804
2014-08-01,230.6698760986328,234.49433134369957,228.3064551832214,231.20701721577174,43150
2014-08-04,228.58578491210938,233.74233976876712,227.74783950238364,230.13274087806897,80020
2014-08-05,230.712890625,233.9357377119896,228.17757375886282,228.5858063020675,164710
2014-08-06,230.92774963378906,233.72088380652423,228.17757626498025,230.9707104377154,203886
2014-08-07,230.0467987060547,233.33411299901243,228.69321875946818,231.83011779551973,161148
2014-08-08,230.79881286621094,231.57231715129163,226.45872260150915,228.04866574764634,91648
2014-08-11,241.09043884277344,242.74484939216418,235.82645534739586,236.51401178539075,475574
2014-08-12,250.13587951660156,251.36057707161214,244.07693785318554,244.7000268309002,588012
2014-08-13,253.53057861328125,255.46428641626392,245.79574740135064,250.52258869753047,239780
2014-08-14,257.6988525390625,259.0739391775104,253.10091888593794,253.53063182122816,796702
2014-08-18,262.1033935546875,264.2304776954116,251.81176415964063,259.7184921601279,535708
2014-08-19,266.5079650878906,271.1918202998688,262.31826401007197,262.98431380769324,277402
2014-08-20,264.4882507324219,270.31085441854367,263.02721659802233,268.1408098408306,121760
2014-08-21,266.2286071777344,269.85968622678206,262.23228267499,264.5097556731052,92070
2014-08-22,261.4802551269531,268.8928013897961,257.84917649470924,265.56252698185216,494702
2014-08-25,277.68060302734375,281.8917860490184,261.2655578015292,261.65231007221183,559730
2014-08-26,287.6498107910156,289.99172499214274,278.4539447182344,278.4539447182344,475146
2014-08-27,281.7843017578125,289.79845975595623,278.26064988718525,287.8862316468109,162516
2014-08-28,281.1181640625,286.6184835385612,275.4889097437031,282.75106771870054,1402966
2014-09-01,284.19061279296875,287.88615942881046,281.1181813283748,281.1181813283748,89158
2014-09-02,290.3355407714844,293.0642072837482,284.49142940580873,285.7376073471735,216826
2014-09-03,296.5019226074219,298.65048726399743,290.12069606843096,290.894174099279,521120
2014-09-04,300.820556640625,302.88317363216487,294.58971863284114,297.7910854754635,560654
2014-09-05,295.92181396484375,308.53387772336083,287.0482316423468,302.474936019553,1017994
2014-09-08,297.662109375,304.0648153816659,293.21456544768375,301.6154730123059,77334
2014-09-09,301.0138854980469,306.6001531803804,294.93343749123864,294.93343749123864,94056
2014-09-10,297.0390625,303.33436740785567,296.5448821400648,296.5663887686152,77492
2014-09-11,305.6548156738281,307.674471781601,297.3613609956256,297.3613609956256,132158
2014-09-12,308.3835144042969,311.54189415050786,302.34602637006077,302.34602637006077,405012
2014-09-15,307.5885009765625,311.0906717438089,305.52588421891585,309.37182007450417,415778
2014-09-16,308.57684326171875,312.2294031515648,301.3361909122975,304.5590378739264,623050
2014-09-17,303.3343811035156,312.95993542180867,294.374850382866,309.35036238779765,279252
2014-09-18,304.75244140625,309.3933362037872,299.59588580285356,299.59588580285356,82378
2014-09-19,296.90887451171875,309.5492714752141,289.6487543515477,306.8267297121953,475648
2014-09-22,292.3713073730469,300.30128194115554,289.77840533197093,296.8872837031935,211870
2014-09-23,288.4603576660156,292.13363562880386,286.5156810974807,290.40503423455056,163504
2014-09-24,301.1439208984375,303.78005350955743,286.5156440420103,290.1457170510054,351186
2014-09-25,300.5389709472656,302.50524979566455,293.3004524700122,299.69627247613334,214358
2014-09-26,297.9676208496094,302.50519883209074,293.17076324724457,301.6408982639991,89766
2014-09-29,298.6591491699219,304.666050648142,289.8216940500885,296.45519254556797,491606
2014-09-30,301.2951354980469,304.2337516879433,296.02289759409257,296.02289759409257,284268
2014-10-01,299.3289489746094,303.3695441762691,297.18979947758083,299.091245182212,251096
2014-10-07,300.4957580566406,304.66601980019686,296.0446143901521,296.498367016709,316794
2014-10-08,297.5355224609375,305.0981537507943,294.33759925068074,296.34710897253143,194206
2014-10-09,302.5700988769531,304.6660176678094,296.0230100743964,296.0230100743964,279274
2014-10-10,302.4188232421875,304.66601043842485,299.5450391113889,302.4404254853852,60686
2014-10-13,304.42828369140625,317.3711904338702,298.72389446398273,298.72389446398273,848276
2014-10-14,289.79998779296875,312.0125243125808,282.6911362833352,307.6045858683496,964428
2014-10-15,289.79998779296875,289.79998779296875,289.79998779296875,289.79998779296875,0
2014-10-16,301.1007385253906,309.4196322700821,278.7369592377136,291.7014689697003,833878
2014-10-17,317.41436767578125,319.79119411855424,301.20873283869236,301.20873283869236,1465656
2014-10-20,320.78515625,327.91563606296916,317.41438925005036,326.27347022979984,582504
2014-10-21,330.3358154296875,335.7160674457358,312.0774588674902,317.78182372192066,1477972
2014-10-22,337.29327392578125,339.2379500726948,325.4091419168652,327.78596831864843,347352
2014-10-27,333.5552673339844,342.500785665175,331.2432733024461,337.0773035563052,412184
2014-10-28,327.850830078125,336.5370404100751,325.4523748527657,334.91647681259485,637766
2014-10-29,328.77996826171875,339.23801160165385,317.67369942190794,329.298553936892,576948
2014-10-30,345.5690002441406,350.9060459340962,333.70646915496326,342.6951901794807,1459904
2014-10-31,350.12811279296875,356.39429096997026,346.86538391400813,349.60952725477324,491658
2014-11-03,346.39013671875,352.4186398803892,340.7721816991975,352.4186398803892,139076
2014-11-05,344.85595703125,348.7021054484342,341.39875445449564,344.85595703125,105882
2014-11-07,344.1861877441406,347.4489179546353,341.4852477724784,341.4852477724784,178694
2014-11-10,339.1732177734375,346.15245701409333,336.94765912532137,345.6987043869136,91360
2014-11-11,336.47222900390625,342.9977146695287,335.3486487211072,337.5094003236917,69132
2014-11-12,336.926025390625,340.96662054617167,325.23633751415514,334.9165157456059,156848
2014-11-13,342.11181640625,345.7202610807351,337.0772545537167,337.94155520641857,119448
2014-11-14,344.83441162109375,347.79463126475576,339.7566444996408,344.83441162109375,274376
2014-11-17,346.0227355957031,350.47387821889555,341.5067598797561,345.72022512344813,202336
2014-11-18,343.9916687011719,349.1774727519433,342.4791425196969,344.85596937630044,186614
2014-11-19,345.331298828125,347.01669557135733,342.13340239089325,342.13340239089325,110558
2014-11-20,336.926025390625,344.2725812198835,331.891463345323,343.12737226065946,151696
2014-11-21,336.25616455078125,344.4238164191713,333.62005806223374,344.4238164191713,98772
2014-11-24,337.4446105957031,340.9666467111363,329.730736933583,329.730736933583,156004
2014-11-25,338.39532470703125,340.7937538630231,336.2129707250272,339.23802316085647,410564
2014-11-26,338.2656555175781,350.68997694348724,336.2129415428627,336.2129415428627,79944
2014-11-27,335.0893859863281,340.318394577868,333.1879139295698,336.21296632581755,59510
2014-11-28,334.22503662109375,338.15759361288497,332.7773173593633,332.84215045181384,54366
2014-12-01,333.4255676269531,340.966595839357,331.04874091324405,333.7280781203339,65650
2014-12-02,328.0885925292969,333.9874297277354,325.4092547448362,331.5890002568816,228968
2014-12-03,332.77740478515625,334.91655450533466,324.3072676346648,326.27354664713243,261270
2014-12-04,337.2284851074219,343.9916480345248,332.3235896212934,332.3235896212934,1163252
2014-12-05,336.3426513671875,340.0159297707092,334.05225952026507,337.0773123231653,241490
2014-12-08,331.58892822265625,343.08414231648436,330.5949877830254,335.0029262287381,72332
2014-12-09,315.14569091796875,339.2380766137888,311.623654476463,328.9529019866316,698022
2014-12-10,314.60546875,320.54753632597874,310.2839650583791,312.4447169041896,145382
2014-12-11,307.1076354980469,314.43256232189924,306.4161791601406,313.3089820402996,607894
2014-12-12,321.4983215332031,322.8163750852519,306.84841122979054,306.87001347627603,396892
2014-12-15,317.7817687988281,327.5699853767945,313.7627755727765,321.9520304824695,606480
2014-12-16,310.1327209472656,320.65557181685494,305.09815862897517,314.1517140788616,174214
2014-12-17,316.98223876953125,319.5751405181573,304.92523508787605,307.32369030644355,210504
2014-12-18,320.4178771972656,326.70565941469636,318.926953238156,325.40920838527296,460630
2014-12-19,321.7359313964844,322.60023208525934,316.48529416163086,319.7912548467407,316642
2014-12-22,333.1014099121094,342.78158613493775,319.79118738798905,321.0660359102804,1467050
2014-12-23,338.2872314453125,345.6337861518147,334.61395409206136,334.6571849455625,669308
2014-12-24,336.6019592285156,341.3556136584266,330.59505808017207,339.84308724890946,92582
2014-12-26,332.36688232421875,338.2441439478515,327.6780607493063,337.0773325215416,90022
2014-12-29,341.1826477050781,343.25696378380786,332.4100022540511,334.00896357303276,239816
2014-12-30,340.7721862792969,342.0038307221108,333.66330705681327,342.0038307221108,58920
2014-12-31,340.0590515136719,343.9916083449615,337.18524172255803,343.1273078214817,123760
2015-01-01,342.86810302734375,344.35900065456696,337.94157841801865,337.94157841801865,30122
2015-01-02,338.15765380859375,343.5163287773205,336.21297720522165,340.55608301081315,43226
2015-01-05,336.7530822753906,340.5343969624739,335.37019620027144,339.62689198811717,110070
2015-01-06,327.8724365234375,338.37368349454783,326.27347514480664,337.0772325999327,351996
2015-01-07,329.6658020019531,332.1506658967907,324.6312675017054,324.6312675017054,610864
2015-01-08,327.9588928222656,336.2129534950568,327.20262975206464,336.2129534950568,287058
2015-01-09,331.6969299316406,333.5767994062737,328.0884857769823,328.0884857769823,412692
2015-01-12,347.2112121582031,355.22759606418396,333.6416802981494,336.21298021646606,675482
2015-01-13,370.1368103027344,373.8100886303155,350.02021485460745,350.04181709890815,955330
2015-01-14,381.9560546875,386.51526172315073,364.1298537585309,371.95179047681734,1452746
2015-01-15,374.7175598144531,384.16006083514566,372.0814532167731,384.16006083514566,296784
2015-01-16,378.5636901855469,386.5152668313136,372.4703810652973,377.4401098748108,246262
2015-01-19,377.33209228515625,383.38219724339314,375.19294275679243,378.56371024396583,130674
2015-01-20,369.0132141113281,378.47729145564716,364.4540065743928,377.3321087928424,213308
2015-01-21,371.5844421386719,376.8350790777427,367.932793035396,371.6060707557639,218150
2015-01-22,385.08917236328125,401.8782295494436,370.74180161975494,370.78500610488567,1014526
2015-01-23,388.1358337402344,393.2136001739914,384.3761205523076,393.2136001739914,230576
2015-01-27,403.88775634765625,405.65958882689273,381.0918225750474,388.91376070009477,546466
2015-01-28,401.55413818359375,417.4572668848877,388.092643302339,405.78920663034114,900240
2015-01-29,396.5843505859375,410.49959604754906,393.29999235589116,404.0389435429049,1742328
2015-01-30,397.4703063964844,400.6033966072748,390.8800131944769,396.5844034052581,298624
2015-02-02,398.8747863769531,411.83929731011517,390.66392945261714,397.55673304068796,1433036
2015-02-03,406.4805603027344,409.67848306284105,398.89632783776096,400.17117649387217,508968
2015-02-04,399.2204895019531,409.9810438065072,395.0070235741788,409.20317844896016,259078
2015-02-05,396.7571716308594,407.86343938523186,394.3803450302737,400.17116948042667,304100
2015-02-06,387.0337829589844,399.739011831525,382.45300050908065,399.739011831525,763904
2015-02-09,404.3414611816406,407.4745510304895,382.4530367215515,390.8367635572921,461212
2015-02-10,412.8116149902344,416.54972600627633,404.49272089071906,405.7027365753758,381236
2015-02-11,431.091552734375,439.15116687058486,406.6966615389535,414.8643132567406,471086
2015-02-12,433.0577697753906,442.9108169132319,429.1468151544946,438.2003684766962,317842
2015-02-13,439.410400390625,451.98598939196967,431.7181306650581,436.90393403641013,455922
2015-02-16,444.4234619140625,451.53231457311153,438.07084604462005,440.79338816684793,426640
2015-02-18,440.7933349609375,446.97310575804875,434.8080634632385,442.95408660290286,385908
2015-02-19,427.8720703125,444.42345056625834,420.7848200781698,442.52197838981846,110350
2015-02-20,419.4234313964844,432.45277234283793,415.77175640829074,431.718111622363,182070
2015-02-23,433.4900207519531,440.7933724738801,421.34660604120893,421.34660604120893,301164
2015-02-24,431.2427673339844,443.0188622556687,429.12522044889926,436.38533974919784,281276
2015-02-25,426.40277099609375,435.0889827937675,423.52896051442025,432.5825159486587,128902
2015-02-26,419.6612243652344,430.35694629311575,411.83931302104736,428.2610274961783,218442
2015-02-27,414.54022216796875,422.64304120956314,412.7035831852074,420.0501391162529,249246
2015-03-02,416.8090515136719,421.49787269866005,412.811660402732,417.88942748960153,210358
2015-03-03,429.9463806152344,432.60408936062737,417.67330050007234,417.738133601135,282322
2015-03-04,445.136474609375,448.74491936371214,429.9463797514502,433.79250191526745,419306
2015-03-05,450.9704284667969,474.5009892075601,441.74400451750125,446.2383514309925,702046
2015-03-09,443.6239929199219,452.4614470744865,438.26531766667864,448.139943281989,328036
2015-03-10,466.7440185546875,485.73700582180595,445.9791726050745,446.2816567567187,793450
2015-03-11,467.0680847167969,478.8225522633267,459.69990069504854,467.15449367929256,337734
2015-03-12,485.1535949707031,488.32988945332744,465.42592118693244,465.42592118693244,259188
2015-03-13,462.3360595703125,493.92624084650356,459.4190445931514,489.1510109429373,272528
2015-03-16,460.1968688964844,473.960845516865,457.4527250189167,462.4008248945024,115638
2015-03-17,465.7501220703125,469.8771797436845,458.5116024278372,462.5306224946051,114878
2015-03-18,475.04132080078125,477.5045569465056,462.12001346429565,468.19174760359783,307400
2015-03-19,456.99896240234375,477.5261025575318,452.9151629883488,477.5261025575318,240322
2015-03-20,434.3759460449219,461.234101539979,429.9896093288604,458.0793828026051,481944
2015-03-23,428.62835693359375,436.03974672732545,407.5394230212621,434.31114515457097,755878
2015-03-24,424.8902587890625,444.6395364255848,421.3682226423634,432.1503798960428,864620
2015-03-25,439.8426208496094,442.9541086441386,427.655975707249,429.12529744744353,457982
2015-03-26,437.4873352050781,453.3256538723246,430.01114046891917,438.6325440232693,339782
2015-03-27,436.8823547363281,446.34643056014494,430.3568693256041,440.7933097089638,126974
2015-03-30,431.56695556640625,443.3646284147775,426.3379205299616,436.9040018134833,233838
2015-03-31,432.66888427734375,440.7933046165731,430.6593748381062,432.15029864369916,83978
2015-04-01,430.572998046875,438.63261276296697,428.6931545427224,429.1253049001243,422600
2015-04-06,438.45977783203125,442.8893193566926,433.12273103335184,434.70009051707063,155296
2015-04-07,447.47003173828125,454.6005120819479,440.7933303357562,440.7933303357562,250962
2015-04-08,470.61181640625,475.90565915278495,447.27569327866735,447.7078437069559,287220
2015-04-09,463.6109313964844,479.1467158743627,460.2401374576742,476.6618512824551,277522
2015-04-10,479.70855712890625,483.14413159686063,458.53318821276474,466.2038575650405,232028
2015-04-13,474.8034973144531,484.69974939745913,466.743936696524,479.6868166389832,134758
2015-04-15,464.6481018066406,476.66190435940445,461.2773602452238,476.66190435940445,126424
2015-04-16,454.060302734375,474.78194143646107,448.87449909296873,465.94443607926434,136140
2015-04-17,451.1434020996094,456.7829860847204,441.2255712322607,455.70261005329957,155546
2015-04-20,433.9653625488281,451.4026440249026,430.2056494381842,450.3006395927553,255116
2015-04-21,436.4503173828125,447.2108469022837,432.1504154735768,434.74331796641826,128222
2015-04-22,433.4684143066406,445.1148718103494,425.9490138513915,436.6015044237523,466396
2015-04-23,429.2333984375,438.6326699361314,426.22994778680163,434.74331621255976,76808
2015-04-24,420.00689697265625,431.06993436161775,417.54363492960323,431.06993436161775,184276
2015-04-27,406.7182922363281,420.4822696491174,394.9854002664885,420.4822696491174,972254
2015-04-28,408.1443786621094,413.61106443335206,402.3319515306741,405.14092863588286,602370
2015-04-29,405.0976867675781,412.91959635734594,401.12189887955094,412.57388140542184,228906
2015-04-30,402.09429931640625,408.3820816474513,401.03552568130664,407.3665388732652,252564
2015-05-04,391.91717529296875,404.0605899593839,386.342425052074,402.3319885050122,408344
2015-05-05,399.5877685546875,401.8997620114135,389.0216888910509,393.2567563767594,213262
2015-05-06,393.90496826171875,403.04495695678827,390.23169099323314,401.0354476652496,427888
2015-05-07,380.91888427734375,393.8401623220382,375.9707581051702,393.8401623220382,122738
2015-05-08,391.4417419433594,396.69237871239187,383.3173214649219,383.3173214649219,167506
2015-05-11,408.4469299316406,411.7312621703834,388.0710295764936,394.4884519760711,455654
2015-05-12,401.40283203125,411.40712293467107,395.09344762922586,410.0242365739037,183492
2015-05-13,404.77362060546875,410.1106666760502,393.73215847848456,401.89981033585525,755920
2015-05-14,439.9074401855469,453.3257028546369,400.6033618172053,409.6353143979336,2002800
2015-05-15,446.2601623535156,450.90577958285945,439.92914785786195,440.36129829780094,562810
2015-05-18,449.9981689453125,458.07935918071166,424.93342291566483,443.4294521431605,297252
2015-05-19,452.4181823730469,456.1346645894075,443.6023052591443,449.43633460254273,102530
2015-05-20,445.5038146972656,456.35077813457764,441.5496283702696,456.35077813457764,89852
2015-05-21,437.57379150390625,453.32567559267034,434.7432122461643,453.32567559267034,193810
2015-05-22,443.5591735839844,452.0293107297114,435.82367100469787,436.47189659369843,103586
2015-05-25,442.8028869628906,447.2540041201598,439.0647757136017,445.1148808907576,63762
2015-05-26,447.4484558105469,452.8503348580165,437.3361276831388,442.80283982972304,75578
2015-05-27,467.2193908691406,470.17961040247013,443.1702118269606,443.4511201226922,359172
2015-05-28,477.0291442871094,481.0049590836535,468.92632537765064,468.92632537765064,270968
2015-05-29,484.1596374511719,495.849325601352,477.95829043593494,480.119042201016,279470
2015-06-01,490.274658203125,500.8623436380977,481.84772489773854,484.6999071582449,360828
2015-06-02,459.65667724609375,495.54672801731135,449.6955917278259,487.83285571116835,700792
2015-06-03,470.59002685546875,481.8475627637272,462.48720909598904,468.45090406805406,562470
2015-06-04,465.2962646484375,475.27898001939,462.40087838023226,473.20463722089187,201086
2015-06-05,477.8285217285156,479.5787513838758,465.46903483406805,468.88303244109505,196242
2015-06-08,462.03363037109375,482.6903887184436,454.2332942180786,475.94885274212334,215890
2015-06-09,466.1389465332031,468.8830904753018,456.00499002290906,456.00499002290906,161154
2015-06-10,469.29364013671875,471.8433376906281,464.4967819182235,466.722366717468,646070
2015-06-11,472.7509460449219,479.25483117595246,464.9938668578222,464.9938668578222,243598
2015-06-12,461.88226318359375,471.06545708727384,457.64716912927827,466.7223254576209,170530
2015-06-15,449.7821350097656,466.2902583661204,447.47008828278064,466.2902583661204,120168
2015-06-16,437.2497253417969,452.8503690340677,430.42175498576944,450.3222999996067,441064
2015-06-17,459.31097412109375,463.26516024650425,434.76484030867846,434.76484030867846,492798
2015-06-18,457.7552185058594,462.27116817029855,455.8321707163649,462.27116817029855,215770
2015-06-19,454.31964111328125,461.6877722327001,452.02922337368284,458.5114780109727,102444
2015-06-22,457.6256103515625,462.3144840389551,454.31970224389954,454.31970224389954,147766
2015-06-23,463.1354064941406,468.8830259781857,455.91851834745245,464.1293731802502,226264
2015-06-24,473.5287780761719,479.47084579102227,463.13554035383163,463.13554035383163,578876
2015-06-25,471.3678894042969,479.6867817912166,466.72227417523777,475.365279252557,500086
2015-06-26,490.12335205078125,493.0403670445004,471.36801546654453,471.36801546654453,775552
2015-06-29,484.4837951660156,492.6082436575928,474.93328202881276,489.9721368101634,380180
2015-06-30,501.1864013671875,504.14662090878625,484.8727245820085,484.8727245820085,730402
2015-07-01,511.7525329589844,515.3394027331917,503.04474374392333,504.6220506570157,440822
2015-07-02,528.5630493164062,533.2734983859192,511.5579446631539,511.66598224386416,683166
2015-07-03,523.7662353515625,535.8664454091894,516.441307864198,529.384190021175,531278
2015-07-06,527.7205200195312,533.2736426194369,514.2590232715802,525.0627842646807,206970
2015-07-07,541.2900390625,544.5095386462577,525.4949198363885,532.819848481368,651536
2015-07-08,540.0367431640625,549.695293789775,533.7057294263931,539.7558348611863,506266
2015-07-09,506.8260192871094,539.7558592550589,496.972968889766,539.7558592550589,495488
2015-07-10,480.9400939941406,514.2805011999765,478.99541758521246,512.919217163182,700662
2015-07-13,486.9469909667969,490.4906024117661,480.9832955808772,480.9832955808772,441958
2015-07-14,497.7291564941406,501.2943968163257,487.89773621175146,490.4906382642497,342406
2015-07-15,506.48016357421875,512.3573972426241,497.40500705966366,503.1958317671149,256250
2015-07-16,514.0211181640625,516.181869516642,503.95204851267295,509.93731920877457,277776
2015-07-17,501.7265625,518.4507601489084,497.83720930232556,514.2589228036176,318164
2015-07-20,504.7084655761719,511.19072161297674,502.15876765114837,507.34457248059226,117972
2015-07-21,499.09051513671875,513.8268334513448,496.97296759381544,505.6159757258818,105138
2015-07-22,501.164794921875,505.6159651175936,495.20115108751304,495.20115108751304,202328
2015-07-23,504.6651916503906,513.3946074777941,501.35923097593513,505.4862350998988,290062
2015-07-24,500.12774658203125,509.8078746475067,497.18910236396385,509.8078746475067,93096
2015-07-27,508.1438903808594,515.0367189197264,495.37388140441504,500.40838990670954,220832
2015-07-28,525.5824584960938,535.0490845925866,511.24170596560674,515.1410071128021,512856
2015-07-29,548.804931640625,551.9677191613681,528.571913168657,530.3049358347838,573716
2015-07-30,572.7423095703125,581.4291068750349,552.3359781703366,552.3359781703366,482516
2015-07-31,567.9981079101562,579.2627538336224,545.9020716756651,578.3962426087404,274558
2015-08-03,575.9701538085938,584.4619551818131,560.4812621127081,563.2324253049347,375918
2015-08-04,576.44677734375,590.0943335153607,571.897591953213,581.1692756124118,366512
2015-08-05,573.5654907226562,591.3939715789214,569.7311887372027,580.1293245012276,846404
2015-08-06,571.291015625,578.3747364887014,564.9004933767918,576.230141702843,169050
2015-08-07,568.951416015625,583.7471100986246,561.4994384505138,577.9631565532295,342052
2015-08-10,555.58544921875,574.1288147644101,551.1012631971543,574.1288147644101,370676
2015-08-11,549.5848999023438,568.8647801117677,543.7359474792601,568.8647801117677,192486
2015-08-12,549.5848999023438,549.5848999023438,549.5848999023438,549.5848999023438,0
2015-08-13,552.4443969726562,556.105439797561,538.1902722014121,545.9022457166014,150026
2015-08-14,563.6441040039062,567.565090094359,552.8343930995436,558.8999742150559,221716
2015-08-17,556.4087524414062,564.6839275143537,544.2342752294885,563.6441030330943,207088
2015-08-18,567.6515502929688,571.4642212944224,561.0660853497172,564.0988750002563,193670
2015-08-19,569.4712524414062,577.9630528350652,563.7306149226172,569.7311952609526,265940
2015-08-20,571.767578125,577.0966448746284,559.7231003024069,571.4426363204534,508464
2015-08-21,565.9835815429688,580.5193316494183,554.7189331752778,564.0989297974446,1150876
2015-08-24,513.039794921875,558.8782204654931,509.0754943247073,550.2347896105347,399632
2015-08-25,519.9501953125,530.7382736566035,497.9624668324407,516.5058333854671,311260
2015-08-26,535.5473022460938,544.5806720361487,512.173180915244,525.2791644221727,210552
2015-08-27,533.0560913085938,554.2423036841751,529.5034160476223,537.2370190098708,237284
2015-08-28,515.054443359375,540.5082180098656,506.95252931249314,539.7066525830811,360292
2015-08-31,516.4407958984375,522.2247489326877,508.4688804177755,514.7077730934092,438902
2015-09-01,508.12237548828125,519.8202809853794,499.7605181815854,513.4080745948667,530274
2015-09-02,528.07373046875,535.5040767388973,504.6129223544771,509.075477482366,434240
2015-09-03,543.1726684570312,561.4994063470333,538.6668513335106,538.9701091787882,1458492
2015-09-04,540.29150390625,556.2569647527848,523.3295338646166,543.25929466535,845198
2015-09-07,527.0338134765625,552.3143229252888,516.2024222432273,541.5695616667593,198460
2015-09-08,529.936767578125,543.7359522836474,527.5321770723232,528.5720014231473,303050
2015-09-09,525.92919921875,541.0064685527233,518.6721649410168,540.7032106633479,617060
2015-09-10,528.5501708984375,531.1713885467333,508.20884075474567,519.4734868413811,414248
2015-09-11,528.138671875,532.7095404363637,521.2065810218417,532.7095404363637,783738
2015-09-14,532.0596923828125,534.6375426855925,530.304985613586,533.3377755639906,347260
2015-09-15,532.0596923828125,532.0596923828125,532.0596923828125,532.0596923828125,0
2015-09-16,501.796630859375,533.2076628668405,498.6772115943825,532.1245238321003,471696
2015-09-18,474.7616271972656,510.721851053355,466.6163987109429,510.2885953442455,2507120
2015-09-21,463.8434753417969,470.9488783806357,455.35167541678754,470.9488783806357,743042
2015-09-22,469.5408630371094,476.1263284962689,463.5835971854275,463.84354002687826,494056
2015-09-23,476.4947509765625,482.21370639327415,450.58603292812677,465.3167301584694,711612
2015-09-24,474.7400207519531,483.0801945137374,470.104205062808,472.24880001791365,401128
2015-09-28,485.6579895019531,489.5356600189569,467.0496770491685,476.14804738129516,779700
2015-09-29,499.1322326660156,503.8113623277345,477.03619274842646,480.2422425047747,342000
2015-09-30,499.37042236328125,505.65262892031905,493.9114120705576,502.05663896853537,307012
2015-10-01,507.6455993652344,513.3646054008609,499.11048462864136,502.1432740317668,245316
2015-10-05,524.6510620117188,526.4057690636648,509.96373348131146,514.7078630844724,497874
2015-10-06,505.52276611328125,528.571947933687,501.32015413891855,527.7054365436318,249202
2015-10-07,509.3138122558594,513.4080578915746,505.60945448056333,505.60945448056333,117044
2015-10-08,504.20135498046875,512.9314685035276,499.9771116197301,510.48356305541336,104712
2015-10-09,501.9918212890625,510.375310074812,498.2441482054616,506.4760080453779,89792
2015-10-12,480.9788513183594,506.88751181321055,477.18786374327294,506.88751181321055,399278
2015-10-13,473.9384460449219,486.9361177370525,471.81548242434155,483.05844728296995,169122
2015-10-14,462.76043701171875,474.6533385938856,459.90095975656794,473.9384560581822,421616
2015-10-15,467.9378356933594,473.1152201063093,464.16847940497246,465.74987327315245,169238
2015-10-16,465.14324951171875,471.31714244788844,459.85755180212897,469.12923317503,222600
2015-10-19,485.9829406738281,488.3009011847118,465.7499188428818,465.7499188428818,525278
2015-10-20,490.14215087890625,500.4102888986481,485.67959641158836,485.9828542194956,341248
2015-10-21,486.7844543457031,495.189572468044,485.6796311750322,493.0449779457508,75554
2015-10-23,472.5085754394531,491.2252502271811,468.7825876310065,490.01211331854745,239624
2015-10-26,467.5478820800781,482.90677492655857,465.034977957203,476.47293859512195,194408
2015-10-27,475.2381286621094,478.7474888170843,463.5835412074934,467.4828420213882,304500
2015-10-28,468.7393493652344,478.7258614528229,465.4249327042145,478.7258614528229,132344
2015-10-29,454.4635314941406,473.9817213386993,449.71940287894864,473.9817213386993,332256
2015-10-30,464.2768249511719,468.78269507470884,422.6409603007195,444.087118716799,768184
2015-11-02,443.1123046875,470.4074160982187,434.55550388810803,464.0168939822171,396948
2015-11-03,446.6433410644531,452.2756655346539,442.3757562726562,444.5203774173835,396200
2015-11-04,449.11285400390625,450.80256183386683,445.8201212177309,448.4196554522366,451522
2015-11-05,449.7411804199219,461.20077456523074,441.87757749071244,448.8529849221034,332130
2015-11-06,457.2147216796875,458.94774432926437,450.5858888899942,450.5858888899942,309210
2015-11-09,459.31610107421875,468.3494730244939,434.360553620305,448.41970821494095,261676
2015-11-10,456.08831787109375,465.360001722266,453.18552543114237,457.0848272751962,147902
2015-11-13,438.54144287109375,456.2182708695821,434.5338274812138,456.2182708695821,568936
2015-11-16,430.0279235839844,441.4442267162095,428.9231268792731,438.47640941645494,413092
2015-11-17,433.3856201171875,436.72169390103005,431.1110279614529,431.1760268862901,231428
2015-11-18,433.4723205566406,435.27034225891987,425.1104909760979,433.2556927102855,225798
2015-11-19,431.0677795410156,434.9670809815606,428.92315845994983,434.5554827629593,228762
2015-11-20,434.9671325683594,441.9208823399417,432.389255465943,434.0356220917761,653216
2015-11-23,425.3487854003906,438.9096835830097,423.72407651803616,435.8552361729493,242568
2015-11-24,402.5812072753906,428.0349800010839,400.86984194804614,428.0349800010839,786464
2015-11-26,403.5776672363281,412.5244076350405,402.92778371420843,405.0940621212741,384916
2015-11-27,395.04254150390625,406.3071896905804,390.36338523820746,405.09407902078135,795754
2015-11-30,402.1263427734375,406.7405007345217,395.2808806350223,397.72878624774035,619116
2015-12-01,410.1848449707031,411.5062696023603,399.9816782509557,402.81949787326243,1368746
2015-12-02,417.9617004394531,419.3914386916826,410.2930707035366,411.5061811465245,607656
2015-12-03,430.5262145996094,432.8224646286932,415.92549153508054,419.304880865037,700566
2015-12-04,437.3499755859375,447.119886420012,423.29082270576714,428.92314685640685,845324
2015-12-07,434.4038391113281,448.8529061596899,428.92314391707816,442.1374427953316,689504
2015-12-08,431.91265869140625,437.15504257889296,426.7135898004779,433.6889966516074,214772
2015-12-09,425.5003662109375,435.3136173283915,418.07004762868206,431.9558860178217,400816
2015-12-10,426.2586364746094,432.259244160466,406.4155294647649,425.4571239571105,698154
2015-12-11,428.0999450683594,432.7574438267779,421.6877660199537,422.42430599609736,262696
2015-12-14,434.5121154785156,437.58822011167075,420.90787706781003,428.9231068421327,201488
2015-12-15,436.09356689453125,441.9208619809882,431.52272405202376,437.02507732820055,162534
2015-12-16,432.3675537109375,441.70420924535665,428.9231654270751,436.33182770691957,232730
2015-12-17,433.8189697265625,439.64626475262656,431.54437707817493,435.85527700531395,308122
2015-12-18,424.2656555175781,444.9752996838653,410.70475703539677,434.5554786664599,459662
2015-12-21,426.605224609375,433.5373156310675,422.87920981891807,426.75685352294306,182464
2015-12-22,426.2586364746094,433.0390991803788,423.7241010489349,426.7568911382422,164540
2015-12-23,427.3851013183594,431.5660030623666,425.2404802605767,428.48989809242016,367920
2015-12-24,427.558349609375,430.4178529127021,422.4459379652677,427.19009286547026,356530
2015-12-28,424.54730224609375,429.78968602430115,422.42433858235245,428.4899188286632,115586
2015-12-29,423.68072509765625,429.20473482271154,419.86805409314456,427.926625323051,145540
2015-12-30,432.17254638671875,436.07184755712524,423.1174919801323,423.72406051750465,480266
2015-12-31,433.03912353515625,435.8552859193269,426.4319733261406,435.8552859193269,367138
2016-01-01,428.5549011230469,433.0174296993355,427.3201064688452,432.82245933879517,62002
2016-01-04,431.2626953125,433.1690043536118,427.19008152368866,431.0893824706594,128736
2016-01-05,432.8441467285156,445.38690583430855,426.82190773966227,426.82190773966227,726940
2016-01-06,423.57244873046875,436.72174874255654,421.14620092671237,433.2557031176156,144016
2016-01-07,419.23992919921875,423.7241155500531,412.2428383904658,423.2908598081819,267922
2016-01-08,421.1678466796875,424.5472622248404,416.0770923100009,424.5472622248404,233814
2016-01-11,413.1092834472656,422.53259431771977,408.99335456132013,421.0811983933648,645434
2016-01-12,415.925537109375,420.77800699775105,413.3260025024414,413.3260025024414,208706
2016-01-13,428.87982177734375,429.8763045841023,416.85697627699545,416.85697627699545,329626
2016-01-14,436.87335205078125,440.3827389066048,421.53611692581285,427.1900982312848,461946
2016-01-15,428.5549011230469,447.3798407870724,426.32362361298743,437.5882722043875,186888
2016-01-18,433.62396240234375,438.021518392021,413.759198876736,420.6912901668174,438952
2016-01-19,439.1263427734375,440.16616710988603,427.1901526213141,427.1901526213141,194446
2016-01-20,435.6602783203125,440.90268833078034,427.1901343926721,434.5554815373734,251012
2016-01-21,435.4002990722656,440.53436828112626,431.50099796867687,436.15849650907455,158982
2016-01-22,437.60992431640625,443.6755306963507,435.4219882710738,436.1151868290978,434674
2016-01-25,428.8581848144531,441.27097237635763,426.561934675046,441.27097237635763,276024
2016-01-27,429.7896728515625,435.42199719336725,421.31952884169147,431.08944000736363,113644
2016-01-28,438.0865173339844,441.70419189853465,425.15381865437485,431.9126235286346,355068
2016-01-29,436.5701904296875,446.25344638288954,425.0889124402248,425.0889124402248,383470
2016-02-01,447.8997497558594,454.91847072048404,439.25626707957593,441.48754444206975,784836
2016-02-02,447.7264404296875,458.7311455284545,444.1303970491814,449.71940602529315,552722
2016-02-03,447.271484375,452.3189235534872,439.7978240001938,446.2100291290028,265502
2016-02-04,449.4377746582031,453.1854469143281,441.0542877235048,447.98637868968956,193386
2016-02-05,445.1702575683594,449.8494405547995,440.2961306606766,449.2861869570693,163578
2016-02-08,454.91845703125,458.8177580915179,444.93189260516846,448.8528776041667,181580
2016-02-09,459.70599365234375,460.55082113435594,447.14157802403116,453.96535547733885,97176
2016-02-10,448.0947570800781,467.91620753829767,446.29673514950457,460.96243163231554,221104
2016-02-11,445.0835876464844,472.68195370596806,435.46527967899334,453.8570152931809,363732
2016-02-12,445.0835876464844,445.0835876464844,445.0835876464844,445.0835876464844,0
2016-02-15,451.1491394042969,459.20768409367844,444.99687730664255,459.20768409367844,107166
2016-02-16,450.3910217285156,465.7499164219702,435.8119556276348,437.6966075026004,437428
2016-02-17,448.8745422363281,454.05192615527017,441.05425651342085,450.1526252627154,161446
2016-02-18,439.4945983886719,453.40209596249804,435.4652991710651,450.15267817012466,216162
2016-02-19,429.42144775390625,445.8201673354065,425.56546099631004,439.32133107687287,219724
2016-02-22,428.31658935546875,435.4219936603944,425.45711221344004,429.3564136492048,306016
2016-02-23,424.54730224609375,431.04613822428377,421.3411992526541,430.04962888589625,279692
2016-02-24,424.9155578613281,428.5549165765462,420.75631342436276,421.1245702179056,132720
2016-02-25,417.5935363769531,428.3816149310037,415.5139141039811,428.3816149310037,588670
2016-02-26,419.4565124511719,422.3159894658171,411.5929109951539,419.5431424352655,109596
2016-02-29,426.2802734375,430.6344877256657,413.3475755441983,422.85754299352527,147532
2016-03-01,433.23406982421875,435.85526168574955,417.7451775724638,426.32363568466957,224442
2016-03-02,432.9740905761719,438.8880416958045,429.3564159136646,434.9887402394745,550834
2016-03-03,431.17608642578125,437.06835348436607,429.39972215447756,432.8441103261206,300280
2016-03-04,434.3604431152344,437.5882029704649,429.59463100367486,431.08936827288375,135006
2016-03-08,427.7532958984375,433.1689914973841,425.2404184292915,428.9230914365752,53030
2016-03-09,423.6590881347656,432.779142043211,420.7129545768336,427.62338848395746,77218
2016-03-10,408.105224609375,428.4899006402487,405.9606035388403,423.2908320783852,298966
2016-03-11,407.2386474609375,415.2322193735408,405.2889970648794,408.47341546757724,255750
2016-03-14,416.4453430175781,420.2146725242385,409.55656749010143,409.8598517389273,174044
2016-03-15,411.7229309082031,420.2580744091976,410.29319223248467,420.2580744091976,228690
2016-03-16,409.6865539550781,417.18189825567134,408.36512944072985,415.0589348796951,235106
2016-03-17,406.4804992675781,413.9758175194576,405.527331447632,412.4594225834889,210564
2016-03-18,407.0004577636719,410.8131030340262,403.79435467051474,406.8271448879972,461508
2016-03-21,411.09466552734375,414.4740811848241,400.76152753017857,408.10521702611913,227874
2016-03-22,407.2603759765625,415.8821753646624,405.52735310006653,413.75921176342257,145226
2016-03-23,402.97113037109375,410.7047607583391,402.0613039461615,410.7047607583391,333144
2016-03-28,395.2591247558594,407.2603115663128,394.26264204823894,403.01441147917393,254066
2016-03-29,396.60235595703125,408.1269492544097,390.3634620787931,394.69601992650445,617494
2016-03-30,405.8522033691406,409.42656224589047,396.9054642092006,396.9054642092006,355546
2016-03-31,403.92431640625,411.87457500890366,397.29550895026273,403.40440423554224,510794
2016-04-01,400.7181701660156,405.07238425649587,396.53724247308986,404.22753043145894,211094
2016-04-04,414.32244873046875,415.05898875920434,401.1948054186046,402.9278283361796,386190
2016-04-05,404.57415771484375,417.6584848313124,402.23459285698215,413.7591836243811,335734
2016-04-06,404.42254638671875,409.8599002396093,401.2381010629567,409.8599002396093,214784
2016-04-07,402.4945373535156,407.6502906592569,401.67134096223634,404.22756011930045,198636
2016-04-08,413.71588134765625,415.83881842593246,400.78318274757675,400.78318274757675,372716
2016-04-11,417.24688720703125,420.2147045515448,414.1924398795306,414.1924398795306,440000
2016-04-12,420.64801025390625,421.5794942323946,417.44190718733734,418.11344829830153,896774
2016-04-13,423.5941162109375,426.4535933413796,420.49632728310013,420.49632728310013,1211656
2016-04-18,424.2656555175781,426.32362014735446,422.4243187435677,422.4243187435677,785482
2016-04-20,431.6959533691406,434.81537298896814,422.42427159957805,424.63386490426035,512830
2016-04-21,438.9096984863281,442.78734243931325,430.20126915874266,434.12222810586286,279278
2016-04-22,448.181396484375,453.35883451093866,434.55552408754374,435.63866347958646,284252
2016-04-25,439.9278259277344,453.6186947721713,437.1549790115767,450.15264934888825,159192
2016-04-26,430.5912170410156,443.653888495642,424.5906354743449,442.5274341219165,197620
2016-04-27,436.4618225097656,440.59940934324766,420.69130373853346,431.9559524483191,109326
2016-04-28,432.69244384765625,441.9207843497232,429.78962556365235,436.4617734735223,88652
2016-04-29,436.1801452636719,439.3862477954628,432.2591867435114,435.85520351155094,53160
2016-05-02,424.54730224609375,435.81195127495647,423.29085004611113,435.42201053873254,158942
2016-05-03,421.23284912109375,431.95592756362095,420.30133880006986,424.59058075461235,104108
2016-05-04,418.4817199707031,428.87985748539,416.3587563172554,423.72410372349196,94546
2016-05-05,423.81072998046875,429.29139870561465,418.0917494658488,419.86808725392325,191556
2016-05-06,452.77392578125,480.6539216748863,418.5250388678959,422.87925370399745,1856664
2016-05-09,470.2558288574219,476.1480968210772,449.3945527094289,453.40216862898757,757914
2016-05-10,481.88861083984375,491.18192364973123,467.0279204541176,470.51564969392706,1020696
2016-05-11,482.27862548828125,489.36234608246036,467.91618748920513,478.31432498896527,355958
2016-05-12,465.5332336425781,485.67962299984185,459.72759688467397,479.28910164458074,652480
2016-05-13,483.5999755859375,485.246368347895,465.5332346337617,468.3493965929236,481578
2016-05-16,484.96478271484375,493.21832538884325,477.7944322354526,485.24640951218225,577132
2016-05-17,481.47711181640625,489.60065671868296,477.92438311321325,485.5063583553382,366240
2016-05-18,480.48052978515625,486.3077972916008,472.24867219641146,482.0186085423255,126428
2016-05-19,478.5093078613281,483.0801773310518,474.4150620426025,483.0368623321429,231856
2016-05-20,472.0104675292969,478.812614707621,470.08250054847326,478.53098788551955,86178
2016-05-23,462.9120788574219,475.6281772631744,460.2259143977396,475.6281772631744,105854
2016-05-24,447.4448547363281,461.3740370202493,442.78735564321215,461.3740370202493,433338
2016-05-25,444.7153015136719,453.1854717828415,443.2205904721289,451.4307650056738,510874
2016-05-26,444.13043212890625,447.09822326100135,438.45479272160355,444.0871171340352,224788
2016-05-27,439.7112121582031,444.4770247677089,438.47641757035206,444.4770247677089,166740
2016-05-30,443.0906066894531,447.11987938350376,436.5051148051163,440.2744446584524,199906
2016-05-31,443.6537780761719,450.52086943468385,440.6209885776043,444.0870337188244,221572
2016-06-01,447.8564453125,451.7991149273185,442.8306892159265,448.41969893966393,342150
2016-06-02,439.7545471191406,450.58593990532637,437.0466989225942,448.8962320531494,337038
2016-06-03,450.109375,451.3008282218325,439.7545527854508,441.9208313706008,424958
2016-06-06,444.4337463378906,457.9513038781896,441.96415695902505,450.5426415169169,280674
2016-06-07,444.9319152832031,452.05900320588466,443.3505478611227,445.8201106139307,307424
2016-06-08,446.5566101074219,449.71939773984565,444.0870738760518,447.53143539154007,161444
2016-06-09,441.899169921875,448.33303312853457,440.6210602792998,448.33303312853457,75726
2016-06-10,443.32891845703125,445.3868831408044,438.714734430618,443.1339480929602,600730
2016-06-13,437.2633056640625,444.7369663256479,436.52676570140136,444.7369663256479,90480
2016-06-14,428.96649169921875,441.48759299061675,427.62340950121563,439.75457005444156,276336
2016-06-15,425.6737060546875,433.2340229675288,424.59056685353056,431.08940206047237,181226
2016-06-16,436.09356689453125,444.7153403943316,420.25807462897893,429.3564453168228,855458
2016-06-17,437.869873046875,441.48754747564544,426.7351965411082,437.5882462712482,474538
2016-06-20,453.96539306640625,455.7417310523745,429.57307334423945,433.2557471954003,343458
2016-06-21,463.302001953125,464.42845626789136,450.62927191476365,454.0520027419731,239354
2016-06-22,471.3388671875,473.5484605889289,459.2510230780097,461.4173014887551,473290
2016-06-23,465.0133972167969,474.19839755852564,462.19723496542144,470.9489795761694,137332
2016-06-24,469.1293029785156,473.9384307720959,439.64623081857,460.11756307398014,376380
2016-06-27,476.06146240234375,478.3143712568198,462.21890878418594,469.21600006443464,429614
2016-06-28,475.6714172363281,478.74752195825727,470.0824084386508,475.71473222639503,133810
2016-06-29,471.0572814941406,481.3687887835445,466.2048385859865,476.58129192325106,112590
2016-06-30,476.689697265625,481.8887669017873,473.0936529455443,474.95667405357096,2194614
2016-07-01,498.0707092285156,501.9266952812327,470.9922297679399,480.48053954845665,499094
2016-07-04,490.18548583984375,502.489957702022,483.12339711648036,498.63397158106267,199968
2016-07-05,487.6943054199219,495.21128148612047,486.32953934223116,493.30494576550973,55508
2016-07-07,474.5882873535156,487.84590072097706,465.7715447519423,487.4126450365002,2019964
2016-07-08,474.4800720214844,482.43030490603047,472.2487942052745,477.44786349927756,292576
2016-07-11,480.8921813964844,483.0801440109714,468.71770583347137,480.35061172831064,289648
2016-07-12,487.2825927734375,491.70183199430994,481.3686956507103,482.21352298605683,144256
2016-07-13,482.99346923828125,491.29027347533247,479.3541108280451,485.2463776939399,84248
2016-07-14,483.8815612792969,491.52853406596284,475.69301893107735,486.1128384504278,99050
2016-07-15,475.60638427734375,487.91085517232034,473.11516431870587,482.9067313177348,123760
2016-07-18,481.56378173828125,484.379944204587,475.60651498263445,475.60651498263445,93766
2016-07-19,476.77618408203125,482.82013245150705,474.4149618198167,481.56368042258106,1531022
2016-07-20,481.3688659667969,484.3799725480519,477.01462412826936,480.9139262328601,157942
2016-07-21,488.1708679199219,491.74522750309416,482.1486030143785,482.60354266184606,264504
2016-07-22,490.4237976074219,495.42792239489677,482.25693775457046,486.93612074773307,172918
2016-07-25,489.384033203125,491.09537218934616,480.9138624880232,489.578977127447,201210
2016-07-26,493.6562194824219,496.9913033457303,487.400243105725,491.2802735735791,580468
2016-07-27,499.3891906738281,503.50896672588385,495.26941462177234,495.98870174192615,673734
2016-07-28,491.06243896484375,502.0921295454934,488.7082582992151,499.3892148811337,358184
2016-07-29,497.122314453125,505.2528785331474,487.4004417782549,493.50384623701655,174924
2016-08-01,500.74072265625,508.08659513664793,497.01331834285446,501.3510737373358,156244
2016-08-02,499.04046630859375,505.66705140710843,495.68361526703296,505.66705140710843,154836
2016-08-03,502.07037353515625,510.4625538726412,470.83401373941535,498.735288627677,1054732
2016-08-04,506.58258056640625,509.52529349138325,497.5146438957877,507.89045297750715,276032
2016-08-05,500.1303405761719,509.1982763739242,494.81168123664725,507.01848923191255,97178
2016-08-08,500.8279113769531,506.9094961717548,498.56090083534616,505.6670281533765,76826
2016-08-09,492.0650939941406,503.07301829718693,488.31587101362396,501.39459295783735,90648
2016-08-10,489.9289855957031,494.8116875693149,483.4767942857888,491.7599855314425,94826
2016-08-11,490.2123107910156,492.1959383841536,483.9127472155983,489.5801938046098,204936
2016-08-12,494.65911865234375,496.99148030678253,485.9617358164986,490.9316612630586,39198
2016-08-16,508.5661315917969,511.7704078719183,492.82802671274067,497.1222497217516,190528
2016-08-17,517.699462890625,521.84105859375,507.51986725327845,508.7187502199725,290916
2016-08-18,514.7785034179688,522.7129065676265,510.0701423553987,517.4814179280839,81188
2016-08-19,515.1055297851562,520.8819658120707,510.15737031266116,514.4297744723821,255054
2016-08-22,510.9856872558594,521.4050803580104,503.96678335607027,516.3915699699527,217244
2016-08-23,498.7789001464844,510.44076175266554,496.1195703863241,510.44076175266554,510368
2016-08-24,495.770751953125,508.76230423074765,492.6318798463966,499.0404325715745,206576
2016-08-25,493.7435607910156,502.46270854615284,492.6318481652538,499.17120898160675,63228
2016-08-26,490.5173645019531,498.73514892599496,488.9696948070322,493.5036613498482,86972
2016-08-29,495.05145263671875,505.710589904182,490.12511267222123,490.5174849802934,1144140
2016-08-30,500.8714294433594,504.8386308384092,494.8116114003406,495.33473895360686,291134
2016-08-31,499.9123229980469,504.2937160998581,495.8143660636138,500.8714611964429,85120
2016-09-01,511.13812255859375,514.429621508614,496.99132925408475,499.91222191974055,215504
2016-09-02,505.9284973144531,515.3233993572505,503.96668926799464,515.301580203088,101042
2016-09-06,532.7399291992188,534.9197161435691,505.64516683745336,510.5061023668455,530192
2016-09-07,527.4430541992188,536.0750320790729,517.0454807649329,535.0505428239153,212432
2016-09-08,523.5411987304688,534.0477603518601,519.9445505485072,527.508400021021,107782
2016-09-09,523.6503295898438,529.644744846483,514.4298183879564,523.5195210608947,474754
2016-09-12,522.1026611328125,527.072586988605,512.7513945861298,516.6096075942903,113548
2016-09-14,514.2772216796875,525.2633282425835,512.2718280331225,520.9691579606265,110542
2016-09-15,510.04827880859375,520.9472125257521,503.0947803840267,514.2552778669068,290368
2016-09-16,527.3341064453125,529.0125319383877,514.4297769219489,514.7785641593888,169132
2016-09-19,534.614501953125,544.0747548490173,523.824557896624,528.380290766834,306142
2016-09-20,525.9390258789062,534.2222166029388,521.3396539530528,532.3039933707241,119532
2016-09-21,514.843994140625,528.4023151174104,511.83592993069686,525.764750925696,289602
2016-09-22,523.432373046875,529.7101715707738,519.2253726085266,523.0618198224279,281746
2016-09-23,516.2172241210938,527.5085331181064,513.5578942257267,523.5849159296246,436232
2016-09-26,513.056396484375,520.9690330269776,508.3262698823899,518.7892462779108,88308
2016-09-27,504.5989990234375,516.4788411794349,501.78709436891404,513.9939046576452,205516
2016-09-28,510.6588134765625,513.1219840263851,502.2448655500267,503.57450401145735,592040
2016-09-29,508.8931884765625,517.4815295588339,502.2230177352794,510.68060350382854,657328
2016-09-30,510.0264587402344,524.4566348067227,497.1221332322029,508.7185868329857,670516
2016-10-03,515.8248291015625,520.9255631530216,509.32910572658886,510.0483929389119,120090
2016-10-04,510.2444152832031,518.9417418025852,507.21448023222706,517.9172528297856,156638
2016-10-05,507.19281005859375,516.0863509651648,504.51166161520405,516.0863509651648,86234
2016-10-06,507.4325866699219,509.634192793179,503.5526084433221,507.21460797326097,59148
2016-10-07,502.37548828125,509.00207254708636,499.6071694951648,507.38899827182104,96616
2016-10-10,500.7841796875,506.95298674762506,499.32373322881824,502.22286020945467,65274
2016-10-13,490.4521179199219,501.59085175166524,484.7846712239583,501.59085175166524,473220
2016-10-14,509.7650451660156,518.8765128965648,482.60487593781585,490.4521096929023,248894
2016-10-17,508.5661315917969,516.6095244191889,497.20941991568355,508.326333732299,209026
2016-10-18,508.76226806640625,514.8656714536639,502.87684337155065,509.19822545121036,105452
2016-10-19,498.6043701171875,513.99368493968,493.28571205194896,508.78401620542945,165814
2016-10-20,501.37274169921875,505.7104957855732,494.8115626867462,499.8686570011126,125064
2016-10-21,501.8742370605469,506.1466417142864,498.5173857022278,501.37292852515634,209116
2016-10-24,511.4216003417969,513.7103766248697,500.6970592588893,506.14652659953896,161278
2016-10-25,513.7103881835938,517.8955685518903,504.83866579688913,511.1600480542768,157822
2016-10-26,510.74591064453125,513.7322081757652,507.0402727634855,513.7322081757652,143114
2016-10-27,506.32098388671875,517.8956220437292,500.6099520388331,514.429781666099,310336
2016-10-28,528.8817749023438,537.9714768127791,509.2201051534077,514.8657326709011,379746
2016-11-01,542.3964233398438,543.0503594561035,524.8055524559488,524.8055524559488,266448
2016-11-02,536.1404418945312,540.5871861712149,516.6095287200723,538.407399130202,155006
2016-11-03,543.8350830078125,548.7832424872648,526.2006259840632,533.6119024063739,567380
2016-11-04,522.9309692382812,549.3063953649307,518.7893734002123,546.1021187021279,171690
2016-11-07,512.0756225585938,530.1242720702683,506.58256919872673,529.6883146096842,3204694
2016-11-08,510.0702209472656,516.8493806408575,503.79242296903755,512.075614591258,79646
2016-11-09,509.43804931640625,521.5358673625459,479.55314777490554,500.91506072124224,268816
2016-11-10,516.8928833007812,522.2769463529996,509.63418220922915,514.4078942799815,52062
2016-11-11,479.6622314453125,511.2037454053804,476.06558212977166,511.2037454053804,189454
2016-11-15,453.78814697265625,479.6622125047188,431.5979008222419,479.55322313582434,626710
2016-11-16,458.1477355957031,472.5560986691915,456.01153325721896,456.01153325721896,257774
2016-11-17,473.49322509765625,479.50945727978933,458.19113411651205,459.9349633614845,520996
2016-11-18,471.05194091796875,475.1935359561184,464.51258033141664,466.9103458798191,127076
2016-11-21,470.6595764160156,474.3216290484836,454.0496108952166,474.3216290484836,65454
2016-11-22,462.15850830078125,472.81770048801684,457.75534844966324,467.3464128933705,395170
2016-11-23,456.6217956542969,477.8093148480455,450.1478388475204,462.9867631100587,315430
2016-11-24,461.1120910644531,471.0519404327547,451.2158800073124,451.2158800073124,189558
2016-11-25,468.9593505859375,472.3380204121113,459.06313896270757,461.1339365981044,114208
2016-11-28,477.80926513671875,483.91266815853817,462.1148002234689,468.95930946810023,98196
2016-11-29,491.7381591796875,494.7898611729201,474.3216812338653,485.65657435158636,145558
2016-11-30,483.43316650390625,496.09769691245816,478.2016777580094,491.73812295754414,633810
2016-12-01,467.60797119140625,484.43591887238387,464.29470506635056,483.4332486229071,226802
2016-12-02,449.1451110839844,466.47441772372076,446.89991983182296,466.47441772372076,292160
2016-12-05,449.3630676269531,455.61904536129094,446.85631270203925,453.26486487527245,61240
2016-12-06,447.0525207519531,453.3957225808126,444.67657406964315,451.2159354530202,64414
2016-12-07,441.2325134277344,451.2159494256689,439.0091411320276,446.96536439484737,66956
2016-12-08,451.39031982421875,455.7280748327235,439.9028259307293,445.52668724877316,243872
2016-12-09,452.56732177734375,456.01139554204053,449.05789698304045,451.6518219708929,111680
2016-12-12,453.46112060546875,459.4991202229715,449.2541208631614,454.26763118817485,48722
2016-12-13,446.4639587402344,456.8833511513957,442.95450702307846,453.39569198230106,50820
2016-12-14,440.25152587890625,452.39292761561984,436.6112925951181,452.39292761561984,99912
2016-12-15,444.8509521484375,448.20780292102734,440.49137804509616,442.3659895877872,95700
2016-12-16,445.0689392089844,448.1642262369738,441.62486495919694,441.62486495919694,41970
2016-12-19,441.6466979980469,447.05255451804106,438.5949957886411,444.6766076562747,79056
2016-12-20,438.74749755859375,445.1124643683632,437.28702443798716,441.5812203973737,42052
2016-12-21,430.6822814941406,440.1643539620034,428.9820371667579,439.44501368302025,101202
2016-12-22,415.5982360839844,431.5106831744167,412.19777326037797,430.682379976044,178076
2016-12-23,419.0205078125,429.41808220514235,407.7946036330255,415.5982259129363,1089194
2016-12-26,431.35809326171875,442.060843065473,415.59822120124744,425.0585029475702,226326
2016-12-27,426.9548645019531,435.9138102635755,418.4319027444181,433.34165098746263,131080
2016-12-28,425.75604248046875,433.5161065133136,422.8787339035864,427.23830847991206,109302
2016-12-29,423.0313415527344,428.11025697603515,416.5573834425678,425.49451202506145,281598
2016-12-30,414.8352966308594,430.7259506375642,409.12426481144456,427.2382911182317,209920
2017-01-02,423.92498779296875,426.36633859747946,410.47568599364985,410.47568599364985,101414
2017-01-03,449.29766845703125,452.959721119195,423.9685551380339,423.9685551380339,208896
2017-01-04,452.3057861328125,459.3246893753345,444.6765319088856,451.6082649615443,140350
2017-01-05,460.240234375,461.28654284324205,448.2514051330709,457.66812812979,226512
2017-01-06,449.5810546875,460.19660640196366,447.53207625857266,459.93504261363637,69176
2017-01-09,452.93792724609375,456.8833630710469,449.0361297358572,451.3467252826458,215048
2017-01-10,453.43927001953125,455.7716314090632,446.66016454561026,453.61366361876225,215768
2017-01-11,453.3957214355469,458.300242460691,451.8044661927861,455.57550855783313,128476
2017-01-12,463.18292236328125,466.4744220488327,449.2541045993665,449.2541045993665,315512
2017-01-13,467.7387390136719,471.248164407625,459.4991329128247,466.0384943869161,91508
2017-01-16,469.068359375,474.757624927645,463.2265725880568,464.36005122354766,294646
2017-01-17,456.0768127441406,469.3735125138389,454.28939817268804,463.6406624614457,173006
2017-01-18,447.79364013671875,461.24291486524373,445.1560766617079,461.24291486524373,242056
2017-01-19,436.17535400390625,450.8670962650826,435.5214179409319,450.8670962650826,471740
2017-01-20,434.2790222167969,442.0608520155908,427.9576392244635,442.0608520155908,826002
2017-01-23,435.1726379394531,438.8346637634272,432.1427289944932,435.06364860048853,116728
2017-01-24,439.8374328613281,444.6765493727759,432.0773698303894,436.3933587472046,264110
2017-01-25,435.76123046875,442.45319277922687,434.2135869614665,442.45319277922687,445104
2017-01-27,438.0935974121094,441.6030491243845,431.161864179683,435.30345943722295,858248
2017-01-30,441.7556457519531,445.11252318784824,439.0091193439404,439.8810341787844,410982
2017-01-31,449.5375061035156,460.80699481282574,442.9763256188661,448.1642295814426,1568398
2017-02-01,481.7547912597656,485.74375926925546,450.3440363620497,450.3440363620497,891010
2017-02-02,500.6316223144531,507.78133364197714,478.7247650356299,481.84187079441534,437016
2017-02-03,512.0537719726562,522.7129088349782,499.28019920205065,501.35099679751863,580564
2017-02-06,500.6971130371094,517.0455168149862,496.99147484745725,512.2281658814544,285814
2017-02-07,484.5231018066406,504.4027501131572,479.5967615254658,501.28564382289846,178424
2017-02-08,487.3785705566406,489.1442193734477,479.9891136632495,485.56938985930583,60904
2017-02-09,496.9260559082031,499.1712472708607,490.4520988469156,490.4520988469156,171948
2017-02-10,499.73797607421875,502.33190125062697,492.63184934971446,492.71901954049355,78120
2017-02-13,506.495361328125,513.5360312190089,494.8988511649903,499.73802119158023,145352
2017-02-14,492.6972961425781,503.2256786347652,488.73009420540217,501.3946255132122,251962
2017-02-15,477.5259094238281,492.6318434071944,475.41152675711993,492.6318434071944,138778
2017-02-16,471.3788146972656,483.2586507208499,468.4796881067374,479.1824607470718,93554
2017-02-17,465.994873046875,482.1907010149856,463.4227137569436,475.19356349489044,204140
2017-02-20,486.8118896484375,489.55838961043474,463.0086238904879,466.03850683408984,272510
2017-02-21,482.2778015136719,505.7105082538842,475.1934948247705,486.8117684380584,259216
2017-02-22,469.0247497558594,486.02708805169493,467.41172869169804,486.02708805169493,404702
2017-02-23,469.1991271972656,475.14995603935574,467.01934031133175,473.0137542476499,184546
2017-02-27,456.4037780761719,474.7575725801797,453.39566160090624,470.7467860914602,384364
2017-02-28,453.5700988769531,457.7770985164585,442.03902008944897,457.66810916423015,835792
2017-03-01,451.739013671875,462.2892141470337,448.60014183812314,455.79343857313677,1397866
2017-03-02,450.1915283203125,466.9104879987148,447.05260235286505,455.57559286522593,317416
2017-03-03,452.06597900390625,455.5754571618471,448.1641817821807,448.1641817821807,391712
2017-03-06,459.3683166503906,463.1829441126209,452.08784895231764,454.3766254296558,129968
2017-03-07,454.6164245605469,459.36831792413403,452.3929991167146,459.36831792413403,756912
2017-03-08,447.22686767578125,456.83974919275727,445.9843997861434,454.70354738704555,83798
2017-03-09,440.9491271972656,453.3957059177821,439.8810262221559,447.7282595938098,179882
2017-03-10,434.60601806640625,445.0689974807406,431.5979008412921,444.58942829234405,325372
2017-03-14,443.31854248046875,449.8257410471447,439.3880262965617,444.86893407742497,334602
2017-03-15,456.9225769042969,459.82680275065286,445.4585695984543,445.4585695984543,246770
2017-03-16,457.83966064453125,469.0416435192813,456.81336975900206,461.61733445054034,277456
2017-03-17,460.67828369140625,464.2157372983035,458.29815930389157,460.6127644316236,345402
2017-03-20,461.48638916015625,471.22535905447086,455.96187129737814,461.20256111077356,168960
2017-03-21,454.3022155761719,463.800964135443,452.03127172779824,462.0104061037202,155900
2017-03-22,451.5508117675781,460.6128358370775,444.1483604183554,455.503185758451,634052
2017-03-23,452.0967712402344,456.0272881771373,449.8913465011565,452.0531094920339,172792
2017-03-24,446.85601806640625,457.9924538080243,444.6723979885363,454.1929761969455,188024
2017-03-27,442.9909973144531,449.9349198678509,441.96470653362303,449.80388133794185,396998
2017-03-28,443.6024169921875,447.51107559106106,441.6589897997841,445.2619629134297,184476
2017-03-29,444.60693359375,447.0962661208385,441.9647583045554,444.95630751822233,412070
2017-03-30,445.48028564453125,447.6420746532281,442.4013869499708,445.4147930415502,304356
2017-03-31,464.8272705078125,474.3042151654499,440.2397097846377,447.1618025445647,2092470
2017-04-03,458.232666015625,473.84554932280497,455.7651647048704,466.42124117673336,267214
2017-04-05,452.8609619140625,460.11062346617604,452.0093713793575,460.11062346617604,709386
2017-04-06,453.2976989746094,458.5821025421933,450.1751647169067,453.31955650116913,415338
2017-04-07,451.6163330078125,456.0490928125125,450.2624991043337,454.19301558536085,245022
2017-04-10,452.97015380859375,455.06645052892037,448.62477092690347,454.12748317896074,362406
2017-04-11,450.59002685546875,456.37662036730296,449.73843630455815,456.37662036730296,123344
2017-04-12,449.6728820800781,453.2321933804202,445.93887051565724,453.2321933804202,150952
2017-04-13,448.66845703125,452.0094067871024,447.6421661418164,451.83470649908236,132428
2017-04-17,446.8778991699219,450.45901517576937,443.27492563642386,450.43721095916186,201680
2017-04-18,442.8163757324219,450.0004920089394,441.59355366856227,449.38906764924866,190648
2017-04-19,445.21832275390625,447.6421358167368,441.70269960371775,443.2748954673052,294792
2017-04-20,443.27490234375,445.6332228312351,442.40145426031404,443.5806145040566,176204
2017-04-21,441.440673828125,445.5458906479282,438.90767961518145,445.3711903619923,730060
2017-04-24,439.1042175292969,443.14391514015097,435.9816297949145,443.14391514015097,224990
2017-04-25,445.7860412597656,448.5155663715692,438.9076379780205,440.6545340495748,396072
2017-04-26,448.88677978515625,452.88281528814167,442.96917455969856,452.88281528814167,310442
2017-04-27,458.84405517578125,461.35521803301543,447.8167748027096,449.3889704511193,627448
2017-04-28,462.1632080078125,467.20739191431204,454.8262229276385,454.8262229276385,413954
2017-05-02,455.67791748046875,470.7885600441671,452.00942453220125,463.60447022505406,533906
2017-05-03,467.05450439453125,469.0197625793321,456.2237801626974,462.7746407787002,372512
2017-05-04,487.1875915527344,491.27095122949197,468.9980221078533,470.7885802573834,1025516
2017-05-05,473.95477294921875,479.9597286074098,467.73145526709357,470.72300433278417,584510
2017-05-08,473.6927185058594,479.52297350512123,471.48724088253647,479.52297350512123,122918
2017-05-09,470.7667236328125,480.3965113900966,468.6049606559761,476.00741284797715,114350
2017-05-10,484.5672607421875,504.15432654150436,471.6620418829159,473.5836386416857,942734
2017-05-11,492.9303894042969,502.23263253124765,484.6763479184838,484.6763479184838,528364
2017-05-12,479.3482971191406,497.4068255665889,478.2128252738491,493.47630919447505,118204
2017-05-15,478.71502685546875,485.44058716815823,472.22968606899644,482.5800236222726,72474
2017-05-16,473.88922119140625,481.269867756596,467.29469918290175,473.845559451821,286798
2017-05-17,473.7362976074219,477.1209081688024,469.0415152158295,474.2822025366768,145844
2017-05-18,472.9502868652344,480.3964532144752,469.50020953189056,472.53542034369286,139722
2017-05-19,485.5716857910156,490.00444612179587,475.5925506476254,475.5925506476254,402016
2017-05-22,481.5755615234375,487.6023743988643,472.0331522298769,487.6023743988643,192944
2017-05-23,473.9111022949219,481.66295399881596,466.8579983922694,481.66295399881596,646796
2017-05-24,474.5006103515625,485.61521446060266,473.8455243731664,473.9328478458725,157596
2017-05-25,475.8544616699219,482.1432979576637,472.6226933945928,476.02916193283824,43066
2017-05-26,476.53155517578125,479.50124733586887,475.15586347501727,478.19107491819875,83798
2017-05-29,473.1249084472656,478.8678393903504,470.046036404973,475.9199525541581,89296
2017-05-30,472.3388366699219,475.1338274621865,470.83210696896487,473.4087890846764,129760
2017-05-31,475.5705261230469,477.77600340467393,470.3516962219687,473.0375591885062,488642
2017-06-01,486.7944641113281,489.6113128580077,474.39149065545837,475.5706242445242,378136
2017-06-02,497.47235107421875,501.33734822639684,487.8207603016319,491.31455267621834,947166
2017-06-05,497.8218078613281,504.5910313516223,496.9920214164375,497.21038346451155,489800
2017-06-06,489.24005126953125,502.2325900111233,485.96462133467605,501.70854254596014,194798
2017-06-07,493.1269226074219,494.5026138901201,489.1745490241365,494.3715753637542,268652
2017-06-08,490.59393310546875,500.04901910712573,489.15277577938184,493.1269538279817,87948
2017-06-09,493.4763488769531,495.15777922017804,489.5895472452522,491.3145860228703,76828
2017-06-12,485.5497741699219,494.80830182942964,481.291715085335,493.49812980340295,168818
2017-06-13,494.4808654785156,504.41633881888765,490.899749159372,490.899749159372,477648
2017-06-14,490.419189453125,499.3502271482819,489.1308749907329,490.92143271018847,70250
2017-06-15,495.900146484375,499.17557677819514,490.4192384682999,490.4192384682999,188194
2017-06-16,486.1829528808594,498.6077283311701,482.62364191236173,498.6077283311701,82066
2017-06-19,489.1745910644531,490.87782549840836,486.18304202500275,489.0872675800618,93994
2017-06-20,488.6943054199219,490.44120195404133,486.94740888580236,489.1310295534517,31254
2017-06-21,495.4852294921875,500.04897391221266,437.1607186778383,489.08721230787233,2022480
2017-06-22,483.5846252441406,500.04910276174564,481.2699661514792,497.86548222566813,222850
2017-06-23,476.1164855957031,490.8777781858483,472.5353701041707,484.8291614211212,298578
2017-06-27,468.9761047363281,479.95972512268133,462.01037754781737,476.509594507362,339076
2017-06-28,463.0585021972656,469.6530242721891,460.74384355451974,467.29470388941814,182860
2017-06-29,469.7622375488281,473.40887272355866,463.05853400780154,463.05853400780154,206486
2017-06-30,469.71844482421875,472.5352928518361,464.6524045810524,471.66184499074217,281996
2017-07-03,468.2336730957031,471.6182842824397,460.78750716046744,471.6182842824397,255114
2017-07-04,465.43853759765625,473.8454734163331,463.9536655441,471.57453025985484,89434
2017-07-05,466.5085754394531,473.84556027784765,461.0058634661759,468.14629050953783,246844
2017-07-06,465.0237731933594,469.3910135377334,462.92747650364413,465.59148245150436,298862
2017-07-07,458.9969482421875,469.04160077270154,457.11901361858924,465.1110845651091,305780
2017-07-10,459.1498107910156,466.7706773088223,457.68679591285337,466.7706773088223,49808
2017-07-11,460.17608642578125,465.11108926066186,459.5428579103582,462.9274691232879,201480
2017-07-12,464.6961975097656,465.54778799265506,458.9969279364732,462.44705822826944,254812
2017-07-13,469.4784240722656,472.4044543211335,463.08040511921047,465.5479070335211,171682
2017-07-14,470.5046081542969,473.8455575401747,464.01926717643835,472.31702348359346,175672
2017-07-17,466.7706604003906,471.66194816808877,465.5478118029469,471.66194816808877,64868
2017-07-18,464.3249816894531,467.7095930263206,461.6609756865139,463.80093416170916,113152
2017-07-19,467.33843994140625,470.7885709286025,464.41240985096243,468.16822637797947,499558
2017-07-20,473.9111022949219,476.8589895625999,467.338384173683,467.338384173683,100834
2017-07-21,482.6673889160156,486.13937702950494,473.8019228680028,473.91110387828155,184474
2017-07-24,482.7330017089844,484.06503161686874,478.21291766993073,482.3617968643274,77550
2017-07-25,482.4926452636719,486.16108382510333,478.9333343796113,482.5799687299804,87428
2017-07-26,487.6487731933594,498.04853167973266,482.69020691427835,482.69020691427835,733830
2017-07-27,489.0528564453125,493.52868888695286,484.4453598166218,489.2722610466787,87438
2017-07-28,484.68670654296875,490.1498594680164,481.4833780673957,487.5170043589671,226642
2017-07-31,486.2445068359375,493.2215844464726,482.2513534756881,493.2215844464726,283260
2017-08-01,470.403564453125,488.5702799874733,468.2533881935333,488.5702799874733,372842
2017-08-02,484.90618896484375,490.93981622483733,447.47573806388687,473.9139956940405,3024450
2017-08-03,500.6375427246094,503.75307805170695,475.1646413498534,480.49618507545216,1767200
2017-08-04,505.1790466308594,512.0683290327346,493.66030615393424,499.3648252472686,452956
2017-08-07,504.7402648925781,508.1190741898197,490.58866868063666,499.36485237796467,282960
2017-08-08,504.7402648925781,512.6388302201733,498.5969363044485,504.6305625963615,330536
2017-08-09,495.2620849609375,504.63065200460187,489.2942897025216,502.87541495415104,404952
2017-08-10,479.1138916015625,493.1996584808815,478.3021051637135,491.4663832874855,114630
2017-08-11,472.0710754394531,478.23631408359614,465.3572715941783,471.7200065664702,151602
2017-08-14,488.5043029785156,493.44090608519275,472.1586615808514,472.1586615808514,312070
2017-08-16,493.4629211425781,502.12940308593136,480.86906460959926,489.9743557652742,186208
2017-08-17,478.60931396484375,495.810671810012,475.66931288524,493.22168605443704,136840
2017-08-18,483.4142150878906,488.3946893016147,473.08023595002004,479.55267230868924,74530
2017-08-21,487.10028076171875,491.0056406461394,478.58736970077143,483.41427195985017,95338
2017-08-22,484.028564453125,490.14993206204474,480.0573193159149,480.9788080274451,77716
2017-08-23,477.2489013671875,487.0782386990959,473.69455736547206,485.2352613843039,239528
2017-08-24,471.7419128417969,483.5678008836344,469.59173677084925,483.5678008836344,278436
2017-08-28,472.5098571777344,479.6185461333482,468.2095047797645,479.6185461333482,188496
2017-08-29,472.0052185058594,474.8136086452525,463.9749871576174,472.50985989713564,891532
2017-08-30,474.1333923339844,477.4024998044551,469.98666636775425,475.09875125308685,80456
2017-08-31,476.89788818359375,478.938308231776,470.40349021337147,474.1553305214356,46216
2017-09-01,481.8345031738281,484.40152649215264,473.913975035202,478.302067396639,113474
2017-09-04,481.0227355957031,484.09440071078575,477.05154355055663,481.83457565716014,71124
2017-09-05,486.661376953125,490.5667360791034,477.4682918420564,477.4682918420564,156662
2017-09-06,487.01239013671875,492.5194671386269,484.88417618513023,486.66137490869124,106006
2017-09-07,493.9676513671875,498.0047294243719,485.7180679353287,485.7619381560995,256820
2017-09-08,495.34979248046875,502.21716769726515,483.43611107885926,493.9675326819474,147378
2017-09-11,499.7159729003906,503.31418716268007,496.2932394777604,496.2932394777604,59894
2017-09-12,520.7569580078125,524.2893944430758,494.12125383803084,500.2206605042511,389690
2017-09-13,504.3892822265625,519.7695682080445,500.900770037554,517.3561172792608,187966
2017-09-14,500.87872314453125,513.3847849258328,496.3370587896997,504.63056310515145,71364
2017-09-15,502.6121826171875,504.63069468280105,489.46981195109544,497.6097458872142,95100
2017-09-18,501.010498046875,510.7740045776768,498.48734467374646,505.0694839079949,56448
2017-09-19,502.568115234375,507.7021606007398,492.62907778175696,500.6812145595887,374868
2017-09-20,500.045166015625,507.6146265431727,498.07052413887345,502.4366553067885,223718
2017-09-21,494.8890686035156,504.1918028078552,493.6603813392838,500.24251975714094,177206
2017-09-22,489.29425048828125,498.39954195775573,487.07824246345444,496.29323623979,96462
2017-09-25,479.5526123046875,491.9051017092525,473.9139249295207,486.88075791285,248442
2017-09-26,480.5180358886719,486.63940280247255,474.7915544024123,480.49607400244133,351132
2017-09-27,479.3771667480469,490.14995577891136,476.5907385899051,484.8842445261388,494958
2017-09-28,480.5180358886719,484.9061278886942,474.3527452024101,478.7408372024324,174148
2017-09-29,480.1230773925781,483.7651614653066,476.1079626625396,480.73742096074136,319430
2017-10-03,476.3054504394531,487.9558567549324,467.5073576436059,480.1231228249947,362310
2017-10-04,477.9071044921875,482.69013564028404,474.02365365946986,477.4244250696628,230914
2017-10-05,481.22021484375,486.15681931780244,474.39670901115835,480.38646648612604,122230
2017-10-06,485.8495788574219,487.955884677948,478.30208120410373,478.58731792894736,118652
2017-10-09,489.57940673828125,494.4502317477973,482.690123672101,485.981192697138,58100
2017-10-10,488.67999267578125,499.80379783188044,485.8716024138276,491.46642104627404,99196
2017-10-11,492.8924255371094,499.1454565310144,487.07820373575913,499.1454565310144,107938
2017-10-12,493.8577880859375,498.48724652878633,491.4443375085534,493.66034537401816,122380
2017-10-13,495.5911560058594,503.29222586747443,486.2225896408807,486.52973467622564,162594
2017-10-16,502.54632568359375,505.06947903236534,489.2943069128016,491.4663914129011,598080
2017-10-17,502.1513671875,509.3698116713821,498.0704731989385,502.6340466615556,157920
2017-10-18,506.5614013671875,507.7022946870759,490.2157570481784,496.7759338117226,329794
2017-10-19,505.90325927734375,511.12510072852587,502.6560597019003,503.7530829661995,26348
2017-10-23,503.0071105957031,506.78085977690426,497.0612232894662,503.3142556724942,216910
2017-10-24,498.0924377441406,503.3142792533483,494.5600549331985,503.3142792533483,477142
2017-10-25,513.9552612304688,522.1390632963677,494.6696188521487,500.1986039055259,657268
2017-10-26,531.3541259765625,535.3472793966507,509.8086027401907,517.772947691864,594610
2017-10-27,545.8129272460938,556.1907777170079,534.8646568348223,534.8646568348223,739624
2017-10-30,553.2507934570312,562.9923386068456,547.634012923884,550.0474641026351,381704
2017-10-31,552.1317138671875,563.9795630819017,545.4398731070249,557.7265315519136,284470
2017-11-01,553.0093383789062,570.0131962342386,551.5832083652332,556.8489191849491,279474
2017-11-02,551.1224365234375,562.5534385058932,546.9976725725045,556.4101092242375,270316
2017-11-03,542.2804565429688,556.4100920278547,537.9801047524842,550.7055721569067,328170
2017-11-06,548.4896240234375,550.7056322567603,543.2678365780123,546.1420051488462,685316
2017-11-07,549.6084594726562,552.877566208561,535.8518033558558,549.8278640472961,224194
2017-11-08,544.847412109375,550.7055037670093,535.8737325182108,545.8786029371789,108410
2017-11-09,547.1293334960938,557.2877789194351,545.0011192267232,548.5115934246409,138186
2017-11-10,550.04736328125,560.5568227888723,546.7562940952832,550.2667678936477,299836
2017-11-13,554.6768188476562,560.3374149625887,550.8372381527174,559.042949183098,176834
2017-11-14,549.4111328125,553.3164922134097,545.1766129145449,552.8996448597876,193600
2017-11-15,550.9468994140625,554.6548156398553,543.0263721157603,545.439822658497,131622
2017-11-16,565.142333984375,579.1842272561199,550.7055017512478,550.7055017512478,671714
2017-11-17,564.8353271484375,576.5954381814178,561.6978834080654,566.0420527610698,147658
2017-11-20,568.5870361328125,570.0131660710194,558.6041265653639,567.5119749902414,74310
2017-11-21,558.7357788085938,570.0131538833659,553.7991752818903,570.0131538833659,167878
2017-11-22,549.871826171875,564.506103033665,546.5588486803216,561.5880645555997,85518
2017-11-23,547.0634765625,550.70561480377,541.9294297072956,547.633950020004,722810
2017-11-24,555.5984497070312,558.6042829358693,546.7564309018799,546.7564309018799,85842
2017-11-27,580.8736572265625,584.9326421779095,551.2101671060489,552.0219533832035,947384
2017-11-28,579.206298828125,587.565637198824,571.3296935271612,571.3296935271612,719826
2017-11-29,576.1127319335938,582.7387415498457,571.3296999231168,581.4223136698386,36164
2017-11-30,575.3887329101562,577.078138114448,566.9855235429067,572.6461746026722,115544
2017-12-01,572.2730712890625,580.105805376223,559.9644508909673,575.3886061267567,367086
2017-12-04,568.0604248046875,580.9613713766066,562.2462033804362,572.2510201824464,182012
2017-12-05,563.05810546875,568.367686733612,557.4194172631043,565.2740600640112,82848
2017-12-06,558.03369140625,567.2706473729588,556.0151796069581,557.5071417422891,47584
2017-12-07,554.2161254882812,564.7475483004101,553.0313618481513,557.3316606904187,173082
2017-12-08,551.0347290039062,566.9415647008137,543.6846738887834,559.701211900842,850354
2017-12-11,554.523193359375,561.412530295853,552.0220022159476,560.3593774481441,83042
2017-12-12,556.2785034179688,558.9113591007526,546.6905313529477,555.0937397869503,50910
2017-12-13,557.2877197265625,563.8698581485298,551.6929020678904,556.4539714799974,79114
2017-12-14,551.7147827148438,561.2369201369113,544.0575306721472,559.4816834828475,168808
2017-12-15,562.4656372070312,564.3963547769741,549.8937432889546,553.2725526019292,175114
2017-12-18,561.7415161132812,566.0637753124372,550.8590283089547,562.3338977231692,164618
2017-12-19,572.7994995117188,574.839972723431,558.0774850213874,561.7415306229611,407664
2017-12-20,583.8795776367188,593.0726635682889,577.4729732965452,577.4729732965452,1079292
2017-12-21,582.2779541015625,590.6372923323521,575.7177767756657,587.12681808372,253160
2017-12-22,575.03759765625,581.8611033640155,571.329680678694,581.4222940854605,94648
2017-12-26,570.1229248046875,577.0341705739189,567.8411381039364,577.0341705739189,149636
2017-12-27,569.7279663085938,573.5236769494935,564.94493487723,573.5236769494935,108650
2017-12-28,575.8275146484375,583.6163798684869,567.8192447743023,583.6163798684869,285978
2017-12-29,583.7041015625,592.3705851206322,568.258035837026,573.0849380719351,223916
2018-01-01,586.1614379882812,590.4178664352711,573.194602773001,586.2491784151038,108444
2018-01-02,574.9497680664062,589.7595789210075,568.8503093272476,589.7595789210075,209706
2018-01-03,580.083984375,581.8173134037352,577.034280894608,577.034280894608,258688
2018-01-04,583.0238647460938,586.6879109186708,563.8698321095677,580.061902592989,301288
2018-01-05,582.716796875,589.7597076673525,579.2282843161497,583.1775680728508,102240
2018-01-08,586.35888671875,589.5622158142424,579.2282360851262,582.716748353496,260990
2018-01-09,579.9083862304688,587.5436243341481,574.8401179626567,579.9741647655559,242960
2018-01-10,586.4246826171875,598.9746162444308,580.9834372949643,583.5943308626178,283174
2018-01-11,572.0975952148438,589.320859346911,570.4520604251559,589.320859346911,401874
2018-01-12,565.0765380859375,575.7176610124247,563.0799348322633,575.7176610124247,2013748
2018-01-15,567.182861328125,574.3135109342569,561.6757843599278,567.4022659313906,199980
2018-01-16,559.0868530273438,571.7464891385836,557.287745820881,567.8191677891496,202084
2018-01-17,542.6535034179688,567.8192047548441,536.8392804944743,559.4818284871918,566350
2018-01-18,553.4044189453125,556.7173973773813,542.8071624971046,545.8788279275652,335994
2018-01-19,553.886962890625,557.2438642879268,547.238992195102,556.4101160192613,63258
2018-01-22,546.6904296875,557.7045298657886,541.9293605929765,557.7045298657886,325816
2018-01-23,545.7470703125,552.4389117123678,541.9294510712683,544.5623067040033,250748
2018-01-24,537.8045654296875,549.389139467028,536.224862962227,549.389139467028,310020
2018-01-25,527.6461791992188,543.2458699940206,515.0743366111944,537.5413495498185,170540
2018-01-29,539.9328002929688,549.3671988194939,532.1220280708218,537.5413113950352,647410
2018-01-30,501.3834533691406,530.520399155828,496.07387199806755,530.520399155828,1167108
2018-01-31,493.5506591796875,502.39267547846265,485.4546506776097,498.1361940001138,1115320
2018-02-01,501.16400146484375,504.58673482084333,487.1001980466185,494.537992929306,263728
2018-02-02,484.81842041015625,503.97245612081235,467.37575159796444,498.04853086384156,800698
2018-02-05,479.35528564453125,488.46057853617066,455.08911015045726,462.9438072616637,582724
2018-02-06,487.4512939453125,490.98373019128053,456.5810707990246,456.5810707990246,997664
2018-02-07,493.9017333984375,498.70667287673797,488.8992976340286,495.8544129790708,175216
2018-02-08,489.57940673828125,497.6096365856023,487.42928449438494,494.0991629588961,127028
2018-02-09,477.4463806152344,485.54238908380347,472.15870822790106,485.54238908380347,281536
2018-02-12,474.2870178222656,484.1821888931998,470.1402913929618,478.3021336018575,233858
2018-02-14,473.84814453125,481.7905810190627,469.087075016185,480.4961151943149,233434
2018-02-15,478.43377685546875,485.1475266642667,469.5697973074495,474.352829147026,734368
2018-02-16,475.4059753417969,484.8842448907987,472.2904402280137,482.6901985338268,179934
2018-02-19,467.35382080078125,480.49613662751045,463.5142398003331,480.49613662751045,145548
2018-02-20,458.5337219238281,469.30651085017575,456.3616374793668,468.53859463326336,591310
2018-02-21,462.2855529785156,465.18168336616617,457.28311672771025,464.3040648507822,263820
2018-02-22,465.02813720703125,466.8711147676045,449.88921695825314,462.8999228996681,306914
2018-02-23,470.4912414550781,473.91397492241674,465.5765994376705,466.82719504726634,69824
2018-02-26,484.7087707519531,487.9559704772401,468.64836013461553,476.5030577825743,235100
2018-02-27,480.1230773925781,487.03432201187303,478.30200857342686,484.70861192010295,69720
2018-02-28,473.91400146484375,479.070010277077,470.6668022231716,476.9856662891529,117338
2018-03-01,474.4405212402344,476.98563621758143,471.1714138809826,473.9139715869254,131392
2018-03-05,481.6151428222656,487.29770152639327,471.303124825084,477.3806225911569,89790
2018-03-06,484.00665283203125,489.6453415648716,477.8633226963573,485.98129466135504,127946
2018-03-07,484.35772705078125,491.68582093885095,473.91404427841053,486.72725441970255,99892
2018-03-08,478.521484375,490.58873868065103,478.30207975126086,490.58873868065103,84014
2018-03-09,475.8886413574219,480.0353674284938,475.0329847286557,480.0353674284938,66544
2018-03-12,465.8180236816406,484.90622781532267,463.09737394162556,476.9856986968358,210204
2018-03-13,466.5201416015625,472.5976400008038,465.1378815235394,472.5976400008038,186312
2018-03-14,464.347900390625,471.500512183153,460.99105267240327,471.500512183153,276326
2018-03-15,460.7716369628906,466.01538564823807,459.3674153375982,466.01538564823807,114928
2018-03-16,448.4630432128906,462.8779160316173,443.94331339812504,461.1885111709863,391540
2018-03-19,450.0647888183594,455.48407319576893,439.2481283901394,450.2183613669161,478854
2018-03-20,452.69757080078125,454.1895329550822,443.74585144055743,451.5347155820357,110564
2018-03-21,463.426513671875,468.5386529799039,455.48407566671995,455.48407566671995,424966
2018-03-22,463.7555847167969,471.2373044938667,460.74975181095704,463.3826075355911,84620
2018-03-23,465.20367431640625,467.2441482052584,453.0267166547628,463.1632004275541,273994
2018-03-26,470.9958801269531,485.5424169325351,451.9954724532161,460.74969523647707,187980
2018-03-27,465.6643981933594,475.16463005683886,462.9438020153335,471.7199878355294,243676
2018-03-28,469.0213623046875,472.04915752809586,460.77177867687874,465.66446006929124,417676
2018-04-02,479.1576843261719,480.4960738118783,462.94370581875035,463.86519442527435,283078
2018-04-03,482.6901550292969,486.2006288840554,476.10801655162464,476.10801655162464,1314956
2018-04-04,479.94757080078125,486.15673180128505,473.9139441964286,483.04119714051654,274430
2018-04-05,487.2098693847656,489.1625488712757,479.6623191107839,479.94755579991727,405894
2018-04-06,501.1202087402344,507.04413415003575,483.34843251083026,488.83354863101675,268200
2018-04-09,491.9490966796875,503.3142682896687,487.51713345232946,503.3142682896687,144100
2018-04-10,494.9767761230469,499.145463510608,489.754935945513,493.66034852697493,113930
2018-04-11,494.691650390625,500.24259871226025,483.85308217809455,497.4780787141941,146542
2018-04-12,485.5862731933594,494.9768012348671,483.1289522691389,494.9768012348671,190882
2018-04-13,491.57598876953125,494.97675994825374,484.6427822305512,491.0274772890922,52874
2018-04-16,492.62921142578125,496.29325792190264,487.95588223621195,491.334692008917,320782
2018-04-17,499.6062927246094,503.75301870847676,478.2801203344851,491.90516896533313,313192
2018-04-18,498.4214172363281,503.97236430861085,495.8982643457974,503.97236430861085,119990
2018-04-19,512.5730590820312,515.1620442937274,498.04848404887616,498.4872932859236,586214
2018-04-20,502.67791748046875,513.8455905717884,495.8544127635533,513.4067813569534,307050
2018-04-23,500.9227600097656,505.06948632091826,487.7365195879241,502.83156968369957,245580
2018-04-24,497.1708984375,505.0694652264453,494.97685210723745,503.75303742828777,569552
2018-04-25,492.4097595214844,499.1235082106978,490.5886906097728,498.04844708595004,126842
2018-04-26,490.85205078125,526.5711369508678,486.6394923987603,515.64477514602,1015558
2018-04-27,489.6014709472656,499.5843824095559,488.41670727687733,494.53807551653006,297642
2018-04-30,489.3600769042969,496.66626196928195,488.04364909314944,493.2216199098965,359030
2018-05-02,485.71783447265625,495.4155054878704,482.777781175859,493.22145984797726,257108
2018-05-03,474.6380310058594,486.8588577772832,468.12172442470563,486.8588577772832,572374
2018-05-04,459.9159240722656,487.0782249897654,457.6560459188823,480.496086814228,818264
2018-05-07,446.29095458984375,464.2601992264819,444.0749731731566,464.2601992264819,291372
2018-05-08,444.4040222167969,451.97348100054387,443.19729690344593,447.5853889519949,209752
2018-05-09,445.6107177734375,451.5785118478352,444.5136948345566,447.058782696203,211836
2018-05-10,455.70343017578125,460.31092754395235,446.92724471259817,449.12129107839394,1148366
2018-05-11,461.49566650390625,468.6482787005692,454.82578733440073,454.82578733440073,1605374
2018-05-14,462.7682800292969,471.2373209997468,460.288996755308,466.0154795832015,251508
2018-05-15,461.18853759765625,464.96228656421573,460.31091906749896,464.96228656421573,96324
2018-05-16,457.5025329589844,461.1665796405174,452.4123561537852,460.3109229925516,129424
2018-05-17,454.54058837890625,459.5868951700037,451.71028990926453,458.11689477441,115840
2018-05-18,452.3903503417969,458.64338181538375,448.98960562140775,454.6063583604226,83052
2018-05-21,445.2158508300781,458.5337007495618,443.68001846717533,456.36161640540337,227176
2018-05-22,449.5162048339844,455.48399989990327,441.8809131976904,447.14662417919214,379724
2018-05-23,458.2265319824219,464.6550978246184,449.5161796025513,449.5161796025513,174782
2018-05-24,460.44256591796875,476.9856531616477,452.6537017564055,462.50494795986816,238166
2018-05-25,458.79693603515625,463.88711154887346,456.4053939875179,458.9943787297963,77756
2018-05-28,457.32696533203125,462.2416609253161,454.2333923508215,460.74969880654066,236440
2018-05-29,456.55914306640625,461.6274122218851,454.6064629865713,456.3617002953997,164262
2018-05-30,460.6620178222656,465.0501107580251,451.9735723832268,451.9735723832268,183282
2018-05-31,458.99444580078125,465.92765292840124,456.8003996927469,465.92765292840124,68432
2018-06-01,455.3304138183594,464.10659852621353,453.20219973982086,460.3108879269505,143262
2018-06-04,452.7853088378906,459.3894094027991,449.8014381105954,458.5117909126096,73552
2018-06-05,449.6917419433594,455.83507145862063,448.4630546140741,455.3962622075306,458210
2018-06-06,450.7667541503906,455.02318199674096,442.31967698573254,448.4630058327566,785966
2018-06-07,452.89501953125,454.60638633190945,447.6512703815503,454.60638633190945,93498
2018-06-08,467.8583679199219,475.6253232363717,449.80141140866846,454.1675417119383,1079228
2018-06-11,469.5917663574219,473.95789731044334,466.1471241884126,471.4567058158981,194526
2018-06-12,477.0514221191406,479.59648328444996,470.64481865157404,474.2649944728496,237450
2018-06-13,484.51116943359375,495.854376084899,475.6691536956022,476.1957032882238,553796
2018-06-14,480.6716613769531,493.66040441557084,478.7408899710113,484.8622575595316,480686
2018-06-15,481.7467346191406,493.0899432591586,478.74090190599145,482.6901852397714,455250
2018-06-18,476.985595703125,489.27225318213834,474.7915497247298,482.69011524695264,353398
2018-06-19,467.61712646484375,479.1797404409377,465.59861446181793,477.2050986534063,164132
2018-06-20,470.8643493652344,473.9360145211665,465.64250788703185,465.64250788703185,535726
2018-06-21,471.28668212890625,486.3589746102199,460.70494057540344,476.6220030586675,238293
2018-06-22,466.6626892089844,475.19923457924017,465.06210391258855,472.22031473375245,87174
2018-06-25,448.3447570800781,465.95130309813334,446.3884621283644,464.1728630099725,212283
2018-06-26,450.5677795410156,456.97017432024603,447.32210486982046,449.0560947041072,104410
2018-06-27,449.6785583496094,452.79082830458674,446.92197096211845,452.5240460263415,61879
2018-06-28,445.98834228515625,455.2807034346043,442.8316217000643,451.72382293902143,78350
2018-06-29,470.5307922363281,475.732707610068,448.1668871691108,448.1668871691108,454663
2018-07-02,467.4185791015625,476.6219856599611,445.8549639940947,473.0651051699614,206631
2018-07-03,464.6619873046875,471.1977880948557,458.0817906346097,465.95136740128055,54298
2018-07-04,460.26031494140625,471.2866661997053,457.9483643261287,469.50822594989506,218892
2018-07-05,463.28369140625,471.28667263975524,459.1043459073481,460.61603099508153,166622
2018-07-06,473.6875915527344,475.7327870723257,462.83909471242157,463.28370479379754,211007
2018-07-09,484.5804443359375,489.96021441993196,476.5330142823246,476.62191457183945,409887
2018-07-10,480.0899963378906,487.24820792389806,475.73279575143783,487.24820792389806,183460
2018-07-11,475.8661193847656,482.80202474392655,473.5541147492565,480.0899145150238,170834
2018-07-12,471.28668212890625,487.1147900324596,469.37483708626536,475.8661876364277,319475
2018-07-13,471.86456298828125,475.7326478548269,468.2187288236931,473.0649881472297,122085
2018-07-16,468.30780029296875,473.9543263742558,465.0621251289602,473.9543263742558,172393
2018-07-17,470.7086486816406,473.065103708461,465.5511828418125,471.10880859026713,142674
2018-07-18,489.4266662597656,493.5170561871615,472.17577808177066,472.17577808177066,1156387
2018-07-19,488.3596496582031,494.3174346935356,484.6249146902571,488.982114531808,168603
2018-07-20,497.11846923828125,506.41082982376173,489.0710384601737,489.51564849513755,229385
2018-07-23,504.0987854003906,510.3677748702647,489.96016721414196,499.74158616034083,258146
2018-07-24,490.8050842285156,507.83361793861474,484.7138934930704,505.0770571180459,160080
2018-07-25,489.3378601074219,498.0522071218985,485.3363692491087,492.6279856678847,208362
2018-07-26,493.2059631347656,497.74096405445965,488.22629787969913,491.0273629777796,100700
2018-07-27,503.8765869140625,508.8117475706379,491.20520060123204,493.1614413849648,201259
2018-07-30,501.9647216796875,505.9217617841581,497.074011371028,497.074011371028,105192
2018-07-31,525.7069702148438,529.0859959730425,502.542795867737,504.8102964243118,1472713
2018-08-01,504.6323547363281,533.354150151166,487.292564573582,528.9970046744801,3060524
2018-08-02,505.92181396484375,515.080770632795,498.852502934826,504.63243389574643,496327
2018-08-03,505.5660400390625,513.4356699129379,501.6090000286184,509.0784700320114,328942
2018-08-06,510.05657958984375,514.1914743747035,503.431933888009,505.0769692085285,145941
2018-08-07,509.34521484375,515.4364045239419,505.07696961721433,512.9910494773796,342094
2018-08-08,515.5252685546875,522.8613331783635,508.63381390820393,512.9020588345161,368321
2018-08-09,516.9480590820312,519.304513945539,508.189263218965,512.1907534805316,94541
2018-08-10,514.54736328125,520.3717455610386,511.346137543853,518.4154499893573,515519
2018-08-13,511.1680908203125,519.8379857444935,506.94429585725004,515.7475954897369,165152
2018-08-14,509.9676818847656,516.103321737229,507.30002182259597,509.56752202070356,97556
2018-08-16,489.9603271484375,509.5231714265965,488.5820467017604,506.8555108432112,383196
2018-08-17,510.6791076660156,513.0800128617008,492.18333989419654,492.18333989419654,341194
2018-08-20,501.8313903808594,513.9692676321689,497.96330428030205,513.9692676321689,324950
2018-08-21,503.5653076171875,506.8554326840844,500.63089228270087,500.63089228270087,80825
2018-08-23,497.20745849609375,505.78840020531436,496.18483363486143,500.630934294672,266191
2018-08-24,497.6965026855469,515.4364546016113,489.6045671810798,497.91880771137807,1386719
2018-08-27,487.4259338378906,501.29774324983384,476.7107900975991,497.0739485173519,332419
2018-08-28,492.49456787109375,499.74173394290983,489.1599922442505,489.9603121041696,340385
2018-08-29,502.587158203125,506.85540337682505,492.627883282037,492.627883282037,1982608
2018-08-30,508.32269287109375,511.21265820175984,498.89692722840095,504.1877976885118,285460
2018-08-31,502.09820556640625,513.9692734779153,500.6309705329866,507.7447321036152,267227
2018-09-03,514.54736328125,522.8615516187685,502.09827871889837,504.63253493818223,620799
2018-09-04,509.8343505859375,520.1937870285464,502.40938405321145,513.4357356073954,467392
2018-09-05,501.29779052734375,509.3007707752304,491.82757552453785,507.7446357270302,68731
2018-09-06,503.43194580078125,509.0784713278701,493.6505253909881,503.2985410857196,90203
2018-09-07,494.6731872558594,506.4109047707813,492.6279916470814,506.4109047707813,100872
2018-09-10,496.2292785644531,505.165929941886,493.65057277311485,495.16220356259043,169744
2018-09-11,492.93914794921875,499.0303382876937,490.8495023930715,496.4515782504286,53972
2018-09-12,486.58123779296875,496.85171884454826,477.51118213784775,492.62792347182057,156567
2018-09-14,494.1396789550781,497.9633149832464,487.82618293303835,490.8495533406286,246396
2018-09-17,486.53680419921875,492.18333018015716,483.11327421640846,488.1818396908876,74398
2018-09-18,485.1584167480469,493.78386171758893,482.84646642674716,487.2925664859253,121375
2018-09-19,469.2859191894531,492.58349723085826,464.3507583691527,488.09294647137204,134150
2018-09-21,449.1006164550781,480.1788708985262,444.61006564678354,477.5112105046455,333671
2018-09-24,461.3717956542969,469.5526308701143,448.65595994778874,457.7260152028541,142667
2018-09-25,451.6348571777344,464.03946057143366,444.74340180228734,464.03946057143366,327088
2018-09-26,464.528564453125,471.42001967185263,449.50072426668436,454.4358845685849,427090
2018-09-27,439.27471923828125,468.618981859462,422.4239878783508,464.1728814623134,431997
2018-09-28,439.67486572265625,452.83531164220426,433.9393855304775,442.83158605364304,253544
2018-10-01,443.23175048828125,446.7886307341117,425.22504424376467,442.1202254114592,122440
2018-10-03,439.9860534667969,457.9038585151521,436.6070282576251,443.23172823765555,199301
2018-10-04,421.26800537109375,439.71932170133164,414.37654987425793,435.7178314128463,265583
2018-10-05,397.3480224609375,417.93346314373326,369.026355754573,417.93346314373326,1567636
2018-10-08,402.7722473144531,409.0412380427625,391.30128653812704,394.81371671953593,337439
2018-10-09,375.5621032714844,405.48435330156695,355.64357906298653,405.21759813439525,1263237
2018-10-10,386.1883239746094,396.4588336190915,362.17937845217693,379.11903963066806,565424
2018-10-11,390.14532470703125,395.7029504151086,367.78144428509677,373.56137502149727,367447
2018-10-12,394.6358337402344,402.3720587634618,384.58765837612646,393.92446857947755,576261
2018-10-15,397.7926330566406,406.24022434417407,393.2576049380695,399.2598408528959,125140
2018-10-16,397.3034973144531,400.237939686438,392.2349594413111,397.4813521746371,78591
2018-10-17,383.4316711425781,402.37204610447236,380.5861563153904,399.70438613029904,179059
2018-10-19,384.498779296875,386.8107570653241,369.3375869149146,383.25387654058545,262897
2018-10-22,373.4279479980469,386.6328432229193,369.9155181607744,386.6328432229193,152427
2018-10-23,375.29534912109375,388.4113461822086,363.69103715226913,373.42800853712293,245162
2018-10-24,371.9163513183594,378.62995302178814,363.0685994101413,377.0293675050433,891267
2018-10-25,360.4897766113281,369.8710637382973,356.08815396622083,363.6909739857591,133233
2018-10-26,352.3534851074219,360.045233992177,347.951834501815,360.045233992177,238579
2018-10-29,355.3768615722656,358.8448150621951,351.33092035682256,355.732544238978,92540
2018-10-30,357.82220458984375,371.69404519680694,352.22012816051586,356.35499668091,649844
2018-10-31,351.3309020996094,354.88778285559255,342.5276276559203,353.0204150313321,454417
2018-11-01,352.4423828125,358.8447510823632,350.797320243306,354.66543300415594,343292
2018-11-02,375.02850341796875,378.6743105383149,354.48751772040526,356.4438124103974,535081
2018-11-05,374.228271484375,381.4309594709969,369.0707788018163,377.91852934353744,221218
2018-11-06,370.938232421875,377.91861701049754,369.02641425730934,377.91861701049754,84007
2018-11-07,370.938232421875,370.938232421875,370.938232421875,370.938232421875,0
2018-11-09,372.7611083984375,381.4754552629935,367.1145548570356,381.4754552629935,326134
2018-11-12,386.0104675292969,388.2335178754264,373.07229823271615,380.5862192573719,121377
2018-11-13,387.2998046875,391.12346740935294,370.8047826451913,385.9215243837243,1057102
2018-11-14,388.72259521484375,392.01272072673925,384.1875668816635,384.27649432679374,77830
2018-11-15,409.35247802734375,417.6666913808769,382.36464259365533,386.3661330394029,209819
2018-11-16,410.1972351074219,414.95456823021146,402.37210881829026,408.9523323528116,136552
2018-11-19,405.3954162597656,414.33209406403756,403.30574371029854,412.5536539601238,121252
2018-11-20,395.43621826171875,407.17390815854566,389.52288245452127,406.24023783995966,119029
2018-11-21,393.4354553222656,396.3254207297003,385.4769243455154,392.4128304686207,251278
2018-11-22,386.6773376464844,401.0382357843425,382.36461504937307,393.4354153398417,1455839
2018-11-26,390.3231506347656,392.8574060602117,384.1875105986437,387.7888680724773,195838
2018-11-27,391.5680847167969,394.8137327228478,385.7881539449534,390.32318197792256,96705
2018-11-28,382.9871520996094,398.0149680955934,377.9185860902484,391.56812162699504,245736
2018-11-29,387.3442687988281,394.4135520892731,383.0759961710313,383.74291122504553,159695
2018-11-30,388.9893798828125,394.7693110719369,378.05195535051536,390.3676603116344,558754
2018-12-03,386.2772521972656,391.34581822801835,384.14312912947133,391.2568907800171,136267
2018-12-04,391.6570129394531,396.41431887477995,384.3209469451316,388.4113377900656,146908
2018-12-05,386.0993957519531,391.0345566756111,383.34280788980436,391.0345566756111,40604
2018-12-06,369.78216552734375,383.2538439415398,365.5138929786039,383.2538439415398,441987
2018-12-07,360.0452880859375,377.4295609454371,359.2449952565478,370.049016295433,891073
2018-12-10,358.7558898925781,364.5802711749021,353.0648590720784,358.2223523610505,79335
2018-12-11,368.58172607421875,370.53802112042365,354.7988147252431,357.4664749863352,93188
2018-12-12,386.143798828125,388.58915391569514,368.89293563772566,371.2493632947431,522718
2018-12-13,387.65557861328125,390.2787620671229,380.67519422753435,389.25616420759656,223748
2018-12-14,387.9666748046875,389.4783596580968,381.91998966473193,387.6554695144334,82105
2018-12-17,390.5899353027344,392.1460705031437,383.2538693579477,389.389482720764,153244
2018-12-18,387.12200927734375,391.70148775907603,385.07678658922947,389.4784373177646,58478
2018-12-19,383.6540222167969,391.8793081250111,380.58620202331997,387.29980290988163,120044
2018-12-20,377.7851257324219,383.07596849660433,375.42869813917486,383.07596849660433,116625
2018-12-21,366.6698913574219,384.89890229853034,362.9796335942732,378.76328940913544,392330
2018-12-24,357.3331604003906,368.8040961181049,355.7325476794328,366.80335056954374,498410
2018-12-26,360.2675476074219,362.84628068135066,352.13118845310936,355.6880691445549,200046
2018-12-27,360.3564147949219,364.4468323334725,357.51089986284103,361.24563481909195,140756
2018-12-28,363.8244323730469,367.1590080586183,359.9118689960123,360.4898566874754,120310
2018-12-31,373.56134033203125,378.3186729237413,361.29008762601677,365.11375004020954,213267
2019-01-01,371.7384338378906,378.36313411485,369.24862853394,372.138593718131,99409
2019-01-02,375.873291015625,378.36309606921765,372.04962887430224,374.36160621654676,1138318
2019-01-03,375.1175231933594,381.65329667946975,373.4280103470402,374.89521815734776,115813
2019-01-04,372.3609313964844,376.36242200253616,368.13713575676303,375.7844343423643,53267
2019-01-07,372.3164367675781,375.250852006733,370.80475186447313,373.6057895267285,50930
2019-01-08,375.9177551269531,377.78512255495195,371.9162651256018,374.3616201264276,167556
2019-01-09,374.7173767089844,378.4521123026234,373.7837063789977,376.14013441783953,80911
2019-01-10,376.6291198730469,379.56356215303043,373.7391548751357,374.71730230179685,68315
2019-01-11,385.0767822265625,389.3895054612156,374.450617519589,374.450617519589,348976
2019-01-14,379.4302062988281,398.19272764974875,374.3616411576339,387.4331867511291,500904
2019-01-15,390.767822265625,392.9463954429702,380.18608032451834,380.18608032451834,630693
2019-01-16,387.56658935546875,392.0571400444661,384.1430865135693,391.16791993679584,54879
2019-01-17,389.0782165527344,390.5454513240805,384.1430561993544,390.14529145246934,94021
2019-01-18,385.4769287109375,388.85595437085135,382.3646582369161,388.5891991849589,238313
2019-01-21,380.18603515625,391.52359120031525,375.96223976728453,387.3442730975501,54465
2019-01-22,376.9848327636719,381.16415051381637,370.00445028244087,379.6969429298631,43938
2019-01-23,371.6050720214844,379.25237026067447,368.2260465175101,378.80776021347555,737527
2019-01-24,372.40533447265625,374.5394842355816,367.3367966278124,374.3616293763906,63993
2019-01-25,372.53875732421875,380.586188062867,369.2930823754233,375.2508676694623,81317
2019-01-28,360.712158203125,377.918573999655,347.6850880796826,375.2509134773045,364195
2019-01-29,358.71142578125,362.80184415745344,351.8199691826709,358.5335980221046,205766
2019-01-30,369.6932678222656,377.87410384589066,354.17636575045367,360.57876151997283,259610
2019-01-31,365.3805236816406,375.69548198723874,356.5772503594858,374.4950294576624,538960
2019-02-01,368.58172607421875,372.84997163722863,362.89072294459106,369.0263361177341,111967
2019-02-04,362.9351501464844,368.13709275407336,360.22303990725993,368.13709275407336,60211
2019-02-05,360.4454345703125,364.49137586211407,357.46654129878624,364.49137586211407,70860
2019-02-06,358.71142578125,363.6910643637217,355.95483771444896,360.7566485377753,274961
2019-02-07,353.598388671875,360.84552749676,349.1967651934108,360.000784632899,903932
2019-02-08,340.8825378417969,352.7536318507038,337.99257245677825,351.2419467945717,427932
2019-02-11,328.3001403808594,342.97227509695085,298.9558709486764,337.9481587725672,1813844
2019-02-12,319.5857238769531,329.6783782403381,313.8947202126482,327.23302277125936,1883878
2019-02-14,314.9617919921875,321.2752334280409,311.40491134693116,318.34081775044274,396017
2019-02-15,320.0747985839844,322.69798170124193,309.4486071114814,316.51791804247307,972283
2019-02-18,321.85321044921875,328.7446658901836,316.5623402559345,322.03103817849296,1610659
2019-02-19,364.58026123046875,369.9155821265244,323.7205845134378,326.3437948087367,8022072
2019-02-20,351.3753967285156,366.35876423693503,347.6851379044699,362.80188303075124,1701426
2019-02-21,351.6865234375,364.58021393015173,342.7498729507782,346.79581325063214,1597468
2019-02-22,355.3768615722656,358.35575478757164,351.2419929059325,352.84257847456206,631883
2019-02-25,354.443115234375,360.1341180929194,353.02035773552836,355.59909043771415,260198
2019-02-26,354.9321594238281,361.8236144597714,342.79431178788974,345.0173617994843,418376
2019-02-27,355.4212646484375,359.68951003140324,352.22006704279204,356.4883124257578,307874
2019-02-28,348.3519287109375,356.3104584219924,345.0173537711391,355.68799357849394,973062
2019-03-01,351.7754821777344,357.46648547433506,349.5968820458521,352.48684741349285,297298
2019-03-05,354.9766845703125,357.4664900642811,350.352729067977,350.352729067977,165397
2019-03-06,354.57647705078125,360.13410208292515,353.4649520443525,357.4664420674961,131850
2019-03-07,348.21856689453125,357.9999871604628,347.0181144345259,355.68800967023793,205340
2019-03-08,340.6601867675781,351.1085217473418,338.8817467710226,348.57423932488206,620653
2019-03-11,353.6428527832031,355.7324983569357,340.7936111870363,342.4386738373563,957202
2019-03-12,355.95477294921875,362.75732799893797,355.0211027572553,356.5772378350892,294779
2019-03-13,355.5545959472656,358.7557931362231,353.90953364241426,357.4664133775139,397616
2019-03-14,354.6654052734375,357.59982044224887,353.28709798027256,357.59982044224887,139186
2019-03-15,350.0859680175781,358.2667767441029,344.12818242829377,357.37755663446904,811161
2019-03-18,353.1092529296875,356.5772053599349,351.2418855789882,352.35341053335213,858441
2019-03-19,353.68731689453125,357.37757511295047,351.7754989873353,355.77698968758773,241804
2019-03-20,353.6428527832031,357.2441834165475,352.1311677235913,353.687302934491,427779
2019-03-22,353.1092529296875,355.68798539644376,348.752080535949,353.02032550597045,455986
2019-03-25,348.7076721191406,353.10932266240405,346.8847816887318,350.9751997559426,252213
2019-03-26,349.685791015625,352.1311461975524,347.7294960153459,350.3527060652416,204307
2019-03-27,353.86517333984375,366.00302309006395,348.57430253589985,352.13118317402126,768136
2019-03-28,353.68731689453125,360.13416302271565,352.1311816222109,354.2653045683097,167935
2019-04-01,359.4227600097656,364.22454291846134,356.621695104254,357.3775375845216,246572
2019-04-02,364.58026123046875,369.0263619771818,360.13416048375575,360.13416048375575,443970
2019-04-03,363.60211181640625,369.3820427581635,360.7566236348791,368.0482125408349,434509
2019-04-04,365.11376953125,368.67064984400093,362.35718186149944,364.5802320569687,344440
2019-04-05,366.35870361328125,368.71513159507526,360.8455278012558,364.3135081128968,411925
2019-04-08,364.669189453125,367.07006757938046,363.068576898776,367.07006757938046,100999
2019-04-09,357.86663818359375,365.64731401693325,355.68803809552116,364.58023904790923,196145
2019-04-10,361.2456970214844,362.71290488663317,356.221608447201,357.46651126802885,119254
2019-04-11,357.86663818359375,362.2682613729196,355.64358794549673,361.2012135407393,141805
2019-04-12,356.9774169921875,361.86812750098306,355.86589187655215,357.37754975171003,86331
2019-04-15,354.0429992675781,359.20049244841886,349.908130974411,358.6224776382223,210214
2019-04-16,352.8869934082031,358.7113740648038,346.7958304460765,355.64358107757903,573453
2019-04-18,350.5305480957031,353.687268360209,347.86288799493474,351.24191326783796,187496
2019-04-22,347.9963073730469,351.3753330518302,347.19601467405556,350.3527353177388,92205
2019-04-23,349.3301086425781,353.02036649214256,346.12891097497857,350.0859511266679,328840
2019-04-24,349.37457275390625,352.8870030126042,347.3738275238022,349.7747326546646,133891
2019-04-25,350.79730224609375,352.13113229265684,348.57425216848856,349.73022735410655,78677
2019-04-26,343.68359375,351.41982003973186,342.34976350258734,351.24196515200515,116170
2019-04-30,344.3059997558594,348.5742449618806,339.682044835302,343.19447474003704,107297
2019-05-02,340.7046813964844,345.32863684598664,337.9036434635632,343.1055865600421,96743
2019-05-03,336.7921142578125,343.5057151856399,334.3467589727723,340.70467728650806,147323
2019-05-06,336.92547607421875,337.9036235698157,331.7235332839991,336.08073329739983,101774
2019-05-07,333.3241271972656,341.01587487996704,329.01140470818206,339.68204486087984,158485
2019-05-08,329.945068359375,336.12515818066043,325.0988356677106,330.78983820953886,250334
2019-05-09,326.9217529296875,329.1003529534027,321.89766496737195,326.7883753467105,254057
2019-05-10,326.65496826171875,333.3685683213676,317.45153595171683,327.0106508298148,192802
2019-05-13,326.38824462890625,328.9670047688486,316.2511403640984,325.45457432778596,176336
2019-05-14,324.2540588378906,327.2329511850135,316.740166322404,324.56529125687484,503298
2019-05-15,336.92547607421875,340.926966353335,322.16441761722143,322.16441761722143,462910
2019-05-16,333.6798400878906,340.97145570937215,330.7898747839982,336.9254880018165,276555
2019-05-17,327.8554992675781,337.9481268488131,323.7206036196148,331.6791352806864,414106
2019-05-20,326.96624755859375,334.6579961358166,324.1651824832843,331.1011156712655,444223
2019-05-21,320.4304504394531,331.8124562245238,316.56233779465003,328.56680846944715,214740
2019-05-22,317.4071960449219,327.2330694774813,315.89551068444354,326.3438491799881,809819
2019-05-23,317.05145263671875,320.6083334499731,313.3611942203368,320.0748230374626,256150
2019-05-24,319.85247802734375,320.5638432463847,316.8291080043107,317.05141302736644,176479
2019-05-27,317.9851379394531,329.01146261037763,316.6513076856273,322.2533838969575,217405
2019-05-28,303.8910217285156,313.8947495835143,302.51274118989966,311.2270888221813,553644
2019-05-29,304.7801818847656,308.95952710816346,302.33482666906,303.8909618063272,526315
2019-05-30,305.0914306640625,307.67016360214507,296.0658518123512,304.9580530725288,302533
2019-05-31,309.71533203125,312.0717868691989,305.7138418130848,307.58120934226366,218844
2019-06-03,310.6490478515625,315.00622092105516,309.4485952873033,312.11625559150417,155681
2019-06-04,308.0703125,313.80576582566385,306.780932508632,311.22703297977165,109993
2019-06-06,308.7372741699219,310.7380196839171,304.20224557749634,308.0703589985901,266282
2019-06-07,303.49078369140625,313.8946688391106,302.33480851359093,312.11622878903063,179001
2019-06-10,305.0914306640625,307.27000369069924,299.75610990795593,305.84727319854653,209298
2019-06-11,302.0679931640625,305.80270024286506,300.46738115585896,305.80270024286506,135209
2019-06-12,301.8457336425781,303.224013759476,299.80051140256546,302.068038638003,105993
2019-06-13,299.4448547363281,303.1795898372198,296.73274441231,302.3348199268049,179596
2019-06-14,295.1766052246094,300.9120582411504,293.442615279584,300.9120582411504,271328
2019-06-17,291.3529357910156,296.110268352577,287.26251824826636,294.2429008725348,266569
2019-06-18,285.97314453125,293.08690421045105,281.9716547116994,292.82012194037725,487713
2019-06-19,282.01611328125,288.1072756159302,280.1042957377099,285.26176080449346,166534
2019-06-20,273.87982177734375,279.03728808594457,270.76755107532847,277.4367025796469,538271
2019-06-21,257.2513732910156,273.34626310496645,251.9160524998835,272.9905804795933,1118767
2019-06-24,237.6440887451172,253.33881920680813,218.65923282304922,248.89271838837752,22507454
2019-06-25,258.1850891113281,267.65527876311893,240.97867290632968,241.33435555705086,12968646
2019-06-26,282.81646728515625,289.88577856816755,254.31697138188935,256.45109438569676,7158876
2019-06-27,269.0780029296875,286.3288671372989,267.21063532533645,284.5504269687443,2836596
2019-06-28,265.96575927734375,275.3470212514827,258.98537548915107,268.54449235269914,2817602
2019-07-01,263.7871398925781,274.5911587889489,262.31993214017984,264.54298241255424,912631
2019-07-02,269.3447570800781,270.7230644875936,263.031289078253,263.031289078253,1292462
2019-07-03,269.4336242675781,270.98975906120273,268.18872186004586,270.98975906120273,732334
2019-07-04,273.613037109375,274.76901239090984,264.9875912378354,270.3229118667851,750264
2019-07-05,273.8353271484375,276.4585100319966,270.76750709995713,274.76899735266585,728475
2019-07-08,269.38922119140625,274.1020765350004,267.03276638276725,274.1020765350004,861531
2019-07-09,267.6552734375,270.41186141522223,259.07430415167363,267.7442008826226,880179
2019-07-10,263.83160400390625,270.05614445568983,261.47514912339966,266.6770919283302,302451
2019-07-11,267.47735595703125,271.12316325916066,264.0983309278419,267.29952824524435,356823
2019-07-12,275.7471618652344,278.1480398829738,268.18879092127486,269.1224611831439,1148826
2019-07-15,280.4599609375,283.21654815222064,277.0364587742263,278.3258385294978,513153
2019-07-16,284.4614562988281,293.44258321239346,280.01535655318577,280.1042839754665,674006
2019-07-17,287.3959045410156,289.70785474857445,284.5503897883957,286.19545215672787,337135
2019-07-18,285.7953796386719,289.44118804914905,283.6612564905639,287.21813744969324,162074
2019-07-19,284.37255859375,292.7756988458858,282.77197337279176,288.7742086566482,335701
2019-07-22,283.03875732421875,288.55193300053867,279.4818767941659,283.661222271716,246356
2019-07-23,284.5504455566406,286.1065808057785,280.99356498718265,283.66122541427615,365166
2019-07-24,283.9724426269531,288.01838320249,282.81644022191136,284.55043026105216,1481098
2019-07-25,283.8835144042969,288.99652993389657,281.08247654153706,284.19474686390214,267344
2019-07-26,285.9287109375,289.7523736313824,282.7719904522828,283.21660050016374,537817
2019-07-29,289.4411315917969,292.01986435679765,285.48409144187235,287.92944662429153,393214
2019-07-30,286.0621337890625,292.5534300447395,284.32814363770655,287.61826905525794,401374
2019-07-31,288.2231140136719,293.4905521392713,286.5573392247544,289.03348276872316,235594
2019-08-01,285.88201904296875,293.35545925804246,284.6214424074576,286.6923877744752,1334265
2019-08-02,280.7946472167969,285.88199052893316,271.02513117861065,285.88199052893316,344833
2019-08-05,279.7141418457031,284.7114656489022,278.0934045183727,279.0388300462309,179076
2019-08-06,283.0906982421875,284.0811610346818,279.35397848180673,281.37991386161036,477131
2019-08-07,278.2734375,284.84648803980343,272.37572615644393,281.87509999463066,1285690
2019-08-08,280.9747619628906,287.95298497329213,270.5749696291163,278.9938635309159,1523814
2019-08-09,280.61456298828125,287.14257717569944,274.7168508172584,282.73054549645633,303932
2019-08-13,270.5299072265625,283.4058407056635,266.703140513301,283.4058407056635,175834
2019-08-14,269.1343078613281,274.626850364317,266.79322101825767,272.37581060723244,937824
2019-08-16,271.4303283691406,274.08653824217686,266.11785366605426,268.9541851520606,212120
2019-08-19,269.1793518066406,274.041592306597,267.87373772380835,271.92560938685756,326938
2019-08-20,267.6485595703125,271.7004301104854,262.4711694356471,269.17927721022454,166635
2019-08-21,263.64178466796875,271.0252066033872,263.0565197839634,269.98973373499075,230123
2019-08-22,254.68264770507812,265.62269560461647,252.1164568450597,265.62269560461647,75540
2019-08-23,260.7604064941406,262.7863419300746,252.1164098051206,253.91724130372862,229160
2019-08-26,264.0469055175781,265.937783993968,257.15873086934266,263.8218015913057,586960
2019-08-27,272.2857971191406,278.58870921670643,263.4166938861484,265.53267701460584,448048
2019-08-28,271.1152038574219,275.52723579769616,270.12474097813345,273.7264041911753,147514
2019-08-29,267.018310546875,272.82600379733157,262.0210135479323,271.2952858539289,112590
2019-08-30,267.4234924316406,270.9801458308053,265.6226608327744,266.4780668336396,93131
2019-09-03,269.94464111328125,271.1151981198533,266.3880152527766,269.31436655144313,102074
2019-09-04,269.2242431640625,274.53668928932535,267.8736198705973,272.8259052799697,285780
2019-09-05,266.9282531738281,269.80956701218764,265.1724315153457,269.4494062172061,278712
2019-09-06,265.3974914550781,270.12467323672075,264.8572366129041,267.42342650435353,235017
2019-09-09,265.2624816894531,269.35936230253606,263.8218110141521,267.4234739631508,226288
2019-09-11,261.1656494140625,266.79324940556114,260.7154414147426,261.21068670110384,2382663
2019-09-12,270.34979248046875,274.8968804133847,262.6512498475307,263.19147724187394,3138700
2019-09-13,269.6745300292969,273.09609905162046,265.6226589604093,265.6226589604093,607368
2019-09-16,280.7946472167969,288.13302982443656,262.65127599074077,262.65127599074077,425307
2019-09-17,282.10028076171875,287.1426151237393,277.3280876475008,283.31584768055137,644267
2019-09-18,283.450927734375,292.45508716022573,280.11940523391854,285.386843993744,418087
2019-09-19,279.7591857910156,285.2967371830437,276.742787519071,285.20669011193183,228368
2019-09-20,291.8697509765625,292.6351098364516,281.514970166965,282.5504427522233,1002456
2019-09-23,303.0349426269531,308.84263583745843,291.86979160841486,296.0117100045611,605287
2019-09-24,298.2176818847656,307.041744488638,283.7209840539704,305.60107391615736,401266
2019-09-25,296.9571228027344,300.7388801917592,288.5832667708348,300.7388801917592,350807
2019-09-26,293.35546875,298.35279313325367,288.35817184525695,298.35279313325367,2410730
2019-09-27,288.3131103515625,295.6965024052252,285.25167507136706,288.8983750450684,278395
2019-09-30,286.87249755859375,290.023953058343,284.5314108345063,288.9884803184134,248480
2019-10-01,284.0811767578125,290.2490303067346,279.6691449599698,287.95295359543786,138036
2019-10-03,283.67596435546875,287.86291947702387,271.02513435774756,286.28719195168816,897532
2019-10-04,279.1288757324219,287.23261728594383,277.10294034404143,283.54090730474906,263246
2019-10-07,270.43988037109375,279.17389679989117,267.6485860053614,277.3280554740162,614234
2019-10-09,269.8996276855469,271.1602042707785,267.73863532822,270.12473162857066,764542
2019-10-10,270.2597961425781,271.1602119401403,265.71270735629304,269.2693332695579,381481
2019-10-11,271.9705505371094,274.2215897816758,269.6745014990542,271.11517211127796,58773
2019-10-14,275.1220397949219,276.5627105868376,270.12474304008424,272.7359433937698,47325
2019-10-15,272.1956787109375,274.6268123030566,270.16974321034115,274.6268123030566,445370
2019-10-16,286.78240966796875,289.0334489903233,274.4467031900629,274.6267973272542,278779
2019-10-17,308.84259033203125,316.8562847020881,283.94610130096686,288.67328380604897,2509583
2019-10-18,316.1360168457031,320.00779408786445,301.63931587083533,308.75259573447505,1104751
2019-10-22,305.015869140625,312.4442999019834,293.7606710173547,312.4442999019834,288370
2019-10-23,303.53021240234375,309.5629825846944,300.69390774748,305.24099715618905,93633
2019-10-24,302.1795654296875,304.2055010967062,298.0376470147471,300.9639985337741,1069689
2019-10-25,293.4905090332031,302.3595817143394,287.6828167643972,302.17951506105874,473236
2019-10-27,298.1276550292969,299.8384394282309,292.8602174895859,296.9120882926701,21467
2019-10-29,296.9120788574219,299.83842989998936,289.9338571405302,296.14672001212597,244166
2019-10-30,293.40045166015625,301.5492024848913,291.6446301116858,296.9120672785916,189502
2019-10-31,294.5710144042969,298.3977814364686,291.8247572902594,295.11126936336404,285164
2019-11-01,294.9311828613281,302.1795465031109,292.6351335739211,292.6351335739211,131190
2019-11-04,296.7320556640625,302.08954138343023,292.7252213042069,296.011733918935,231015
2019-11-05,295.8316345214844,299.658402116766,293.13038680716795,297.13724857480906,247536
2019-11-06,294.16583251953125,299.83844067605355,288.26809295005984,296.6869855938728,377140
2019-11-07,293.3104248046875,297.9475603304569,290.51913053878025,297.27224853121356,539891
2019-11-08,292.1849060058594,295.15626693993966,289.2585548671258,294.75109634629644,180342
2019-11-11,291.82476806640625,294.2558742542184,289.30358732383,292.63513679567694,88772
2019-11-13,292.45501708984375,297.90254872439743,289.9338640460635,294.43594268031916,149828
2019-11-14,289.0122985839844,295.4901549190452,287.0644155809609,293.49698324220657,99153
2019-11-15,284.1651916503906,292.00203915940233,282.7609111249139,292.00203915940233,102497
2019-11-18,286.3395690917969,288.1968745255715,283.1232994693292,285.6600731730705,128718
2019-11-19,284.39166259765625,288.10624550658065,283.34977447227385,287.2002510238555,129237
2019-11-20,290.0541687011719,294.4482480869915,283.5763127730103,284.70880603488337,102519
2019-11-21,283.62158203125,292.5909501703772,282.8967974527643,290.5524624385318,55340
2019-11-22,283.62158203125,286.20367202133934,283.12329608963597,285.3882824583531,109420
2019-11-25,286.02252197265625,288.7857945947639,283.6216140319172,283.6669303536602,86812
2019-11-26,285.3882751464844,288.69514963033475,283.66689108011445,287.38147415939187,306985
2019-11-27,285.61480712890625,288.106292361593,284.52760251332,284.52760251332,58259
2019-11-28,286.20367431640625,288.10626841113736,284.93528746950534,286.9284865494636,47176
2019-11-29,285.524169921875,287.8344725571453,284.3916767620637,286.74726806422296,63086
2019-12-02,288.46868896484375,288.46868896484375,281.53783547172037,285.841310028408,214081
2019-12-03,294.08587646484375,304.41421021007585,287.9704124204449,289.1935107590773,578615
2019-12-04,289.9182434082031,293.54222145080564,288.28746434853525,293.54222145080564,737486
2019-12-05,290.5977783203125,297.1662394047155,288.2875030673721,292.6362662430583,114269
2019-12-06,288.1515808105469,292.2738729634221,287.2909025019057,291.73027065604975,156863
2019-12-09,286.0677795410156,290.00886136848226,280.9035995396788,290.00886136848226,218192
2019-12-10,281.311279296875,286.7472460465731,275.8300238837655,286.7472460465731,954127
2019-12-11,273.6556091308594,281.7189817537352,270.5299449068147,280.8582759775274,214635
2019-12-12,281.4471740722656,285.38825551146095,273.6556161698204,273.6556161698204,102275
2019-12-13,280.81304931640625,286.83790813383365,277.50614676623763,282.85153725342195,222982
2019-12-16,276.9625549316406,282.76091472992806,276.41895265238486,282.21731245067224,111615
2019-12-17,276.64544677734375,280.31471371703003,274.5163540134937,278.6839345546717,114659
2019-12-18,275.6941223144531,278.2309235683389,273.11206004267535,278.1403185862789,190286
2019-12-19,278.8650817871094,279.95228619104324,274.56160813206907,279.95228619104324,79466
2019-12-20,273.293212890625,280.85827187242364,271.07354313766086,279.4992802343313,205130
2019-12-23,276.2830810546875,281.49255032005,275.422375073079,280.858343002153,260078
2019-12-24,275.15057373046875,280.9036173768882,274.06336914048956,279.9523340972274,221699
2019-12-26,275.6488037109375,280.9035603146183,273.6103162553924,276.7812967417959,219095
2019-12-27,277.7779541015625,279.1822346933505,274.83347160691676,276.55485584326505,78219
2019-12-30,278.3215637207031,279.68055567705665,276.32836445854645,279.68055567705665,63155
2019-12-31,280.7677307128906,280.8583357057739,276.32836254922915,278.23095680473034,130136
2020-01-01,283.1686096191406,285.38830751487217,280.76772938726,280.8583343797155,80450
2020-01-02,282.67034912109375,284.4823385385367,280.0429699955544,283.39513382856524,124367
2020-01-03,285.8412780761719,288.10626443176756,281.44719901656447,282.670297178338,77456
2020-01-06,277.4608459472656,288.0156774959972,274.5616521709245,285.3882986886161,195313
2020-01-07,273.6103210449219,281.76427100983676,270.89233772328356,281.76427100983676,416453
2020-01-08,274.5616760253906,277.23437138418797,271.30011730458733,274.38049367910344,281670
2020-01-09,274.87872314453125,281.3112895628372,274.15393861095777,278.1403088431273,82727
2020-01-10,274.87872314453125,278.1403088431273,273.4744427424485,276.3283198604359,226032
2020-01-13,279.90704345703125,281.67371634236656,276.32835371822523,277.1437433305924,286152
2020-01-14,282.715576171875,285.3882710395262,278.4121022435012,279.90701530604815,444480
2020-01-15,282.2626037597656,284.4823015671666,279.45404264674164,284.4823015671666,181088
2020-01-16,291.0960693359375,296.53203722380755,280.405343549298,282.9421175041324,1959816
2020-01-17,318.3211669921875,324.07423748646573,292.6362178806513,293.4516073852422,1853225
2020-01-20,311.6168212890625,321.0391586184108,305.7731456679059,318.9100660003049,1491191
2020-01-21,303.6440734863281,309.2159345415348,297.8910024582855,308.2193626372168,421981
2020-01-22,304.18768310546875,310.7108552025289,302.6021925755073,305.1842826826252,1185795
2020-01-23,304.23291015625,306.2261089068618,298.9781536664627,304.95772226954296,824544
2020-01-24,304.5047607421875,308.038133806094,300.1106818331431,305.77314752810804,412449
2020-01-27,293.99517822265625,303.73461787101854,290.8241978720267,303.508119274545,324906
2020-01-28,288.46868896484375,296.80385074466994,286.47551733837213,295.30896511262563,198018
2020-01-29,289.148193359375,295.12776371027206,287.5627026871019,289.9635830325057,212364
2020-01-30,271.88897705078125,289.7370535603731,270.52998519046287,289.7370535603731,754157
2020-01-31,266.9966125488281,277.23434019590485,262.7384269830471,273.51975690535795,2557313
2020-02-03,271.6171569824219,278.4121161562526,267.72139144892947,277.23433429229243,208344
2020-02-04,272.3420104980469,278.1403710088699,268.3556393749038,268.3556393749038,407151
2020-02-05,278.2309875488281,282.081465157363,272.93091284026826,273.61040888883326,622761
2020-02-06,274.6976013183594,294.44827451889023,270.892412557379,280.7677491576444,4146845
2020-02-07,272.0701904296875,282.5344455377606,269.17102405269367,279.0463605017362,1778918
2020-02-10,265.6828918457031,276.1018287808287,263.6444041844829,274.51633837765746,702344
2020-02-11,265.501708984375,270.16760333756235,263.8256410775141,268.12911546826115,531155
2020-02-12,265.2300109863281,267.08728949990945,260.20175027478894,267.08728949990945,632407
2020-02-13,258.9785461425781,265.7281889116068,258.20844524980055,265.7281889116068,268002
2020-02-14,249.87327575683594,261.4700221185679,246.65700629350385,260.4281339578236,719197
2020-02-17,257.6195373535156,262.51190204303026,249.37498200981565,250.37158147312135,536759
2020-02-18,248.2877960205078,258.34434108168875,241.4475482095351,258.34434108168875,957214
2020-02-19,246.92877197265625,250.91516960199488,244.75439086040714,249.73736024832448,312656
2020-02-20,243.98434448242188,250.2810182638591,242.80656251480266,248.10663666661327,601625
2020-02-24,243.98434448242188,246.33993606642238,239.45437130117554,242.80656251480266,342578
2020-02-25,244.21083068847656,249.51090457002127,241.99116053211043,243.98433204096406,367104
2020-02-26,244.89035034179688,252.31951775901837,239.18259493134954,244.0749606615563,479077
2020-02-27,239.4996795654297,244.7544372193995,237.46119170244398,243.80315394284398,207447
2020-02-28,232.43289184570312,235.55858411753582,228.53712632172463,235.55858411753582,389821
2020-03-02,234.15431213378906,238.50307509307595,231.07392224251717,234.56199310879435,292497
2020-03-03,232.8406219482422,238.2765897758276,231.3457363254086,235.46800086848936,493583
2020-03-04,226.49862670898438,235.3773618164733,224.6866376953125,234.29018499752507,309092
2020-03-05,221.33447265625,229.533726147761,219.2506824138867,226.49863885732097,921558
2020-03-06,217.75582885742188,221.51570128402375,209.28477299226782,217.43872518677176,259373
2020-03-09,207.7445831298828,216.3968350987967,204.93599408887187,213.9959408993824,427329
2020-03-11,203.89405822753906,208.33342560055172,199.77178062438244,203.84875573916577,409026
2020-03-12,183.7357177734375,199.22821799284424,173.31677929908614,195.78544938256357,1324222
2020-03-13,187.586181640625,197.82392321881167,147.85831354771622,149.57971155431696,806107
2020-03-16,175.80825805664062,191.39136269201364,167.42780785592524,186.63489095647247,968601
2020-03-17,177.3031463623047,183.5998062772134,173.99627149188225,180.29293140679096,2712767
2020-03-18,171.55007934570312,181.1989160981791,169.46628904569803,181.1989160981791,676191
2020-03-19,157.68836975097656,179.38693859952812,139.56847696314543,167.6090082874379,2535035
2020-03-20,166.8842010498047,178.6168282490986,159.4550481616928,159.4550481616928,504472
2020-03-23,148.53781127929688,164.89101650527283,144.95913538925083,159.45504892817593,787370
2020-03-24,139.84027099609375,156.01226619077033,131.36921601956288,150.39510247756854,428635
2020-03-25,140.56503295898438,148.58308934677825,139.02484516355804,140.2479431970785,321471
2020-03-26,146.71450805664062,150.33991835979253,139.2342169198437,144.9706300592977,1996435
2020-03-27,143.54798889160156,155.89276049155893,137.67390776237264,147.67820612447275,1193235
2020-03-30,147.9994659423828,152.2673519164295,120.18933093641242,139.96848717031554,1540055
2020-03-31,155.98452758789062,159.1510245211922,148.77960181282955,151.76253634512634,1816959
2020-04-01,157.36129760742188,164.56623880697356,150.56938939765203,156.9482786225563,1298959
2020-04-03,166.9984588623047,168.88000519947752,153.46052366289004,160.61957016254658,737889
2020-04-07,190.17355346679688,192.4681185762054,167.73270949776415,170.34851932445548,807472
2020-04-08,204.17042541503906,209.26436337717718,183.8405816801436,189.53110104117144,1372921
2020-04-09,211.32943725585938,218.35080057900726,204.67519873205924,204.67519873205924,952304
2020-04-13,208.20883178710938,216.56103990734775,201.00389215140646,213.85345603323154,396317
2020-04-15,208.11705017089844,213.3945497893446,205.59302861425027,211.09998473784626,568662
2020-04-16,203.8950653076172,206.51087533043537,201.09570686818108,205.7307175327766,180947
2020-04-17,198.52577209472656,214.7712899433012,197.33259546072549,214.7712899433012,1704352
2020-04-20,192.46812438964844,201.00390965545188,190.907822869105,200.45320841059447,518100
2020-04-21,188.75094604492188,194.0743406258805,185.90569332409143,188.1543646370634,245714
2020-04-22,187.1906280517578,189.89821221334208,182.64739171216183,188.42969887388156,434156
2020-04-23,188.8426971435547,197.7915005318884,187.42006406032414,189.07215364069145,471670
2020-04-24,182.28025817871094,189.3016218225263,180.81173090442513,189.07216531122629,614833
2020-04-27,183.61111450195312,188.93450869441637,181.7754622979944,183.56522039587117,642867
2020-04-28,182.50973510742188,186.27281391077057,181.7295772797597,185.40088187127,126048
2020-04-29,179.80213928222656,184.39127008580473,179.25145198874665,184.39127008580473,1020913
2020-04-30,178.65484619140625,184.48304757496953,176.6815256625952,181.63778104025525,1531998
2020-05-04,173.2396697998047,177.14043057675394,172.23005552615797,175.58012906695708,203038
2020-05-05,170.99098205566406,176.0390249214759,168.92587361055922,174.29514716488404,178940
2020-05-06,165.52992248535156,172.4136173931719,164.6120964976422,170.99098431123974,334926
2020-05-07,162.40931701660156,165.98884702050273,161.12436614643036,163.46482537880533,285434
2020-05-08,166.72311401367188,170.21085617352878,163.37305417882513,163.46484239549855,585460
2020-05-11,166.40187072753906,182.87684602518652,154.9749388584413,169.70603620509561,899084
2020-05-12,167.2738037109375,172.5513036908436,161.07847764756946,171.54168939706966,450832
2020-05-13,168.05398559570312,171.5417140093351,163.92376762753375,170.2567629100935,1833129
2020-05-14,168.2834014892578,169.79780877637916,163.9237280206751,164.29085281606416,512465
2020-05-15,175.25888061523438,177.78290224076252,167.0902344109453,169.70603023808968,1007579
2020-05-18,174.52462768554688,178.05826378005517,169.56837233693398,176.22261157613707,490783
2020-05-19,183.28985595703125,187.23651069922312,171.95471285441383,174.38694623947254,899487
2020-05-20,187.7872314453125,188.61326935878634,179.15965743665728,183.289875013857,755143
2020-05-21,192.2845458984375,196.00174397812503,185.6303074365584,188.06254072065926,768525
2020-05-22,192.42221069335938,195.4969333217464,190.2653280479217,192.19275419885028,1899741
2020-05-26,189.4392852783203,196.41476864525754,187.1447202240533,196.41476864525754,414471
2020-05-27,179.61856079101562,189.11806630701915,179.06787354677374,189.0721722021037,406946
2020-05-28,175.99314880371094,181.0870862897556,174.43284728674698,180.71994745905477,462997
2020-05-29,178.83840942382812,180.7658357041023,174.0198227157718,176.22259960891768,2576254
2020-06-01,178.5171661376953,181.31653838196846,177.32398947563792,178.83841085610408,450495
2020-06-02,176.6356201171875,179.61855477285937,176.03903878801876,178.88429113355733,317588
2020-06-03,174.20339965820312,178.93019855473383,173.10201111973058,177.3698969581548,2116415
2020-06-04,170.8533172607422,176.0390429571332,170.348524126374,175.30477930044168,312629
2020-06-05,181.0411834716797,182.64737901578837,170.7615347903668,170.7615347903668,1797201
2020-06-08,187.74130249023438,192.5598887692301,183.5651915807889,190.90779924402045,1864882
2020-06-09,185.67623901367188,190.8619513286688,184.52895628867998,190.81605721868593,597609
2020-06-10,184.4830322265625,188.1543363504742,180.16925268194902,187.14472211443297,355489
2020-06-11,177.14041137695312,183.9782120203141,176.22258541126942,183.10628015389713,256028
2020-06-12,186.4104766845703,188.06255237354245,169.01766180257226,171.633471651635,698228
2020-06-15,179.02197265625,186.31868690396945,177.46167118266754,186.31868690396945,401348
2020-06-16,177.59934997558594,183.4275513002649,174.4787468441307,181.04119784332985,251426
2020-06-17,182.6932830810547,183.56521505156672,174.3869542989884,177.00276421543902,298844
2020-06-18,184.0700225830078,188.01667751594138,181.9131256996271,183.6111095444089,656393
2020-06-19,185.12551879882812,189.53108681388687,182.6473911668934,185.4008694256908,925425
2020-06-22,187.00704956054688,189.0721580833014,184.85015283481567,186.0433294489454,1500944
2020-06-23,206.28138732910156,210.64106069868214,187.19060429921882,187.19060429921882,3082228
2020-06-24,200.91212463378906,210.18217370483268,196.87369545714677,207.84171438442914,1285518
2020-06-25,202.426513671875,205.59301036082488,195.45103093266778,199.07644059117305,951083
2020-06-26,202.79364013671875,214.26646447127982,196.5983149960558,204.72108022689002,2740475
2020-06-29,188.6591339111328,201.82992838549293,187.69541382644474,201.82992838549293,1691916
2020-06-30,202.65597534179688,208.89719468842046,188.98036009619463,188.98036009619463,3270513
2020-07-01,209.2184600830078,211.9260443208832,197.33261469645987,201.00391915592888,2568362
2020-07-02,206.14373779296875,210.18216683766565,201.09569448464052,209.5396913994067,3534420
2020-07-03,211.0082244873047,212.88977087977543,205.59305585035528,205.59305585035528,2219574
2020-07-06,210.96231079101562,213.07329937796956,207.88758810232716,211.00819088688687,919875
2020-07-07,213.8534698486328,216.97407281956566,208.62186415975637,211.283554105263,4096737
2020-07-08,215.27610778808594,217.8001294837352,213.11921091892899,215.5973385100381,1366737
2020-07-09,217.1117706298828,220.2782679303993,213.85348511576262,217.06587652308096,2309959
2020-07-10,212.84384155273438,217.34119730823954,207.24511141474366,216.7904961120836,1114363
2020-07-13,225.05096435546875,228.07979338653456,208.8513387571438,213.85348836644891,1758932
2020-07-14,225.69342041015625,229.86953174450693,219.08507564185368,225.50985800088117,1771310
2020-07-15,216.79051208496094,229.8236393067571,212.9356454425866,229.4565144855459,2660189
2020-07-16,214.31239318847656,221.19608890116854,212.1554962632005,217.06587147355336,645762
2020-07-17,223.58242797851562,226.70303089904706,214.3123794126619,214.3123794126619,1187815
2020-07-20,223.62831115722656,232.9901480576231,222.11390377888165,223.0317298275547,735753
2020-07-21,226.5194549560547,228.49277521362515,223.9495394077698,225.14271598428562,757736
2020-07-22,221.28787231445312,228.49279860123082,220.4159263391534,226.61125234624294,829256
2020-07-23,224.0872344970703,226.7030444581689,222.25158231522278,222.57282704901198,1135200
2020-07-24,224.04135131835938,225.96877767986962,221.19608487362086,221.9303485372548,382284
2020-07-27,217.8919219970703,223.8119118573372,216.1939520257222,223.0317540293424,249160
2020-07-28,222.34336853027344,225.23451508876317,218.9015207202073,218.9015207202073,358302
2020-07-29,220.82894897460938,226.15232875804878,218.39670158605216,224.86737791478694,231539
2020-07-30,219.08511352539062,223.03176902936266,218.21318142687642,221.1961166093679,203136
2020-07-31,220.14060974121094,222.0221421624001,217.9837126665441,219.0851012558761,146820
2020-08-03,221.28787231445312,223.8577741208698,219.7275567828101,220.14058972054767,392007
2020-08-04,219.36041259765625,225.32628155951718,218.4425866035238,223.6741919690961,1114928
2020-08-05,217.8001251220703,221.74677994994178,216.79051086206337,216.79051086206337,135704
2020-08-06,218.5343780517578,219.3604158567845,216.6069378334776,218.9932910556423,164313
2020-08-07,236.1566162109375,241.847148557395,217.80011040124765,219.22274348786203,4431966
2020-08-10,281.8644104003906,283.3788179144043,243.22392468766685,243.22392468766685,9852405
2020-08-11,306.0950012207031,309.94988200522545,285.4439141818251,285.5815824934517,6066485
2020-08-12,302.6072692871094,307.74707291887546,293.7043451216769,306.09499718149766,2212560
2020-08-13,298.20166015625,304.90180672525753,283.1493194410878,304.90180672525753,1096393
2020-08-14,300.54217529296875,316.55822433942564,291.0426693143909,298.29349008684346,1141928
2020-08-17,323.0747985839844,326.5625266829474,295.54001461375844,302.79083545728514,1427205
2020-08-18,312.10675048828125,330.0961474420112,311.1430442983685,324.35973438341296,1358188
2020-08-19,320.4131164550781,321.2391543929795,313.9424252535493,313.9424252535493,1091462
2020-08-20,323.2583312988281,325.6446565123372,312.15263099740713,318.9445378562658,691087
2020-08-21,327.8475036621094,333.12500389064945,325.1399053844044,325.1399053844044,844277
2020-08-24,328.5358581542969,333.3544450979745,324.0384879323343,330.3715103233169,579265
2020-08-25,327.11322021484375,331.3352259255565,325.8282692619738,329.91260665806294,1891586
2020-08-26,325.8282775878906,351.52740934130173,318.4856685154875,328.81121252355445,719570
2020-08-27,330.0960998535156,330.6009209357921,320.36713910674837,325.96588304676,382534
2020-08-28,324.72686767578125,332.987302695333,323.12067197753504,331.01398215373945,471049
2020-08-31,327.6180725097656,330.14209455372423,310.3629231851669,326.7461264179195,533067
2020-09-01,330.96807861328125,335.00650762376654,319.40346480293357,321.23911689950216,310359
2020-09-02,336.5209045410156,340.60524153285394,325.9200252167822,334.91470900644526,320708
2020-09-03,338.7237243652344,340.78883317171216,333.4921321947225,335.8325776381316,308965
2020-09-04,339.8710021972656,343.9553396492003,323.6713767256937,323.6713767256937,259064
2020-09-07,329.2242431640625,343.9553413076633,328.1228406070437,341.89023252062594,169864
2020-09-08,322.6158752441406,335.00652763616307,322.1569621925842,330.3715170193755,94816
2020-09-09,333.033203125,335.0065236210761,314.81434959460023,322.6158713775568,341526
2020-09-10,346.9841613769531,348.6821453396511,330.50919895304907,334.2263836199078,393435
2020-09-11,351.9862976074219,360.61385705763286,344.6895691519154,346.8464660169253,951176
2020-09-14,362.6789855957031,367.95648578395213,349.921208133902,351.98631690321685,622702
2020-09-15,364.92767333984375,374.0600264886534,357.72273264798247,362.35774338086185,779877
2020-09-16,352.81231689453125,370.52637590693746,351.0684530564776,364.9276315764896,458257
2020-09-17,349.9211730957031,357.53911792244577,346.0662925750457,355.1986727555072,325159
2020-09-18,339.73333740234375,355.1987133396405,333.17088615578683,353.54663750478375,780540
2020-09-21,332.9872741699219,342.2114426241295,330.4173724768111,342.2114426241295,199995
2020-09-22,334.593505859375,338.4942669278678,318.21033177956974,334.1345927924935,222253
2020-09-23,336.9339599609375,343.3587425283927,330.1420525630221,335.0065195887351,233250
2020-09-24,325.2315979003906,343.0832940060378,321.2390498220662,343.0832940060378,408919
2020-09-25,322.98297119140625,328.9029602308508,321.239107353453,324.9104114374924,237310
2020-09-28,325.8282775878906,334.40995754322796,321.33093513300986,323.53371225276464,391825
2020-09-29,322.4781799316406,330.2337930477187,318.21029451145444,326.5166088452595,431702
2020-09-30,322.4322814941406,328.2604825377025,320.59662938655123,323.0747709357282,403950
2020-10-01,321.5604248046875,326.1036478305369,320.41314201889213,324.8186967124128,354313
2020-10-05,321.4227294921875,325.7824037122595,319.1281641132022,322.20285931317744,301897
2020-10-06,319.95416259765625,325.82824364162417,317.5678092957802,324.91041760319706,257947
2020-10-07,321.5604248046875,330.3715622015625,319.7247723474149,321.23918002269806,464543
2020-10-08,324.4056091308594,325.36931522166145,319.67878284883295,323.07475023420267,217570
2020-10-09,315.13555908203125,326.51659574933296,313.5293636004815,326.51659574933296,184548
2020-10-12,310.8217468261719,320.82604390091353,307.47168777034057,317.6595612357406,127805
2020-10-13,319.8164978027344,323.7631386073405,307.1963896358997,309.3073783435117,162908
2020-10-14,318.8527526855469,322.06514374486267,315.31911691833415,322.06514374486267,232869
2020-10-15,311.4183654785156,324.9104195272213,306.9210234655564,319.81649618771723,186660
2020-10-16,318.898681640625,321.23912693291896,312.2903226826448,312.2903226826448,104010
2020-10-19,331.70233154296875,334.96063085264143,318.25618540400114,323.0747722053595,398059
2020-10-20,333.53802490234375,338.0812756522213,326.4707801923288,329.40780713330304,580473
2020-10-21,332.3907165527344,335.00652654001277,328.67353205122225,334.9147383280358,887421
2020-10-22,332.2071228027344,333.99686664780626,325.9200092730117,333.17082887240184,786899
2020-10-23,331.0598449707031,333.1708335385042,327.9392142046302,330.9221486646857,162232
2020-10-26,329.8666687011719,332.8955113979987,327.7556800417272,331.0598593428894,129186
2020-10-27,339.8710021972656,342.62448056670553,328.6276321887194,330.4174043327875,725979
2020-10-28,333.6297912597656,348.40679724490144,329.4995737613641,338.677834868923,424617
2020-10-29,333.1249694824219,335.19007805419926,324.0843774662309,328.8111759285558,130564
2020-10-30,332.2071228027344,338.90724121524624,324.0843573233015,332.98725247350046,257728
2020-11-02,321.4227294921875,331.79415380126835,316.28289744129427,331.3352407254713,583051
2020-11-03,342.02789306640625,357.0343555132076,318.3020826057862,322.06517524529505,472523
2020-11-04,340.788818359375,347.25950914432286,335.3277698921737,346.7088078845655,397137
2020-11-05,344.32244873046875,350.60956298811146,338.26479099310626,343.2669543391458,1451005
2020-11-06,340.46759033203125,347.85607895821494,332.34482404726816,346.6629162765377,1077093
2020-11-09,347.3971862792969,348.77392545873926,336.5668492716155,344.18479486059795,1273066
2020-11-10,347.48895263671875,349.50815316699817,341.43129502622327,348.77390352141083,840665
2020-11-11,347.7183837890625,352.44518206109365,343.4963786103237,346.938226091389,642041
2020-11-12,355.9741516113281,357.5974865046697,347.62557215985726,350.6403369617773,622140
2020-11-13,352.3100891113281,359.96295464210016,349.1561865543293,355.97419968894246,549822
2020-11-14,354.5364074707031,357.597542424782,352.4956319621716,353.4232520462826,67127
2020-11-17,354.8146667480469,360.2876193446393,350.0374291842937,357.5047592132821,401021
2020-11-18,354.44366455078125,356.8090846069504,351.05785666909435,354.58280191137,189913
2020-11-19,353.6087646484375,359.6846644851776,351.10417925890323,355.27846936898266,314691
2020-11-20,367.5230407714844,370.8624499922885,354.90740360925486,358.0613058226336,1472178
2020-11-23,371.5118103027344,373.6917229662539,363.2095999724828,369.19276030084467,717748
2020-11-24,374.572998046875,377.54139379330786,370.16680241906613,372.06844067524713,930204
2020-11-25,385.5652770996094,401.613121323554,375.6861289987921,375.6861289987921,1725600
2020-11-26,395.1661682128906,398.87664866559385,386.81758719430843,389.1366374772479,629615
2020-11-27,408.4775085449219,415.57379650656037,389.9714765957518,391.45567438787606,2104805
2020-12-01,410.7501525878906,428.0038914220633,407.2252076718492,422.29903369614885,952633
2020-12-02,403.3755798339844,415.9448200455875,399.386796678947,410.9356774940847,661789
2020-12-03,397.76348876953125,406.76141509045885,395.35169914915133,403.5147447305578,478226
2020-12-04,387.8379821777344,401.659516458799,383.75645926576306,401.566748784016,780415
2020-12-07,390.4353332519531,395.35173725605665,388.25542013844546,390.4353332519531,281185
2020-12-08,392.93988037109375,403.93218422761043,391.5484502198567,396.09378305215404,583864
2020-12-09,393.07904052734375,400.73190680309733,381.76206331728656,396.0938060299133,555674
2020-12-10,388.44091796875,392.3833034048507,385.7044273425572,392.3369337232077,423885
2020-12-11,396.3720703125,405.230859541176,383.43178648139195,392.24417771832594,571587
2020-12-14,395.62994384765625,401.9841467318063,392.47604139900795,398.8766139612947,533223
2020-12-15,393.6819763183594,399.8042748195677,389.9251261267214,399.8042748195677,492445
2020-12-16,388.1162414550781,397.9490201078312,386.81757898593384,393.68196201602683,850867
2020-12-17,387.3277587890625,397.4388404570572,385.42614892052336,391.2701441871665,1109703
2020-12-18,390.2498474121094,396.04747392875754,381.3446874207932,386.8176411907644,1881039
2020-12-21,390.7599792480469,398.87665537486095,376.56740260121995,385.8899735719585,617561
2020-12-22,388.02349853515625,392.3833245761573,365.29680479492964,385.936353191666,573044
2020-12-23,389.87872314453125,398.83027990432225,385.0551155301109,389.50768076014805,730406
2020-12-24,397.2533264160156,402.4480048808646,387.60608258627906,393.1254054543459,382929
2020-12-28,390.99188232421875,401.65951375180714,389.2757794328193,398.8766533793928,493987
2020-12-29,392.5224609375,396.09380417789725,390.7136186296482,393.3109437269987,873984
2020-12-30,392.80072021484375,396.0009923916755,390.99184979975655,392.52241721552105,896597
2020-12-31,393.07904052734375,394.98065052086093,388.4873094384034,394.98065052086093,414285
2021-01-01,393.03265380859375,395.1197990660672,389.2294056776761,394.6095910178976,305184
2021-01-04,394.6095886230469,403.5147473292994,390.15702342428017,394.8414936502476,969002
2021-01-05,396.3257141113281,397.7635140385655,392.4760961017744,393.3109485856129,670554
2021-01-06,417.7073669433594,421.64975281418793,395.8155527546772,397.02144769755944,2684476
2021-01-07,418.86688232421875,428.9315669718508,412.698213768806,423.92242364522696,1435982
2021-01-08,423.6441345214844,426.6125020211078,415.6201975638825,420.21192863738185,912333
2021-01-11,430.4620666503906,434.543617458306,422.06711664284927,425.77759678916004,1180760
2021-01-12,446.5563049316406,454.53384335429644,432.7347712750598,434.12620140777705,1589641
2021-01-13,445.7678527832031,464.7376962177762,425.6848821513048,446.5563355742588,1314559
2021-01-14,449.5246887207031,456.48183920139275,444.46914804791487,446.6490608602745,2573274
2021-01-15,441.40802001953125,458.66175914151415,424.8963656368671,451.24079851345425,1037292
2021-01-18,446.0925598144531,464.8304996524342,425.7776825817732,438.6252283388501,635059
2021-01-19,446.5099182128906,457.5022215036589,440.61952521407477,446.0924778655166,695013
2021-01-20,440.57318115234375,447.9477440179164,436.90907040612956,442.6603263931374,543464
2021-01-21,442.6603088378906,462.1403303127491,416.8260842202037,442.0109634652415,728559
2021-01-22,446.046142578125,458.61538394303676,437.0018463632249,442.4747994366513,617561
2021-01-25,449.8493957519531,461.02720705422655,445.3040344438792,447.3448100641867,747550
2021-01-27,447.7158203125,454.5338334763894,432.2709518367295,448.59707070089036,1478484
2021-01-28,436.0278015136719,461.95479373025256,431.5752365120482,450.7305852489586,916925
2021-01-29,448.0869140625,467.52056804583003,419.0987836033092,437.2801446890579,1569118
2021-02-01,443.6806945800781,466.8711977111447,433.1985984883239,460.0995821203611,1617199
2021-02-02,444.9329833984375,449.2928092712484,437.92946283950187,447.06652665248686,801887
2021-02-03,450.9161376953125,457.6877531232033,440.6659185727206,443.6343142255796,1791401
2021-02-04,469.4354553222656,478.8821598881545,447.6425871979209,449.88734161367637,1334573
2021-02-05,470.1836853027344,481.64131411732535,454.56388603193426,471.82048941910455,643606
2021-02-08,472.5686950683594,486.317860008816,469.52891622823637,472.38162033768253,617871
2021-02-09,458.8663635253906,476.02943011045767,454.79773030647397,475.14086785745764,627429
2021-02-10,457.977783203125,467.7986078402625,442.6853505594341,461.0175622574771,710925
2021-02-11,456.1539001464844,462.4205040055318,453.67528841447387,460.1289955475474,277380
2021-02-12,448.25054931640625,456.6216455880605,445.3043072831409,455.8733750671094,329562
2021-02-15,439.364990234375,448.8116939768726,435.01577358100883,448.8116939768726,463051
2021-02-16,447.3619384765625,449.7937674546203,434.5481176065941,436.69933446587675,422475
2021-02-17,438.8505554199219,453.6285461236238,437.68140968248986,448.9052087618373,323783
2021-02-18,437.6346130371094,442.40473320533647,431.41476361725466,438.66346696258523,280512
2021-02-19,443.24658203125,448.9052652384967,427.95414815298244,436.0914149266956,358914
2021-02-22,445.1639709472656,452.178845821672,437.72819216295534,445.49130893985875,381439
2021-02-23,439.6455383300781,451.00965738755343,437.541076066634,444.04153758671106,416634
2021-02-24,439.0375671386719,442.2176375860695,431.788864135759,440.90820017168164,290978
2021-02-25,433.2386779785156,442.31123223759494,430.4794824799986,439.6455741115629,490072
2021-02-26,425.7561340332031,432.1162755898132,417.1979641817734,432.1162755898132,729977
2021-03-01,430.152099609375,444.2753860102085,413.87759644108894,426.50437056980013,567521
2021-03-02,419.20892333984375,437.68142670991847,416.21589871813916,432.396864936259,803799
2021-03-03,421.5004577636719,430.24567446421895,416.7771199288416,419.2089490149681,705275
2021-03-04,421.4068603515625,425.4287386443091,416.5899858258785,417.1511814648194,1367133
2021-03-05,441.469482421875,449.8873327222921,418.64776064946426,419.0218816207627,875873
2021-03-08,450.63555908203125,457.7907544248414,447.1281215781437,448.952000497605,829226
2021-03-09,446.9410705566406,454.2365290687056,433.0516124821332,445.91221652452913,829743
2021-03-10,451.14996337890625,457.36981300035524,440.5808687744166,451.0096715989752,678320
2021-03-12,455.8265075683594,457.3697741035481,447.22158424549684,457.3697741035481,313677
2021-03-15,457.5101318359375,462.93498551071997,450.4485025737038,455.82657329001125,1469211
2021-03-16,456.85540771484375,462.9817200680015,451.99174994517523,459.8951866849872,344559
2021-03-17,453.3947448730469,462.9349860949322,439.5988243225003,462.32700743918156,360379
2021-03-18,453.3947448730469,462.9817405098674,439.5988243225003,455.7797909067188,471084
2021-03-19,441.2355651855469,458.21155419461843,432.6306418450416,447.31512252249667,833464
2021-03-22,454.0027160644531,456.3410077917562,441.46947811482846,450.7291076462287,183674
2021-03-23,448.7181701660156,457.36984931981584,445.21073267123177,457.36984931981584,2267257
2021-03-24,443.10626220703125,449.0922830484434,439.69236214887894,446.89428321584705,335633
2021-03-25,434.0804138183594,447.0813080724155,425.8496111042579,442.2176506257375,198966
2021-03-26,440.3938293457031,446.14602075998977,431.64861337680355,431.64861337680355,299793
2021-03-30,461.4384460449219,468.68714962778506,442.4047477024906,445.6783557721708,785314
2021-03-31,454.56390380859375,458.6792914676882,445.95897898572366,457.36985383210356,331755
2021-04-01,456.4812927246094,461.8593636165606,449.372908815345,450.8226382470398,828339
2021-04-05,466.2085876464844,470.93192523086395,446.4734009598675,455.966859086487,333102
2021-04-06,473.22344970703125,482.5298613833525,465.92796303119616,468.68715844498723,588734
2021-04-07,474.486083984375,478.0403040723442,468.92096752559144,473.3637212278556,162109
2021-04-08,482.9975280761719,486.3178906781102,471.9139918155091,474.4861125347453,294747
2021-04-09,483.37158203125,491.97650571596375,474.8602242539304,482.99748966324876,827468
2021-04-12,473.1766662597656,486.1775614017319,463.9637919626105,486.1775614017319,428569
2021-04-13,482.6701354980469,485.8969892890129,462.37378175303826,475.14084804392405,505615
2021-04-15,495.2033996582031,496.6531290128352,475.14084658855046,475.14084658855046,1310763
2021-04-16,508.3913879394531,511.61824201677996,495.2969539573052,502.26507488667426,2495829
2021-04-19,495.437255859375,507.8769562619799,488.70296435890333,503.2003728709856,196009
2021-04-20,483.5587158203125,500.3944157908456,475.60852416756074,498.8979319616777,438194
2021-04-22,475.3746643066406,483.5586845972124,472.4751771235471,477.011468364755,368675
2021-04-23,472.5686950683594,478.9755907118955,470.4642327944281,471.4930867259582,124814
2021-04-26,464.8991394042969,476.9179643224712,458.3051682982617,472.42845572392804,379249
2021-04-27,475.9358215332031,477.6661628207279,468.4065063479183,469.90301850317206,166224
2021-04-28,467.0035400390625,480.331800820667,463.91700685444505,477.0114384995302,236614
2021-04-29,464.8055725097656,474.39256717964463,463.9170103668263,468.59359313262087,80984
2021-04-30,459.8484191894531,463.9170522719287,457.9777859141631,463.9170522719287,122962
2021-05-03,455.0782470703125,460.128979176248,451.7578848002951,458.58568406410365,151554
2021-05-04,458.8663635253906,463.91706782932874,455.49921780823206,457.4633885218745,82954
2021-05-05,456.9956970214844,465.32000906283366,450.9161391141308,462.9349631473878,225425
2021-05-06,454.0494689941406,456.48126939481546,451.80468624952033,456.3877605667882,202508
2021-05-07,452.45941162109375,461.25138207617425,449.1390490617786,455.7330197671895,427295
2021-05-10,452.2255859375,456.34097335830467,450.7290736362261,452.59970687691896,83652
2021-05-11,452.6465148925781,453.62858598087007,447.26844402785645,451.1500025084574,375305
2021-05-12,456.8086242675781,462.04640296537883,453.6285535186412,454.56387012383425,452475
2021-05-14,467.4244689941406,472.9896141594838,452.88030733932567,462.0463985654937,713324
2021-05-17,475.1875915527344,478.88210357391756,470.9319124013037,473.92493696607977,493672
2021-05-18,479.9109191894531,487.0193595212569,468.6871486601756,477.0114605971715,239600
2021-05-19,475.3746643066406,486.3646344111227,473.92493498689265,486.3646344111227,149915
2021-05-20,467.6115417480469,477.0114620834285,466.72297956790356,477.0114620834285,345924
2021-05-21,471.3060302734375,481.6412958568352,467.6583012325431,467.6583012325431,545292
2021-05-24,478.461181640625,483.5586683824043,473.50401521971406,473.50401521971406,344457
2021-05-25,467.51800537109375,486.3646290375805,466.25532226006516,483.5586792546714,1753844
2021-05-26,471.6334228515625,477.66622668822384,463.58969391721365,477.0114936128842,655345
2021-05-27,469.903076171875,477.0114883740114,466.7230052914347,471.3995885107877,551114
2021-05-28,470.7916259765625,474.1119885572376,467.2841886546108,473.7378676182824,267261
2021-05-31,468.6871643066406,473.7378683493255,467.6115559016352,473.7378683493255,216111
2021-06-01,474.6731872558594,481.5945531167347,469.575700231436,470.3707250715201,582758
2021-06-02,493.61334228515625,496.4660465360634,476.3099849525643,476.9179350420169,938208
2021-06-03,513.1145629882812,514.4240288055688,487.81426535264404,498.0559915253917,733001
2021-06-04,503.7615661621094,529.9504345095207,501.9377442148196,516.2948331346801,752789
2021-06-07,500.2073059082031,511.3375962751961,496.2789647735471,509.18637951415906,195705
2021-06-08,517.0897216796875,521.3922119775242,500.72168237607013,505.6789056634896,775809
2021-06-09,504.7903747558594,529.6697732009557,502.2182541348094,521.8131481017015,658715
2021-06-10,518.4458618164062,522.7483514482493,510.82306751584537,510.8698219177518,1103487
2021-06-11,507.9704284667969,528.2200559245462,504.1356531975748,528.2200559245462,295085
2021-06-14,501.93768310546875,509.56047924764556,495.71780479532833,509.56047924764556,415101
2021-06-15,500.1605224609375,510.02810059368693,497.58840196207336,502.26498468728084,693756
2021-06-16,507.5963134765625,511.6181633063217,499.97346060339186,503.2003141842798,643753
2021-06-17,510.5894470214844,519.5217107478097,508.15758916981133,508.6720019753097,798986
2021-06-18,507.5963134765625,519.5683541438057,493.0053407460409,511.6181633063217,918452
2021-06-21,496.886962890625,502.5456171211635,490.1526716937738,495.6243082668641,615449
2021-06-22,494.45513916015625,505.07095964371587,490.80738161674054,498.5237435001862,714105
2021-06-23,514.1435546875,515.8271131770758,495.9516351081495,497.588439184414,786270
2021-06-24,517.417236328125,525.1803539178402,509.74762757831326,518.0719694690608,615777
2021-06-25,505.0242004394531,521.4857494663914,504.1356382681095,520.9713367631484,330545
2021-06-28,510.6829528808594,514.4242199349317,499.97356452113667,507.7834937488353,427326
2021-06-29,514.3306274414062,516.2947694904591,505.3983081328203,512.4599942186147,276323
2021-06-30,524.1046142578125,527.23795900225,512.2261395544477,514.4241106468801,1313867
2021-07-01,525.1802368164062,536.8716935576441,514.7046801588189,526.162307765232,674464
2021-07-02,527.1444091796875,531.7274833220021,521.2986804712223,530.3245084319705,379348
2021-07-05,523.12255859375,527.0976541105523,517.7444881886645,521.9066584413434,297762
2021-07-06,514.7982177734375,528.45381566186,512.6001897745665,526.5831826860657,301452
2021-07-07,516.6220703125,528.4538474305563,511.71165845584443,515.8270740848704,1161052
2021-07-08,513.5823974609375,534.2061771819162,506.9884258824111,518.6331306757085,1385755
2021-07-09,528.9215698242188,533.1304947830322,514.4241616327504,515.967456952528,1069639
2021-07-12,539.4906005859375,540.6129919173918,531.2598259672639,535.5155050571332,497885
2021-07-13,528.0796508789062,541.0805725175738,522.8419015338354,540.7999889967997,406532
2021-07-14,535.0946655273438,536.8717901064792,521.1117264199413,530.2310643180915,311869
2021-07-15,531.6807861328125,538.4150777471929,528.8748360507541,533.0370067565809,419929
2021-07-16,522.5147094726562,535.2349940543577,517.8848802822686,533.1305314302908,1079551
2021-07-19,507.1286926269531,521.2987054427355,497.8222806598371,514.4241509871497,333614
2021-07-20,499.73968505859375,511.6182181777847,496.6531514669171,506.84812599857526,321142
2021-07-22,512.64697265625,516.2012211774284,500.8620070890316,500.8620070890316,381060
2021-07-23,514.3772583007812,523.2627639747366,512.6468887330177,516.2946454761458,389730
2021-07-26,523.403076171875,527.4249826810261,516.2946938022264,516.2946938022264,506443
2021-07-27,519.8489379882812,528.4538618464046,517.3703833310519,526.1155704223055,448932
2021-07-28,519.3812255859375,523.7772244226363,514.7982091245517,520.0359585339032,251700
2021-07-29,516.107666015625,529.3891725754148,506.240087732232,523.6837643984366,4141728
2021-07-30,522.7017211914062,531.2598919333112,508.85904528382366,518.0251376356553,528947
2021-08-02,532.943359375,541.4547742419363,520.2230771154977,528.4538513473634,3053938
2021-08-03,527.1912841796875,544.9154900888923,523.7773553678558,537.6667856172836,2099069
2021-08-04,525.5076293945312,531.7275078622757,521.4390248605431,529.7165542588765,1029052
2021-08-05,537.900634765625,542.4837096301403,523.7773748153079,527.4251329390815,432987
2021-08-06,529.4359741210938,540.8000941634511,527.5653408359121,540.8000941634511,267661
2021-08-09,530.5584106445312,536.4508945766908,516.9963181732298,529.0151152180885,501869
2021-08-10,525.2269897460938,540.4258834668798,509.4201745287909,528.453843215022,449764
2021-08-11,517.3704833984375,525.7883341533358,513.1615580209883,520.036113302607,341801
2021-08-12,519.3812255859375,527.9393941412893,516.2946926451701,517.3703294230556,475369
2021-08-13,526.5365600585938,529.6698482423608,520.0360974233613,524.057947910454,177755
2021-08-16,532.5692749023438,540.0049959237318,516.7624021202588,528.2667844513799,352170
2021-08-17,551.9771728515625,560.2547028043592,526.6300560516657,535.8897142083545,1057523
2021-08-18,558.804931640625,568.6725106631466,549.0308614461628,556.3730741519186,704448
2021-08-20,548.2825927734375,558.384000459794,533.6916198156392,545.1024935540319,729302
2021-08-23,564.229736328125,568.6724901574803,538.2279463863896,557.4486910096352,607115
2021-08-24,550.0596923828125,581.5798745243401,541.6418426345398,571.4784662438522,1151688
2021-08-25,550.433837890625,565.866562317465,549.0308629427304,556.4666415840109,478577
2021-08-26,554.7830810546875,558.6178563968319,542.4836445544789,550.4338358970876,264865
2021-08-27,557.9630737304688,561.0964184098149,548.0019867744604,551.8367617756519,267829
2021-08-30,568.859619140625,574.7521028377132,553.0994987486541,561.6576692498727,555834
2021-08-31,558.5711669921875,571.4785265508546,554.175166908971,570.5432098134554,763439
2021-09-01,559.7401733398438,565.8197306169691,554.5023666641608,559.5063442138005,430109
2021-09-02,558.4307861328125,564.884493756397,553.754202952591,557.8696189860648,493362
2021-09-03,566.474609375,570.543214380372,559.8338262339882,560.3482390262346,509566
2021-09-06,560.6755981445312,571.5252488537905,558.1034772612225,563.668622953458,131833
2021-09-07,549.3582153320312,564.9312604968316,544.3542940548939,564.8377516660656,254845
2021-09-08,544.2140502929688,549.3582926272528,539.6777867058007,549.3582926272528,463001
2021-09-09,557.308349609375,566.8018355311181,536.3105385007897,539.6776552829292,663597
2021-09-13,552.8189697265625,565.8666501854702,548.1423858407321,565.8666501854702,322884
2021-09-14,556.045654296875,568.6256725272528,551.7899756772213,553.3800251304953,538271
2021-09-15,553.707275390625,564.4634133416254,550.2465935019977,558.9450240797187,280498
2021-09-16,555.5313720703125,557.9631726847078,548.5632511539852,556.2328596037574,1094519
2021-09-17,542.8577880859375,561.1899709693927,538.7891265440918,558.8516794236868,326419
2021-09-20,537.9474487304688,554.3154917682376,529.7634272115844,537.7136195442149,519089
2021-09-21,543.512451171875,547.9084505910894,531.306581009916,542.4836257510182,470027
2021-09-22,546.7860717773438,554.6427541995342,541.8756595352737,545.9443210738779,324129
2021-09-23,546.5989990234375,550.4337739338953,543.559220322868,548.7034612007549,228488
2021-09-24,547.4407958984375,559.459648490083,538.8358717400006,551.4158914581376,468471
2021-09-27,551.0885009765625,560.1142710763288,548.1422311252046,553.7073757959976,278528
2021-09-28,542.6240844726562,551.4627828905851,535.4688878524947,547.1603482859553,999969
2021-09-29,548.6100463867188,551.8369006980723,537.1524158213774,540.0519320943179,405323
2021-09-30,536.8718872070312,551.6031280145412,533.130619700362,551.5563735881502,1224714
2021-10-01,533.083740234375,542.0160028939626,531.8678399973502,533.0369858189506,487329
2021-10-04,528.5005493164062,538.7422758741594,523.0289709119336,532.9900568645871,1965958
2021-10-05,529.9036254882812,538.7423790622099,520.1295552840362,523.0290710903348,951203
2021-10-06,515.499755859375,536.404058585774,508.1107320431068,532.6627922660825,827511
2021-10-07,510.2619323730469,519.4280231444945,506.80124972102914,513.2082023400656,1020307
2021-10-08,516.107666015625,518.8201068725315,509.70077041915636,511.3375743979673,403328
2021-10-11,509.9345703125,522.6548519548306,505.49181691053457,516.0141275994,739990
2021-10-12,500.8619689941406,510.0748133760582,497.68187016565236,509.6071551417033,1608903
2021-10-13,506.4739685058594,511.47788977348495,503.90184770550644,503.9486021208005,1500461
2021-10-14,514.6578979492188,516.2479473975762,505.16441275326304,508.8121698943662,439513
2021-10-18,509.42022705078125,521.5793432810332,505.6321490169837,515.9206319810431,981940
2021-10-19,508.8122863769531,512.272969595119,506.94165297115546,509.42026506871775,1063872
2021-10-20,498.5705261230469,509.9814006077295,493.1924554151249,501.42323047241814,475042
2021-10-21,506.89483642578125,515.8270984262401,493.4262547199374,498.57049595537586,583207
2021-10-22,507.68988037109375,512.5535385042676,497.77554643928516,503.66803008129216,365781
2021-10-25,489.1238098144531,506.8012586670301,483.88600279031743,502.7326544380827,284209
2021-10-26,486.97259521484375,497.6351698651144,475.0940633532957,487.3466875906889,664582
2021-10-27,495.0163879394531,503.06008912210456,485.19556210409314,486.3647080368741,195240
2021-10-28,495.3436584472656,502.26502426078423,491.0412248359622,496.1854662390056,154617
2021-10-29,496.886962890625,503.2003501838235,479.0691923917041,491.1347427441653,1177125
2021-11-01,513.7694702148438,517.2301535457004,500.48796118375225,502.26508581200926,344522
2021-11-02,521.8599243164062,522.8419953589434,509.27990424498165,517.1833411736608,315945
2021-11-03,529.6697387695312,534.0657378717278,510.1684119815956,523.3095977919995,680535
2021-11-04,529.6697387695312,529.6697387695312,529.6697387695312,529.6697387695312,0
2021-11-08,525.4779663085938,529.622657501564,518.1776984639746,524.6773147681123,485903
2021-11-09,536.8758544921875,544.9296871159869,523.2172884365577,525.4779821153084,824932
2021-11-10,523.3587036132812,536.8289256168035,520.0618073873326,536.8289256168035,402983
2021-11-11,510.4536437988281,523.3115017626051,506.8741112586197,523.3115017626051,141289
2021-11-12,524.25341796875,534.8505809936505,510.9245763045153,510.9245763045153,774967
2021-11-15,498.72607421875,519.9674881886687,494.5342958316142,519.9674881886687,1087685
2021-11-16,504.754638671875,508.4754319445245,498.67897771910356,498.72606472391374,611390
2021-11-17,496.3240661621094,504.8488840250782,491.7083896982762,503.0120308407653,2381933
2021-11-18,486.1507873535156,500.6100641259623,482.2887326092371,493.5923747797661,525218
2021-11-22,499.9035949707031,503.95405531852884,473.8110090191028,483.136536965307,595358
2021-11-23,493.121337890625,499.24414342317334,486.99853235807666,486.99853235807666,2124037
2021-11-24,491.990966796875,496.1827451984916,485.4442631688773,492.65035735892,329275
2021-11-25,495.0522766113281,497.2659404043349,488.0817337464102,489.82435508931945,184156
2021-11-26,499.9977111816406,513.8917699788042,479.55697752125866,492.50903748383314,417518
2021-11-29,486.1978759765625,508.6638392110685,481.34670710528883,503.953988848003,204668
2021-11-30,496.46533203125,501.1280955467438,476.8723653581561,483.8900541346778,369740
2021-12-01,484.5023498535156,498.3022362945304,481.34677267770326,498.3022362945304,1239841
2021-12-02,504.18951416015625,507.43932262070683,482.90101213174853,484.2197358232063,830455
2021-12-03,519.2139282226562,522.7934030874798,489.3534646917941,503.01203107876427,722466
2021-12-06,506.02630615234375,520.3913489547799,502.58809258264245,514.3156308282068,400994
2021-12-07,499.1500244140625,506.6857858998786,493.49820329970044,506.6857858998786,343722
2021-12-08,499.9035949707031,507.6748490947739,494.5343533499582,501.9759409024483,244168
2021-12-09,497.7369689941406,505.08432346591354,494.67556650646145,504.5191069722166,152454
2021-12-10,502.2584533691406,503.671408475678,494.34588177521516,500.1861077142277,175391
2021-12-13,498.3964538574219,507.34517154806645,496.6538318307756,502.3527405456307,221957
2021-12-14,496.93634033203125,503.4359573538622,491.9439100437456,498.0196290001015,161809
2021-12-15,514.5983276367188,520.344380563462,496.5596321410415,496.5596321410415,745277
2021-12-16,499.0086364746094,513.3736798087061,496.41821882419845,513.3736798087061,333354
2021-12-17,511.3484802246094,518.837154522595,494.0633507228537,495.4763059680096,345256
2021-12-20,504.5191345214844,506.7798856331486,497.3130981529716,499.24412525198653,144970
2021-12-21,503.4359436035156,506.68575202566905,497.3602248131059,504.56631924947686,524795
2021-12-22,503.81268310546875,505.93211582255066,500.5629322672434,504.99014572606984,93989
2021-12-23,498.16082763671875,505.50823986930976,493.6393829889391,505.50823986930976,832334
2021-12-24,493.4510803222656,502.07013089498736,490.766488173149,498.3022499877079,293666
2021-12-27,487.37542724609375,493.3569152982123,485.77406633262314,489.8245268831893,72668
2021-12-28,492.6503601074219,494.5343002990372,486.244974954588,489.7302758077348,409253
2021-12-29,484.5494689941406,493.26269289668846,480.40477732966457,489.8244788459325,250848
2021-12-30,477.8143310546875,489.3063777211471,474.80001524972056,485.9623953799945,194003
2021-12-31,488.88250732421875,493.5923580691534,477.57886553637553,478.4266329211342,342678
2022-01-03,491.42584228515625,503.7656283415146,488.88251136322026,489.4476704599635,233807
2022-01-04,485.0204162597656,493.87490049882126,484.172620192074,491.4258012928314,148537
2022-01-05,481.3938293457031,491.2374288236666,477.9085570699187,485.8681875181143,395469
2022-01-06,488.0346984863281,492.744549108637,477.20207080166455,480.31056071372967,1889301
2022-01-07,485.9152526855469,489.6360460761261,479.55698326245505,486.9985412969673,358806
2022-01-10,480.16925048828125,488.74115525838675,475.69489258770386,486.9985335996889,244549
2022-01-11,474.04644775390625,482.5712655690539,472.4450871023783,480.16925333840777,204190
2022-01-12,472.3038330078125,478.8034213698197,469.1011402095268,476.4956117232034,570020
2022-01-13,471.3148193359375,476.4956556999354,469.1011835038083,474.6588022176759,141169
2022-01-14,470.98504638671875,472.4450885318592,469.2895117183849,471.2676259158924,146421
2022-01-17,470.98504638671875,476.63686694335934,470.0430762939453,470.98504638671875,189884
2022-01-18,465.47454833984375,472.6806143071633,463.2609127167723,472.6806143071633,330117
2022-01-19,457.7503662109375,466.5106763478885,452.2869225665491,464.5325334550348,688368
2022-01-20,448.8487548828125,456.8555007726423,447.71837925853094,456.8555007726423,330001
2022-01-21,445.08087158203125,459.49300259174333,439.0051529474911,439.0051529474911,530867
2022-01-24,443.0556335449219,449.1313233220894,438.95805794141853,447.34158591672167,567967
2022-01-25,447.4358215332031,452.9934396723913,439.9000603284334,443.66794093081825,597696
2022-01-27,451.344970703125,461.0943670530656,444.56280318547016,448.2835678575224,335178
2022-01-28,461.7066650390625,468.15916634057095,451.3449933494322,452.1456737293241,966171
2022-01-31,469.3836669921875,477.7672234805098,460.62335697777127,466.180974553941,938700
2022-02-01,466.1810302734375,473.6225888493854,460.62341203300286,470.98508387832607,242163
2022-02-02,478.80340576171875,480.6402590145734,464.6738538063663,467.6410827143079,247175
2022-02-03,468.9127197265625,483.3719957338028,466.7461999238593,480.40476682375026,402889
2022-02-04,473.48126220703125,478.33240244392556,470.98504720616774,472.0212200593505,219084
2022-02-07,469.1953430175781,476.11882945135187,465.4745493823809,475.176859290203,188340
2022-02-08,468.6772155761719,474.2819492155102,466.3222903069787,470.9850538386398,353656
2022-02-09,467.68817138671875,474.4232520934115,466.6049114822824,471.97412399643764,65745
2022-02-10,476.0447998046875,479.0835973462065,467.78311789263734,468.1629603402969,156420
2022-02-11,472.8636169433594,475.759948350249,468.4003882709787,469.44497678793186,147447
2022-02-14,470.3946228027344,475.57003826554626,465.3141462264816,467.68819799294323,207868
2022-02-15,469.9197692871094,471.2967017971108,465.31410348718134,468.352901061187,200085
2022-02-16,473.6707763671875,476.56713678508413,469.5874190975191,469.91979212647414,327272
2022-02-17,471.96148681640625,475.94990533929865,470.06224542076677,475.71250016484373,67312
2022-02-18,476.8045349121094,479.46346114424887,469.6823800258902,469.6823800258902,138857
2022-02-21,470.8218994140625,478.51383235641504,462.6551851341573,475.71246887020817,193253
2022-02-22,470.0147399902344,474.43047010097143,463.8896753662263,463.8896753662263,240212
2022-02-23,456.0552673339844,472.9110320298266,450.68991704372604,470.63194851486327,156678
2022-02-24,450.26263427734375,456.72007221271036,436.8729770523737,445.2771257665662,498482
2022-02-25,466.6910705566406,469.11259157291363,449.50293134468563,449.50293134468563,96021
2022-02-28,470.3946228027344,475.90241130887574,463.4149048133123,464.364525519897,663928
2022-03-02,468.6852722167969,474.52546254794106,460.328621874862,470.3471083968505,299191
2022-03-03,466.16876220703125,471.96145385520197,463.5098360308817,471.96145385520197,290049
2022-03-04,454.725830078125,469.3025120832548,449.17054377244165,460.18614852778995,566719
2022-03-07,430.7479248046875,444.18505096186544,422.8185867253246,429.56089901376856,883023
2022-03-08,438.20245361328125,450.97483376597216,430.74792583249865,430.74792583249865,777254
2022-03-09,446.79656982421875,453.6338509226121,439.9118192796373,444.65992310348656,545889
2022-03-10,454.6783752441406,457.09992539418704,448.790744348204,453.15900532268836,500863
2022-03-11,459.5689392089844,461.9904603484635,451.59210232102737,457.2423569533097,1148489
2022-03-14,463.84222412109375,468.16298654277614,444.8972803149911,458.38190531253196,560852
2022-03-15,459.52142333984375,465.9313626799287,455.8179086282635,459.7113590604877,542732
2022-03-16,451.97198486328125,463.22496700172456,450.5950232528615,461.3732240202666,262374
2022-03-17,457.5272521972656,465.31415370851926,449.2180708810421,453.06405219262604,498158
2022-03-21,456.6725769042969,461.42068028026193,453.0165315087791,461.42068028026193,238004
2022-03-22,445.18212890625,456.1027658851972,442.998013102509,456.1027658851972,219232
2022-03-23,438.962158203125,446.7490593511843,434.68886515409514,444.42247709910765,253545
2022-03-24,427.8990478515625,435.40104479020044,424.4804078979708,433.26439844172074,757636
2022-03-25,426.8070068359375,430.5579909635242,424.24301952432364,428.2789072310464,346298
2022-03-28,421.15679931640625,438.4873778677578,415.9338852324373,435.87592082577333,641775
2022-03-29,409.5713806152344,423.1984429338059,408.4318532069975,421.1567643031074,616956
2022-03-30,423.24591064453125,426.2846791594607,410.71090720260014,410.71090720260014,1007607
2022-03-31,424.6228332519531,429.2284988251944,417.92801980701523,427.32925767995016,554353
2022-04-01,432.267333984375,435.8758808832988,421.63157105051124,424.4804330170688,478191
2022-04-04,429.7508239746094,436.44566710734114,425.9998397043288,433.02702688851247,350094
2022-04-05,440.4815368652344,442.9980257492432,430.17814719058345,435.11618607930114,334580
2022-04-06,430.41552734375,439.2944855516087,428.4688167492461,437.06287139539097,444643
2022-04-07,434.1190490722656,436.0657886794784,425.61996213774984,432.0773705896792,344191
2022-04-08,439.24700927734375,441.5261219654656,432.1248545772671,434.1190636893129,245478
2022-04-11,449.2655334472656,451.40217990090184,439.9117642875449,442.2383464624421,606106
2022-04-12,452.82659912109375,456.76751890397065,450.4050491483948,451.8294800805278,435714
2022-04-13,442.0958557128906,462.46522903556064,438.20243446362826,457.24231577129865,1390411
2022-04-18,445.6094665527344,450.6424441407169,441.5735790027096,442.0958587406645,158491
2022-04-19,451.1647644042969,452.96903779445597,446.51162914121676,449.83530132629136,217594
2022-04-20,451.97198486328125,462.0854395470098,445.134704214497,456.1028117342926,427680
2022-04-21,444.56494140625,454.5359591262626,441.5736418862712,453.918711444382,231367
2022-04-22,450.54754638671875,452.9215981034153,441.57361930555646,441.57361930555646,232165
2022-04-25,460.85089111328125,463.3674090267613,443.8526872278192,449.8353147272539,619109
2022-04-26,465.4565734863281,472.1514167112697,462.65520985046476,465.6465092155936,384095
2022-04-27,460.7559509277344,465.8838966412167,457.24234293102336,461.3731985541506,480250
2022-04-28,466.1213073730469,468.16298599872056,461.5156413699355,463.1300080861181,276448
2022-04-29,466.9759521484375,470.0622192444872,464.7443378368079,470.0622192444872,345648
2022-05-02,465.6939697265625,468.44786386735586,458.33440955058364,464.5069438917272,256314
2022-05-04,460.2336730957031,468.06804398367746,455.81794257305154,465.7414906232021,257464
2022-05-05,459.42645263671875,465.31411217878485,456.29271612633903,461.89547208920203,83338
2022-05-06,450.8798522949219,462.4652352842345,446.9864309930529,451.63956616806104,213358
2022-05-09,448.4109191894531,451.2597813724099,438.48737099343697,450.1202249071773,122901
2022-05-10,448.6007995605469,450.9748512400376,430.22563376526386,447.27133641605667,246277
2022-05-11,450.21514892578125,462.46524932333176,430.178147727863,451.0698017014016,267557
2022-05-12,428.04150390625,450.0727143682378,423.53080586175815,448.60078498669884,634380
2022-05-13,406.1527404785156,433.02699175176315,396.9414091057829,432.9320238961443,1249915
2022-05-16,418.6877136230469,423.6732217358845,397.8910284340911,406.2002086221538,396300
2022-05-17,415.7914123535156,420.8718886875842,410.4735308541179,413.08498767273863,595791
2022-05-18,408.43182373046875,416.3611614952272,406.4376146848228,415.9338206354028,209231
2022-05-19,389.6768493652344,409.19154262355005,385.7833988058766,405.9628381280301,680671
2022-05-20,402.9240417480469,407.86208086158683,389.86675743641285,397.13137880116597,349140
2022-05-23,392.9055480957031,401.689539201166,389.6293452264814,401.689539201166,215917
2022-05-24,392.9530334472656,394.80480540139024,384.1215725432648,390.4840428152646,354579
2022-05-25,382.9345397949219,393.0954926784918,379.8482725802077,385.83087128129665,396979
2022-05-26,385.213623046875,390.48403520896125,383.4568189928462,383.4568189928462,582774
2022-05-27,389.0595703125,393.6177375875695,386.8279561127827,387.35023584925835,149367
2022-05-30,397.3687744140625,402.1168776859231,388.7272206632517,389.05959368830645,122218
2022-05-31,395.37457275390625,398.03349904460487,390.6264693918565,396.9414410673581,148085
2022-06-01,397.8910827636719,402.59171693252404,393.00054183837716,394.33000505397314,148330
2022-06-02,400.977294921875,402.63913095766725,395.13713407782916,397.89102799826077,113028
2022-06-03,407.8145751953125,410.1886266774598,400.97729533468,403.398816254422,204365
2022-06-06,402.2118225097656,410.1411608869498,397.17884455928237,409.2865080814123,162907
2022-06-07,396.75152587890625,400.64497663335845,393.57031964575435,400.5975071893299,81166
2022-06-08,395.9917907714844,398.935620431757,393.6177392680582,396.7514756605324,100488
2022-06-09,391.7185363769531,394.99473936415535,384.59638117009945,393.6652472081103,374559
2022-06-10,400.73992919921875,405.4880326257498,386.5430883618416,386.5430883618416,496967
2022-06-13,398.1759338378906,405.0132142281644,394.66235476021006,399.74283112158207,208314
2022-06-14,393.3328857421875,405.2980827760802,391.3386765764979,395.9918119763587,137835
2022-06-15,395.23211669921875,403.92113964353706,390.3890457036592,397.6536377069377,184711
2022-06-16,390.62646484375,400.73991909113926,387.44522983219156,397.7960892449192,964672
2022-06-17,383.74169921875,391.1487284797013,375.14761519995284,390.9588217433383,202538
2022-06-20,381.8899230957031,384.5963476343394,373.5807427455785,384.5963476343394,645857
2022-06-21,380.1806335449219,387.0178848462254,379.8482605209416,379.9432283820963,384758
2022-06-22,380.13311767578125,384.5963461240845,378.23387646035366,380.70289583643375,798525
2022-06-23,381.8899230957031,387.6826146215285,378.70868825134545,381.0827397799525,874011
2022-06-24,381.0353088378906,384.5014186238179,379.7533150868972,383.45683004967054,1306011
2022-06-27,394.8048095703125,396.41917636685895,382.3173030492006,383.07698802397294,177703
2022-06-28,390.6739501953125,393.00053250242956,386.63806222019537,391.2437284113538,76568
2022-06-29,389.4394226074219,391.2436959919429,383.93160561557886,390.199107512445,149632
2022-06-30,399.07806396484375,405.29806740901114,380.84533654144485,388.299864174766,794172
2022-07-01,404.77581787109375,407.95705296886194,394.4249581778635,396.18176224500024,102892
2022-07-04,413.5122985839844,415.1741346208104,399.74279999314024,404.77577754119363,112905
2022-07-05,414.5094299316406,418.3079126801551,402.1643609989686,418.3079126801551,232234
2022-07-06,440.0542297363281,444.46996022693565,413.3698820791485,414.03462816596004,585472
2022-07-07,446.7490539550781,448.8857004537854,430.2256311809773,442.2858252323961,792175
2022-07-08,441.5260925292969,446.32166478224974,434.16653316320657,446.32166478224974,221795
2022-07-11,448.4583435058594,450.0252117527882,435.8758701306288,435.8758701306288,160105
2022-07-12,446.8914489746094,448.2209119853215,440.1966065240447,446.55907597690134,294048
2022-07-13,445.5144958496094,454.63085934743054,441.5735761807942,442.14335433318064,221855
2022-07-14,447.223876953125,450.02524060935525,438.8671974667867,439.9592554676942,323995
2022-07-15,448.2684020996094,450.6424536497188,446.36916085952186,447.17634418258336,364977
2022-07-18,440.0542297363281,453.39641805497996,437.87011370273166,450.73746268785806,192626
2022-07-19,441.906005859375,444.42249496002546,437.91758726127375,440.67148154085584,142240
2022-07-20,449.7878112792969,452.87407836574215,443.80521282685186,447.556196974612,325251
2022-07-21,446.8914489746094,453.158950573818,443.140436106413,452.39923672475385,57200
2022-07-22,445.5144958496094,455.53301050371914,440.8138912976927,449.835286940096,209086
2022-07-25,449.5504150390625,451.49715478182964,442.28582277976716,445.51452723055144,94448
2022-07-26,448.6007995605469,451.4971599975994,443.4728537288714,450.0252305682413,107566
2022-07-27,441.95343017578125,448.6007745071148,437.39526279777255,448.6007745071148,114270
2022-07-28,431.41259765625,443.23538491446817,428.4687971804954,439.67430790658545,136006
2022-07-29,427.1868591308594,433.50183071546536,417.8330898462317,431.98243186545454,346921
2022-08-01,422.3437805175781,432.2673278182468,418.78270311017866,432.2673278182468,765088
2022-08-02,436.1607666015625,437.2528535673347,420.4920253862466,420.4920253862466,253132
2022-08-03,432.267333984375,443.2354409635724,427.6616680090825,437.20534400500117,307621
2022-08-04,436.7305603027344,438.5823322859399,427.9465687036617,433.9766660298608,235609
2022-08-05,435.8758544921875,448.9331377149927,430.3680666157071,436.8254750902097,183679
2022-08-08,432.1723937988281,438.7247709454957,428.278943065841,438.7247709454957,197205
2022-08-10,435.6385192871094,440.2441857230091,428.37392634188893,436.8255452252214,112335
2022-08-11,428.0889587402344,437.4902259489311,425.0026917624617,437.4902259489311,198966
2022-08-12,434.4039611816406,436.30320240839586,428.0889609185825,428.0889609185825,90830
2022-08-16,442.5706787109375,445.0871965400361,434.97371374489546,435.8758649266615,270472
2022-08-17,440.5765380859375,445.46707892520425,435.8759039997727,445.37211105859126,292576
2022-08-18,442.5232238769531,445.3720858332425,439.5793940594296,442.9980342030014,126297
2022-08-19,461.8480224609375,467.54574652794577,447.27133926015,448.22095993798473,944983
2022-08-22,464.64935302734375,470.67944969876777,459.7113432418607,463.41485782600324,726820
2022-08-23,459.6163635253906,464.64934103806263,455.8178811822056,464.64934103806263,197764
2022-08-24,476.85198974609375,483.35689680561205,458.0969824535381,458.6667606230071,845768
2022-08-25,464.7443542480469,476.8045484566873,461.5156497372676,476.7095805928155,242368
2022-08-26,462.5602111816406,471.0592983679903,457.90707592574637,468.9701503858141,228766
2022-08-29,458.3343811035156,470.2996065720441,448.2209274144469,454.8682716769493,349092
2022-08-30,460.043701171875,464.31699377814857,456.81496801859436,460.28110631666794,202849
2022-09-01,467.4032897949219,469.5874056711108,458.61929889005273,458.66676832992215,192242
2022-09-02,467.3083190917969,472.6736698698857,465.74145084405365,469.5874028139799,95821
2022-09-05,470.15716552734375,470.9643488345204,465.64646767090306,469.77732308282555,85775
2022-09-06,470.06219482421875,472.1513717265969,468.1629536330098,470.1571626798033,225836
2022-09-07,474.43048095703125,481.17279334561607,465.5515221130576,468.1629788918662,200692
2022-09-08,478.0390319824219,481.8850130236593,471.4866552582412,479.51096138590384,112873
2022-09-09,478.41888427734375,485.2561647265975,473.86071663125665,481.030341132526,148781
2022-09-12,478.41888427734375,478.41888427734375,478.41888427734375,478.41888427734375,0
2022-09-13,488.76971435546875,494.94224800217995,479.5583833214058,482.31227715237605,358255
2022-09-14,489.1020812988281,491.38119393625584,481.55261487274197,488.10499125504424,204541
2022-09-15,489.5768737792969,493.42282549973834,484.3064912023778,489.10206349380434,157539
2022-09-16,462.0379333496094,487.1554120955111,453.91868807340023,486.68060175233813,266979
2022-09-19,465.5989685058594,469.96722906111336,449.4079488707624,455.81788791963226,149880
2022-09-20,478.1815185546875,490.81146297683966,465.59904357813247,470.96442401638654,280194
2022-09-21,479.4634704589844,482.4073003318371,470.44207409451104,478.1340073170866,214698
2022-09-22,480.7454833984375,484.21159318642117,472.91111255787035,478.60883680555554,249159
2022-09-23,470.6794738769531,483.8791952421399,466.4061809110933,483.16697974782994,150678
2022-09-26,495.5595397949219,497.6012474868392,461.13581835253075,465.3141436422733,509775
2022-09-27,474.7628479003906,493.7552605939937,471.0118348013553,489.3869708983187,427960
2022-09-28,474.5254211425781,481.9324501638862,470.06219277068703,470.06219277068703,135346
2022-09-29,478.9886779785156,484.25909028123857,473.76576409913423,475.7599733763774,162773
2022-09-30,478.8937072753906,491.666117278638,474.33553950879707,479.2260803163164,248792
2022-10-03,473.3858642578125,481.9324495703909,469.58738189666656,478.13396720924493,122286
2022-10-04,479.98577880859375,484.0691360938443,469.5874208894674,475.2851449043042,162140
2022-10-06,475.04766845703125,482.4072275385745,473.1009579694447,479.9382083732588,69801
2022-10-07,463.177490234375,475.00027938340645,456.9574863245584,473.8607229665877,538827
2022-10-10,451.6395568847656,463.1299717812392,449.45541214702115,457.8120906990567,132194
2022-10-11,451.40216064453125,463.082482500756,445.08718941364356,451.63956579591894,263247
2022-10-12,454.39349365234375,456.8625132069809,451.0698212849807,451.4021943177417,96948
2022-10-13,450.8323669433594,456.10274953042807,449.3129682308333,453.06398108549587,22392
2022-10-14,444.0901184082031,455.4855669069752,440.76644592939465,453.11151513639766,77023
2022-10-17,439.24700927734375,448.07849849351174,437.77510889804324,444.0900802694202,82943
2022-10-18,438.5348205566406,448.3634004382845,433.35940521363983,441.47865047492803,286083
2022-10-19,441.8110046386719,446.3217026978523,437.9175542020917,438.53480182469195,177646
2022-10-20,456.86248779296875,460.4710345704657,438.67725864773035,440.7664066314996,702352
2022-10-21,454.9632263183594,460.518512515251,452.3042713025215,457.62215235407695,73258
2022-10-24,454.9632263183594,454.9632263183594,454.9632263183594,454.9632263183594,0
2022-10-25,452.63671875,464.31707120975466,448.2684575613143,455.67551670216176,165693
2022-10-27,454.5359191894531,461.3731994744833,451.3546842098888,452.20936598060933,108431
2022-10-28,442.3332824707031,456.4351547691575,441.0987872308894,454.10860158948975,110721
2022-10-31,450.1676330566406,453.5862730067314,440.67142707312223,444.56487732238895,109006
2022-11-01,460.99334716796875,464.3644888178492,447.7461277660857,451.8769833092627,165759
2022-11-02,455.1056823730469,468.3054032019268,453.91865659742604,462.4652421818964,268593
2022-11-03,453.1114501953125,458.4768006318172,444.23249204988264,453.2064180485494,140605
2022-11-04,458.6192932128906,460.5660039053905,453.9186595191272,454.5359071303987,122202
2022-11-07,459.7588195800781,460.94584536076616,454.20353313043364,460.94584536076616,56178
2022-11-09,442.80810546875,462.9400752029586,437.2528477504128,460.56602353525113,117422
2022-11-10,441.5735778808594,449.12307322377404,436.82547489289317,441.38364216929244,99568
2022-11-11,441.5260925292969,447.2712853456162,434.26147203544747,443.8051760853525,197166
2022-11-14,431.3177185058594,443.7577260583769,425.47752822022005,443.7577260583769,194485
2022-11-15,423.34088134765625,433.50183406679116,419.7323344085908,433.50183406679116,198890
2022-11-16,416.26617431640625,425.477476272803,414.1769975122111,425.477476272803,246198
2022-11-17,413.60723876953125,417.83306201146826,409.38144450771495,417.738094155896,447038
2022-11-18,410.58819580078125,419.98075391065447,408.38383573604455,417.82430327173364,131804
2022-11-21,411.4507751464844,415.4282519939012,410.204837572976,412.1216826083637,192789
2022-11-22,414.6135559082031,423.43102486043836,409.294293784705,409.821443679141,270175
2022-11-23,408.0005187988281,418.68692510355,407.32961126900784,416.722141194069,90619
2022-11-24,413.0801696777344,416.4346490138645,408.0484506735392,410.06114412496504,259386
2022-11-25,415.66790771484375,420.55583974513263,413.17600301879713,414.1344256519891,100888
2022-11-28,427.50439453125,429.37333032479245,414.3260836116833,417.77641086582634,231616
2022-11-29,453.8130798339844,459.08440388696624,426.1146738416994,427.45645956907504,935910
2022-11-30,458.8448181152344,460.6179057686645,451.5128911011037,455.2507333780393,315358
2022-12-01,444.27679443359375,461.0012808758832,441.7369803367277,461.0012808758832,393580
2022-12-02,440.3951416015625,449.2126403581493,439.43671909535675,445.6664653856944,188375
2022-12-05,440.0596923828125,443.27041366124075,438.57414918246843,440.87435737118,198259
2022-12-06,427.4564514160156,442.21615263309974,425.5396063424012,442.21615263309974,1008531
2022-12-07,437.9512023925781,443.60588967137727,428.462795608402,431.1943057660062,382889
2022-12-08,435.1717224121094,441.01810548480677,434.16539049125873,438.9575029690872,70953
2022-12-09,422.0413818359375,437.3761428573501,420.7475055250087,437.3761428573501,134041
2022-12-12,426.4022521972656,431.09851756448865,416.1471468849606,422.0414406238599,448552
2022-12-13,420.2204284667969,428.55868808912527,417.6326755761241,428.55868808912527,147692
2022-12-14,422.5205993652344,423.6227794801981,418.1118496566435,421.7538437535853,103504
2022-12-15,421.75384521484375,435.98642639734385,418.8306680412811,424.5812035292621,243565
2022-12-16,416.7221374511719,424.1978513283238,414.27817150500374,419.7891014903219,167764
2022-12-19,411.7862548828125,419.45363550857877,411.1632860567162,419.0702723270376,107216
2022-12-20,409.6297912597656,412.50505890442764,405.50858600191077,412.07378630696934,651729
2022-12-21,410.5403137207031,417.488877353397,405.6044433348125,410.8757674699596,307373
2022-12-22,409.533935546875,414.0385331393197,405.74818410097606,412.12168807848957,104766
2022-12-23,396.7390441894531,411.5945943853569,393.04911135556205,406.99414838835133,186672
2022-12-26,404.2147216796875,405.9878092961387,393.43246769297383,397.69745985832384,132585
2022-12-27,401.3873291015625,407.1858027440365,400.6206028052563,406.27528967453117,89268
2022-12-28,398.79962158203125,402.9687654477249,396.78692841424106,402.9687654477249,179937
2022-12-29,401.6748962402344,405.4127383325606,398.3683267458294,398.8475380204542,165410
2022-12-30,407.37750244140625,409.86940697781694,400.7164831166817,401.67490568847535,259227
2023-01-02,412.1217041015625,415.7636981592449,406.7066224439286,409.4381326115582,512248
2023-01-03,411.8821105957031,414.9969840324362,410.2527804831482,412.16962567498393,204904
2023-01-04,405.0294189453125,413.31976904274103,403.63969439918077,411.88213506346193,64763
2023-01-05,405.2210693359375,411.9779663111489,404.02304106892166,407.04209570079115,104751
2023-01-06,402.8729248046875,407.23373570836935,400.6206259620914,405.41273871283414,70383
2023-01-09,401.7227783203125,404.93349949147074,398.6079052473012,403.4000176673186,161516
2023-01-10,407.1379089355469,409.15060224606066,400.6206469525597,400.6206469525597,88748
2023-01-11,411.546630859375,412.5529920708062,405.9398531774242,405.9877918534359,172414
2023-01-12,411.64251708984375,416.48253964251114,408.86309732943863,414.61363307458197,137210
2023-01-13,410.7799377441406,413.55935747184014,407.4254585989461,411.1633009395583,54425
2023-01-16,414.03851318359375,414.9010875696463,410.1089751485399,410.20482324670866,143371
2023-01-17,415.95538330078125,419.78907346945203,412.1696025597249,419.78907346945203,293129
2023-01-18,414.0864562988281,417.345116409295,413.27182051994686,416.913814556811,48485
2023-01-19,415.04486083984375,415.61992020194157,412.7446526401866,413.1759544739435,81794
2023-01-20,406.802490234375,416.3387776949621,404.45434313044984,416.3387776949621,566064
2023-01-23,400.6206970214844,409.15065338104546,396.9787023844215,407.66510986431354,124079
2023-01-24,403.7834167480469,406.3711693846604,399.51845386388794,403.0166903920984,65566
2023-01-25,402.8249816894531,410.34860447496794,396.78693138954094,403.30419295924725,52319
2023-01-27,421.1308898925781,424.5812171457674,400.7164999550416,400.7164999550416,414802
2023-01-30,418.2556457519531,431.0985036314969,412.16965597078746,421.13091375104824,251181
2023-01-31,424.7729187011719,426.21055263732376,410.97160951512393,410.97160951512393,269296
2023-02-01,410.7799377441406,424.7729137424138,408.335942531971,424.7729137424138,142477
2023-02-02,404.59808349609375,417.8722419869398,402.53748081310715,410.92367833004687,100577
2023-02-03,402.48956298828125,412.12169795018093,393.28870062615806,405.31689197148904,210237
2023-02-06,406.3232727050781,412.0258696221252,397.3140768719516,397.3140768719516,215992
2023-02-07,395.2534484863281,408.4317583726546,393.9116627840127,408.14424331099224,307107
2023-02-08,392.9532470703125,398.70378239329267,390.60510011393484,397.26614856254764,381533
2023-02-09,393.8638000488281,395.34934345808443,392.9532868310658,394.4388302403221,102015
2023-02-10,392.6657409667969,395.8285237671368,388.209052590769,393.86376918643106,207941
2023-02-13,386.2293701171875,396.2952641192459,385.2131161732845,394.69825144009263,263353
2023-02-14,386.9068603515625,389.47171543208674,383.2773400856004,388.1167004402165,188351
2023-02-15,377.1313781738281,388.5038759614701,374.5665228780806,386.7133065725888,602105
2023-02-16,375.4859924316406,381.82554286203344,373.01790085817373,381.82554286203344,429389
2023-02-17,379.35748291015625,381.1964340000066,374.5181223910172,376.74421641497617,185214
2023-02-20,373.7438049316406,380.32535292376593,372.6307579257783,379.3574808252574,177149
2023-02-21,377.6153259277344,378.6799912354359,372.8727581430075,375.4376135180737,116116
2023-02-22,379.8898010253906,383.22897160084096,374.130950188632,377.4701207640824,246718
2023-02-23,375.29241943359375,389.08459732380317,373.1147071351396,381.87393812074305,613543
2023-02-24,369.63037109375,377.90569576380597,368.8076738523366,377.90569576380597,184227
2023-02-27,377.6153259277344,386.8101116574127,362.7584820255154,369.63038042564534,316688
2023-02-28,386.519775390625,392.85932659096574,371.22737665462165,377.56695739207834,357502
2023-03-01,382.3578796386719,390.19764993230774,381.4384188218164,384.6323850902429,418321
2023-03-02,374.17938232421875,383.9548970309423,373.1630988356863,383.9548970309423,315240
2023-03-03,376.16351318359375,377.66373277024195,374.56653000958045,375.7763702227897,91579
2023-03-06,376.7442321777344,381.3416248632687,374.3729336092975,377.8088974439125,134246
2023-03-08,374.2277526855469,375.5343859668232,372.67915137207547,374.469720717742,81031
2023-03-09,374.2277526855469,378.7283521769534,372.6307695804818,374.3245458058476,84999
2023-03-10,377.03460693359375,378.92196955465096,369.82397670392925,370.3562946036552,306299
2023-03-13,373.1147155761719,378.14766259463903,369.8239561581499,377.47014027161356,97753
2023-03-14,358.16107177734375,374.6148980739718,355.6930096476949,373.647025938876,416342
2023-03-15,358.4030456542969,363.5811675689028,356.32212643733766,360.0000583329324,90770
2023-03-16,346.4498291015625,358.1610578511694,343.44941969200613,357.2415970808474,380505
2023-03-17,340.3522033691406,349.35343123294587,339.1907746215314,346.8853397621928,459700
2023-03-20,331.9801330566406,352.30544732541455,329.60883457710526,343.98174128887507,510591
2023-03-21,333.9158630371094,335.65802094245845,330.721897031599,332.9479909703351,322142
2023-03-22,354.53155517578125,363.82313368246696,342.62673959782114,351.33758890963014,4245799
2023-03-23,352.4022216796875,362.9520211881337,349.78895531228846,355.2574265241008,940901
2023-03-24,350.9020690917969,360.04847358232354,343.6914386200123,360.04847358232354,716188
2023-03-27,338.4165344238281,356.1286147460184,329.65730216603737,353.27337972517336,395276
2023-03-28,353.6604919433594,358.79023226718607,339.67475653496666,339.67475653496666,2399192
2023-03-29,348.772705078125,351.72470306616833,341.9491892868879,351.72470306616833,822366
2023-03-31,347.0305480957031,352.8377810045395,343.6429955655486,349.2566717663588,406249
2023-04-03,348.91790771484375,353.5636821885731,344.8528328974952,349.4018437865703,203169
2023-04-05,346.2078857421875,351.5311826574807,345.04642732764137,351.5311826574807,170619
2023-04-06,343.64300537109375,349.64382469629834,341.99764038890953,348.0468415082226,460297
2023-04-10,346.9338073730469,348.33720436289724,342.7235573292639,344.07857252319786,462421
2023-04-11,348.57916259765625,350.1277640058654,346.01430720690223,347.0305611894471,286955
2023-04-12,347.2724914550781,349.88575789319157,346.49820560376924,347.95001372780735,271385
2023-04-13,349.11151123046875,355.93499836455567,347.07897372123585,349.40186107302407,274539
2023-04-17,351.6763610839844,352.2570902970519,347.2725249605779,349.1115057248107,119421
2023-04-18,350.4180908203125,357.53195684199676,348.675932811257,350.8052632997588,182457
2023-04-19,352.0151062011719,355.49942224646264,350.4665048826463,350.4665048826463,218144
2023-04-20,351.2892150878906,355.4994353877699,350.6600745491827,352.20867592495347,189323
2023-04-21,351.2892150878906,353.9508635491136,348.28880546054364,353.9508635491136,285305
2023-04-24,349.4502258300781,355.11228378077135,348.9662897580037,355.11228378077135,273743
2023-04-25,349.35345458984375,350.90202635685637,346.15945886187563,349.8857724426152,1276726
2023-04-26,352.98297119140625,354.3379862412834,348.91789650466217,350.22452976376655,217867
2023-04-27,355.83819580078125,356.6608930490228,350.5148988896018,353.99924459343305,385351
2023-04-28,362.9036865234375,364.3554947967083,354.676772974903,357.14483522461734,270143
2023-05-02,368.2269592285156,369.2432131379032,362.5649014289391,364.74261369515216,658527
2023-05-03,366.72674560546875,370.35626610737785,364.16189035820906,370.35626610737785,320668
2023-05-04,368.6141052246094,373.888990590903,365.4201094854143,367.549439978211,54235
2023-05-05,365.95245361328125,370.98537090310145,364.88778837637847,369.43679914445704,147673
2023-05-08,367.8398132324219,369.82396894007945,365.56533722032714,367.4042884700935,174649
2023-05-09,366.775146484375,369.77552638410975,365.8556561685772,368.6624793693263,151663
2023-05-10,372.5823669433594,378.0992200464789,366.9203093993562,367.0171025142414,331742
2023-05-11,375.38922119140625,377.6637266628805,371.22735320300103,375.19563494557747,198217
2023-05-12,379.1639099121094,382.2611125673345,373.98578806842687,377.47013367127676,259774
2023-05-15,376.55059814453125,381.00281535079176,374.42129741952664,381.00281535079176,126672
2023-05-16,374.4697265625,379.7930233538791,373.59864754042434,376.8894069222178,186506
2023-05-17,375.582763671875,377.17977629667706,372.7275586453068,373.93739879311863,131773
2023-05-18,377.47015380859375,380.0350092026907,374.5665372408353,376.5022816193409,114274
2023-05-19,379.551025390625,381.1480083946952,376.550616073732,378.43797842034036,185247
2023-05-22,380.03497314453125,381.14802014914176,377.2765317594619,378.05084715966524,117051
2023-05-23,379.1639099121094,382.21270123818545,378.4380058088954,380.3737500841327,168652
2023-05-24,376.35711669921875,381.3416526989005,375.72800566691024,378.438036053985,105946
2023-05-25,371.22735595703125,378.82515833690684,369.9207521678933,377.47014321739545,165735
2023-05-26,388.8426513671875,395.1822023811033,364.88781472415604,372.6307922249339,1026739
2023-05-29,385.98736572265625,406.1191222934185,383.6644786860213,388.21348918297775,943023
2023-05-30,387.1004943847656,395.8113440988031,385.2131317985448,395.8113440988031,326569
2023-05-31,379.067138671875,388.1167495884042,377.2281874116722,386.90690934654515,122569
2023-06-01,374.9052734375,387.0520567885318,373.79222640143587,379.06711175917036,207307
2023-06-02,383.32574462890625,385.2131070940869,375.58276760188943,376.0183218745044,268576
2023-06-05,382.11590576171875,386.8585028365087,380.7125088930901,386.8585028365087,277136
2023-06-06,381.728759765625,384.72916925719176,380.61571273054255,382.5998387697281,130469
2023-06-07,381.7771911621094,384.43883964279127,379.6962423566117,384.1484602680844,157237
2023-06-08,377.3249816894531,383.37418291720144,376.5506662100321,383.1805966630674,129369
2023-06-09,370.4530944824219,379.5027057024791,367.98503212109546,376.5022958946103,420947
2023-06-12,363.19403076171875,372.2920232264748,362.22615859446563,370.45307201611683,292648
2023-06-13,367.7430114746094,372.6307537018275,359.0805444763065,364.5006340739373,1209187
2023-06-14,367.3074645996094,370.35625582917964,364.4522300691679,370.35625582917964,726028
2023-06-15,369.38836669921875,375.72794643006273,361.6938015255788,366.8718934296132,2947982
2023-06-16,390.052490234375,391.9882346027838,370.79183967613034,371.6629187344913,1700645
2023-06-19,402.77996826171875,403.6026654536391,389.8104880370579,392.9560723601378,1834836
2023-06-20,400.3603210449219,408.87761394470954,398.61816293709353,406.0223792010363,1264357
2023-06-21,401.76373291015625,408.296869882617,396.82757906798537,402.44122568873576,1002044
2023-06-22,404.3285827636719,410.6197516157697,402.1024886770057,404.3769645553811,399360
2023-06-23,396.73077392578125,405.00609822910263,393.9723324913408,401.0861984421253,301106
2023-06-26,405.6835632324219,407.76448222933146,396.0048427471578,396.7307467835526,565167
2023-06-27,404.1350402832031,411.29731845852103,401.8605641585426,408.4420835477835,306965
2023-06-28,399.1988830566406,406.9418603143309,397.79545661383855,404.13500742872685,331091
2023-06-30,411.0553283691406,414.2492947615684,399.1988941148668,401.86054262092824,463950
2023-07-03,415.31390380859375,420.9275499005934,409.458260166257,413.1361916895594,751662
2023-07-04,410.32940673828125,423.831205407526,406.6998862029283,415.2171492443777,470421
2023-07-05,408.6356201171875,411.24885711404886,403.60267328772323,410.4261599061597,233471
2023-07-06,413.2330322265625,415.7010944298685,406.8934518302179,411.490844609128,732820
2023-07-07,407.57098388671875,413.1846307569354,404.0866381058085,413.1846307569354,169609
2023-07-10,411.68438720703125,415.7010503542543,404.2801718450471,408.4420098940519,197787
2023-07-11,406.4579162597656,413.2814030193616,405.5868077056779,411.05530891630417,347246
2023-07-12,411.6360168457031,414.68483777208087,406.45792443181597,409.02277974224046,272115
2023-07-13,401.5217590332031,414.5396214592821,399.7311896853015,414.5396214592821,386914
2023-07-14,400.3603210449219,406.50631529066806,398.7633378565601,401.521779474884,123789
2023-07-17,404.9576721191406,412.70064875444774,400.69904087714406,400.69904087714406,523604
2023-07-18,399.58599853515625,407.9580862119167,396.82755716936146,405.53840598527427,490503
2023-07-19,400.21514892578125,402.9735905634061,399.29565853420127,399.58603791228103,567144
2023-07-20,402.9251708984375,407.9097361831216,399.4408547304643,401.6185671040048,517418
2023-07-21,407.1354064941406,409.40991191218654,400.2635084482391,402.63480698692575,239834
2023-07-24,407.2322082519531,410.3294109554648,405.3448457393266,408.82919139649874,117928
2023-07-25,409.9422607421875,412.26517766461257,403.6995027402381,407.0386441262718,449255
2023-07-26,420.58880615234375,423.83118357096185,408.5871981078777,412.02316175991956,1021474
2023-07-27,435.49407958984375,440.2850289427756,418.79828523687405,421.9438696801872,982121
2023-07-28,435.5908508300781,438.25249925197244,430.99345810135156,435.54246903725294,611320
2023-07-31,448.02801513671875,449.09268041581703,435.6392633538867,437.7201825820113,1948590
2023-08-01,447.3988952636719,452.2866377399709,445.2211829557362,446.67299116102663,728559
2023-08-02,430.945068359375,446.86657680422985,425.2346286669767,443.28543808780177,435638
2023-08-03,435.5908508300781,442.94668510346344,428.13825297104245,433.12278865371263,1536375
2023-08-04,435.7360534667969,438.97840153753674,433.6551047159336,437.86535447316976,219626
2023-08-07,444.9308166503906,448.076400978682,435.30047743046913,437.91374391804845,2124465
2023-08-08,476.7254333496094,486.6461232550721,448.26999699160757,452.2866606556646,5030324
2023-08-09,498.599365234375,500.5834913410854,468.4501239186002,471.35374038917,2942499
2023-08-10,497.48626708984375,500.5834696725634,482.96818536543196,498.5025209957074,875837
2023-08-11,502.90631103515625,505.3744321078443,491.04990754754846,497.4862509964025,790980
2023-08-14,500.6318664550781,503.341896643276,488.7270508994114,503.29351485092434,347769
2023-08-16,493.1792297363281,503.4387097112191,488.96900962007106,503.4387097112191,294078
2023-08-17,492.74371337890625,508.1328745286365,485.8718152635724,493.1792381205197,527252
2023-08-18,511.6171569824219,516.795308046091,491.2434615481464,491.96936560690364,1199288
2023-08-21,518.1987915039062,520.5216493034812,508.27810160717354,515.5371429950267,489428
2023-08-22,521.1991577148438,522.6025841604908,513.0690079480963,517.7632233646241,284034
2023-08-23,516.4566040039062,529.0873840043321,512.972287567106,524.5867544554179,437780
2023-08-24,500.0995788574219,522.6509893613138,497.4863120957691,516.7469925556285,287139
2023-08-25,495.84088134765625,508.13286923738696,493.1792329849842,500.0995423576222,171497
2023-08-28,497.92181396484375,507.4553305259935,491.7758202186566,497.34105525995307,171913
2023-08-29,502.2289123535156,522.2154380038832,496.034506592714,497.9218692131326,582013
2023-08-30,503.2935791015625,505.71325977032,499.4220900315505,503.2935791015625,330587
2023-08-31,507.69732666015625,520.7152189487199,505.1808826889801,505.1808826889801,630664
2023-09-01,518.3922729492188,527.4902943157305,515.440274860095,527.4902943157305,1466540
2023-09-04,506.6810607910156,521.6830788278079,505.22925259390666,521.6830788278079,358083
2023-09-05,504.69696044921875,517.8116166830749,503.5838838117034,511.0365114180628,435146
2023-09-06,511.37518310546875,513.9400677133885,505.2292191080769,509.8749932160652,381861
2023-09-07,512.6334838867188,521.6830644360209,509.48789954642734,514.3756418603429,222044
2023-09-08,522.4089965820312,524.5867089346197,512.6335114289926,515.1983371997263,729424
2023-09-11,549.41259765625,564.5113781396842,522.6509116081088,522.6509116081088,2330074
2023-09-12,540.7501831054688,559.7688354466143,532.5716516067038,554.4939794779067,556808
2023-09-13,547.1381225585938,551.1064338759969,522.6509686213644,539.1047954112963,557700
2023-09-14,542.9279174804688,554.9779380760208,540.0726827015196,546.8477880400692,130236
2023-09-15,530.1035766601562,557.4943460852639,527.6355145470199,547.7188612158901,726845
2023-09-18,532.1361083984375,540.0726720243945,528.8937602516386,537.4594053449144,430441
2023-09-20,525.2158203125,533.9750510296359,516.0694171244816,532.0876886139773,334226
2023-09-21,508.0361022949219,527.8774808672923,504.5033454072239,527.8774808672923,241268
2023-09-22,500.6318664550781,512.3430957671105,495.8892693200611,508.1328755706448,165545
2023-09-25,498.40576171875,517.8115859764813,495.59890893142995,501.4061416713531,469425
2023-09-26,503.14837646484375,509.77833696593507,498.4542195800462,499.373710052371,235719
2023-09-27,495.550537109375,507.5037344431621,493.22764987409755,504.21300460220664,199060
2023-09-28,496.22808837890625,500.68027686584094,491.5339023050395,496.47005642872296,1057804
2023-09-29,521.1506958007812,531.3133519097094,499.71230714130706,508.13280544640565,2698010
2023-10-03,517.472900390625,527.393590537075,514.6176655580199,521.5863572806165,332164
2023-10-04,521.1991577148438,535.2816858159701,513.1174488154378,517.7148415715111,556601
2023-10-05,513.2142333984375,526.4740943364494,510.1654123426158,523.328509690443,302251
2023-10-06,509.92340087890625,517.5696142279055,506.4874666806443,513.3109532861951,201476
2023-10-09,490.8563232421875,508.6651637438212,485.43623364505237,508.6651637438212,246108
2023-10-10,500.3415222167969,506.7778366013982,489.3077560228688,490.71118246211296,342458
2023-10-11,503.14837646484375,509.9234823620483,501.3578363931338,501.3578363931338,357192
2023-10-12,501.50299072265625,517.5696451856852,496.712011645222,506.43911518169193,462689
2023-10-13,493.5663757324219,502.66433777945616,492.64688544768467,499.4219899626823,268645
2023-10-16,483.5973205566406,497.82502363697733,480.20976798459174,495.55054768257884,376751
2023-10-17,484.27484130859375,498.4057807562526,483.016589777948,490.7111852671003,506494
2023-10-18,487.0816650390625,493.27604096224076,480.83887778556414,485.87182483777326,338324
2023-10-19,488.67864990234375,491.96940935390916,483.11338495699584,486.54934886291403,187472
2023-10-20,493.3728332519531,504.50336308500357,488.04953637527683,492.017818136222,563202
2023-10-23,481.0808410644531,500.0995524701794,473.62824322053984,494.5826693920564,365569
2023-10-25,494.0503845214844,498.40580949392023,481.03249140013537,481.03249140013537,497796
2023-10-26,482.4842529296875,492.64691021306106,479.2418754128076,492.64691021306106,265351
2023-10-27,488.63031005859375,496.0345268445574,482.91986970575783,482.91986970575783,124817
2023-10-30,491.4854431152344,497.92181624331954,485.87179672095283,488.63023812768756,161213
2023-10-31,493.51800537109375,499.8575857014702,491.5822610632745,493.51800537109375,272123
2023-11-01,495.16339111328125,503.0515431210809,490.9531414106172,493.5179966658128,226042
2023-11-02,494.7762756347656,500.2931589358667,492.64694500066327,496.51843376294744,538039
2023-11-03,492.45330810546875,505.22923152201986,489.8400711819325,495.840860424103,426479
2023-11-06,502.1321105957031,506.97147183713093,492.6469743773514,492.6469743773514,281684
2023-11-07,495.550537109375,527.7322858572006,490.56600148142024,512.0043635368347,658870
2023-11-08,494.1955261230469,499.3736480374293,487.0332781143012,496.9055858676493,433244
2023-11-09,502.1803894042969,505.0356237660243,489.84005030657437,493.61474539333653,212264
2023-11-10,496.5668029785156,503.48711259548435,494.0987407699269,502.2288905944615,136261
2023-11-13,493.7115783691406,501.2125578235551,490.90475510553995,501.2125578235551,244416
2023-11-15,491.809326171875,499.95493943185306,490.3948373763085,499.95493943185306,308463
2023-11-16,488.73638916015625,495.76015755930496,487.8584255529029,492.2482733597306,359134
2023-11-17,480.2493591308594,490.49233779409394,474.1035838411434,488.7364105029071,385172
2023-11-20,479.907958984375,487.12681431365206,477.0301577807447,482.2979695199164,249343
2023-11-21,482.0540771484375,486.10248654366353,479.9079471147398,480.3469140493189,139050
2023-11-22,480.44451904296875,485.61477302495143,478.5910334515352,485.22457023263354,704848
2023-11-23,482.8832702636719,485.7610713583163,479.9567049893466,483.7124697121763,771991
2023-11-24,491.3703308105469,498.39406974014275,482.8832794454028,484.2490039786108,666729
2023-11-28,487.51702880859375,495.565083811437,483.9563801250849,491.66299653733114,293417
2023-11-29,488.4437561035156,493.12624863335253,483.663675673212,487.7608789647404,978275
2023-11-30,493.7603454589844,495.5650667151105,486.2488455778053,489.71193600587696,243273
2023-12-01,503.17413330078125,504.97888435821477,491.27278518492994,495.0773142566319,578929
2023-12-04,496.6869201660156,507.27133768529245,491.66298883343734,506.783576783672,756182
2023-12-05,497.32098388671875,506.2957960329063,496.7844588241956,499.9061403804074,585426
2023-12-06,488.2486572265625,500.83291216833254,486.78537453757184,497.2234696272638,286677
2023-12-07,488.9315185546875,494.93097143113334,480.10302875469995,492.63848933851506,1204085
2023-12-08,485.7611083984375,492.24832263040753,484.151473558372,491.6630035767986,756989
2023-12-11,495.3211975097656,497.51612157554007,482.15165311511896,486.7366175162952,401284
2023-12-12,483.2247314453125,497.4185617817567,482.4442961399689,497.4185617817567,296688
2023-12-13,491.321533203125,493.6140153153224,483.22471442534743,483.22471442534743,241429
2023-12-14,491.5653991699219,495.8576888747614,487.7121061566086,495.5650442607845,782064
2023-12-15,486.24884033203125,498.63794900391485,483.76124194510646,494.00422057576145,475889
2023-12-18,482.93206787109375,488.54131836848006,481.9565460454614,488.54131836848006,271432
2023-12-19,487.8096618652344,496.05283294431376,480.93224511611936,485.2245350616233,588084
2023-12-20,485.6635437011719,501.32068676355067,482.00533687873246,490.29727234292847,511757
2023-12-21,481.8102111816406,487.66334198304685,478.00568211483915,480.1030480312305,243276
2023-12-22,482.639404296875,488.6876512867384,480.29815796132095,483.8588065310763,257331
2023-12-26,490.2972717285156,500.44269268258796,481.3224590938189,485.3221045021199,856701
2023-12-27,486.93170166015625,492.63851015767955,483.1271725853283,492.39462970710645,288965
2023-12-28,519.953125,530.4887486452457,483.85881801125703,488.73642706378985,2497121
2023-12-29,549.950439453125,560.925060196092,513.9536595997419,519.9531427556818,4641172
2024-01-01,558.6813354492188,574.1920960302921,553.4622582002831,555.9498863727837,2442680
2024-01-02,550.389404296875,560.3397384354513,539.951309264654,557.998462329507,997994
2024-01-03,530.7326049804688,560.2909025874126,524.9282385634899,546.3897174193878,1190793
2024-01-04,545.6093139648438,555.2182391224694,536.5369734135306,536.5369734135306,1030036
2024-01-05,550.9746704101562,555.2669899103885,543.9021377493767,548.4871018652789,605066
2024-01-08,541.170654296875,554.437725385227,538.4879696653898,551.1697515596834,602310
2024-01-09,537.9514770507812,545.4630063796199,532.5373432857058,544.3411325587936,316217
2024-01-10,534.9273681640625,540.9756153787148,527.3183098480735,538.3905182708053,444249
2024-01-11,526.050048828125,540.5365214884475,523.8551251195237,535.4638565503507,460172
2024-01-12,511.9050598144531,532.1471369771971,511.17341847122145,532.1471369771971,686812
2024-01-15,522.1480712890625,526.3428033444854,507.8078881562703,516.1974118082449,512118
2024-01-16,514.7340698242188,528.5864308965432,512.9293188809075,523.0747687913216,639895
2024-01-17,502.1498107910156,518.9775606426815,499.9548868973201,515.1730020771607,603094
2024-01-18,496.1503601074219,504.9300259471242,492.00439273590877,504.9300259471242,706123
2024-01-19,488.15106201171875,505.7592468940054,485.80981584129444,498.00383732325463,700541
2024-01-23,486.68780517578125,500.4426680890668,480.2005913583687,500.4426680890668,518113
2024-01-24,484.931884765625,495.27242162982,482.9808411976849,487.7121278040521,1035664
2024-01-25,480.44451904296875,492.19954562097183,479.1763525252944,485.1270120919129,1000614
2024-01-29,487.3706970214844,490.1997042861376,481.8102108556852,481.8102108556852,711353
2024-01-30,485.8098449707031,499.4671498493976,482.9808377713717,489.7606962595292,802338
2024-01-31,487.61456298828125,499.467146546953,486.1024863815149,487.56576903741416,1096425
2024-02-01,486.3951721191406,496.0528319192074,483.3710486056387,490.68746205577446,1076914
2024-02-02,489.1754150390625,492.68726967763496,484.2002479403348,487.5657802640605,570238
2024-02-05,490.7850036621094,496.97957279540236,486.78535848994346,494.1993298238625,309361
2024-02-06,490.1996765136719,498.44284716128044,486.7365862296107,491.7117233091215,850786
2024-02-07,481.02978515625,492.63848813035804,479.9567052675963,491.12644131263795,390799
2024-02-08,473.7621765136719,484.7855911882948,472.1525714288228,479.02998850525256,386923
2024-02-09,472.6890869140625,480.737141945089,463.86062633370733,477.66425416008246,685529
2024-02-12,471.0307312011719,475.7132241726933,463.909403834218,473.6158581494194,393865
2024-02-13,458.4952087402344,471.12822693183307,456.5441652987866,471.07943298346066,357787
2024-02-14,453.3249816894531,463.27528595272065,450.6910609832741,457.5684776030408,324325
2024-02-15,449.86187744140625,458.4952514277217,449.3741165356321,454.54439999917616,1049919
2024-02-16,452.66644287109375,458.1771707905173,451.928399757717,453.79810297206126,387468
2024-02-19,467.771728515625,475.2997622216206,449.36984165114603,454.5361434144245,1497677
2024-02-20,459.21038818359375,470.67465109908375,458.3247425134491,468.41133104970856,489656
2024-02-21,460.2436828613281,469.1001999398831,458.5707731785143,462.85142910602593,697750
2024-02-22,454.09332275390625,464.52430770915015,452.6664274376068,461.0801066308205,276243
2024-02-23,451.0427551269531,458.66920065043024,448.7302140265272,454.4377354381283,448313
2024-02-26,462.1134033203125,466.19723589769154,452.66644540989574,454.3885460174334,1248367
2024-02-27,461.7197570800781,464.3766941161856,458.57076129908097,462.3101675118468,853538
2024-02-28,459.0627746582031,463.4418420773299,446.0732050348764,461.67052074812256,3324253
2024-02-29,458.5707702636719,461.9165595769822,449.6650623814862,461.9165595769822,864281
2024-03-01,447.7461242675781,459.4072106530644,444.99077551527415,458.5707558432778,561229
2024-03-04,450.59991455078125,453.55208699382774,445.13840754356573,452.666441267124,328773
2024-03-05,451.6331787109375,455.6677902312852,446.81127318087306,450.5999003697594,902936
2024-03-06,440.02130126953125,452.4696225294244,438.6436267877933,452.07600553907804,755995
2024-03-07,443.0226745605469,444.8431568122818,433.9693340375921,440.02128132918523,672010
2024-03-11,437.8071594238281,450.1078777152992,436.3310732288516,443.0226819980422,415629
2024-03-12,436.7247009277344,439.7752851451084,425.1128345879831,438.1024054350364,443203
2024-03-13,430.3283386230469,442.97348367720093,426.73653470513324,436.77393335483225,1599397
2024-03-14,428.01580810546875,436.1342822237988,426.0968840287159,429.0490564353814,349212
2024-03-15,416.3055114746094,429.98393468741824,410.4503873947937,429.4919059396496,904432
2024-03-18,420.3893737792969,423.68594236194406,411.6312380509791,416.50233466252433,596980
2024-03-19,421.3241882324219,423.1938913679926,413.99297830038546,423.1938913679926,457960
2024-03-20,417.191162109375,422.35746364967224,414.38659240986084,421.17658271375586,548534
2024-03-21,421.2750244140625,424.12878517585676,416.3055159890786,418.1752492757161,1159886
2024-03-22,417.48638916015625,431.3616057430505,412.9105278485239,423.14471971447773,1129009
2024-03-26,428.3110046386719,430.8203391209758,412.1724684827355,417.240358338419,759976
2024-03-27,430.77117919921875,433.82176351614896,425.1128484615934,432.00125109870254,687739
2024-03-28,422.5050964355469,431.60762837096405,419.55292391595214,430.7711734842019,699523
2024-04-01,432.8376770019531,433.67413184378074,425.11281998445156,425.11281998445156,201226
2024-04-02,436.2326354980469,446.27003303856645,430.0330858607575,431.55836282564735,1719307
2024-04-03,431.3123779296875,439.33247035066813,430.5251439645726,439.33247035066813,613591
2024-04-04,440.07049560546875,440.75931778924314,431.6075956840079,431.6075956840079,256738
2024-04-05,439.48004150390625,441.15292106778065,436.92148625386756,438.9880128031699,683649
2024-04-08,447.20489501953125,448.63176022317157,440.07047890818444,444.793942390174,349927
2024-04-09,450.1571044921875,451.68238156785026,441.4481898217606,447.7461516631196,627000
2024-04-10,450.74749755859375,453.65047901372617,442.9734498029633,452.42040721596663,840171
2024-04-12,447.00811767578125,452.6664482792722,441.64499230874753,451.1903620348832,1214741
2024-04-15,445.23681640625,449.2222371660587,432.0012313601309,444.74478766893776,191903
2024-04-16,436.3310546875,448.5333607079072,434.7073659482326,447.5001124277505,2226836
2024-04-18,432.2472229003906,440.4641083857542,430.2299171963714,439.2832274661507,298814
2024-04-19,434.9042053222656,435.6422484153358,421.3734152826449,427.08093652330115,212160
2024-04-22,439.7261047363281,441.84182237847796,434.9534198024215,438.1516067127334,171098
2024-04-23,433.0837097167969,441.8418154193442,431.6568143360956,441.8418154193442,383043
2024-04-24,439.23406982421875,439.8737011911051,430.9679928550257,436.03588295873533,2801395
2024-04-25,457.5867004394531,462.5069875409526,440.7101216875197,440.7101216875197,3652786
2024-04-26,472.5444030761719,476.28380940203215,452.666430423419,461.17852142408407,2305492
2024-04-29,478.8423767089844,480.85968253450204,466.886084309854,475.9886160176236,673970
2024-04-30,479.1376037597656,483.07383386669494,473.3316703582553,478.84239851416686,837763
2024-05-02,477.710693359375,480.613644771116,474.8077119165843,479.2359703696923,397038
2024-05-03,487.55126953125,495.6205225019317,477.2678572946465,481.4992922644266,1041482
2024-05-06,496.40777587890625,498.42508157077106,484.30385163457004,492.1271201099465,1397350
2024-05-07,517.712646484375,523.370977325333,496.26020417803363,499.901229079419,3055715
2024-05-08,526.1264038085938,529.4229726431457,515.9905627882304,519.582396943459,1174890
2024-05-09,518.0078735351562,529.127710875826,514.8588776351353,526.3723619865956,966786
2024-05-10,514.4652709960938,527.1104464493087,512.1035689323236,520.5664397695188,1701248
2024-05-13,510.6274719238281,520.566428865993,501.47571895537874,511.5130876559026,297274
2024-05-14,507.0848083496094,512.3003009906312,503.49300454731696,509.74177556284,177027
2024-05-15,518.4998779296875,523.2725323854678,510.7258002972408,511.7098577159253,332073
2024-05-16,514.0223999023438,519.5823486810633,507.8720406613274,518.5982912025007,221893
2024-05-17,508.1673278808594,515.3017449082724,506.39597629333525,509.840177616914,363676
2024-05-21,503.2961730957031,511.4638375658161,499.35994346556697,511.4638375658161,666484
2024-05-22,526.4215698242188,530.8006376965562,500.8852657747551,502.9025716303861,1214463
2024-05-23,531.6862182617188,537.2953576340545,526.5691076051651,529.4228981815409,826341
2024-05-24,536.114501953125,540.0507318647664,520.6647875375126,531.3910380715758,740696
2024-05-27,520.0743408203125,541.1823842624307,513.8256002960334,539.0666368075752,581813
2024-05-28,523.8629760742188,526.4707524241512,515.6461201313182,522.6329042227604,210139
2024-05-29,515.4984741210938,529.9149398713095,506.78958966336927,523.3709337663499,651758
2024-05-30,602.0955200195312,609.1315547331302,515.8921123890848,515.8921123890848,15603578
2024-05-31,615.5278930664062,635.8978929069224,583.5952189756418,597.0276262784283,10243411
2024-06-03,623.9907836914062,639.5389389196318,607.704645463006,629.7967464727915,1939673
2024-06-04,618.3324584960938,652.922100982954,594.3214933819074,619.9561772709285,2971089
2024-06-05,687.856201171875,733.1228467425562,620.5958942237586,620.5958942237586,8431074
2024-06-06,696.2205810546875,699.8616052931169,665.4195977497754,688.9877834954237,2688323
