Price,Close,High,Low,Open,Volume
Ticker,GLENMARK.NS,GLENMARK.NS,GLENMARK.NS,GLENMARK.NS,GLENMARK.NS
Date,,,,,
2014-06-02,518.3541259765625,535.0690534324585,517.0092838221792,533.1478000987693,161982
2014-06-03,519.36279296875,531.8989583295298,514.8478362377733,518.7383622280851,401761
2014-06-04,516.5770263671875,530.6021532350948,514.8959295821711,514.8959295821711,471197
2014-06-05,527.5281982421875,528.3447075191885,519.8912039252822,523.2533975185861,337402
2014-06-06,537.6629028320312,540.6408228532783,530.3621030067571,532.0912783811738,495488
2014-06-09,538.4793090820312,544.6753633010095,533.5801361453526,540.8328563288684,442061
2014-06-10,539.6321411132812,546.9809600792437,536.029790371537,543.4746485711418,1538229
2014-06-11,550.0067749023438,553.8012618836267,540.2564496164619,543.1383295568797,846040
2014-06-12,556.6832275390625,563.8879284994473,552.6966028881803,556.6832275390625,663518
2014-06-13,557.0193481445312,563.5996759777646,548.6138648273343,556.9713285376898,781022
2014-06-16,558.3643188476562,561.2942188158535,550.5351870961728,559.0847889364919,759533
2014-06-17,555.3383178710938,561.6784897960811,550.4391447476085,561.6784897960811,427509
2014-06-18,552.5045776367188,565.7612169539362,547.7974824365416,556.1069284637894,384488
2014-06-19,556.0108032226562,563.8879550364497,552.744707146114,555.6265876658915,384502
2014-06-20,552.6484375,561.3901742052858,550.3909885806739,559.8531365599653,259853
2014-06-23,557.7398681640625,563.6957657465166,551.4957942827162,553.2249693400768,634602
2014-06-24,563.4075927734375,569.0272358470205,558.460341523904,562.6391030945208,512526
2014-06-25,561.0060424804688,564.8005300078936,558.3643188215282,563.6477661394093,386251
2014-06-26,552.4083862304688,562.9272605907753,549.8627605895923,561.390281284284,643391
2014-06-27,547.2210083007812,561.9666042939862,542.0816204156453,554.2815909019317,1148168
2014-06-30,547.6533813476562,557.3557483782673,546.5967151928834,551.255732282583,628256
2014-07-01,548.5178833007812,553.7533109010689,546.1643359980459,551.3997635983335,383929
2014-07-02,552.696533203125,556.9713336270461,548.5178306257634,550.006790243444,555780
2014-07-03,583.868896484375,590.3531267088283,554.5697821368451,554.5697821368451,2309719
2014-07-04,577.0003662109375,596.9333673134621,570.2279020632812,593.090861076831,1157880
2014-07-07,566.2415161132812,576.3761177913775,562.5430675115801,575.7516868776326,273953
2014-07-08,540.4967041015625,575.9437986050009,533.7242381102477,566.8178438086563,600656
2014-07-09,540.3045043945312,546.4524801551047,533.1958432926167,544.1950308409569,445833
2014-07-10,543.34130859375,551.3912021726028,532.0136637170104,546.1370912913137,287830
2014-07-11,518.0347900390625,555.6329248291372,511.4792295875009,546.9082412166098,488256
2014-07-14,519.8182983398438,528.6876132172488,513.166297471483,514.9498339449095,344622
2014-07-15,525.747314453125,537.5569869393685,522.1803584078241,526.3739736725651,625062
2014-07-16,537.2196044921875,538.8103186476386,523.6746446263127,523.6746446263127,234954
2014-07-17,544.5946655273438,545.5587204786464,535.1951297521432,535.1951297521432,177771
2014-07-18,548.4989013671875,552.1141062814964,538.6173412680766,545.654928399686,375256
2014-07-21,550.4271850585938,556.8381151665466,548.740088897357,551.4394309870869,197845
2014-07-22,553.4639282226562,555.8740656192733,549.5113264287022,555.1992742212166,315507
2014-07-23,570.6240234375,572.6485148525061,551.9213379681141,558.139502801678,680070
2014-07-24,575.3960571289062,582.819290512506,560.6942221114859,574.2874294651191,1459987
2014-07-25,613.4279174804688,618.3446311431595,587.10923921494,588.0732937949316,2714382
2014-07-28,636.8063354492188,641.8676227444904,603.160860924437,616.7058180130607,2136358
2014-07-30,635.9869995117188,641.9641513800265,622.056395090912,633.4322306098751,1035396
2014-07-31,635.6012573242188,642.9762993781645,629.4313424967077,632.4198885555238,1615418
2014-08-01,655.364501953125,661.4862858046931,624.7075682427917,628.0335693789991,1077340
2014-08-04,646.3023681640625,660.2811629091397,641.0964486535394,655.8946664506267,591584
2014-08-05,647.0735473632812,650.736943573672,639.3129185452044,650.206725239747,457420
2014-08-06,642.7352294921875,650.7368711019368,640.5661065885145,650.5922393718688,242733
2014-08-07,645.0008544921875,655.2680616856186,637.3366070363678,643.0245539133247,510669
2014-08-08,635.071044921875,644.9044148050405,630.347153271353,643.458332729317,257465
2014-08-11,629.0458374023438,643.0246337890625,624.2255627862338,635.3121944032866,423221
2014-08-12,659.9918212890625,663.9444808470643,630.6364028713385,630.6364028713385,908211
2014-08-13,677.39306640625,685.3947087414965,661.2933409598926,661.2933409598926,1108681
2014-08-14,681.779541015625,691.371897687734,665.1977873030133,676.7664444735005,743337
2014-08-18,703.760009765625,706.4111604873449,655.5572693707192,655.5572693707192,869925
2014-08-19,693.8301391601562,710.3636410025255,687.7566066702813,699.9036716500312,519405
2014-08-20,696.6742553710938,722.0770769308992,692.4323905281955,701.8319252412479,1605602
2014-08-21,688.576171875,705.6881453447672,684.4789387906895,702.6031580777448,539410
2014-08-22,694.649658203125,704.7240423968813,686.6480153176179,689.2991659559099,1090414
2014-08-25,683.5147705078125,698.9396454416983,681.5866611410768,697.9755907583304,650278
2014-08-26,700.3377075195312,706.6522554693238,686.02145667083,689.1064441791902,706916
2014-08-27,688.817138671875,707.3270021721022,686.4070017276067,702.6031102248428,650891
2014-08-28,691.1309204101562,697.8793041151579,685.539355410166,693.4928076339178,619986
2014-09-01,694.55322265625,701.3497965452467,683.7076072457565,686.4069486463445,384958
2014-09-02,704.097412109375,710.7012229110351,689.7330306397984,697.4454691763452,594855
2014-09-03,713.3041381835938,722.4626583743593,709.3996693450707,713.3041381835938,574827
2014-09-04,743.0933837890625,747.383439161655,712.3882637753472,717.2567284569769,891896
2014-09-05,746.94970703125,756.7830785462131,744.250365143537,748.8778167855079,451762
2014-09-08,741.5028076171875,751.8663972016216,734.6579829124928,747.1425049243145,292821
2014-09-09,750.8058471679688,761.3622587248026,741.358122139124,742.1775451615619,950225
2014-09-10,742.370361328125,754.8548823251205,738.8997877045028,754.8548823251205,1500864
2014-09-11,737.7911376953125,748.8295770884882,735.670205335376,742.3703980637326,959607
2014-09-12,742.563232421875,748.8777797868484,736.5378897375041,742.1775869535804,264427
2014-09-15,738.6587524414062,747.1424223723558,732.6816012941811,747.1424223723558,154257
2014-09-16,700.6749267578125,761.603194050063,694.6013940671778,739.33355457066,742616
2014-09-17,708.4837646484375,715.0393243042793,692.1912180138502,706.6520373316882,282615
2014-09-18,718.4617919921875,726.8972709320487,710.8457360414201,710.8457360414201,312222
2014-09-19,718.4136962890625,729.4521362480824,715.1358862155689,719.1849284118729,291632
2014-09-22,711.6170043945312,723.0410291181055,706.6520991247618,715.0393868307777,132054
2014-09-23,682.2616577148438,724.5354411230389,677.5377652153146,716.0517698556364,365637
2014-09-24,674.741943359375,692.4323244931919,662.5948181992729,681.9723539875671,740534
2014-09-25,659.5581665039062,694.9389333560827,655.3163015158915,672.0426300666345,1355653
2014-09-26,663.5106811523438,669.4878323657693,651.7010104743689,663.2696674650382,1445640
2014-09-29,691.3719482421875,700.0966327279824,669.9217281700943,672.0908515481711,2213833
2014-09-30,695.854736328125,718.2208192460475,688.3351207270845,713.4005452913761,1526059
2014-10-01,677.92333984375,707.1341882016233,670.0180788004474,693.8784348440604,717564
2014-10-07,693.444580078125,699.903758766114,667.1258967853319,667.1258967853319,971743
2014-10-08,681.2011108398438,696.8670016318272,671.9943990964946,696.8670016318272,924284
2014-10-09,690.4077758789062,695.0834174947727,681.201006701798,681.201006701798,403378
2014-10-10,685.5393676757812,695.8547661490932,680.6709025411711,688.3351502257983,434156
2014-10-13,697.397216796875,705.6880639571468,675.8023672595081,684.4788598491451,736211
2014-10-14,708.3392944335938,718.2208565539671,687.7084972994411,692.7215942409512,627495
2014-10-15,708.3392944335938,708.3392944335938,708.3392944335938,708.3392944335938,0
2014-10-16,692.9142456054688,718.1242969994648,686.0212316605216,707.8089009835979,420474
2014-10-17,684.5270385742188,696.0475041859863,677.7304646021445,693.1553400411692,983132
2014-10-20,681.2975463867188,694.119463598839,676.9111087669455,691.2272991671772,401578
2014-10-21,680.47802734375,689.0099472561119,677.7304948201613,689.0099472561119,465541
2014-10-22,678.887451171875,687.4193132342461,675.9470955868411,684.9609850841764,492106
2014-10-27,689.8775634765625,700.0001384676708,686.5998125937053,692.7697277597364,265795
2014-10-28,694.0231323242188,696.0476240376937,686.4070752283075,690.2632947520619,313671
2014-10-29,689.2510375976562,704.6277244648328,681.1529531940131,699.9038320891677,607033
2014-10-30,685.732177734375,698.3613311081233,682.5508086150099,689.877601668168,1064615
2014-10-31,692.239501953125,695.9511480479588,680.6226539757514,694.1194204851855,1738167
2014-11-03,701.5909423828125,708.0983128549307,689.3956245541245,691.4201751168612,732668
2014-11-05,737.935791015625,742.3222287810838,704.6758989468622,705.3024992897917,1288144
2014-11-07,770.7618408203125,775.0518966056336,738.8033994937069,742.7078686496517,1338017
2014-11-10,743.2380981445312,769.9906202237087,738.8516603466435,769.315770060671,445681
2014-11-11,748.4921875,753.8426799950157,738.4659938125258,748.9742149111047,630131
2014-11-12,733.983154296875,751.5289647602925,731.3802532117923,751.0951282990321,495640
2014-11-13,742.6114501953125,752.6858352954041,732.2960513791481,736.441534368592,666011
2014-11-14,743.2861328125,757.0239115317971,741.3098325544603,749.3596653201546,501558
2014-11-17,740.3941650390625,750.0347140630087,734.7062175784376,746.0821124996874,347396
2014-11-18,760.2535400390625,771.2437875481156,738.5141175457962,740.394036046191,694431
2014-11-19,785.5117797851562,800.1654234036869,753.8426055399485,760.6391795969987,1552063
2014-11-20,800.020751953125,804.3589980092836,774.7625664324725,793.32061900604,845514
2014-11-21,789.9464111328125,810.7699682310308,785.0296970671035,800.9365989408395,814431
2014-11-24,770.376220703125,796.4539519291409,765.2185507010374,795.1042515788102,737490
2014-11-25,788.9342041015625,792.6458503018935,753.2159863421133,773.8467821294219,484880
2014-11-26,779.9684448242188,805.9497308093448,777.9921444535182,795.8271564391317,559252
2014-11-27,780.6915283203125,783.4873106444775,773.1719130044755,780.9325420089049,591942
2014-11-28,790.0911865234375,795.2006657575025,776.3534041115572,781.6075151180335,667625
2014-12-01,773.0272827148438,794.8631464790512,771.2438049523844,788.644981533376,586304
2014-12-02,786.5240478515625,794.0437220089719,771.2438035306054,772.2078582850187,944096
2014-12-03,793.7545166015625,802.0936143740373,789.560901649443,791.6336430596207,840197
2014-12-04,781.7520141601562,799.3942041780895,779.9202866130765,792.9832166045423,370990
2014-12-05,789.7053833007812,796.2609430962267,781.8483144342794,781.8483144342794,1201333
2014-12-08,775.5820922851562,795.0560111561506,762.3745296600954,795.0560111561506,629298
2014-12-09,775.6785278320312,783.7766123074977,764.9775422706019,774.9072957013296,616579
2014-12-10,765.6041259765625,778.9562611239384,763.338561942068,771.774041254982,405838
2014-12-11,772.8828125,779.9204013870367,765.459578122753,768.7855792417863,460021
2014-12-12,778.7152099609375,798.1409363519183,767.001921427818,779.8238964394975,1065579
2014-12-15,775.8230590820312,780.1613054515486,765.9414979070193,772.2560447432927,350035
2014-12-16,739.2371215820312,772.5451992207393,727.861288053546,764.4953661277642,674668
2014-12-17,721.3058471679688,741.2617942379729,680.1888844710911,734.8989969529598,1300193
2014-12-18,706.3629150390625,739.3335986946596,696.8187496404422,726.9936510322567,1212475
2014-12-19,723.7642211914062,727.0420314106213,709.7372340674335,709.7372340674335,813698
2014-12-22,742.12939453125,749.0706010583391,724.4390119809744,727.5721901707294,427680
2014-12-23,768.447998046875,778.9562180897765,741.3580838007897,741.3580838007897,1107918
2014-12-24,749.2151489257812,770.2797210140153,744.346625518478,763.5795289440829,519497
2014-12-26,750.17919921875,761.6514150103544,744.3948709348798,752.9267316170963,154348
2014-12-29,755.1442260742188,778.9563949658034,752.7340887135572,773.1720653002158,539564
2014-12-30,745.8892211914062,761.5069209429224,744.5395209156169,753.4570279431007,456710
2014-12-31,742.5150756835938,755.8190211758389,740.0084977065831,744.8770218930163,651375
2015-01-01,747.62451171875,760.6392517680126,746.3712522229943,755.0959365618452,542911
2015-01-02,740.2493896484375,751.0468142286536,737.5982391812128,749.3597184767833,664807
2015-01-05,724.3907470703125,746.6603877787379,721.1611284226963,745.6963330495207,635339
2015-01-06,695.8065795898438,724.0051836120161,688.4315365398575,724.0051836120161,801647
2015-01-07,693.781982421875,704.7239796362334,677.3448028553246,698.9396514860043,537788
2015-01-08,714.171630859375,716.1961808097863,699.276975626502,699.276975626502,655401
2015-01-09,708.9658813476562,725.3548119742401,699.2288931412407,714.5573870873031,545646
2015-01-12,700.916015625,714.8948099269078,697.5418238969532,713.4005367870196,500417
2015-01-13,702.6032104492188,712.1473776464634,694.2641707372503,697.3973492117382,1507462
2015-01-14,693.0589599609375,702.8440800390177,690.2631777436401,699.9037249188307,486546
2015-01-15,689.202880859375,699.1808256727057,688.3352079011539,691.2755636176373,488103
2015-01-16,696.2403564453125,701.2534529439948,688.3350956790711,688.3350956790711,345285
2015-01-19,711.5206298828125,713.8825758994777,699.9037813680228,699.9037813680228,395115
2015-01-20,706.7968139648438,716.9193895626037,704.7240725678554,712.4365111185297,315498
2015-01-21,710.8458251953125,712.4365392456854,702.7959906767315,706.6522101043131,398382
2015-01-22,717.6422729492188,726.8007917152329,709.8815862903016,710.9902726247823,893181
2015-01-23,698.2166137695312,727.7649137465284,694.312204017906,724.9691315908699,872896
2015-01-27,708.4837646484375,709.978037543036,698.2165593962827,705.1095734742753,773451
2015-01-28,702.12109375,713.2077238659684,698.0720518524428,709.4961364505947,297871
2015-01-29,693.2035522460938,706.3629230446626,689.2991422992187,703.5671407491939,512234
2015-01-30,693.300048828125,705.5434979954244,690.0704298694485,698.8433640550275,614306
2015-02-02,690.6007080078125,699.4218339294986,689.5884621253014,697.7829288219255,261994
2015-02-03,681.00830078125,695.179858571653,678.7909277772576,694.1194218802733,269369
2015-02-04,703.80810546875,708.4838059588842,681.779479626616,684.3824390238457,606105
2015-02-05,715.4249877929688,725.8850168625969,707.7125499939717,709.5442775077258,1241458
2015-02-06,713.5933227539062,722.8482246233343,706.8449396454225,719.1848284184036,543071
2015-02-09,705.9291381835938,720.0043149441022,698.3130816096798,705.688124479878,442283
2015-02-10,720.3417358398438,726.8009145664413,697.6382577768725,707.1341737239246,814095
2015-02-11,721.9805908203125,745.214285632786,713.7378760343144,724.0050821607015,1450459
2015-02-12,720.29345703125,730.7534264726329,703.8080871715247,727.9576444443605,904171
2015-02-13,738.8516235351562,749.9864447261792,707.2788287805162,713.4005532346163,2058589
2015-02-16,742.80419921875,754.854883826452,737.8875434353009,743.7682539873662,752676
2015-02-18,752.4447631835938,758.6147373727142,743.2862426836012,744.2502974730742,511194
2015-02-19,744.3949584960938,755.8189846640233,737.5019429438493,755.8189846640233,275905
2015-02-20,760.1090698242188,770.2798368783318,738.7552310350884,747.1425201260415,761147
2015-02-23,764.2062377929688,767.3394158358353,750.2274434478717,762.0853055033969,735523
2015-02-24,779.1491088867188,781.8002596131179,761.7961223139242,768.0624785763223,1014708
2015-02-25,761.7960815429688,793.2724340870581,756.0599439645987,787.9701329180364,897360
2015-02-26,742.563232421875,774.5698645295008,739.4300542260021,774.1360280879787,1143637
2015-02-27,751.4324951171875,761.2176156351326,745.3107120810143,745.5999755822573,483393
2015-03-02,758.5665283203125,769.8941727052874,754.8549407179011,764.3026663941431,361810
2015-03-03,770.6170654296875,777.1726841608535,754.1799453196901,758.5663822344949,482077
2015-03-04,770.3279418945312,784.7405722814607,765.4594771394101,776.2087112175964,805908
2015-03-05,803.0576782226562,812.168008189228,775.2447197462777,777.5102250739162,1104275
2015-03-09,812.071533203125,828.7979192046457,805.9498087900772,805.9498087900772,930330
2015-03-10,817.8558349609375,833.5699746767108,808.841946460004,817.4702483603329,696665
2015-03-11,801.2259521484375,831.7383113008971,796.6949414838278,820.8926943757912,815411
2015-03-12,806.239013671875,819.4465761378736,795.3452062514656,805.949809001485,801007
2015-03-13,810.0950927734375,833.9072538718974,803.9733694173418,811.7339974105637,2181523
2015-03-16,785.126220703125,811.5412858433333,780.3059468993023,810.0952037021865,829495
2015-03-17,779.3900756835938,801.1294985634901,777.1727615232048,786.3794726325532,619415
2015-03-18,793.899169921875,796.2611160754398,779.1491424675305,785.7047036871015,481177
2015-03-19,820.8927001953125,829.5691937969071,793.6581508347516,800.1655210359476,1218763
2015-03-20,801.4669189453125,848.0308119578816,795.8754129816841,829.6173303292071,1390630
2015-03-23,764.881103515625,795.3452117252117,761.6032936520209,783.2945266990721,1249568
2015-03-24,780.4024047851562,787.391802480885,761.8925398089098,765.3631725901528,673502
2015-03-25,775.7266845703125,791.7781609864616,772.6898885460837,787.0543279769456,726346
2015-03-26,763.9171142578125,780.6916339487154,758.8075762953413,780.6916339487154,1212551
2015-03-27,744.0093383789062,770.7618607501595,724.0052000292304,770.7618607501595,1552301
2015-03-30,755.8189086914062,760.6391823437749,742.322142464774,754.8548539609325,667167
2015-03-31,757.8916625976562,770.0869198377541,751.9627023694046,756.7829761025419,572303
2015-04-01,759.96435546875,763.4349879091654,753.9390132193129,761.5550693590945,718711
2015-04-06,816.0723876953125,832.0756738289214,761.8924962005722,764.2062512556354,1544700
2015-04-07,813.85498046875,830.9187602374683,804.0698018359424,822.2422680338382,999962
2015-04-08,850.0552978515625,868.9507479049647,835.5944762266422,847.6933518845788,3076453
2015-04-09,833.714599609375,856.0324923102916,826.7733931118042,856.0324923102916,745268
2015-04-10,840.0291137695312,849.7661024073652,821.374677207475,834.871444203842,876273
2015-04-13,884.713134765625,887.8945039561781,831.1116505792717,841.5234898810638,2000624
2015-04-15,874.3978271484375,906.934681245747,867.7940743718514,893.678925872769,1418064
2015-04-16,846.1991577148438,886.8340938092213,830.0512387268362,878.5431866658588,1994681
2015-04-17,834.0521240234375,849.621575423731,821.3747784949126,847.4042609120048,1468381
2015-04-20,868.8062133789062,887.8944869989091,849.6696899450347,872.4696099174948,2994923
2015-04-21,854.7791748046875,872.4695560793051,840.9931446908901,871.891146760939,1149278
2015-04-22,865.7693481445312,888.4246345516915,842.6320343670059,858.9727739906295,1799052
2015-04-23,860.5635375976562,878.2539195762267,856.6108776274239,873.4336455939202,815845
2015-04-24,864.1787109375,877.0006274852211,853.1884631301774,860.9009012149701,1259860
2015-04-27,837.7154541015625,873.337291744965,831.0152612823725,867.7457266726276,854103
2015-04-28,830.0511474609375,842.1982138872874,786.6686833079269,834.8714212557165,1536548
2015-04-29,829.3281860351562,832.943391728422,812.1198304717068,813.0356355076767,546051
2015-04-30,858.2979125976562,861.8649268596167,812.2161083660259,827.6409840145201,1091326
2015-05-04,874.011962890625,896.088838941104,856.610787415313,872.4694989152223,1397412
2015-05-05,865.2392578125,883.893696268953,858.1534779563256,876.2776979951806,886831
2015-05-06,817.422119140625,862.8290783886029,812.4090222241979,859.8887229064758,1280955
2015-05-07,796.2128295898438,822.2423074484713,777.9921715523119,822.2423074484713,1350783
2015-05-08,805.7568969726562,823.3027040736184,800.9366235296022,800.9366235296022,976949
2015-05-11,837.2815551757812,842.0054470143599,812.1197495930021,817.518432687464,635186
2015-05-12,837.8599853515625,845.958069036094,818.3861258780779,841.6198225282166,657657
2015-05-13,857.044677734375,869.5773895572623,838.2938009695778,844.5119659114877,1168699
2015-05-14,880.8086547851562,883.0259689643424,853.3812851019264,872.4213666070555,931276
2015-05-15,865.9140014648438,885.9181378333634,849.3322477429325,883.4598099515028,1074308
2015-05-18,874.1085815429688,877.2899509154028,858.2016758395575,873.4337313509394,576971
2015-05-19,867.263671875,881.146084488779,863.3110707436559,872.3732093722666,465409
2015-05-20,874.3978271484375,895.6070357452022,871.5056623397877,888.8586511916861,1543838
2015-05-21,863.744873046875,880.7122132678503,858.5389538120677,877.0006259823972,705667
2015-05-22,853.5259399414062,872.9034777772454,844.0782141571793,870.1558861434662,720630
2015-05-25,840.7039184570312,855.7913985705842,838.7276180218926,854.8273438372257,257227
2015-05-26,834.8231811523438,845.2349601680326,827.3035662433034,843.5478644391543,328553
2015-05-27,831.111572265625,834.678586590962,821.3746428760055,830.7259856723003,698585
2015-05-28,826.6287231445312,837.5225296030648,819.9285311394608,833.9073244393105,647929
2015-05-29,843.8370971679688,848.9465754915333,826.1949072984535,835.9318365784304,808744
2015-06-01,834.919677734375,839.3061154635433,789.5609095348395,821.5675418117032,1463108
2015-06-02,830.2440795898438,853.0921921562477,822.3870087324627,841.7645472457696,1172117
2015-06-03,823.1099853515625,838.7276850482953,799.6834652270815,838.7276850482953,624491
2015-06-04,804.6001586914062,828.1231206970616,791.6818589352174,824.2669012758878,748417
2015-06-05,814.7709350585938,828.4604661002762,801.5633725740801,804.9857553345007,922907
2015-06-08,824.9417114257812,830.2922038448653,801.8525869932851,819.0609417890181,605530
2015-06-09,818.4825439453125,826.1949825219468,807.1067088130243,822.3387632336297,517080
2015-06-10,826.4841918945312,836.7995903176156,818.5307395672037,818.5307395672037,394746
2015-06-11,834.9678344726562,841.3306314248518,829.4245194010102,833.8110157915617,923236
2015-06-12,847.982666015625,849.3323664113451,821.4711562808782,842.5839821152277,666089
2015-06-15,857.4302978515625,862.8289807870337,848.8501872435567,858.0087071513519,760269
2015-06-16,889.5333862304688,897.5350293966925,858.4908095357193,860.9009465641744,1391076
2015-06-17,933.783447265625,954.1250386656836,895.6069010687265,905.2474489811993,3064611
2015-06-18,953.5948486328125,965.3080793897602,915.6110651925673,936.0490391425282,2055606
2015-06-19,952.7753295898438,967.9110014403753,936.8202347108414,954.510616429757,2022937
2015-06-22,947.2319946289062,953.4501596120139,941.0138296457986,945.1110623842729,596362
2015-06-23,962.6087036132812,979.672485090046,947.6658544335057,953.4501831482576,1025550
2015-06-24,943.6168212890625,967.4289864865244,938.0735062195084,963.0907399103517,746639
2015-06-25,949.3047485351562,954.4142270734644,936.0971863518524,936.0971863518524,971596
2015-06-26,947.2319946289062,961.5964341191093,930.6984907654498,947.4730083194047,698216
2015-06-29,939.3750610351562,941.8815800864038,907.2719877422302,907.2719877422302,478322
2015-06-30,958.4151000976562,964.0547971243396,949.8349888667556,955.3783039502206,1349302
2015-07-01,981.5042724609375,984.6857007114099,959.23462775508,967.0916987450479,1137665
2015-07-02,982.8057861328125,996.543509708261,974.9005241318018,989.0239520475628,939405
2015-07-03,982.6128540039062,994.9045526926968,975.0450473673019,982.7574857602684,366409
2015-07-06,982.371826171875,986.2762362838992,961.3554436216265,964.0547852520855,661947
2015-07-07,980.7811279296875,988.1561706913415,975.3824445824046,986.2280610899925,521376
2015-07-08,982.0826416015625,987.4331340009554,952.0041199179336,974.6112168629661,1058367
2015-07-09,999.869384765625,1013.8963104497253,980.6846721403222,984.2998773706256,1547285
2015-07-10,991.8196411132812,1005.6055543634168,985.2640212958579,1003.9667082502973,1007382
2015-07-13,1001.8939208984375,1007.1479723281175,994.3261144815485,1003.6773986885374,758710
2015-07-14,1015.9691162109375,1022.8621314912223,996.0613612745437,1002.1349535203823,1323049
2015-07-15,1036.2625732421875,1039.2511197160072,1012.2575841389682,1017.318872059663,901725
2015-07-16,1051.2054443359375,1060.3639655186178,1030.8156604822113,1041.4685137729518,738106
2015-07-17,1052.2174072265625,1062.0989674506409,1045.9993017682943,1060.460121608409,507068
2015-07-20,1043.155517578125,1055.688229667739,1037.9977303798864,1053.7118703036974,433498
2015-07-21,1014.523193359375,1045.999610711286,1000.9300422313297,1041.1793360075474,896018
2015-07-22,1019.9217529296875,1026.7183865048924,999.0500601575152,1012.257564159753,607027
2015-07-23,1014.6676025390625,1029.5622010330408,1008.6422604812296,1023.8261224669686,425252
2015-07-24,1012.739501953125,1026.718295649765,995.0972531802423,1018.6202123165981,1073863
2015-07-27,999.1464233398438,1012.257545150055,993.9405038568634,1012.257545150055,407681
2015-07-28,955.52294921875,988.1561810263956,947.4248652718929,988.0115492682876,1060000
2015-07-29,916.52685546875,953.1609356839799,895.1248284168693,953.1609356839799,2255849
2015-07-30,922.1665649414062,943.8096059785165,904.2833609886094,920.6722918380831,1548731
2015-07-31,975.5270385742188,986.2280229109529,935.2295023930428,935.2295023930428,1499411
2015-08-03,954.1731567382812,983.3358119454881,946.1233233828667,973.1650464431216,1215377
2015-08-04,957.1617431640625,964.1511401611709,939.9533892662957,962.1266487053981,893009
2015-08-05,994.9046630859375,1000.6889925224837,959.331013514682,960.8735366691727,777463
2015-08-06,1007.0036010742188,1009.365488525473,985.6979523058509,998.2788570851263,606914
2015-08-07,972.2011108398438,1011.9683139716375,958.8489160605199,1007.6300672109431,1004507
2015-08-10,1014.6192626953125,1025.6577589752162,976.6355450380348,977.0693813959476,893685
2015-08-11,1021.7534790039062,1026.7183848709976,1008.7869887280552,1020.2592646401038,555794
2015-08-12,997.1220092773438,1026.5738152465492,990.0843615816195,1005.7502533787971,483142
2015-08-13,1021.2715454101562,1027.634284279897,990.5664200620059,1004.5452162575282,858085
2015-08-14,1093.5755615234375,1141.826552337115,1050.8197537932085,1050.8197537932085,3793338
2015-08-17,1088.6585693359375,1099.0221554509353,1078.2467334218486,1096.9976644905394,1752428
2015-08-18,1117.7252197265625,1125.4376585479533,1078.7773801420433,1089.1409698082873,1409614
2015-08-19,1156.9620361328125,1183.5699226428771,1121.0509981170792,1128.908067555,2088405
2015-08-20,1177.4482421875,1197.886273441633,1156.962078805476,1160.7219158567875,2459542
2015-08-21,1182.702392578125,1217.5047448752937,1130.7879511013336,1169.8804175664227,2010452
2015-08-24,1083.934814453125,1165.5420635295459,1069.1365992177555,1117.2429494458293,2553120
2015-08-25,1144.76708984375,1190.5115712888205,1035.8288722585105,1125.0522116988896,2426117
2015-08-26,1154.1181640625,1161.8787341674135,1114.8329331169755,1144.3329848426433,1854894
2015-08-27,1151.5631103515625,1180.4847456052644,1136.1382382162549,1180.002718351036,2161962
2015-08-28,1132.5233154296875,1166.5062453031894,1116.616412084644,1161.6859715622672,2748772
2015-08-31,1113.29052734375,1161.1557538987117,1084.8026610016234,1139.7537844649362,14688709
2015-09-01,1084.0797119140625,1116.1827864719264,1065.9073009733863,1077.8133551977962,1614588
2015-09-02,1040.745361328125,1092.8524504013747,1033.5630827697773,1085.188262146374,1542727
2015-09-03,1023.922607421875,1056.1703119693666,1003.5810741245297,1050.8197606106987,1278237
2015-09-04,989.409423828125,1049.3253315971228,962.7532868089475,1045.9993898268797,2101237
2015-09-07,964.4404296875,1012.2575234491768,959.2345103161247,997.7967016856172,761403
2015-09-08,969.8391723632812,977.9854475574431,935.2295799521918,965.018898146764,1045727
2015-09-09,980.7811279296875,1008.2566897489102,969.8873204503129,990.4699257494543,659716
2015-09-10,966.2435302734375,979.4771085212169,941.8049120396316,961.1239871583933,706894
2015-09-11,968.5134887695312,983.8721170330786,959.2885838842479,973.6813174170159,567376
2015-09-14,995.7052001953125,998.7962051150632,967.5959099188543,972.2324762556201,524442
2015-09-15,978.8009033203125,1004.6402245682211,971.0732734763434,998.79615733301,400339
2015-09-16,983.92041015625,996.2846646181099,977.6417111386728,990.8270026584389,431240
2015-09-18,981.8436279296875,995.8498973054819,967.0162035960662,995.8498973054819,940908
2015-09-21,988.025634765625,993.0003194820691,966.9195717913922,975.5165825759859,280055
2015-09-22,981.1674194335938,1009.7113969406852,973.39150434691,996.8641662372323,1426369
2015-09-23,975.2752685546875,982.761410434083,956.197681184615,977.5452363804221,559268
2015-09-24,971.5563354492188,986.9150246923722,967.5959483901123,986.9150246923722,894688
2015-09-28,964.552978515625,980.9259042179264,961.1238549451864,977.5450665372147,371516
2015-09-29,973.053466796875,985.2245191749637,938.907026007939,957.5016353193101,1020949
2015-09-30,1013.4786987304688,1017.9704075672498,973.0535550280081,980.6363278739718,1287305
2015-10-01,1001.7424926757812,1036.4684866036357,998.9412029129137,1031.155740400169,978769
2015-10-05,1017.245849609375,1023.8626090778608,1009.4216479782358,1009.4216479782358,558590
2015-10-06,1020.9646606445312,1038.30359936716,1010.9670639749255,1020.5300286688254,699342
2015-10-07,998.4097290039062,1029.658307874788,993.0004118219715,1027.6781735219547,726135
2015-10-08,956.6806030273438,993.9663936272002,951.8024894983519,990.1025786859866,1289574
2015-10-09,981.6022338867188,985.2728464251098,965.9537710050097,966.9197247760147,564902
2015-10-12,1001.1144409179688,1006.5237580694611,980.6362106322302,992.517429382314,815361
2015-10-13,989.233154296875,1009.1801216578915,975.7581474332669,1001.6939805304938,931190
2015-10-14,979.7669067382812,988.0257997614339,970.7835483805164,988.0257997614339,369677
2015-10-15,978.124755859375,993.9664211396951,976.1445624386197,986.1422192500223,734198
2015-10-16,985.2728271484375,990.0060241166137,973.7779539155172,984.2103016039758,450285
2015-10-19,1004.3987426757812,1008.4557012045726,979.4770891009929,985.2728115217088,918885
2015-10-20,996.6226806640625,1012.2710826641022,993.2418428813397,1006.620277381547,432045
2015-10-21,983.38916015625,1001.404161427344,980.6362156726528,993.9663650450958,463222
2015-10-23,993.53173828125,1009.9046065444543,989.1366017231193,991.3583424278544,905290
2015-10-26,972.8120727539062,999.8587798310875,966.9197780092344,998.1683606387637,543610
2015-10-27,970.7835083007812,981.9885480973184,961.1239709047536,973.1983926497882,438637
2015-10-28,952.430419921875,978.0281948994913,948.9530099228659,970.5903390579635,978021
2015-10-29,910.6528930664062,961.7518697579465,895.9220984556794,959.1920687509322,2232842
2015-10-30,957.7431640625,967.8373927621004,934.4153569071689,941.2253781592551,2276059
2015-11-02,950.49853515625,965.953795890498,937.409873013362,962.5729576048813,528136
2015-11-03,946.5380859375,961.1239637135136,944.7027502631319,961.1239637135136,580501
2015-11-04,953.34814453125,960.7860008154053,946.8279561772364,949.5326151104356,824619
2015-11-05,933.4010620117188,952.9133388252131,929.2474728331019,952.9133388252131,534179
2015-11-06,929.2958374023438,946.6347198273443,917.9458803023731,941.6600341964156,723522
2015-11-09,930.1650390625,934.0771393853561,901.7659793907864,907.9963919568095,878897
2015-11-10,916.20703125,938.9069418819188,911.135774619465,931.2758845121658,331579
2015-11-13,907.5618286132812,917.1730801599393,891.092329065344,908.2862939214644,676901
2015-11-16,931.5657958984375,936.0091594502279,906.982261807724,907.8032988910538,551832
2015-11-17,939.5349731445312,944.9442907610227,928.4747905080086,937.2649463740922,570149
2015-11-18,946.6345825195312,950.6915996646128,933.1595172320359,933.1595172320359,760797
2015-11-19,943.1088256835938,958.5157982429823,938.4239740486023,951.754122670836,483099
2015-11-20,934.511962890625,947.5523384550875,927.3155956951052,943.7368093688727,505879
2015-11-23,932.8214111328125,939.8728606805107,927.3154637752212,935.0430926400148,218376
2015-11-24,932.53173828125,944.992505806916,928.2815183604291,935.0431943526487,269888
2015-11-26,920.3123779296875,938.2308070835198,912.8262368339593,933.1112643191584,1757389
2015-11-27,918.3804931640625,929.2474724415757,914.6615949497234,918.187290629924,596340
2015-11-30,948.0835571289062,951.4643950809706,918.2839090485644,920.0708998118015,1085814
2015-12-01,949.9671630859375,962.0415841456572,947.9869698235702,955.2799083522142,965503
2015-12-02,945.91015625,956.2458725825298,940.3559225012765,956.2458725825298,392153
2015-12-03,925.3837280273438,945.5721857602745,922.1478064234655,941.8049424077873,483659
2015-12-04,922.2926025390625,938.0376364258788,915.7241290168666,915.7241290168666,440829
2015-12-07,923.5484008789062,936.2024309822453,921.5199214899294,922.8722803873412,387802
2015-12-08,898.0471801757812,928.7162106116243,896.405047069679,922.5823691501741,635921
2015-12-09,852.3575439453125,893.4588609066313,846.2719886446517,893.4588609066313,2287452
2015-12-10,834.3907470703125,862.0653425927215,828.7882277186524,852.9370688526458,976342
2015-12-11,838.1098022460938,853.4684316338063,826.373440496053,843.2776312718344,618374
2015-12-14,824.58642578125,845.4027168860628,819.3219661575948,830.7202083882386,837565
2015-12-15,832.2656860351562,838.254610778802,824.0550795684047,825.0210332703755,586758
2015-12-16,838.8824462890625,850.5221758019101,835.8396687553004,839.848399924272,403467
2015-12-17,863.7075805664062,866.460525207454,841.8287042567405,848.0108319213438,500419
2015-12-18,881.7225952148438,890.8508701923029,855.8350458014424,862.5967222355396,1002235
2015-12-21,897.6124877929688,901.9592795014092,876.1200176790128,876.1200176790128,752519
2015-12-22,906.1610717773438,918.573611229416,891.9616006595016,895.4390101256812,712906
2015-12-23,914.4201049804688,918.8151825783187,907.9964892132864,917.5594545442381,438328
2015-12-24,895.6806030273438,924.5626433592065,891.5752996432874,917.7526223446504,399727
2015-12-28,892.4930419921875,901.5729725077091,885.0068999021871,895.9221662548883,646591
2015-12-29,901.9110717773438,905.726601065767,893.5555478529664,898.3370309380973,458519
2015-12-30,896.4533081054688,905.0986054020701,892.5412074615931,904.1326517143411,247881
2015-12-31,890.5127563476562,900.2205794236618,887.8080387711203,894.5697147981879,409625
2016-01-01,892.2997436523438,896.3567610441389,889.6916568321087,890.5127528636075,112028
2016-01-04,898.8682250976562,916.6417971827506,889.2086878681782,895.245898636602,574348
2016-01-05,903.2150268554688,911.1358592628039,898.2886863967225,907.8999378379403,488035
2016-01-06,876.0716552734375,921.519761708847,870.8071962060017,898.3851605118372,1068823
2016-01-07,836.7573852539062,868.2957968639347,831.6861283735795,864.5285538842668,1052693
2016-01-08,829.46435546875,851.9710622142775,825.8903154117996,837.5300443229614,1375826
2016-01-11,813.7677001953125,832.3140228863235,808.8413009883297,818.4042661287816,724929
2016-01-12,820.432861328125,828.7883855343765,815.7480088389055,816.9071652254871,734498
2016-01-13,841.9253540039062,846.6585514625959,821.1573461813782,825.8905436400679,884907
2016-01-14,836.3709716796875,844.243517768044,822.5095599307659,822.5095599307659,637380
2016-01-15,802.6110229492188,844.2918933670378,796.911872039053,842.3116999006719,645012
2016-01-18,738.32666015625,800.6790163889532,734.8492505455913,800.6790163889532,791684
2016-01-19,756.9213256835938,770.7345113057995,724.8999946359992,750.5460545942198,801284
2016-01-20,759.67431640625,765.0353477715552,739.1477998151571,747.6481807767472,690111
2016-01-21,714.9507446289062,772.7630572679043,710.1692614206326,772.7630572679043,1563955
2016-01-22,726.8801879882812,734.752734537388,715.578517460026,729.2950723337573,1173948
2016-01-25,728.618896484375,752.5745375170757,724.5618789727322,738.5682082449039,1016589
2016-01-27,712.6806640625,739.6790831324818,708.816849067358,734.1248490769652,1009439
2016-01-28,725.0932006835938,733.1588908538743,710.9419547673932,715.626806837557,1342169
2016-01-29,745.0883178710938,752.6228034413374,702.9244767892052,719.6354629975887,1700984
2016-02-01,768.8992309570312,779.3315202891405,748.1312240907295,755.3758776487417,1169067
2016-02-02,728.667236328125,772.42499128726,722.3402506350742,770.9277157091888,1094002
2016-02-03,719.39404296875,735.6703397941174,715.7717164684038,728.0393406743369,608166
2016-02-04,699.9301147460938,731.7100190231578,687.7591201907437,728.3291806514336,975420
2016-02-05,708.91357421875,717.9452193897349,690.1740454140137,703.7939715027264,744048
2016-02-08,724.9483032226562,732.7725051642556,711.1834620222261,719.4423549510564,458229
2016-02-09,710.0725708007812,719.1525595410383,705.1945162044556,710.9902386453505,726271
2016-02-10,701.9102172851562,713.7914349474403,690.6568340977741,711.8112418299145,675729
2016-02-11,695.873046875,702.6830084514379,688.5317636147952,698.7709078826019,700191
2016-02-12,668.2950439453125,701.2823863922077,648.251504664819,701.2823863922077,1706690
2016-02-15,685.8753662109375,698.9157402733724,668.4399149040711,678.5824280637427,728730
2016-02-16,680.7075805664062,702.2966220638997,677.423314420994,700.3164287808429,835900
2016-02-17,696.9839477539062,700.268214233934,669.0679185022325,681.0939960629274,569660
2016-02-18,704.518310546875,735.9118059321032,690.3188382614185,703.2142966291119,976360
2016-02-19,722.6783447265625,725.2380868715337,700.3164911170048,708.0441213638132,348861
2016-02-22,722.0504150390625,728.2325425098771,708.5753486793476,728.2325425098771,256617
2016-02-23,722.0020751953125,732.1928745202296,716.8341877383374,725.4311988980111,365639
2016-02-24,718.283203125,723.4993770900808,707.4162231620315,721.2776952001907,673136
2016-02-25,712.1976928710938,718.6695948310266,708.0441035096002,718.138332056383,726928
2016-02-26,711.5214233398438,721.4224480899899,697.6117263822098,716.4478222483414,380829
2016-02-29,710.6038818359375,714.8057569595342,691.0916047869662,712.8738495082922,470540
2016-03-01,735.1390380859375,738.6647926090084,705.8223674124636,714.612522338097,499645
2016-03-02,753.5405883789062,761.9926847186902,738.3751598263816,750.5461549728124,557114
2016-03-03,765.7116088867188,768.6094703617861,753.1542091614269,758.2737526426174,369531
2016-03-04,784.5476684570312,792.0820961164673,763.2966853904918,771.6038642791013,451032
2016-03-08,780.876953125,809.4691575412165,772.8594906757718,784.6924228713325,573286
2016-03-09,791.6956787109375,795.9458988410023,768.8991935405799,780.0076617889677,415818
2016-03-10,796.1871948242188,804.6392881875332,787.4936130790953,787.4936130790953,468102
2016-03-11,795.8494262695312,802.3696149673526,785.3205053820427,792.0821825501538,550607
2016-03-14,803.8184814453125,814.1058540818854,788.3148757280253,796.9118881650257,554304
2016-03-15,785.706787109375,815.2649476473853,779.5246596581042,811.4011327296251,511868
2016-03-16,800.2443237304688,805.4604381352594,772.9561327566284,787.6386402224753,497829
2016-03-17,781.746337890625,806.5713604158083,777.1097718018177,806.5713604158083,947183
2016-03-18,773.1493530273438,782.4224848201361,749.5800595313897,782.4224848201361,970256
2016-03-21,786.6727294921875,789.1841855696526,767.933203828487,774.6948798370397,260210
2016-03-22,793.1929931640625,796.9118917426716,781.9396077159911,786.2863998527694,362124
2016-03-23,793.8690185546875,806.571333193219,792.0820278065145,799.8096573460901,383190
2016-03-28,787.300537109375,805.6053711836926,777.8824887052491,801.7415564537948,323975
2016-03-29,754.0718383789062,784.1612631095312,748.8556644086826,784.1612631095312,832152
2016-03-30,748.3726806640625,754.4098917052376,737.1192957004565,753.4439379386496,1240824
2016-03-31,767.9815063476562,771.5072610684366,750.449481405953,750.449481405953,844189
2016-04-01,765.27685546875,769.6236473268874,754.6513642599696,762.813685207233,377571
2016-04-04,772.9562377929688,777.1098273159703,760.9783871638501,770.8311276546231,233437
2016-04-05,761.89599609375,775.1778597340531,756.3900481023426,772.9561779711024,305386
2016-04-06,744.895263671875,764.7456015968829,742.1422600887431,753.4439308428131,466249
2016-04-07,738.5681762695312,755.3757942513279,736.0567202295548,744.2673266888083,507276
2016-04-08,740.0655517578125,745.1368093743608,737.0227736050263,739.9206351001968,149057
2016-04-11,751.9949340820312,753.4438645908598,740.3069182270008,744.2190188094112,214507
2016-04-12,760.20556640625,763.1034275234276,751.5119830547173,751.9949599075802,240311
2016-04-13,753.733642578125,770.8310344571348,746.199215686888,765.0353123935473,545345
2016-04-18,764.9387817382812,767.0638327768172,752.4779550487148,760.2055848823345,779820
2016-04-20,765.7598266601562,781.8429799987874,760.3505093041315,766.4842919644705,636991
2016-04-21,757.35595703125,775.0812421063091,732.7724245376526,769.8650687477498,2087979
2016-04-22,785.9483032226562,789.1842247473941,756.0520224521197,763.103473133955,851651
2016-04-25,804.3496704101562,806.4747803749486,786.4795266795852,792.0820464361209,559461
2016-04-26,801.2586059570312,816.2308885276569,798.1675422800556,811.4011199564874,625973
2016-04-27,798.5057983398438,806.5714896535205,794.4970661557134,804.5912959913094,302173
2016-04-28,790.1500854492188,803.2870315021966,786.624331044985,798.7953824054013,375116
2016-04-29,801.2102661132812,805.605343425676,790.1983709296459,797.8777142321443,561362
2016-05-02,801.0171508789062,807.440766928864,797.3948242997132,801.7416161947449,325078
2016-05-03,791.55078125,811.4011182441897,784.3544143027167,809.3726390314334,467061
2016-05-04,792.0338745117188,798.1193720015117,786.7694142151059,789.6672757775925,347370
2016-05-05,788.4596557617188,796.8151782999635,783.0019941328587,792.8547330161924,539370
2016-05-06,792.6132202148438,798.0225957868364,790.053478531274,791.1160039158306,280859
2016-05-09,806.5714111328125,811.3046082660288,787.3972520677809,794.496988810465,409194
2016-05-10,827.3394165039062,834.0045212004541,809.7590458328856,811.4011790581218,741402
2016-05-11,828.788330078125,835.5500064307437,813.9126185195082,818.162838666867,988250
2016-05-12,829.416259765625,839.1723696311419,826.373481691444,831.2515366242025,541479
2016-05-13,839.0757446289062,854.7724929936081,833.8595708202424,838.447851111463,1211846
2016-05-16,844.1952514648438,851.0052132871218,839.5586854767269,845.7890397022808,421190
2016-05-17,830.3338012695312,847.6243965890748,824.9244839738689,845.2095122683082,444186
2016-05-18,820.8192749023438,835.5500709509,813.429704449227,835.5500709509,389802
2016-05-19,825.0211791992188,837.1922333711342,821.5920547421098,825.8905612676218,465156
2016-05-20,832.1207885742188,849.7494427924391,825.9386615942913,825.9869474856545,931499
2016-05-23,828.9332275390625,839.7035763914439,821.88171805455,834.63231924436,819659
2016-05-24,830.8651733398438,836.5159794100463,822.0749585052462,836.5159794100463,387638
2016-05-25,832.3140869140625,844.1953064566727,826.6149361059366,833.6181009166501,701253
2016-05-26,835.6949462890625,839.3172730071441,829.4162466443878,831.2032375757851,426462
2016-05-27,845.6925659179688,862.306983344793,838.5928289531419,840.1866173752754,753872
2016-05-30,846.1754150390625,857.1389656122518,843.7122449716425,846.6583918741304,285958
2016-05-31,822.1715087890625,850.7637144984648,819.3702194985214,850.7154286052763,699245
2016-06-01,821.0606079101562,836.3226638892951,813.3329786592371,824.9244225356158,530880
2016-06-02,806.2333374023438,817.1003173106518,803.5286196816758,817.1003173106518,295454
2016-06-03,782.374267578125,811.5943691122291,779.090001178213,810.0005218093313,903935
2016-06-06,755.2308349609375,777.5926854610873,753.3472725158987,777.5926854610873,978807
2016-06-07,736.0084838867188,758.1771346106053,732.5793598084199,756.3417988721213,1805447
2016-06-08,736.7329711914062,748.6141910777278,734.6561469494311,736.008505845202,802856
2016-06-09,743.8809204101562,749.9664758827802,739.4858428688107,743.7843486230593,558735
2016-06-10,745.1849365234375,752.9608514208346,741.8523847225158,745.8127710060207,520616
2016-06-13,744.60546875,749.386951887407,737.0710408447347,743.7361456977434,429791
2016-06-14,743.7361450195312,749.193748651336,740.2586759422511,746.682292337585,875915
2016-06-15,754.313232421875,757.8872137780086,743.7843140044141,744.1707190490876,489308
2016-06-16,744.7985229492188,757.1627174280479,740.2585291679335,755.375726823402,965795
2016-06-17,733.5936279296875,753.1541924524339,720.8913118295907,748.6141977841213,826464
2016-06-20,739.8240356445312,747.8414403567091,721.1810802234454,731.1304514839945,469527
2016-06-21,736.3465576171875,745.6680352139398,734.2214475013478,745.6680352139398,285391
2016-06-22,750.9324951171875,753.3956654744765,734.1731615937902,736.0567832636488,435636
2016-06-23,749.09716796875,755.3758676357995,746.2958783805947,751.5120524560767,165457
2016-06-24,739.3410034179688,743.3979618902364,705.1462180293092,738.954598345783,663119
2016-06-27,754.6996459960938,756.245207355862,737.0227043285278,747.6481954787424,322642
2016-06-28,757.9356689453125,763.0552122681659,747.6482374441357,758.2737291907578,502645
2016-06-29,765.3252563476562,771.7488733081811,760.2057125147802,760.6886894604694,640288
2016-06-30,771.8453369140625,778.5104414130907,766.5808771526143,767.9332359938236,1342673
2016-07-01,773.8739013671875,784.3544763912838,770.3481464557252,772.7630309273733,654120
2016-07-04,792.2269287109375,794.4968962602563,780.5388538901541,788.2181973840354,444155
2016-07-05,796.8152465820312,804.5911622304675,793.2894919239592,797.3947952307194,1453994
2016-07-07,791.06787109375,805.1224869997989,787.3489136139476,801.7416487220553,780442
2016-07-08,807.5372314453125,817.19676770662,792.1302593171008,792.8547245366989,1056091
2016-07-11,817.0520629882812,819.177173308358,808.6965973294773,815.6031321732943,773572
2016-07-12,809.8072509765625,817.9212855408667,801.8381330483521,815.4581154272104,279316
2016-07-13,816.1826171875,819.8049436804704,804.8326608428597,810.4351806938931,559722
2016-07-14,819.5151977539062,822.5096308423499,812.8983790898166,819.1287926650765,335790
2016-07-15,823.2341918945312,829.2231177249702,817.9214455696032,822.9927034252163,483836
2016-07-18,805.6536865234375,826.7598106312241,803.6734931934146,823.9585212668061,269761
2016-07-19,803.77001953125,808.5032160635792,797.0566887380054,798.8436794319953,297223
2016-07-20,823.6688232421875,828.6917948313687,816.2309671348557,823.3790488914377,1096121
2016-07-21,821.6401977539062,834.1975959168241,816.2308805896573,827.8223250477353,391122
2016-07-22,833.7630615234375,840.3798215933559,814.0092941554756,822.6062477607086,578885
2016-07-25,835.2601928710938,842.3116432305646,829.9957333094754,840.8627126516129,457364
2016-07-26,814.3956298828125,839.3655711307631,808.0203583489886,838.447903224055,390672
2016-07-27,821.495361328125,822.8960060278106,809.4692256002736,816.2309017091064,318593
2016-07-28,822.4613647460938,828.5468618202649,811.4011820798863,817.1969048090283,441551
2016-07-29,831.6378173828125,835.308429508277,822.2680550666906,828.6433256552797,452246
2016-08-01,827.3876342773438,837.1438020727265,819.1770277843374,836.0329317290539,368211
2016-08-02,814.9268798828125,834.7289311530657,806.0883797573815,828.0638268987601,264948
2016-08-03,796.2395629882812,818.1704270687196,788.3967695156272,818.1704270687196,601880
2016-08-04,798.27294921875,806.9871907574652,791.2047429012387,803.6467196815112,514039
2016-08-05,816.2340087890625,818.1221063939648,800.9840851373095,802.6785210986154,226721
2016-08-08,831.1449584960938,833.1782577407067,816.7664255044045,824.076693575653,290138
2016-08-09,839.6171875,842.8607981792006,826.9814901174027,832.6941831523407,488345
2016-08-10,822.0919189453125,847.1211946253958,813.5229377113872,842.376750209459,533740
2016-08-11,807.0840454101562,821.0752570700064,794.3516048891697,821.0752570700064,460749
2016-08-12,817.589599609375,842.3767540197981,801.0325038134018,808.3912327551358,2196447
2016-08-16,831.968017578125,835.5505509745739,810.0371523935295,810.0371523935295,580255
2016-08-17,835.0664672851562,842.3767363385318,827.3688749439948,835.9378560368197,345547
2016-08-18,843.6355590820312,850.07444022867,835.2117787938082,836.567351381704,491349
2016-08-19,837.7775268554688,850.0259015081987,834.0013317577638,850.0259015081987,261034
2016-08-22,828.385498046875,841.4084601412351,823.0601280459811,841.4084601412351,189140
2016-08-23,821.7531127929688,827.6594093095316,814.2975820887601,827.6594093095316,326004
2016-08-24,829.063232421875,837.5354114393248,820.1069288891423,824.9481740419708,445514
2016-08-25,821.8014526367188,844.3132450064433,818.1705183835373,834.8728159481717,549427
2016-08-26,822.6243286132812,828.2402201037088,815.9434459565764,823.979900855225,166185
2016-08-29,829.9832153320312,834.6307996125137,811.3928191128613,824.9483077376585,325175
2016-08-30,824.8998413085938,834.7275343194287,820.3490586709073,832.7426354628353,282798
2016-08-31,814.3943481445312,831.6776311790655,810.4729508500534,827.6593735098511,384585
2016-09-01,813.7650146484375,820.1070347982086,810.6182048927183,817.2022873313908,178225
2016-09-02,811.9737548828125,820.1070717957161,806.2611200653665,820.1070717957161,259144
2016-09-06,819.0419311523438,823.6895149778484,807.1324200343676,818.6546078763705,381739
2016-09-07,848.76708984375,853.9956583295584,816.3792065420301,819.6228172063165,959769
2016-09-08,873.1185913085938,875.2971516972207,851.4297886895926,852.5432987493394,983434
2016-09-09,868.22900390625,885.657488190361,861.8869839445347,878.9281449389931,717708
2016-09-12,847.07275390625,875.68456385931,843.8775434980028,861.4512893892207,755417
2016-09-14,865.0338134765625,870.407584434817,848.331515653975,855.9322478357934,550882
2016-09-15,860.9672241210938,875.7814254687787,854.6252035062465,870.4560547224236,553580
2016-09-16,884.3502807617188,893.2581841895147,862.7099372868514,865.6146845504435,1135887
2016-09-19,891.32177734375,900.3749427012588,878.2020126783126,890.7408514704003,881906
2016-09-20,875.878173828125,892.725732992033,872.8766250458978,892.4352700610497,481781
2016-09-21,872.5377197265625,882.9463977856452,868.8583257860278,880.1384516936027,348008
2016-09-22,900.4717407226562,903.8122122254304,879.2186593237864,882.2202672512061,969524
2016-09-23,915.7215576171875,923.7096124417625,902.4081329095625,905.3128801184988,1216371
2016-09-26,894.6138305664062,925.1620799964487,891.7574837014434,911.7033929227538,756638
2016-09-27,910.0089111328125,917.6581028141568,893.0161509085895,896.5502838329197,732026
2016-09-28,920.2240600585938,925.5494306397263,909.2827968595651,914.0272415616523,876765
2016-09-29,876.9917602539062,925.6462851810481,851.6236180246839,924.6780359287667,1078808
2016-09-30,894.129638671875,897.1311872277317,870.0202125654674,877.233680143267,442002
2016-10-03,897.8089599609375,908.1208363079293,893.5002397329428,895.6303995296493,729861
2016-10-04,909.9605102539062,914.995417492359,900.471680706766,900.471680706766,476864
2016-10-05,901.0042114257812,915.9152715892866,895.8241022460611,911.1224266012143,354109
2016-10-06,894.27490234375,914.0272088865498,878.0083282423354,902.4082189430767,509935
2016-10-07,900.4232177734375,903.1343032997313,888.0780423597987,890.7891278860925,389209
2016-10-10,897.8089599609375,911.025583549647,895.8240611652105,904.3446412548026,1228162
2016-10-13,870.649658203125,901.4399697322102,857.8687574465503,899.5034714084031,416633
2016-10-14,895.5337524414062,899.6488117423152,859.950592604135,871.4727231883335,305791
2016-10-17,879.3638305664062,898.0510260821458,876.3622229454191,892.72565611616,172137
2016-10-18,907.4429931640625,910.1056779684775,878.3955225704449,878.685985456935,247769
2016-10-19,907.0557250976562,921.2889983738509,901.9240168000442,910.154133968912,740728
2016-10-20,900.0843505859375,913.5914375134273,896.5986774227563,908.2176667630081,106448
2016-10-21,903.1827392578125,905.7970236200431,889.5788513638852,900.084330350622,193088
2016-10-24,904.9740600585938,907.2494218426772,892.5804240939465,907.2494218426772,233014
2016-10-25,903.9573974609375,914.9954615888414,896.0178015799685,914.9954615888414,320460
2016-10-26,880.7193603515625,899.3097549465338,878.2019363229377,898.5351674836672,234296
2016-10-27,873.6995849609375,895.6304515485621,871.4242231283307,872.4408729025329,467300
2016-10-28,903.4248657226562,918.7231906109575,877.2821384372623,879.6543606955698,1274084
2016-11-01,934.6024169921875,962.4395778194606,905.3128825565349,910.1541279177998,1818810
2016-11-02,911.3160400390625,929.5191108062379,904.0057713516476,928.4540604639992,738419
2016-11-03,883.5757446289062,924.1454074055868,874.7647010564924,913.7851297442704,1131812
2016-11-04,841.5537109375,879.6058879356741,824.270429413141,879.6058879356741,1386257
2016-11-07,868.6162109375,881.0582468576686,856.9004209119473,865.1305379489547,804913
2016-11-08,867.9384765625,878.4923558039234,856.3194879022108,870.4559004666697,670444
2016-11-09,870.9401245117188,883.1400403601467,781.3770766881123,807.7134658135287,1221384
2016-11-10,886.3836669921875,897.5185318504392,883.7209819173883,885.9479430695912,719825
2016-11-11,854.2861938476562,895.6304434342863,841.9410174651837,876.265460873545,782359
2016-11-15,842.667236328125,874.3289958373643,833.1784063322835,855.9322617056812,500000
2016-11-16,842.7640380859375,866.0988176963241,835.5989711256877,856.706789631316,398557
2016-11-17,855.8838500976562,860.7250958597367,837.5355168399235,843.34501175442,268995
2016-11-18,872.7798461914062,879.9448547611166,842.8609224894163,855.7386249366072,415648
2016-11-21,856.6099853515625,879.1701774241675,844.5068716755691,879.1701774241675,591490
2016-11-22,855.351318359375,866.5345841650367,844.9426400502906,856.2711077693642,645738
2016-11-23,874.3289794921875,880.5741983080079,853.0274982642494,856.9972961269245,507996
2016-11-24,861.06396484375,880.0900844473726,853.8020961549229,871.4242426592579,525224
2016-11-25,877.7662353515625,881.1067066633047,853.9957310736646,864.40440920183,616982
2016-11-28,874.4258422851562,888.1749929553649,870.4560441431998,875.0068272724069,391420
2016-11-29,858.256103515625,877.2337639534254,853.5600594974859,877.2337639534254,624201
2016-11-30,847.798828125,866.0987584545475,845.3782055468711,859.9988013771086,704720
2016-12-01,848.5735473632812,861.5480500358237,844.3132276217085,856.6584038283332,447736
2016-12-02,834.485595703125,848.7672721958962,832.0165719255186,848.7188715526578,390408
2016-12-05,843.8775634765625,846.9275720413749,824.9967044113657,834.6791962396718,559501
2016-12-06,842.7155151367188,858.5948227831022,839.7139667985851,849.1543947908436,381637
2016-12-07,843.4417114257812,849.1544043757535,834.8243304657116,844.3131591968723,314761
2016-12-08,863.7266845703125,866.5830315215917,840.972828435388,849.1545459714367,335232
2016-12-09,874.3289794921875,878.5892993766703,850.6068753974382,864.646488024943,438347
2016-12-12,885.2700805664062,895.4366954302927,873.1669676332081,884.9796176754558,734160
2016-12-13,884.0114135742188,894.6621534967998,877.9114561652783,894.6621534967998,384586
2016-12-14,880.96142578125,888.8526796369647,877.2336903606646,883.0431849988146,279403
2016-12-15,876.846435546875,884.7376900187702,859.4664100084296,876.0718480207526,211332
2016-12-16,900.4717407226562,904.3447374569473,868.2774553688624,877.8631459251287,1005458
2016-12-19,912.1390380859375,924.5810742780864,901.1494346175373,913.9303343503126,894342
2016-12-20,907.491455078125,914.801723851732,898.0026258628792,913.1556885874917,444686
2016-12-21,911.0740356445312,921.9668384162323,900.2780341474614,902.8923186321172,540997
2016-12-22,896.1630249023438,912.0423352380552,893.3066779758466,909.8637745631873,494341
2016-12-23,896.3082275390625,905.7970571521012,890.5471334213202,895.3399784132987,490430
2016-12-26,860.4829711914062,895.6304010566698,849.1544451099454,895.6304010566698,371496
2016-12-27,861.9354248046875,875.7813761459776,855.2544818784426,869.9718811135001,478975
2016-12-28,869.2940063476562,883.817742449802,864.7432238828706,864.7432238828706,442329
2016-12-29,859.5631103515625,875.297157710856,856.2226392466042,871.4241614377992,292724
2016-12-30,860.240966796875,866.4861856168341,856.9004954190143,861.7417411558449,383931
2017-01-02,855.9321899414062,867.9869028522224,853.2211043266495,865.6146807778475,333626
2017-01-03,864.7916870117188,867.5027726086566,852.640113814065,860.5797680672096,203525
2017-01-04,870.4559326171875,884.3018827959895,867.6479866150124,876.2654271619073,728087
2017-01-05,869.1487426757812,880.138345239829,867.5511081791935,874.1351895914647,438398
2017-01-06,864.3076171875,877.2337195485758,861.7417333313824,867.55122816283,398913
2017-01-09,866.3408203125,872.7312402769186,858.6432286981565,865.4209719137893,415833
2017-01-10,871.3274536132812,877.9115361641254,866.7766706849551,868.5195073752903,533430
2017-01-11,875.78125,880.477234169289,872.6828412761868,876.0717128903383,376303
2017-01-12,862.1289672851562,875.6844538204748,859.9988075815885,867.6479395253223,590446
2017-01-13,866.0504150390625,869.4876875076469,842.3767128414842,857.8686983650057,545047
2017-01-16,859.9020385742188,870.4075772135233,856.4163653051448,867.405969417763,170677
2017-01-17,856.27099609375,866.5828717823425,855.0122841888194,861.7416266885864,177065
2017-01-18,859.7084350585938,868.5194785938392,853.0274923535923,856.7068272662034,284982
2017-01-19,862.7584228515625,868.4711166712104,859.127488414644,859.127488414644,324075
2017-01-20,860.870361328125,869.2941413954794,855.9323139251462,860.7735600446323,295906
2017-01-23,848.5735473632812,857.6266529425783,838.3100712939417,853.1242709224443,622495
2017-01-24,846.9758911132812,855.7869341895985,841.6505211205713,849.5417748395716,411776
2017-01-25,846.4434204101562,853.9473513373788,835.5990180894321,853.9473513373788,405061
2017-01-27,870.0202026367188,876.2654210481663,842.376703107077,842.376703107077,374350
2017-01-30,888.078125,895.3399935661297,872.3924770777124,872.3924770777124,464068
2017-01-31,865.4694213867188,890.6438976083061,862.7099351320923,889.0947227104868,325035
2017-02-01,869.4876708984375,875.0067024552128,852.5433120557619,861.9837405538241,368099
2017-02-02,880.186767578125,894.4684407491433,870.9884018069607,876.2169701999885,858047
2017-02-03,917.222412109375,939.2016797328808,910.7835906911988,939.2016797328808,2365815
2017-02-06,928.212158203125,934.6025795526215,909.7669628906474,926.614523317129,702654
2017-02-07,928.8898315429688,942.0580559109636,922.9351345164341,928.4541666877211,438515
2017-02-08,927.2921752929688,933.3921328061762,915.0922011693187,933.3921328061762,304604
2017-02-09,925.4524536132812,937.265104141955,914.9953754278383,927.1952901279827,684952
2017-02-10,922.8865966796875,927.9699041427983,919.0136005173173,927.4857796225022,230641
2017-02-13,911.6065673828125,926.7596900971628,903.8605742451997,922.0636462991423,237335
2017-02-14,915.7215576171875,925.4524489476777,907.9271644259883,908.7985531303292,399735
2017-02-15,898.0510864257812,914.6081232482131,884.108275029979,914.6081232482131,329099
2017-02-16,902.1661987304688,908.2177562749447,884.011526097041,904.0542965037936,597300
2017-02-17,916.44775390625,923.5159603683834,903.6668542351788,909.6700103485704,403082
2017-02-20,910.7835083007812,924.3873958695231,908.4112862677359,915.9636171691342,234638
2017-02-21,919.836669921875,924.6779155530428,887.8844487561678,895.6304417660361,421806
2017-02-22,912.9137573242188,927.5343560668016,902.4082768813958,919.8367629155858,449000
2017-02-23,903.8120727539062,919.8365824497691,896.7922672562632,910.1540921081927,796222
2017-02-27,905.361328125,912.0906713305911,901.681993287275,905.3129274884318,323851
2017-02-28,896.1145629882812,912.6231987095689,892.8709520663863,900.6653456840602,358569
2017-03-01,899.939208984375,907.0074161539034,895.6304883291813,895.6304883291813,246632
2017-03-02,876.846435546875,914.1240290524538,872.9734388190227,904.3447359535227,497699
2017-03-03,879.3638305664062,884.9796634383625,872.0051020641581,876.2654216758403,481792
2017-03-06,881.4940185546875,888.2233026308802,876.1201886848703,883.0431935008824,345142
2017-03-07,871.8114624023438,883.0915283007287,866.5828939285748,881.106629581009,329973
2017-03-08,865.4694213867188,881.10666775556,862.9519974034537,876.2654223283316,370609
2017-03-09,857.5782470703125,872.5377076135102,855.157624299479,871.9083220541993,264472
2017-03-10,851.0425415039062,864.0655034618774,848.8639810718112,864.0170437300437,390826
2017-03-14,861.3543701171875,863.6297909457248,855.3512730140313,858.5464832037965,430240
2017-03-15,870.8916625976562,898.1962989676014,864.0170585468139,890.7891697325616,1182013
2017-03-16,867.6964721679688,877.4273640004963,862.9036272065041,876.2654532375296,498547
2017-03-17,856.1742553710938,874.9583113019855,849.9290369391011,874.1836647544249,908753
2017-03-20,850.8005981445312,858.8370548200164,844.264915934796,851.9625090234881,1042422
2017-03-21,861.06396484375,863.7266500296533,847.6053369988002,859.7568521186566,1625234
2017-03-22,856.22265625,859.8051896931684,847.7020760995146,856.6099795238906,377921
2017-03-23,867.0670776367188,870.3106885149467,857.6750494542608,859.8052093148032,494314
2017-03-24,858.4013061523438,869.6330321960727,855.0608346329321,868.0353973963244,367094
2017-03-27,848.041015625,860.7251152659744,842.6672445273792,859.8052667309922,319104
2017-03-28,848.234619140625,855.9322113677345,845.7655957349729,848.0409574996015,223226
2017-03-29,841.5537109375,853.2695011584847,838.7941656030727,850.1226916506661,378512
2017-03-30,834.8244018554688,853.5115980245337,832.0648564091861,852.0592243466701,587765
2017-03-31,825.0451049804688,845.039474243106,803.6468216806394,833.6625463458199,594005
2017-04-03,830.515625,836.034656420146,819.138698630137,823.0116948411542,679601
2017-04-05,849.4932861328125,851.0909207150272,831.3386163223383,832.6941886404135,1001596
2017-04-06,839.8109130859375,849.0577401478105,835.5990527394149,849.0577401478105,608947
2017-04-07,835.502197265625,845.281489832119,833.0815744425089,839.3751937826106,636797
2017-04-10,844.16796875,846.2497279897847,834.6307385894672,837.5354859395466,439314
2017-04-11,848.6703491210938,849.1544736784931,839.423581894213,844.3616287407922,412322
2017-04-12,862.41943359375,865.6146436131442,844.8940904738922,848.2829621211472,544015
2017-04-13,860.5797729492188,869.923400236872,855.8837885366631,866.5829290818583,346466
2017-04-17,860.870361328125,869.4878030597074,856.4648391788412,861.7418092685296,294917
2017-04-18,863.3877563476562,878.9281429802418,856.9004753924693,857.9655257907856,457122
2017-04-19,882.1717529296875,885.8511468773929,861.5964590518669,862.7099691829729,643904
2017-04-20,880.0416870117188,886.8194311459577,873.6512070839501,884.4472088795263,412421
2017-04-21,874.8614501953125,884.0598165160918,869.0519556769254,881.1066686220254,203205
2017-04-24,853.802001953125,871.1820842502508,847.5567837503341,870.9400219873305,249207
2017-04-25,870.3107299804688,872.9250145203617,854.237817634404,865.5179439374431,826004
2017-04-26,864.3560180664062,873.2154622284958,857.7234760069753,872.3924740993725,419894
2017-04-27,855.9806518554688,870.3591872352782,851.6235306671455,864.3560306674742,688687
2017-04-28,866.5345458984375,867.793257911945,855.0607585781644,862.709950125013,246890
2017-05-02,866.0504150390625,874.1352713452563,860.047258829251,866.4861389513585,1571492
2017-05-03,857.19091796875,868.6162455500719,848.3314741459864,868.5194442787899,271187
2017-05-04,831.919677734375,859.8052413087239,829.4506542324968,857.9171436553213,856748
2017-05-05,817.637939453125,839.3751429066247,808.4879739168944,831.9196132438725,656075
2017-05-08,826.6426391601562,829.7410479872896,813.5712767839781,818.170459842263,393301
2017-05-09,833.42041015625,835.260107079253,820.2522460773107,827.8529778490778,560849
2017-05-10,859.7084350585938,861.7417346137312,834.340295770742,834.340295770742,412543
2017-05-11,877.4757690429688,880.0416528616856,859.8536231583275,869.2456514850485,928191
2017-05-12,735.4336547851562,812.3610641580713,727.2519373731747,789.7524693844632,15926217
2017-05-15,692.5402221679688,741.6788677814247,685.8108785847076,740.7106186067754,9709628
2017-05-16,691.4266967773438,706.7250806782637,688.9092726174963,701.9806361878915,4044182
2017-05-17,675.8378295898438,698.0107562339045,674.2401950357316,693.2663123013297,4728010
2017-05-18,653.3260498046875,674.821190643273,650.6149642703687,669.0600969470753,3841099
2017-05-19,638.221435546875,659.8133792543152,636.2364775592148,656.4729079475243,3980798
2017-05-22,647.8070678710938,652.4546518703664,632.5571440909189,643.8856707184962,2168653
2017-05-23,630.4754638671875,652.5031322465065,627.4254553757709,650.6634352045031,1852735
2017-05-24,611.885009765625,631.4436527402465,608.3024763979532,627.4253954729387,2850005
2017-05-25,592.4716186523438,615.6127355405014,588.162898550809,614.8381481182241,3461074
2017-05-26,600.9921875,608.7865804078431,591.6969613109809,592.9557323335455,1397875
2017-05-29,591.0676879882812,616.4842274254701,580.9494728500293,609.6096232050695,3028830
2017-05-30,603.9937744140625,609.9969306301875,588.6954505129429,590.1478241573004,2222951
2017-05-31,616.4357299804688,622.7293482812937,609.270663968331,614.8380955421377,1766188
2017-06-01,637.0111694335938,638.7540061662514,619.6794851932,619.6794851932,2144100
2017-06-02,629.5555419921875,642.9173670173794,628.3936313166856,642.9173670173794,1195006
2017-06-05,624.2301635742188,637.3015255234811,622.7777900243008,635.4134280891415,646212
2017-06-06,621.4222412109375,629.3134947691166,618.953217902264,623.6492022521481,810759
2017-06-07,626.9896240234375,633.1380405914995,618.3237837107577,619.5825546802952,758575
2017-06-08,631.2984008789062,637.5920199060732,627.3286032852791,627.3286032852791,1277269
2017-06-09,626.6993408203125,633.8159493251444,625.4890292312427,633.2350234012891,444319
2017-06-12,615.7579956054688,631.6857043087583,612.9016490864881,629.3618829482106,758336
2017-06-13,610.2388916015625,621.034890871325,606.1238336256694,612.9015761741992,1913117
2017-06-14,612.6112670898438,614.8382283810673,607.431098526242,614.8382283810673,1278620
2017-06-15,615.9517822265625,622.5358652878747,609.2224381392771,612.4176488354916,1030168
2017-06-16,617.9365844726562,623.4556161356057,614.7413742774439,617.5492611956219,702635
2017-06-19,615.9032592773438,619.1953300187625,613.8699597058568,619.1953300187625,645804
2017-06-20,608.3510131835938,614.5478322387257,607.0923009341205,611.4494227111597,601804
2017-06-21,608.4476928710938,612.6595523658116,605.5913465127636,612.1270272373297,689596
2017-06-22,607.18896484375,621.5674989131044,605.1556654467422,620.5023894835783,737197
2017-06-23,607.1405639648438,612.1754709187745,602.2509180094547,608.9318601921827,681994
2017-06-27,607.963623046875,612.708008096735,606.1239261496995,609.0286733996182,489598
2017-06-28,609.6581420898438,612.9017533224004,607.2375190514456,608.0605072456042,455621
2017-06-29,607.6731567382812,612.4176013202111,605.6398571158768,611.4493521481634,590881
2017-06-30,612.7080688476562,616.5326649253772,606.8501731322813,607.1406360666261,416423
2017-07-03,618.4691162109375,619.679427592955,611.5461114669032,614.7897814290513,340292
2017-07-04,623.0682373046875,627.3769572142746,617.5008055028196,627.3769572142746,543963
2017-07-05,635.8007202148438,637.8824200761419,620.2602767137398,622.5840979187352,974863
2017-07-06,635.0746459960938,644.4666155453571,633.7190735367988,636.5754203706598,756582
2017-07-07,644.1277465820312,647.5650192426531,635.2198425888824,640.012687697441,843337
2017-07-10,655.795166015625,658.4094506538459,648.8237600127832,649.6952079246038,239854
2017-07-11,648.1459350585938,659.66806324814,645.8221137092031,653.5681060775294,497807
2017-07-12,659.7164306640625,661.6529286586408,646.8871314499814,650.5665249174632,492625
2017-07-13,662.6212158203125,665.768025242746,660.1521925544649,662.1855510242228,561766
2017-07-14,662.3792114257812,668.0435043393618,655.1173428934247,662.6212737101931,300736
2017-07-17,661.8466186523438,667.8981751448442,659.6680583150436,666.1553386944504,335427
2017-07-18,669.4959106445312,671.3840083743255,658.8451696118088,660.3459440287899,591991
2017-07-19,687.3601684570312,691.7656907394594,670.7546701264431,670.7546701264431,1053331
2017-07-20,685.810791015625,690.8456979003579,679.8076350798756,687.4568262217997,547364
2017-07-21,674.1918334960938,687.4084572908934,673.0783824944133,685.1330364577262,274727
2017-07-24,667.898193359375,673.9013493830963,663.6863335646239,673.9013493830963,255074
2017-07-25,677.7259521484375,683.1965239661296,667.801399125547,674.2402200186431,488629
2017-07-26,685.22998046875,686.9244165930064,672.2554173641182,677.7260490613287,537323
2017-07-27,693.41162109375,695.6385822187226,685.52036723876,688.4251145575682,1641783
2017-07-28,694.6703491210938,722.313849922682,690.7004922355626,722.313849922682,4390132
2017-07-31,674.9180297851562,695.590183726043,672.9331309306353,693.7504867795686,1416845
2017-08-01,677.629150390625,693.266397949756,673.9014147668018,682.6156571991312,1093719
2017-08-02,680.9696044921875,682.615639840328,675.8378958986509,676.3220204659135,388339
2017-08-03,680.0014038085938,688.5219849800707,675.6442823927797,680.969653012108,925857
2017-08-04,667.4140625,677.1449536936254,664.4125140652092,674.3854675228413,786603
2017-08-07,666.8816528320312,672.9332104802348,664.896753742869,668.285626025863,589918
2017-08-08,647.032470703125,671.916484762857,644.5150466445587,670.8998350121758,677737
2017-08-09,624.9564208984375,648.7269255293567,619.6794512519228,648.7269255293567,966191
2017-08-10,593.294677734375,630.7659323580991,588.9859571170193,623.552464236536,1099021
2017-08-11,597.0223388671875,601.2826583137785,573.3002372106857,582.9827276827273,1344430
2017-08-14,609.80322265625,613.6278181152309,590.8255654508683,597.0223237375991,520941
2017-08-16,601.8636474609375,619.6794554438432,599.3462233120921,614.8382096981882,1223973
2017-08-17,599.7335205078125,608.9802876601093,597.990624837444,600.362846969014,770213
2017-08-18,591.50341796875,599.3462122936329,585.7907244550047,599.3462122936329,680436
2017-08-21,576.8827514648438,593.972370222849,572.9613547725386,592.5683973312946,661451
2017-08-22,581.9177856445312,587.146355111183,573.6876672119547,578.0447887350834,785205
2017-08-23,580.8042602539062,592.5685116985835,574.6075008186712,591.7939241563342,828019
2017-08-24,596.73193359375,604.6715883669347,582.9343833387799,584.8224809825917,1311918
2017-08-28,605.736572265625,613.4825645406188,596.7318680653908,600.3144013120217,1245632
2017-08-29,595.5216674804688,604.1875097685527,592.8589821409439,603.21926055418,450356
2017-08-30,597.0223388671875,604.6231293460792,593.4882653032314,600.3144092665743,477024
2017-08-31,589.7605590820312,599.0557867815855,587.1947341821251,598.3780005278825,695857
2017-09-01,590.6803588867188,602.2025469570586,589.6637091386855,594.5049546981164,923621
2017-09-04,583.6604614257812,596.8286827436644,579.7390649561702,591.3580524793001,1132598
2017-09-05,583.5639038085938,590.6321123500541,581.0464200025215,585.8876668250629,541836
2017-09-06,582.111328125,588.1144839249758,579.9811684414949,582.885915528848,916664
2017-09-07,579.1583251953125,587.2431829707687,575.8178533902918,583.2733845978282,862569
2017-09-08,561.8265991210938,582.8860192518715,557.8568010341885,582.7892179706265,1658720
2017-09-11,553.06396484375,567.3940414429984,551.9020539633261,565.4575430080394,998537
2017-09-12,562.7947387695312,565.5542248175093,549.7717777260849,553.8384353998656,975251
2017-09-13,575.6240234375,585.7906378127628,560.8582263686659,564.6828216911866,1978168
2017-09-14,585.5001831054688,589.6152413623988,580.1264129658648,581.9176499799897,1102610
2017-09-15,583.9510498046875,586.2748714476697,576.5439791250052,584.8224976951157,907488
2017-09-18,587.6787719726562,594.3596549508558,580.9494292642325,587.7271726056485,1002583
2017-09-19,595.618408203125,602.2024897186977,591.7454121237022,595.4731472112545,1348799
2017-09-20,592.7527465820312,602.2725262682724,591.489928949468,599.9411250312354,727106
2017-09-21,610.7238159179688,619.5150406223081,593.529893877272,593.529893877272,3150820
2017-09-22,611.0638427734375,622.9635840010587,605.8182781328159,612.9095406390298,3161455
2017-09-25,597.1241455078125,614.8037721899982,587.8957751325511,614.8037721899982,1342985
2017-09-26,594.9384765625,602.1268557796051,591.587109159997,596.4441461810151,685058
2017-09-27,584.1072998046875,600.9126371762961,580.6102566289794,597.415594000588,855668
2017-09-28,577.5987548828125,588.3814114498254,574.5388574723058,584.1557541353217,862346
2017-09-29,581.193115234375,589.3529622289618,578.2303341162251,578.2303341162251,713532
2017-10-03,579.6873779296875,590.61571140553,578.9588223646314,584.4958565170589,477626
2017-10-04,583.0872802734375,589.3043112260061,581.8244625365098,581.8244625365098,677382
2017-10-05,592.8013916015625,608.9753492301676,584.7872802034259,584.7872802034259,2190000
2017-10-06,594.9384765625,600.3297757978295,593.0442202663024,600.3297757978295,577113
2017-10-09,592.3641967773438,599.2126068132093,589.4014161848062,595.9098573603806,517232
2017-10-10,593.4328002929688,600.3297690695141,592.3642165863196,593.5299173162996,690113
2017-10-11,583.5245361328125,597.3185354133259,579.9303162844374,595.084250581895,635320
2017-10-12,586.2929077148438,589.5957164967833,583.524420419689,585.0300899888083,603616
2017-10-13,585.8557739257812,589.6442864675206,582.8929932405758,586.3414776213888,349954
2017-10-16,594.0642700195312,596.4442303537005,584.1559012403437,588.770087061484,866480
2017-10-17,593.7727661132812,598.3869512078221,590.2757232313141,595.6184638670983,572096
2017-10-18,589.3528442382812,594.1127046238392,588.0900265559902,593.4813254276932,338255
2017-10-19,591.1500244140625,593.5299846557083,588.7215056552421,591.1014658968878,115727
2017-10-23,581.290283203125,592.7043215536826,577.6475050061385,592.2186177940844,677521
2017-10-24,585.7100830078125,588.6728636152025,581.0958980207296,581.29019135187,507722
2017-10-25,585.7100830078125,590.8585301880312,583.8158267866942,587.7014562495008,525548
2017-10-26,581.4844970703125,589.595785147768,577.98745383872,585.7587137222657,526020
2017-10-27,592.5099487304688,598.6783619341176,580.804501551969,581.8730259637816,1063895
2017-10-30,597.3670654296875,606.0611745792849,590.6157713173181,594.2585495121208,939747
2017-10-31,600.0382690429688,606.9352367888677,597.9497197434395,601.3010866075708,976923
2017-11-01,604.0211181640625,611.0152634028268,600.0383714826845,601.3011892628773,1007160
2017-11-02,629.860595703125,633.3576387038935,607.1296383281187,608.1010457494438,3895803
2017-11-03,608.63525390625,636.2232459371559,607.1295843949503,635.251838602124,2611637
2017-11-06,604.8953857421875,615.338015048844,604.2153887200329,605.1867960973964,660292
2017-11-07,585.2244262695312,609.2182019850553,582.9902010071961,605.7696581281846,1152952
2017-11-08,580.270263671875,592.9957378744595,574.6846703807051,587.7015549839572,1123068
2017-11-09,575.1217651367188,584.7872810587304,566.1848047974215,582.7473491431322,1299190
2017-11-10,568.0791625976562,577.7446802453888,566.3306407449545,574.19901872712,920808
2017-11-13,560.4535522460938,570.7018892070444,559.5307032906512,569.4390713527579,838660
2017-11-14,566.184814453125,570.3619139639276,558.7050244417014,561.4735119872277,566796
2017-11-15,565.9905395507812,573.1303601519274,563.4162862510473,563.4648447625514,652934
2017-11-16,565.94189453125,570.7503727389303,560.9877407960636,567.3018885279673,432394
2017-11-17,566.0391235351562,575.1217593252148,563.610604950648,568.3219072885921,552164
2017-11-20,575.558837890625,578.9587635152953,567.3989926754172,568.2732829806171,696523
2017-11-21,574.296142578125,582.7473999321776,572.6447379220441,579.3960321016037,833188
2017-11-22,573.0333251953125,581.6788166312501,570.8476582545964,575.9961063013923,821070
2017-11-23,577.3074340820312,578.7645452530056,573.6160976402307,575.073208811205,511024
2017-11-24,576.2874145507812,578.8616677628783,574.4903346562984,577.5016737470535,301459
2017-11-27,573.8102416992188,576.9187565798879,572.1588376104266,576.2873181874119,235946
2017-11-28,555.3050537109375,567.3019111642494,554.0421766821667,562.6877260991292,2030901
2017-11-29,554.4793701171875,560.0164045352074,553.7022560018529,557.5878858685326,771230
2017-11-30,547.9708251953125,556.1306700970135,546.028010627288,553.702151886983,1107227
2017-12-01,538.9853515625,552.1479687611464,537.6739753386497,549.5737155335883,1290777
2017-12-04,525.7257080078125,542.9196312143936,524.5600072448233,540.2968193201687,1228995
2017-12-05,529.1741333007812,532.7683522137837,518.7315046950292,525.53135588017,1062651
2017-12-06,520.5772094726562,530.3398412363293,519.7029191636715,527.4741777679881,514895
2017-12-07,516.9830932617188,523.5400940123296,515.0402782245008,521.2572507695926,904956
2017-12-08,520.86865234375,524.7057233772795,517.8086953611881,519.5086582870555,763442
2017-12-11,526.162841796875,529.9027365699562,522.0343603478882,522.5686225597566,795684
2017-12-12,524.0256958007812,533.2540654318062,522.4228499909724,528.4455872923778,753065
2017-12-13,516.9345703125,527.9600226913366,515.9145449157679,525.3857688738922,644876
2017-12-14,518.6829833984375,521.5000292318106,514.8459123821177,518.3915730418819,657417
2017-12-15,521.79150390625,525.2885467986173,518.9258402441702,521.597210570007,672761
2017-12-18,522.1314697265625,528.3970592212816,510.8145499690466,521.6457660337936,708471
2017-12-19,526.454345703125,529.4171269408464,520.2373135239612,522.6172739342667,1003274
2017-12-20,542.4824829101562,547.1452266454054,526.1142323890169,529.3199242913788,1821116
2017-12-21,546.8538818359375,552.0994469331824,542.5311064618118,546.9024403545211,966337
2017-12-22,551.3709106445312,556.8108285871417,544.1825302314564,547.6795737524104,1093109
2017-12-26,555.5479125976562,558.559251804427,547.5823601052275,552.7308074377722,799328
2017-12-27,567.15625,571.1390563580006,555.5965362253363,560.5021322842067,1644628
2017-12-28,574.830322265625,580.998735467895,564.8248380199735,570.119020146411,2037791
2017-12-29,577.7445068359375,584.7872099457493,575.0731366908365,578.9587659928015,1028331
2018-01-01,579.055908203125,586.5357567928434,577.0159764468384,579.1045260035131,512502
2018-01-02,575.8502197265625,585.3699991464459,571.6731803095722,576.1416300505396,570711
2018-01-03,574.9274291992188,577.9873861359387,571.2846515555049,575.170281042133,349314
2018-01-04,572.5474853515625,576.5787900656333,566.3790134331707,575.0731206112214,557391
2018-01-05,574.6846923828125,578.9589093896134,570.9933554896731,573.1304639930736,823697
2018-01-08,583.2330932617188,594.5013966721813,575.5589502095872,577.8903519517563,2203458
2018-01-09,583.4758911132812,589.984273401684,582.6016007184193,583.8158599946144,738487
2018-01-10,599.6012573242188,606.1582577080802,584.8358520092257,584.8358520092257,4259613
2018-01-11,609.072509765625,611.7438804224918,596.4442121149821,598.3870271381579,1913296
2018-01-12,607.9552612304688,613.443736428369,600.7668824741911,611.986625415475,988132
2018-01-15,606.5468139648438,613.4437828990134,603.8268257693934,610.8209710191168,543699
2018-01-16,607.9552612304688,615.6779614568067,605.3325088392587,608.1009960477577,1200060
2018-01-17,612.8609619140625,614.9008937698093,598.1441158590206,607.8096314974473,819868
2018-01-18,607.8582763671875,617.815203786706,606.1583131492209,614.0266906135186,754679
2018-01-19,606.4496459960938,613.0552046545239,600.8154947665505,611.9866801987499,320742
2018-01-22,602.4669189453125,609.5096230349336,600.5726625390683,609.5096230349336,497055
2018-01-23,614.4152221679688,616.3580370997252,602.2240703291985,603.1954777950767,792356
2018-01-24,621.7978515625,626.9949167142861,607.1296235729777,614.4151790558535,1140364
2018-01-25,616.1151123046875,628.5005560285894,612.1323658820208,623.5949607645732,1822288
2018-01-29,604.3125,623.4977955206414,598.3869387703844,616.1636817492317,670198
2018-01-30,598.1926879882812,601.3497621592791,590.1300181172726,599.2612717432372,411149
2018-01-31,588.8671264648438,597.1726471536746,584.0586483955216,597.1726471536746,667577
2018-02-01,571.333251953125,591.5870713192372,564.4362242504449,587.7014419509665,780428
2018-02-02,572.6932373046875,585.0786820113693,565.4076815948747,567.3019379374268,1308916
2018-02-05,574.635986328125,578.8616437297113,561.1334602001758,564.3876509950779,392893
2018-02-06,554.965087890625,565.8448636505776,549.8166400450248,549.8166400450248,745778
2018-02-07,552.8279418945312,564.9705347079764,549.9137196193044,561.9591954062437,724192
2018-02-08,563.0277099609375,564.387704048139,543.5510032885333,553.2165188561363,2067700
2018-02-09,519.897216796875,528.9312931412885,509.0174428026358,524.5599601401209,6588431
2018-02-12,520.0429077148438,527.3770807325408,518.7315314916794,524.5599756657432,1626940
2018-02-14,515.2831420898438,525.1915108681302,513.8745892970952,520.7715591236416,1116088
2018-02-15,514.5059204101562,518.6829601065507,511.64025690437444,515.8172966007689,1012891
2018-02-16,506.1033020019531,517.2744881305952,505.131894512506,514.506000501674,752538
2018-02-19,508.5318298339844,510.9603486010999,502.2662395568246,508.0461260805613,1042610
2018-02-20,508.96893310546875,512.8545628124825,507.94896716537846,509.0174916188056,419804
2018-02-21,509.9403076171875,512.9030882195466,506.5889403532075,509.0174587633379,559394
2018-02-22,508.5803527832031,516.6430226681532,507.07468311089394,510.960312866533,1591455
2018-02-23,519.02294921875,521.3057921267023,509.9403139677513,509.9888724785586,929934
2018-02-26,522.1801147460938,526.9885939591146,518.7316298141332,519.120216548725,548560
2018-02-27,524.9486083984375,526.988540322393,522.2772379175406,523.5400557414181,501446
2018-02-28,528.97998046875,531.117088981089,522.6172727422512,523.3458284198658,915406
2018-03-01,528.9313354492188,535.1483665974973,525.5314095096921,531.1170021246288,973598
2018-03-05,535.634033203125,536.9939679107397,523.8314102574037,526.5027804534312,1360938
2018-03-06,544.7652587890625,552.1965491249815,537.7711136417274,539.1311077195435,1641322
2018-03-07,543.30810546875,550.7879537355033,541.3652908171256,545.9309171064424,1090191
2018-03-08,537.1398315429688,548.3110186781114,532.962790820005,544.4739468910815,1125455
2018-03-09,517.906005859375,539.179797555251,515.137458517366,537.674127574518,1032077
2018-03-12,521.3057861328125,526.5027918194583,518.4886810583688,519.5086469335982,723438
2018-03-13,522.762939453125,525.4828684370156,517.7601674029295,521.5972386628847,501265
2018-03-14,536.50830078125,541.5596311721569,521.8886311161278,523.5885940839328,561512
2018-03-15,537.9653930664062,545.2509483877011,534.9054954054631,538.6453900877273,407472
2018-03-16,530.5827026367188,544.8624024376829,528.4455946239896,538.3539613811892,809649
2018-03-19,528.2999267578125,532.5741433249409,525.0457354621625,530.582769877304,246463
2018-03-20,530.7770385742188,532.9140874685116,523.6857169685976,524.5600073635383,377843
2018-03-21,529.51416015625,534.031228368685,527.4742282932169,530.7284194294848,316384
2018-03-22,529.2713012695312,534.0797797856549,525.6285234982258,525.6285234982258,676044
2018-03-23,520.0916137695312,524.7543580420054,515.9631317790055,517.2745082246978,572092
2018-03-26,523.6370239257812,539.6652422551242,509.06591635365123,517.7600223963532,653765
2018-03-27,522.0829467773438,529.9998819347436,520.6743941143691,528.8827989392852,1400596
2018-03-28,511.251708984375,525.5314097961718,509.017483795183,524.5600023843489,1120824
2018-04-02,531.7969360351562,547.048042439838,510.7173858546722,514.5058980249421,501393
2018-04-03,533.885498046875,538.5483011274623,525.5314178924968,534.274084733592,634809
2018-04-04,532.7199096679688,541.9968396605161,529.5142174080222,534.322696507932,569495
2018-04-05,540.6367797851562,551.370819760157,534.5169249872375,535.5368909052236,784364
2018-04-06,547.4852294921875,549.6223377963529,531.3598891144076,537.188333967582,591903
2018-04-09,548.9423217773438,554.6736494013456,544.3767542317885,545.0566920092082,447797
2018-04-10,551.9536743164062,553.1193750074758,545.5423501605239,548.3594552231086,549344
2018-04-11,543.5509643554688,558.7535129177569,540.5396253223631,553.702182899968,588646
2018-04-12,542.3367309570312,546.9023575225914,539.3253917808115,543.0167279842426,222336
2018-04-13,565.40771484375,568.9533758803636,539.1797127460826,542.1424937176324,1217889
2018-04-16,559.7249755859375,568.6619358408441,556.956428823763,564.3391608995572,922118
2018-04-17,557.0535278320312,565.3590483858865,555.6449753895654,560.502011887726,820953
2018-04-18,550.642333984375,568.1762873112264,548.1166981254987,562.4449591753013,907017
2018-04-19,549.0880126953125,554.8678983711579,545.3966765688062,553.7021976759454,665442
2018-04-20,554.867919921875,559.5306635938231,544.9595525627338,548.3594784699881,632481
2018-04-23,563.0762939453125,566.7190715065303,552.5850471370056,553.7021893051121,551306
2018-04-24,563.5134887695312,572.5476262999979,558.8021859288128,567.302001881663,789903
2018-04-25,550.5451049804688,568.2247302670428,547.3880311539376,568.2247302670428,334858
2018-04-26,550.3508911132812,554.8679595717011,547.5824035355444,552.4394408929822,513126
2018-04-27,556.2765502929688,559.3364484633391,548.116703258626,551.2737777567926,473739
2018-04-30,555.3536376953125,561.4734926254437,551.2737146452237,557.5878629186932,350867
2018-05-02,533.9827270507812,556.5679519520585,531.3599148816633,555.6451029475528,689829
2018-05-03,526.9885864257812,536.0226646207925,521.9858139169793,533.9827325183744,520883
2018-05-04,519.994384765625,531.7484502278134,518.7315669662174,521.6943477659825,547783
2018-05-07,510.0859680175781,522.1800011992934,507.3660393369109,521.5486220053876,586374
2018-05-08,509.30889892578125,514.7488160568867,507.5603774261417,510.91174488628633,707702
2018-05-09,511.20306396484375,513.3887302715818,506.10317591578826,509.3088079743388,364405
2018-05-10,500.7605285644531,514.8459362544329,496.4863418151148,514.651642911053,640057
2018-05-11,500.954833984375,503.577645958221,491.0464661331821,503.1890592620936,674290
2018-05-14,489.0064697265625,507.07465294438555,485.99510091609187,501.7319123482282,565467
2018-05-15,491.9207458496094,501.73196740452636,484.5380430139786,487.64655883266647,959109
2018-05-16,503.3833312988281,506.10326018655184,488.3265164564259,492.5035564579305,536796
2018-05-17,510.52313232421875,515.7687558472478,501.2462037827513,503.6747222119313,767537
2018-05-18,486.2865295410156,513.2916718913676,485.70367919697924,509.0174557984343,773447
2018-05-21,486.5294189453125,493.3778294927523,479.38956838085255,485.8008633702656,1314194
2018-05-22,497.2148742675781,499.10910087495154,483.80943461270164,485.7036908650757,785298
2018-05-23,503.0919189453125,509.0174804019293,497.36059153776296,502.2176285644989,926071
2018-05-24,516.1087036132812,518.1000767858031,497.166260640027,503.18899795618955,795418
2018-05-25,520.0916137695312,524.220095760057,509.16327908872773,514.6516960433029,1153218
2018-05-28,523.394287109375,527.2313581376076,515.9630561891287,521.6457656746112,922089
2018-05-29,516.7400512695312,524.5113085592997,509.11446947995336,524.5113085592997,852809
2018-05-30,509.7945861816406,516.7887312444532,491.0464354211862,491.0464354211862,3551155
2018-05-31,520.6257934570312,524.8028333032495,501.73190819274106,511.93168561001846,1466265
2018-06-01,520.5286254882812,528.7855882917456,514.2144774621026,514.2144774621026,909834
2018-06-04,524.511474609375,532.719879578311,516.254511125003,520.6744032498126,756736
2018-06-05,515.8173217773438,525.0456919409686,506.92892048269397,525.0456919409686,511527
2018-06-06,521.6458129882812,524.5600354072102,499.5462929780701,500.4691419353989,1586757
2018-06-07,521.3057861328125,529.9512761071392,518.1487121966256,526.5027918194583,763713
2018-06-08,540.8310546875,543.9881286484059,520.917203549478,523.0057531165392,1194037
2018-06-11,548.2623291015625,558.3163714038842,540.6367458711551,543.01670572383,1138961
2018-06-12,571.2361450195312,578.9588461848641,545.2024369484144,545.9309925434457,2139385
2018-06-13,555.0621948242188,582.7473048637431,551.7593860508717,571.1875334470292,1968055
2018-06-14,567.4962768554688,569.2447985082432,538.1597583166667,551.7594634004814,2975713
2018-06-15,569.973388671875,586.147348342523,563.9020913916037,567.2534593483159,3459504
2018-06-18,564.6790771484375,574.7331787317551,559.0449264118436,569.1475865043561,885140
2018-06-19,569.681884765625,586.050075830924,565.4076684657829,568.2733321697677,2980275
2018-06-20,574.4417114257812,579.7358933294778,567.5447429721578,575.9959987563157,1048435
2018-06-21,584.8358764648438,589.8872073483064,568.4676837233438,579.8817219058759,2246704
2018-06-22,582.69873046875,588.2843232612187,577.5017243691507,583.7673142291383,1711170
2018-06-25,583.4273071289062,596.3956325243882,577.0160414949651,584.1558627368544,1687728
2018-06-26,580.6102294921875,586.5357910657434,576.3360131083083,578.1331524176683,747143
2018-06-27,576.7731323242188,583.9129528567792,573.2760894694956,579.4445026212993,1175547
2018-06-28,556.3251342773438,581.8731418354903,553.7023219469606,575.5589925501301,1489229
2018-06-29,566.3790283203125,568.2732844598448,558.559211221215,563.5133648569172,834893
2018-07-02,563.9991455078125,578.4245818103274,557.442145176671,570.9447325375426,858490
2018-07-03,571.964599609375,575.267408106265,557.1020799533611,564.9218967677675,777737
2018-07-04,580.367431640625,585.3701447684027,572.7904648823335,574.1018413114574,1041740
2018-07-05,566.184814453125,584.6415561966497,562.5420364774293,582.795917596301,680052
2018-07-06,566.184814453125,574.9274815947946,562.9306231775059,566.2334322581391,859717
2018-07-09,564.9219970703125,573.4703708688656,562.5906547379832,568.3704816987622,807669
2018-07-10,566.3305053710938,568.9533171682054,561.2306166005993,567.7876164483779,637074
2018-07-11,565.164794921875,577.4045633343532,562.0562794858488,566.3304956216349,945635
2018-07-12,554.0421752929688,569.8275452130104,549.0394628615409,567.3019097418043,672667
2018-07-13,549.1366577148438,558.65643952713,544.9596172481274,554.6736924218908,443857
2018-07-16,536.1683959960938,549.1366627561175,532.7199111357513,545.0081807693671,595956
2018-07-17,547.873779296875,550.6908845021686,536.5083007406945,542.04533483627,733176
2018-07-18,539.8596801757812,553.7022360777244,531.991303694889,548.2623781761204,567533
2018-07-19,545.6395874023438,548.5052512949825,531.505620581032,539.1311454995728,465986
2018-07-20,551.3223266601562,553.5565521003514,536.2655100853498,536.2655100853498,474758
2018-07-23,548.0680541992188,556.1307235738171,544.036689866919,549.8165756205773,290496
2018-07-24,546.6109008789062,552.5364617071186,542.433861336888,547.7279837025875,390732
2018-07-25,549.525146484375,558.5592229276397,545.6880756166984,547.7766251227753,457171
2018-07-26,552.9251098632812,554.6736313440183,543.7938564894275,549.6223009518866,398587
2018-07-27,556.3735961914062,562.9305962338192,550.3508583685226,552.633701364698,320860
2018-07-30,563.0277099609375,570.2161484961405,550.3022966321356,557.4421173649362,679353
2018-07-31,565.1162719726562,570.0704261458862,558.3164199678284,563.4163089714493,496126
2018-08-01,568.17626953125,574.6846523385357,563.8049357884416,566.7191582836472,436895
2018-08-02,570.507568359375,578.61885592523,564.8734171571667,568.2733431417756,572819
2018-08-03,580.270263671875,583.1844862585723,570.7019232282229,570.7019232282229,827313
2018-08-06,581.9215087890625,587.944245675042,576.3844755343719,584.107175129862,551808
2018-08-07,574.0046997070312,583.8158914716671,566.9133777197126,582.7959254826715,738874
2018-08-08,570.4104614257812,576.6760512805673,566.5248316603331,575.9474956995458,712742
2018-08-09,577.9388427734375,580.5130368017992,568.7590310126706,570.4104354457719,758096
2018-08-10,574.1503295898438,582.7473206190747,568.5161785506316,582.7473206190747,488294
2018-08-13,566.8162841796875,573.9075471708917,558.6078788318513,558.6078788318513,1063125
2018-08-14,567.9818725585938,572.3532055039549,553.8479078932588,563.5133633071149,664767
2018-08-16,566.5733642578125,571.187549393217,560.939213213635,565.8448087101171,656234
2018-08-17,582.9901733398438,587.5557406762032,568.2733275513589,568.2733275513589,1661785
2018-08-20,590.81005859375,605.1868778631554,585.7587276909835,585.7587276909835,1810601
2018-08-21,617.718017578125,623.206434064699,589.6443187204098,592.5585410534596,2343563
2018-08-23,633.4546508789062,637.68030803623,611.2094601866501,617.8150177002896,1941319
2018-08-24,642.731689453125,644.5287693139618,614.9494039885767,633.1147330827047,1416976
2018-08-27,634.5232543945312,646.9572558624163,632.6775568254719,642.2459542166538,1221307
2018-08-28,625.9263305664062,643.2659881221581,623.206401721387,635.3004356338857,776109
2018-08-29,629.0347900390625,633.9403850833567,620.8263864336611,630.5404595075097,727123
2018-08-30,640.788818359375,645.0144161952592,625.2948608111437,630.9290110223205,1131945
2018-08-31,646.6173095703125,652.3971357217788,638.4089058164683,645.9858710930945,1742479
2018-09-03,644.0430908203125,656.9142385629507,641.1288686899038,651.8143498347356,946530
2018-09-04,637.583251953125,650.3087250395308,624.6149862958006,643.071727726003,1126390
2018-09-05,654.4857788085938,659.0999642621608,639.5260801483948,639.8661083347667,1202598
2018-09-06,661.6256103515625,666.3855307155335,647.5888197094583,659.537119845336,1728992
2018-09-07,665.559814453125,672.2139315333716,654.7285980541799,661.5284499627544,1230314
2018-09-10,667.1626586914062,691.5450224989438,662.4999145525571,665.4141370505888,2620195
2018-09-11,650.3572387695312,674.7395402112833,648.803010682647,672.0681699250753,1309700
2018-09-12,654.1458129882812,657.5942976433726,634.3290769153518,649.2401578404681,960706
2018-09-14,672.5054321289062,675.9539170586456,657.8372019026859,657.8372019026859,1017120
2018-09-17,661.0427856445312,684.8422687426812,654.5343437147909,672.408264941241,1471812
2018-09-18,661.5284423828125,670.0768156833564,656.6714053609122,660.0713312762424,760703
2018-09-19,653.3932495117188,669.4686811444285,648.8628768111919,667.4226814396661,642324
2018-09-21,637.9511108398438,665.1332304171542,615.7377971397553,657.1442154600711,1131487
2018-09-24,613.5943603515625,641.7507470428885,605.5566442972325,641.7507470428885,957306
2018-09-25,618.22216796875,630.9363621229339,603.0723021580312,614.2763917780916,1239937
2018-09-26,637.415283203125,642.335328138895,624.3600591193367,624.3600591193367,1382163
2018-09-27,627.8187866210938,643.6018923050133,621.9731743041921,641.945683053606,743032
2018-09-28,615.8839721679688,638.925390857984,606.6284196731019,627.7213009957768,865754
2018-10-01,619.1477661132812,623.8242440352129,590.0171078556898,614.7635569118496,1042337
2018-10-03,609.55126953125,625.4805398682036,605.605433507094,620.6091960997595,676560
2018-10-04,586.3148803710938,609.3076569229773,563.2247007369602,605.995119621505,1732079
2018-10-05,570.629150390625,597.2266721855702,565.1732103656117,586.3148516001819,822352
2018-10-08,581.7845458984375,585.3405907784934,559.4737701132883,570.1420236827342,766621
2018-10-09,574.9646606445312,589.0427948954211,566.634616215849,580.0795709953031,733179
2018-10-10,582.9535522460938,584.80468624246,569.9470911317603,578.5693438527725,483219
2018-10-11,582.7100830078125,595.9601729457415,565.0758434046618,574.2339929284562,893280
2018-10-12,586.7532958984375,590.4068033448785,574.1365049571331,583.8304899412847,555685
2018-10-15,596.6908569335938,600.1494988081478,580.6641254702208,586.8020061787398,776606
2018-10-16,589.7734375,604.9233608840378,584.0252887869624,596.7394813539028,819871
2018-10-17,584.2689208984375,596.0088462299825,579.6898463536406,592.5502044177753,529012
2018-10-19,583.5869140625,587.776257312258,575.7927649598289,579.5924364332365,713818
2018-10-22,598.7367553710938,603.6567999010505,580.1282489238625,583.5868905559329,826063
2018-10-23,599.8572387695312,607.9436569286995,590.4555222122614,590.4555222122614,804261
2018-10-24,609.4537353515625,615.250645647663,594.5961386039348,600.1494817402381,707019
2018-10-25,596.8369750976562,606.8719901661051,584.8047805743204,606.8719901661051,813966
2018-10-26,578.1797485351562,603.0723009209526,569.2651665046691,603.0723009209526,938566
2018-10-29,588.8966674804688,591.3810405188812,574.3800415467867,577.2541458112637,575082
2018-10-30,588.4583740234375,600.1008984487848,583.8305970754055,590.4069116857668,664523
2018-10-31,605.508056640625,608.3334599345419,589.4813230554374,590.796621608667,730530
2018-11-01,607.9923706054688,617.004356084373,599.4188179346829,605.7515644874264,708721
2018-11-02,610.3306274414062,626.7957324805867,605.4592840337242,607.9436572787138,634596
2018-11-05,614.7635498046875,619.4887292146352,601.5622208103679,613.5457139294801,516105
2018-11-06,640.5816040039062,644.4786784008882,610.866411726919,610.866411726919,2361968
2018-11-07,648.4244995117188,650.8114696391016,643.0173203021064,643.7967233428778,420400
2018-11-09,658.751708984375,662.405216075249,644.965785108957,647.8885907816561,1392249
2018-11-12,644.0889282226562,666.0099710606406,640.7277492258729,659.5798222806857,819350
2018-11-13,658.8004760742188,661.5284164139256,625.6266402809991,643.0173119781898,1230531
2018-11-14,638.243408203125,667.2766633359317,624.7498103540448,667.2766633359317,1927144
2018-11-15,647.7424926757812,652.7600000440654,638.1459701923326,640.0945075058969,885893
2018-11-16,630.3031616210938,656.6571186595304,628.79305699485,653.9291781307281,688643
2018-11-19,629.62109375,636.9768099155832,622.6063478145194,632.8361682932428,747558
2018-11-20,619.0503540039062,632.7388173070175,611.1100403356492,631.4722798935508,1053489
2018-11-21,624.65234375,630.5953584914497,619.0502992365572,619.0502992365572,597526
2018-11-22,621.9732055664062,631.959460443052,615.1045631770937,627.7213556214925,664173
2018-11-26,625.0907592773438,631.6670728460417,610.2819229610255,624.9933561955157,1302248
2018-11-27,629.2802124023438,639.3151686821191,616.7121216817392,626.8932420605674,1190266
2018-11-28,632.0081176757812,636.1974611934683,626.4547741920369,630.3518489926095,548137
2018-11-29,620.8526611328125,638.1459286653467,616.9068852225417,633.3719887719195,1094871
2018-11-30,636.3435668945312,638.6817758815392,623.9703436451312,623.9703436451312,1936061
2018-12-03,605.702880859375,650.5679439477955,601.367373121343,639.0228832921985,2178887
2018-12-04,603.802978515625,615.6403660593902,594.4012625269853,605.7028142215505,3300878
2018-12-05,610.6229248046875,614.763566895505,599.4188344412987,600.3444016251161,1208374
2018-12-06,609.405029296875,612.814969508768,600.1494772931654,605.3130891496758,965058
2018-12-07,627.96484375,634.2001868689015,612.4740079607475,612.9123812796411,1766739
2018-12-10,618.66064453125,629.377600578248,610.5255244087047,622.0705850916585,826841
2018-12-11,647.888671875,650.3243435737782,614.2764024318609,614.3738055139555,1567642
2018-12-12,641.6533813476562,653.6369346635914,638.6818735235232,646.0375907662727,877502
2018-12-13,659.8721923828125,664.451267261266,637.0743400060068,645.7939974811957,1423964
2018-12-14,651.3472900390625,667.9585585259723,644.0889767484931,660.8464093178553,880275
2018-12-17,667.0330810546875,680.0395442542086,653.8316927599877,655.5854239701789,2052539
2018-12-18,668.4456787109375,675.168155998072,662.5026638942121,665.4254697643337,746278
2018-12-19,669.2738647460938,675.7040140861291,660.5541483869953,668.8354319582187,746190
2018-12-20,668.9816284179688,672.635136052674,662.7462849355479,668.6405986932774,411515
2018-12-21,654.9034423828125,676.8244884792457,652.3703080439942,670.1994731074745,1119618
2018-12-24,659.6286010742188,664.0615116966151,648.9116455426648,649.8372126860454,524151
2018-12-26,653.782958984375,658.6056006453418,645.7452427043098,658.6056006453418,590655
2018-12-27,665.5230102539062,670.2969512799871,645.5992603638882,659.0928597978361,1026004
2018-12-28,678.8217163085938,682.7187911062032,661.5284468942019,670.2968651888231,1014317
2018-12-31,675.2169189453125,687.7363075730507,672.6351425373495,678.5781578945746,991436
2019-01-01,674.3400268554688,679.6497430874581,669.858355672649,672.7324598996878,436483
2019-01-02,665.4742431640625,673.9990945391429,655.7315558782564,673.9990945391429,583438
2019-01-03,644.5274047851562,665.0357476969654,642.3840018912584,664.9383446191403,612332
2019-01-04,647.1578979492188,648.8628679475795,639.1201822426609,643.5043908098743,818827
2019-01-07,636.830810546875,651.7858125038167,629.1827649605307,651.7858125038167,1079160
2019-01-08,637.6588134765625,642.4327535130442,632.543903208034,638.1459477878509,585844
2019-01-09,639.80224609375,643.455753598323,631.6183654976503,638.6331117993585,589840
2019-01-10,650.6653442382812,652.7600457829947,635.2232087321082,639.0228805456578,571292
2019-01-11,634.5411376953125,656.0237487847598,631.0337944636368,651.2985697831082,1007280
2019-01-14,649.544921875,652.808698071805,631.5696533611493,635.125757725128,679289
2019-01-15,647.9374389648438,654.1727829303729,642.4815575934911,652.760081309237,587843
2019-01-16,639.071533203125,651.7857271995151,635.7102944658948,647.401518272164,786856
2019-01-17,644.4786987304688,646.9143703054139,634.4924452731939,638.8766541080951,599607
2019-01-18,623.9216918945312,645.9401404685373,618.6606171908313,642.9199313200764,959374
2019-01-21,629.4750366210938,637.902485376029,620.7066175781243,623.2884536377464,796703
2019-01-22,640.0458374023438,641.7508076354535,625.5292099174376,625.5292099174376,567971
2019-01-23,632.6901245117188,639.0715726738478,629.3288855668895,639.0715726738478,429188
2019-01-24,633.0311279296875,641.0688452139044,625.1882762907445,637.1230686218544,523889
2019-01-25,630.25439453125,639.1202151939699,624.1652156517342,635.0282750940079,273361
2019-01-28,615.3480834960938,631.277412325702,612.8637102187103,631.277412325702,358789
2019-01-29,629.0365600585938,632.6900673938726,607.7000534347104,619.5374409868688,452693
2019-01-30,622.1679077148438,628.5006536508828,614.032788644402,627.4289819706385,367742
2019-01-31,634.8822021484375,637.171709735484,620.3655751897087,621.6321125668969,366009
2019-02-01,644.8197021484375,647.8886722766571,629.8647016945245,637.9511198465531,398672
2019-02-04,629.6697998046875,647.5963662723252,624.7497551463649,645.9400977185808,537394
2019-02-05,619.0990600585938,635.8564936659758,614.5199852553204,628.4520158342922,293822
2019-02-06,624.9933471679688,627.9648546964941,611.3535858891667,616.7120635344104,377161
2019-02-07,623.4345092773438,631.2773597194788,617.2478679056861,631.2773597194788,351239
2019-02-08,598.6393432617188,628.403236606511,595.4729703640891,624.4087591984322,832818
2019-02-11,587.14306640625,608.0410828255872,582.6126930838709,598.2009925643757,628726
2019-02-12,585.9252319335938,595.2781878587743,577.7900524436443,589.4325755393755,604163
2019-02-14,593.5245361328125,598.2497157983059,575.9876985814043,582.5153111184686,744340
2019-02-15,554.6998901367188,593.5245355807027,539.7448885801487,593.5245355807027,4210524
2019-02-18,562.25048828125,565.0758915247325,548.2210535497691,560.2045476322779,1093956
2019-02-19,564.2477416992188,576.7670707152037,559.2302341056197,562.8350401905182,700823
2019-02-20,571.8469848632812,575.2082235331877,564.2964029729665,564.686074746587,435907
2019-02-21,571.74951171875,576.5234517080172,566.2449297344139,575.7927502483112,402915
2019-02-22,577.7413330078125,582.612676456445,568.2909148245371,574.6236613077593,513603
2019-02-25,577.7413330078125,587.824990160625,574.9646910279487,577.7900345493705,496779
2019-02-26,573.6007080078125,582.6126936537951,557.0381397935741,573.6494095508081,788030
2019-02-27,568.5344848632812,582.5639778519303,565.0758428902435,575.6466344412128,398269
2019-02-28,581.1998901367188,582.904860094898,569.2163988950135,572.6750403458221,588615
2019-03-01,583.6355590820312,586.5096631782399,572.5289333650768,577.7412462868708,519603
2019-03-05,588.7992553710938,592.3553598534389,583.0511058144587,584.5612103816832,387115
2019-03-06,588.1173095703125,594.3038918719759,581.9306678040083,589.5299515776397,593887
2019-03-07,595.66796875,605.361895748764,585.4381463389377,585.4381463389377,962522
2019-03-08,582.661376953125,598.200974419324,580.2744067746472,595.7653026993756,533133
2019-03-11,600.39306640625,601.6109022407454,582.6126632226167,582.6126632226167,387004
2019-03-12,618.9041748046875,625.480488350428,602.0980401877952,602.9749057797502,1518843
2019-03-13,616.0786743164062,629.0364931931797,613.7891670821903,617.1017038332483,713677
2019-03-14,614.8609008789062,620.1706767385948,609.0152891723802,616.0787366510992,424422
2019-03-15,625.0421142578125,635.2232347444216,616.8095313010944,617.9786657119581,1533529
2019-03-18,627.2828369140625,629.6698069629501,614.86091181672,624.0190607723808,444082
2019-03-19,628.9877319335938,634.8821040438717,624.359956469425,627.2827620257422,519407
2019-03-20,632.5927124023438,641.0688627541812,624.4088902587387,629.3776372936186,624294
2019-03-22,628.6469116210938,638.584464774829,623.5320006780317,634.2489569396855,328279
2019-03-25,619.2938842773438,625.4804663502485,614.0815113789752,618.1734515564373,690354
2019-03-26,632.3003540039062,634.2975928439646,619.9271302529667,623.4345330726039,600366
2019-03-27,624.749755859375,634.2488749543129,623.5319200779727,632.690068939973,296494
2019-03-28,633.56689453125,634.2488944827616,621.144969178477,628.4032825520449,471259
2019-04-01,636.3435668945312,639.9483131825816,625.5778511740797,631.3260597633353,363614
2019-04-02,633.95654296875,640.4353930002126,629.2800659279682,640.4353930002126,291133
2019-04-03,624.8472290039062,636.5872148248097,619.9271837882543,630.936408593734,259558
2019-04-04,637.5614013671875,639.5099385847344,621.1449396305732,628.0135214294985,632258
2019-04-05,627.96484375,641.5072017123147,625.4804705961674,640.7765002279734,418976
2019-04-08,628.1110229492188,634.1027395862343,622.2654109338042,628.0623214086851,287618
2019-04-09,624.4088134765625,628.1110225242253,618.7580076271063,625.4804852261406,202389
2019-04-10,633.17724609375,637.9998285426922,621.5834248844991,623.5319622665821,385828
2019-04-11,634.4924926757812,636.24616444783,629.4749850706838,630.838985040412,238947
2019-04-12,632.1055297851562,642.3353512827208,628.4520221074547,632.9336938708879,672693
2019-04-15,628.20849609375,636.1975119654181,624.6036897226091,635.5155119279623,299389
2019-04-16,626.30859375,638.0485788519406,624.3113548597773,628.5006982680924,570877
2019-04-18,622.703857421875,631.9106489769086,617.5889467959045,629.3775741670465,496634
2019-04-22,609.9895629882812,624.4087862256315,607.3590852696383,622.5576520502685,334980
2019-04-23,613.1072998046875,616.5172403591793,600.685373499039,608.9179561592407,440451
2019-04-24,620.024658203125,622.1680018880364,611.7920753472388,616.7121206570237,472069
2019-04-25,624.7010498046875,629.0365570480631,620.0245723308395,621.5833783339098,978919
2019-04-26,631.1312866210938,638.0486304496952,624.9934053670047,627.4290772507421,844766
2019-04-30,621.9732055664062,637.3666402150382,615.5916975613203,630.6441619268522,515973
2019-05-02,610.7691040039062,621.9244336350877,605.9951633364586,620.3169258741561,313580
2019-05-03,616.906982421875,619.0503855579558,603.0723543231484,609.8922355513585,482047
2019-05-06,607.7001342773438,621.0963296221349,602.4390592288039,615.2507171080442,433045
2019-05-07,618.5144653320312,622.5577042550692,607.943673638753,607.9923751812122,377102
2019-05-08,588.166015625,620.07331498267,580.7615379578705,620.07331498267,931282
2019-05-09,594.5961303710938,597.2266675534082,584.5611754193229,584.5611754193229,555141
2019-05-10,601.3673706054688,610.866490675786,591.6246833538613,599.0778628871985,524495
2019-05-13,577.1080932617188,600.880275494376,573.9417196981083,595.2782299587576,720449
2019-05-14,587.1918334960938,593.2323121120031,567.8525616155072,568.9729945515973,701925
2019-05-15,573.3084106445312,598.2009632653316,571.1163061374515,589.4325452370124,466689
2019-05-16,561.3736572265625,578.569464727468,552.410372968015,576.7670913528482,861242
2019-05-17,566.1475219726562,570.8727608814003,554.99219284684,563.1273127661689,454240
2019-05-20,561.8607788085938,580.956421801906,559.473808568269,570.9214659486383,377365
2019-05-21,560.6428833007812,570.3368678594626,551.6308986617637,565.0757935816409,516221
2019-05-22,555.3818359375,562.9811195679074,552.4103284270724,562.9811195679074,467037
2019-05-23,547.8800048828125,566.780842318839,544.7623924709957,561.6659314083553,783801
2019-05-24,544.6162109375,552.4103606468024,540.7191360828488,549.6824201414752,707301
2019-05-27,545.0546264648438,550.2669401317708,542.1805219577639,545.5904623474353,432832
2019-05-28,542.7163696289062,551.143817703721,541.2062650307498,549.4875490141186,735034
2019-05-29,530.586669921875,544.6161619218162,523.4258193067903,542.5702215931171,726540
2019-05-30,539.7935791015625,543.4470868467648,523.4258762959851,523.9617122056858,1894226
2019-05-31,531.3173828125,534.5325169190505,522.8412931559988,529.0278752780913,1412679
2019-06-03,532.2916870117188,534.8735228843584,526.3973731970875,532.9249854603717,489718
2019-06-04,526.6896362304688,538.3808606481452,525.3256957271919,532.9249797057532,463313
2019-06-06,524.0591430664062,530.6841581508118,521.4773072967362,529.3201582225632,489409
2019-06-07,513.7806396484375,524.7411638991929,504.9148171514642,522.0132230897126,697488
2019-06-10,519.5775146484375,522.2567537221086,512.4653646367126,513.4396333907748,296990
2019-06-11,514.1215209960938,521.1849679185838,511.4909840423779,521.1849679185838,346085
2019-06-12,509.7373962402344,516.5572771470218,507.3504260299303,513.4396054109905,317673
2019-06-13,509.7373962402344,516.1188443386569,505.8890229784759,509.7373962402344,486208
2019-06-14,512.2217407226562,519.285188407372,504.86602433701813,509.7373675678565,528225
2019-06-17,507.2530212402344,517.7264097404448,505.7428571870949,515.0958723637426,528454
2019-06-18,513.5858154296875,524.0104438905767,506.8146354595036,508.56830738514356,798533
2019-06-19,496.1463317871094,514.462571318035,492.10312265862706,513.4396010835673,956860
2019-06-20,503.94049072265625,506.52232659244777,493.27223644516874,494.97720668927633,414945
2019-06-21,487.08563232421875,506.3761400523319,483.8705278813198,506.3761400523319,1594667
2019-06-24,449.1378479003906,482.2629820188576,447.18931059930435,482.2629820188576,8038743
2019-06-25,443.8280944824219,456.83458757653386,439.9797509560312,456.83458757653386,5483276
2019-06-26,441.68475341796875,451.08644111460546,439.9797830681835,445.67926132678735,2398269
2019-06-27,436.667236328125,445.1920873183258,435.2545348425349,444.5587888874829,2011422
2019-06-28,431.9420166015625,443.58450925574994,430.6267479633552,439.3464643682109,1875368
2019-07-01,429.89605712890625,436.32623639446564,427.7039525883056,431.89329603963637,2091239
2019-07-02,429.5550231933594,433.7443960459081,426.82708298469566,433.6956647761316,1921264
2019-07-03,431.9906921386719,434.91349794439,427.752617773917,428.8730504519635,1011096
2019-07-04,428.8730773925781,434.37768939266806,428.2397789757026,433.11112229123705,673117
2019-07-05,419.4714050292969,431.8933317875326,418.1561659819304,430.3345255488282,841708
2019-07-08,425.3170166015625,427.5091213183478,412.74895550512497,417.96129933372345,932003
2019-07-09,437.6415100097656,441.10015198663854,425.3169872230673,427.55782306261295,2423296
2019-07-10,434.4264221191406,439.3951986041442,429.6525112736754,439.3951986041442,1068742
2019-07-11,439.6874084472656,446.79958708542324,437.25173694083867,438.37216961964964,1901817
2019-07-12,439.7362060546875,445.77665446248784,436.4723997972392,444.2665497936184,1294664
2019-07-15,434.2315673828125,441.8795528197415,431.6010300247222,439.6387467238282,489116
2019-07-16,441.6359558105469,444.5587616854871,431.6010008661795,432.0881351786695,968731
2019-07-17,435.0596923828125,445.2408125719714,434.28028928655635,441.6360063540615,738913
2019-07-18,429.50634765625,436.9594970099558,426.97324317639493,435.2058253028439,783574
2019-07-19,421.71221923828125,435.3032499732694,419.9098161690496,429.45763768321297,719816
2019-07-22,416.4998474121094,421.7608921697984,409.6799668696889,421.66345935844276,843733
2019-07-23,410.50811767578125,420.68920762699366,407.78014750971954,418.59453589405103,903952
2019-07-24,406.8545837402344,415.5742700944595,404.3701809071311,410.5567926222501,1214708
2019-07-25,414.6487731933594,419.90981833508397,404.32151881452404,407.244324974629,1201471
2019-07-26,415.1846008300781,422.8326160765444,413.8206305956503,414.64876493765615,629174
2019-07-29,411.579833984375,415.0871776018296,407.19562473023484,414.064207335459,567263
2019-07-30,407.1468505859375,426.0963871487745,399.6450000470098,413.18732792634256,1163187
2019-07-31,415.087158203125,416.4998596785888,395.35821748150767,401.3986951756224,980592
2019-08-01,412.31048583984375,421.8583062831163,406.6597100871916,411.8233515369764,797884
2019-08-02,414.0154724121094,418.54581566299623,406.7571591169745,409.1928307284534,478131
2019-08-05,401.59356689453125,418.30226902249086,397.84262648238007,409.0467164448217,884840
2019-08-06,404.37017822265625,410.5567898967045,401.88580513836473,401.88580513836473,668926
2019-08-07,403.6882019042969,406.9520076732747,399.6449931452579,404.37017208752087,715457
2019-08-08,415.1846008300781,418.93554127399557,403.68824205548765,403.73694359759105,854250
2019-08-09,415.2333068847656,424.5375605178164,411.6772025575675,417.7663815667158,816459
2019-08-13,404.90606689453125,424.7811418993197,401.39869372137554,415.233320786254,1649499
2019-08-14,374.31402587890625,396.3812047757073,369.7349513474201,390.6817272472081,3867432
2019-08-16,351.85711669921875,372.0731911693777,347.0345047252473,370.1733851428991,4823411
2019-08-19,358.677001953125,362.72021095378386,349.8598824553392,351.51612134127464,1893825
2019-08-20,364.57135009765625,366.17888746502916,356.3874694413571,360.4794097695067,1538093
2019-08-21,353.7569580078125,367.44542085038967,351.6135550530972,365.05848046188225,1219825
2019-08-22,350.6393127441406,356.2413579857938,347.13193934203247,354.14668614624884,1002173
2019-08-23,358.677001953125,360.86910644252896,344.40397200191416,352.5878228158917,1190796
2019-08-26,368.5171203613281,371.0014935494878,350.15215018800086,358.5308666040152,824461
2019-08-27,365.20458984375,373.48587292532113,362.91505269238144,366.8608286206734,1535990
2019-08-28,368.66326904296875,372.1219407571301,362.2330896955261,366.81216446490885,769987
2019-08-29,373.2910461425781,376.06771788169215,366.3737324319688,366.81216523952617,1477289
2019-08-30,374.41143798828125,381.6697514727134,370.0272289732788,374.9960051367456,1328650
2019-09-03,380.79290771484375,384.68998231398285,372.17062421778456,376.0189972773623,717621
2019-09-04,372.80389404296875,382.20558059591167,362.81764035188894,382.20558059591167,1296542
2019-09-05,379.96478271484375,381.7184544344456,373.24233481327593,373.24233481327593,452389
2019-09-06,380.890380859375,383.6183214747105,372.56036518224477,379.28281363114655,675693
2019-09-09,374.7037658691406,382.7901845725668,371.39125807733916,382.7901845725668,635977
2019-09-11,374.8498840332031,380.9390634359517,372.65777944821366,378.9905260270722,1206799
2019-09-12,372.3167724609375,379.38022043543356,370.4169663623621,373.3397724207742,954743
2019-09-13,359.40771484375,370.02723764928726,355.80293851961915,366.4224613251564,2097047
2019-09-16,364.42523193359375,372.12197922227233,353.85443926304947,356.5823800040304,1683232
2019-09-17,361.0639953613281,368.8581451598141,357.6540548244905,361.69726408599075,908245
2019-09-18,353.513427734375,362.33054817486334,351.0290245413662,361.35627940873985,1099344
2019-09-19,351.0642395019531,356.3054723527179,349.5457352738576,353.7583280806805,862346
2019-09-20,345.3331604003906,353.7093144597684,340.92465196974734,347.83130321891065,2747720
2019-09-23,345.3821105957031,350.2314815295717,340.63074238634607,347.7333388649178,949053
2019-09-24,341.8063659667969,348.9579646307951,340.9246702129102,345.9209860144185,968546
2019-09-25,338.67144775390625,343.86367938694366,336.0263305690076,343.7657065472968,982888
2019-09-26,339.0632629394531,343.71668816499533,338.27951022635955,339.651069999996,817062
2019-09-27,326.47454833984375,340.77771532680316,324.858101191702,339.9449910695447,1210851
2019-09-30,318.44122314453125,326.229599413702,312.8081294609613,326.229599413702,1649372
2019-10-01,313.2000427246094,325.44589941704623,310.5549257201986,319.3719425387531,840551
2019-10-03,313.0530700683594,317.65752416623644,306.78319739037556,313.49393287030273,767353
2019-10-04,309.03643798828125,320.5475427777753,308.59557520771205,314.47358616404944,862341
2019-10-07,279.7933349609375,301.786875270693,264.5105000875671,295.859892690538,9995055
2019-10-09,284.9366455078125,287.28784439298664,275.0909571990416,281.5567765561075,2718540
2019-10-10,283.8589782714844,292.8719413954639,282.43844683552555,284.9855911877035,1676721
2019-10-11,280.675048828125,285.0345859781922,274.552120188768,283.85897172059066,1430154
2019-10-14,274.5031433105469,283.1242147060739,270.92732913791906,280.18520901708354,2350700
2019-10-15,280.62603759765625,281.5567046807104,271.6130759586695,274.79699840002456,1248986
2019-10-16,280.0872497558594,282.92828274681904,276.2175766827445,279.6953882910914,896868
2019-10-17,282.683349609375,284.1038809730851,276.90331111382767,281.1648753078463,1182377
2019-10-18,293.7536315917969,295.37007877982614,281.26285711603305,284.1038900369804,1927084
2019-10-22,293.01885986328125,299.1907595709977,286.9939044539179,294.88022406901234,1623701
2019-10-23,293.1168518066406,295.85991187845684,286.74900602117714,294.39040900488834,1131376
2019-10-24,298.0641784667969,308.3996704777943,293.11686388083604,293.9005868201777,2128953
2019-10-25,304.4320068359375,308.1057639578515,296.9865197561028,299.5336640067189,2025089
2019-10-27,305.70556640625,308.35068351358314,303.69725778939085,308.35068351358314,93126
2019-10-29,302.864501953125,308.6445399549486,300.31735794806957,307.2240386096876,1059344
2019-10-30,303.4033508300781,310.21202906602906,300.6602610518394,302.9135165729402,1424761
2019-10-31,308.9874572753906,312.51427006431624,302.2277502032651,302.2277502032651,1448084
2019-11-01,309.3303527832031,315.2573357074568,308.4486570444787,310.5549385028516,1334886
2019-11-04,309.72222900390625,316.38399357474333,308.6935889091933,311.5346219348367,812407
2019-11-05,310.6528625488281,315.25728619327,308.2526629564466,309.72216558922526,1161397
2019-11-06,295.1741027832031,311.485606987831,292.96984869037334,309.08540723901694,2341017
2019-11-07,287.8756408691406,297.81927175931315,281.4587932268471,297.81927175931315,2794278
2019-11-08,280.62603759765625,290.3247492088237,278.9605892848734,285.57335127845687,2244016
2019-11-11,284.74066162109375,286.55305444056756,275.7277287872131,277.29517456902755,1224610
2019-11-13,269.2129211425781,286.4061231271706,266.7147781545215,286.16120597551355,2511009
2019-11-14,276.31549072265625,279.1565533135455,261.81640876309507,269.4088397000978,3244792
2019-11-15,294.8802795410156,299.778623054986,284.20189665998345,291.7453277332281,13094121
2019-11-18,358.1178283691406,362.3304210944691,304.0891135331112,304.0891135331112,39631542
2019-11-19,343.37384033203125,366.39605216599057,339.9939717422432,366.39605216599057,21121761
2019-11-20,352.04388427734375,357.28511677379345,337.64274525302187,341.9043092416159,9206098
2019-11-21,342.4431457519531,351.358135954429,341.2185600070282,350.7213573464906,3932196
2019-11-22,337.05499267578125,347.78237653042487,335.24262956084993,341.85539305825944,3098682
2019-11-25,342.2961730957031,344.84331721363503,331.7647365614799,337.0059690951433,4109299
2019-11-26,334.5078125,346.802639893306,325.64179486954686,341.9042975219316,17531681
2019-11-27,339.504150390625,350.7213681174735,336.2222844111274,336.5651445125456,7373413
2019-11-28,337.44683837890625,344.2555167495943,334.9976670447499,340.14092684647824,2212909
2019-11-29,330.4421691894531,342.39413670717397,327.06233084262664,338.91632553208234,1642852
2019-12-02,325.6418151855469,331.32391062909875,319.3719425384474,331.12796496317554,4747001
2019-12-03,320.4006042480469,334.1649660410979,318.882129874158,324.27030718385964,3652772
2019-12-04,318.6861572265625,323.2906112240523,316.04107016390475,320.49854996587703,2439403
2019-12-05,321.1353454589844,324.41724114966286,318.5392297265177,320.4005940310912,1869965
2019-12-06,318.2942810058594,330.4911654576755,316.09002694086433,321.52720490611756,3697394
2019-12-09,320.9883728027344,325.0050195665507,316.43292033156257,320.05770568120136,1867793
2019-12-10,324.31927490234375,328.8747577655241,320.8414633651695,322.7518290753492,3196898
2019-12-11,327.3072509765625,328.7767537227334,322.99671556721637,324.71113543774914,1518611
2019-12-12,334.6547546386719,337.88764862413603,328.2379082351896,328.7767438308396,3200517
2019-12-13,332.6954650878906,337.64277959694215,328.3849291942943,336.6631109894378,1211329
2019-12-16,336.6631164550781,342.884018193148,331.32394039576735,333.77311195428985,3101392
2019-12-17,339.0632629394531,342.6390468701848,337.0059531761074,337.0059531761074,1685339
2019-12-18,346.6067199707031,348.9089470355817,336.1242844560413,339.74904014168436,2387690
2019-12-19,343.5207824707031,352.1908554051623,340.9246667065271,347.7823467839572,3120051
2019-12-20,342.3941955566406,347.09659315050396,341.0226654165234,345.5291472172927,1606902
2019-12-23,345.18621826171875,347.2435281883322,340.9736255744413,342.29618409134366,1459046
2019-12-24,344.6963806152344,347.7823305263985,342.3941535745811,347.48844192423473,1262039
2019-12-26,340.04296875,345.5291187556836,338.9653273368477,343.96164305447223,989223
2019-12-27,340.92462158203125,343.37379271408605,339.7490074798015,339.8959816654116,617358
2019-12-30,338.67144775390625,342.8840107847016,337.83872346257795,340.04297781762244,522181
2019-12-31,340.3858337402344,342.44311368134873,338.1325782423275,338.86732962047125,607159
2020-01-01,338.67144775390625,343.226900774909,338.0836406131384,340.6307849583903,596315
2020-01-02,346.7046813964844,349.54571410988547,337.0059690797169,339.0632789401489,1356814
2020-01-03,344.94134521484375,351.6030802222029,340.7777533609655,346.8027097112722,2502770
2020-01-06,333.0383605957031,344.8433555527986,330.4422148251288,344.8433555527986,944180
2020-01-07,336.22222900390625,342.49210119781895,331.61777526152014,336.90797899084936,1270046
2020-01-08,333.5771484375,336.0263198650881,331.22594984643786,333.08731415198235,703070
2020-01-09,339.7490234375,342.2471960477979,336.516129350185,337.29985219040987,987182
2020-01-10,339.357177734375,346.99861031746747,338.03461922027134,341.36551618826905,1210675
2020-01-13,337.98565673828125,342.8839995895607,335.53648531264156,339.944993878793,854751
2020-01-14,335.3405456542969,340.2388885934313,333.6751269932588,339.45516568201487,1069524
2020-01-15,338.5734558105469,339.7490401286381,330.3932174639663,335.5364773355329,1616848
2020-01-16,344.8433532714844,348.1742205907067,337.49583864212036,338.76939588569803,2113311
2020-01-17,352.6317443847656,357.77500482437136,343.07997499692647,344.8923380912862,4672170
2020-01-20,343.5697937011719,357.38309719313844,339.74906220208663,355.57073418119325,2652645
2020-01-21,343.8636779785156,348.4191309808597,338.5734735274995,342.3452036101053,1313180
2020-01-22,342.9329528808594,349.30079824997256,339.5041130667215,346.998601149597,1520164
2020-01-23,343.76568603515625,346.3128302284227,339.94498469381233,340.92465323759853,777768
2020-01-24,343.6187438964844,348.76200378374466,342.00229676848204,342.00229676848204,1121453
2020-01-27,348.9089660644531,355.03189481715344,340.6307843290701,342.54112016164476,2693800
2020-01-28,337.8876953125,353.9542544278513,335.8303852660636,350.62338715591835,2133106
2020-01-29,328.7767639160156,339.16125629033615,327.6501510884441,336.9080007380823,2199018
2020-01-30,313.39593505859375,329.7564103351455,310.84879107761265,329.1686032784408,2696750
2020-01-31,303.8932189941406,318.09841403608704,302.32574321698587,312.02445661102996,2637001
2020-02-03,294.1454772949219,300.46435129723756,292.13716875932965,295.2720901294519,1106431
2020-02-04,307.6648864746094,308.9874449548599,294.5373342976606,295.81092131079873,1835911
2020-02-05,312.5142517089844,313.591893039127,303.59926237360077,308.7915233653389,1625853
2020-02-06,312.4653015136719,316.33497441641913,310.6039073180259,314.865471565401,739742
2020-02-07,319.8128356933594,322.55589589397664,311.68156813954056,312.46532098051256,1622090
2020-02-10,315.64923095703125,321.429269645794,313.2000594874612,320.8414625136747,685963
2020-02-11,324.4172058105469,327.9440182596769,314.57154970812155,316.4329138099347,1857413
2020-02-12,318.63720703125,327.5521971274577,316.5798970248771,324.46624706645457,1367150
2020-02-13,320.9394226074219,322.7518154023564,312.51426710724013,316.8248027430901,1134741
2020-02-14,327.0133361816406,330.442175961424,321.3312707911294,322.8497450204751,2220290
2020-02-17,304.089111328125,339.40618042276134,299.19076858799053,335.0466434251971,8581110
2020-02-18,305.60760498046875,307.6159134758459,296.9865041167648,305.95046504276945,2593163
2020-02-19,311.632568359375,313.4939326047937,306.9301414320364,306.9301414320364,1742796
2020-02-20,315.01239013671875,319.32295539858455,311.2406903782506,311.6325517937539,1529171
2020-02-24,294.7822570800781,311.5345950578967,293.7536170741088,311.5345950578967,2466283
2020-02-25,286.1612243652344,301.49303306481835,284.8386656818714,296.8396068842891,3741696
2020-02-26,289.8839111328125,297.72125934808076,288.02254691110846,290.961552491834,4896790
2020-02-27,287.777587890625,293.99848811040533,282.9772187869346,291.4513443317819,2441594
2020-02-28,271.9070129394531,286.6510435771246,269.4088699226522,280.13625324750865,2591081
2020-03-02,268.23321533203125,281.65468534012615,266.3718512170314,273.81733757414,1503003
2020-03-03,276.5603942871094,280.7729866031911,267.89035233417405,269.4577979524188,1757918
2020-03-04,283.369140625,286.25917493421247,274.94398474281167,279.00960342577025,2796184
2020-03-05,284.6916809082031,288.90424362999795,281.0179239192736,285.47540377366374,1745178
2020-03-06,273.6214294433594,276.2175751645438,269.1149777776266,272.347872215585,1441326
2020-03-09,260.5428771972656,268.91903180276887,258.1916486299334,264.6574673958707,1272032
2020-03-11,253.63621520996094,268.429218253732,251.28501635796448,260.5918688156669,1326624
2020-03-12,195.14996337890625,244.91712646663814,192.21095786130658,244.8681400516338,8286701
2020-03-13,205.33853149414062,212.8819762451897,158.3634131496533,177.32000533475207,6749442
2020-03-16,213.37181091308594,240.01879220030685,191.03536522065238,198.87271353739712,7254756
2020-03-17,202.30157470703125,219.44577595338984,200.83207174305767,213.46979125380767,3615136
2020-03-18,194.66014099121094,216.2618358519807,191.03537028827284,207.39583234376246,4451907
2020-03-19,200.78305053710938,206.71004778804138,181.58155743683164,192.11299352081954,2977801
2020-03-20,207.39584350585938,214.40048309588778,199.950370975861,203.03632114410502,4261992
2020-03-23,184.27565002441406,203.72206069532945,180.69985104590194,192.01502516118262,1570780
2020-03-24,186.72482299804688,200.78305707307578,184.17767890609377,199.85237498320814,2270295
2020-03-25,187.655517578125,192.79877757075968,183.54091257372846,186.13702830487404,1812602
2020-03-26,203.9669952392578,211.9513031304189,188.09636724285332,191.03537298102287,2970631
2020-03-27,195.1009979248047,211.80435073408458,193.04370281059008,206.46515979320068,2312176
2020-03-30,191.77011108398438,195.49285441657736,186.13701714409723,192.99469672309027,1364755
2020-03-31,201.664794921875,203.7710765121693,192.99472150431419,194.95405877846966,1545954
2020-04-01,199.70542907714844,209.3551548027057,196.42353363303485,201.9096831952249,2367599
2020-04-03,208.71839904785156,215.03725855321184,191.8191156307996,197.45221010315026,4511882
2020-04-07,223.3154296875,228.9975099289233,212.58806269337478,228.26275856016738,4749182
2020-04-08,228.8505859375,239.2350639013955,220.47441660086426,224.63800805986182,4713905
2020-04-09,242.6149139404297,245.65189246881855,233.40603541653445,237.96148826056174,5003934
2020-04-13,293.01885986328125,301.7379036985243,247.85613518093066,253.6361734606686,18479971
2020-04-15,313.2489929199219,335.5364505866247,302.9135025322286,322.31092625693293,21789774
2020-04-16,313.5918884277344,320.1556493473371,304.67689922344636,317.41258954468367,8575473
2020-04-17,308.05682373046875,325.0050796795543,305.6566235418868,323.3886323614,6630841
2020-04-20,307.6648864746094,318.8821029775168,299.77856685443976,308.7425278250769,4512316
2020-04-21,308.9874572753906,322.84976139443245,298.30907597048366,301.54197025368364,9106072
2020-04-22,311.7305603027344,323.19266497799106,306.3913544769055,310.5549460245533,7429517
2020-04-23,333.2832336425781,342.8839729256525,314.32664230283797,314.473586597527,19683267
2020-04-24,337.8386535644531,353.6113207766395,335.0465926463125,335.73237248484065,17702679
2020-04-27,335.14459228515625,348.22317244517313,333.57711674101887,344.8433042374116,6288920
2020-04-28,321.0863952636719,340.0429893387531,319.3719751516614,340.0429893387531,5187861
2020-04-29,322.99676513671875,328.6788313350815,318.8821448571357,321.0863993146735,3458501
2020-04-30,330.197265625,351.70100178786566,328.9726799641787,346.8026591445806,11119464
2020-05-04,330.4912109375,340.23889565028543,323.2906406882037,330.63815524929925,8534826
2020-05-05,318.1963195800781,338.96530391769426,316.33495539347814,338.96530391769426,4686025
2020-05-06,327.89508056640625,332.6464491875475,318.49025636579296,319.7638135410678,4634569
2020-05-07,329.36456298828125,337.0059653602808,326.2785832831371,329.16861732864635,3739422
2020-05-08,326.9643859863281,336.7121002389976,326.03368888385177,332.10764599060747,2748705
2020-05-11,328.3848876953125,332.74439450951485,322.3599026028657,331.1279474908306,2928897
2020-05-12,325.39691162109375,335.9773501828312,322.8497673434285,329.5605030701444,3147529
2020-05-13,330.0013732910156,335.04666059244414,327.74811757683375,335.04666059244414,2759039
2020-05-14,339.4061584472656,344.7453337500503,326.32757819848183,329.65844506668765,6787308
2020-05-15,332.7444152832031,346.55774774518983,329.16863107387644,342.88399070195464,6867386
2020-05-18,320.547607421875,334.0670233890366,318.9311301652031,334.0670233890366,2729565
2020-05-19,325.5928649902344,331.5198480577632,321.91910774248186,324.76014070132123,2926620
2020-05-20,336.71209716796875,342.8839971579674,324.7111572674399,326.3276044174765,2539359
2020-05-21,343.03094482421875,347.2435376259893,338.0346291229669,340.82669053517634,4531165
2020-05-22,344.8433532714844,356.2075152109901,337.98567295074463,339.9450101852417,7838892
2020-05-26,341.12060546875,353.1705168303298,337.9856541094696,349.6437040254173,5183624
2020-05-27,341.9043273925781,345.8230016320346,337.054956062406,343.7656916768976,3046904
2020-05-28,336.22222900390625,344.50040959137164,334.5567806552707,341.9532656040327,2584546
2020-05-29,347.831298828125,351.162195740253,336.46716782360875,337.3978349867297,6281325
2020-06-01,361.2527770996094,366.39603697695975,349.00692024877515,350.72134020789196,7891926
2020-06-02,380.79718017578125,385.4506058228882,364.53467614541694,365.4163718675517,10222147
2020-06-03,382.2176818847656,390.15300318316764,380.1114004647057,386.9690803699968,3661001
2020-06-04,387.60589599609375,395.6881623711677,380.6012711171192,383.44230422711627,4296944
2020-06-05,394.36553955078125,405.53378427882734,390.6917827052687,391.8673968546766,5644940
2020-06-08,391.62249755859375,398.97001158408335,385.9894034723851,397.69645444517624,3186873
2020-06-09,393.63079833984375,404.4071520314455,388.87942994805326,392.4552140572081,5100330
2020-06-10,393.2879638671875,399.11697398684663,391.32862670485923,396.61883106372306,2837492
2020-06-11,376.63360595703125,398.6761494996485,373.7925430938479,387.2140148986423,3709090
2020-06-12,395.63916015625,397.74544161394573,363.4570414748125,363.4570414748125,5516137
2020-06-15,387.3119812011719,400.19461711922247,385.0097540461553,395.7861084851062,3273136
2020-06-16,385.10772705078125,396.27594294928673,379.1807141685256,389.9080971416962,2683741
2020-06-17,390.49591064453125,394.65950220204934,385.107733334802,386.96909769874037,3331434
2020-06-18,397.402587890625,401.6641525618629,389.9081285844425,391.8674659140126,5132675
2020-06-19,401.02734375,408.5218024925633,399.41089655409223,401.66412235479845,4870999
2020-06-22,509.1827087402344,561.399028432866,441.09574720594617,441.09574720594617,89264838
2020-06-23,475.1392517089844,538.8177081235905,465.58748324679345,538.8177081235905,65123055
2020-06-24,449.8638000488281,467.5957764892159,444.0837318155234,465.58746796551566,24558420
2020-06-25,448.7861633300781,460.3462401220255,425.17614557997086,440.85084219121404,17246798
2020-06-26,457.2113342285156,468.0366599835766,452.1660171681458,455.54588569830065,11100642
2020-06-29,458.2889099121094,474.84533139204416,455.643822914395,465.24456220466465,14878704
2020-06-30,441.1447448730469,455.3499391303474,437.03015481954435,452.6068790946791,10571136
2020-07-01,426.35174560546875,435.95248500171874,415.2814735536759,435.95248500171874,21050867
2020-07-02,426.4007568359375,433.2094655438,419.3961323469467,424.1965024927305,6182872
2020-07-03,423.9025573730469,430.5642909857693,421.7472747881084,427.2334241794081,3320387
2020-07-06,419.2981262207031,427.13547437436114,417.9265962732351,424.19646881673935,2822638
2020-07-07,408.031982421875,418.3185029871323,406.56247948398106,418.3185029871323,4589928
2020-07-08,410.82403564453125,416.35915728549224,406.70941554309996,407.05230553440475,3660081
2020-07-09,423.1678161621094,425.61698738680707,411.90162852850005,414.39977121884783,5092773
2020-07-10,417.9756164550781,430.4174200579368,416.3101977165889,423.4617667814673,3394828
2020-07-13,407.0522766113281,423.21680745148916,405.09293953979346,420.1798290111882,3109236
2020-07-14,398.8230895996094,411.7057255990752,396.76577957793086,408.4728312058038,4463031
2020-07-15,407.3461608886719,414.3997862301572,402.64376392575554,406.56243802722275,6415222
2020-07-16,413.95892333984375,416.16317752141293,403.81937802231425,408.4238021522145,4249014
2020-07-17,421.0125427246094,426.9395252590378,415.9672558709151,417.3387858072917,5643984
2020-07-20,410.1382141113281,412.9792467996791,396.76574498209436,402.64375601886616,4730004
2020-07-21,405.729736328125,417.92662210498025,403.9663448434022,413.90997494854236,2870855
2020-07-22,405.28887939453125,411.4118076552831,403.0356238563082,407.54210503564366,1787688
2020-07-23,412.8813171386719,421.9432511116542,411.9506200690887,415.3794599507577,4634869
2020-07-24,416.5550842285156,421.2574813639663,409.6974042993348,413.4201328734739,3690189
2020-07-27,416.8000183105469,418.85729845523406,405.58280086873776,416.5551011602638,2485341
2020-07-28,412.2934875488281,420.76761395760957,410.4810948736633,417.3387742629608,2203632
2020-07-29,415.575439453125,419.29816824033867,412.538460759812,416.35916238818675,2160965
2020-07-30,432.4256896972656,440.75287232810354,410.97095454547025,414.39979445228585,14081243
2020-07-31,443.153076171875,449.17803179670506,428.11515789566005,435.0708106051949,9864873
2020-08-03,440.6548767089844,452.5088714675987,438.89148537836166,446.14102625563584,4667272
2020-08-04,436.3443603515625,447.31665992357944,433.55229904200263,444.7205442802421,3813428
2020-08-05,438.4506530761719,443.4959700894492,433.307393124359,436.932178763529,2508390
2020-08-06,451.82318115234375,454.95810280952037,438.89154336228796,440.8019091371077,5681784
2020-08-07,444.230712890625,457.4072368589244,441.83051300084463,454.02739832301626,4652737
2020-08-10,461.7177734375,466.95900613423703,444.7695195627847,444.7695195627847,7605497
2020-08-11,467.35089111328125,469.80006259987664,460.689156628587,465.881388221324,5263113
2020-08-12,457.1133728027344,467.3508916910925,453.5865598782541,467.3508916910925,2587347
2020-08-13,455.2029724121094,460.73809357766123,451.9210768865522,456.52553089519785,2103249
2020-08-14,466.0283203125,475.1392254604228,457.5051923505514,457.5051923505514,8861226
2020-08-17,470.8777160644531,498.6513274114903,466.9100701136394,484.9359667361251,12602063
2020-08-18,465.1465759277344,471.7103666120204,461.4238477139389,471.7103666120204,2510184
2020-08-19,470.9756774902344,479.0089719356524,466.61614027952953,468.28158885144467,4840841
2020-08-20,480.0865478515625,484.39711327147694,466.910024152343,470.2408911519136,5294057
2020-08-21,482.0458984375,487.5810496669245,479.3028384542457,482.9765955195567,3147524
2020-08-24,478.3231506347656,483.90727310793267,473.6697252061632,482.0458790188034,1947665
2020-08-25,474.01263427734375,483.9562640884018,471.8573515067694,481.115231270544,2173138
2020-08-26,479.93963623046875,481.01727765882146,465.34258021983743,474.012653220198,1732920
2020-08-27,487.6300048828125,496.2021044161618,477.24551261156154,479.98860240049964,5350886
2020-08-28,483.90728759765625,491.69563455731145,481.01725344398534,486.89526468770003,2028773
2020-08-31,460.05230712890625,491.2547530393566,451.333263959626,480.5273716222789,4787469
2020-09-01,473.4737854003906,477.09857089581504,455.05602911931436,459.4645374746145,2837415
2020-09-02,472.34716796875,480.2335174434319,465.63643266952084,475.92295206484556,1430559
2020-09-03,479.59674072265625,482.48677498853914,470.58380773727987,472.6900892019698,1558536
2020-09-04,466.958984375,483.66235023216433,464.36286883037036,472.2002168275074,1610031
2020-09-07,456.91741943359375,473.1799238303749,452.16602084428035,467.05699520938145,2324393
2020-09-08,451.7741394042969,468.77139448359446,447.0717423902651,459.46454339144367,2167528
2020-09-09,460.05230712890625,463.7260637926851,440.948772477256,445.74914187183873,2158172
2020-09-10,461.22796630859375,468.62448219911136,455.15403890859034,464.0690291748305,1645421
2020-09-11,475.28619384765625,477.78436660311183,458.7298012347306,461.2279440930745,3099827
2020-09-14,473.032958984375,482.19286578309163,466.32222352771566,477.0985774327679,1751856
2020-09-15,483.56439208984375,489.5893475662139,473.17989969881205,475.2372095899682,3742570
2020-09-16,489.63836669921875,493.5570411982829,478.42117888391596,484.93596925918735,3023906
2020-09-17,485.1092224121094,495.25052329562084,477.97091964094983,490.6721695967037,1865371
2020-09-18,501.0596618652344,510.4625484890899,487.4230349084839,487.4230349084839,9398003
2020-09-21,466.15582275390625,506.08107871530314,454.3899179515805,500.1735174851634,4136659
2020-09-22,452.2237854003906,469.1095880704581,434.8949637283667,467.9280638439977,3878375
2020-09-23,463.4974060058594,466.5004042647878,455.0791433113872,455.9160237771341,2598397
2020-09-24,447.3500671386719,459.559020649388,440.0640811764227,458.62364479621556,3167500
2020-09-25,475.1156005859375,477.5278667772817,450.9930588621367,452.12536547077394,2923782
2020-09-28,487.9645080566406,490.9182883353765,463.9896521180868,475.5586248764688,3585802
2020-09-29,478.2170715332031,493.28133995600996,474.96789497810147,488.35837249137916,2331982
2020-09-30,475.2140197753906,491.8044253176082,473.14636753334264,481.4661941547756,2870726
2020-10-01,483.484619140625,485.9953505576395,474.623277769204,479.497027542449,1755460
2020-10-05,489.5398864746094,491.31214270588777,475.9524785276449,483.4353949270359,2248978
2020-10-06,483.0415954589844,497.2197363880935,481.1708737474023,495.1520839500669,3124734
2020-10-07,483.0908203125,490.77066804707385,478.2171002582116,485.84770028673574,2319701
2020-10-08,492.24755859375,494.9551908631382,483.09082052700876,487.76763990140665,3879855
2020-10-09,484.7153625488281,498.35198837907757,481.51543371001986,496.2351183875015,2813712
2020-10-12,487.915283203125,490.72138060879865,474.7709843852048,478.8077935839053,2768312
2020-10-13,483.2877502441406,501.69963160896737,482.45083971678247,487.1768767399418,3901088
2020-10-14,478.9062805175781,489.1460470818656,464.3343084892548,485.40460373733674,3727822
2020-10-15,467.04193115234375,483.92770361066016,464.77734808156976,481.2692891507021,2644760
2020-10-16,483.3369140625,492.7397994502587,461.77432371920816,468.3711117913026,5110278
2020-10-19,469.3557434082031,487.32457516371727,466.69732888294396,485.7984371779538,3804117
2020-10-20,475.0663757324219,478.020156306924,465.2204404840815,471.0295362711204,2510166
2020-10-21,481.9585266113281,486.38919743819423,471.6202946819738,477.52785578446196,2329659
2020-10-22,479.64471435546875,486.19225507784967,470.34032387021443,480.28469411677054,2317260
2020-10-23,477.970947265625,488.3583971209059,475.85404711114444,481.46624232282863,1778167
2020-10-26,470.4387512207031,486.1922468503278,467.780366861649,476.54324279614605,1735587
2020-10-27,477.7247619628906,479.00472145037236,468.27265867504605,471.5218050955201,1386831
2020-10-28,471.47259521484375,481.7615790809294,468.026518025288,477.03554238278775,1487983
2020-10-29,462.5620422363281,469.10961344496286,459.8544099476903,467.6819407647168,2228907
2020-10-30,467.4849853515625,469.65110308707034,457.0975358661895,461.0851275526821,2088098
2020-11-02,466.0080871582031,469.0111153334694,460.5928229590178,466.69731462069933,1531712
2020-11-03,475.0171203613281,478.8077810930531,462.26662320808464,463.2512166547472,2662157
2020-11-04,490.0321960449219,494.90591583228615,474.42638308986756,477.42938124024124,5118375
2020-11-05,501.650390625,506.08106139597646,487.6199331835746,492.2967523307164,4267286
2020-11-06,503.9149169921875,507.70563784136453,498.2535046400693,507.70563784136453,3496751
2020-11-09,474.2787170410156,491.1152424236337,467.09116621900307,486.3892054824444,8905070
2020-11-10,467.3865661621094,474.27872095250757,460.29748064445,472.50643454938756,4605365
2020-11-11,473.39251708984375,477.03552486109993,465.2204035023111,467.9280354803669,3881257
2020-11-12,475.90325927734375,482.05696845893914,472.604865146527,474.7217350955142,2337844
2020-11-13,479.053955078125,480.87545906136,473.589473175829,476.0017392681415,1740209
2020-11-14,477.970947265625,482.0077567522849,475.5586810673338,481.46624232282863,239984
2020-11-17,479.6940002441406,484.3215720035804,473.34335968648077,480.4816630826887,1822612
2020-11-18,475.3617248535156,480.6785537363295,471.02951950790435,477.28169417757715,1704229
2020-11-19,475.2633361816406,480.77703622763704,470.63573430652394,470.63573430652394,1127134
2020-11-20,474.4263610839844,479.1523976368956,470.6356702824787,477.77397281291377,1362355
2020-11-23,472.4572448730469,481.8601017321628,467.8788906434638,474.5741151031324,2998394
2020-11-24,473.09716796875,476.1494137715785,469.3557247571593,475.21403794497655,1824248
2020-11-25,459.115966796875,477.3309477278058,457.83600718285504,476.5432848957029,2611985
2020-11-26,461.6758728027344,466.69730551714736,453.30682829451547,462.7589316309267,2161218
2020-11-27,464.1373596191406,471.4233453484197,462.75893475912704,463.74352823733796,2060073
2020-12-01,469.74957275390625,473.49101609781985,465.81119868771947,467.2880889625395,2185660
2020-12-02,472.3095397949219,474.623310608512,468.1742348498392,471.76799531186475,1668367
2020-12-03,480.2355041503906,481.95854286338533,471.7187759499273,472.60490413569966,2253675
2020-12-04,495.4966735839844,496.92434616270305,478.0201391456024,482.4508098482908,3943699
2020-12-07,523.9022216796875,533.206643061613,494.26597885781547,497.9582047954984,10132999
2020-12-08,522.5237426757812,540.5417903346399,517.5022801513036,526.7082647321059,4440903
2020-12-09,527.249755859375,535.2742159575307,520.8498988788224,523.8036790236928,2525257
2020-12-10,524.0006713867188,531.4835579297667,512.9239945398806,527.6436793464202,1804111
2020-12-11,519.2254028320312,527.4960129810968,514.5978610599923,521.8345998693071,1024147
2020-12-14,518.142333984375,526.2160127751617,516.5177306569954,522.8191531509798,1022166
2020-12-15,507.65643310546875,519.0285371937526,503.8657718059233,517.8962305225514,1840170
2020-12-16,516.6654052734375,521.1452933859547,508.050212712899,508.44407412502073,1563932
2020-12-17,509.4779052734375,526.757508727691,507.4102229206071,517.8961674593747,2380806
2020-12-18,508.29632568359375,515.3361922951501,498.74575800529834,511.9393331602396,1277799
2020-12-21,481.0231628417969,523.5576158677917,457.4913832015559,508.54256435489316,5349658
2020-12-22,476.59246826171875,488.555303239446,459.9528442397089,481.02313898016325,2641936
2020-12-23,487.5707092285156,489.8352622410181,479.69396129298167,480.9247031579088,2055730
2020-12-24,488.5552978515625,497.121243117643,482.05697486002686,489.8352573593673,1940686
2020-12-28,491.2137145996094,495.0044057651247,487.6199541624625,492.2967735108152,1102762
2020-12-29,490.2290954589844,497.02278456927047,483.7307723784203,493.67517269364924,1409683
2020-12-30,491.5583190917969,492.6413779826028,485.15846115670087,492.2967642381541,1490678
2020-12-31,485.89691162109375,499.6812211706283,484.42002131221506,493.7736599351135,3118976
2021-01-01,494.8567199707031,496.1859272612191,486.0938434607764,486.14306111888754,1367409
2021-01-04,506.67181396484375,511.39791105432903,495.2505528865028,496.5305124753964,2551988
2021-01-05,509.72406005859375,511.98861305892945,502.14267819241155,506.6717841930829,2056118
2021-01-06,512.2348022460938,517.5023537814789,503.27499479415224,510.01946672460656,2171228
2021-01-07,506.4256286621094,515.9269797119059,504.2595710979507,514.9423862391733,2024795
2021-01-08,509.67486572265625,515.8285752957839,505.34263014524635,508.0502623574225,1514739
2021-01-11,515.23779296875,517.2561977283541,508.59178650273225,511.1024880375969,1509572
2021-01-12,509.281005859375,523.8037604972209,507.6564024890777,516.9116057538364,3090004
2021-01-13,506.81951904296875,515.8285738710729,497.36741515526916,511.988635070119,1965007
2021-01-14,512.3825073242188,514.7454957867094,498.89356367377457,506.47494602576035,2055150
2021-01-15,504.2103271484375,516.6654594513677,500.2227353355235,513.8593919039002,1849462
2021-01-18,488.60455322265625,504.21033708110866,485.4046241587295,504.21033708110866,1624152
2021-01-19,496.5797424316406,498.8935431880088,488.4075982758947,491.3121611473327,1171344
2021-01-20,501.1581115722656,502.6350018814177,492.3459873753609,496.2351438750921,1181223
2021-01-21,489.49066162109375,502.2903773591959,487.3737915661972,502.14269434093046,1631561
2021-01-22,487.5214538574219,495.102835645092,476.5432426044256,484.61692113032336,2349896
2021-01-25,483.8292541503906,493.7244371454762,475.1648431139885,491.9521507647963,1763950
2021-01-27,478.4139709472656,488.2106881951232,475.55865583475816,483.14003772934825,1443779
2021-01-28,473.3433532714844,483.92773402586494,468.86346459905974,474.67256058500504,2438690
2021-01-29,464.2850646972656,478.51245315255557,462.6604913904889,476.4448007405625,1608478
2021-02-01,472.26025390625,475.21403432894823,456.9498374008943,466.155792394452,1614680
2021-02-02,479.64471435546875,484.4199988084895,473.29410435075397,473.5894703798444,1716999
2021-02-03,493.8229064941406,499.97661647461496,481.76163493241086,484.3708320020616,3475814
2021-02-04,493.8229064941406,501.15814080983085,491.41067021024185,495.6444106578434,1338289
2021-02-05,495.4474792480469,503.61959357646236,489.49067032783614,498.30279449246854,2182037
2021-02-08,495.3489685058594,500.0257873726012,492.3459404682439,499.1888769343343,950750
2021-02-09,493.6259765625,505.3426336617861,491.3121757374209,496.2351434301806,2303479
2021-02-10,499.8781433105469,502.142696392963,484.71537902859626,497.2197287812673,2065039
2021-02-11,498.4504699707031,502.1426956741898,494.2659475067515,499.09044974982555,1241576
2021-02-12,496.3335876464844,503.07805910768894,494.2659352941386,500.12427861788336,1062354
2021-02-15,483.0908203125,503.71806724728106,480.6785841383807,502.14271155449075,2341353
2021-02-16,495.4474792480469,498.0073984032738,482.54929791920677,488.358393771115,2496554
2021-02-17,486.6845703125,500.41966208773334,485.0599969959717,498.0073959180267,1374738
2021-02-18,485.94610595703125,489.7860446137535,481.07238620008263,487.373778539393,1429276
2021-02-19,474.8202209472656,494.1182597832201,470.7833815404094,484.32154232428684,3007629
2021-02-22,462.0204772949219,478.31548690458106,459.8051420281908,476.64169606482875,1535296
2021-02-23,459.263671875,468.86345895527944,453.8976250265463,461.7743734001089,1468190
2021-02-24,458.4759521484375,463.69431566864046,442.67323866877626,461.6266633322358,827347
2021-02-25,465.4665832519531,470.6356991949944,461.38052618265004,462.61126807385034,1732202
2021-02-26,459.0174865722656,470.3895291030464,456.06370616973476,462.75892972984155,1748185
2021-03-01,460.74053955078125,466.5988528372505,454.68526549827834,461.47898467450995,1174175
2021-03-02,468.66650390625,474.9186786128005,460.3466768494549,461.7743494370404,1608803
2021-03-03,471.47259521484375,473.589465193232,465.811182689145,472.1125749691367,1175643
2021-03-04,466.4019470214844,471.62028048597745,463.00508747083694,467.6819065361989,1265418
2021-03-05,460.74053955078125,467.2388326016669,457.8359767118179,466.5988528372505,1009076
2021-03-08,479.59552001953125,483.63235954870373,459.60825310091053,463.98970637905086,2755755
2021-03-09,467.4357604980469,482.4508112565413,460.9866851420505,481.46621776418095,1472301
2021-03-10,479.0047607421875,483.92772847848954,468.7649938601614,470.5864979320752,2061781
2021-03-12,471.3741149902344,485.35535402300695,469.6510764498001,484.3707605713302,1561235
2021-03-15,466.2542419433594,471.57107090451876,456.11294086801,469.65110155216576,1684421
2021-03-16,469.4049377441406,471.12797632002366,461.97126905000846,466.8942364096743,1150225
2021-03-17,451.87921142578125,470.2910923599837,450.1561727528061,469.4541818521995,1740759
2021-03-18,448.7777099609375,456.35909200896054,439.76868535147224,454.8822017435594,2539125
2021-03-19,451.2884521484375,452.86380781172625,436.1749353977469,441.097903065893,1224939
2021-03-22,453.3561096191406,460.5928481338484,449.02387398507636,451.92843696054075,1113661
2021-03-23,458.4759521484375,462.7589398351166,453.6514500617659,456.8513789010513,1028108
2021-03-24,452.2237854003906,463.74354144244694,450.9438258612329,458.8205739112108,1398461
2021-03-25,437.11029052734375,455.86678443378776,435.2395388643106,452.4207072296447,1114724
2021-03-26,443.60858154296875,454.48835755356754,435.58415066968547,438.1440997337916,1489814
2021-03-30,454.7837219238281,456.1129291299107,445.03625249156966,445.03625249156966,1086346
2021-03-31,457.5406188964844,463.7435460282165,454.7837390232849,457.78676727548026,1030191
2021-04-01,475.8048095703125,480.4816287021469,455.22681139972286,458.82057167049277,2183036
2021-04-05,471.6695251464844,484.4200235578764,465.90967695308433,473.5402769176647,1635705
2021-04-06,499.8288879394531,501.50270892071995,472.11258672020944,474.5740704883023,4109355
2021-04-07,495.8905029296875,506.081051513418,491.7059806165902,500.76425270155255,2534637
2021-04-08,497.1212158203125,508.8870892572398,492.4936447368532,496.23508774453575,2545529
2021-04-09,521.489990234375,526.0683141186014,497.21973554083957,497.21973554083957,6589491
2021-04-12,490.2783508300781,528.7267154163438,485.20767021041104,523.8037478612569,4992051
2021-04-13,503.47186279296875,511.3978580329259,477.38013656873403,499.18887530894307,4027905
2021-04-15,528.677490234375,544.6771345606631,504.5057319019309,506.9179378937323,13413739
2021-04-16,563.0890502929688,569.0950466434934,517.5516006264262,531.6312757476044,11468653
2021-04-19,569.981201171875,578.5471165457792,530.154382079033,561.2182949841945,13615161
2021-04-20,562.7936401367188,580.9101852047614,558.21531625937,575.9872175335346,6723905
2021-04-22,558.3629150390625,579.4332386647991,555.8029961364131,564.1720403652165,4652985
2021-04-23,550.6339721679688,568.5535877514523,541.5264813453425,560.726056593041,3988771
2021-04-26,543.6433715820312,561.1691253627316,541.8218373942733,555.2123461969786,3783242
2021-04-27,552.35693359375,555.4584270449034,534.8311819443197,543.9386714910972,3675226
2021-04-28,554.9168701171875,567.0766358455041,551.5200706330078,555.1138008352834,3604619
2021-04-29,557.62451171875,570.5227227882881,551.5200800176273,558.2645215397478,3540326
2021-04-30,567.9134521484375,574.9533188853857,556.7875589227888,558.1660136989835,3699395
2021-05-03,568.8981323242188,577.4641080949752,563.2859371575286,568.1104695154318,3033484
2021-05-04,549.5509033203125,574.7564736739083,545.464816129071,573.0334349948002,3181758
2021-05-05,564.0736083984375,568.8980802196539,547.5323904547962,550.3877354818048,4679850
2021-05-06,561.365966796875,570.325742950314,557.6737414432907,568.7996351564619,2214108
2021-05-07,582.3870239257812,593.4144825516229,556.393732885927,562.202858261405,12763132
2021-05-10,615.715576171875,625.1184930124314,593.7099335196483,595.6791206955012,13023815
2021-05-11,615.124755859375,630.139805922369,608.9710468171644,622.3614936550888,8286175
2021-05-12,614.189453125,630.1398808787067,609.5618513558326,619.8016484580404,4633089
2021-05-14,598.92822265625,621.5246558256267,592.3314340922855,614.583283569627,3176782
2021-05-17,594.7437133789062,604.9342925330055,589.7715280412621,603.1127584345836,2155528
2021-05-18,599.1743774414062,607.3957694296005,592.823737188083,596.1713792100143,1866283
2021-05-19,605.03271484375,614.0909871988611,598.632856997559,600.1097472697569,2148078
2021-05-20,597.5989990234375,611.8756038699074,594.6452187103748,606.3618445619684,3151384
2021-05-21,597.8944091796875,603.3096734867904,596.3190836010032,600.5528236766836,1185358
2021-05-24,595.728271484375,609.7095108824763,593.9067975891041,600.6020212164885,2167948
2021-05-25,592.2822265625,600.4051231933654,589.820742734965,600.4051231933654,1597630
2021-05-26,599.0266723632812,605.4757473701749,587.9007184260284,593.4144777416647,2251359
2021-05-27,597.25439453125,604.835776518863,595.0883369017762,599.61744297499,1827666
2021-05-28,598.2389526367188,605.0326714393831,590.2637697769082,600.50356563415,2099504
2021-05-31,583.3716430664062,592.4299151971181,569.3411858281003,583.86393981161,3562450
2021-06-01,585.5377807617188,602.4235236420025,581.8947727038307,584.9962663424642,2289905
2021-06-02,605.3280639648438,608.4295574877235,584.8485314482457,585.5377589083098,4039933
2021-06-03,606.9526977539062,615.0755944321661,604.0481348015038,607.6911429064753,2318555
2021-06-04,604.9342651367188,616.2570902874937,602.8173650923425,609.8572325935775,2051532
2021-06-07,606.8049926757812,611.8756734947871,603.5558459806572,604.9835186467208,1041338
2021-06-08,619.604736328125,622.6570125246601,585.833188092354,605.1804762412328,4672359
2021-06-09,613.5494384765625,633.3889606334876,607.2480162962833,625.2168469365866,5207526
2021-06-10,623.9861450195312,632.4536252769375,614.5340712394117,615.3709516957902,2793420
2021-06-11,642.8411254882812,647.7640930288721,623.8384227057456,627.1368470148327,4978752
2021-06-14,633.9304809570312,648.0594332936098,625.2168527945922,648.0594332936098,1892251
2021-06-15,631.0260009765625,639.0504019801332,628.1706557760169,637.7704424434404,1051668
2021-06-16,632.7982177734375,643.8256763529265,626.7429440616513,631.3213276090813,3338407
2021-06-17,629.6475219726562,643.4318305068505,620.2938840387387,630.0413833972739,2709838
2021-06-18,630.5337524414062,637.1797591039975,616.3555808566157,633.0936717105493,1921799
2021-06-21,631.2721557617188,637.4750828831432,623.0015462032735,628.170662153597,1227966
2021-06-22,630.4351806640625,639.8380361917539,628.7613597624488,636.0473754072068,1417530
2021-06-23,629.1060791015625,636.9828277308148,626.2015160255611,635.06285823347,852001
2021-06-24,621.5245971679688,632.8474215124149,616.3554817063738,631.1243830252166,1106106
2021-06-25,636.4412231445312,639.9857354877685,624.7245371799833,626.2014273388012,1332075
2021-06-28,656.7730712890625,661.646821052385,634.3243518794629,639.3950323584907,3740538
2021-06-29,645.105712890625,660.957645177534,642.9395950384529,656.674687227075,1433644
2021-06-30,642.4964599609375,649.9794064262976,639.985758619164,647.6655757036307,835663
2021-07-01,643.0872802734375,647.8625347974668,637.13044141411,642.3488351349905,718932
2021-07-02,652.4901733398438,657.6100719422827,643.0873167295425,643.0873167295425,1850323
2021-07-05,651.8993530273438,657.4623305170446,650.8163241808559,654.7546983060047,772577
2021-07-06,638.410400390625,654.6069141454373,635.161194014398,652.687005043793,904205
2021-07-07,652.2931518554688,656.576109267462,637.1303888913933,639.6903678838656,1841193
2021-07-08,639.1981201171875,654.5577548690509,636.4412703020862,652.2932018100327,934045
2021-07-09,655.050048828125,657.5607502544643,635.3089610124515,639.7888494547148,2062699
2021-07-12,646.0902709960938,664.5513992433068,642.1518969700217,659.6776493670789,4191899
2021-07-13,647.3702392578125,653.5731664134862,642.9887860758109,650.8163165770555,976965
2021-07-14,654.0162353515625,658.2007577456071,645.6964082197337,646.7794971315539,1703147
2021-07-15,645.7456665039062,655.6408799223659,644.4164892271573,652.3424554179386,662530
2021-07-16,676.4649658203125,679.3695287229469,645.7456359808327,645.7456359808327,6432804
2021-07-19,672.0343017578125,680.3049114462056,665.5852261564734,665.5852261564734,1858210
2021-07-20,657.3146362304688,675.3327464437014,654.754717013907,672.0343219627532,1764497
2021-07-22,661.9421997070312,672.5265798588302,655.6408373479675,659.6776466702612,2063487
2021-07-23,639.8873291015625,664.157522418143,635.0627969934528,662.6314145373547,3292401
2021-07-26,616.7493896484375,640.0349897612284,613.4017477256513,640.0349897612284,3009500
2021-07-27,579.6793823242188,625.7091252094115,576.0363746116685,625.7091252094115,5778251
2021-07-28,578.596435546875,596.1221890768925,572.8365271045016,582.8301758796308,4437698
2021-07-29,582.4855346679688,585.9316121789062,576.0364587736074,581.1071397204873,2245219
2021-07-30,598.0913696289062,602.3743275740268,581.3532791204381,583.8639806777439,2224480
2021-08-02,596.319091796875,606.5096107314645,592.1837869774693,605.4265818930861,1508410
2021-08-03,595.0883178710938,599.3220577771514,589.0330439869165,596.6636433866634,1702042
2021-08-04,586.6207885742188,599.7158699555395,584.0608695414135,594.9898332285358,1145829
2021-08-05,589.771484375,594.5960163819373,582.0916673820684,588.7868909119366,1153827
2021-08-06,587.2608032226562,596.4175107245147,574.0180086708908,594.4483237307896,3406554
2021-08-09,581.6978149414062,588.6884646939948,577.9563717429536,588.0976725501442,1099044
2021-08-10,571.9995727539062,585.143871180584,563.4335977804825,581.6485764767497,1209723
2021-08-11,569.4888916015625,576.8733426851159,557.0829777243027,573.0334040837414,1302387
2021-08-12,561.8090209960938,574.3133703300451,558.8552405279863,571.9503820124497,1232132
2021-08-13,554.5722045898438,567.0273345098118,551.3722762011762,564.0735544587341,1997335
2021-08-16,560.5783081054688,574.0180339678589,551.3723825420257,561.4152486715767,5163107
2021-08-17,545.46484375,561.0706279673732,542.0187662172834,561.0706279673732,1850194
2021-08-18,545.0709228515625,550.3877516459978,542.5110038585775,547.4339712257153,965450
2021-08-20,531.434326171875,550.5354635543766,526.7575071828683,541.526409253416,1806975
2021-08-23,519.5208129882812,539.4588324637757,515.976240135745,536.6034871182454,1256480
2021-08-24,513.6132202148438,523.4098774048964,507.16408475289,518.880771370143,2628237
2021-08-25,511.6932373046875,519.3730543356158,510.41327781533545,514.8931660754756,969412
2021-08-26,504.9487609863281,516.2223687711645,503.1765046752858,511.79169794614904,1079304
2021-08-27,508.64093017578125,514.2531246163816,504.45640819473545,505.0964179474086,1305521
2021-08-30,520.111572265625,522.6714916027839,506.72112326462917,508.73952813756114,1991723
2021-08-31,522.1299438476562,524.5914277052209,515.188571388288,524.5914277052209,1721956
2021-09-01,523.8529052734375,527.2497645147639,520.2591754284033,522.8190942247239,1023967
2021-09-02,530.1051635742188,532.5666473202082,523.8037411465585,523.9021764584709,1117337
2021-09-03,525.5267333984375,535.6188158665105,524.0498432811586,532.6650356319526,827959
2021-09-06,527.5944213867188,530.6466974003458,519.176158686301,524.7883538515196,948219
2021-09-07,522.3268432617188,531.1389669624774,519.8653595517201,528.1359688552425,532290
2021-09-08,514.5612182617188,524.3053597583141,512.7310595519289,524.3053597583141,1410873
2021-09-09,518.9139404296875,523.3161393107257,513.9676631205124,514.5612526252304,1103544
2021-09-13,513.1267700195312,521.634342008748,512.1375146543035,521.2386760902704,782310
2021-09-14,525.8386840820312,527.9161566033741,514.4127965423936,514.7095610799122,1123980
2021-09-15,530.1420288085938,531.8237147986601,522.3268864691477,526.2839083363382,1668352
2021-09-16,529.6473999023438,533.7033231554879,527.3226133329001,530.3398304240792,970702
2021-09-17,513.275146484375,533.6538442039514,511.5439495129705,532.0709993167663,1197562
2021-09-20,489.28570556640625,513.2751177818346,486.91149874775397,513.2751177818346,1804464
2021-09-21,500.7611083984375,502.5417560882326,483.894285282062,490.67069098378613,1918932
2021-09-22,506.4493103027344,509.0213501716767,501.89872945897076,502.4428078490135,999987
2021-09-23,506.498779296875,510.45580101013184,503.13531687854265,508.4772901535034,701147
2021-09-24,502.64068603515625,509.91171942593525,494.9244756285354,506.99340385470464,991548
2021-09-27,498.18902587890625,505.5095098068624,495.61695579890034,505.5095098068624,872537
2021-09-28,491.70941162109375,500.9095054624583,486.169605227213,498.5847491062687,1228879
2021-09-29,503.62994384765625,509.21923097142707,487.3072293046188,492.64920257167694,1869419
2021-09-30,504.9654541015625,513.0773608284497,501.2062652958205,510.4558097468043,2313759
2021-10-01,507.63641357421875,508.47725648085924,500.5137628861644,503.4320480926272,1084023
2021-10-04,514.2149658203125,517.6279091654071,508.22998248204084,508.4772963421294,1318434
2021-10-05,514.2149658203125,515.9461628409326,505.50953002106644,514.2644165164581,1112710
2021-10-06,499.32666015625,516.3418650101057,498.040640219832,516.3418650101057,1147247
2021-10-07,511.79132080078125,512.928988804263,499.87080382151186,500.5632947636588,1043667
2021-10-08,521.4365234375,523.563446806313,511.19775368382096,514.3633831990511,1951963
2021-10-11,528.2623291015625,533.0601931448454,520.645051231531,524.2558572207637,1877006
2021-10-12,520.6450805664062,533.2086356340252,518.3698053288111,530.2408695729823,1442869
2021-10-13,524.1074829101562,529.2516229096351,520.002109352583,521.832207635201,909887
2021-10-14,519.1612548828125,529.2022219835485,517.6773716883803,524.3053953660499,751935
2021-10-18,513.423583984375,522.7226094645457,511.4450730634333,519.3591167472001,1166193
2021-10-19,510.10955810546875,521.1891699983993,506.5976532218698,515.2041870574568,984273
2021-10-20,500.4643249511719,515.4020882493087,497.89225474922773,510.10959575588254,913680
2021-10-21,497.34814453125,507.9331892207154,490.17604299400176,502.2944214534902,1156583
2021-10-22,487.85125732421875,504.37183332211714,483.10284384166226,498.0900559725126,1067329
2021-10-25,480.7286682128906,491.90724202928857,471.9737519849917,490.6706727934181,1421509
2021-10-26,502.44281005859375,504.0750754255788,482.41038827092945,484.73514449163116,1173704
2021-10-27,498.2879638671875,508.1805180024131,494.2320106338091,503.53100548298534,1059991
2021-10-28,489.186767578125,499.2771841621797,483.9437263311161,498.2879288182401,1493336
2021-10-29,498.4858093261719,512.0385907172026,483.7459093332978,487.6039995047684,1225257
2021-11-01,508.7740173339844,509.4665081588092,496.7545708007946,498.53524855476786,706434
2021-11-02,510.307373046875,515.204199344193,501.65141850167373,508.47727471181486,1283376
2021-11-03,508.9718933105469,518.8644471163884,505.50949947850233,510.3568749951074,664263
2021-11-04,517.7763061523438,519.3590906578432,511.49449806629565,515.9461474147914,328707
2021-11-08,520.9913940429688,525.2946309925766,513.5224672762157,519.3590984389881,925846
2021-11-09,518.9139404296875,526.5312195616896,515.9956247414019,518.3698620015506,712315
2021-11-10,515.1053466796875,522.8215274402077,512.9289725217552,518.0731131552232,660224
2021-11-11,509.318115234375,517.726786079829,507.7847814501931,517.726786079829,637396
2021-11-12,518.1719970703125,523.8107652594595,507.19128563304855,509.31814864114057,1350485
2021-11-15,529.9935913085938,533.7527498290311,516.6880938326275,518.3203894275055,2569062
2021-11-16,511.8902282714844,537.6603198421401,509.4665404207952,531.6258859422976,3161892
2021-11-17,496.01263427734375,511.8902010091406,493.6384274378229,511.4450240187463,1312927
2021-11-18,477.4146728515625,498.584732851363,475.6834758624953,496.01266271538435,1450731
2021-11-22,464.2080993652344,480.97599057640855,452.08972063913075,479.88780359163894,1845179
2021-11-23,511.1483154296875,521.7828117738978,460.4984230911571,461.9823063019772,7137567
2021-11-24,514.1654663085938,521.0902537336253,504.965403662637,511.6428772510603,2280920
2021-11-25,523.6129150390625,528.2624278847069,509.46657370903375,513.8193219856716,2332661
2021-11-26,526.4817504882812,545.8711327117408,516.6880976062051,521.1397470290834,4688437
2021-11-29,507.24066162109375,536.0774781399823,505.5094648237521,534.692496550368,2303609
2021-11-30,518.1719970703125,524.305392988694,504.27296995469203,504.27296995469203,1597879
2021-12-01,496.0621337890625,522.4752651185829,493.4900637039549,516.3913202398757,2075911
2021-12-02,500.0191650390625,502.5417542888532,494.8750247696827,499.52453732814826,1025520
2021-12-03,493.6878967285156,504.5202554658601,491.65993522849504,502.34388150366516,1364719
2021-12-06,487.9996643066406,497.34813967425066,485.2297613331078,492.64917664401156,736779
2021-12-07,489.4835510253906,493.88574955195037,483.8942641540253,490.57173798372116,624606
2021-12-08,502.2449951171875,507.0923105084458,488.69218361711614,491.46208675202945,1021378
2021-12-09,502.29443359375,507.83423972881116,498.28796126577197,504.2729444104659,745342
2021-12-10,520.1505126953125,526.2839086692095,499.62346174627845,501.5525219836264,2545835
2021-12-13,525.88818359375,536.8689555361434,519.853749379717,526.7785376683146,2403180
2021-12-14,512.7310180664062,531.2301045464068,507.8837032469464,523.3160620205758,1661556
2021-12-15,497.44708251953125,518.7655544429804,495.96319942373253,516.3913173379593,1464166
2021-12-16,492.6986389160156,502.0965651973587,485.82333201347194,499.1782798869595,1428722
2021-12-17,477.464111328125,494.4793162325395,473.0619429252453,490.4728137608485,1256786
2021-12-20,485.8233337402344,488.1480899718179,467.42317723342717,474.8425927450689,1944035
2021-12-21,483.4491271972656,491.1653072596115,478.849065424662,485.8233341249352,1198163
2021-12-22,492.649169921875,494.42981749632395,482.8555478830504,483.4491071377593,1098606
2021-12-23,499.0299072265625,500.56324104717913,491.61049159839285,496.11159167027733,1024142
2021-12-24,490.0771179199219,503.0363696660691,487.1588326108877,501.00840817691517,879263
2021-12-27,504.1739807128906,507.9826198303722,487.20825757830244,487.20825757830244,1242768
2021-12-28,507.7848205566406,508.4773114613515,501.6019738705834,504.7181527521011,582601
2021-12-29,512.533203125,515.8966956665155,506.1525238523281,508.4772801008417,1698456
2021-12-30,519.2106323242188,523.3160660679868,510.85147314514086,513.5719252844357,1099614
2021-12-31,522.8709106445312,525.5419122036019,518.7655371109306,520.348321541825,739385
2022-01-03,519.6063842773438,525.4924658181368,516.688068853318,524.3053472955587,507942
2022-01-04,511.4450378417969,521.6343563070676,510.1095672138756,518.6171394362901,617970
2022-01-05,513.769775390625,515.8966986836338,505.2127522824523,511.6429124769751,936152
2022-01-06,509.5159912109375,516.9354068495184,504.9654404376849,513.6708760444146,967807
2022-01-07,505.16326904296875,513.3246563645729,503.4320720755907,513.3246563645729,615707
2022-01-10,513.423583984375,518.1225474216116,502.73963708716207,505.1632948515072,851516
2022-01-11,514.5612182617188,519.3590827794621,509.96115651964334,513.9181781027249,638037
2022-01-12,509.8127136230469,518.3697964373516,506.1524869910168,518.3697964373516,755248
2022-01-13,515.6988525390625,522.7226024416569,509.96118302129065,509.96118302129065,918751
2022-01-14,510.4557800292969,523.01933552837,508.0815429471852,518.6171369774397,1001202
2022-01-17,511.3956298828125,514.4128470057236,499.5740148805585,510.45582510567954,1002253
2022-01-18,489.8793029785156,515.8967088160917,485.7244180799637,511.9396870802061,1488558
2022-01-19,492.7975769042969,494.62770545240664,483.79534662712723,489.4835652398299,807972
2022-01-20,492.0061950683594,494.62771592482494,485.92228020042,493.0449011959295,650754
2022-01-21,477.7608947753906,492.0061661178734,476.12859925714184,492.0061661178734,1297526
2022-01-24,466.87908935546875,483.152322266663,462.0811947174567,477.11785840182716,1810487
2022-01-25,480.8275451660156,483.30068351208024,460.39942846545716,466.03819597035533,1021124
2022-01-27,471.2318115234375,480.28349231281857,468.9565060104141,474.84258766251884,1394447
2022-01-28,482.3609313964844,491.31368054804295,470.8855629012903,474.0511922067502,652573
2022-01-31,481.3222351074219,489.6814558744849,478.79964574394086,486.61475789066816,547313
2022-02-01,489.1373596191406,490.324448021769,482.9545131793683,482.9545131793683,467887
2022-02-02,497.49652099609375,500.0685910035829,490.7201156537575,491.16529264743605,636852
2022-02-03,490.4233703613281,499.3266690668288,487.2577409679451,498.485795928929,325299
2022-02-04,485.7243957519531,493.1438111656795,484.0921303988691,490.4233588473132,268817
2022-02-07,484.5372619628906,489.78033347074665,480.28347600208,483.05337892683883,472247
2022-02-08,479.73944091796875,488.64273993761793,476.9200568571438,484.73516884756646,483382
2022-02-09,496.35888671875,499.07933901267444,481.91575213852485,482.558762097335,966188
2022-02-10,496.0621337890625,499.5739783929831,489.4341105147097,499.5739783929831,1329495
2022-02-11,484.24053955078125,494.3309571494684,481.7674009422482,490.6706999329673,671404
2022-02-14,473.1608581542969,489.6814358434738,469.8963273245456,477.8103707321169,798182
2022-02-15,480.33294677734375,481.86631075918217,463.0209772995737,473.1608451365533,727353
2022-02-16,481.9652404785156,485.32870278329125,478.84906183278997,480.58025877389144,469350
2022-02-17,471.2318115234375,486.71365235408183,470.0446929784097,486.71365235408183,517244
2022-02-18,465.2467956542969,475.38666335413575,463.96077572921314,469.89630804131394,869786
2022-02-21,450.70477294921875,467.12641887022596,447.63807512589005,465.246809430661,907117
2022-02-22,436.80572509765625,457.0360108122977,434.82721422833896,443.28536630847844,1355529
2022-02-23,447.6380920410156,451.05103542637187,438.48747910979046,439.4272838650858,802540
2022-02-24,425.18194580078125,443.92834713156765,418.4550213630153,436.2616180167606,1334690
2022-02-25,447.1929016113281,448.429470889304,425.47876320387934,425.47876320387934,666714
2022-02-28,443.6810607910156,445.31332621418375,428.54546477301346,440.21866678261307,904166
2022-03-02,439.9713439941406,451.7434773458175,434.2336746868397,435.22293009773153,690800
2022-03-03,436.2121887207031,447.3413121751863,434.3820601591411,441.20791650662153,477608
2022-03-04,422.3131103515625,435.2723617038631,420.48298188373565,435.2723617038631,782866
2022-03-07,430.87017822265625,432.74978763801374,409.65066796566026,415.48726879894775,1960144
2022-03-08,432.7497863769531,436.26163096760075,424.44001687344615,430.32609857348376,586781
2022-03-09,436.4100341796875,439.9219091285237,432.799257837947,435.32184715061607,1044262
2022-03-10,440.7627258300781,445.70900276763786,438.38851893798517,443.28534518204077,584725
2022-03-11,448.429443359375,451.84238643293327,434.2831037636731,441.20789129521233,1097206
2022-03-14,442.2466125488281,455.05748199834886,437.7455125744986,449.81444047728286,1262687
2022-03-15,439.27886962890625,452.782230646477,434.3820732748873,442.2961168592545,952447
2022-03-16,442.04876708984375,445.9068569858959,436.4594803003355,443.1864047247507,853340
2022-03-17,439.0810241699219,447.7370090942316,437.6465917351644,444.0273012695274,680596
2022-03-21,450.8531188964844,461.73492758076594,440.76270240427976,441.20787938087113,2423399
2022-03-22,445.2143859863281,454.61231239803993,439.72403052693664,451.9413409000979,898723
2022-03-23,448.8746337890625,456.39298080065527,447.39075070215654,448.1326922456095,799825
2022-03-24,459.1134338378906,464.6532700755242,445.21437745519876,445.9068683060325,1166331
2022-03-25,452.6337890625,462.47689221328517,446.3520415232174,460.7456952905616,713621
2022-03-28,441.40576171875,457.8273768410365,439.22938781138083,452.6337861067803,814702
2022-03-29,447.53912353515625,452.88109649743,440.3670220996901,443.1864059432917,1097310
2022-03-30,444.8186950683594,451.89186530732775,441.8509287983296,449.51765832923985,719135
2022-03-31,437.25091552734375,447.1434701772837,436.0637968934786,441.45525125356824,713632
2022-04-01,447.48968505859375,448.62732272768517,433.83794246045994,439.47671030159677,719485
2022-04-04,455.3048095703125,457.0360065648764,446.0058146088765,447.1434523102254,527875
2022-04-05,465.0984191894531,472.0726878570265,459.0145045315505,459.26181838097483,1658676
2022-04-06,469.9952392578125,474.1500937592937,464.05970695025775,465.0489623348502,1010358
2022-04-07,471.9737548828125,479.2942387661765,469.40168481847417,470.9350186044965,856330
2022-04-08,474.001708984375,477.0189560052425,468.9565005116824,474.3479544050881,411284
2022-04-11,472.9135437011719,482.31147023580615,469.9952583121196,474.84260385520554,721944
2022-04-12,470.0942077636719,475.23831805385447,463.36725250618275,472.41893394834625,540513
2022-04-13,472.66619873046875,477.31571099635613,467.42315740057677,472.5178164644676,402633
2022-04-18,462.92205810546875,473.4081407769208,461.0919296502776,472.66619925641174,561005
2022-04-19,454.5133972167969,468.01672713962654,450.1111986921778,462.9715186548115,344571
2022-04-20,452.3370361328125,463.51561018772435,451.2488491440924,457.0359993293808,328562
2022-04-21,448.72625732421875,457.5306243825085,447.44020718511996,454.0682304682625,508412
2022-04-22,438.78424072265625,451.19941467598994,437.44877002313683,448.72627606253866,595459
2022-04-25,422.46148681640625,441.1584371572691,420.9281530936986,435.5196695640442,921491
2022-04-26,431.06805419921875,434.57989890454525,425.1325216112777,426.3196402047379,675743
2022-04-27,431.4637451171875,433.49173684068916,422.412064067953,429.5347151632376,514761
2022-04-28,434.4809875488281,448.5283962376526,431.56267201748005,437.2508906171374,1711225
2022-04-29,434.8272399902344,444.8682073986537,433.34335675033185,434.4810247193359,548797
2022-05-02,432.7497863769531,434.4809833252372,423.6980753241815,434.28312016956176,516075
2022-05-04,416.5259704589844,436.1626960155447,414.69587213669934,433.5906259600561,783233
2022-05-05,414.0528259277344,422.9066736269058,413.0141198578554,420.82923129746956,537099
2022-05-06,406.3366394042969,411.5302300479306,400.74735265432184,411.5302300479306,619540
2022-05-09,411.23345947265625,414.05281305745723,399.6591598467676,405.59469192369977,564559
2022-05-10,399.8075866699219,419.1969996534822,398.32370348530776,410.98619144115645,652798
2022-05-11,399.16455078125,406.58396622328064,388.28274146627166,402.62694465419764,736213
2022-05-12,386.3536682128906,408.2162176751806,382.05043155486163,395.70214342723,591329
2022-05-13,389.61822509765625,399.8570239939594,388.03541050190546,389.7666073620159,496624
2022-05-16,388.3816833496094,393.5257934121152,384.42466167552203,393.5257934121152,453462
2022-05-17,398.0763854980469,398.8183270826691,382.19884766300316,390.7559012343769,592182
2022-05-18,401.9344482421875,405.39684206722615,395.70215143298924,400.64842832590165,530532
2022-05-19,388.43115234375,396.7903730999363,386.3537098290494,396.19681378292455,587539
2022-05-20,403.1216125488281,404.6054957852042,392.83336148122385,394.7129408760305,555699
2022-05-23,399.8075866699219,402.1323430304201,387.2440604873309,392.7344161945308,997750
2022-05-24,390.7064208984375,402.528004469476,388.4311154310621,400.64842530228975,505125
2022-05-25,382.3966369628906,395.10857403212356,379.87404793916534,391.74511193726426,439546
2022-05-26,389.4203796386719,390.75588045791955,373.9879894611322,384.1773381286523,406851
2022-05-27,393.6247253417969,398.2247570040765,387.09563353581314,393.52579376192085,903023
2022-05-30,405.0506286621094,406.58396242995195,384.1278531590443,384.1278531590443,1461105
2022-05-31,389.3214416503906,406.53450936670436,388.28273558012404,401.192506177681,2263251
2022-06-01,384.7214050292969,393.7236348798111,382.09988435258043,389.8655449980701,891383
2022-06-02,384.9192810058594,389.5193125639165,378.63750319705156,385.710673247578,730703
2022-06-03,384.96875,393.72366671745743,383.88056297364886,387.78813405337513,414372
2022-06-06,388.3321838378906,395.60321685319514,384.6719570787363,386.69991851355974,1020545
2022-06-07,376.0159912109375,388.18382080206885,373.9385487908303,385.80961383180903,953831
2022-06-08,391.1515808105469,392.9322586520409,370.97077660136824,379.72569296709634,2320286
2022-06-09,391.34942626953125,397.5817229587235,386.79884557773994,391.1515631217534,1076991
2022-06-10,384.2762451171875,388.72789410337856,382.6439496705093,386.1063433264357,399420
2022-06-13,371.366455078125,381.06117569309674,369.83312135024033,377.8955464739881,647919
2022-06-14,377.89556884765625,384.0289645016837,368.00301468934066,368.0524653842604,640110
2022-06-15,378.0439758300781,383.2375671026336,375.719219412998,383.0397341203451,267270
2022-06-16,359.89111328125,382.99023360475167,358.90185785146133,382.34722361332496,839082
2022-06-17,358.7040100097656,363.0567276824644,354.15342918343936,359.79219697535996,530858
2022-06-20,348.6630859375,362.46318097554274,344.75551494049483,359.4459640110458,505638
2022-06-21,368.5965576171875,369.93205840722186,349.7017739754845,354.05449157401887,1050309
2022-06-22,363.4029541015625,370.4761237235017,358.65451036993835,365.97502401581596,581460
2022-06-23,372.8503723144531,375.0761970724602,347.72328997310905,357.17066742566703,3054392
2022-06-24,380.0224609375,381.60527563653363,370.47615223819014,372.85035919190085,912162
2022-06-27,381.65472412109375,387.1945604407896,380.17084100990803,381.1600964173652,435249
2022-06-28,383.237548828125,383.8311081260497,375.02674080748614,381.8525972594206,400257
2022-06-29,385.06768798828125,385.9580118647689,376.9063304393967,379.2310868094394,519921
2022-06-30,382.1988525390625,391.74516167839016,380.26979231856177,381.852607090552,480522
2022-07-01,389.8655700683594,390.7558939152937,377.89557335605616,381.0612028003558,398227
2022-07-04,382.89129638671875,393.1300959722268,379.8740794461562,389.8655651778582,516473
2022-07-05,377.0546875,386.45261374586227,375.4718728311822,382.9902198658077,389750
2022-07-06,385.1665954589844,386.40316470715777,373.93854064763417,375.9170514447116,503984
2022-07-07,386.205322265625,389.71719723260355,384.42467452862223,385.16661611732013,369509
2022-07-08,383.33648681640625,396.6914353893649,381.7536720587121,386.798880890877,1033485
2022-07-11,386.10638427734375,387.1451205980974,375.91706537079676,382.7429218356463,638126
2022-07-12,375.71917724609375,385.3149664057539,374.97723571899667,385.3149664057539,795126
2022-07-13,381.5558166503906,383.63322882119496,375.27403887522854,375.9170488418908,834518
2022-07-14,385.11712646484375,394.6634655072064,380.36871248113323,384.5730480547218,2320355
2022-07-15,376.41168212890625,387.2934915991243,374.13640677009596,387.2934915991243,1252871
2022-07-18,377.35150146484375,380.8633462177325,371.9600472152401,379.37946305065043,826768
2022-07-19,379.7751770019531,383.28705210922817,375.91708662453243,377.35151916252505,940023
2022-07-20,379.92352294921875,383.5837799921332,377.6482476131447,383.5837799921332,586506
2022-07-21,377.0052490234375,383.5837915707904,374.9772572855932,378.5880637435482,687696
2022-07-22,370.47613525390625,378.8848058804969,368.1019284090398,378.8848058804969,850176
2022-07-25,370.0804748535156,372.256818758938,363.05675502624337,368.5471107716126,844865
2022-07-26,357.96209716796875,369.7342312003583,356.6265962481048,369.536368030867,789811
2022-07-27,372.355712890625,373.3449682544097,356.5771079520658,356.5771079520658,1283800
2022-07-28,375.96649169921875,376.90629637760634,369.19011655913283,373.93853026439683,759042
2022-07-29,376.7579345703125,379.8740831204742,371.0202349927058,379.8740831204742,1101100
2022-08-01,376.5106201171875,379.97301409847336,373.4439222672556,378.88482709499044,681649
2022-08-02,372.40521240234375,377.8955678701349,370.08045614321725,373.44391851040825,1011943
2022-08-03,365.8760986328125,374.7299159353211,363.3040286750536,372.4051900056843,855618
2022-08-04,373.7406921386719,374.9278107393122,362.562117772976,367.013767240857,913331
2022-08-05,374.1858215332031,379.87403957369463,370.97074177118617,376.1148814662838,1134812
2022-08-08,367.6072998046875,375.91703883575275,365.03522981682306,374.4331557877169,1276876
2022-08-10,371.8116455078125,372.94928317185986,366.56857381095256,370.97077238580226,729483
2022-08-11,384.8203430175781,387.59024600712894,365.03523540741986,365.03523540741986,4699908
2022-08-12,384.62249755859375,391.7451487017706,378.8848281635811,385.80961614568315,2032585
2022-08-16,385.06768798828125,387.9860036725426,380.6160384161624,385.8096295836344,765342
2022-08-17,399.01617431640625,403.61620591946433,384.52358864669463,384.8203531928226,2563243
2022-08-18,395.3559265136719,401.14307681640685,392.9817195198955,398.6699382417064,1143086
2022-08-19,382.1988525390625,397.28499828551566,380.4181745994432,396.1968112429173,1298175
2022-08-22,365.72772216796875,381.803121921814,364.68898591622116,381.7536410395338,1132439
2022-08-23,372.1084289550781,373.59231212001106,362.66105154754393,364.9363269912356,810039
2022-08-24,375.9170227050781,377.8955333508943,364.0954095204557,364.2438219706332,1817048
2022-08-25,376.6589660644531,380.96223277837106,374.1858277449229,376.0159561393106,570690
2022-08-26,373.5923156738281,381.40742771221386,372.50412863792315,377.89558293100475,619785
2022-08-29,368.44818115234375,369.98151492710605,357.5168910065994,364.0459826020723,797187
2022-08-30,367.162109375,373.39443606243265,365.5298441198427,370.9707484301516,1186355
2022-09-01,366.46966552734375,370.7729022542998,364.04597778415945,368.2008624325673,898130
2022-09-02,365.67828369140625,371.86113046756856,364.7385090952385,366.6180884772555,613362
2022-09-05,367.45892333984375,369.0417077976645,363.50190181593507,367.01374634253267,401904
2022-09-06,371.91058349609375,372.94928960080784,366.02450173023584,368.9428172658486,544013
2022-09-07,380.6654968261719,382.6934886750358,369.04174493012454,369.4374712740755,1181206
2022-09-08,379.2310485839844,383.97946223974503,376.6095279159149,382.59451077262133,645567
2022-09-09,384.7709045410156,387.78812147149097,379.2805188910683,379.2805188910683,1825029
2022-09-12,388.0068054199219,391.7405120525809,385.4678666787243,387.26006409339004,808559
2022-09-13,391.64093017578125,394.8768091724027,388.0067952258027,388.0067952258027,994502
2022-09-14,386.66265869140625,390.2967936779932,384.970032891361,386.4137449199279,525961
2022-09-15,391.64093017578125,393.9807256811039,384.6215436598135,388.05656582560425,898367
2022-09-16,370.33392333984375,391.29245085640383,368.89021130355627,391.29245085640383,1362832
2022-09-19,368.6910400390625,372.8728032576259,364.95733373140934,372.2256335746286,565309
2022-09-20,380.09130859375,381.08696362608464,369.5373591740068,370.08498767277894,1023144
2022-09-21,381.08697509765625,386.3141641747632,376.35761355170234,380.43980538415354,862500
2022-09-22,386.3639221191406,387.80763406619036,377.3532562543932,378.34891128408816,749588
2022-09-23,383.02850341796875,387.5587216649413,380.48956485237403,385.01981348432685,644373
2022-09-26,366.40106201171875,381.33588790893555,365.55474913388025,381.33588790893555,770598
2022-09-27,372.872802734375,375.3619402693174,362.06993975572897,367.3967001575017,703937
2022-09-28,381.08697509765625,386.4137357579901,366.4010629286414,370.8815107090188,1057624
2022-09-29,385.3185119628906,391.1431001974655,380.7882935498776,383.0285174566386,2683576
2022-09-30,386.9613342285156,393.28374995671476,382.53068742834637,385.3185094512623,1570317
2022-10-03,399.1581115722656,405.03247040953886,387.5587360812552,387.85742044832716,2889029
2022-10-04,402.3442077636719,407.2229113829507,393.5824251801898,407.2229113829507,1383797
2022-10-06,398.51092529296875,407.67096371228325,396.2707014780801,404.3852838861252,883803
2022-10-07,396.32049560546875,400.45248852845685,389.79896693337315,398.2620351809687,1029659
2022-10-10,391.39202880859375,397.61487323004496,385.3185265762608,395.27507765058283,996602
2022-10-11,382.3813171386719,392.68635318098274,380.83806393554,391.392013745129,1000917
2022-10-12,387.2600402832031,388.5046090842354,375.26237881026344,383.57610447815534,1151313
2022-10-13,388.2557067871094,394.7772353430717,384.32285710573944,387.26005171688723,790121
2022-10-14,389.15179443359375,396.22095158474093,388.0565677676445,391.88984590597613,853990
2022-10-17,392.6365966796875,393.7318233720332,384.37264107833585,385.81635313438005,490228
2022-10-18,395.47418212890625,399.10831683843713,388.90285298586195,393.48287210889157,726464
2022-10-19,393.7317810058594,397.4654872473425,391.0932709538946,397.4654872473425,510361
2022-10-20,396.3702697753906,401.2489732993043,390.3465386698102,393.731790047813,597202
2022-10-21,396.4698486328125,400.2533256265338,393.28374035443,396.5693898287154,503731
2022-10-24,396.171142578125,400.2533344040179,394.27940403977885,398.2620242826049,100281
2022-10-25,399.8550720214844,405.8787728878212,394.52831145543695,396.1711362021669,889876
2022-10-27,397.9135437011719,401.6472502235493,376.5069596395414,392.2880986177862,1912927
2022-10-28,397.9633483886719,400.75117046399396,394.87681155779137,397.26637767735053,903931
2022-10-31,402.792236328125,407.47182719393516,396.370279518427,397.9633336675314,731188
2022-11-01,411.6037902832031,415.4370682905011,404.48486277535306,408.01942603761313,3026220
2022-11-02,416.084228515625,422.15773023994086,412.20117999843285,412.54966533388165,1750656
2022-11-03,421.01275634765625,425.04514726471996,415.48685242670115,416.0842515512614,1239625
2022-11-04,419.519287109375,425.09496180813807,416.2834079985284,425.09496180813807,609811
2022-11-07,421.1620788574219,423.8503595998656,416.33314587154047,419.5192541303641,797594
2022-11-09,418.72271728515625,425.84167516938595,416.28338065435435,422.15773934656755,687137
2022-11-10,413.74444580078125,429.27667073012844,409.7618255822297,418.1751229479122,1782821
2022-11-11,411.8029479980469,420.16644460996935,408.21858362579957,415.8353389262114,530017
2022-11-14,428.6295166015625,432.96062232366177,414.1925177845528,414.1925177845528,3100084
2022-11-15,433.20953369140625,433.90647402012775,422.4066699388954,430.8199675636805,1111218
2022-11-16,427.63385009765625,435.1012630795711,424.1988279719829,430.1229877582945,954048
2022-11-17,427.4347229003906,431.61648648049214,423.55167408171485,424.3482163938678,554310
2022-11-18,408.0692138671875,429.77448103447455,405.5302753486189,429.77448103447455,2407915
2022-11-21,409.86138916015625,411.8029286327745,404.2359442883125,408.06922225080115,525086
2022-11-22,420.564697265625,422.00840927720947,410.2596611706455,411.9522869507802,1264704
2022-11-23,423.5516662597656,424.64689292813586,415.3873128096041,422.1079846203073,742405
2022-11-24,418.1253662109375,423.9997251510526,399.40703233220324,421.1621020742651,861535
2022-11-25,424.4975280761719,426.63818031346744,417.27902910937456,417.27902910937456,693262
2022-11-28,430.4216613769531,431.41731641634925,421.6599091842594,423.70098986102926,617233
2022-11-29,436.3955993652344,442.0708453445966,428.6295020739839,430.02341307690307,1794039
2022-11-30,428.8286437988281,439.6314768238977,425.4931932918106,437.5903961177277,816785
2022-12-01,428.8286437988281,434.10560342964567,425.8914492363095,434.10560342964567,511155
2022-12-02,433.0601806640625,434.6034338536512,424.69665384892835,428.8286466574691,527052
2022-12-05,433.9064636230469,437.4908279212394,429.12733148211095,433.06018112880486,955377
2022-12-06,423.302734375,435.101252681459,422.15773715546595,433.85668388088277,830364
2022-12-07,420.01708984375,425.84167797606324,418.3742650846311,424.0992816347291,577777
2022-12-08,429.3762512207031,430.7701622491189,419.71838483635497,420.01709958993223,676369
2022-12-09,435.10125732421875,442.71801238802414,429.724726125355,431.0190655377734,1373373
2022-12-12,423.2031555175781,428.03208845778346,413.39597784564216,426.3394931490898,2511390
2022-12-13,431.4173278808594,432.4129829467141,422.35689108956643,425.34385628713056,750499
2022-12-14,437.64019775390625,438.6856538654632,429.32650177357294,429.32650177357294,722596
2022-12-15,434.5536804199219,443.21586155635964,432.1143132716535,439.08389896958334,1674739
2022-12-16,415.98468017578125,434.1056147816693,415.0388260809845,433.1099597018948,1095594
2022-12-19,414.9392395019531,420.0170863023085,411.4544468486674,419.2703450194615,1083503
2022-12-20,407.4718322753906,417.0798975031165,405.1320368133067,416.0842424456324,545371
2022-12-21,438.4864807128906,440.07953487994996,408.2683436775087,408.2683436775087,6127038
2022-12-22,434.50384521484375,449.0404146027033,426.53860504450756,443.7634551438475,3196842
2022-12-23,427.2853698730469,442.02108323175486,424.8958037671698,434.50386917547684,2093633
2022-12-26,423.2031555175781,430.1229700837979,417.5777107126911,430.1229700837979,1097283
2022-12-27,421.5603332519531,429.8242882246282,419.0214250816919,423.2031579730033,631005
2022-12-28,419.519287109375,424.1490772986667,416.48252078974474,422.1577670766073,770742
2022-12-29,419.96728515625,423.1036228509752,413.74444113493894,418.9716301128402,851969
2022-12-30,422.30706787109375,428.43034012671774,419.2703322341115,421.16207068264043,512285
2023-01-02,425.8416748046875,427.8329848942395,416.18380871636805,421.4607682996886,461607
2023-01-03,432.811279296875,434.1056187584464,424.1490678694912,425.1447229583867,736108
2023-01-04,426.58843994140625,435.0515082952235,425.0949572907326,428.1316931931094,606194
2023-01-05,432.4627685546875,433.1099382474865,423.75078703821504,426.737752129577,343516
2023-01-06,421.1620788574219,438.2375565922575,417.1794587263824,435.1012493160599,1433352
2023-01-09,424.3979797363281,429.97365428610675,422.8049255242511,424.1490659652218,364662
2023-01-10,428.67926025390625,431.36754098414104,424.3979557864746,424.3979557864746,417550
2023-01-11,422.90447998046875,431.1186340942742,420.91316989227346,431.1186340942742,449418
2023-01-12,420.0668640136719,425.6425384303404,418.87209617187364,423.65122830902885,274018
2023-01-13,418.324462890625,421.3612290220091,412.74878853749254,421.1620858581548,455551
2023-01-16,418.2746887207031,423.00405016454414,414.2920685574686,417.2790336798945,293141
2023-01-17,414.7400817871094,419.76815781284574,412.6990011729359,417.82661839157475,245555
2023-01-18,417.3288269042969,422.00841800380346,412.84837897774116,417.0301425298527,640921
2023-01-19,419.469482421875,420.16645314743954,414.39166570841076,417.727085992946,251877
2023-01-20,416.084228515625,424.0494687088314,415.18814507088524,421.6599027278655,390791
2023-01-23,416.88079833984375,419.9673048108793,409.2142419927985,409.2142419927985,345427
2023-01-24,411.30511474609375,418.12535804018836,410.209888094089,417.17947357141577,258932
2023-01-25,397.1170349121094,412.25097390387003,396.2707220167356,411.3051198084372,654845
2023-01-27,379.593505859375,403.9870557441086,378.1000232133709,397.2663838370902,1203872
2023-01-30,369.537353515625,381.4852137206942,367.4464719027419,381.4852137206942,1191847
2023-01-31,382.33154296875,383.32719802856445,370.8815097808838,373.27107584744226,629867
2023-02-01,381.0372009277344,392.7859183988535,377.15412191314505,385.0198211396366,707148
2023-02-02,387.4093933105469,391.24267140206166,380.63892061235646,380.83806378009024,556000
2023-02-03,384.12371826171875,389.400708424287,379.59349979520476,387.30982667628757,388034
2023-02-06,397.316162109375,399.158130152008,384.5717887713969,386.31418522537734,764350
2023-02-07,390.7448425292969,400.55202061447466,387.160478217236,397.3161416522636,419976
2023-02-08,395.026123046875,396.17112022508746,388.3054517663043,392.28807178442025,448371
2023-02-09,392.5867614746094,400.60180260113424,390.8443651929709,391.2924221050984,331296
2023-02-10,398.6602783203125,401.6472434881245,385.9656763571115,393.28374709524707,534976
2023-02-13,420.7638244628906,421.9088216777634,402.54331906564147,412.89815575226584,4985962
2023-02-14,427.783203125,442.76783045290534,417.17948249886297,420.16644776735126,5089357
2023-02-15,427.783203125,428.6792866285501,413.64491908514464,423.4520974086956,1970563
2023-02-16,433.2593078613281,435.79824658075296,426.3395231924637,427.7832048470554,1092006
2023-02-17,434.0558166503906,438.5860348220292,429.874053426586,431.11862219736355,1140070
2023-02-20,430.7203674316406,434.60341592996394,426.19011886278025,431.6662214689997,956714
2023-02-21,433.7073669433594,436.7939038254195,428.6792904654115,431.01908602366586,537682
2023-02-22,440.97564697265625,442.8176150233305,426.1901623501926,432.86106381426185,1374248
2023-02-23,446.2525939941406,451.82823782159807,438.43669597728484,442.0708307385676,2364540
2023-02-24,436.6445007324219,448.4928198832935,435.1012475917521,446.05345290870696,615723
2023-02-27,430.571044921875,438.98431198835095,427.1360227943614,434.10560824788246,516598
2023-02-28,426.8871154785156,433.1099597274736,419.17078860980774,433.0103881424939,967570
2023-03-01,427.235595703125,429.0277626713115,421.1620937120775,429.0277626713115,612379
2023-03-02,417.2292175292969,427.8827382326531,415.18813692383094,425.84165762718715,614564
2023-03-03,414.64056396484375,420.7638365374735,412.4501106678957,418.2746988750239,487689
2023-03-06,419.32012939453125,420.66426982481397,413.943598058382,417.17947705703443,1439669
2023-03-08,424.0494689941406,425.69229370809876,414.64054724057297,415.1881453502324,789098
2023-03-09,423.2031555175781,428.281002213619,423.0040427438977,423.05381334107284,630845
2023-03-10,426.78753662109375,428.9281889292623,417.37861450798596,422.1577466557568,1414444
2023-03-13,423.9997253417969,430.02342647077234,422.1079867514148,428.92819979687266,594919
2023-03-14,413.9933776855469,426.09061143689587,412.4501244373,422.40667541949193,1668695
2023-03-15,426.2897033691406,428.8286419763702,414.64055752090496,417.1794657431538,698601
2023-03-16,430.67059326171875,432.71170440936993,420.9629562190574,427.48451523255227,508033
2023-03-17,438.9345397949219,439.88039387204714,431.2679836699007,438.088226915929,1122719
2023-03-20,442.9171447753906,444.0621419792829,433.4584220202265,439.083866844986,870769
2023-03-21,434.50384521484375,444.3110532515662,433.1099342620309,442.966912895826,1049426
2023-03-22,434.00604248046875,437.9886627929942,430.72039287662784,434.1056140652782,613792
2023-03-23,434.85235595703125,439.08389004476425,430.91950623914556,435.1012697268979,1142540
2023-03-24,423.8503723144531,443.0167322700295,422.10797595485525,431.1684127167792,1094792
2023-03-27,437.4410705566406,440.577378018078,422.15775882410185,422.15775882410185,1652089
2023-03-28,447.5967102050781,449.936505621511,436.3955910269232,439.6314699006124,1788498
2023-03-29,443.5145568847656,449.5382578200564,442.36952926228906,447.5967183067083,1069507
2023-03-31,462.6809387207031,465.96658840804895,443.81326235659793,444.0621761324569,2148176
2023-04-03,477.4165954589844,479.9057330786871,462.6809129043365,465.4189642860095,2726810
2023-04-05,477.8148498535156,478.41224895730545,471.94049116704014,474.92745630100876,943427
2023-04-06,480.00531005859375,486.87532388923705,474.97723377926025,477.7650861756678,1172841
2023-04-10,485.7303466796875,486.6264301928159,478.5616178046956,482.3451254162122,474616
2023-04-11,483.3905334472656,493.2973134855017,481.9468214508457,486.8753261703664,1097911
2023-04-12,489.314697265625,491.00729265695736,479.9057446816702,483.3905374335081,534762
2023-04-13,488.119873046875,491.9531509468806,485.0333364110921,489.7626977511689,464388
2023-04-17,488.169677734375,492.6003550321639,485.38185564058597,485.9294537852646,375731
2023-04-18,502.7560119628906,504.5979494326006,486.0787904621498,486.0787904621498,2007427
2023-04-19,509.775390625,514.6541247260757,498.17601525515784,502.8058052062988,3964015
2023-04-20,509.9247741699219,513.3099649841921,507.78409143725,509.77540159974905,1314152
2023-04-21,509.37713623046875,515.1519538259807,507.2364839223399,509.9247647460243,678001
2023-04-24,514.604248046875,516.7449305449766,505.19532679106044,508.92903293661664,817404
2023-04-25,515.898681640625,517.690848552924,512.2147458503678,513.8077696013089,951138
2023-04-26,518.9851684570312,520.2297372063287,514.0068934598415,514.8034053054001,720652
2023-04-27,548.7553100585938,552.5885577276384,517.8401718616453,518.9851994874442,4291553
2023-04-28,561.0018310546875,566.2787904867702,549.103741456622,554.5798440459446,4694549
2023-05-02,541.5368041992188,561.0018482078917,539.8939490642063,560.5537912828918,1472378
2023-05-03,538.7987670898438,542.6817854127671,533.9200329239059,537.7035100475093,1370392
2023-05-04,544.5735473632812,545.4198298565175,537.2554462083918,541.5865821825008,901250
2023-05-05,548.60595703125,549.3526983520729,540.5909456750767,542.7813990368168,506222
2023-05-08,566.4779052734375,567.5233308341407,548.6058864730027,548.6556570673301,1200065
2023-05-09,556.7703247070312,569.4649267904563,554.9781577433638,569.4649267904563,719209
2023-05-10,567.4736328125,572.4519082810367,558.6620487712114,558.6620487712114,2205960
2023-05-11,577.6293334960938,580.6162988112094,561.7983930179951,571.4562596908619,1730567
2023-05-12,610.2867431640625,612.6762786972325,578.5253244206092,578.5253244206092,6123142
2023-05-15,605.3085327148438,616.0615956855439,602.5207105772496,613.3235441491637,1340692
2023-05-16,605.2089233398438,617.8039845611222,604.3626408196635,605.3582959116234,1026523
2023-05-17,606.2045288085938,610.485893969525,605.208873798137,606.3539013681459,1702948
2023-05-18,601.4752197265625,610.2370331952142,596.7956893871254,605.4578401141443,1043069
2023-05-19,621.58740234375,627.1132754219583,599.3843080692624,602.3712730596407,3771939
2023-05-22,603.366943359375,608.3949890667112,578.4755678082457,585.4451529625619,5062006
2023-05-23,606.3539428710938,623.080936037683,603.6158914049271,605.3582877924877,2993267
2023-05-24,605.9058227539062,610.9338682225997,603.3669147221855,603.3669147221855,1540050
2023-05-25,604.7608642578125,610.7347941881698,600.8280148996691,603.4664641569356,1557737
2023-05-26,588.8303833007812,607.0508573990187,584.4494770523715,603.5660649464066,1103389
2023-05-29,591.9169311523438,595.4017238504651,586.7892833028374,588.8304247848495,848123
2023-05-30,592.86279296875,598.0899818163065,587.5360021573596,594.8541030059143,695866
2023-05-31,595.15283203125,599.1852230051978,589.1789014713378,591.3693548306318,637663
2023-06-01,606.9512939453125,609.9382590941968,593.4104095783548,595.0532647182257,988742
2023-06-02,611.4815673828125,612.6763048153495,605.8560920964469,611.1828222547173,770385
2023-06-05,615.3646240234375,618.3018187301744,606.1050437230172,607.1504694267805,764068
2023-06-06,628.7561645507812,630.7474746522881,611.5313443267395,611.5313443267395,661070
2023-06-07,660.1690673828125,661.4634067911426,632.73878296605,632.73878296605,3859103
2023-06-08,645.582763671875,679.2856630644882,642.2472827668549,662.0608427215723,4425552
2023-06-09,633.286376953125,656.1366723081366,631.0959237079675,642.2970429241535,1140652
2023-06-12,635.7755126953125,644.1888099248299,630.5980943409971,644.1888099248299,656015
2023-06-13,646.18017578125,650.0134237024744,632.1912334364349,635.7755675765418,690845
2023-06-14,634.6802978515625,647.1757560646654,633.0872133746586,646.1801010553352,666369
2023-06-15,639.6586303710938,641.2018836202241,631.5937876089228,632.2409877311215,696604
2023-06-16,639.6586303710938,646.1303885132234,633.7344703793053,639.6586303710938,798919
2023-06-19,637.6174926757812,651.6562040080005,636.1240101608661,639.6088026956681,741200
2023-06-20,641.052490234375,646.9766500338238,635.7755305361122,637.6175288710468,485694
2023-06-21,640.2559814453125,645.2342568018113,634.680337354019,640.9529521492149,453135
2023-06-22,624.9727172851562,636.0244645670317,619.0983278978748,636.0244645670317,1388351
2023-06-23,630.2496948242188,635.7257980177941,619.34725903938,625.0722760144815,971554
2023-06-26,642.5958251953125,643.9399352709614,625.2714021649227,627.2627123629002,806947
2023-06-27,652.85107421875,668.7317855338425,642.147781680705,644.0893213183435,1816232
2023-06-28,672.6644897460938,676.995625432662,653.5479624742002,654.1453311627125,1652557
2023-06-30,673.0628051757812,681.8743279473912,670.8723519398561,675.0541152502658,1400583
2023-07-03,656.5847778320312,677.742449028723,655.0912951593236,673.0628578335792,543288
2023-07-04,646.8273315429688,659.9699296683242,644.8360214306468,658.0284509247798,1093575
2023-07-05,661.1149291992188,662.8075548767629,646.6281609016314,647.1757590052594,1275242
2023-07-06,665.3464965820312,668.0845480082947,658.6755954985967,660.6171350275761,983495
2023-07-07,686.2552490234375,690.7854673853053,661.264331364809,665.3464927963904,2797202
2023-07-10,660.9158325195312,690.7357144354584,659.2730380931224,688.8937768382825,1485596
2023-07-11,667.6862182617188,672.564952066558,658.1279545758621,665.0975395713705,612181
2023-07-12,673.7100219726562,683.4176588266141,668.4330015283812,668.8810584602486,748458
2023-07-13,680.2813110351562,685.8071843934144,674.3571513500126,675.3030357988946,1041642
2023-07-14,699.0493774414062,701.8372601620584,678.0908510584027,682.2726143694201,1533088
2023-07-17,699.34814453125,706.2678986424321,691.980272715218,699.4476857301305,930624
2023-07-18,718.0166625976562,724.6377322087936,698.9498441092,699.3979010350571,1320815
2023-07-19,716.9711303710938,725.5835702990935,708.0102355063365,721.8996347007018,775148
2023-07-20,737.4319458007812,743.1569624059032,712.0925123249881,713.8846792821643,2154696
2023-07-21,749.8776245117188,751.7195620445054,733.2501730383315,736.7847363085219,1381203
2023-07-24,784.8748779296875,790.5501239711302,750.7239212521815,750.7239212521815,2761866
2023-07-25,780.6433715820312,791.5458071170707,776.362066791869,787.8121004797259,891016
2023-07-26,802.796630859375,804.9870840584239,780.6433066536855,781.5891910771338,1324361
2023-07-27,818.7769165039062,829.2811260313681,798.9136466189979,802.7966649015531,1640659
2023-07-28,795.2794799804688,825.8461025074195,789.1064064482242,821.4154253319396,1474272
2023-07-31,784.4268188476562,820.8678306977107,782.5848812849324,802.4979825898926,2045604
2023-08-01,784.7753295898438,795.1301057405699,778.6022560705858,792.5414268953789,1079954
2023-08-02,777.2581787109375,788.5090691954553,767.6500826806837,782.5849091919811,842339
2023-08-03,788.7081909179688,801.5023343066803,773.6737628435303,777.2581575707305,1388394
2023-08-04,800.05859375,801.502305709307,780.4441773444881,792.0435828468991,582633
2023-08-07,812.4545288085938,814.3960683292244,796.6734204185195,804.2403745651245,1150523
2023-08-08,821.2660522460938,823.9045624640844,801.0044960753546,814.4956099895052,960683
2023-08-09,824.999755859375,833.2637414478152,817.6319449001135,826.3936972470536,1065585
2023-08-10,806.8788452148438,829.7789104676298,803.5931350626072,824.4023491002963,519828
2023-08-11,797.8681030273438,812.4544729589153,788.8574375094258,811.1601336241243,541008
2023-08-14,794.1842651367188,811.4588557329888,791.7946687382323,811.4588557329888,921760
2023-08-16,793.9851684570312,796.5240767978314,773.0266408402812,788.3596928566608,1111577
2023-08-17,775.9139404296875,800.9049177486506,772.8274341935812,800.9049177486506,726647
2023-08-18,762.8709106445312,780.4441857961774,759.8341748992856,775.6152831168491,702335
2023-08-21,771.6824340820312,774.5698580340188,757.7930339853352,761.6761129869789,691810
2023-08-22,755.7022094726562,778.8511901976092,751.8191303333884,774.6694266868508,1228002
2023-08-23,755.0549926757812,764.6630883411781,750.2260899284865,759.6848130264569,856915
2023-08-24,745.89501953125,759.5852767351743,743.1071367210261,757.6935077953742,595869
2023-08-25,736.2371215820312,749.8277762333053,734.1462095641706,744.2521323922637,593002
2023-08-28,763.8168334960938,765.6587711212345,735.4406631749557,740.9665368203423,1203807
2023-08-29,753.2628173828125,773.6239753487507,748.1352303273558,766.4552468208703,878253
2023-08-30,752.0679931640625,766.6045928816044,749.2801712690417,760.1328352678249,504687
2023-08-31,763.51806640625,766.6046335863788,749.0312972863401,752.06803309698,1127664
2023-09-01,753.7606811523438,768.6457370484009,750.7239452519356,768.6457370484009,602134
2023-09-04,758.1912841796875,765.6586966962307,751.71952666535,752.7151816675558,690379
2023-09-05,788.3098754882812,794.5327194690855,758.1913106211887,759.8839363379595,1858292
2023-09-06,789.5046997070312,795.9266870608689,776.6109543998615,795.5284007249863,1115483
2023-09-07,790.4007568359375,801.5023352281386,784.57619895624,796.1756048858498,888778
2023-09-08,773.474609375,792.0933711587431,767.8989653446638,791.3466298634322,1198297
2023-09-11,807.426513671875,809.6667376418056,775.6650917457617,775.6650917457617,1996311
2023-09-12,810.662353515625,816.437140649151,785.5718341124149,808.471900252574,1640273
2023-09-13,858.1551513671875,860.9429734813995,809.2684497020451,815.6406666230706,4770907
2023-09-14,861.6399536132812,866.2199427959405,850.3890022920286,860.2460121559684,1081354
2023-09-15,852.778564453125,869.2068730502955,848.2981166538966,862.2372875848292,1238233
2023-09-18,850.33203125,864.062364873738,842.792842067992,855.7742484031625,1094585
2023-09-20,855.3748168945312,861.765687624541,826.9155792383326,851.7799902013134,1526780
2023-09-21,826.5161743164062,878.7413587913668,820.3250298262589,858.7699642733811,3621515
2023-09-22,801.6517944335938,828.7130716095452,773.8915671810585,803.8486601041961,6359197
2023-09-25,784.4264526367188,805.3964173256018,780.9314585219049,801.6517807740155,1690718
2023-09-26,761.1597900390625,788.3208993608911,759.1127342462403,786.8729610374303,1241742
2023-09-27,775.28955078125,777.8858076600219,758.9129830829482,759.0128156752631,1063498
2023-09-28,775.8387451171875,781.2809622034133,768.6490310457974,778.6347281038786,1303738
2023-09-29,854.2764282226562,860.4675729136668,780.9813835845487,782.6290480648823,9406251
2023-10-03,841.3948364257812,858.670141642561,839.7472329276469,850.8313326345873,1501069
2023-10-04,805.9456176757812,840.6958935973845,801.9513386914922,835.8028774624862,1304868
2023-10-05,792.0654907226562,814.7829511823483,789.5690664963165,811.8371584056958,924422
2023-10-06,792.4649047851562,798.506300344658,784.3765144387065,793.7630941784151,928077
2023-10-09,783.2781372070312,796.1097341305875,780.3323442514694,788.8701034345113,749063
2023-10-10,784.7260131835938,795.5605315332552,782.9285998242533,793.8629507697102,693597
2023-10-11,779.5833740234375,795.6603217533316,777.6860672214889,787.8215740171987,980950
2023-10-12,791.0669555664062,793.3636537653306,782.3793866899138,784.7260011859726,648967
2023-10-13,797.2081298828125,808.2922905979653,787.5220521347552,791.8658061373228,1034587
2023-10-16,796.658935546875,802.8001638976654,790.917159475824,797.1582204226186,493894
2023-10-17,800.50341796875,810.5889474787795,796.7587816237602,798.8557535978116,569676
2023-10-18,798.6560668945312,813.8343391517182,796.8586535497805,803.3493568681685,664700
2023-10-19,792.015625,798.6061609992174,788.4207373158133,793.9627872625908,277693
2023-10-20,780.0327758789062,791.8658029050905,774.4906650700215,791.8658029050905,462247
2023-10-23,758.8131713867188,790.0184758267592,755.0185576085216,778.8843988234087,423543
2023-10-25,749.7261352539062,760.9101283323525,740.6391751608394,754.0699501142827,832310
2023-10-26,748.028564453125,755.3181722802628,730.4537614881921,744.1840953507522,884483
2023-10-27,742.0870971679688,753.4208388873968,738.9914945282787,745.182638859801,514179
2023-10-30,749.0770874023438,753.7703162501483,733.5492797558207,738.5421282729386,567688
2023-10-31,746.6805419921875,760.7603513035675,742.9359053723671,753.0214356226054,361013
2023-11-01,745.0328369140625,750.2753278962222,739.9900720636521,748.9272831656673,333271
2023-11-02,749.8260498046875,759.8616636046302,746.9301731499618,746.9301731499618,472694
2023-11-03,745.5321044921875,758.2638680109518,744.1341434980569,750.4251203412867,371947
2023-11-06,754.3695068359375,761.4094111693082,747.928719955163,751.3238813808321,742091
2023-11-07,758.064208984375,770.8958051969164,754.369488920155,759.2624438611101,713316
2023-11-08,784.8258666992188,787.6218496653531,759.9115405329112,760.3609090867926,1048266
2023-11-09,782.978515625,792.6646543775618,771.9942483886199,792.6646543775618,989686
2023-11-10,776.7374267578125,784.8757942966475,765.902969752581,784.8757942966475,605913
2023-11-13,723.4138793945312,756.9158828647372,721.0672038749802,755.9173130984249,3656128
2023-11-15,749.9757690429688,753.4208467345073,729.0058051179527,729.0058051179527,2495889
2023-11-16,769.6476440429688,782.2795759111092,745.4822436135782,745.4822436135782,2439746
2023-11-17,774.8402099609375,778.8844052602165,766.8017356603241,769.6476350696306,723967
2023-11-20,784.0769653320312,795.3108748109572,774.8401953160254,774.8401953160254,1251772
2023-11-21,776.48779296875,792.3151596621622,772.1440390486867,785.4749204843506,915318
2023-11-22,775.1397705078125,789.7188645176074,772.3937036879781,776.4878152947687,1072580
2023-11-23,774.2410278320312,780.3822561462999,759.9115763625517,776.7874294414688,1140665
2023-11-24,785.7745361328125,798.6560489371082,776.0883976705115,776.1383139668817,1799088
2023-11-28,769.8972778320312,789.8187565491638,768.7988754853452,785.7745612481785,719949
2023-11-29,768.99853515625,776.2881430427143,763.4065689713138,776.2881430427143,726023
2023-11-30,778.83447265625,787.3223153563805,769.8972613883054,769.8972613883054,1139226
2023-12-01,791.4663696289062,796.8586707272578,777.7360353901847,780.6818283800645,773301
2023-12-04,774.6404418945312,800.8528964220613,772.8929449260293,797.8072710379579,3228588
2023-12-05,777.9357299804688,784.6760756060996,771.2952778957848,781.4307240085736,545761
2023-12-06,805.3464965820312,817.8286183517465,777.6861025507701,778.8843984302348,1504305
2023-12-07,820.7244873046875,823.8200290954782,802.8001484214624,808.4420308398854,1573712
2023-12-08,794.8115844726562,825.8171622314351,785.9742058413673,823.8200227822659,2402310
2023-12-11,817.928466796875,829.7615550325871,790.6176082146422,798.8558087422972,2857825
2023-12-12,796.2095336914062,823.8200105451851,789.2695229669182,821.6231449941596,1337480
2023-12-13,811.1881103515625,814.5832718736679,799.8543680917045,804.8971331291774,782180
2023-12-14,827.8641967773438,829.811419879991,810.938428189498,811.9869751317481,964081
2023-12-15,822.8214721679688,833.7059067978786,816.8300536813088,828.8128906546287,850025
2023-12-18,816.1310424804688,840.795727434448,813.8343442506831,823.8200417261517,1178792
2023-12-19,822.3720703125,830.4105442672326,809.1410216898876,816.4805456077497,791780
2023-12-20,788.7202758789062,834.0553659435795,783.8772370735826,822.2223390369628,1861903
2023-12-21,822.4219970703125,826.5161694913138,772.0941197475119,779.8829513744842,1541173
2023-12-22,838.0995483398438,848.7842564637235,821.024030618364,822.4219916485304,2088247
2023-12-26,842.742919921875,850.7813939071301,829.3620614132063,837.7999876620682,821945
2023-12-27,844.8399047851562,854.5759596170262,827.714470547044,842.8926816292104,765258
2023-12-28,854.1765747070312,856.7728316358748,836.8014369590479,848.784273765144,970942
2023-12-29,852.7286376953125,857.7714026692794,846.8370518775787,855.7742631985709,468147
2024-01-01,854.4262084960938,860.6672692694601,846.7871257303497,852.7785440727813,415165
2024-01-02,887.5287475585938,900.5101538105358,853.4775447691812,854.4761144808691,3980406
2024-01-03,896.6157836914062,902.1079171987204,881.7370703560839,894.7184768279176,1793431
2024-01-04,897.1150512695312,912.2433457976433,889.5758012055652,896.7655153025398,712492
2024-01-05,891.4232177734375,903.7056133677588,880.7884256789713,898.7127646751193,438207
2024-01-08,872.4503784179688,892.6714152911804,866.1594013580969,891.7227618655813,656367
2024-01-09,885.281982421875,897.1150702975059,877.6429605519493,882.7356417985665,649347
2024-01-10,878.3919067382812,884.7328002844259,864.4119302100848,884.7328002844259,1456990
2024-01-11,878.6914672851562,889.625818281816,870.2535406736764,874.7471045670001,972265
2024-01-12,867.7071533203125,878.9410624494003,865.5602040853882,878.6914200243095,591537
2024-01-15,909.1478271484375,915.0393520144597,862.4147757539852,867.8070157526568,2296912
2024-01-16,887.8782958984375,909.9466624551048,879.7399282556349,909.0979025674866,986057
2024-01-17,870.9525146484375,888.8768531612569,866.4090346502222,887.229188757971,714859
2024-01-18,866.3091430664062,877.0437674903608,846.3377487892816,870.9525166149812,1540500
2024-01-19,877.892578125,886.9296217409224,866.0594905844507,875.7456288859881,906348
2024-01-23,856.922607421875,891.6229042939078,851.8298654129486,873.9981248128547,885743
2024-01-24,888.9267578125,892.222025628046,852.9283323704083,854.7756619335282,862176
2024-01-25,889.825439453125,912.193425216897,882.286250372431,889.6257742704772,1045465
2024-01-29,898.5629272460938,905.5529152011715,886.030889601919,892.2220339802736,685206
2024-01-30,894.4688110351562,908.3988705749265,892.3718390390007,898.7127322708799,600740
2024-01-31,908.898193359375,921.3803151618607,895.717060546378,896.7156302905768,1399292
2024-02-01,889.226318359375,918.7839571171634,863.7627909947887,918.7839571171634,1817051
2024-02-02,884.4332275390625,898.4631201430553,880.7884236228003,889.226350083235,648664
2024-02-05,883.3347778320312,892.8211904716493,878.1921801803231,884.7327998633298,766933
2024-02-06,883.5344848632812,896.3161652169694,879.5901222404376,886.7299201886681,1057975
2024-02-07,875.9953002929688,889.675717856167,866.8084465386258,885.8811650515944,446360
2024-02-08,857.322021484375,882.1365156115291,852.1294467473633,878.7413541821364,1203539
2024-02-09,841.8941040039062,860.4675373083879,828.5133063651338,853.8769406076266,936078
2024-02-12,830.2108764648438,847.7856788799131,816.3806494927288,841.8940932458919,859065
2024-02-13,831.009765625,837.5004690584659,817.3792640355773,820.9241744904364,465748
2024-02-14,796.059814453125,827.814320216364,781.6803857179909,826.8157504694202,1982268
2024-02-15,809.0911254882812,849.2835572080014,769.897263500728,769.897263500728,4974179
2024-02-16,871.00244140625,889.7256237236672,820.8243127955718,820.8243127955718,8741874
2024-02-19,861.3162841796875,874.7470588597425,851.7799557161649,873.7484891578479,964956
2024-02-20,892.8711547851562,903.7056120532809,865.9596881814009,869.8540735872792,3444381
2024-02-21,899.3118896484375,909.6970393949888,883.8340585720134,888.7270747108014,1778463
2024-02-22,911.1449584960938,914.6898688331131,896.8154463621433,898.7127532203077,715441
2024-02-23,898.8125610351562,920.2818095479964,893.2205951039781,911.2447659682097,1406588
2024-02-26,926.3232421875,940.6526935541112,905.7027527108057,905.7027527108057,3013526
2024-02-27,926.3232421875,936.1591297314005,916.7868524276814,925.1748626092188,804309
2024-02-28,909.896728515625,928.569994211888,899.2619367650238,923.6769782721678,643011
2024-02-29,923.77685546875,925.6242460832116,897.1650080811955,909.6970463100549,1434787
2024-03-01,918.9837036132812,923.7768260926802,903.4060403182702,923.7768260926802,671589
2024-03-04,920.3817138671875,944.5970293339143,917.9352058881939,923.7268980164373,1085073
2024-03-05,915.88818359375,920.2319376114748,904.055095530115,919.5829038450267,660077
2024-03-06,925.0750122070312,934.261804864997,901.8582662366099,914.6898627486455,1577906
2024-03-07,953.8837280273438,962.9207718321687,925.6741333487021,925.6741333487021,1749348
2024-03-11,953.9336547851562,972.6069210021828,948.6911636811917,956.6298052567671,1875353
2024-03-12,943.7982177734375,966.4657022004112,930.0179065501,953.9336641047394,1079570
2024-03-13,897.1649780273438,946.7939053509099,884.2334879507453,940.253224920034,1773669
2024-03-14,936.1591186523438,940.1034812618375,881.7370685546875,889.2762578006625,1584214
2024-03-15,925.1748657226562,942.5000263627113,910.7455207649326,936.608501455158,1144957
2024-03-18,938.3060913085938,943.2489628198744,914.7398086061733,923.3275450371717,678559
2024-03-19,919.333251953125,940.6526914404933,915.6884480370832,937.1576973640159,555021
2024-03-20,939.9536743164062,945.0963328031733,907.0507895353418,914.5400625076087,1104276
2024-03-21,945.345947265625,953.1347787367624,937.1576635353081,940.4529313560365,721888
2024-03-22,949.6398315429688,953.0349930695853,939.3545753151985,942.3502845629681,792841
2024-03-26,955.8309326171875,959.9749603190271,934.6612427081576,948.6412185606301,685483
2024-03-27,961.0734252929688,968.0134969360897,945.9450698747934,958.6269173248078,752945
2024-03-28,957.0791625976562,967.2146087110234,952.8851575741193,958.6269334777621,517943
2024-04-01,981.0448608398438,983.5912015069648,957.6783043639858,957.6783043639858,689298
2024-04-02,985.5883178710938,992.0790210789581,973.6054811796519,983.3415359914484,804261
2024-04-03,992.4285278320312,994.5754771870312,977.5498750331909,982.642556410727,677231
2024-04-04,1004.5611572265625,1008.5554361817377,988.6838740005971,998.0205376270352,861431
2024-04-05,1015.9448852539062,1017.5425724703977,997.8707362595627,1008.5554447449476,442664
2024-04-08,1037.61376953125,1056.2371191499556,1015.9448554102612,1015.9448554102612,870099
2024-04-09,1045.5025634765625,1058.4339934164782,1033.9191783654228,1056.4868310966601,951210
2024-04-10,1041.857666015625,1056.4867364141128,1030.0746167620457,1045.5024697784272,1178981
2024-04-12,1050.295654296875,1068.4695739934307,1029.525355875913,1041.8576672339839,980800
2024-04-15,1042.5068359375,1058.4839521970785,1029.5254289765924,1029.5254289765924,586620
2024-04-16,1058.48388671875,1062.4281882930477,1038.6123252210189,1042.5067714475235,425482
2024-04-18,1040.3099365234375,1062.4281573155622,1032.7207094743133,1058.4838558562697,1139829
2024-04-19,1024.9320068359375,1037.9632688222982,1018.6909459528948,1030.5239730079995,762705
2024-04-22,1037.8634033203125,1052.5923065372915,1024.9818296869978,1028.5268009144556,260452
2024-04-23,1033.0203857421875,1042.7564406102265,1016.0447003312478,1037.863424553812,1223564
2024-04-24,1069.418212890625,1073.0630168159835,1031.8221597455627,1034.5182492817348,657378
2024-04-25,1078.7548828125,1094.4323781573814,1069.418158712196,1069.4681359548863,1101089
2024-04-26,1077.80615234375,1087.192731650576,1059.7320656387358,1083.448095376234,475440
2024-04-29,1069.5679931640625,1096.429542771394,1061.5295801272578,1088.4409850827135,442802
2024-04-30,1055.6878662109375,1080.052991919299,1052.9917767073853,1073.4624561028347,952244
2024-05-02,1058.983154296875,1067.4210194035668,1052.1429763121012,1058.8333444645077,324107
2024-05-03,1051.7935791015625,1069.7678348180525,1043.8050210053448,1060.6807524670264,845271
2024-05-06,1039.16162109375,1060.7806802769792,1032.1716329353853,1056.2871164608875,414896
2024-05-07,1014.2971801757812,1042.25713197979,996.3728417404254,1042.25713197979,560484
2024-05-08,1020.0390014648438,1028.0275594792527,1006.6082261135466,1015.3457114418064,213896
2024-05-09,998.2202758789062,1023.5339946853959,993.626818455992,1013.7480233160247,469357
2024-05-10,1022.4854736328125,1025.780741508442,995.9734598432661,1001.4156160411446,421300
2024-05-13,1031.67236328125,1039.2114917686642,1008.5554491517463,1023.5339954262772,473458
2024-05-14,1009.8036499023438,1038.51252993665,1006.65813084118,1031.6723515945769,256949
2024-05-15,1000.96630859375,1016.1445195322528,984.989193123445,1012.4997766343047,969716
2024-05-16,1003.8621215820312,1010.5026345611758,983.7908947040282,1003.5625628573172,571339
2024-05-17,1018.0917358398438,1020.038958964296,998.3699840634905,1008.5554072970522,342548
2024-05-21,1032.970458984375,1051.4939771405348,1021.6367163734486,1046.4012956474892,473436
2024-05-22,1023.8834228515625,1041.5082025275526,1020.2386799962835,1033.0203600333205,256930
2024-05-23,1026.1302490234375,1034.9675669171747,1004.0618819640872,1034.9675669171747,309747
2024-05-24,1034.5181884765625,1041.108723985398,998.569679996682,1029.5253400765791,953721
2024-05-27,1117.848876953125,1122.8917030349596,1029.7750722586056,1029.7750722586056,5960921
2024-05-28,1158.54052734375,1174.7672851110815,1108.6620191495313,1118.39807380993,5608943
2024-05-29,1178.711669921875,1182.2066637878522,1142.5135191671104,1158.5404893293787,1555169
2024-05-30,1154.3465576171875,1179.061157358559,1146.9072622108986,1171.62186195227,815238
2024-05-31,1158.6903076171875,1180.3093656393867,1143.9614047887771,1158.3408326071815,1454676
2024-06-03,1174.5177001953125,1197.2851394281313,1150.1526956251128,1173.269487998244,466303
2024-06-04,1120.7447509765625,1187.299450169676,1035.6666557866126,1174.5177084238578,2199037
2024-06-05,1181.8572998046875,1201.2794330690015,1107.4638519546122,1133.376688722624,935489
2024-06-06,1208.1195068359375,1214.4105445983596,1162.5847536613273,1182.8557669884983,769796
