Price,Close,High,Low,Open,Volume
Ticker,INDUSINDBK.NS,INDUSINDBK.NS,INDUSINDBK.NS,INDUSINDBK.NS,INDUSINDBK.NS
Date,,,,,
2014-06-02,516.7825927734375,518.6068157601255,496.7623907217727,497.7914425142509,1212526
2014-06-03,506.58526611328125,519.1212863048275,501.9076551611734,517.3437713031293,1082946
2014-06-04,505.22882080078125,512.66623471338,503.31101145218696,505.275585497137,596415
2014-06-05,498.6334533691406,508.1290288388687,497.27693443064265,503.217536099304,958473
2014-06-06,510.1403503417969,512.3856269286791,499.8963687012495,502.7029358849745,1125599
2014-06-09,521.2261352539062,524.8278723221052,512.666085619454,512.666085619454,1196862
2014-06-10,522.3021240234375,524.6409299317456,511.7307327378351,521.5537175527296,809142
2014-06-11,521.8343505859375,534.7913692735077,509.85967603658827,521.0859441328067,2240823
2014-06-12,516.4551391601562,521.0859865467257,509.85971753674244,521.0859865467257,431081
2014-06-13,502.0481262207031,521.0859845022004,499.28832367995915,519.1681749738043,637311
2014-06-16,503.2721862792969,514.7604951497779,490.27723844775926,503.790089829998,1028057
2014-06-17,520.1279907226562,524.2713345422866,500.02349104976054,501.90681869966545,943205
2014-06-18,510.4288635253906,524.5538208638367,506.61513653892996,522.6234215225021,793566
2014-06-19,524.7893676757812,527.331872125595,506.6152628635181,512.9244235428005,1800038
2014-06-20,523.0942993164062,526.3901229844664,518.2447072149906,525.4484590793064,1215250
2014-06-23,534.3469848632812,536.6540720208153,523.6590692476295,523.6590692476295,1348982
2014-06-24,538.3963012695312,543.1987638703772,534.9592052589064,537.5017091253659,927637
2014-06-25,544.8466186523438,548.0482983680427,533.9233422245363,541.4095804755134,1062983
2014-06-26,532.5579833984375,547.6716768244587,530.4392397179316,544.2817099254897,1924761
2014-06-27,538.4432983398438,540.0441381431201,531.0983328905313,533.4524921675284,591144
2014-06-30,538.3492431640625,543.6225378186986,536.3717145626232,540.3737859892348,743857
2014-07-01,541.8804321289062,543.3399994887662,535.8066892705511,540.6562807133655,1160823
2014-07-02,550.0257568359375,550.8732771752749,538.631648793602,545.223294845272,916904
2014-07-03,539.8087158203125,552.7565916904028,537.689972496116,550.873264291117,576292
2014-07-04,536.2304077148438,544.1403483433515,524.5066831056256,541.4566297769026,926448
2014-07-07,523.51806640625,537.690096869087,521.9172262516488,536.6542895497239,1093537
2014-07-08,518.9508056640625,532.0399531654001,513.1596088002002,522.6703885129681,990112
2014-07-09,512.1709594726562,529.2150511184841,508.7338636419235,527.3317235344325,1791553
2014-07-10,504.8731384277344,523.2355850397626,501.1535544139667,513.0655686288014,1401352
2014-07-11,504.9672546386719,512.2651496940559,499.3172713699874,504.87311124070123,1244271
2014-07-14,504.825927734375,510.0050785065876,499.2701459362135,502.94260018084316,933715
2014-07-15,508.4513244628906,511.60587485659477,501.76547773242334,508.780883766857,606338
2014-07-16,508.8280334472656,514.0543137440101,503.0839070075388,511.3234656155238,930425
2014-07-17,505.5793762207031,512.5005829687026,503.7901918020319,508.49851135158366,790020
2014-07-18,510.7113952636719,512.3593070954109,496.3510207299463,502.8485246563586,1110616
2014-07-21,527.0963134765625,535.5712876994996,511.3234447838739,511.3234447838739,1674032
2014-07-22,525.5426025390625,532.3696658522404,519.7984757067819,531.0984425699728,858090
2014-07-23,523.3767700195312,530.5334499514132,518.9509383138914,527.3317697878605,658514
2014-07-24,519.5630493164062,525.778007976748,515.1842892548457,524.5067847199606,690087
2014-07-25,517.9152221679688,525.9664382176576,511.6060616030002,517.3973184407232,569208
2014-07-28,519.280517578125,525.8250925280781,516.5967412448995,519.5630052251494,527177
2014-07-30,530.7217407226562,532.0400931468433,514.0543359966758,519.9397352571498,680088
2014-07-31,526.8609008789062,538.6316984856736,523.8946368921618,529.2150604002597,1039377
2014-08-01,516.5967407226562,531.0983863176218,513.0655014519274,523.5650758734002,561037
2014-08-04,522.43505859375,527.3317217910144,515.8434120713623,517.679667954661,534723
2014-08-05,522.6704711914062,524.977558954376,515.3255051798785,520.740071931426,432351
2014-08-06,520.3633422851562,523.1883334104276,515.5608803620314,518.4329431778058,533624
2014-08-07,518.3389282226562,523.0943196334941,516.2201843537537,516.2672560559192,341244
2014-08-08,505.8618469238281,518.8567969496057,504.0726625651956,512.924326011164,384425
2014-08-11,508.2159729003906,509.4401243660549,505.57932571097575,508.02762864230425,271885
2014-08-12,513.206787109375,516.9734424276089,506.6151403024656,508.1689086110767,344857
2014-08-13,508.0747375488281,514.2426244993466,504.54349798082876,508.8280571617475,408388
2014-08-14,516.2671508789062,518.1034066861166,506.0971938749793,508.6867691871854,551976
2014-08-18,518.1505126953125,521.3992643425244,512.1238413070181,513.2067776809547,656550
2014-08-19,535.4772338867188,536.7484572429778,519.3276739815828,519.3276739815828,1264604
2014-08-20,535.2417602539062,539.9500795472214,528.4617689766123,539.2909033512371,590301
2014-08-21,534.959228515625,541.2213163224195,532.040093470495,535.9008923978737,670343
2014-08-22,536.7012939453125,540.6091642279358,534.2529335821947,536.230462045628,440118
2014-08-25,534.1588134765625,548.9900189631308,532.134213229826,535.9479977631947,848626
2014-08-26,529.5917358398438,538.2079249905369,525.0717036907499,530.1567111211823,496916
2014-08-27,543.7167358398438,546.9183584795896,528.3675689397352,532.0400809841565,412225
2014-08-28,551.2971801757812,553.6042683865079,544.3759155436015,550.2142436254584,770108
2014-09-01,571.495849609375,578.9349600089336,552.332954568166,552.332954568166,1531844
2014-09-02,577.8519897460938,584.2082201308484,573.4732302689804,574.4148940296848,1277709
2014-09-03,580.3473510742188,586.0915343690864,575.968649170939,581.9481909260537,1459503
2014-09-04,574.1323852539062,581.0065189589886,567.870298485986,579.9707118501955,592010
2014-09-05,577.4283447265625,582.0424635895403,571.5900167508256,574.2266643117566,633231
2014-09-08,584.2081909179688,585.7148298699195,578.1815201609817,581.9481750154506,501130
2014-09-09,596.6852416992188,600.4047674293247,577.2398628088866,585.7148363248409,826742
2014-09-10,595.6493530273438,598.3331290169409,584.4906613391483,593.0597778910917,891497
2014-09-11,591.7415771484375,605.019014237586,589.4815609536636,596.5911114159325,1075814
2014-09-12,594.4723510742188,596.9207114621609,588.5398805729628,596.0731910442968,393690
2014-09-15,586.9391479492188,590.8000047566549,583.9258117146512,590.8000047566549,366221
2014-09-16,582.4191284179688,600.2636710099316,576.2983130020967,584.7732881933041,1274041
2014-09-17,583.7374877929688,589.0107827623099,577.8520882849521,586.2328626996051,512933
2014-09-18,592.824462890625,594.9432065446119,579.1232654230962,579.1232654230962,870506
2014-09-19,593.3423461914062,597.8623784781312,584.5378125206446,591.0823875226419,532173
2014-09-22,605.0661010742188,606.2902525959353,586.9390717894069,589.4815757034954,687450
2014-09-23,594.0956420898438,609.2093327451161,592.0239704871115,607.3260053743759,732144
2014-09-24,586.3739624023438,595.6963979898306,580.1589478694315,593.2480955061483,618112
2014-09-25,575.8745727539062,594.0016036537345,568.7650214803234,583.8316445658949,939181
2014-09-26,588.0689086914062,591.6942905029529,574.6031309240539,576.2981138817304,1169117
2014-09-29,588.6810913085938,595.0373213512261,580.6298206082528,588.5398187622541,592490
2014-09-30,585.2911376953125,591.2707374561685,579.123251149534,588.3515451200865,557826
2014-10-01,566.7403564453125,585.2440738040161,565.5632766508555,585.2440738040161,602106
2014-10-07,564.5274047851562,571.0249074964572,560.3840613932263,561.2315817380369,798852
2014-10-08,586.750732421875,591.2707649622625,559.8191688208392,560.5254167209496,928741
2014-10-09,589.622802734375,594.70775269523,585.9973626726525,590.4231939628274,626240
2014-10-10,586.8920288085938,592.1182519865774,580.5828691499865,585.714948927309,688989
2014-10-13,597.9094848632812,610.1981868536072,587.5982540071774,590.3291022159615,2955157
2014-10-14,611.8460693359375,615.8481405859225,603.0886072720666,606.9023342624266,1979225
2014-10-15,611.8460693359375,611.8460693359375,611.8460693359375,611.8460693359375,0
2014-10-16,607.7026977539062,619.6147675670318,603.6064832985827,611.1397935425588,1604023
2014-10-17,622.2985229492188,627.9956351359517,609.2565018121675,609.5860611648845,1666095
2014-10-20,628.3251953125,635.528946656241,625.123515276482,630.9618425614917,945873
2014-10-21,638.5892944335938,640.1430051348319,624.323065645079,629.031384390517,752512
2014-10-22,644.0509643554688,646.7346831825063,637.035557584855,643.2505156446247,475609
2014-10-27,656.1513061523438,667.1687838017878,651.5371881450351,651.6313315325859,1242535
2014-10-28,657.234375,661.0481025582995,645.6989914439613,659.0706312242501,640727
2014-10-29,651.9609375,662.6959282800965,649.3242902394184,661.048016557908,890168
2014-10-30,668.8167114257812,676.7737820006695,646.7817555991057,651.6313471406415,1773300
2014-10-31,678.0921630859375,679.8813475166124,667.357228925701,673.2897001030165,806832
2014-11-03,666.7921142578125,682.7062554788127,664.2496679757071,682.6121120885855,722814
2014-11-05,680.2108764648438,683.9304602624512,664.3438631761333,668.5813506095742,917214
2014-11-07,685.907958984375,688.8741655737269,675.3142408625484,681.7646151291099,891311
2014-11-10,682.2354125976562,691.1812185599443,678.9395893483922,686.4728996324243,590964
2014-11-11,678.3746337890625,687.3675117071532,676.8679372036947,686.049159379281,913581
2014-11-12,685.20166015625,686.4728832464981,678.233325320014,682.7062281943911,1022775
2014-11-13,680.2108764648438,693.3941707022157,678.9396532246521,692.0758757632395,919911
2014-11-14,687.9325561523438,690.1455008198054,674.9846774237832,680.8230051454003,677172
2014-11-17,683.3184814453125,690.9459365971209,679.5988972763759,687.9326004042631,786713
2014-11-18,680.1637573242188,686.0962278223222,677.9979420597806,683.459580653676,523280
2014-11-19,673.7604370117188,683.4124907914114,670.8413022730648,681.7645791704882,510425
2014-11-20,665.94482421875,672.818960253358,663.873151824517,671.9243679155514,530861
2014-11-21,672.6304931640625,681.199668895354,659.2588546690615,664.8146945110484,857091
2014-11-24,678.4216918945312,685.7195862981637,674.3254199057989,675.6437722072615,793534
2014-11-25,665.5679931640625,682.7062866125669,661.989682053289,678.9396312381527,842882
2014-11-26,675.4554443359375,681.5762591455019,662.9313270666714,663.8729908835275,762998
2014-11-27,678.5629272460938,683.4595906161549,670.4646413655071,674.0429523947291,1114645
2014-11-28,706.671630859375,715.4761646568733,681.2937792127169,681.2937792127169,1660682
2014-12-01,727.859130859375,730.731194290467,702.1045884315143,708.0841887458442,1046556
2014-12-02,717.8773803710938,724.8457155336499,714.1578543126323,724.2807402392147,797540
2014-12-03,730.3544921875,738.7823955220765,717.5478862366348,719.4312140220328,997621
2014-12-04,738.688232421875,743.9144553920507,714.5345312284825,727.058649172441,827398
2014-12-05,741.3718872070312,748.9051974948702,735.6277611023926,743.9143909240962,1029452
2014-12-08,737.65234375,743.4435993375931,723.8570030222255,742.5960788944235,634004
2014-12-09,729.3186645507812,736.8990471806303,723.2919928157826,735.3453362857799,558503
2014-12-10,736.8048706054688,741.842749074178,725.9757366291491,730.7311274455698,556655
2014-12-11,732.190673828125,739.3944248646762,726.2582034022223,737.2286096265972,537357
2014-12-12,733.2265625,740.3361129049091,729.6481939747117,732.6144580220957,417103
2014-12-15,736.85205078125,752.6249221558007,726.022915210663,729.7895710613019,1065160
2014-12-16,719.19580078125,743.5377895101587,716.747497640772,734.968671043883,969381
2014-12-17,715.5703735351562,725.9757474508506,708.3195504871386,717.0770126862199,1101172
2014-12-18,728.3770141601562,732.0023971231486,718.960375321628,728.8478461020826,706968
2014-12-19,725.6461791992188,739.3945066400672,724.2808125223038,731.8611954312528,736723
2014-12-22,732.5674438476562,736.3811711547519,719.5253643239002,726.9645321374277,484759
2014-12-23,740.5244750976562,743.0669215145823,725.9286854134356,736.1927869001596,526591
2014-12-24,738.7822875976562,747.4926773326716,734.4977290067027,746.6452144378052,766335
2014-12-26,738.688232421875,743.4436234582583,732.3790730141361,741.0423920908372,442570
2014-12-29,737.9819946289062,745.7036499437816,736.4282262362696,741.0894739395774,280905
2014-12-30,745.8919067382812,748.0577795559545,729.7894780195605,738.3585959974341,609368
2014-12-31,755.63818359375,762.2769023789676,748.0106717658518,752.3894317489749,1270958
2015-01-01,764.631103515625,767.1736075961275,751.8244971855007,756.5328167884294,819116
2015-01-02,768.3035888671875,775.318938849984,764.6310767157805,768.3977322661045,640249
2015-01-05,771.3167724609375,773.8592761396156,764.67805436493,770.2809653018368,336910
2015-01-06,751.824462890625,768.3977241470941,746.1273504512745,768.3977241470941,485801
2015-01-07,745.7506713867188,758.5102046124681,740.6656637849522,753.4251970107017,737973
2015-01-08,752.1068725585938,757.5685109875125,742.4548188138803,753.3310239776382,623621
2015-01-09,755.2144165039062,763.5010469855875,745.3740176617719,757.0977442258612,544145
2015-01-12,781.0631103515625,790.2443331062219,750.506106201391,757.9923454808799,896776
2015-01-13,777.3433837890625,799.6137532678284,772.2113051328477,795.705825925812,3264664
2015-01-14,769.0098266601562,784.3118646319222,763.7835461731947,783.1818564867791,1238612
2015-01-15,781.9104614257812,799.4725131196004,776.8725834201064,791.4683713510296,1493767
2015-01-16,783.3230590820312,788.9730422429752,765.855205971033,783.1818439877682,1160723
2015-01-19,780.780517578125,788.9258744920164,778.7559175354445,786.2892274995116,612731
2015-01-20,791.4213256835938,795.2350524508726,774.612592932113,781.580927808436,1318766
2015-01-21,793.3988037109375,809.3600162238844,790.4796689924639,795.7058914591998,1462665
2015-01-22,796.8829956054688,802.109218232393,788.7375806959992,789.5851011110021,553285
2015-01-23,807.3353881835938,813.5504033807133,801.3558463971424,803.2391738857373,1179588
2015-01-27,812.891357421875,819.2475887136186,801.7326632550997,807.005958077668,840924
2015-01-28,818.0704956054688,828.6642142535972,808.1359531681443,809.7838649578532,925540
2015-01-29,824.944580078125,827.6754281527905,812.6088069951296,813.1267106025045,687051
2015-01-30,819.4358520507812,833.1841205710729,815.7162685377101,825.8391544098952,888368
2015-02-02,823.5321655273438,826.6396449525229,806.1584547973182,814.6334300339547,666544
2015-02-03,811.1021118164062,837.8924591042529,807.2413131278273,825.4624851324743,1013403
2015-02-04,812.9384155273438,821.4133904412791,801.591377276384,814.1625670755474,907333
2015-02-05,814.9158935546875,831.8187131592923,801.3559115445872,811.6200701817074,704581
2015-02-06,795.9883422851562,817.6466081516436,791.4683678601124,813.4091213516787,465226
2015-02-09,777.0139770507812,789.8205828862797,772.6352169993353,789.8205828862797,573650
2015-02-10,791.7510375976562,802.2506136291047,768.1152954445115,768.1152954445115,1050019
2015-02-11,805.5933837890625,812.8442065699852,794.7642500502265,794.7642500502265,787344
2015-02-12,819.2003784179688,823.908697096761,797.2124957032534,807.8533418969982,507508
2015-02-13,824.2853393554688,826.4512119569458,813.5504071060772,821.9783091510508,700753
2015-02-16,812.5617065429688,828.0049581982865,805.122539619801,821.6016559278087,420397
2015-02-18,814.3978881835938,819.1062070317953,802.8625070054998,811.5258251811098,503192
2015-02-19,807.4767456054688,819.7183755680006,793.3047162591498,817.3642159598214,621565
2015-02-20,825.65087890625,829.9825672411998,801.0264029165694,807.1000889659566,1207981
2015-02-23,816.9404907226562,827.2517217430017,807.8534687306732,824.8975620340005,596633
2015-02-24,813.73876953125,816.422488284909,804.8400354131563,815.0099926304368,505014
2015-02-25,808.4655151367188,822.260914010496,805.1226198474772,814.5392586761027,617078
2015-02-26,795.9883422851562,809.8308106599603,790.1029439518717,806.2524999682419,1152143
2015-02-27,814.0682983398438,817.1757771682583,788.6904492043714,795.6587838283496,1063550
2015-03-02,889.4014282226562,894.4864355559589,860.6806833197542,871.0389847601451,1263167
2015-03-03,883.8456420898438,889.8723135524192,871.9807008989843,889.8723135524192,617171
2015-03-04,855.2191162109375,906.3985232379612,850.4165961128195,903.9031485314665,996972
2015-03-05,859.9273681640625,864.3060702195062,841.0470210286527,856.7256883491311,739059
2015-03-09,842.9774780273438,856.9140913142379,838.5516465003614,855.0307636410198,1121892
2015-03-10,844.4371337890625,860.2570764035992,836.7154780264299,845.614213707921,949910
2015-03-11,838.2691650390625,852.2057784289474,833.4666449521063,845.708274918489,661190
2015-03-12,839.7757568359375,849.8515708887624,836.9507654645621,840.905764879407,678466
2015-03-13,824.1441650390625,844.9549119227677,814.7745987820725,842.7890966887661,789147
2015-03-16,826.0745849609375,836.9507905720866,815.7162829551577,824.191257323523,637728
2015-03-17,850.4635620117188,855.7839272340723,829.4173446147812,830.6414958843305,578263
2015-03-18,850.5107421875,867.1782026784985,843.7307514399384,854.465741579794,1120286
2015-03-19,829.7470092773438,865.3889580641421,823.9557544136283,865.3889580641421,1142631
2015-03-20,834.6436157226562,842.6948865130615,823.2495076937972,836.1973838514062,751604
2015-03-23,836.5269775390625,841.8474007686575,830.1236754710878,836.1974182131632,955973
2015-03-24,833.2311401367188,844.1544740420186,827.3457417420293,833.3724126880287,704010
2015-03-25,820.2362670898438,837.9395355873395,813.8329645449537,835.7266485781271,715430
2015-03-26,810.160400390625,827.6283092792424,803.2862663742087,814.0683280204688,2107203
2015-03-27,829.370361328125,835.7265917442077,801.2617209223973,810.7725019625497,1088061
2015-03-30,836.150390625,838.0807899383655,824.9916400045452,834.3612063982139,411951
2015-03-31,834.314208984375,841.9416635258809,826.3100658959245,839.0225284481695,583298
2015-04-01,871.2744750976562,874.476155169725,829.1350179124413,832.5249847743728,954252
2015-04-06,861.5753173828125,872.9223548369603,858.1852931705315,871.9806910237596,573759
2015-04-07,854.0420532226562,866.8015870890137,847.6858221386249,861.6695075336534,738125
2015-04-08,849.333740234375,861.7637148307541,847.5445558890214,861.7637148307541,456811
2015-04-09,888.8366088867188,892.556135440452,848.4392031921665,855.0308507197416,1086130
2015-04-10,890.1076049804688,895.9459313665574,881.0205273616333,893.0738686004964,761095
2015-04-13,894.34521484375,899.1948065163432,885.6348244912313,892.6973031554357,847695
2015-04-15,891.3319091796875,910.5889464817976,883.5161106892933,898.2060438164293,862700
2015-04-16,879.9378662109375,903.0557040747605,873.8170506984391,899.2890483747614,3431738
2015-04-17,824.8974609375,881.3972870291096,822.2137421879867,881.3972870291096,2706290
2015-04-20,794.52880859375,829.8412000868055,781.580931712963,823.6733138676043,1937207
2015-04-21,788.9258422851562,809.8307880769445,784.6883556033582,799.4724872992161,1671993
2015-04-22,796.8829956054688,802.2975624884601,772.164320704856,790.9975968196085,1350387
2015-04-23,808.65380859375,819.1533832177325,800.5555226998558,804.934224995255,1373721
2015-04-24,782.0989379882812,813.0326314827633,776.1193952334734,813.0326314827633,1042505
2015-04-27,775.036376953125,785.3476070295475,763.2655794856557,785.3476070295475,1087851
2015-04-28,779.4151611328125,786.5717832284483,759.0751879840705,770.4222830795362,1528666
2015-04-29,784.5001831054688,792.88101492288,770.328152706578,780.4510397735862,1119768
2015-04-30,775.7425537109375,786.6658872444762,772.2113147943048,781.675023595962,1960263
2015-05-04,792.5985107421875,799.9434776173854,778.944384284916,779.6977039048794,868300
2015-05-05,787.748779296875,796.6004413201744,783.0875323534843,790.8562581009379,672307
2015-05-06,756.1090698242188,790.0560432633174,752.3894857775813,788.1727153890306,985312
2015-05-07,748.8111572265625,753.3311325268024,740.1478377075834,750.2236531000502,1753181
2015-05-08,763.1714477539062,768.1151827657635,753.3310494258614,756.2031125568778,1407570
2015-05-11,771.834716796875,774.9892673741131,758.9809836008932,768.774309604936,1423467
2015-05-12,753.5664672851562,774.8951756658219,747.8694127043806,774.8951756658219,1358401
2015-05-13,769.5277099609375,771.5993819265199,748.7640335567194,758.1335428875346,1074443
2015-05-14,769.0098266601562,772.1643776521872,753.6135878161107,769.527730296588,680132
2015-05-15,784.7354736328125,792.2217120409733,770.2809578656363,772.1172136977656,1234559
2015-05-18,796.9771728515625,802.580084228631,779.2739040465849,781.3455760021311,995778
2015-05-19,796.3651123046875,808.6067420912867,793.069288900603,796.6475999586893,816702
2015-05-20,801.8737182617188,806.0641332531047,797.8245758162301,799.4254156131698,750251
2015-05-21,798.71923828125,805.875860096382,789.161327821615,805.875860096382,503688
2015-05-22,802.8624877929688,811.3845906839557,798.7662734828941,801.0733611582232,760999
2015-05-25,804.2750854492188,812.4205008849062,797.5422232879904,802.1092700510236,516256
2015-05-26,803.192138671875,809.6425126234307,792.2217325627311,803.239210366309,552759
2015-05-27,810.11328125,814.5391121984824,795.3291494527507,799.4254210913364,307557
2015-05-28,805.4049682617188,818.3999161034559,800.5083054225532,813.5033107388826,1570880
2015-05-29,822.9671020507812,828.6641566327115,803.3805062071095,805.0284178822315,739227
2015-06-01,831.4420776367188,833.3724769641454,819.247519727465,819.247519727465,641892
2015-06-02,797.7305297851562,832.4778903316752,793.3517700230826,831.4891548135097,885470
2015-06-03,793.4459838867188,801.261840283059,785.3476972882165,795.7060002500515,505601
2015-06-04,797.2596435546875,803.0037694875989,788.407981241269,798.3425223914327,454498
2015-06-05,785.7714233398438,798.3426129428846,781.5810076472965,790.9976462936494,979963
2015-06-08,764.3485717773438,780.0743698396121,761.8060678433911,779.6976813032484,1318893
2015-06-09,761.9943237304688,770.6576417905966,743.9143680994616,760.6759714807079,1076855
2015-06-10,771.7877197265625,782.2402236405002,763.6894330685745,763.6894330685745,997303
2015-06-11,748.7168579101562,777.8142920681622,746.7393869371098,776.8726282763122,1251145
2015-06-12,763.5010375976562,766.5143734106525,738.2644579286875,743.9144410250805,1006880
2015-06-15,748.1989135742188,762.7476298609292,746.2214427088611,762.7476298609292,626249
2015-06-16,773.6239013671875,777.1080690030478,741.0894278162965,748.6698100874773,854175
2015-06-17,770.46923828125,779.6975308959703,764.1600800991303,778.7558672113133,1319469
2015-06-18,777.3905029296875,782.5225818991556,765.5255625838702,772.1642805743774,721061
2015-06-19,786.0067138671875,788.4550165346742,775.6954847000799,778.2850599145567,497932
2015-06-22,790.2913818359375,815.0100577646755,784.3589111079604,785.159302386289,1357595
2015-06-23,784.9710083007812,798.0601595715003,780.8277216031073,793.5401843219453,1202887
2015-06-24,795.235107421875,804.6517457572436,785.5830531281222,785.5830531281222,905000
2015-06-25,816.5637817382812,833.7962176689475,792.6454983872474,795.2350738200539,1929219
2015-06-26,818.6825561523438,833.0900012451699,801.3559187040385,813.9742370060216,1457184
2015-06-29,809.4542846679688,813.59762891618,792.03350210437,809.360141265575,696937
2015-06-30,821.7901000976562,823.7675713052089,805.1226375104147,810.7255492312851,738228
2015-07-01,824.4738159179688,834.3142151651191,811.7142815714816,821.6958959188302,832607
2015-07-02,819.0121459960938,831.8658807339614,817.3642342335262,831.8658807339614,688412
2015-07-03,841.3765258789062,848.0152435473302,807.947464134417,807.947464134417,1092421
2015-07-06,846.8382568359375,848.6745127690258,825.839165268722,832.242467712032,940588
2015-07-07,846.5087280273438,858.797429754236,842.7891443311855,843.7308081796002,698569
2015-07-08,840.3407592773438,843.7307258108532,822.9199797823652,830.5003615271532,719187
2015-07-09,840.90576171875,845.0491053710325,824.1912295009361,839.8228253739545,1043039
2015-07-10,842.7420043945312,851.264050037711,835.2557659108957,845.5199240173389,528685
2015-07-13,870.05029296875,873.581532273395,842.836185737779,851.4524326309523,3460092
2015-07-14,870.1443481445312,879.32556940581,865.7185171698169,878.5722499254441,1362690
2015-07-15,873.063720703125,877.6307676953892,864.4474729016816,867.6020240231915,728864
2015-07-16,877.9130249023438,882.5271998586564,870.0972279642493,875.7472099640172,1581760
2015-07-17,881.2560424804688,883.9868904848546,871.1331566506822,878.854811290183,941362
2015-07-20,892.1793212890625,894.5805523293436,876.1239660290177,881.397259979227,757943
2015-07-21,883.6101684570312,895.7576539818131,878.3839460706372,891.7555829916184,378818
2015-07-22,901.0780639648438,903.9971985954708,878.5722773849731,882.3860040716289,668776
2015-07-23,894.3922729492188,908.6114309285093,889.8722981677308,898.4414158269143,714586
2015-07-24,900.0892944335938,910.1180366058974,890.296025679136,893.638920578372,1061478
2015-07-27,883.5631103515625,897.4055793666173,874.8997921093476,894.3922437856822,568643
2015-07-28,894.4393920898438,896.6994083377682,876.4536354007643,886.1527616384553,1002593
2015-07-29,897.9705810546875,903.0555885892417,889.4485351181861,893.6389505434728,900217
2015-07-30,916.8981323242188,925.3260355531663,900.6073586796231,903.0556617801141,1155545
2015-07-31,920.6647338867188,931.5880112750575,913.5551834975655,918.1222300623954,994608
2015-08-03,917.0392456054688,928.4804834779204,910.2121832269546,920.9471732671461,826349
2015-08-04,896.7464599609375,916.2389128704707,885.2110779643668,916.2389128704707,1183219
2015-08-05,897.0759887695312,906.3513536586944,893.2622046264092,902.11386681042,496812
2015-08-06,896.0872192382812,902.39637798302,891.1434844529748,897.1230838685311,516457
2015-08-07,895.4725952148438,907.4348903626951,890.7916720190728,898.26224097533,452556
2015-08-10,893.0613403320312,905.922005422331,885.7326393487086,895.0471588019168,547548
2015-08-11,899.018798828125,901.1464860810866,888.4749033543425,893.7231870348721,535103
2015-08-12,864.7393188476562,901.902908132096,856.9850699813494,895.4253061382916,458811
2015-08-13,874.99951171875,883.0374409824792,860.5312505874791,862.2806591638781,590548
2015-08-14,906.8676147460938,911.1229893721181,877.7892214682602,884.1722834072968,935467
2015-08-17,900.0116577148438,912.2576907633099,893.2503177352252,907.7659068135905,595833
2015-08-18,915.5674438476562,918.6880401606531,898.6404872364541,902.1393621340845,594739
2015-08-19,905.40185546875,917.1750697453583,902.2812590588227,913.2506457474187,593595
2015-08-20,881.4298095703125,909.2316104494076,868.1435973729173,896.4654879937997,591055
2015-08-21,856.0394287109375,874.6685225472319,844.7390347614255,865.2594059878572,1314813
2015-08-24,818.5448608398438,832.1620816260623,803.8874605384756,832.1620816260623,1626974
2015-08-25,830.3181762695312,835.944738940458,818.5449611063952,827.4339893358606,1189117
2015-08-26,807.1027221679688,829.2306933494413,802.3272577337332,829.2306933494413,1089934
2015-08-27,811.830810546875,823.6512941017218,807.2444860144764,817.0318233110075,1888490
2015-08-28,801.5706787109375,833.1077067242285,785.1165420065729,822.7056808740963,1779090
2015-08-31,811.4052124023438,817.9774124038263,792.4451694733023,795.2820853544716,810239
2015-09-01,786.2986450195312,806.5826083797731,770.4119250700953,806.5826083797731,965840
2015-09-02,779.962890625,793.3437030737712,765.2582184527306,790.554056999052,1244494
2015-09-03,803.2255859375,808.5211399073191,775.4237833029259,784.8801709041811,916326
2015-09-04,795.093017578125,797.2207046803176,772.5868277739293,796.7006149321119,943412
2015-09-07,775.6129760742188,812.8711111616577,768.4734144864649,803.7930015254324,1228245
2015-09-08,794.6676025390625,800.861583320856,771.9722696241785,776.8423328990506,2536360
2015-09-09,811.3107299804688,823.3676233426369,795.3766833381821,806.6298068964212,2014128
2015-09-10,819.774169921875,827.433819910739,790.1283635724657,799.5374796966055,1364608
2015-09-11,821.4763793945312,837.7413771553537,815.2824572330981,826.9610725057878,1412833
2015-09-14,828.6159057617188,832.162050864836,820.814386534861,820.814386534861,1144929
2015-09-15,830.885498046875,838.6870176148714,823.7458794199727,828.2849915242097,1937337
2015-09-16,850.2238159179688,858.1672048680952,836.6539223218151,837.8359708133689,1151193
2015-09-18,868.7111206054688,879.9169174778665,855.8031276920678,856.0868077931641,2094161
2015-09-21,863.8410034179688,874.6213083209059,855.8030739937183,855.8030739937183,683274
2015-09-22,839.7745971679688,870.9334098566641,827.906840748653,869.0421320936746,808319
2015-09-23,856.3231811523438,858.5454669039058,825.5426505697322,827.4339281197201,955777
2015-09-24,876.5126342773438,881.4299099054838,847.6233225173526,858.640037718132,2909599
2015-09-28,870.8388061523438,886.6309281588245,866.3470217896975,876.6071798259096,1690643
2015-09-29,890.1770629882812,905.9219721251492,852.3042405196023,863.1790867403114,3261855
2015-09-30,891.2172241210938,906.0164354739412,888.4748487433995,904.8343870727294,2038714
2015-10-01,905.5436401367188,910.8865221388209,890.5552890986085,898.3568087535737,1251550
2015-10-05,907.5296020507812,917.175129717153,900.6737204928171,913.4871151715005,1399766
2015-10-06,900.4371337890625,911.5956583120978,895.2833916047496,911.5956583120978,1149797
2015-10-07,896.7964477539062,902.7540178020816,890.0351656061296,900.9572811657738,1390453
2015-10-08,893.439453125,901.7610623363028,885.3069832015647,899.3024247456475,1367019
2015-10-09,888.9476928710938,905.165420474449,883.4629996801019,902.8958643940068,3827106
2015-10-12,893.2503662109375,905.9219489173335,888.9004509209743,892.6830060312764,1028185
2015-10-13,894.5269775390625,898.0258524200841,885.5906799036935,896.4655254123882,819594
2015-10-14,898.2622680664062,909.704473808086,894.5269834756236,895.5198926156523,1071537
2015-10-15,905.7328491210938,913.4870989788495,900.3426963103846,902.0448923580287,1103270
2015-10-16,912.0213623046875,913.487090917479,898.4041403469829,905.9219804336904,744451
2015-10-19,909.7516479492188,920.437353106851,906.962002399746,912.0684741756352,811801
2015-10-20,904.692626953125,917.3641518989352,901.2882927351801,908.2860427521695,702126
2015-10-21,905.40185546875,915.1419232949154,900.153571817889,905.9219452508695,737124
2015-10-23,907.6239624023438,913.7233432226651,905.1180546165824,910.6500176180352,329508
2015-10-26,905.8746337890625,912.4468345121137,904.0306267204068,911.5957365674394,774154
2015-10-27,902.1393432617188,907.4822251425521,899.3024270879398,903.2741212746718,529820
2015-10-28,873.9593505859375,911.1229421850732,868.9947471126925,897.4111802113487,1653036
2015-10-29,864.78662109375,873.5810497648212,859.1127886972902,870.0349045170337,1155093
2015-10-30,862.3279418945312,872.1152792196013,853.2970462585312,864.313760050654,905083
2015-11-02,863.9828491210938,867.0088468846225,855.0465515753283,862.3279813428856,777036
2015-11-03,862.2807006835938,870.9333186298298,859.1128338492947,865.212215539493,1077484
2015-11-04,864.0300903320312,869.42024245673,859.8219865804155,865.5903595541771,539364
2015-11-05,858.1199340820312,863.1790785366987,852.2569620231454,861.4769402530768,1329817
2015-11-06,870.885986328125,873.770172866114,859.2073135647961,861.4768695682142,1027490
2015-11-09,873.2027587890625,875.283117660291,851.0747911327303,853.9117071031727,1281696
2015-11-10,845.1646118164062,868.0018101484543,842.5641053185096,864.3137960281906,1005017
2015-11-13,843.74609375,847.0558290575091,832.1620201737181,840.5782273282655,780686
2015-11-16,862.80078125,867.6707859714298,841.0510909411971,841.0510909411971,641386
2015-11-17,856.985107421875,866.5360356011555,852.0205040409483,865.5431264684117,370477
2015-11-18,852.0678100585938,863.3682050082223,848.6162631464447,855.8030947781393,720317
2015-11-19,864.4556884765625,867.4816863100665,851.6895653208871,859.5856258154768,654116
2015-11-20,871.7371215820312,880.8625592657111,860.5313246718165,864.4557488547325,1277692
2015-11-23,869.7039794921875,879.3967767863863,868.1436524506278,872.8245758580974,561734
2015-11-24,869.56201171875,877.5526698790853,862.469721822098,868.805512339881,758435
2015-11-26,865.7796630859375,873.8648639482407,863.8411149297574,872.7301434685759,1010152
2015-11-27,873.1553955078125,876.1341802436594,861.0985031191383,870.9331678407019,1152436
2015-11-30,884.4087524414062,887.9548982009949,872.1627175415169,875.0942326664399,1180438
2015-12-01,891.4063720703125,893.6285999993007,882.7537546024838,888.9004063485107,856641
2015-12-02,891.3590698242188,893.6286259293357,884.3613776483252,893.1558065505371,795995
2015-12-03,895.2362670898438,897.8840441970086,882.2810039345013,888.5695250665785,766241
2015-12-04,891.6900634765625,893.5813409609108,884.0303550346268,888.9949584310411,1331500
2015-12-07,900.9573364257812,902.5176634802356,889.8460808991448,891.7373584355936,884329
2015-12-08,892.8721923828125,905.3073083329098,890.3189560053661,897.3167064150765,768665
2015-12-09,877.4109497070312,897.411233692328,874.0539434637427,891.737400813346,620237
2015-12-10,879.5386352539062,881.7609210906642,869.4676165444538,877.6473576314124,978676
2015-12-11,866.3469848632812,886.6308903678449,857.7889077949255,877.552781235056,1189304
2015-12-14,864.644775390625,871.8789349770472,854.621027641547,862.1388673119602,1665452
2015-12-15,868.23828125,873.6757043120682,856.9378861253898,865.2594959638953,1122718
2015-12-16,882.0444946289062,890.2242924448585,869.0892329365334,871.2169200047887,822684
2015-12-17,897.4583740234375,900.0588803827535,878.8766086681017,887.0090781958083,799986
2015-12-18,884.2195434570312,896.9383967894222,879.2549397847652,894.2906197076559,1605306
2015-12-21,898.9714965820312,900.9573148608869,883.084719482352,885.1178658722541,497381
2015-12-22,883.8884887695312,898.3567490796895,879.7276554763855,898.3567490796895,491307
2015-12-23,888.5693969726562,893.250262202857,885.2596616365203,885.2596616365203,460487
2015-12-24,894.0068969726562,897.8367223651542,883.0374528468,892.02102096814,528850
2015-12-28,905.5436401367188,907.3403768411093,893.1557956502635,895.0470731423762,918653
2015-12-29,906.6311645507812,909.7044905323094,900.2481028968383,903.0850191874796,748840
2015-12-30,915.8984375,917.1750844954175,907.8132373978675,909.7045149757797,647879
2015-12-31,916.276611328125,919.1135273705979,910.8864593039857,916.3238817187253,1943876
2016-01-01,911.4539184570312,919.4445777216397,909.0898214981063,915.378342495731,500233
2016-01-04,883.4158325195312,909.5627123079441,881.2881450894347,909.5154419084961,1210344
2016-01-05,884.4087524414062,894.9053208029021,881.5245654337174,889.6570366221542,780609
2016-01-06,892.6356811523438,900.0589220163375,876.1342739473998,885.2597106809015,1030625
2016-01-07,875.1886596679688,886.1107756438842,870.6968756232116,883.3211297989616,1976106
2016-01-08,895.5670776367188,897.1274045060268,881.3352274071153,883.746594436516,744102
2016-01-11,885.8270874023438,890.9808300654468,877.552748448759,888.8531429059535,1193326
2016-01-12,863.6046142578125,890.6025898340644,855.8976351280033,888.9004515766151,4267340
2016-01-13,885.4962158203125,893.3922768954563,864.1247438173068,864.1720142149542,3876447
2016-01-14,867.1506958007812,879.3494582288089,863.3681409663177,870.9332506352449,1625707
2016-01-15,871.4533081054688,881.4297845684258,865.8267464541542,869.7984404266824,1139012
2016-01-18,850.2238159179688,879.3968073198446,845.3538107630937,866.7252244035028,1123421
2016-01-19,847.7179565429688,856.2759765709974,839.72729673666,848.4744560776669,1086798
2016-01-20,826.1573486328125,907.8132347325484,819.6796883171546,836.3702359801115,1179428
2016-01-21,825.9208984375,847.52872055529,821.0981062341408,832.162091033367,1192113
2016-01-22,849.1835327148438,856.1812820178611,832.9185359122766,839.6326051553781,1018517
2016-01-25,857.8834228515625,861.3822975143157,850.6965342464363,855.8030062101521,666497
2016-01-27,858.8762817382812,868.0962583382793,832.2092609517697,858.4980032011443,1054242
2016-01-28,857.836181640625,867.8126585199826,851.0748417553526,857.6943127467831,1679264
2016-01-29,878.309326171875,884.172298410661,851.0749396466256,857.221591988518,1369077
2016-02-01,876.70166015625,888.522144505877,873.770203124426,878.2619871772843,916513
2016-02-02,858.8762817382812,881.3351990972509,854.6681783107393,876.6070059690468,688338
2016-02-03,856.417724609375,865.4485627866203,842.5640943593448,846.346649216177,773012
2016-02-04,863.5572509765625,868.3327147497415,854.4318146608923,862.4224730212516,812359
2016-02-05,862.2807006835938,867.52904209992,859.5856532405161,864.2665767570502,1654488
2016-02-08,834.9517211914062,861.1459253360692,830.790887727434,861.0985972262002,1754784
2016-02-09,821.1453857421875,830.743642144687,812.7292354947807,825.5426290179986,2083698
2016-02-10,789.7030029296875,819.8689061865283,782.7525802720863,818.9232673097273,2329955
2016-02-11,767.054931640625,787.906255526647,755.5653971946477,784.8801998392461,5158251
2016-02-12,767.8114013671875,786.6295780275725,756.5110066617359,770.6955880366435,3788481
2016-02-15,778.9227294921875,786.7715203755681,772.8233473881406,780.1520484493313,2167942
2016-02-16,789.419189453125,793.3436132157813,774.9509286256422,786.7241421964042,2242516
2016-02-17,786.345947265625,789.9866913438692,769.1826373557753,784.8802186417246,1141968
2016-02-18,801.6178588867188,804.1237665655407,788.2843198945486,791.7831942847153,1064050
2016-02-19,795.7550659179688,802.5636769558967,789.7029543915411,797.2680649409691,1035996
2016-02-22,798.6864624023438,808.9466774347031,794.5256865470514,799.0647409879197,613082
2016-02-23,794.0055541992188,799.5847878754074,785.5893467177676,796.2277820479811,1908481
2016-02-24,777.2205200195312,792.4452809703839,774.3836037392077,790.2230529710142,1034245
2016-02-25,763.8396606445312,779.1590191424032,761.0027445418589,777.315012132225,1480299
2016-02-26,771.97216796875,777.7878693492479,768.9934405462483,770.6955787472791,1045114
2016-02-29,784.880126953125,793.8164242793458,758.4022431522967,773.0596431134695,3045853
2016-03-01,814.005859375,820.4361916074005,788.6627513312975,791.4996677029928,1330369
2016-03-02,834.6207275390625,847.7651290915029,823.6513412590061,827.3393554261536,2349698
2016-03-03,847.055908203125,849.2781361732076,836.181062605206,836.8902916659399,1973901
2016-03-04,866.1105346679688,871.2169491724164,833.0604495578071,849.9400777775322,1327247
2016-03-08,870.9805297851562,877.1271814529657,854.8574011845744,866.2050658020688,1879422
2016-03-09,883.6521606445312,886.4890769560549,862.6589683958142,863.3681974736952,1631962
2016-03-10,876.843505859375,884.4086156430094,869.041986395002,883.2265672393165,1128913
2016-03-11,876.3234252929688,882.4228066634141,868.1436271667704,870.9805433653769,1436095
2016-03-14,871.0277709960938,881.3352557652083,868.1908549367637,878.4983397058783,1238350
2016-03-15,868.4745483398438,881.2879403429819,866.9614918885244,871.7842835732773,1027959
2016-03-16,865.8742065429688,876.607184037339,859.8693654200443,871.6898506416912,1558572
2016-03-17,862.942626953125,877.5527571363913,852.351461444244,876.13429901602,2374275
2016-03-18,878.4984130859375,883.9358359871691,854.1482148760743,861.9970050857145,1678210
2016-03-21,881.5243530273438,885.5905876417887,872.635326711597,879.4439364728921,1120071
2016-03-22,877.5528564453125,886.0636061306658,872.5409820629365,881.7136904894825,1462833
2016-03-23,877.6000366210938,883.6994181453139,874.7158499565707,878.4984049834098,1426779
2016-03-28,865.0703125,887.9547816755485,862.0915850831707,876.607116734008,4743485
2016-03-29,877.6000366210938,879.9168631184746,863.1790455812692,868.0018378708147,1120607
2016-03-30,895.2362670898438,897.2220854909143,884.6451009439721,887.9548367572312,1817471
2016-03-31,915.0000610351562,917.269617195514,885.6852588361244,894.7634257603445,2973760
2016-04-01,909.04248046875,916.3239100799058,899.0660036207125,914.1016821980703,933728
2016-04-04,909.04248046875,917.2695487899986,904.0306068486996,909.04248046875,1501960
2016-04-05,899.5861206054688,911.5957441307154,894.952525416042,907.6240498846296,1278350
2016-04-06,903.46337890625,906.9621964717827,895.5672598912741,899.4916841992721,1055612
2016-04-07,888.522216796875,906.8203626891772,886.5363983514532,903.0850777873469,865013
2016-04-08,886.0635375976562,895.3307861059292,884.1722600360818,888.900453940018,1035958
2016-04-11,908.5696411132812,909.704419083854,885.5906325073069,887.9547292304977,921823
2016-04-12,916.276611328125,918.026019800768,905.4963072798464,908.7587722721311,1045525
2016-04-13,932.7780151367188,940.3903949517543,921.0520724417489,921.9977111198206,2933470
2016-04-18,934.57470703125,939.6339086598273,924.0781406451188,932.7780281481745,1475787
2016-04-20,930.3666381835938,935.1894303201228,920.6265708419553,934.2910619863098,1424974
2016-04-21,919.2554321289062,939.7758051353487,912.0686005098548,939.0193056571134,3279337
2016-04-22,928.1444091796875,935.2366996217127,918.0260632722902,921.7140773890262,1648861
2016-04-25,928.9481811523438,933.3454243234253,921.1939897582758,928.995509262499,904348
2016-04-26,965.87548828125,969.2797648562996,921.9978251072118,928.6172966720841,3199405
2016-04-27,983.4642333984375,985.3555107703576,964.5514596792368,966.3481962694428,3437073
2016-04-28,978.736083984375,991.5967476049195,973.0622516134512,983.1805398344994,1892339
2016-04-29,991.8331909179688,996.2304342414188,971.3128759877602,975.9937416787245,922119
2016-05-02,988.2398071289062,997.6488663773719,983.8425639200753,986.3012015465392,1190614
2016-05-03,981.384033203125,999.7766624463135,976.4194292988043,988.1925866695649,993373
2016-05-04,985.3555908203125,990.0364565223226,973.1568276935227,980.6273970063954,1490442
2016-05-05,981.1475219726562,987.5305834748898,970.4617580247799,985.3555681966584,1012279
2016-05-06,985.544677734375,987.5306114945065,969.516146792193,981.4311721808825,858079
2016-05-09,997.554443359375,1001.6206211431495,982.4242217986964,985.3556791391919,2193370
2016-05-10,997.3652954101562,997.6490332521537,990.3203318230502,997.6490332521537,1037333
2016-05-11,996.4668579101562,1002.1880186655202,979.7763104653939,979.7763104653939,1502284
2016-05-12,1008.1454467773438,1013.1573783186002,989.3745407048568,995.2847828834999,1085566
2016-05-13,1007.2943725585938,1010.8878460616737,997.6489032694722,1002.3770971238298,1078609
2016-05-16,1022.04638671875,1026.0180232154955,1000.5331055868122,1005.2139711318633,806795
2016-05-17,1025.497802734375,1040.0134485705262,1018.4528408631697,1024.1266728456944,1890354
2016-05-18,1024.1265869140625,1026.963502667287,1008.3816813967867,1021.2896711608379,692837
2016-05-19,1013.8192138671875,1022.3299620554037,1007.0578741641115,1019.398505210789,778327
2016-05-20,1012.2589111328125,1017.885530719,1001.4313940750766,1010.8877811768242,687097
2016-05-23,998.878173828125,1021.2424360380403,993.2043418050954,1014.0556052290843,1038361
2016-05-24,986.9159545898438,998.9728492639805,982.660579998972,998.9728492639805,1287874
2016-05-25,1036.5618896484375,1039.1623960873776,997.8852435242266,997.8852435242266,1011656
2016-05-26,1043.890869140625,1048.7136047410033,1028.8551866169628,1035.521987446668,1356124
2016-05-27,1044.079833984375,1051.4085350914327,1039.3989678381556,1041.384786341569,1377065
2016-05-30,1040.486328125,1053.0160411449526,1037.2711333952616,1046.0655042165422,927569
2016-05-31,1042.8978271484375,1046.8695797486173,1035.4745849459857,1041.2429590903046,1043245
2016-06-01,1043.748779296875,1047.578662441109,1036.9402264120354,1043.0395502282702,692901
2016-06-02,1060.817626953125,1063.7490840769879,1039.3988855522343,1044.930849314663,1139626
2016-06-03,1062.8507080078125,1070.9359661111641,1058.2643828071577,1068.5718690557312,771905
2016-06-06,1060.7703857421875,1068.5719062970109,1054.907471014153,1063.7963839048316,453741
2016-06-07,1049.564453125,1067.5788017328307,1044.4106527681188,1065.2620330101258,886165
2016-06-08,1053.0633544921875,1058.7371873455231,1033.7722997039618,1052.495994293739,644739
2016-06-09,1061.006591796875,1063.8435078177224,1043.3704074470595,1054.2452521936407,862716
2016-06-10,1049.564453125,1065.0256233268124,1047.9095853418062,1053.5360896308987,1033099
2016-06-13,1048.193115234375,1059.020747035614,1040.2025148170428,1040.2025148170428,986935
2016-06-14,1056.0419921875,1059.0207771059381,1039.7770531222889,1043.3704108330448,615029
2016-06-15,1062.47265625,1064.4111467780924,1049.6592026920111,1058.2172811039513,894254
2016-06-16,1040.4390869140625,1058.0752735737237,1027.2001437495119,1058.0752735737237,938648
2016-06-17,1039.4461669921875,1047.4840971340277,1026.4909610549932,1046.8221961196475,1499517
2016-06-20,1043.559814453125,1052.4960555434002,1029.3279033773504,1030.6044927567566,655632
2016-06-21,1031.3609619140625,1043.6542660948294,1029.327815443436,1043.0395777989067,789073
2016-06-22,1031.597412109375,1037.3657858260806,1026.6800209833632,1031.3610024043098,1351762
2016-06-23,1047.6448974609375,1054.9564303159223,1031.8347711598283,1033.9237474290908,1304906
2016-06-24,1040.5233154296875,1044.5114035144395,992.9980002047502,999.0276564879774,1757436
2016-06-27,1025.3304443359375,1044.5114259751776,1020.2028196077256,1036.725114437485,651019
2016-06-28,1029.983154296875,1035.6330809882745,1022.3867077169034,1025.520288296172,705465
2016-06-29,1045.7457275390625,1052.962327599012,1025.0453671364521,1035.0157018793263,933583
2016-06-30,1055.526123046875,1061.36591395097,1045.4608555222705,1054.0068570660494,1401180
2016-07-01,1066.683349609375,1071.5735845423458,1061.650774054496,1068.250139663393,936058
2016-07-04,1051.7279052734375,1069.1997539196464,1048.7843056876104,1067.300642456201,466972
2016-07-05,1051.2530517578125,1057.330231186027,1040.95039599253,1044.5112297302467,607228
2016-07-07,1049.6387939453125,1059.9889732715847,1040.23817022856,1058.7545046141893,1663235
2016-07-08,1069.8643798828125,1073.4727379721137,1050.3035552968815,1054.0068457753616,1766200
2016-07-11,1067.7279052734375,1089.140433571362,1059.229427767092,1088.190877831544,5154128
2016-07-12,1068.43994140625,1082.9681888136636,1066.3984895453668,1082.4458868556158,1973211
2016-07-13,1048.6893310546875,1072.7130205520318,1044.9860406676287,1067.0156863911907,1907181
2016-07-14,1057.89990234375,1067.3005262467614,1046.6476913305096,1051.1580805650933,790791
2016-07-15,1069.95947265625,1078.5528827039661,1056.950489246276,1058.4697552739735,1430265
2016-07-18,1073.8524169921875,1086.9088060759996,1070.196651231229,1071.146206800961,1161641
2016-07-19,1051.3006591796875,1076.7962075787343,1048.4994002032615,1076.7962075787343,1961764
2016-07-20,1062.078125,1065.4015701832811,1045.460899083594,1048.2146339893982,1567746
2016-07-21,1079.3125,1086.196778763847,1055.2412864013363,1063.5973069395734,1213828
2016-07-22,1081.4013671875,1087.2411572846827,1073.9949030871508,1074.4221567402783,968326
2016-07-25,1098.0186767578125,1105.7100545088563,1075.704118493794,1077.7456863685456,1187107
2016-07-26,1098.1136474609375,1108.7487408926463,1091.5618058337734,1097.9713068353951,1625281
2016-07-27,1118.8616943359375,1122.090091466777,1098.256263029103,1099.585664389637,1811615
2016-07-28,1109.3662109375,1131.8706395364025,1105.6153955626255,1120.1910555318564,1288868
2016-07-29,1116.34521484375,1125.1760135669122,1109.413411664088,1118.3867828415325,810320
2016-08-01,1139.9892578125,1144.2147347417454,1113.8289492548276,1113.8289492548276,1229356
2016-08-02,1132.7249755859375,1150.7665332149636,1129.401530759538,1139.561730006651,687438
2016-08-03,1118.95654296875,1133.009898822461,1114.7784743966745,1123.4194087243902,938416
2016-08-04,1107.4666748046875,1127.122428155611,1099.1105396715416,1123.704051387521,974932
2016-08-05,1124.843505859375,1128.4043392494705,1114.4933269563219,1115.6328631886795,792799
2016-08-08,1132.250244140625,1145.923869454802,1128.0721758623263,1130.3036085832452,684522
2016-08-09,1126.4105224609375,1136.4283821131833,1121.947656745403,1134.5292705895401,1083733
2016-08-10,1099.6802978515625,1129.9711441417369,1094.8375875591787,1129.9711441417369,835032
2016-08-11,1105.7099609375,1109.0809296486257,1087.6684047189008,1100.5349293345523,1279605
2016-08-12,1114.5885009765625,1120.4756998139515,1102.8139873892262,1115.9177861954477,801836
2016-08-16,1099.9178466796875,1122.3748626728716,1095.4549811542201,1111.9297497376756,1259489
2016-08-17,1095.3599853515625,1103.1938195994398,1091.039460704377,1101.0573193500188,834678
2016-08-18,1134.3392333984375,1136.618190295829,1098.6834858652664,1099.775382206929,1343587
2016-08-19,1128.2147216796875,1143.0277686453499,1124.7963440587762,1139.3720020797562,603632
2016-08-22,1126.8853759765625,1142.6005712545166,1124.274097456288,1131.8705440607225,545457
2016-08-23,1129.2115478515625,1134.7190170608974,1119.668582987831,1124.9385473689063,382690
2016-08-24,1123.087158203125,1132.5827165054131,1119.526323839767,1127.8824615108113,336179
2016-08-25,1122.4224853515625,1138.4698857215183,1118.7191945305829,1123.7992949033983,855844
2016-08-26,1104.8555908203125,1125.2235143994808,1100.8673872976885,1122.4223714248615,926062
2016-08-29,1097.2591552734375,1108.2739784094206,1090.1848956334177,1102.624052345068,455774
2016-08-30,1101.57958984375,1110.9802148441754,1098.9683115609967,1101.484657452345,1611563
2016-08-31,1126.3629150390625,1139.0869844893327,1101.6744670568453,1109.0810478165345,2488483
2016-09-01,1124.4638671875,1136.2859057636913,1121.09301383932,1131.6330594293395,656421
2016-09-02,1132.0128173828125,1134.244250029157,1121.9475504436757,1124.9385580799685,641723
2016-09-06,1165.0572509765625,1170.8021089874676,1136.0008714542748,1136.0008714542748,1525293
2016-09-07,1155.656982421875,1192.689660213434,1152.2384886648993,1176.4047543610404,1397324
2016-09-08,1158.0780029296875,1163.1581022789094,1140.4162917028118,1158.2679835998993,857870
2016-09-09,1156.2265625,1162.0663534456655,1139.4668806151064,1156.5588838243332,731533
2016-09-12,1135.478759765625,1142.3630386351301,1125.3184441624044,1137.5677359541053,1029013
2016-09-14,1129.686279296875,1140.2264394513486,1122.3747473584608,1125.223414229929,1892851
2016-09-15,1121.56787109375,1134.5293311166226,1116.6776354769609,1133.4847269928343,1007709
2016-09-16,1110.64794921875,1135.7636534147084,1103.2888918710128,1127.5974968307014,2514415
2016-09-19,1144.309814453125,1146.1139938811887,1106.327577704784,1114.0189574638055,1267795
2016-09-20,1124.558837890625,1146.161229604893,1122.4697458476442,1144.5944395507968,948837
2016-09-21,1125.223388671875,1132.3450556887856,1122.3747218651108,1125.6032340952868,1050601
2016-09-22,1158.0780029296875,1164.1551820380078,1137.5676248625884,1137.5676248625884,1207430
2016-09-23,1159.2176513671875,1168.6181601193805,1148.202712455925,1158.4579604379412,1080432
2016-09-26,1141.03369140625,1153.0455948392776,1135.8585430156027,1148.012902993798,835969
2016-09-27,1147.6331787109375,1153.567902781626,1132.820130613015,1141.2712008721912,933054
2016-09-28,1160.404541015625,1163.4430727635126,1139.5617247248479,1146.0187495798045,802709
2016-09-29,1137.4254150390625,1169.757837053335,1130.1612898384358,1164.1554345365898,1750323
2016-09-30,1135.6212158203125,1146.0189214069298,1121.9477049921384,1129.9714051595442,752725
2016-10-03,1170.7073974609375,1177.449220622308,1133.6747203607197,1140.4165435220903,1151991
2016-10-04,1162.5411376953125,1174.6004492163393,1153.7577471090142,1172.6064053468278,1229639
2016-10-05,1154.5648193359375,1170.8021989120593,1148.772552645487,1167.0989084337177,278544
2016-10-06,1160.4996337890625,1172.4164894250991,1144.7370308323398,1153.710286697178,570718
2016-10-07,1159.26513671875,1166.0544836456174,1147.2058248245762,1161.306704803412,488607
2016-10-10,1159.455078125,1169.9001912238573,1154.897164225927,1169.8526670720182,506484
2016-10-13,1154.9920654296875,1182.766569965312,1148.4876319944556,1175.8822910633196,2865576
2016-10-14,1157.17626953125,1165.722272253228,1144.8320433772817,1162.256370189021,1309888
2016-10-17,1148.0126953125,1159.4073622634926,1139.4666950992555,1159.4073622634926,794646
2016-10-18,1149.674560546875,1157.8407163614334,1144.2146152872058,1151.811060865876,1291073
2016-10-19,1150.1968994140625,1155.6093206973314,1141.3659847807662,1155.3244076139745,520312
2016-10-20,1145.924072265625,1159.170330310033,1141.4136818753136,1149.1524694991508,1014093
2016-10-21,1162.5411376953125,1164.440249173431,1141.4609307406567,1148.9624442617385,1005741
2016-10-24,1154.9920654296875,1162.3037139489961,1151.2413667377648,1159.4075226665814,653636
2016-10-25,1148.2978515625,1158.2681872563505,1144.0722587923256,1154.6598289259287,1022585
2016-10-26,1141.2711181640625,1155.6093872972328,1137.9001487711744,1141.6034395054216,501178
2016-10-27,1119.57373046875,1139.8941303724455,1112.0246928633471,1137.2828521134359,1173549
2016-10-28,1139.2769775390625,1141.3659537182812,1112.8792826604206,1118.5766168719927,788007
2016-11-01,1152.998046875,1159.4075480620752,1126.41048639528,1136.6182105080295,1707549
2016-11-02,1167.4310302734375,1174.0779191558395,1139.4666655546348,1143.5022766618074,2223984
2016-11-03,1168.8079833984375,1171.7515825058538,1155.609137690133,1155.609137690133,530638
2016-11-04,1157.6982421875,1171.7517126589682,1145.8763203008184,1171.7517126589682,795944
2016-11-07,1154.3748779296875,1166.909083366584,1148.630135194606,1163.9179595741105,578154
2016-11-08,1149.9119873046875,1156.46394501437,1142.3155414760852,1156.46394501437,698079
2016-11-09,1138.707275390625,1146.636159095217,1091.9891761332578,1096.7369551599243,2434361
2016-11-10,1152.9031982421875,1166.766689745561,1142.4580844377513,1148.677605382849,1440450
2016-11-11,1132.20263671875,1167.146330405754,1128.1196170411588,1148.9623168369399,1474968
2016-11-15,1037.9593505859375,1139.4193576725297,1025.5201936418687,1138.4223936984724,3708003
2016-11-16,1039.906005859375,1060.0365414536682,1021.7219900107775,1044.6062604706988,2615803
2016-11-17,1044.8436279296875,1056.2858208807108,1035.0157492727756,1041.3777263207107,2056516
2016-11-18,1046.078125,1072.9980075829524,1041.710191691468,1050.4935824615054,1120978
2016-11-21,1005.674560546875,1052.1078640092196,993.1878781480045,1052.1078640092196,1829643
2016-11-22,1017.4963989257812,1022.4340419203936,1003.9177068217657,1017.6862636899762,1431659
2016-11-23,1011.2293701171875,1023.668643424657,1006.5291154243375,1023.6211192711659,890424
2016-11-24,991.7160034179688,1014.0305625289734,984.404354927677,1007.6684697455329,2066988
2016-11-25,1019.2056884765625,1027.3244368816393,992.1908724978074,992.1908724978074,1085823
2016-11-28,997.3658447265625,1019.5379479930206,993.3302328461288,1009.3777479767195,1181510
2016-11-29,1006.4815063476562,1015.8347226158141,989.9118059370433,997.0334736056551,1316715
2016-11-30,1031.8348388671875,1041.2828727635692,1004.2977205173459,1010.3273766976412,1847669
2016-12-01,1026.1846923828125,1034.0660502418702,1017.5437595899311,1029.3182722334136,1099195
2016-12-02,1003.2056884765625,1022.5766497044359,999.0276198332845,1022.5766497044359,1630301
2016-12-05,1029.0811767578125,1033.7814319613622,999.2176909345794,1002.2562233613575,871979
2016-12-06,1028.0838623046875,1036.8672521219912,1018.9207429550584,1035.0156649579603,525242
2016-12-07,1021.864501953125,1033.543968798164,1004.2027871761236,1031.2176034427196,998392
2016-12-08,1042.897216796875,1050.7784606560338,1026.4698545359406,1027.3244779673757,1091448
2016-12-09,1056.712890625,1060.606045271139,1037.2470014817607,1049.2589025990003,1068419
2016-12-12,1030.552734375,1052.8672908738802,1028.3211859950734,1052.8672908738802,412094
2016-12-13,1034.82568359375,1038.8137705342574,1021.7217706534379,1026.7069372853437,784710
2016-12-14,1017.7813720703125,1034.0187532436528,1014.6953156868897,1034.0187532436528,791234
2016-12-15,1026.517333984375,1037.7695469225666,1003.7279950057299,1006.5291382234929,1327125
2016-12-16,1028.0838623046875,1038.956344112559,1015.2648609497036,1027.5141520936438,2265499
2016-12-19,1030.173095703125,1039.0514191222032,1019.9178468464173,1026.469804954171,769000
2016-12-20,1017.8287963867188,1033.971243578128,1013.4133391194972,1032.0246079929623,1103786
2016-12-21,1031.4549560546875,1044.463823749912,1009.42530853666,1020.7724536329473,1544748
2016-12-22,1007.2887573242188,1026.0898910920953,996.3213423585346,1024.570625117807,899704
2016-12-23,1008.42822265625,1015.4549585013403,984.689328525924,998.0306333921948,838333
2016-12-26,1007.0038452148438,1010.8020681105149,995.8940896100308,1007.4786230768026,705664
2016-12-27,1009.7099609375,1013.365726948446,998.0779044128655,1006.5289727438861,1193147
2016-12-28,1027.514404296875,1042.5174337079989,1006.7191071454101,1013.9358246318246,1267710
2016-12-29,1049.8763427734375,1053.057331367372,1020.0602689101887,1021.8169238728777,1340234
2016-12-30,1052.0126953125,1059.6565485112878,1042.1372936751184,1046.885071778422,909854
2017-01-02,1032.594482421875,1058.4224715822834,1027.7517706769802,1053.9594894545712,512397
2017-01-03,1045.0809326171875,1057.710069216751,1027.4667447323347,1033.1165545248703,957645
2017-01-04,1044.65380859375,1051.5380879595014,1037.864461622943,1038.8140173975296,795470
2017-01-05,1070.671630859375,1072.855539533942,1048.3570707639317,1051.1582138576946,2264164
2017-01-06,1086.33935546875,1096.7369450765243,1073.282963265458,1074.897161754654,1139667
2017-01-09,1100.7724609375,1104.7605485694019,1080.68933441332,1088.2857801217522,713170
2017-01-10,1102.149169921875,1112.0245716254362,1084.4400502079168,1110.98008361822,2779939
2017-01-11,1171.5618896484375,1176.641989550352,1125.2235243077027,1125.2235243077027,5867928
2017-01-12,1158.363037109375,1172.7013051886836,1147.395622262626,1171.846681864738,1447717
2017-01-13,1154.327392578125,1174.1256054437342,1142.3154899707338,1162.0662945995907,1059113
2017-01-16,1156.083984375,1163.585497065981,1141.3658720482547,1150.7664960072027,793088
2017-01-17,1152.8555908203125,1160.9268145407837,1146.9208674964366,1158.4579928205642,935711
2017-01-18,1165.8646240234375,1170.802267676184,1151.4788308852915,1151.4788308852915,1190967
2017-01-19,1158.790283203125,1168.001043103381,1149.9119605301814,1166.1493399282356,962484
2017-01-20,1158.6953125,1178.1136796900885,1148.012811155501,1158.3629911962382,1007939
2017-01-23,1169.140380859375,1172.7012145066624,1150.8614348032995,1151.146347860104,1971140
2017-01-24,1188.4163818359375,1193.5438894507033,1171.8940908757165,1172.7011899697036,1981467
2017-01-25,1201.5679931640625,1204.9863710341258,1188.321619537771,1196.3928442452495,1643736
2017-01-27,1190.1256103515625,1204.9861802008543,1187.7043128703265,1201.9476483336937,1004052
2017-01-30,1177.1639404296875,1193.3063843883147,1170.8494889053154,1187.8939642495557,764826
2017-01-31,1188.8912353515625,1191.5974458566923,1174.1731223135118,1181.2947899125686,1283594
2017-02-01,1241.7813720703125,1249.1404281846653,1183.1463120624044,1197.3896464772808,2248341
2017-02-02,1219.2296142578125,1240.0249088984622,1208.0248097555243,1239.1702855190385,1664084
2017-02-03,1237.4610595703125,1248.380951158907,1207.8349652775892,1213.5323000194646,1485304
2017-02-06,1250.6124267578125,1268.1316836980875,1241.3067341926806,1243.9180124631184,1129942
2017-02-07,1257.4490966796875,1262.8615176366009,1237.3659710657805,1253.413485079998,1535174
2017-02-08,1252.7012939453125,1262.9090172046735,1234.5172800263583,1258.825881535907,841206
2017-02-09,1238.2205810546875,1256.2146144526914,1231.336302517382,1251.5143602991395,907386
2017-02-10,1255.7874755859375,1260.0604764480447,1245.0574492782862,1245.0574492782862,962807
2017-02-13,1272.072265625,1273.6390556496194,1252.0366643417653,1261.199783748898,1283959
2017-02-14,1263.2890625,1275.1109858730213,1256.3572587785231,1275.1109858730213,728131
2017-02-15,1250.042724609375,1264.333586199568,1246.8617357650269,1261.9596966272818,606906
2017-02-16,1252.938720703125,1263.0989201217494,1242.96838605562,1250.0425295119214,754405
2017-02-17,1270.552978515625,1296.950555927314,1260.39266355573,1267.6567874302568,1855056
2017-02-20,1269.03369140625,1274.6360933181206,1260.297825176344,1268.6064376986972,344125
2017-02-21,1264.04833984375,1279.4312097643112,1258.1611416215583,1272.1195622616997,1661851
2017-02-22,1259.633056640625,1272.1196203390066,1255.2650080496908,1266.7071996590073,1723289
2017-02-23,1273.1168212890625,1280.001100203361,1262.0070658199782,1265.1880542737279,2590362
2017-02-27,1252.7490234375,1279.9062963546385,1251.0873007740597,1272.4047822914501,1919392
2017-02-28,1246.38671875,1257.2116763055344,1243.0158657515474,1257.2116763055344,704053
2017-03-01,1259.30078125,1267.514461617606,1248.713327435107,1253.8883598745608,807113
2017-03-02,1240.546875,1267.6567339142728,1237.8881888509306,1267.6567339142728,633250
2017-03-03,1233.662841796875,1242.0189791531484,1222.6006095214786,1241.7340660497814,700768
2017-03-06,1253.128662109375,1261.9120526931351,1238.0782268321477,1240.8794858091026,625628
2017-03-07,1263.6212158203125,1268.9387044233306,1244.440237530389,1248.7606463085972,1288272
2017-03-08,1260.392578125,1275.2531461603835,1256.4994234227308,1264.8080347621972,1492895
2017-03-09,1259.395751953125,1270.410574721621,1256.1672394401453,1262.9090616241986,1446736
2017-03-10,1268.368896484375,1273.354063399249,1256.5469755941222,1269.5558409879166,1614891
2017-03-14,1285.88818359375,1305.6389869984566,1277.4372312443109,1290.4460969679292,930423
2017-03-15,1280.3336181640625,1294.7194125976637,1277.6749313087698,1294.7194125976637,1142957
2017-03-16,1307.11083984375,1313.235427250069,1284.986147452029,1290.8259377188401,1144936
2017-03-17,1313.7578125,1325.4848020107531,1299.5144772450221,1310.8616212997974,1757368
2017-03-20,1310.0072021484375,1320.927094212301,1304.4047995592443,1315.039894421162,951223
2017-03-21,1320.119873046875,1325.5798185746717,1306.398838911612,1311.3364824152018,906658
2017-03-22,1307.1585693359375,1314.6125596295726,1300.416745934928,1308.820292085398,1449840
2017-03-23,1314.090087890625,1319.7398976459972,1302.790352467326,1309.5321744032683,1541378
2017-03-24,1319.455078125,1333.7458208749658,1310.3867754516,1315.134553623526,1602574
2017-03-27,1331.3720703125,1342.6242825681982,1312.2860232580472,1313.42544377284,1263226
2017-03-28,1333.4136962890625,1347.277187413702,1330.327640022059,1347.277187413702,1115494
2017-03-29,1327.763916015625,1357.7698559890562,1314.4226107157529,1331.3721584931634,1609722
2017-03-30,1350.5533447265625,1357.2951681434747,1330.3277585632454,1330.3277585632454,1430611
2017-03-31,1353.2593994140625,1358.814277365433,1330.8973151510932,1348.3691641222326,1086863
2017-04-03,1332.654052734375,1355.918170036691,1329.7579770667332,1353.8291936235535,783296
2017-04-05,1330.280029296875,1336.9744434362078,1322.7786318968497,1336.9744434362078,1461758
2017-04-06,1349.935791015625,1354.0663348433309,1326.2443083865076,1328.4283327109536,782824
2017-04-07,1340.9625244140625,1354.3038284759052,1332.796368508131,1349.3186610091227,562553
2017-04-10,1353.4490966796875,1358.8141091821697,1337.9714094280093,1341.2473299928822,725902
2017-04-11,1352.641845703125,1365.6507100338852,1346.9445125516904,1357.8168769506624,797974
2017-04-12,1365.2236328125,1367.312608872926,1343.6212418220744,1353.1167983013822,418338
2017-04-13,1365.176025390625,1371.490593246693,1356.06031490905,1362.6122716626203,582737
2017-04-17,1362.8499755859375,1369.4968662524427,1353.117028538555,1365.4612540620644,534509
2017-04-18,1359.5264892578125,1372.0605792002423,1356.487957124063,1360.143723697891,2004482
2017-04-19,1349.888427734375,1370.921110728234,1340.345462017625,1367.3602766743945,3107388
2017-04-20,1355.585693359375,1370.351330850924,1329.4255033869279,1343.621314728755,2637171
2017-04-21,1362.6124267578125,1371.5856817397298,1357.912172417296,1364.5115381539906,1735248
2017-04-24,1361.235595703125,1370.4937636121945,1359.2414360388168,1366.4106278103504,666961
2017-04-25,1379.894287109375,1386.3513121887027,1361.6628641634243,1364.511531243264,1439089
2017-04-26,1390.766845703125,1395.8469457585766,1381.0338993126315,1387.3009440498506,1186077
2017-04-27,1396.4642333984375,1408.6184778554261,1385.0695640191896,1388.2505527050487,1135148
2017-04-28,1372.0604248046875,1405.9121077658767,1368.1198614875666,1396.5114834106046,614095
2017-05-02,1372.86767578125,1381.603541845766,1367.5026629001616,1380.6539861469028,955073
2017-05-03,1365.888427734375,1378.232652534189,1356.9151722256913,1376.7609106632901,635349
2017-05-04,1348.6064453125,1373.0575039055625,1338.968432043791,1373.0575039055625,1452308
2017-05-05,1337.022216796875,1357.8173980503007,1332.8915559467987,1357.8173980503007,1878351
2017-05-08,1352.974609375,1362.4227594881831,1331.087416908685,1335.5502829716431,1600519
2017-05-09,1349.2236328125,1359.7636772398794,1344.1435333181719,1359.7636772398794,781989
2017-05-10,1359.6689453125,1362.6125450496052,1347.7045656604323,1353.4968327391045,420102
2017-05-11,1354.351318359375,1365.4610734963733,1348.3690711855702,1365.4610734963733,839412
2017-05-12,1340.5352783203125,1352.9270267445409,1333.650999398533,1352.9270267445409,602647
2017-05-15,1344.7608642578125,1350.8380445000544,1332.6066196859006,1342.8617526766477,949033
2017-05-16,1364.4639892578125,1367.3601804494824,1339.3007637148185,1346.2325665501762,744209
2017-05-17,1353.544189453125,1375.2416309421278,1348.3691570113124,1365.4611604100473,579645
2017-05-18,1335.6451416015625,1350.2683238468344,1317.983427214772,1350.2683238468344,640858
2017-05-19,1319.1702880859375,1341.9596254363514,1313.2355648176006,1334.1257907221466,1247834
2017-05-22,1319.2177734375,1333.1761957890708,1305.8289454078606,1320.2147373697205,936813
2017-05-23,1323.6331787109375,1328.333549176104,1308.9625888785224,1319.2178372456438,791125
2017-05-24,1342.2919921875,1351.1703153149112,1321.781611060455,1333.1287559685402,1007226
2017-05-25,1387.87060546875,1397.746008056006,1346.517523758924,1348.3691110322884,1464760
2017-05-26,1403.1583251953125,1409.900262980562,1379.5144824500546,1384.4521254212405,766520
2017-05-29,1415.5028076171875,1428.7965890324629,1399.1229698019374,1404.393050942309,655977
2017-05-30,1399.5025634765625,1418.6361328959226,1396.7963530722236,1409.140576450836,594316
2017-05-31,1406.007080078125,1412.4165810597494,1397.8409242321973,1400.4997265599695,536696
2017-06-01,1410.659912109375,1424.333537249482,1396.1317795769662,1396.1317795769662,560468
2017-06-02,1438.1497802734375,1443.2772888527484,1408.286180877807,1418.7312946561522,638560
2017-06-05,1429.31884765625,1442.6126286675023,1426.802501639463,1442.2803073247353,447987
2017-06-06,1434.77880859375,1446.173478152403,1420.0606937471562,1433.5443396932,456242
2017-06-07,1440.4283447265625,1444.1791589557315,1426.2325346382922,1436.3927333602423,392417
2017-06-08,1447.2177734375,1459.1821516967655,1440.5234755116592,1444.1792416585795,1261815
2017-06-09,1449.8291015625,1460.4166708306834,1436.630254111752,1443.3246681811695,724205
2017-06-12,1429.8408203125,1447.3600741728312,1426.3273951642254,1443.3244630098104,325151
2017-06-13,1416.87939453125,1437.437296204327,1412.1790248207512,1437.437296204327,671410
2017-06-14,1424.4285888671875,1429.651145607587,1410.2327764560384,1421.484989159658,1032366
2017-06-15,1415.78759765625,1425.5205439178037,1412.4166284396615,1422.2446230045507,424499
2017-06-16,1423.2890625,1436.6777746930143,1412.0368506328675,1417.5917282976484,1375090
2017-06-19,1435.1109619140625,1444.7489753031646,1423.8587502248408,1427.2771275096911,692751
2017-06-20,1438.5294189453125,1444.7015312424294,1427.70457626196,1435.8232082744744,472248
2017-06-21,1418.968505859375,1435.7281867777513,1413.9359303077554,1432.2148771301572,859762
2017-06-22,1415.4552001953125,1430.4581104195563,1412.2742118439346,1422.2919547389479,905839
2017-06-23,1416.16748046875,1427.1823040775198,1410.375213528261,1418.3513891643083,596334
2017-06-27,1414.9803466796875,1426.232557724229,1410.0901119976565,1419.585668307405,1285379
2017-06-28,1415.4552001953125,1423.3839669554814,1389.342418946963,1411.0872672417368,972763
2017-06-29,1404.915283203125,1433.6393451911297,1399.787658872339,1419.6333976102017,806219
2017-06-30,1404.3453369140625,1408.6658616549068,1388.5353274556678,1394.5649828855649,806197
2017-07-03,1415.739990234375,1420.1554473148626,1398.4581232782882,1408.0961365821881,1167857
2017-07-04,1422.24462890625,1425.283160898903,1402.5413473681738,1402.5413473681738,812900
2017-07-05,1439.85888671875,1443.1823319554396,1423.3841170851024,1429.0814517765705,498116
2017-07-06,1442.8974609375,1446.6481597191037,1430.1733909284455,1446.6481597191037,803617
2017-07-07,1449.306884765625,1452.725262040587,1435.3009384468091,1438.1020813455486,840805
2017-07-10,1481.639404296875,1486.0073378973925,1449.4969628912033,1461.271478271459,240968
2017-07-11,1481.971435546875,1491.7519049680202,1472.4284709474123,1486.054571148919,2874052
2017-07-12,1497.44921875,1501.4373060049857,1483.2058843928346,1493.2711508227212,1550156
2017-07-13,1500.2030029296875,1505.0457135890085,1482.5412909243403,1501.2474909679638,712568
2017-07-14,1495.075439453125,1503.0517304612365,1489.5205618285231,1502.1971071545531,971789
2017-07-17,1501.295166015625,1504.808475928203,1481.3069710982784,1496.499863109543,762299
2017-07-18,1496.576904296875,1507.8243922405372,1491.2391587667453,1501.7717669602798,789508
2017-07-19,1500.818603515625,1509.826041882935,1496.1003273222648,1502.200657833021,704416
2017-07-20,1486.94970703125,1506.9186325167234,1482.0408433814462,1505.0599919245792,747783
2017-07-21,1493.2884521484375,1495.43309132437,1478.5142711586805,1486.9498286465239,665760
2017-07-24,1481.707275390625,1492.3351765132363,1476.9414108830965,1492.3351765132363,980822
2017-07-25,1470.2691650390625,1483.9948777598443,1467.0283539814443,1481.2306531414608,1159201
2017-07-26,1506.203857421875,1510.7791341489585,1464.6932450310746,1471.508454932287,1175988
2017-07-27,1531.4630126953125,1549.7640041094248,1510.779205135113,1512.6855511352835,1980176
2017-07-28,1552.09912109375,1560.6776774847476,1519.4053593271958,1521.7405864697648,923109
2017-07-31,1568.6845703125,1573.4981408280732,1540.8042581863322,1557.7707852697222,1287974
2017-08-01,1587.7001953125,1595.6115776333354,1561.0590569109886,1577.119998444896,1150244
2017-08-02,1581.0758056640625,1590.3215377599022,1571.3057818460932,1587.509723788091,509282
2017-08-03,1568.16015625,1582.2671630404443,1561.3450624563486,1577.5012980915271,462668
2017-08-04,1586.7469482421875,1592.6566902884904,1558.676051673134,1558.676051673134,557065
2017-08-07,1573.2119140625,1596.1357694700682,1570.5429833285632,1591.7987861159497,386830
2017-08-08,1561.916748046875,1583.1724332537883,1555.6258303702573,1576.5479283432041,717420
2017-08-09,1560.5823974609375,1567.9694877527818,1555.3399462860802,1561.2972771665998,530640
2017-08-10,1553.1002197265625,1561.8693654074402,1533.6554658753398,1553.6721002963354,709628
2017-08-11,1549.2396240234375,1557.0080068017203,1524.123540175054,1533.6552696320587,1142387
2017-08-14,1548.6201171875,1563.6802970380197,1536.8008651423202,1552.2422211072326,900057
2017-08-16,1570.066650390625,1576.5482738744477,1528.3177393109054,1551.7657738014514,952709
2017-08-17,1552.2420654296875,1572.7352827503742,1541.661869525644,1572.7352827503742,619082
2017-08-18,1545.1412353515625,1548.906222396658,1519.6438559982637,1548.906222396658,620278
2017-08-21,1540.4228515625,1564.6334688688219,1536.2288671201716,1544.1402495080667,484815
2017-08-22,1550.145263671875,1564.1091547433803,1535.561670538519,1543.6636408672448,694864
2017-08-23,1583.125,1586.9852806937304,1551.7655861973014,1551.7655861973014,1091055
2017-08-24,1589.6065673828125,1605.143333842295,1578.1684913696845,1584.2688218475114,1400606
2017-08-28,1582.7913818359375,1591.798819632931,1576.2144652384866,1588.9393007952672,745075
2017-08-29,1566.3492431640625,1581.6000112197787,1561.392673733479,1567.9695907283317,514823
2017-08-30,1578.2637939453125,1587.7955233051607,1569.9235307554452,1573.688517310938,379651
2017-08-31,1579.1693115234375,1590.2737998488858,1570.8290480703938,1584.6500560782947,1845805
2017-09-01,1613.007080078125,1616.3908909183606,1576.5482112271939,1583.2204225201747,616709
2017-09-04,1591.2745361328125,1610.4334055267238,1580.8373388634536,1603.7134896820987,423495
2017-09-05,1605.858154296875,1609.5278469447585,1587.0329882203869,1592.4660275843576,530479
2017-09-06,1605.906005859375,1614.4845633343627,1594.8015165237032,1597.5180364532896,1155788
2017-09-07,1624.1114501953125,1634.8346461298747,1608.622389400945,1610.862322614229,854744
2017-09-08,1616.486083984375,1632.7853187111928,1609.051288180643,1632.6900246837856,741404
2017-09-11,1707.37109375,1719.5240491974878,1621.1089393972436,1630.8789624040476,3433596
2017-09-12,1660.3321533203125,1719.285882987979,1655.6615821206485,1719.285882987979,2108188
2017-09-13,1663.048583984375,1682.3503371442453,1655.0896127423648,1664.0017569799243,1217425
2017-09-14,1647.7978515625,1667.0996051382863,1638.5997086864231,1667.0996051382863,989267
2017-09-15,1619.7745361328125,1646.8923781611559,1611.9585639690115,1644.223447183497,2777536
2017-09-18,1663.8587646484375,1670.8169740864048,1626.208431168367,1626.208431168367,1469531
2017-09-19,1664.6688232421875,1675.6780171662408,1659.6646653410937,1667.7666352761978,858627
2017-09-20,1645.5579833984375,1674.2484690478154,1641.9835844465847,1663.2869789288004,1195102
2017-09-21,1649.1322021484375,1653.75506768353,1631.2125041529275,1648.036029985489,883253
2017-09-22,1627.63818359375,1640.5537242224316,1614.6750541277759,1639.457552006951,1247158
2017-09-25,1622.014404296875,1633.452479991805,1596.7553204705714,1615.8664851524993,1728603
2017-09-26,1614.10302734375,1626.589569180613,1603.2845380976084,1613.817028929409,616105
2017-09-27,1589.8448486328125,1624.7786621300497,1584.697807549056,1619.440916635038,1037854
2017-09-28,1602.0455322265625,1615.6282475823432,1564.3474932413237,1585.0314173148836,2385207
2017-09-29,1603.4276123046875,1616.1048600487266,1590.845774946225,1602.2838512190558,1007099
2017-10-03,1613.6741943359375,1621.8238700807563,1589.7972803426403,1613.721899527899,1236296
2017-10-04,1618.2017822265625,1633.4049616395887,1603.9041869909358,1615.6282616258009,671976
2017-10-05,1609.7186279296875,1626.1131571814249,1604.1901779228242,1615.5805488655333,628607
2017-10-06,1603.713623046875,1618.154217722848,1598.47117138164,1612.721061639127,709562
2017-10-09,1619.91748046875,1633.6907834962522,1595.6115694643645,1603.7135397991597,842338
2017-10-10,1644.3662109375,1648.3219016452504,1628.3528600728691,1628.7818576797015,846533
2017-10-11,1636.8363037109375,1660.2843358026337,1627.113985833981,1647.2735013245565,1073174
2017-10-12,1661.3804931640625,1668.0527039799824,1619.7268807548974,1649.8947122892941,2435199
2017-10-13,1668.3863525390625,1675.6781493265821,1659.0453268661004,1669.959111274273,1974411
2017-10-16,1635.644775390625,1664.6688450556467,1618.2016639365947,1658.520926095389,2888889
2017-10-17,1627.7333984375,1653.7550664863977,1620.7276005332951,1640.4106452006286,1641325
2017-10-18,1628.3052978515625,1640.410547037621,1625.1597807664982,1636.5025614514682,979869
2017-10-19,1611.6724853515625,1633.5954635567934,1601.4258759730305,1632.7852898069898,129154
2017-10-23,1616.1046142578125,1627.3043955716014,1603.1414863909724,1611.8153363078507,1745367
2017-10-24,1586.937744140625,1621.2995608302558,1577.310720152885,1615.1516415483668,1531714
2017-10-25,1517.832763671875,1591.703673858437,1506.4899812885317,1591.703673858437,3573873
2017-10-26,1541.8526611328125,1547.9529917603293,1498.7692869678342,1533.607691200209,2084712
2017-10-27,1551.1461181640625,1569.7806975751355,1540.899508018473,1551.7179987153158,1531589
2017-10-30,1544.85498046875,1564.9669054242981,1542.3290490083593,1558.4376943183133,1549643
2017-10-31,1550.955322265625,1565.1099166945057,1542.9963517457056,1547.9528043312284,1539175
2017-11-01,1565.63427734375,1568.4460910077983,1549.0966335591563,1564.1568127279227,1051035
2017-11-02,1551.2890625,1572.4971618183565,1548.1912502400155,1567.4930035522275,1016358
2017-11-03,1596.088134765625,1600.5204123372318,1550.4311263319023,1558.9143890171274,1960324
2017-11-06,1570.8289794921875,1588.1766801755152,1567.778872675597,1575.7854321576763,1032097
2017-11-07,1576.8341064453125,1595.5638624082007,1565.5866187461565,1575.5949350303786,1135418
2017-11-08,1595.992919921875,1610.7671016574766,1577.120047679262,1588.9394163385687,2240615
2017-11-09,1588.7010498046875,1602.9986443732014,1575.4043333976188,1599.1382472980536,1278030
2017-11-10,1582.55322265625,1594.9444720024462,1573.35507967844,1587.0330893397615,1515793
2017-11-13,1581.504638671875,1594.1818864631289,1570.1619727423765,1587.0330887659848,716930
2017-11-14,1561.01123046875,1585.3171397096153,1543.2346487543111,1581.5044480639895,1448013
2017-11-15,1522.55078125,1563.918510356241,1518.4522073967505,1555.8165403193507,1725981
2017-11-16,1528.7943115234375,1541.3761495163149,1517.9281152455155,1524.1237402057013,903458
2017-11-17,1555.4830322265625,1559.962898756848,1540.0415599108194,1555.6260314464919,578398
2017-11-20,1572.068115234375,1581.313845850505,1553.528832461212,1558.6759894074976,3072448
2017-11-21,1571.401123046875,1586.8425968205036,1566.0633770471823,1580.3609733075034,1109357
2017-11-22,1551.1461181640625,1585.8893451678653,1545.0934926512148,1579.3124279431258,751919
2017-11-23,1566.396728515625,1577.4535113547126,1551.2889606793717,1551.2889606793717,887882
2017-11-24,1597.8038330078125,1604.047045902109,1567.0163007518797,1568.9226466165414,1091064
2017-11-27,1582.839111328125,1593.419308696856,1571.544034186451,1593.419308696856,746259
2017-11-28,1599.66259765625,1612.7687264915091,1583.2203632992887,1583.4109513588783,1333326
2017-11-29,1593.84814453125,1610.8145529404912,1587.9861077175315,1600.3773558569842,1121016
2017-11-30,1584.125732421875,1601.3305506535808,1576.5480540363228,1584.1734376108639,1743816
2017-12-01,1583.315673828125,1602.6651325972814,1574.4035293981046,1583.0773805740916,901780
2017-12-04,1572.830810546875,1596.3265492613752,1571.0197584994573,1587.03311211834,863386
2017-12-05,1587.4144287109375,1595.2781064129194,1569.0181422119203,1573.9270067148932,1217660
2017-12-06,1576.26220703125,1595.6116662520642,1572.7355133308877,1586.0799358682407,789146
2017-12-07,1574.975341796875,1586.079830225226,1572.306527279643,1585.8892421718963,825254
2017-12-08,1592.7998046875,1606.8591065831054,1577.5013313374109,1581.314023376897,1131333
2017-12-11,1591.89404296875,1617.8204157581158,1585.2695378306369,1599.4241321777158,841915
2017-12-12,1572.9737548828125,1595.6116138002292,1569.0657688247366,1595.5163197703496,1677983
2017-12-13,1570.2572021484375,1582.1241592956467,1562.8224063077434,1570.8290826698467,1539500
2017-12-14,1573.069091796875,1577.3107816063543,1555.5783899115265,1570.829158440071,1909251
2017-12-15,1598.518798828125,1606.0011834792158,1570.352490618627,1587.0330178330887,3543562
2017-12-18,1599.996337890625,1615.5331059185971,1553.8627367095066,1588.93955323254,1133385
2017-12-19,1591.8465576171875,1605.5245664016513,1587.032987599636,1602.283755048041,880090
2017-12-20,1583.125,1602.1884592898932,1577.5965502642823,1598.4710614575397,1297298
2017-12-21,1578.64501953125,1588.748746052763,1571.9252199343439,1579.8841909285288,610601
2017-12-22,1574.498779296875,1583.9352151629237,1569.6853255127962,1574.6417785161125,832376
2017-12-26,1586.2703857421875,1590.2737819671056,1569.780563427205,1574.4511341792156,772183
2017-12-27,1573.783935546875,1591.703634699375,1571.6392962716404,1589.4159962016327,624678
2017-12-28,1573.164306640625,1580.2655151917513,1569.5423191098946,1571.7822523539464,940604
2017-12-29,1571.6871337890625,1584.0783839781202,1568.065029499837,1574.6419471017796,702219
2018-01-01,1547.809814453125,1578.406641747895,1542.329070192933,1574.6416552760181,771099
2018-01-02,1566.9686279296875,1569.8758519749929,1549.9545140069756,1550.1452184098514,1392045
2018-01-03,1553.9102783203125,1572.7354450105906,1547.9529470892116,1571.7822720136146,1120860
2018-01-04,1569.49462890625,1575.1183728425947,1554.6251534682433,1561.2973644273345,747232
2018-01-05,1618.6783447265625,1623.2536216757546,1566.5398280822683,1567.969587584625,1134406
2018-01-08,1639.3621826171875,1643.2701684476601,1620.4893116351313,1630.8789200776953,1489032
2018-01-09,1644.2711181640625,1648.941572746598,1626.8280058500056,1644.223412972761,576106
2018-01-10,1652.897216796875,1660.9515981707182,1631.0219437724354,1644.1756608885905,1223879
2018-01-11,1620.68017578125,1669.9591756912162,1606.0965816436637,1658.5210991453857,4145545
2018-01-12,1625.3983154296875,1639.886498997715,1608.956080601268,1629.9258873389624,2057925
2018-01-15,1603.6182861328125,1630.2118362306999,1596.5647826282861,1627.1616128036505,997313
2018-01-16,1586.651611328125,1612.768572474721,1582.267039189147,1612.5302792459272,829183
2018-01-17,1579.836669921875,1600.1393030034992,1568.3510041565798,1586.1752941547115,600044
2018-01-18,1601.4259033203125,1627.0662797994592,1588.939360530579,1600.3774363112432,2327815
2018-01-19,1605.1431884765625,1613.0068650234339,1592.5613525432143,1604.1900155617902,497099
2018-01-22,1604.380859375,1616.3909330990807,1598.0899404054217,1605.1434443700361,820236
2018-01-23,1642.6505126953125,1648.9891358234918,1601.3304902794603,1610.8622193882666,1763797
2018-01-24,1636.8841552734375,1657.3773762236112,1625.1600800021497,1644.2235413511485,968956
2018-01-25,1649.1798095703125,1654.0886735872798,1623.9207261192855,1642.317010796965,2169317
2018-01-29,1660.90380859375,1669.0534835792853,1643.2701096215924,1649.1797351679124,1232573
2018-01-30,1654.7559814453125,1665.050179710924,1640.6489749448062,1663.2868329868916,653937
2018-01-31,1671.0074462890625,1678.5375357338196,1644.3186041536014,1653.7550394651773,1237098
2018-02-01,1711.374267578125,1732.677775360004,1652.6588391517257,1671.8652967033775,3720115
2018-02-02,1678.82373046875,1696.1714333437062,1652.9926478695054,1691.786860608137,2192706
2018-02-05,1632.7852783203125,1657.6154804371179,1604.2377947477207,1640.4106619902263,1600927
2018-02-06,1604.0469970703125,1622.2049874200804,1567.4928394990623,1573.2595821057546,1846944
2018-02-07,1583.9351806640625,1636.7409863984278,1580.932662541972,1624.2067385897774,1423804
2018-02-08,1592.609130859375,1606.0488472858503,1584.459571280936,1601.330687338024,801569
2018-02-09,1572.592529296875,1581.838377670985,1559.0098133687059,1572.73552852484,1206481
2018-02-12,1608.765380859375,1620.3940445195726,1568.1601193663516,1572.5923969354208,864259
2018-02-14,1615.10400390625,1629.449304636129,1600.6635254977512,1622.3005068679095,884974
2018-02-15,1607.192626953125,1623.8731539314128,1590.8456872435784,1616.5813574386511,872147
2018-02-16,1581.2186279296875,1617.2962007685373,1572.7353654151093,1614.6749751595123,1088167
2018-02-19,1554.1009521484375,1580.170328137796,1540.3276481236383,1580.170328137796,1151645
2018-02-20,1546.7137451171875,1571.8299461749796,1542.519877096586,1555.6260055462742,859058
2018-02-21,1519.5960693359375,1559.391042454818,1515.5450840483868,1559.391042454818,1425276
2018-02-22,1547.4764404296875,1554.6252382758364,1511.9230392665213,1518.4046625220155,2073919
2018-02-23,1566.5396728515625,1570.6859517267112,1543.1869366271249,1547.4762147091644,616552
2018-02-26,1612.1014404296875,1620.3939984684373,1570.8290055741086,1570.8290055741086,1023854
2018-02-27,1606.287109375,1624.1115144685357,1600.043895974057,1620.537115682227,529068
2018-02-28,1602.0455322265625,1609.5279170640092,1583.268070521976,1595.5163203965387,913679
2018-03-01,1620.7276611328125,1628.924925529745,1595.1349897665111,1596.3264559972897,760617
2018-03-05,1610.0997314453125,1618.2494068655953,1598.1374805061066,1608.9559704250478,789108
2018-03-06,1630.211669921875,1650.8954754689569,1620.4416476219,1625.1598069714616,1674469
2018-03-07,1624.445068359375,1633.6907998215895,1607.2402493466166,1621.3472561415854,1138136
2018-03-08,1614.81787109375,1637.7893144182897,1603.6656784943227,1631.7366898517448,1112679
2018-03-09,1618.0589599609375,1628.2101598751372,1606.096591624102,1622.3005334980544,1281268
2018-03-12,1654.0411376953125,1657.377243163553,1625.1599495286086,1625.1599495286086,858788
2018-03-13,1648.5125732421875,1669.0057911229087,1635.454150715654,1653.6597303063083,797998
2018-03-14,1652.182373046875,1655.2325964164595,1630.5453927927756,1643.270228893019,685008
2018-03-15,1660.1890869140625,1668.0527642311522,1643.2702660197178,1651.8488230929067,604484
2018-03-16,1643.9373779296875,1671.2458068427127,1639.457511503855,1659.4741439117508,2412430
2018-03-19,1638.313720703125,1651.801024925731,1632.8329762148608,1649.9423842061417,1392321
2018-03-20,1636.2645263671875,1656.6147475498651,1622.3958120597983,1630.9743694406664,779431
2018-03-21,1650.371337890625,1662.1431174781494,1636.2644473579574,1636.2644473579574,1456002
2018-03-22,1671.0074462890625,1680.348587578121,1653.8503334876946,1656.4239702203706,1549193
2018-03-23,1667.576171875,1674.5343813515963,1644.2234332577164,1649.9424712864388,1854651
2018-03-26,1677.34619140625,1690.0710277207486,1666.3369966840387,1669.6731021932994,1796664
2018-03-27,1704.4638671875,1711.8986629334256,1676.440674808525,1689.0225115356516,852040
2018-03-28,1712.6136474609375,1722.3836710515732,1689.165614114238,1689.165614114238,2380088
2018-04-02,1720.095947265625,1725.1478106330771,1703.7967124758418,1717.2364283076236,663945
2018-04-03,1744.0205078125,1754.981996786142,1710.9454528423764,1710.9454528423764,1152587
2018-04-04,1715.0916748046875,1753.31388572556,1708.6577575779058,1744.3064481497122,732382
2018-04-05,1750.9310302734375,1755.3633078283688,1727.1494113552008,1746.8800451750603,613812
2018-04-06,1738.73046875,1752.8373586684118,1729.0557399880631,1751.836596878355,498517
2018-04-09,1772.9970703125,1781.6709213234922,1740.6844824094105,1744.211292314493,1148635
2018-04-10,1761.4158935546875,1782.4334034904336,1758.6040799143582,1777.6675387752184,610933
2018-04-11,1768.850830078125,1772.9971094401108,1751.9797141828194,1763.3700852186616,470440
2018-04-12,1770.8046875,1777.1908994869473,1759.7954937933905,1765.2762380530044,403510
2018-04-13,1774.1407470703125,1784.2443564356065,1756.554637433661,1770.0420571008087,408479
2018-04-16,1777.333984375,1785.054662085563,1765.8959088470187,1771.7579458259333,636242
2018-04-17,1779.4310302734375,1790.3925200105664,1768.755538984146,1777.334096169725,405779
2018-04-18,1757.2696533203125,1785.483549786469,1750.0255620640744,1783.3866158071257,576214
2018-04-19,1747.118408203125,1781.4326362894403,1717.951337600582,1766.2295734428483,2259972
2018-04-20,1727.9595947265625,1757.650956001424,1716.7598123333864,1757.650956001424,1819822
2018-04-23,1786.6275634765625,1797.1124668815257,1724.099435532335,1729.437181267672,1620444
2018-04-24,1789.4869384765625,1799.4952545571316,1768.7077214057326,1790.916697916644,1109545
2018-04-25,1761.2254638671875,1789.6776555044582,1758.8902364884093,1786.246255871795,809675
2018-04-26,1793.7763671875,1811.0287759401033,1757.6510857018686,1763.3701239416794,2077102
2018-04-27,1796.445068359375,1807.5972620347143,1776.7144342205706,1794.777015644844,567026
2018-04-30,1809.122314453125,1814.078767403128,1791.9652008281744,1792.9183738073382,466913
2018-05-02,1780.8131103515625,1810.5043553497712,1774.5220756522792,1806.2627821654908,1320018
2018-05-03,1790.201904296875,1795.7779431105491,1764.418527945702,1775.7613099867053,1200445
2018-05-04,1802.5931396484375,1809.1223514182948,1782.7195058976233,1790.5354779448191,752654
2018-05-07,1801.306396484375,1811.0764198132526,1792.9184274750048,1804.8330900711971,2126759
2018-05-08,1782.0523681640625,1804.3566415202429,1756.6979874917104,1803.4987624769021,1401495
2018-05-09,1791.1072998046875,1801.4969084203701,1773.140012639679,1782.0521566142147,1375815
2018-05-10,1797.0645751953125,1821.4657791346795,1768.1357998009296,1791.1072443334494,2716101
2018-05-11,1805.5478515625,1809.0269560835302,1785.8648069720164,1801.5445717340474,542317
2018-05-14,1825.3262939453125,1828.5194002226424,1797.6842769612842,1797.6842769612842,497437
2018-05-15,1827.1849365234375,1860.1171102279764,1815.8898597398422,1829.1389877158526,1198159
2018-05-16,1835.4298095703125,1848.3929384217565,1811.028605316867,1822.0853882679778,506000
2018-05-17,1824.7066650390625,1843.6748305500034,1816.3664014912727,1830.0921156293173,503632
2018-05-18,1839.6239013671875,1853.9214964555335,1816.7477492258338,1825.3263062788415,952766
2018-05-21,1834.810302734375,1855.8278137304453,1822.8956403452478,1845.2476167997254,845801
2018-05-22,1814.7935791015625,1840.8629521876635,1806.2627277995132,1834.5719176777313,545822
2018-05-23,1766.84912109375,1809.7894941140235,1762.0355509937126,1806.2628006227947,1220570
2018-05-24,1783.1005859375,1790.8213798937743,1750.0255312084864,1766.8490569988253,864810
2018-05-25,1825.2784423828125,1829.3771324934166,1771.6624654633104,1786.2460577270615,674128
2018-05-28,1824.8018798828125,1834.857900894296,1806.215007639987,1829.138863281119,811547
2018-05-29,1789.3917236328125,1827.2803504715564,1782.4335141748645,1818.7493822890992,855287
2018-05-30,1796.588134765625,1803.5939331578327,1771.1860506349585,1781.1943672964344,848282
2018-05-31,1863.882080078125,1901.5801184415102,1781.2420282393846,1795.7779163628097,3896725
2018-06-01,1825.7076416015625,1856.7810590520387,1815.7946188368244,1856.7810590520387,1082637
2018-06-04,1813.1256103515625,1871.0785745354724,1803.4032924203332,1841.4825067307934,964088
2018-06-05,1810.4566650390625,1826.8036038654957,1804.2610410675486,1808.1690267633726,708586
2018-06-06,1829.9014892578125,1838.1940474414641,1793.2519192513425,1813.8881370397232,508953
2018-06-07,1811.45751953125,1850.8236096303776,1806.3580674259845,1835.8111353923562,754249
2018-06-08,1800.2579345703125,1810.0279585584512,1791.9653753854486,1806.2629714656516,1889091
2018-06-11,1815.603759765625,1838.8134962685342,1806.5486173487689,1809.9800164674919,794575
2018-06-12,1863.215087890625,1866.7417817634455,1818.6542461671888,1820.5605923371754,1275739
2018-06-13,1861.4925537109375,1883.8349598413804,1853.9335777634576,1873.5009954743407,1169830
2018-06-14,1878.66796875,1886.0356225381563,1850.536725264022,1856.2777905957614,917199
2018-06-15,1882.447265625,1893.0204399252825,1863.1190610243268,1878.2850170424392,2274265
2018-06-18,1883.021484375,1903.1631013744052,1876.3714639493255,1877.4239692019999,792509
2018-06-19,1848.1446533203125,1877.758935887657,1834.0312007515968,1877.328402699691,905231
2018-06-20,1882.495361328125,1889.7673541151512,1844.3172531933944,1855.3209618376093,489671
2018-06-21,1875.89306640625,1890.4849405519758,1862.0667143464543,1884.313342142397,779490
2018-06-22,1868.9561767578125,1879.0030421646763,1844.221774330895,1875.893298110171,956565
2018-06-25,1884.9351806640625,1891.5853179198837,1862.4972309474074,1866.8030298373449,566785
2018-06-26,1897.709228515625,1907.8517541023912,1872.4006282782218,1876.4672162995132,662063
2018-06-27,1884.265380859375,1908.904118224935,1874.553389178128,1903.163053207717,555455
2018-06-28,1882.686767578125,1904.1201026467654,1864.1718542620908,1884.0263729203423,1393387
2018-06-29,1848.814208984375,1893.5945616606718,1846.278665443669,1884.982964361558,1324639
2018-07-02,1864.6981201171875,1872.5920851754383,1845.2741351317325,1854.3641555018394,708738
2018-07-03,1866.80322265625,1871.3961220008175,1851.4937139107349,1860.1053125800872,926035
2018-07-04,1891.01123046875,1900.0533613961834,1861.3490604054077,1869.6735581861474,1514361
2018-07-05,1879.6724853515625,1905.07674481727,1875.5102365673874,1894.7427810476308,490611
2018-07-06,1874.840576171875,1886.3704788685957,1868.0470056132924,1876.802036729107,590699
2018-07-09,1873.7880859375,1884.983116609653,1860.2964889707089,1883.7391724006259,853596
2018-07-10,1851.58935546875,1884.983244428472,1840.968407248924,1884.983244428472,3301425
2018-07-11,1832.1654052734375,1862.592982153619,1820.9702575364083,1859.1483662354085,1739970
2018-07-12,1854.5076904296875,1868.7168040586182,1840.2027989347653,1840.2027989347653,844316
2018-07-13,1840.72900390625,1864.6979975006348,1835.5620219383402,1852.928767284966,954344
2018-07-16,1839.772216796875,1866.3246437978441,1835.7056288778076,1846.661448432974,659528
2018-07-17,1822.7880859375,1844.3649680063795,1810.3491121227034,1841.0637856434025,1131560
2018-07-18,1818.033203125,1847.9086551726864,1811.7410544661072,1834.7960837912326,773027
2018-07-19,1813.9024658203125,1830.8575421112998,1806.937925702639,1820.2425754401647,593314
2018-07-20,1827.6395263671875,1838.5905718511142,1803.5757918000422,1813.662367466567,817518
2018-07-23,1863.7589111328125,1865.9203200430927,1828.0716250058435,1831.1936600984704,1072520
2018-07-24,1870.7236328125,1877.8322907057036,1863.6149749192962,1873.2212376766122,573920
2018-07-25,1887.6785888671875,1893.0099939969202,1863.6148552991144,1873.173039223551,1065275
2018-07-26,1883.16357421875,1909.7249124753325,1871.1557465497651,1887.6305095644007,2959597
2018-07-27,1903.52880859375,1910.4933482330423,1878.7926850472988,1891.472903416022,858768
2018-07-30,1892.625732421875,1911.2139435967417,1887.6305229816483,1900.118663846158,1792695
2018-07-31,1916.5933837890625,1922.9334932476943,1885.949384597745,1892.5296506060517,460626
2018-08-01,1922.54931640625,1941.425645616768,1914.2398759150715,1926.0556256613654,884802
2018-08-02,1943.3948974609375,1952.2326116710574,1916.9776767346716,1920.2917902474812,1278375
2018-08-03,1936.4783935546875,1957.7562883454807,1924.566604657598,1953.049196289702,1234257
2018-08-06,1921.0601806640625,1945.9403036067647,1914.768032610316,1943.2506208025457,749860
2018-08-07,1915.7769775390625,1930.0902148548364,1902.0880534747155,1925.8635531654234,531559
2018-08-08,1921.876708984375,1935.4215140953029,1905.9782994738746,1917.4097739839806,886494
2018-08-09,1906.89111328125,1931.8193166325677,1893.9706203427215,1928.9374379901521,593894
2018-08-10,1901.5594482421875,1919.3310318706192,1884.9886472913524,1903.0003874553036,648603
2018-08-13,1915.392578125,1917.409869665347,1885.7092054875131,1892.4335887979628,930525
2018-08-14,1918.9468994140625,1921.2524257777843,1901.2713536441186,1915.3926293319505,322251
2018-08-16,1906.0745849609375,1916.3533563378387,1896.4203613719935,1909.2927767545339,812823
2018-08-17,1912.0302734375,1916.449130184638,1904.0570296494548,1912.6066256629647,462694
2018-08-20,1912.5587158203125,1921.2524299715105,1908.6201717916595,1913.5674202516245,671269
2018-08-21,1898.1492919921875,1916.4492679981975,1889.8399691776833,1916.4492679981975,688170
2018-08-23,1880.1376953125,1898.1014769826816,1875.1905638158612,1898.1014769826816,1012394
2018-08-24,1852.2314453125,1881.6265838071263,1845.891335796238,1881.6265838071263,939358
2018-08-27,1874.5179443359375,1886.477811091141,1854.008598064028,1856.4582418219693,1305157
2018-08-28,1857.5147705078125,1891.1366856149548,1854.1045007842288,1883.0193243235844,686872
2018-08-29,1830.5213623046875,1862.94249761718,1825.285878984748,1858.8117579162329,1139011
2018-08-30,1801.798583984375,1832.346427269229,1793.4891437701447,1825.28584804033,2124825
2018-08-31,1831.530029296875,1840.3678613699708,1788.6861209587096,1797.331757418768,1952492
2018-09-03,1822.3079833984375,1843.2976433601216,1810.4922337011876,1830.9536195874655,937981
2018-09-04,1782.5379638671875,1824.037086312329,1770.4340971279992,1820.3866598250454,1290572
2018-09-05,1781.8175048828125,1791.2796496129529,1753.1428359233746,1782.7301701420693,804386
2018-09-06,1805.9771728515625,1810.780303630423,1778.1190143341714,1796.3709112938416,1003340
2018-09-07,1801.99072265625,1811.69302430179,1792.4325384006029,1798.3883742286523,763150
2018-09-10,1757.12939453125,1798.2922027492998,1746.6104675382162,1798.2922027492998,1157745
2018-09-11,1754.583740234375,1781.9135084997097,1747.8593568882811,1761.8844758430605,1430413
2018-09-12,1756.36083984375,1764.7183579066982,1733.7381638293534,1753.1427656171852,1149898
2018-09-14,1799.060791015625,1807.706426800007,1763.7097000139097,1772.3553357982917,1512590
2018-09-17,1803.1434326171875,1806.841819987228,1776.197821145292,1784.6513785030465,1009490
2018-09-18,1788.830078125,1814.9111025628592,1782.9702818352857,1793.729248227419,823718
2018-09-19,1733.5941162109375,1801.5584206814106,1728.4067112155265,1793.1048631137821,1471601
2018-09-21,1693.0556640625,1761.8845573787532,1662.844015822147,1748.3397508933028,4403405
2018-09-24,1608.2803955078125,1704.4391754290987,1593.5348062554017,1699.3478094787288,4685534
2018-09-25,1629.942626953125,1649.9237003155338,1584.0727224668944,1609.1450447123373,4503074
2018-09-26,1634.7938232421875,1645.0724773630518,1613.3718106459828,1637.8677803818996,2914677
2018-09-27,1615.7733154296875,1647.3298635654035,1610.2977928358896,1637.8677186727807,2809983
2018-09-28,1623.5064697265625,1652.277179522553,1602.6608093707284,1626.4363094830444,1801534
2018-10-01,1577.9725341796875,1604.1495961936942,1552.0356286979193,1594.6393740642595,5213931
2018-10-03,1574.177978515625,1593.8708140078654,1542.7655512457698,1575.2347610604995,5112718
2018-10-04,1526.915283203125,1563.130842574215,1490.2673717011405,1551.2191719866728,3065332
2018-10-05,1544.0625,1573.9379513842925,1510.1043872633732,1510.1043872633732,4352946
2018-10-08,1537.001708984375,1565.2441388397476,1519.8064789123273,1542.7654653930663,2426418
2018-10-09,1544.5909423828125,1555.3019483258495,1527.4917485421304,1544.6869815532546,1065187
2018-10-10,1573.457763671875,1601.2198865328817,1541.036626819719,1548.529558686686,2264070
2018-10-11,1529.84521484375,1546.6080941762984,1519.1342098691832,1546.6080941762984,2131052
2018-10-12,1587.6268310546875,1594.1591359442461,1542.7656356290806,1548.433353509148,2169080
2018-10-15,1562.890625,1602.0361395395691,1526.0026756622012,1602.0361395395691,4301735
2018-10-16,1556.7427978515625,1629.1739177773088,1551.4112756642928,1574.466303909459,7490737
2018-10-17,1540.74853515625,1587.4830277744331,1537.0020691598825,1571.824772289286,3532784
2018-10-19,1514.619384765625,1549.6342824750534,1508.1832356972097,1527.3957609927156,4071551
2018-10-22,1392.379638671875,1537.3862380846526,1365.5301825163674,1527.3957018649485,6528861
2018-10-23,1415.146484375,1439.0180215602445,1368.8923102292044,1378.4985720553743,7242862
2018-10-24,1461.4486083984375,1468.509187334388,1421.77481771532,1431.3330012543631,2177827
2018-10-25,1432.389892578125,1462.9378566789212,1417.5001845112756,1442.9567821739538,4971095
2018-10-26,1388.8734130859375,1439.0180540449446,1381.4765209544446,1437.577114738491,2263193
2018-10-29,1357.1727294921875,1388.1048459354856,1320.8610125683686,1388.1048459354856,4620039
2018-10-30,1310.5823974609375,1354.482968762778,1296.4611216835556,1354.482968762778,5974755
2018-10-31,1368.9884033203125,1379.6513309145953,1280.6588692548794,1301.6485287190737,6474213
2018-11-01,1406.308837890625,1434.1670008463886,1342.955579729565,1346.7980849648427,5635786
2018-11-02,1481.093505859375,1493.6776854888901,1416.923629495949,1426.5298913908366,5732745
2018-11-05,1427.9227294921875,1474.5611771472738,1421.9188159044543,1474.5611771472738,2926342
2018-11-06,1417.35595703125,1452.0826195042137,1385.847486314605,1431.3331159076042,2830304
2018-11-07,1425.47314453125,1442.0439453524666,1416.9235484808503,1427.4904359610464,140435
2018-11-09,1436.040283203125,1460.4402147418468,1417.8844226312754,1418.9410881113402,1913755
2018-11-12,1434.2149658203125,1459.1912478774645,1419.9976506668174,1442.764562746511,1434191
2018-11-13,1427.0582275390625,1437.384958676897,1405.9244521872151,1426.625875412141,1678410
2018-11-14,1453.955810546875,1468.7974382131722,1433.734582428489,1439.0180264508385,1888029
2018-11-15,1452.6109619140625,1472.880151701715,1439.0180774493194,1455.3487231880633,1362884
2018-11-16,1441.995849609375,1465.9154635219893,1428.2108881987665,1459.1910806617966,1222318
2018-11-19,1477.3951416015625,1480.6133334532956,1425.905596405188,1443.8212999943012,2054251
2018-11-20,1496.5115966796875,1508.0871900259358,1468.1731219909127,1474.5613100769344,2718989
2018-11-21,1485.800537109375,1507.174470641626,1477.8274097905419,1497.1359734837417,984774
2018-11-22,1468.6533203125,1502.3712759722225,1462.0730543943275,1487.0493352184094,1038896
2018-11-26,1501.2186279296875,1505.9736808214238,1471.7274498297031,1477.443128943119,1365620
2018-11-27,1526.0028076171875,1531.0940561545274,1487.817915899403,1492.52489050126,1707401
2018-11-28,1549.8262939453125,1556.2144817831988,1529.509025869243,1533.1594524234476,2408350
2018-11-29,1595.1678466796875,1605.1582651190872,1555.2537820808093,1564.8600438601843,2975979
2018-11-30,1567.5499267578125,1608.520541597042,1559.0963690404321,1598.9623575279109,1391187
2018-12-03,1591.085205078125,1596.4166100731743,1571.8726812820428,1583.5922738920774,1509308
2018-12-04,1571.3443603515625,1593.5828810943644,1567.5499336374621,1587.915162867879,1311350
2018-12-05,1540.4600830078125,1565.8206370234332,1529.1247647055131,1565.8206370234332,1669427
2018-12-06,1507.65478515625,1531.5264407098857,1498.5769142160955,1531.4302842760246,1605950
2018-12-07,1505.1092529296875,1517.78947250325,1470.7668645486804,1510.1044625158918,1502809
2018-12-10,1493.2452392578125,1511.0649008556113,1476.530438425037,1479.3642385998992,1485061
2018-12-11,1491.660400390625,1503.1398364990537,1416.9236356198141,1418.6047314586851,2294146
2018-12-12,1519.9027099609375,1527.1074063814274,1493.7737245148705,1503.379986408857,1279021
2018-12-13,1546.7042236328125,1563.8994560930114,1514.8594415992607,1528.8365997371177,1283289
2018-12-14,1540.7003173828125,1549.9703837255615,1527.4437460954302,1546.608192003814,692049
2018-12-17,1569.038818359375,1574.9466930854026,1541.805088381867,1549.394058998654,791402
2018-12-18,1574.9947509765625,1579.6056864304878,1545.647573328179,1563.803432166861,983139
2018-12-19,1549.1539306640625,1587.6269412493666,1546.0318953814924,1576.3876611376925,1390871
2018-12-20,1549.345947265625,1557.895543920753,1530.565775364917,1542.8617203986819,1156454
2018-12-21,1513.6107177734375,1561.930145986664,1510.2964869762652,1549.3459660341273,1119348
2018-12-24,1500.8343505859375,1528.8366283372052,1494.686319328337,1515.8681743739303,757749
2018-12-26,1495.1666259765625,1503.331948807041,1460.4400821027991,1498.2886611764513,1712424
2018-12-27,1502.4193115234375,1530.7097049787105,1498.288572137332,1514.9074515808572,1880388
2018-12-28,1520.911376953125,1537.482178312633,1509.1437064224597,1516.6845983709559,1333919
2018-12-31,1536.32958984375,1540.8444862582553,1523.1689400204589,1528.644579937225,933039
2019-01-01,1532.7750244140625,1541.8049334584434,1499.1051490292946,1537.0018028246163,4043870
2019-01-02,1514.5230712890625,1535.0804930847855,1506.501866883739,1525.0899582877687,1164974
2019-01-03,1498.6729736328125,1517.7894592623873,1494.3982337702148,1511.065075582111,958038
2019-01-04,1487.2415771484375,1509.143903493646,1479.5565668187437,1499.3455622288668,1868151
2019-01-07,1497.7603759765625,1546.6081952110294,1489.4509358227956,1499.5375110089547,3991996
2019-01-08,1515.6280517578125,1525.4744707281927,1489.9312998107223,1501.602932091816,1479592
2019-01-09,1538.6829833984375,1546.608149381292,1487.0493262374162,1517.789363989094,6447772
2019-01-10,1504.24462890625,1544.5428521320812,1492.8131533780438,1544.5428521320812,4377060
2019-01-11,1455.4927978515625,1512.0256257820488,1448.9125318910042,1508.1831210151313,3180775
2019-01-14,1425.6173095703125,1449.5848855234592,1413.081091189535,1449.5848855234592,3615252
2019-01-15,1436.3282470703125,1445.1660784670516,1427.4905329375138,1432.2936639366305,1725819
2019-01-16,1466.5880126953125,1471.679378599963,1437.048756238427,1437.0968344553162,2188162
2019-01-17,1463.03369140625,1475.5218319107025,1450.5455509017975,1466.58796141348,1467807
2019-01-18,1457.1737060546875,1472.063410109226,1453.4272409365672,1463.129540770933,1589082
2019-01-21,1448.239990234375,1458.1344866895502,1438.0573762866024,1451.7943774212342,1606142
2019-01-22,1442.476318359375,1446.895175548792,1416.9236841854965,1442.8605923027903,2666389
2019-01-23,1436.13623046875,1449.584997844377,1427.6826726413492,1438.201600339939,1441440
2019-01-24,1431.6214599609375,1440.9394884137641,1420.2860224131668,1433.4465561684303,1088512
2019-01-25,1426.433837890625,1452.851057836103,1420.045650341931,1437.384999793538,1738412
2019-01-28,1386.85595703125,1434.1667959824786,1380.8040825085413,1414.2338029218085,2246761
2019-01-29,1404.29150390625,1408.2781264208727,1373.9357369123145,1389.0656008216793,1388542
2019-01-30,1417.9803466796875,1431.33307465442,1400.593035467211,1408.182006094342,3193022
2019-01-31,1446.2708740234375,1460.6321893213149,1415.0984823605809,1421.7268268303492,2469714
2019-02-01,1455.4927978515625,1474.9454782340827,1437.9613698525013,1448.5282579615246,1547424
2019-02-04,1445.40625,1451.9384378681468,1411.4960978891486,1448.7203635181684,2054061
2019-02-05,1481.0455322265625,1495.8392000421145,1439.0662116871597,1445.5983998785825,1710784
2019-02-06,1465.963623046875,1482.966659459475,1447.663647485298,1482.966659459475,1541770
2019-02-07,1455.3006591796875,1469.6620916661602,1447.663727562292,1464.954999689778,1602553
2019-02-08,1440.02685546875,1469.2778784546008,1432.1977279235086,1453.3315058417832,2194466
2019-02-11,1451.50634765625,1458.230731794962,1423.6481847958719,1443.7252980342455,1387113
2019-02-12,1438.24951171875,1462.7935582388413,1427.7307016466773,1452.5628656708052,1136862
2019-02-14,1457.7503662109375,1470.5267425205404,1417.9324541844292,1433.1583571266597,1756930
2019-02-15,1450.0653076171875,1462.025057385895,1439.6904973315063,1455.877143268101,1169312
2019-02-18,1457.27001953125,1464.8589903500886,1440.9393733005109,1450.0653226647473,1040787
2019-02-19,1422.20703125,1461.0163516041716,1413.1771218845145,1452.466755319149,1352025
2019-02-20,1422.495361328125,1434.7913066535843,1416.0590952602565,1421.7268134423084,1688403
2019-02-21,1413.609619140625,1435.5599057184636,1397.711207639558,1421.1984727798808,2297058
2019-02-22,1405.2041015625,1428.4031312952086,1400.6890879057414,1415.9630684743665,1314113
2019-02-25,1432.4857177734375,1436.1361441759148,1403.522932155221,1407.3654368888022,1055629
2019-02-26,1419.901611328125,1430.2283433313014,1404.243474090978,1421.7268246233357,850891
2019-02-27,1418.556640625,1435.127442317898,1400.7850562007325,1423.6960845264118,1553126
2019-02-28,1415.81884765625,1430.3723574864175,1412.6007734612338,1429.1715747820133,2400890
2019-03-01,1454.484130859375,1459.6715358809406,1416.8755910329512,1423.3598179939227,2243654
2019-03-05,1480.9012451171875,1486.088649765017,1450.545482317502,1450.545482317502,1768341
2019-03-06,1474.4171142578125,1480.3249888992643,1462.3132474704123,1476.9627971658786,1694922
2019-03-07,1470.958984375,1484.11951744391,1460.2960561696266,1474.4652937334022,2128646
2019-03-08,1458.23046875,1471.2949606957643,1448.576129215351,1468.7973562047102,966595
2019-03-11,1454.9644775390625,1464.9550138733484,1443.2448843336538,1461.016469747855,2472505
2019-03-12,1507.2705078125,1522.5924480019619,1451.2659563526586,1465.9155051425828,7399042
2019-03-13,1571.9205322265625,1575.4268410267557,1506.1657210417193,1512.8901038997603,7407679
2019-03-14,1616.4456787109375,1634.0251852818035,1570.623855341416,1584.0726222984679,6598388
2019-03-15,1636.1866455078125,1650.355882567105,1618.7512557752837,1619.6158428452497,3884063
2019-03-18,1648.2425537109375,1666.1581393215783,1635.562216952156,1640.7496221142055,2427808
2019-03-19,1657.2723388671875,1666.6865229050245,1650.5479552012882,1661.8833917150964,1738526
2019-03-20,1645.9368896484375,1661.8832604870288,1640.7494849201416,1660.9226343248977,1592600
2019-03-22,1631.7196044921875,1663.3723074543338,1627.5889822801018,1647.4738972834289,2081172
2019-03-25,1617.26220703125,1633.0163821316648,1609.0488065162945,1615.8692287508304,1689972
2019-03-26,1647.1376953125,1652.277021898758,1602.9008130241123,1614.8126010533792,2216791
2019-03-27,1733.2098388671875,1742.0475530909323,1652.3731198673997,1661.8833427963057,5562677
2019-03-28,1749.396240234375,1762.1726148029209,1707.1767682837346,1741.1348788825328,4070284
2019-04-01,1674.4195556640625,1728.1665449967104,1670.577050839167,1726.2452925842629,2594605
2019-04-02,1704.6793212890625,1709.9146873306488,1662.6519237774244,1685.5628358824085,2760486
2019-04-03,1703.7666015625,1746.4184282125584,1692.575282901419,1713.75713747591,2494990
2019-04-04,1667.7911376953125,1712.5562934745628,1655.399036729794,1703.7665406232102,2164515
2019-04-05,1698.339111328125,1704.9674558260863,1676.4369034502702,1679.174664777009,1183378
2019-04-08,1682.056396484375,1727.7821779845615,1677.3013439253016,1699.2516281022508,1816648
2019-04-09,1697.5225830078125,1702.6139489186762,1662.1235299804514,1688.7809077911477,1675803
2019-04-10,1678.646240234375,1708.905966146366,1673.6029525823765,1696.5139817268953,1891510
2019-04-11,1672.114013671875,1683.8816845880178,1659.7699904901785,1680.0391797990733,965883
2019-04-12,1668.4156494140625,1675.7643461137277,1658.136878602657,1674.851798119268,1029735
2019-04-15,1680.0391845703125,1695.409203769741,1664.5731262036757,1674.8517796377173,973597
2019-04-16,1743.6806640625,1748.3396776628244,1683.977722496116,1684.8423095257704,2593532
2019-04-18,1694.8328857421875,1751.9420675782283,1683.3053711097332,1744.4972143781015,1857583
2019-04-22,1624.4189453125,1690.7021547900652,1616.6858573012066,1689.7415285657526,2184388
2019-04-23,1586.330078125,1648.434586433818,1580.2301251070107,1624.4189310370548,2161145
2019-04-24,1632.3441162109375,1637.8677170161238,1595.6962021985212,1601.3639203905445,3467827
2019-04-25,1617.1661376953125,1656.1195772086683,1607.12764075992,1648.4345675696488,3070975
2019-04-26,1631.9598388671875,1636.1866177099212,1596.0804728166938,1617.6945628789122,1639196
2019-04-30,1543.2459716796875,1613.7559573617245,1513.1783250768979,1613.7559573617245,5059803
2019-05-02,1499.82568359375,1553.9088665150553,1490.4115002380736,1538.106612950816,4071588
2019-05-03,1495.310791015625,1516.8288423780202,1485.89672416354,1503.3800749345164,2042908
2019-05-06,1468.0770263671875,1482.534497939427,1461.6888385268041,1482.534497939427,2018992
2019-05-07,1456.1173095703125,1481.2856702922682,1436.616549884622,1479.17233945813,3333379
2019-05-08,1430.13232421875,1465.8675736765217,1423.7441362278887,1456.1173110874633,2652472
2019-05-09,1418.41259765625,1430.372346393794,1411.015705896121,1427.4904679255728,3040828
2019-05-10,1383.2056884765625,1433.7346031307616,1373.6954656462237,1420.3339145497887,2304082
2019-05-13,1338.4404296875,1389.065379676069,1332.6285947134347,1377.5378661517864,2608583
2019-05-14,1376.289306640625,1385.2231784837243,1331.908416759836,1338.440722759517,5582146
2019-05-15,1324.70361328125,1394.8293303004896,1318.9398557180248,1379.459310131889,3321014
2019-05-16,1304.722412109375,1327.5853617719483,1295.0201112829318,1327.5853617719483,4571270
2019-05-17,1319.46826171875,1337.1917695168966,1311.2548601943704,1314.1367390079845,3070835
2019-05-20,1435.7999267578125,1446.3668146154082,1344.8766364212593,1344.8766364212593,4545248
2019-05-21,1390.74658203125,1454.3880678261526,1386.1836075780304,1440.8432618493841,3331988
2019-05-22,1459.09521484375,1476.3384088924597,1327.8736943212903,1389.9780867326806,18578611
2019-05-23,1535.8011474609375,1575.426978474394,1482.3903538386182,1486.0887412804193,12378857
2019-05-24,1583.9766845703125,1592.7183601994375,1531.238278744212,1545.3594380478794,6065381
2019-05-27,1549.2978515625,1583.0158048851715,1543.7261731669662,1583.0158048851715,2426340
2019-05-28,1555.8782958984375,1567.742006378723,1533.8318535753704,1551.4113604789447,2044030
2019-05-29,1545.311279296875,1565.1961936917537,1538.971170161112,1553.3324841947538,1628713
2019-05-30,1524.417724609375,1557.7514065021694,1518.31777175468,1545.2632660301576,4997347
2019-05-31,1542.1412353515625,1547.5207185791273,1493.821808206043,1536.0412824793075,3138032
2019-06-03,1597.185302734375,1601.3640035860838,1527.107545476422,1537.0980822089332,3064055
2019-06-04,1573.5057373046875,1607.0795765522234,1565.8207275986817,1597.5213926359556,2614383
2019-06-06,1462.697509765625,1570.335605329405,1450.5455648588866,1570.335605329405,6402947
2019-06-07,1491.0841064453125,1498.577038543612,1423.6962648373508,1469.7582493408502,6289576
2019-06-10,1490.5555419921875,1522.6884387885732,1475.6658371377675,1502.4192511169554,3211040
2019-06-11,1527.9720458984375,1532.4870595020886,1501.4587856129551,1502.4194118353562,3468327
2019-06-12,1508.0389404296875,1539.4994468902735,1499.7295007666999,1534.119963894838,3504083
2019-06-13,1430.2283935546875,1464.9550565445834,1383.3018238847212,1460.1519252116502,10175722
2019-06-14,1370.6214599609375,1436.136117548197,1355.6836761805305,1434.214865217029,10500760
2019-06-17,1344.54052734375,1392.8119954397175,1341.2262964892425,1371.293944417781,7360154
2019-06-18,1353.522216796875,1387.960640095095,1344.9726207894455,1354.9631559914778,6611201
2019-06-19,1326.9609375,1382.3410596959939,1316.1538930791662,1368.7002149770494,5716245
2019-06-20,1379.074951171875,1384.358395279172,1294.9241193884409,1325.6641578308966,7571159
2019-06-21,1391.611328125,1407.317544848505,1363.2728519659347,1388.1050186389689,4913512
2019-06-24,1404.00341796875,1426.530057835042,1391.9955891990946,1424.6088052318973,4102227
2019-06-25,1392.57177734375,1402.994548034181,1384.7907286711857,1397.7591822134393,2445906
2019-06-26,1378.3065185546875,1395.4055945549476,1371.0537438396948,1392.9079898879365,2478755
2019-06-27,1393.0999755859375,1406.6448979153088,1378.6905835452724,1382.3410097678138,4007859
2019-06-28,1354.963134765625,1400.5928752132443,1344.8765605614144,1400.5928752132443,4108364
2019-07-01,1377.15380859375,1385.3672101756679,1360.5830052993842,1371.6782857151047,3446607
2019-07-02,1360.7750244140625,1394.8291746442592,1354.5789153666826,1390.0260438775779,3100554
2019-07-03,1412.697021484375,1421.2466190565324,1367.355506768146,1373.6956169319644,5366734
2019-07-04,1434.3109130859375,1453.9077104355772,1408.5662020503958,1415.002350493297,4799912
2019-07-05,1472.207763671875,1479.3643821213655,1425.9535876222399,1439.690472240715,5145552
2019-07-08,1418.3646240234375,1484.1194423494242,1412.9370623886423,1455.5888903159591,3857205
2019-07-09,1433.3502197265625,1449.9210204067072,1399.7283053030806,1418.3644756077397,3733488
2019-07-10,1428.6912841796875,1460.8722611640678,1410.7755824952972,1441.899894135963,3222571
2019-07-11,1480.5650634765625,1494.7342992827453,1436.1361037453112,1444.7817391524736,4337246
2019-07-12,1450.0653076171875,1500.9784982788046,1434.8394051834364,1488.9706702925741,10637123
2019-07-15,1417.0196533203125,1469.758054005046,1410.1992309015734,1469.7099757905164,5656516
2019-07-16,1415.1944580078125,1426.529893969849,1402.5623174043487,1426.529893969849,3863867
2019-07-17,1442.14013671875,1449.1527551467573,1399.6324257779975,1424.4166295710652,5290039
2019-07-18,1413.5133056640625,1443.8211076911641,1410.5353880431019,1437.1448028346265,2404071
2019-07-19,1366.1544189453125,1430.0840149512833,1351.792988524647,1421.7266148640722,4698852
2019-07-22,1362.55224609375,1372.5427821772957,1327.5854284333113,1363.0805201533574,4578591
2019-07-23,1360.9671630859375,1376.385260436214,1349.1034530189715,1369.5647206339484,2946083
2019-07-24,1308.3729248046875,1370.1891992308867,1300.0634844652902,1351.7931834799997,4148585
2019-07-25,1336.85546875,1363.4647674663354,1313.1760095722982,1314.1366357680351,6816446
2019-07-26,1359.766357421875,1366.0104275901847,1331.9562764239793,1345.3569647257762,3106622
2019-07-29,1375.905029296875,1379.4592995279631,1346.8940460932808,1354.4830169459804,3185949
2019-07-30,1284.6456298828125,1390.602643052734,1265.7692991650079,1379.5074793698398,8804120
2019-07-31,1357.220703125,1363.8009691417649,1260.3415743143703,1265.7691357967897,7730088
2019-08-01,1343.579833984375,1378.4985722752854,1311.254739481369,1335.3664332161143,9532030
2019-08-02,1328.449951171875,1356.884462291714,1312.6475803500095,1341.0341305198108,4625690
2019-08-05,1333.5411376953125,1349.3914687325655,1296.8452666843355,1311.2546585363837,6796784
2019-08-06,1361.3033447265625,1373.695445978739,1323.5027277602849,1333.5412244984002,3140739
2019-08-07,1370.189208984375,1404.4836359859269,1359.7183595536949,1361.2073771258538,6078493
2019-08-08,1365.5538330078125,1380.9567651579805,1325.863303002881,1380.9567651579805,5079904
2019-08-09,1364.92626953125,1385.785455599753,1357.1040894910373,1385.785455599753,4666041
2019-08-13,1326.34619140625,1368.547529474299,1305.824980172208,1366.4712421726838,3477027
2019-08-14,1352.8065185546875,1360.4839366169035,1329.8710469655653,1341.3629489385585,2823062
2019-08-16,1389.74462890625,1395.4423061899429,1327.843024921226,1332.6715450118486,3127077
2019-08-19,1393.028076171875,1407.8999419483196,1381.4879600600518,1392.5452241524047,2484182
2019-08-20,1356.66943359375,1402.15407487995,1340.493889295351,1401.2367031031154,3395591
2019-08-21,1320.310546875,1364.3949608974892,1311.281237468899,1364.0569880524301,2929477
2019-08-22,1289.8427734375,1319.1035384956185,1284.43485376624,1319.1035384956185,4436240
2019-08-23,1265.55517578125,1297.5682890773137,1236.1977486609958,1293.6571404648755,7921907
2019-08-26,1302.2518310546875,1308.4323601700064,1223.7883818346702,1299.885903431722,7080111
2019-08-27,1338.5623779296875,1353.6273377332764,1308.7704311677455,1313.357525466249,4755041
2019-08-28,1319.0069580078125,1358.2628543388385,1307.2736292904779,1331.7059908519432,8031108
2019-08-29,1304.231689453125,1333.6373314692203,1292.1120561229664,1310.4604336015436,4555489
2019-08-30,1347.881591796875,1353.579269961924,1284.5314219852257,1312.4402960029188,5254735
2019-09-03,1297.85791015625,1340.348888333734,1289.7943049197818,1332.6715882938204,6169187
2019-09-04,1272.41162109375,1297.8578990023188,1252.083621757,1293.0777111519515,6069299
2019-09-05,1263.2374267578125,1289.2148889203063,1258.7468794106574,1281.4892566271508,3820454
2019-09-06,1285.4486083984375,1294.0433978264314,1266.3277393697851,1275.7915681161508,2744448
2019-09-09,1289.2149658203125,1294.9608580275644,1263.140955275632,1284.3864453490753,3024923
2019-09-11,1325.0908203125,1332.671573439728,1294.0434118907506,1294.6228107372265,2958610
2019-09-12,1342.5701904296875,1363.5742556279222,1328.2295074228266,1331.7060187754282,3847286
2019-09-13,1350.6336669921875,1358.4558462565612,1323.980258665827,1341.3629316461224,3506741
2019-09-16,1328.760498046875,1347.157208150406,1318.1860853944834,1332.719979130558,2406553
2019-09-17,1286.8970947265625,1337.4034598203918,1279.79919408035,1328.8086708579979,3418892
2019-09-18,1284.772705078125,1302.7347770184474,1276.4676737383843,1294.043440477924,3466276
2019-09-19,1238.2740478515625,1287.573287941578,1234.3146847282314,1287.1869827355413,4668596
2019-09-20,1370.91357421875,1404.5201254602437,1227.8928145935422,1244.7926370515738,12418793
2019-09-23,1459.7100830078125,1495.0548295757824,1411.8593975845818,1411.8593975845818,8634884
2019-09-24,1464.297119140625,1474.6301054700991,1445.0312523369164,1453.3846160658147,5167834
2019-09-25,1452.3223876953125,1468.8842362236203,1441.3616699776076,1457.247454920471,5158518
2019-09-26,1494.909912109375,1501.4284146331076,1455.3160449281836,1455.3160449281836,7017228
2019-09-27,1430.0146484375,1492.0128032035047,1420.4058221137743,1486.7979775961307,4445539
2019-09-30,1336.099853515625,1425.186049993457,1299.9824993343036,1425.186049993457,9439585
2019-10-01,1253.5323486328125,1361.8359773032323,1147.3048896268253,1349.088729376038,13839863
2019-10-03,1212.4415283203125,1264.5412186840197,1178.159031900264,1250.586841238395,13455663
2019-10-04,1221.9053955078125,1248.6070184867915,1212.2000225414743,1236.1011980506569,7423301
2019-10-07,1198.4871826171875,1232.2384955091543,1173.3305423539362,1231.2727913590688,5212929
2019-10-09,1263.768798828125,1273.7638135151092,1193.2240613203332,1198.4388874694848,6865376
2019-10-10,1186.3675537109375,1275.695187995237,1178.1590683983263,1265.0724422965634,13975918
2019-10-11,1181.249267578125,1210.944670151701,1150.491614017703,1193.5619954744857,12987781
2019-10-14,1207.70947265625,1221.519087854013,1185.7880376696044,1197.4730332072056,4786662
2019-10-15,1228.6170654296875,1233.735344414042,1193.6102911150274,1213.8417452550818,4669980
2019-10-16,1230.789794921875,1240.929687308442,1221.6156065721239,1231.2243145849247,4118174
2019-10-17,1294.1400146484375,1298.8719882194541,1226.444182184912,1232.2384066676755,5237964
2019-10-18,1296.6025390625,1314.9991300981376,1271.928753949976,1286.3177675693648,5604223
2019-10-22,1295.0091552734375,1311.2812452435517,1274.7293698440997,1294.0434512053737,3577455
2019-10-23,1286.8970947265625,1301.720627180089,1264.734235632845,1293.077623749171,3003881
2019-10-24,1238.998291015625,1301.624174821846,1228.3755465096453,1294.2365152932011,6833303
2019-10-25,1228.4239501953125,1243.8268834698542,1216.8837154452608,1243.8268834698542,4141541
2019-10-27,1232.8662109375,1239.9641127726381,1229.8725516874736,1238.0327044972914,303098
2019-10-29,1270.1905517578125,1280.5235376760404,1220.7947672820123,1231.272632380808,4248732
2019-10-30,1252.7113037109375,1278.54388822807,1238.4189538485614,1269.9008837394094,3333740
2019-10-31,1268.1624755859375,1297.9062066416589,1245.7581894105208,1259.229713375048,7559742
2019-11-01,1332.5267333984375,1338.3209578009821,1271.0596459513506,1282.4550010965406,7803620
2019-11-04,1305.921630859375,1346.0948956669713,1303.700464396145,1327.7947332327633,3641707
2019-11-05,1274.825927734375,1313.647302337624,1269.9008605212803,1307.5633195025198,2656825
2019-11-06,1296.940673828125,1307.177114244348,1265.0724368688338,1275.9366085595013,3214840
2019-11-07,1334.506591796875,1349.9095258743462,1303.7006057581252,1303.7006057581252,5563949
2019-11-08,1374.0037841796875,1404.0853713516813,1309.0601861230316,1320.165782816735,8506906
2019-11-11,1395.49072265625,1405.0028842313548,1359.131940605612,1367.4369720853026,3521409
2019-11-13,1365.6986083984375,1412.29382840295,1360.2424748707476,1395.4423400315197,4578522
2019-11-14,1327.939697265625,1351.69599478022,1306.790753692902,1351.69599478022,5279888
2019-11-15,1312.391845703125,1340.5903577067293,1299.547934275984,1329.8710659874591,4476838
2019-11-18,1327.263671875,1332.5750441579164,1312.8746579317947,1314.7095192062884,2034198
2019-11-19,1344.984375,1360.6770665051158,1327.4086076677904,1334.603056004308,4880427
2019-11-20,1418.908935546875,1428.0347912010347,1353.9170091386986,1353.9170091386986,7334715
2019-11-21,1396.552978515625,1450.5358601507346,1388.2961614801932,1429.3385848698151,6229283
2019-11-22,1396.552978515625,1410.7005668608074,1387.7167626090995,1400.2225832884178,2062280
2019-11-25,1445.5140380859375,1447.735204484418,1396.5528914482936,1396.5528914482936,3029183
2019-11-26,1463.9107666015625,1469.3186856073878,1429.724820270613,1443.7275287433747,6748616
2019-11-27,1474.0023193359375,1484.6733959972248,1456.2816740016024,1466.90441830798,4156766
2019-11-28,1514.4654541015625,1521.7565672066003,1467.8702312988205,1473.6644558960527,5080043
2019-11-29,1515.2862548828125,1527.3575559348453,1498.8210709781195,1502.6355549570421,5852032
2019-12-02,1521.9495849609375,1541.7948503701327,1507.6571178471263,1537.4008497828759,3906554
2019-12-03,1491.7230224609375,1525.812423118302,1480.3277852210917,1525.0398127125713,3594869
2019-12-04,1491.336669921875,1500.7039511636558,1470.767128457045,1485.6389929912793,3417501
2019-12-05,1457.9718017578125,1495.7791418034049,1455.2195685801373,1491.3369264080936,3222397
2019-12-06,1415.5772705078125,1466.5664919476942,1406.0651091088014,1464.973056674486,2990724
2019-12-09,1400.270751953125,1433.925511621586,1395.7802049304494,1407.0306797211745,2831428
2019-12-10,1363.1878662109375,1411.3765237494474,1360.290753948708,1409.9279676183326,2751068
2019-12-11,1371.9276123046875,1382.8883307347976,1348.2678608361102,1370.0444184983332,3263070
2019-12-12,1394.62158203125,1401.2366314561957,1372.4586024850366,1375.4040471064693,2490582
2019-12-13,1434.456787109375,1442.7134858204647,1400.0294149262224,1400.0294149262224,3512530
2019-12-16,1442.1826171875,1455.3161701964527,1432.3806963794882,1452.901909794667,2909431
2019-12-17,1441.5546875,1456.7645259378664,1435.2292789643861,1448.6525885275792,2861481
2019-12-18,1449.32861328125,1452.4188189339768,1438.898962906666,1449.5217069281243,2573443
2019-12-19,1438.802490234375,1454.157208233482,1427.5036820989737,1441.796149217948,2656772
2019-12-20,1436.91943359375,1456.7647009020873,1431.6563931636356,1439.3820263139285,2875305
2019-12-23,1444.9830322265625,1450.0046461853742,1428.614277678208,1436.9676413745167,1584336
2019-12-24,1469.6568603515625,1479.458781205896,1443.7277270906102,1443.7277270906102,4488835
2019-12-26,1463.427978515625,1477.1409292241433,1453.0466597116176,1465.069628289251,2265163
2019-12-27,1472.60205078125,1487.1841575807712,1460.2409924478422,1472.4088392512908,1755565
2019-12-30,1478.8792724609375,1499.2556052583814,1465.9871463886159,1472.6021958527704,2526529
2019-12-31,1458.213134765625,1482.1626426755593,1453.3846144518316,1478.8792252854203,1979911
2020-01-01,1433.39453125,1471.6846015285794,1430.0145671629975,1460.1444855850452,2135253
2020-01-02,1476.5616455078125,1481.6799246568823,1435.1329138916233,1440.589165916468,2365906
2020-01-03,1476.4166259765625,1485.2528416868945,1460.2410829998034,1471.732984870499,2622870
2020-01-06,1419.0054931640625,1465.6972583817417,1415.1908916015645,1463.0899047132314,3151046
2020-01-07,1411.521484375,1456.2818478320692,1392.7384680609405,1437.4022846804585,3572603
2020-01-08,1408.575927734375,1430.7871212625225,1389.6964839657278,1391.5795597417693,3363919
2020-01-09,1455.94384765625,1463.9591211635952,1432.3323110693404,1438.899146272967,3496433
2020-01-10,1440.1060791015625,1469.463504056149,1433.2978187995705,1459.033853781563,3189536
2020-01-13,1486.846435546875,1493.9443375557855,1436.340060756527,1448.363148295196,3732412
2020-01-14,1430.83544921875,1530.6409406017312,1419.8263993184198,1492.9784821263574,15123110
2020-01-15,1352.468505859375,1413.2113134550946,1343.6322903307323,1413.2113134550946,13995235
2020-01-16,1338.900390625,1366.471289593282,1329.871080945437,1356.8142486774284,10544088
2020-01-17,1305.873291015625,1329.7744660591723,1271.8805558849867,1303.700456920757,10020063
2020-01-20,1286.26953125,1320.986664440288,1277.6265266923365,1320.986664440288,6047237
2020-01-21,1290.5185546875,1303.7004382510188,1274.729317400996,1286.3177657410051,4501887
2020-01-22,1281.8756103515625,1301.7690906828645,1277.6264888526928,1300.1756553853136,3038713
2020-01-23,1286.124755859375,1293.8503885892494,1274.8259472616535,1284.3864413416331,4358219
2020-01-24,1270.9630126953125,1298.8718819131786,1262.8028610368085,1288.249137897532,4563516
2020-01-27,1227.60302734375,1267.0038025019037,1221.6157089671558,1266.5209504430234,6019701
2020-01-28,1211.7171630859375,1240.8331639227413,1197.7144542875744,1237.06689453125,6103759
2020-01-29,1215.09716796875,1232.9143612277264,1208.0958133351132,1225.3819400763005,3977924
2020-01-30,1189.2646484375,1210.9929915880025,1179.6559393978002,1209.0615833079578,5301706
2020-01-31,1215.6766357421875,1227.9893635543308,1199.5010913615288,1202.3016569504637,8391172
2020-02-03,1219.7808837890625,1224.9473773957443,1174.3445744294393,1180.0904669472225,7697534
2020-02-04,1229.0032958984375,1239.9640134059127,1213.1657257330046,1229.341268742778,4632688
2020-02-05,1229.1480712890625,1244.4544557752754,1221.8086267436374,1236.101092782449,4360609
2020-02-06,1288.4906005859375,1293.4639999116318,1219.104789684825,1236.1011570170508,7628363
2020-02-07,1254.2564697265625,1299.8859861775761,1250.3453211629574,1298.8719497695909,3850541
2020-02-10,1231.2244873046875,1259.2782406631693,1224.9957425469559,1259.2782406631693,3955195
2020-02-11,1248.3173828125,1264.9757779285922,1240.9780554975318,1245.758243464283,3456066
2020-02-12,1233.59033203125,1258.2157844076314,1208.771668121642,1216.7870585976668,8957173
2020-02-13,1188.540283203125,1237.7911907337846,1183.2289108223677,1237.7911907337846,6508945
2020-02-14,1135.66796875,1198.5352791576158,1131.032542132196,1191.5822571147057,11532869
2020-02-17,1132.722412109375,1167.5360870018606,1124.5622608053486,1135.6678563392788,9900428
2020-02-18,1101.57861328125,1132.481144300723,1070.4346562381875,1132.481144300723,11207411
2020-02-19,1102.97900390625,1127.9424322767088,1077.725817141102,1115.388278492807,14324736
2020-02-20,1141.6551513671875,1162.562665256897,1105.7793442827021,1105.7793442827021,15703698
2020-02-24,1130.1151123046875,1148.7049144083962,1107.2279745305202,1129.8736863033405,7179792
2020-02-25,1114.2777099609375,1142.2349158352322,1099.7439332329368,1140.4966012116154,6114855
2020-02-26,1096.07421875,1110.5597811123348,1086.6102708530846,1105.7312603248897,5870515
2020-02-27,1077.291259765625,1100.323279056328,1063.2402179067965,1099.9369738381845,6835782
2020-02-28,1066.1856689453125,1079.6571941155046,1047.8372908700042,1062.274520149423,10233947
2020-03-02,1042.236083984375,1097.9571598754703,1033.3516539799994,1091.2455639586228,5724823
2020-03-03,1070.0484619140625,1079.6088380786884,1036.2004864744931,1047.7889355310579,5233056
2020-03-04,1029.3922119140625,1076.2288595661828,1014.9549831418251,1076.2288595661828,6863681
2020-03-05,1038.1319580078125,1057.3977085866206,1026.5435082440044,1038.1319580078125,6815347
2020-03-06,979.9965209960938,995.5926070385891,882.4604056913718,963.7727037040846,16835425
2020-03-09,872.1273193359375,936.6846715803966,856.6277808488784,917.4188636552565,14498980
2020-03-11,824.2766723632812,897.139054041231,816.0199146015502,859.3800496169004,12305857
2020-03-12,757.7396850585938,803.4174735481612,743.5920975479683,748.6137702548532,16135734
2020-03-13,776.1846313476562,806.0731835282098,532.1994791737147,699.1697332450427,21139779
2020-03-16,641.3723754882812,732.6796826387474,632.5361597561498,721.3809333402197,16613929
2020-03-17,583.43017578125,683.1874009749496,565.3232232796623,647.0217693900647,19508083
2020-03-18,444.9964294433594,616.940029550186,361.94587834542193,607.4278679139844,74866076
2020-03-19,428.8208923339844,455.8123336240424,378.3145798669886,400.52577409019403,29186013
2020-03-20,425.2478332519531,462.47571687549856,391.3516113017675,428.8209209655978,28086017
2020-03-23,324.9111633300781,391.1101690426143,318.77893626694816,382.75683428935116,9515210
2020-03-24,301.6376647949219,347.6534567128656,227.4715910824157,342.87320989468424,37275347
2020-03-25,290.96661376953125,312.8881071382775,271.5076833710163,281.98557803820074,40292991
2020-03-26,420.9504089355469,436.4499773362112,300.96167518332203,305.50049621625305,42326717
2020-03-27,397.0009765625,520.079951124337,378.8940239961395,463.00686021192985,43890479
2020-03-30,399.2220458984375,413.0316314103114,357.31049628270944,357.31049628270944,29380383
2020-03-31,339.2518005371094,385.315892735183,319.40659529363853,384.3501887433655,38989984
2020-04-01,330.51220703125,376.6245748493426,309.02529218407597,373.14803441808203,33427621
2020-04-03,302.4585266113281,337.9964246105745,299.56141440038033,337.9964246105745,23013838
2020-04-07,370.6855163574219,378.07314666238193,332.6850549813297,332.6850549813297,45710645
2020-04-08,385.46075439453125,426.2617493142318,349.5848558800374,368.89893631539866,56093585
2020-04-09,381.83935546875,410.4241997451929,370.83033576977425,410.4241997451929,32940091
2020-04-13,396.324951171875,407.3339718628535,358.51764208278905,374.69318553029535,31201235
2020-04-15,409.5550842285156,429.73829252245946,399.84974106313615,410.4242119596523,28311987
2020-04-16,420.467529296875,426.84118179708446,399.0771908996496,409.5550855325234,23556832
2020-04-17,458.1783142089844,462.4756796980273,427.4206332550489,455.81232741600866,26188305
2020-04-20,441.03704833984375,464.5036448023962,437.4639315914459,463.0550887375238,16950369
2020-04-21,387.1025085449219,418.10161718350156,382.4188375943363,415.25277819587023,29550439
2020-04-22,401.63629150390625,406.078535840104,371.4097678064464,383.38449162549654,28908719
2020-04-23,395.890380859375,412.83847488193845,393.0415421683016,405.59569462085176,18750968
2020-04-24,369.76806640625,386.1850348813283,366.9675306193969,378.7974049617327,19653294
2020-04-27,393.4278259277344,396.7595167042967,373.7274691091916,380.6805500903003,26819351
2020-04-28,451.9977722167969,467.7870394473495,415.25274462605677,429.7383054851053,60610249
2020-04-29,454.9432067871094,472.22930425947266,427.80691571972676,437.9468087559731,47307868
2020-04-30,452.0943603515625,474.9815588963759,445.7690103992403,469.5736101399063,26654890
2020-05-04,408.5411071777344,428.82089325098434,401.73290507009483,428.77261983442816,17565171
2020-05-05,404.3403015136719,423.84750583361233,401.68461534996385,418.149857776574,18470026
2020-05-06,410.9071044921875,414.6250712613364,394.4901343949673,405.59573181367506,17184968
2020-05-07,438.76763916015625,445.67241719432934,401.25003108178515,405.59569928844707,26784490
2020-05-08,425.2478332519531,461.31688956470254,420.5158887565602,447.12102660757154,29096376
2020-05-11,418.5361328125,443.01673657520524,414.093888251834,434.5668260683212,18434346
2020-05-12,430.8971862792969,434.56685011410235,410.4242473299856,415.05961527615574,26126553
2020-05-13,433.2148742675781,463.5379777512845,429.2554814800957,458.70945714970856,20820446
2020-05-14,413.32135009765625,426.8412073438413,410.4242378306166,423.94409507680166,16520436
2020-05-15,404.3403015136719,416.2184496575136,402.7951691242337,415.6390213276057,14848712
2020-05-18,363.8289794921875,404.3402738013288,361.22156692178106,404.1471212142813,25374856
2020-05-19,355.1859436035156,373.72747345476756,348.6191677446281,371.89264162398564,28794743
2020-05-20,345.04608154296875,358.13139047838,338.76900455821146,351.51631114640696,29736164
2020-05-21,334.9061584472656,351.51628017812834,331.4296473849007,349.87457147682875,25554090
2020-05-22,326.7459716796875,341.569534762609,318.6823369564482,330.27078557304634,27953815
2020-05-26,336.2581787109375,341.8109772744203,330.270801514976,333.07133750497724,19932807
2020-05-27,356.2965393066406,362.5736159535269,335.72702430427387,338.865562627717,34413192
2020-05-28,373.5826416015625,391.8827168404208,358.85565389434413,362.1390419807797,47047469
2020-05-29,380.1494140625,386.28164100768714,360.69048229092783,363.1047425472259,33013516
2020-06-01,396.0352478027344,402.50544743493475,387.2956082248407,388.5027383208799,22990598
2020-06-02,419.7915954589844,423.84753510656446,390.38589302701087,399.801508257718,28744172
2020-06-03,417.5221862792969,436.7396925619625,411.48653546998287,429.7383376231582,27908796
2020-06-04,400.8154602050781,419.93641836583214,391.1101461446824,410.27937772028446,25795376
2020-06-05,407.8651123046875,412.6453296800842,397.0975180178022,402.89174233048834,26349793
2020-06-08,436.1119689941406,447.7969942716552,428.7726120823253,439.3953569762568,42805660
2020-06-09,447.9901428222656,461.6065770348479,436.8362718391975,444.1756291674146,40690351
2020-06-10,482.46575927734375,492.75050172889166,447.2658341366502,448.0866884903591,42547635
2020-06-11,505.2080993652344,529.6886735543892,487.77712351009126,492.75049349339486,78669422
2020-06-12,510.3263244628906,516.3619748635259,466.7247623919423,473.1949914098029,57429819
2020-06-15,473.7261047363281,506.9946206818295,466.9179030469801,506.9946206818295,45035607
2020-06-16,465.2762145996094,497.3376018883655,440.6507605255253,492.5090814816823,50389388
2020-06-17,474.3055725097656,484.7834681029946,451.94952803227386,456.3917728772086,40940232
2020-06-18,482.0794982910156,485.7008886643828,465.61422571086945,472.71215673685913,25255403
2020-06-19,467.0627746582031,492.9919352258796,455.95717768445655,485.7491545908275,41823242
2020-06-22,473.098388671875,484.8316865008488,469.18729921919964,473.24323837920605,27934720
2020-06-23,502.55242919921875,506.0289403269955,480.14808264826956,481.8863382121579,45717057
2020-06-24,465.1796875,512.2577634620957,459.7717385209332,511.8231848186805,43255370
2020-06-25,458.8542785644531,474.11242040664916,445.18957199923057,463.53794915321185,37360999
2020-06-26,475.65753173828125,483.8177429841787,464.5519348434348,466.43506958354953,33898936
2020-06-29,463.5379638671875,470.2978925069173,456.2951831817627,465.46937204996743,19597701
2020-06-30,458.5162658691406,477.05779520390666,455.81230634867194,472.2292750095352,17436951
2020-07-01,475.5610046386719,477.637262597925,458.8543057167673,464.0208286416186,20509324
2020-07-02,477.8303527832031,490.57765804843166,476.0920972792851,480.9206175356673,22971526
2020-07-03,470.49102783203125,482.8520279594126,467.7387653784728,482.7071782452146,15633495
2020-07-06,478.8926696777344,491.54339960901314,476.62325908986793,480.9206542343586,24848329
2020-07-07,508.2501220703125,511.8232394928898,475.5610576153129,479.9550000527665,42696302
2020-07-08,533.6480102539062,557.694063585249,513.7545313027748,515.6859393151913,81334991
2020-07-09,537.462646484375,550.4031059983483,531.4269953942578,538.8146559053233,26574065
2020-07-10,520.7559204101562,535.4346340812145,514.1408710989982,533.358346751313,26964951
2020-07-13,521.1422729492188,535.9658082121998,516.1688729539114,530.8475879581939,16507937
2020-07-14,493.2816467285156,516.6516979376258,487.7288481058215,516.6516979376258,22219927
2020-07-15,486.2802734375,509.6985971724371,482.8520357718993,500.0898298721965,21841548
2020-07-16,500.81414794921875,504.09756563162676,473.43645890977973,490.5777075495525,21502321
2020-07-17,502.9386901855469,508.4432154171902,494.4405057808193,504.3872463548266,14445406
2020-07-20,510.6159973144531,523.0736026696632,503.7595223929935,506.9463338502649,19937276
2020-07-21,505.5460510253906,521.2387412434663,502.8420915761936,517.3276517774942,13311222
2020-07-22,495.9372863769531,510.4228466388166,490.57764086844276,509.89172121759407,15202237
2020-07-23,496.27532958984375,503.1318046951105,492.60563655633143,497.82043247664,11300182
2020-07-24,504.33892822265625,518.2933632045584,482.85201361671255,488.4530851862872,31277822
2020-07-27,489.2739562988281,505.8840484548453,487.6805504933861,504.6286449647271,12280255
2020-07-28,508.8778076171875,510.85748931291175,493.8610905795773,494.44051895692024,16991267
2020-07-29,531.6200561523438,545.3813382598295,513.9959580146866,515.6859400278865,37044099
2020-07-30,502.0212707519531,527.226184027991,497.82048134356484,526.3087533118193,13848662
2020-07-31,505.7874755859375,510.3745696365975,498.0618435006153,507.18775818978116,11161107
2020-08-03,485.79742431640625,504.04925495485054,483.81774274624354,504.04925495485054,13508456
2020-08-04,475.7058410644531,490.57767816990184,466.67650192048245,490.57767816990184,21481518
2020-08-05,475.8507080078125,488.6462876751966,473.3398713864375,482.0795114078629,15082924
2020-08-06,477.9269104003906,484.7351413783255,469.09072457080686,480.7274461454298,16624606
2020-08-07,491.5433654785156,495.7441545536848,475.12639649396795,478.98921272562626,16540870
2020-08-10,491.8813781738281,499.80013393327863,489.1773890720319,494.44048808712034,9409531
2020-08-11,504.0975341796875,506.8980996130013,491.881383354772,493.4747892065523,11701319
2020-08-12,502.7938232421875,512.2577108809114,494.77843269632837,500.7175360156055,12644367
2020-08-13,500.9590148925781,509.457199405026,498.64130141559133,506.0289615493223,8109014
2020-08-14,489.80511474609375,505.5460792554481,482.9968833887373,502.1661150197383,9318623
2020-08-17,495.5510559082031,497.144432222587,485.26628421816366,492.5090645796288,7173558
2020-08-18,503.711181640625,506.7531728102408,489.1290748516188,494.8750254265073,10993530
2020-08-19,504.24237060546875,511.823123480258,501.3452585857692,505.06319543429237,10895768
2020-08-20,495.79248046875,502.6972290279936,493.5713434818341,497.916982215042,7658596
2020-08-21,495.9372863769531,503.5180982791324,494.92330894700183,502.1660890779335,6411009
2020-08-24,511.0023193359375,517.0862430351945,498.3032875587946,500.2346956501077,14887687
2020-08-25,518.1002197265625,527.6607133411461,512.0162960363263,516.6516636602255,18377629
2020-08-26,548.1819458007812,552.5758875861163,519.9833748140547,522.8804870604603,26850404
2020-08-27,585.07177734375,598.4950872666263,552.382718703526,552.7690239017561,48561125
2020-08-28,642.8209228515625,665.3700887859079,575.0767603367317,579.4224285508632,55986681
2020-08-31,608.586669921875,687.5812449873838,599.460755373481,680.8213170170021,57316603
2020-09-01,605.9310302734375,639.7789461253499,568.5099975755397,616.215743249785,47295290
2020-09-02,618.581787109375,628.7699541959786,593.0389003216254,610.3250283403039,19765424
2020-09-03,610.1801147460938,626.0176856339166,603.5650652081725,621.913443190501,14985734
2020-09-04,595.0186157226562,619.9820435894911,582.8507084739831,590.0934893570379,21613014
2020-09-07,587.8240356445312,603.5167256193341,577.0564124850627,600.1850350363047,13889593
2020-09-08,579.8087158203125,591.8800160419055,578.4567066187358,588.1137467960102,13303702
2020-09-09,583.8646850585938,588.7898114161931,568.4617515592306,569.7654285392972,17123149
2020-09-10,599.171142578125,606.2690443963265,589.0795225751375,592.9423391166139,15925284
2020-09-11,589.4174194335938,601.0541999176165,582.5609445334558,596.8050786932046,11346718
2020-09-14,588.4517211914062,598.7364925843309,583.140349079771,595.9359273487104,9287409
2020-09-15,611.677001953125,617.0849213490638,580.5813180717247,588.4517711400661,13446734
2020-09-16,600.3299560546875,619.0163061503288,592.6043235286303,619.0163061503288,17940987
2020-09-17,596.1773681640625,603.371875082383,589.272619612546,593.6665612256742,9390779
2020-09-18,592.1697387695312,603.2270619961597,579.4224334453539,601.5853533130182,10335095
2020-09-21,541.3736572265625,596.2256934447045,534.8551550049741,591.8800252969789,15649376
2020-09-22,525.343017578125,558.1769561767578,518.5830890431123,544.6570991067325,26363293
2020-09-23,509.9400634765625,534.8552187023575,501.29699956504714,532.1029854577856,20046261
2020-09-24,473.4364318847656,501.2004245756112,468.3664853933939,499.4138955792212,20946967
2020-09-25,497.1927185058594,503.42152156632403,474.3538525400209,482.75546029421685,19311510
2020-09-28,536.0623168945312,543.98110222257,498.4481897346721,504.96669234353755,24396893
2020-09-29,517.85888671875,542.5808911140149,510.80925771823297,539.8286576704546,21321940
2020-09-30,509.3123779296875,521.190526851472,502.40756987506654,517.8588358395087,18784941
2020-10-01,571.8899536132812,576.5735947069895,518.5830779465928,521.4801901138921,49858446
2020-10-05,580.919189453125,609.0694826935663,571.6967286758703,572.8555851845374,43964114
2020-10-06,601.4404907226562,606.8001365915279,585.4098265317809,594.8254413350606,25112823
2020-10-07,597.8673706054688,604.3375997109556,585.3132176021269,599.6539585133916,19071775
2020-10-08,596.515380859375,616.6020125495077,592.9905376337434,598.7364883017929,20977726
2020-10-09,601.681884765625,611.2906516630844,593.9079791039445,596.8533646103084,18622149
2020-10-12,593.3768920898438,610.3249871438279,589.5623491318147,606.6553233765964,11751051
2020-10-13,587.3412475585938,599.4608222695825,581.7884489632653,590.6246061454735,11579298
2020-10-14,601.2957153320312,604.965379330481,577.0082322713782,579.4224926574509,14624404
2020-10-15,577.490966796875,610.8077533428486,573.0004198160957,601.2955929347405,14728367
2020-10-16,587.4378051757812,592.8457836199941,580.7744821042091,584.0578407513615,11569890
2020-10-19,605.5929565429688,609.0212529062198,585.4097782507905,586.7134550777348,14576825
2020-10-20,603.8065185546875,607.3313622717521,595.4531540974814,600.6679800735956,9607553
2020-10-21,606.5587158203125,625.5830981963734,578.9878758179165,609.3592812602337,26626983
2020-10-22,587.8723754882812,609.2144126890009,584.878716331549,599.7022508061152,15976059
2020-10-23,587.29296875,596.5154310657134,583.6232460367357,595.8394264110648,12435551
2020-10-26,595.5014038085938,611.5803402765224,592.5076860000629,595.8393766367349,17438151
2020-10-27,592.9422607421875,602.0199019915458,574.6904314194567,595.4530675855104,15012129
2020-10-28,572.5176391601562,594.8254387307825,565.9991366325789,593.4251560290712,14933120
2020-10-29,568.510009765625,579.2293015915275,551.4170355784048,564.9368928430242,16511146
2020-10-30,565.6128540039062,581.3538176775608,556.7283652676309,571.696777516804,16811219
2020-11-02,606.800048828125,613.2220036239352,569.7653262017666,569.7653262017666,33145934
2020-11-03,624.4242553710938,627.7076729293308,609.8904202708795,609.8904202708795,19566145
2020-11-04,654.795654296875,657.6444931849551,625.7762578323801,627.321360818169,33533745
2020-11-05,689.8989868164062,702.0668340918586,655.0370357556478,671.116031529971,23471764
2020-11-06,713.3173828125,721.3809887620619,682.752823366503,690.2370304118925,29896664
2020-11-09,748.855224609375,753.7320183207001,709.840757034978,720.4635016878002,28036644
2020-11-10,806.5560302734375,840.1625192552688,756.1462673297419,757.111971374863,59758713
2020-11-11,760.926513671875,810.273966770345,726.6922935050833,810.2256933564983,51561819
2020-11-12,742.819580078125,775.3154865654948,735.6733464060144,762.9062128820837,28387177
2020-11-13,742.1918334960938,748.1309369616037,716.3109768261766,733.9833490970071,25472191
2020-11-14,744.0266723632812,758.0776540350421,731.4725201308538,749.9657167080999,3253864
2020-11-17,757.2568969726562,766.5276327972867,745.7649945545885,751.2212463207092,14873173
2020-11-18,799.8927001953125,805.3972253946635,748.4206830705805,753.2492036065197,25491255
2020-11-19,789.9459228515625,816.8890897627456,776.6192185820552,788.014514727231,29797661
2020-11-20,783.18603515625,801.437866457367,761.7473920725938,790.0425107775282,25424060
2020-11-23,820.6071166992188,850.6888251070259,803.948719802412,807.3286843901699,39219488
2020-11-24,824.4215698242188,831.4229242763212,807.6182955624136,822.7798611298288,19828772
2020-11-25,825.7252807617188,844.8945425546932,816.2613923489516,833.9820390467886,24215222
2020-11-26,821.379638671875,831.2781060367772,806.3629511895989,827.6084421191453,16934720
2020-11-27,828.236083984375,832.8714515348363,819.4481419560187,826.6426487598901,10212987
2020-12-01,864.7879638671875,869.1336320273241,828.6706093595155,833.4025827106452,14690547
2020-12-02,866.5262451171875,874.6864562489886,851.0749800882239,871.0650660078253,14965085
2020-12-03,865.5122680664062,876.762743997948,859.9594696938742,869.2302051390814,9724314
2020-12-04,882.3155517578125,888.4477490577011,859.2834742024272,871.5479277441035,12658012
2020-12-07,903.0781860351562,920.7988321703269,881.8809698774647,883.6192254177757,15479752
2020-12-08,885.260986328125,906.5547505718175,875.9901913299722,904.9130417650913,13141739
2020-12-09,896.65625,906.3132909262251,887.1923616806795,898.1048061389338,7937423
2020-12-10,884.4400634765625,895.2076876108858,873.9621977215229,886.4680774220506,9145597
2020-12-11,892.069091796875,901.339826846639,883.7157284160105,885.3091636317024,8417189
2020-12-14,889.6548461914062,902.9332767315765,886.5645814773145,895.2076444172956,5936096
2020-12-15,894.9662475585938,899.4567950642958,877.2938748524257,891.3448572933175,7646858
2020-12-16,890.18603515625,905.5890274705218,883.6192590088269,900.0362288483352,6068477
2020-12-17,903.7058715820312,915.4874732155907,882.6535343027954,882.6535343027954,14078222
2020-12-18,874.1553344726562,905.3475640924759,857.1106340892491,903.7058553878752,14605713
2020-12-21,813.798828125,874.9278837082924,786.7591142797106,874.1553322439495,18106992
2020-12-22,811.867431640625,828.0912483921734,785.7451480715608,813.7988398001403,21961153
2020-12-23,826.0149536132812,832.388635847485,804.1900651838505,813.0745544260776,12353093
2020-12-24,823.5523681640625,840.1624889289682,819.9792515377096,832.4368568468627,10293688
2020-12-28,837.2171020507812,841.1281914972632,823.7455193423255,825.6769273595407,5449095
2020-12-29,881.5912475585938,886.1783417791148,843.5424845526703,844.9910406223086,20727636
2020-12-30,868.2161865234375,891.0551101503314,857.5451689014996,887.530266904102,11462263
2020-12-31,864.2568969726562,875.7970727679107,859.524923301027,872.9965072982687,6435333
2021-01-01,869.2785034179688,872.9964403448915,862.4219694616268,864.3051041025199,4632855
2021-01-04,867.0574340820312,882.6535794399246,857.0141464426049,878.790762899706,6991890
2021-01-05,890.0411987304688,895.5456648936917,852.7167120498289,861.1183494269218,11907501
2021-01-06,890.7171020507812,904.6232638711966,878.2112818254552,893.2279679321354,9768197
2021-01-07,919.3985595703125,928.6693541235658,899.1670472620391,902.93331675897,12154311
2021-01-08,907.5686645507812,942.5271633400947,900.1327314942472,931.9044186713027,10838196
2021-01-11,897.235595703125,918.3362642415118,894.435089365635,910.5623585450099,8419415
2021-01-12,895.8353881835938,909.2103657385165,875.458997303763,888.4477286026927,8805330
2021-01-13,910.41748046875,920.7987988617907,894.3868170385808,900.8087135165796,9473962
2021-01-14,936.4432373046875,947.0659819480611,918.6259856371948,920.3159677395497,14887258
2021-01-15,932.7735595703125,949.2870751440762,920.7505324355,940.5957387490644,9195430
2021-01-18,900.8087158203125,927.0758774703519,892.3105320652137,926.1101734313203,10668611
2021-01-19,907.665283203125,919.3502789278646,904.1404397544256,909.7415115981693,6309233
2021-01-20,915.19775390625,921.1367985390268,896.4147980594208,904.7681617958506,7004445
2021-01-21,894.0971069335938,933.8358537598014,886.7577794363367,926.4965262625442,8216362
2021-01-22,862.6633911132812,901.9675565992957,859.4765796288792,898.104740511076,11366492
2021-01-25,820.0276489257812,881.060100061207,810.4188814732397,874.9279026864668,11829328
2021-01-27,792.022216796875,831.2780518876251,778.3574806259991,818.9170515767335,15810173
2021-01-28,775.0740966796875,800.4238296185509,761.9405443338369,773.8186931225241,13789865
2021-01-29,817.0822143554688,831.3263498116801,787.6765717027768,789.0767954924092,19305853
2021-02-01,937.3123168945312,947.7419676716733,826.6426575761634,829.5397696938369,38067807
2021-02-02,942.1891479492188,964.7383131738718,916.7428117310969,948.7076500652585,20556081
2021-02-03,1012.5890502929688,1043.7330065671065,938.8575091439402,946.3899891055845,34995822
2021-02-04,996.75146484375,1006.2636262173177,981.1553207646783,999.4071509973946,13666242
2021-02-05,989.9431762695312,1047.7888711669343,981.444992605128,1009.160710017923,19524257
2021-02-08,999.6002197265625,1018.8177535358939,992.7437446776293,1000.5177092870365,7162284
2021-02-09,990.6193237304688,1015.5344190517424,985.0181927359005,1008.1950913885099,7984133
2021-02-10,987.7221069335938,1002.8353402016173,969.1805770776916,999.5037083273783,7815034
2021-02-11,986.85302734375,1000.4694313559073,980.4793450220957,989.8466864283832,5760021
2021-02-12,992.1643676757812,1023.163444201785,977.2925016821202,988.6877977196784,13959383
2021-02-15,1021.32861328125,1026.5434388994559,1002.11107847768,1009.064218596554,9121286
2021-02-16,1021.9563598632812,1058.8945415450867,1005.3945110357247,1031.3719748017807,13883441
2021-02-17,997.765380859375,1047.7888979810193,991.0054524853039,1042.9603777138257,13855321
2021-02-18,1010.1748657226562,1019.2041758810141,997.9586847395573,1009.1608292192004,8911120
2021-02-19,1029.343994140625,1037.6973579419623,992.5506925663542,999.5037147327148,14557527
2021-02-22,987.8187255859375,1030.5027987069373,983.0867520239935,1028.426511361168,9412265
2021-02-23,1012.3475341796875,1017.803667385486,983.08665629366,997.7170952366737,7160332
2021-02-24,1033.3033447265625,1039.0975690895152,1005.5393529874142,1011.38190970691,6833820
2021-02-25,1071.690185546875,1081.105801054045,1041.9947827934923,1042.9604869480738,12716781
2021-02-26,1026.4951171875,1045.7609845484808,1015.196426467376,1033.3033781879594,12247085
2021-03-01,1031.3236083984375,1058.9910534196124,1026.6882996197037,1038.1318692058176,6358886
2021-03-02,1036.5384521484375,1049.044390732298,1023.6463262390732,1038.1318874594374,4917345
2021-03-03,1062.032958984375,1066.1372009263468,1040.2080724697055,1042.960305254035,5695638
2021-03-04,1054.5006103515625,1077.7258425529335,1035.8142584324466,1041.0290844731742,6128220
2021-03-05,1004.2357177734375,1046.823245032405,990.2812227897266,1046.823245032405,13926140
2021-03-08,983.328125,1019.2522676328814,979.7067349005647,1017.8520439479499,10522267
2021-03-09,989.653564453125,1000.0830975351383,970.5325769770732,990.4260569682023,9915907
2021-03-10,1004.1873168945312,1023.646276770272,997.6206001889225,1007.3741873625221,8832614
2021-03-12,987.5772705078125,1020.1697822018652,980.8173421564534,1015.920660804252,5735382
2021-03-15,1003.0285034179688,1007.8086911609178,954.3087238464201,992.5506383832823,8019663
2021-03-16,999.2139892578125,1013.8927623689308,992.7438189145167,1009.1607886825584,5161126
2021-03-17,974.3471069335938,1003.3665016659672,968.2148508893612,996.6065733583043,4712570
2021-03-18,968.4080810546875,995.3511906739117,954.1156718477773,989.8467243360038,5797610
2021-03-19,977.1959838867188,983.8593066855664,947.4522510156908,956.0470409199124,6838935
2021-03-22,934.9464111328125,977.1476314855682,928.0898769279813,971.498286300046,12692489
2021-03-23,956.0952758789062,960.2961238306339,936.7329216072594,943.492849907518,7530882
2021-03-24,925.8204956054688,951.2185006361038,922.247378789319,946.4382537430047,5028085
2021-03-25,924.9513549804688,936.7329565314086,896.9942101079814,925.820512228237,7614686
2021-03-26,920.0745239257812,943.0099948711891,917.4188378163129,940.4025821753318,4891178
2021-03-30,928.0899047851562,944.8449061276657,922.2474068235025,932.8701518235638,5831461
2021-03-31,921.71630859375,935.767291743311,917.4189134738343,928.0899322053339,4453746
2021-04-01,959.2338256835938,962.8069424741341,926.2067352265929,930.9387086710784,7932671
2021-04-05,905.20263671875,955.0329993589162,887.0474129883202,951.2184567035532,11223431
2021-04-06,895.4491577148438,921.4748958989267,889.8963589476716,915.2943658682697,6925347
2021-04-07,913.1215209960938,919.7849030163138,889.5583757785676,899.0705378058753,5714921
2021-04-08,902.8368530273438,925.0963223800858,900.0362873547355,916.4532582614206,3946239
2021-04-09,891.9725341796875,907.4720717825031,885.9851575174513,902.9332511381356,4980026
2021-04-12,815.4405517578125,859.4766343926301,812.157134296856,853.6824098911068,10674765
2021-04-13,847.3087768554688,850.785287939985,815.5370892909391,820.8484616901103,6778840
2021-04-15,828.9120483398438,853.4892282184866,812.3985326496675,837.7482639804892,6862663
2021-04-16,833.3543090820312,840.1142373293869,823.793815555441,834.4648333575302,5338683
2021-04-19,803.4658203125,807.8597622289537,783.1860339824971,801.4861386734276,8550122
2021-04-20,816.0198974609375,835.1408252817022,811.2396507702723,816.0198974609375,8240669
2021-04-22,807.0388793945312,811.14312157154,787.0487939440154,802.5000586104011,9717099
2021-04-23,820.8484497070312,830.4572168772755,794.5812875280267,801.534368537454,7695324
2021-04-26,830.0709838867188,841.080034687837,822.2488039093315,827.6084501117563,4894557
2021-04-27,852.1856079101562,855.6138457293823,829.539834629277,830.070960104047,5202133
2021-04-28,895.1111450195312,899.0705082136369,857.5452323240704,859.4766405049804,9935828
2021-04-29,907.230712890625,925.9653367424564,885.6471912626345,904.7198469087778,12187280
2021-04-30,902.8850708007812,915.9703497227256,883.7158088230984,896.1734154377326,7301455
2021-05-03,882.2672119140625,934.5118372967734,868.1679561145457,897.1390781205929,16854199
2021-05-04,878.9356079101562,902.4504791073543,874.9279123287994,898.1048106686352,7499852
2021-05-05,899.21533203125,902.6918429660483,878.114663589024,891.3448206019391,5975741
2021-05-06,893.22802734375,906.4581854244797,888.4477802161632,905.2993287053827,3705397
2021-05-07,894.4351806640625,919.1571829167308,893.2763239149275,900.5673783379607,5419712
2021-05-10,912.9766235351562,917.3705651313873,899.2153409569808,906.7960940987257,5087341
2021-05-11,916.3082275390625,924.1787388078624,891.2482555995127,892.2622330229918,5732298
2021-05-12,885.212646484375,917.9499786167197,882.6535071592875,909.6932207265305,5074561
2021-05-14,860.2974853515625,891.3448961563026,857.6417990412376,891.3448961563026,6169600
2021-05-17,923.647705078125,926.9793960361949,866.3331309532517,866.3331309532517,10987165
2021-05-18,941.1268920898438,953.1016461659004,933.8358381306676,933.8358381306676,8715366
2021-05-19,933.8358764648438,945.0380205892127,928.2348044026594,931.9044682405112,4787294
2021-05-20,942.0443115234375,954.0190654568248,929.9730107607077,929.9730107607077,5835440
2021-05-21,981.1553344726562,985.0181507501077,948.128243512067,951.218508322408,12591860
2021-05-24,970.2911376953125,987.6738104781098,962.8552047720697,983.955873487437,5385688
2021-05-25,959.8133544921875,978.0168536921203,948.7077570422153,977.2925755975568,4583345
2021-05-26,964.2072143554688,973.3814027719015,953.1498912651782,964.5934606078645,2972854
2021-05-27,972.3191528320312,978.5479560867041,953.1499499582632,961.1652822272828,4427518
2021-05-28,984.3904418945312,990.3295456328142,968.6012035784619,979.7068006284642,5388785
2021-05-31,978.2581787109375,985.4044120828203,969.5668424736242,980.1895867636738,2643491
2021-06-01,975.4093627929688,995.9788472459463,971.4982731833437,981.1553136722438,3766919
2021-06-02,992.7437744140625,994.6751825354906,969.0840249265678,974.298850431183,4177378
2021-06-03,971.2568359375,1001.6765131256991,930.9869657761714,995.6408628899453,14752885
2021-06-04,974.68505859375,988.3015206827438,969.5668390603961,977.4856238371171,4323154
2021-06-07,990.0397338867188,997.2342997094158,974.8782276239939,983.0867119576283,3823401
2021-06-08,985.1630859375,992.7438397361564,971.1120437760395,989.8467273633854,3141410
2021-06-09,969.13232421875,1000.1796752345869,963.0484002621796,984.0524641435559,4767864
2021-06-10,989.2189331054688,993.323175372174,971.4982871306892,977.2925115072142,2984339
2021-06-11,980.2861938476562,996.6066164732514,977.3890815904666,992.7438001303318,2679470
2021-06-14,989.1707153320312,992.7437731987808,959.6684091598136,977.2925082462705,3982216
2021-06-15,998.9725341796875,1013.9892797137293,989.8466778157833,989.8466778157833,6026006
2021-06-16,978.9342041015625,1003.0767463314413,975.699060179406,994.6751682771811,3325800
2021-06-17,950.3010864257812,986.7564153801886,934.8015477580489,967.635486418972,6126591
2021-06-18,961.2618408203125,965.5109033011368,927.0758936646687,959.8132847364615,4895262
2021-06-21,972.9950561523438,975.3610427473872,934.8497480448965,943.492810657621,3160990
2021-06-22,965.8005981445312,986.6598410180989,961.8895085250803,981.0587693088446,4141759
2021-06-23,965.2694702148438,982.8935691059036,962.3240846543064,974.3953852646213,3975716
2021-06-24,966.3318481445312,973.4297498269252,962.0344530359824,969.5669333593581,2285845
2021-06-25,978.1616821289062,985.0181574915485,952.8119501346384,962.80696374419,3499315
2021-06-28,974.298828125,986.5632222617617,966.6697426432645,984.0524153381483,2819763
2021-06-29,983.2315673828125,986.9495042673354,965.7040159171579,974.3953520604124,4543628
2021-06-30,981.4932861328125,992.3092422064724,977.4373762825619,986.4666855594306,2628556
2021-07-01,973.1400146484375,982.072777401693,965.7040814330234,976.3268263287866,3070067
2021-07-02,975.0231323242188,979.3688006145803,970.6774640338572,973.4296970409935,1501210
2021-07-05,985.54931640625,991.29526764175,977.2925580647355,977.2925580647355,1993126
2021-07-06,995.689208984375,999.5036928324881,980.1896118115704,983.7627285888198,3019919
2021-07-07,1009.064208984375,1011.0921639599707,978.2582254932668,989.4121546847398,3781022
2021-07-08,1009.5953369140625,1024.6120833092996,1000.6625736995375,1007.0845297494435,4139752
2021-07-09,1004.2838745117188,1012.637238078289,991.0054438920764,1004.3322068674898,3625932
2021-07-12,1013.3134155273438,1021.3770216331528,1005.3463562601331,1009.5471457515372,2010018
2021-07-13,1019.6869506835938,1023.5979814352573,1008.1950486784118,1018.8177934441804,2096758
2021-07-14,1016.500244140625,1024.1293310985086,1012.5408803930093,1013.9894367311967,1566799
2021-07-15,1018.9144287109375,1030.7926369516929,1013.9893611051882,1017.8521777189222,2748272
2021-07-16,1008.4847412109375,1022.6322106001053,1006.2635748423186,1017.8520229211168,1218164
2021-07-19,981.010498046875,999.2139969710796,971.0637574872477,988.8810101320104,2644846
2021-07-20,947.8868408203125,984.0524708962944,946.3900112643458,982.1210627100405,3752725
2021-07-22,958.123291015625,971.256842439792,954.1155956554954,965.6074973580644,2181872
2021-07-23,955.3710327148438,965.7040781393142,943.4928843421101,961.841261826757,3449852
2021-07-26,947.6453857421875,962.4689784823335,944.7482735516325,955.3710182503345,2335433
2021-07-27,942.3340454101562,959.9098717517371,930.0213181819523,955.0813512700886,3311920
2021-07-28,958.7027587890625,975.1680021377797,945.4243272268872,957.9784807038529,8820340
2021-07-29,958.0267333984375,969.035783632251,953.1499395185615,963.7244111222691,3459503
2021-07-30,947.3556518554688,965.7040283949733,946.3899478270738,955.0812840826286,3115750
2021-08-02,954.1156005859375,962.9518162126574,951.6530670489182,957.785264184427,2149603
2021-08-03,986.9979248046875,989.8467638646789,952.8120329105036,953.1500057896957,4450926
2021-08-04,985.54931640625,1012.0579059800818,982.0245317744182,993.709527913649,5055711
2021-08-05,963.48291015625,977.7270444159734,952.184161361853,976.7613403983651,3955681
2021-08-06,994.1923217773438,998.5379900124074,963.9657967307248,970.5325724975527,7609448
2021-08-09,1007.0362548828125,1011.092164837524,992.7921198003355,995.6408996633116,4274598
2021-08-10,998.1517333984375,1018.8178246989489,996.0272315336284,1001.4351509126161,3469468
2021-08-11,1005.4910278320312,1009.4987232885352,985.0181487564936,998.1517004964874,2155833
2021-08-12,999.8416748046875,1011.2370298646156,992.0194954965386,1010.5609662924321,2453701
2021-08-13,989.0258178710938,1007.9535935114114,986.5632254112727,999.8416559844769,2348979
2021-08-16,984.0524291992188,994.5786269450372,981.2518638710585,989.7983211563338,1132546
2021-08-17,970.6599731445312,985.0228561462651,963.9637349614585,983.5671573440785,3082005
2021-08-18,960.4215698242188,976.0945580506942,957.8498115813659,973.3772654671833,2344486
2021-08-20,950.5228881835938,961.6832466274923,941.9827996556404,955.9089623687062,3465186
2021-08-23,959.402587890625,969.3984342846591,935.6261727745019,958.9173549290714,2914978
2021-08-24,975.3667602539062,979.2001124812872,957.8498622587022,960.9553650466769,2510063
2021-08-25,975.8519897460938,983.9554156822142,968.7190889582723,980.0735520191736,2105187
2021-08-26,971.921630859375,982.7423496937608,968.6220229976902,970.4659319614328,1971408
2021-08-27,960.955322265625,971.2907483055453,957.8498196159051,967.5544783759447,2368969
2021-08-30,975.415283203125,982.1115218176247,962.0228652066653,965.9047289292647,2868604
2021-08-31,963.0904541015625,979.9765264712559,960.7613120762395,979.200165540329,3138652
2021-09-01,969.2528076171875,994.7275372291537,963.6726287498045,964.6430946397842,3854558
2021-09-02,980.2676391601562,982.5967811492302,965.8077319449911,973.0862266201707,2136382
2021-09-03,974.1051635742188,998.2697885852896,967.1177971297191,980.1705755516422,5363972
2021-09-06,962.6536865234375,978.5207807103228,961.7317320478222,976.2887209284654,3349749
2021-09-07,971.6790161132812,982.1115249005151,955.0840723400929,962.7507176767687,5483796
2021-09-08,970.0776977539062,991.6220527537969,963.0903906037046,983.2760696396458,6385224
2021-09-09,969.9806518554688,977.1621230959877,964.1578565466815,970.4658847978677,3193603
2021-09-13,966.8751831054688,974.3477825271349,963.3330180411833,974.3477825271349,2386618
2021-09-14,1005.9849853515625,1008.314127336791,968.136813103117,969.4954891332573,7838383
2021-09-15,1022.8224487304688,1030.634746312178,997.1536740449745,1005.4026338789232,6071710
2021-09-16,1097.54833984375,1151.4577668757534,1039.3689577108569,1039.3689577108569,27230283
2021-09-17,1096.6265869140625,1112.6878467013614,1079.4978382130507,1103.9050819599524,5784278
2021-09-20,1057.75927734375,1098.9556265408562,1052.5673083881998,1082.0694959160567,2954179
2021-09-21,1103.9534912109375,1109.388076357464,1052.955462661005,1058.7782578462272,6332732
2021-09-22,1107.6898193359375,1123.6539362554313,1094.879598175862,1111.183472937748,5587136
2021-09-23,1134.6202392578125,1140.2974411227274,1113.1243957172496,1116.035793439265,4879235
2021-09-24,1128.700439453125,1154.223622156258,1107.5442349396592,1137.580107879045,4615559
2021-09-27,1116.7152099609375,1143.1604091985364,1111.0865780829988,1137.3861837235193,3083520
2021-09-28,1101.2362060546875,1125.7404706088896,1085.951367768403,1125.7404706088896,3684708
2021-09-29,1090.0272216796875,1103.3226752250773,1081.1960059242529,1093.81206227918,5574048
2021-09-30,1079.0611572265625,1101.3818749811012,1074.305850185839,1091.774237993739,3180267
2021-10-01,1071.4429931640625,1079.1581501790395,1059.0695521435744,1071.3944224799097,1940798
2021-10-04,1086.7279052734375,1091.774281231761,1073.3354267042914,1074.7911257459336,1817348
2021-10-05,1134.08642578125,1142.3353859220435,1075.9070425272134,1083.816363296401,5270013
2021-10-06,1098.421875,1144.324962372056,1093.4239516044884,1143.6455651198514,3329243
2021-10-07,1132.2425537109375,1151.1181871379204,1106.3797314355731,1109.2425585444723,4002618
2021-10-08,1139.71533203125,1145.1499181191361,1124.1878755143805,1144.5676621927719,2344868
2021-10-11,1138.59912109375,1159.1729508585292,1135.4451069078948,1138.0168652447612,2535840
2021-10-12,1146.99365234375,1160.6771976193243,1125.7889964648732,1130.5927552061144,2354120
2021-10-13,1149.516845703125,1156.7467691912939,1140.5400362284488,1153.010499211065,1235622
2021-10-14,1174.2637939453125,1179.1161236723592,1127.4873827626143,1154.8544750371254,3315820
2021-10-18,1183.580078125,1193.333306901048,1160.7256793796585,1184.9387539519464,4512591
2021-10-19,1158.736328125,1203.3777612018425,1150.584390565778,1185.9093743456867,3879525
2021-10-20,1166.2088623046875,1178.0486177460775,1137.8227338130062,1154.8544582940467,2850772
2021-10-21,1149.4197998046875,1175.1855975670535,1130.7867840267722,1169.4113730281713,2408608
2021-10-22,1161.0654296875,1169.1202256008935,1142.0443216875262,1156.843926703755,2618946
2021-10-25,1142.96630859375,1175.2343024470654,1122.5379523171207,1170.3334018592493,3612312
2021-10-26,1120.7911376953125,1157.7658663128752,1104.0990524498086,1145.1498090940427,3413917
2021-10-27,1108.805908203125,1129.4767616660258,1088.862785730846,1121.8586277226898,4329232
2021-10-28,1141.2679443359375,1205.3186963139747,1134.7172992472745,1137.3860805796928,17223159
2021-10-29,1106.525146484375,1147.0906675625486,1090.4154366058683,1132.4851087155917,5112475
2021-11-01,1192.7996826171875,1198.525455449599,1112.202556064586,1123.799576850717,10563295
2021-11-02,1176.7384033203125,1203.4746661705854,1171.3522705147682,1183.9683264523753,3730392
2021-11-03,1143.160400390625,1183.9685439004427,1139.5697235041762,1179.1162138024902,2922214
2021-11-04,1153.98095703125,1159.7067294302383,1150.0020706065543,1159.7067294302383,278458
2021-11-08,1029.8099365234375,1096.626491540665,1010.8372803678309,1096.626491540665,29099645
2021-11-09,1036.7001953125,1052.8584762036926,1031.1200164002164,1049.0736355093027,7752739
2021-11-10,1001.71484375,1035.2930582985628,997.4448886082846,1035.2930582985628,6796906
2021-11-11,1002.782470703125,1007.3436130873356,990.3604596875009,1001.7148634316454,4527396
2021-11-12,1006.4216918945312,1012.6811494572312,998.1727318845777,1009.2845188648974,3479296
2021-11-15,1010.7402954101562,1019.9597220125532,1002.0546724707732,1011.2255283892298,3105993
2021-11-16,990.7486572265625,1015.107327530699,988.1768989083502,1011.2254639454956,2685826
2021-11-17,1003.4617309570312,1011.2254580824242,984.0524131435491,987.837253810193,3042496
2021-11-18,978.6663818359375,1011.2255020367747,972.6979926558523,1001.3267969076674,3244457
2021-11-22,977.162109375,995.6009609272472,959.3540250994922,993.7570520790081,6198324
2021-11-23,952.3667602539062,980.1706341125923,945.2338590353118,965.6136444970588,8136685
2021-11-24,941.7401123046875,964.3034439825744,937.4700387457502,959.7907539539824,6646771
2021-11-25,930.9678955078125,941.3518921439488,923.2526800091978,939.4109604075695,5711537
2021-11-26,875.1661376953125,928.6873558297019,871.4783791179357,922.9130718721123,6746021
2021-11-29,869.0037231445312,910.2970363476978,862.5986125091711,899.5248882886245,11905868
2021-11-30,856.9214477539062,900.1071832296128,849.8370580504674,875.3603011030843,6964145
2021-12-01,906.0755615234375,911.0249141951564,863.8602925301067,864.6851648978795,14626216
2021-12-02,917.6240844726562,921.9426698780671,898.3118472431566,907.3856803536767,5703967
2021-12-03,923.0586547851562,929.560728860849,910.7822375860534,917.041754421831,4928235
2021-12-06,888.607177734375,923.8835915987257,887.0058852113817,923.8835915987257,4617346
2021-12-07,899.2822875976562,908.8413534200566,893.6050263053212,895.6430403202133,3434735
2021-12-08,917.3814086914062,920.972144388533,904.9594569465828,908.3560876160874,3774244
2021-12-09,918.4490356445312,922.4279225062489,910.4912026885526,919.0312915448898,3111606
2021-12-10,916.84765625,939.4109883567081,910.2970114448267,931.6472611802064,6605152
2021-12-13,910.830810546875,927.3772432390778,906.6093073341207,926.1156493436315,2681792
2021-12-14,918.1093139648438,921.1177939946339,896.9046563313153,904.4742790086996,2725729
2021-12-15,910.830810546875,922.767529951167,909.3266001625914,917.0418163541291,2266938
2021-12-16,900.883544921875,921.3118416716981,893.9447488004134,917.0903384101285,2457432
2021-12-17,856.9214477539062,901.5628821782321,854.2526663481042,898.6514842809935,4786306
2021-12-20,821.1112060546875,848.1872294049083,806.263089056922,848.1872294049083,4700733
2021-12-21,831.8833618164062,842.3158699967333,823.2947032633127,829.7968364873262,3568436
2021-12-22,846.003662109375,858.8623354938879,835.5711535143927,836.007875023016,3619713
2021-12-23,845.3728637695312,857.8918981941133,843.3349089713624,853.9130114995777,2642247
2021-12-24,835.716796875,852.8454857698496,821.7905746140423,852.0691248374629,3462247
2021-12-27,829.990966796875,836.3475066399546,787.5330833740592,818.1027594384866,12325932
2021-12-28,827.4678344726562,840.1809150090573,820.1407690002022,838.4825995585626,4660498
2021-12-29,844.3053588867188,849.0606656355334,828.7779040106411,828.826415460621,6067054
2021-12-30,859.2505493164062,867.0627881264021,834.6006912538016,838.4825549340519,12354342
2021-12-31,861.9193725585938,866.529085903312,852.45732937733,855.4657501829714,3606043
2022-01-03,885.3560791015625,888.4615820047778,850.8075147887133,861.9678732737542,5594214
2022-01-04,877.6893920898438,890.8391933147393,869.6344776563852,887.9763070357121,4102750
2022-01-05,877.252685546875,884.9679015041389,865.8982223675563,878.2716629225424,5448165
2022-01-06,894.4784545898438,896.7105143700145,858.9108547586667,868.8096190365319,5209239
2022-01-07,895.01220703125,910.7337669980142,889.0438178481368,899.1366872479839,4207773
2022-01-10,893.6535034179688,902.3876965482276,890.887699286402,899.5248695193399,2569322
2022-01-11,890.8392333984375,907.4341775016387,887.0058810375983,899.6219384265357,3383081
2022-01-12,913.7421875,918.6430286158412,892.9256813876723,900.592385952482,5506622
2022-01-13,899.7189331054688,921.9426264249382,898.6514442836767,920.0016945798332,2109207
2022-01-14,892.877197265625,899.2823081599025,886.2780405648125,891.9552427544174,2557488
2022-01-17,893.3138427734375,904.3771775013432,885.3074992613454,891.8581439530572,3048497
2022-01-18,873.0797119140625,899.961571229217,868.9066609606976,893.3139031928783,3088062
2022-01-19,866.8687133789062,877.1071173467249,858.0374968908445,870.5079607062736,3628266
2022-01-20,851.292724609375,871.9151255968476,846.2462899329914,868.567006295903,3565267
2022-01-21,828.8749389648438,847.1682575462843,820.1407454700296,844.2083482639943,4042974
2022-01-24,826.109130859375,843.6260292178733,806.9909400079569,833.6302418892253,4657809
2022-01-25,858.1344604492188,860.7062187423924,817.1322767297056,817.4719160970892,5165597
2022-01-27,861.8707885742188,867.2083513120522,835.6682078612188,848.38134737631,4323258
2022-01-28,876.8644409179688,898.4087954697735,868.5669694252738,870.5079012005258,5520247
2022-01-31,846.3433227539062,900.0586480834054,841.0543307658578,900.0586480834054,10148990
2022-02-01,895.0606689453125,899.6218704261271,853.0395082034149,853.0395082034149,11628936
2022-02-02,946.5439453125,952.803462567411,902.6303608582019,902.6303608582019,14380553
2022-02-03,930.0459594726562,950.7654417076311,926.2611780514167,938.7801524590298,5623611
2022-02-04,927.8139038085938,946.1557328526692,917.0902675530261,929.7063241437028,5000045
2022-02-07,905.4931640625,931.0649751608901,900.737916860524,923.9320155091225,2587054
2022-02-08,910.0059204101562,912.9658296696728,886.0353999345323,910.2970483445687,3160992
2022-02-09,938.5861206054688,942.7106006880598,912.6261577326899,914.4700074065607,4101202
2022-02-10,943.632568359375,948.8731083243958,931.8899537391983,937.4701331029061,4037566
2022-02-11,953.3858032226562,960.7613209836551,926.3582901180853,926.79501165595,7171664
2022-02-14,913.7907104492188,936.3055322278635,909.5206958291999,930.8709466269157,3652419
2022-02-15,941.060791015625,943.2928507294856,895.9826383086395,915.149339750931,3985559
2022-02-16,939.7991943359375,958.3835806446307,933.539677480501,937.567075396336,3683264
2022-02-17,927.5713500976562,951.0566381097314,923.0101482520503,951.0566381097314,3152042
2022-02-18,927.1345825195312,937.4700681439473,920.5839376334322,921.94261359912,2417043
2022-02-21,924.3202514648438,943.2928478230068,920.9721322881003,923.8835299665664,3535914
2022-02-22,911.364501953125,921.7970103661758,895.7400246740361,897.680956471813,2866135
2022-02-23,922.6219482421875,932.4236301951134,915.2949425018776,916.1198148285703,3507003
2022-02-24,849.7885131835938,906.7063042969821,843.1892974899781,892.3434204152189,7305449
2022-02-25,899.6704711914062,902.3392526253681,868.5670485075602,872.1577844652173,4821342
2022-02-28,893.5079345703125,897.4868209274423,876.3306768975739,888.9467331541281,3299912
2022-03-02,879.5818481445312,885.6958314191053,861.3370989268311,880.2126747466841,4507940
2022-03-03,885.3074951171875,898.6514009082111,879.7273163318504,890.8876739025247,3731807
2022-03-04,875.2632446289062,895.6430291279125,864.6851423149777,869.5374719575982,3623960
2022-03-07,809.7567749023438,870.459405419383,801.1196046540038,852.0690646713692,6323502
2022-03-08,815.8707275390625,822.7610120194937,791.9002069764772,806.5542189762856,6163433
2022-03-09,849.497314453125,854.0100046479736,813.4930527229135,837.5120841036377,6967640
2022-03-10,877.59228515625,900.5923384038027,864.3939728554159,882.9298475067036,6312569
2022-03-11,875.11767578125,888.4615826756134,866.5775872153656,873.419360358331,3451877
2022-03-14,880.794921875,887.0059279959984,865.9468038546174,872.4489379304185,3718477
2022-03-15,870.1683349609375,894.7696235867093,861.0459311576006,889.820270836893,4390735
2022-03-16,901.2232055664062,908.3561064270646,884.6282026979266,885.064924210986,5705364
2022-03-17,904.9109497070312,921.4573816275051,902.0965748747639,916.0713076730306,4492246
2022-03-21,886.423583984375,910.297021626117,884.0944421123589,910.297021626117,2363059
2022-03-22,900.3012084960938,904.474199932537,876.9129452544537,888.9467458564419,2764481
2022-03-23,903.8434448242188,916.5565843929224,900.6894304658347,905.4447373453379,2433056
2022-03-24,897.4868774414062,910.248528074448,888.1704282352395,894.7695846923192,2923793
2022-03-25,898.89404296875,905.7358157407899,888.9952789081735,902.5332901062753,1984601
2022-03-28,907.53125,915.0523610558511,893.071283760896,895.7885765539212,2654339
2022-03-29,901.7084350585938,916.6050632672749,894.1873241636002,912.1894551689801,3351562
2022-03-30,898.942626953125,917.0903526564327,895.6915896076246,911.60719616711,4849869
2022-03-31,907.7738647460938,910.7337740191194,896.7105293276071,902.5333249725916,2311242
2022-04-01,939.9932250976562,942.273855448925,901.7083936226571,901.9995215393516,5222165
2022-04-04,958.0440063476562,965.4195239413178,929.7548999563936,946.2043098041119,5033678
2022-04-05,944.5059814453125,964.6431498141696,939.4110352315053,964.6431498141696,3827808
2022-04-06,939.7020874023438,949.8434675615127,932.6176984179962,938.4404936214385,2406015
2022-04-07,943.8751220703125,957.7528319942988,931.6472752753391,932.1325082312117,3182285
2022-04-08,956.4912109375,960.7612847851167,939.653650498171,942.3224318447963,2659878
2022-04-11,951.4932861328125,969.3983935074776,947.9510619694577,954.5502181224881,2413145
2022-04-12,956.0059814453125,958.480716998133,937.4701055361137,948.1452309614732,1963842
2022-04-13,954.3562622070312,966.8267262757645,952.9975861508665,962.702245887637,2060127
2022-04-18,948.5819091796875,953.9679830973613,937.5670856359377,943.2928581593441,1575552
2022-04-19,935.3350219726562,959.7422630349927,922.9130703071434,950.959558492142,1747142
2022-04-20,943.82666015625,953.7254248220768,924.3688294510589,937.033398417502,2421543
2022-04-21,960.0333862304688,963.3815054133373,947.2717360234981,947.2717360234981,1957820
2022-04-22,931.5016479492188,958.8202860681633,928.832866788604,951.0565590554656,1942893
2022-04-25,918.594482421875,930.1430502824394,903.5037495788539,917.0902721289119,2096910
2022-04-26,951.4932861328125,954.3076016519169,929.8033381242212,933.5881787581474,2673266
2022-04-27,945.7190551757812,950.8625127930306,938.5861542350959,941.44898136191,1476543
2022-04-28,959.1599731445312,963.1389189759899,943.2928789660501,949.1156745152233,2003774
2022-04-29,949.6494140625,979.6853461296239,946.398376923882,960.761260691756,3476442
2022-05-02,988.0313110351562,995.6980153532107,937.9067827413521,943.2928566504102,8962019
2022-05-04,949.4067993164062,998.6094333912282,942.3224099347741,995.2128026654077,4565643
2022-05-05,909.1324462890625,965.6135737029166,904.4742218001188,965.6135737029166,4679266
2022-05-06,888.3645629882812,906.7063340826655,875.845528418152,891.8582167493425,3713381
2022-05-09,863.423583984375,885.8413241627584,854.9805182122743,885.8413241627584,3283626
2022-05-10,883.8518676757812,892.828677750995,861.7737672205257,861.7737672205257,3972560
2022-05-11,896.0796508789062,900.5923409354446,864.9762311230634,883.9973980013083,4209334
2022-05-12,844.2083740234375,889.4320646945977,830.7188732990459,888.9468317078575,4776857
2022-05-13,846.5859375,867.7421423388982,843.0922838154785,859.8328212495124,2932319
2022-05-16,859.7357788085938,872.2547535873806,839.9867618754572,850.8074805335237,1971123
2022-05-17,877.1555786132812,878.271638089504,861.8707407128286,863.7146496128825,2038983
2022-05-18,876.476318359375,890.839202112781,872.497372552308,880.2125884541748,2665522
2022-05-19,840.6660766601562,864.5395138454558,834.6976877475628,861.7737097537879,2656251
2022-05-20,870.0227661132812,873.4193971020113,855.1746482090558,861.7738051406511,2286465
2022-05-23,875.7484741210938,894.7695825517376,872.400354834452,873.4193322088545,2577890
2022-05-24,871.429931640625,889.9172965657385,868.8581731211095,878.6599149804974,2149695
2022-05-25,866.9656982421875,896.2252691634409,863.2779396254347,880.988942508199,3664893
2022-05-26,871.0902099609375,880.01850851602,851.5353566767908,875.9425396938583,3909078
2022-05-27,898.0692138671875,899.6219356942476,878.4657898297152,881.522722032841,2509528
2022-05-30,908.5502319335938,918.4975078958803,904.5712860091547,908.3561268975776,2036338
2022-05-31,903.358154296875,912.1894294772719,898.6514184010723,898.6514184010723,1249259
2022-06-01,900.9320068359375,910.6366659680424,891.5670463129795,903.3581716189638,1144864
2022-06-02,915.100830078125,917.0902733218924,893.7990917772095,893.7990917772095,1735855
2022-06-03,897.0015869140625,925.6303299232985,894.769527271714,921.9425714838701,1398174
2022-06-06,901.3201904296875,906.3666248767164,891.3729151113517,892.8286139384253,1417254
2022-06-07,896.4193725585938,902.4847844936924,889.4320061628525,896.9531169623748,929573
2022-06-08,886.7146606445312,910.2969689969867,879.7758061110818,901.5627763307043,1905868
2022-06-09,893.1197509765625,896.2252536858689,879.581739900041,881.1830323191867,1031195
2022-06-10,886.2294921875,897.6809782253808,876.5733444130543,885.5501541953081,882217
2022-06-13,839.8897705078125,873.7589967133679,834.697742121979,868.5670275600755,3353078
2022-06-14,819.267333984375,844.2568311948111,815.4824932381285,838.4825471773482,3770890
2022-06-15,818.3938598632812,831.6892541862786,803.5457438345842,826.8369248152968,3911673
2022-06-16,785.6891479492188,834.0183958636361,781.3706221956628,828.7778564506759,3141825
2022-06-17,783.0689697265625,797.5773877553308,773.2187170061081,786.0773903670506,2624540
2022-06-20,760.8938598632812,790.541584488597,746.7735913279555,790.541584488597,3103978
2022-06-21,775.2566528320312,785.4951153615037,760.3115136597983,772.5393601854922,3425596
2022-06-22,754.682861328125,778.1680896712379,745.0267133863694,776.0331119909841,3066728
2022-06-23,761.7672729492188,770.8411060512976,740.6596381584882,757.9339205315202,3888446
2022-06-24,782.6807861328125,791.754619042824,769.0942628769423,770.5014503463798,4706175
2022-06-27,799.1787109375,805.1956116823841,793.5015088151134,795.0057191931992,2569316
2022-06-28,792.4824829101562,799.1787217581593,788.0183631665154,794.8116249179509,1280737
2022-06-29,784.9127807617188,793.210252071493,764.9212076103594,781.2250223165454,3774208
2022-06-30,770.8895874023438,792.5795364661091,766.9107007844249,787.8242297185615,2686640
2022-07-01,783.3600463867188,786.0773389216695,759.8747609576138,769.5794194628196,2796110
2022-07-04,807.4276733398438,815.1914009681116,787.241993352856,788.794715185493,4711395
2022-07-05,799.71240234375,814.2208792010508,796.8010046827212,808.3980838789932,1836183
2022-07-06,811.84326171875,815.1913810230311,800.6829035261728,805.2926166926721,1660551
2022-07-07,835.5711669921875,837.9003089207217,815.433998914269,816.1618483628683,3868679
2022-07-08,823.5374145507812,841.8792454354175,821.2083317167683,841.3940124409302,1342616
2022-07-11,832.9993896484375,834.6006820919781,818.1512730809832,820.043693450839,1503503
2022-07-12,822.0330810546875,835.7166849902967,820.0436379216212,824.8959671400924,1221366
2022-07-13,794.8600463867188,830.864365132946,766.1827922289625,830.864365132946,10850036
2022-07-14,796.655517578125,805.2926289451391,789.6681509308216,798.7904952701133,2463571
2022-07-15,790.9782104492188,804.5162214381412,787.2419404721047,799.8094855726821,1365475
2022-07-18,825.9150390625,828.0015645585297,798.8875859118341,801.6048787390175,2536142
2022-07-19,842.4614868164062,846.0522227602362,815.1914166892241,816.1618826614731,2608372
2022-07-20,853.3306884765625,870.9446689657389,847.022659871877,859.8328221155925,3995680
2022-07-21,920.0986938476562,933.5881935176941,866.2378365293278,876.3307055576693,23581540
2022-07-22,914.6156005859375,927.7654017028967,910.9278420072662,921.9911177432801,4842122
2022-07-25,933.63671875,937.9553039047083,911.8012357310078,912.2379572378953,6043152
2022-07-26,933.199951171875,941.2548652294703,923.7379089974442,930.6767636183744,2983144
2022-07-27,950.8624877929688,954.6958399880945,927.0375615233822,932.3266125850718,3405140
2022-07-28,987.6431884765625,989.8752482683066,959.8878273483391,965.0798556116231,7001490
2022-07-29,1012.68115234375,1018.9406099242918,988.6621216580694,992.0102408122777,5862550
2022-08-01,1009.4301147460938,1016.9512253605834,994.2908706215553,1009.2845211702179,4299697
2022-08-02,1035.7298583984375,1040.242549078153,1001.5695019281841,1002.4913972598604,5074834
2022-08-03,1027.0440673828125,1038.3984705627508,1020.4934228255241,1032.1390131495923,2753893
2022-08-04,1019.1832275390625,1041.1643035812044,1012.9723406318983,1029.761329404505,2142720
2022-08-05,1005.6939086914062,1026.510355877409,1003.0251273360171,1024.326807495727,2382020
2022-08-08,1019.1832275390625,1026.4617216944027,1003.1705403973143,1005.6938464765582,2057991
2022-08-10,1031.702392578125,1035.9724667194478,1012.2446201370615,1014.525191569843,2727232
2022-08-11,1055.7681884765625,1062.4205935522168,1045.7897002829832,1047.4038991019188,3998702
2022-08-12,1056.990966796875,1064.426049338845,1052.1974522894116,1053.7626888277603,2463516
2022-08-16,1060.9041748046875,1073.0839297716989,1051.7572076046579,1061.4422808717068,3083931
2022-08-17,1064.9639892578125,1071.2250545565498,1058.507314182819,1059.4856019038752,1768441
2022-08-18,1081.1058349609375,1083.4047874304874,1058.0672286870802,1058.9965543386327,2407824
2022-08-19,1040.2135009765625,1080.9590936999643,1036.9851033585235,1080.9590936999643,3660413
2022-08-22,1034.245849609375,1044.1266522617464,1022.7999297275863,1032.0936641440494,2662510
2022-08-23,1047.795166015625,1055.4747011421912,1011.6473611866649,1012.5278440654832,3030759
2022-08-24,1077.975341796875,1081.0080100678372,1053.6159518941724,1053.6159518941724,3685015
2022-08-25,1066.2847900390625,1095.4378156194457,1059.192203155168,1084.9212212743607,3775014
2022-08-26,1046.5234375,1077.779686837086,1041.5341933014852,1074.1600695255902,3662548
2022-08-29,1036.202392578125,1039.8221290990973,1018.397602341648,1027.202192563622,1642550
2022-08-30,1083.40478515625,1085.7038570408724,1046.7679545161443,1048.52892033843,3200407
2022-09-01,1087.2691650390625,1096.6607047281323,1071.2252200511193,1073.8177067964114,3487969
2022-09-02,1076.850341796875,1095.1932388295268,1071.2251867068617,1092.698557065125,2428618
2022-09-05,1083.94287109375,1088.2962039903828,1072.7415236685465,1075.6274248804857,2419887
2022-09-06,1084.7254638671875,1094.4593788429083,1073.7685698304147,1090.7907999194124,2516672
2022-09-07,1066.2847900390625,1076.1166306598707,1062.4206008151089,1071.2251914295987,3165749
2022-09-08,1084.236328125,1090.790808082744,1073.5729680902584,1079.051355439701,2995969
2022-09-09,1112.4599609375,1124.5907531629146,1092.307256770384,1094.7040140376293,4751837
2022-09-12,1112.1663818359375,1120.139450718479,1103.5085593104318,1119.454697075515,1918731
2022-09-13,1138.5313720703125,1140.243375694242,1112.1176018725434,1120.1395139424262,3571187
2022-09-14,1189.353515625,1198.4026787091302,1117.4983170654655,1123.661459189738,9043198
2022-09-15,1169.885498046875,1193.5111734378424,1159.3200609503508,1192.5328855907621,4063705
2022-09-16,1200.7015380859375,1223.8870311895314,1159.27107258268,1169.8854715995626,16270762
2022-09-19,1199.13623046875,1228.7294354221906,1191.5545002740669,1199.380802410514,6074889
2022-09-20,1236.6536865234375,1248.0997263834088,1213.0769724746456,1214.2998323259305,5704241
2022-09-21,1197.6688232421875,1237.534050562685,1195.272065931981,1232.6426116276546,6121456
2022-09-22,1190.1361083984375,1211.6094785178134,1178.8368361840655,1192.5328658160795,5463724
2022-09-23,1157.6568603515625,1187.5924435640525,1150.515430964148,1183.728254468252,4197496
2022-09-26,1124.6396484375,1154.379621902702,1111.0414239226322,1144.5967437509842,5082576
2022-09-27,1139.8031005859375,1152.423037186132,1115.835049303204,1141.1237652420268,4493527
2022-09-28,1116.1285400390625,1134.8138125514045,1108.4000427765009,1130.1179834901307,4898528
2022-09-29,1117.4493408203125,1149.2926593641141,1112.6068635394156,1134.813950844003,4998273
2022-09-30,1159.4666748046875,1166.4126138524753,1104.2913373730935,1116.2264009917235,4392250
2022-10-03,1131.145263671875,1160.1515206956346,1128.0147904938879,1152.4230232263512,3397982
2022-10-04,1192.7774658203125,1195.467757418431,1150.613283202874,1159.17330192416,4446589
2022-10-06,1174.8258056640625,1208.1364325462355,1171.3039935796771,1198.4025170127425,2773277
2022-10-07,1187.054443359375,1191.4077763122543,1156.8253263801344,1174.9236507251935,3338767
2022-10-10,1184.0218505859375,1190.478526609912,1157.559116074006,1167.1952276587162,2547644
2022-10-11,1139.31396484375,1189.5490202326268,1136.7704404101169,1188.6196945768434,21664338
2022-10-12,1163.233154296875,1166.2168604296498,1130.9984996920518,1149.5371251211425,3412460
2022-10-13,1158.537353515625,1170.7659512939197,1141.6618885815785,1163.2331828304502,1982808
2022-10-14,1155.94482421875,1189.9403247871062,1153.5969096480353,1175.1682031003752,2918993
2022-10-17,1173.60302734375,1177.662945750598,1138.7270420765822,1152.4230717922799,3419791
2022-10-18,1196.6905517578125,1201.9733297635923,1176.9780286971154,1180.7933750023951,3451130
2022-10-19,1191.9459228515625,1204.9570794138933,1183.728281148042,1201.239657290328,3896969
2022-10-20,1134.764892578125,1187.6413962499646,1125.1287815749035,1187.6413962499646,11242103
2022-10-21,1117.4493408203125,1143.6185418419307,1114.3677100870561,1140.6836781759548,5309754
2022-10-24,1120.9710693359375,1134.8138658071337,1118.182972946167,1134.8138658071337,674170
2022-10-25,1112.75341796875,1128.014803289268,1097.443309329734,1120.9710594290525,3514202
2022-10-27,1117.69384765625,1128.552818703547,1110.5522987172692,1125.0310063935995,2590606
2022-10-28,1122.0960693359375,1135.7920980811016,1112.8023355445762,1120.1394938009141,2778938
2022-10-31,1117.840576171875,1134.4225065785802,1114.2208396676501,1129.9224065921492,2048520
2022-11-01,1126.156005859375,1134.7160239649952,1120.1395121068742,1121.6069437821236,2664189
2022-11-02,1113.4871826171875,1132.563795683881,1110.356709266512,1121.117875611826,1947283
2022-11-03,1123.074462890625,1125.9603643086625,1100.8184140833414,1108.840326764598,1742221
2022-11-04,1127.67236328125,1132.8573366834278,1117.3025358967989,1128.6996132974998,1571565
2022-11-07,1119.30810546875,1132.8573687673486,1114.5144709569963,1132.8573687673486,2601148
2022-11-09,1124.052734375,1147.4338377642569,1119.1612951479547,1130.9007492928633,3456108
2022-11-10,1102.872802734375,1132.6617399298752,1093.7258350639306,1118.1830317335175,2072769
2022-11-11,1115.248046875,1136.2322715679804,1106.0521180431049,1115.248046875,2198448
2022-11-14,1127.9168701171875,1134.8138468682682,1109.5251311474676,1120.8242835742608,2007506
2022-11-15,1127.819091796875,1142.3956042297943,1122.2428989789992,1132.7105309072574,1802234
2022-11-16,1119.259033203125,1132.857257326166,1111.334926012543,1126.0092428172861,2331206
2022-11-17,1121.60693359375,1127.721232185081,1112.8513057789219,1116.666532563997,1721557
2022-11-18,1104.14453125,1126.351616177925,1097.6388936026894,1126.351616177925,2082130
2022-11-21,1114.269775390625,1117.2536008714374,1092.7474443470835,1095.2421259405428,2602264
2022-11-22,1144.0098876953125,1147.7762722051,1113.780767871729,1118.183063396914,3927395
2022-11-23,1148.8521728515625,1157.31438560748,1135.7920555285582,1150.4663714914595,3265438
2022-11-24,1150.0262451171875,1161.1786302497087,1142.2487856306827,1154.3795779610318,3496170
2022-11-25,1161.325439453125,1167.8800394551265,1150.5154307665293,1154.379619861666,4715695
2022-11-28,1171.842041015625,1179.2770045618215,1153.1078053832396,1154.3796273168878,2846018
2022-11-29,1154.966552734375,1173.7985928833698,1152.8632100805078,1166.1190575377593,1875146
2022-11-30,1142.444580078125,1157.9992610996037,1137.7487507079304,1154.379643882509,2421938
2022-12-01,1148.412109375,1155.308966935694,1136.868265194403,1149.488202105757,2693170
2022-12-02,1153.1077880859375,1160.0047648797472,1141.7108306926136,1144.2543551018555,2299901
2022-12-05,1169.5430908203125,1171.9888103745163,1154.2328625270159,1156.3362052276113,3842074
2022-12-06,1158.3905029296875,1181.7716040798143,1153.4012592798852,1172.9180521587764,3130375
2022-12-07,1139.3629150390625,1163.1841991872182,1136.2323224137015,1158.292760166246,2752097
2022-12-08,1164.9940185546875,1168.369183162426,1137.797688997579,1139.7053024655056,3666432
2022-12-09,1176.3909912109375,1189.5978755197505,1163.4286788337693,1169.5429771248862,6171282
2022-12-12,1180.548828125,1193.413336856582,1169.2985181822303,1175.2172072679082,2790292
2022-12-13,1208.136474609375,1214.0062014276787,1183.2390977896964,1186.4674953077226,4161518
2022-12-14,1225.94140625,1229.707790475272,1206.2288827812333,1214.7889012113517,3913725
2022-12-15,1212.685546875,1245.8984897170549,1208.1854468274767,1225.5500554762116,3097282
2022-12-16,1202.853759765625,1221.6857990937979,1181.967220611192,1208.185380274995,1944616
2022-12-19,1196.984130859375,1214.7399595669328,1185.7826634725668,1207.158228829359,1382378
2022-12-20,1201.9732666015625,1207.5494590024825,1183.679214044717,1188.6196149447483,1245359
2022-12-21,1175.706298828125,1211.2670356581061,1165.0917809057867,1209.1636930523937,1495106
2022-12-22,1154.5263671875,1182.5543364476146,1144.7923319581605,1181.6248913887887,2126536
2022-12-23,1122.9276123046875,1154.0860544333484,1118.1829404222208,1134.8627949567572,2621761
2022-12-26,1169.7386474609375,1181.7716348887727,1116.2263538146437,1125.030943809676,2100374
2022-12-27,1176.244384765625,1183.679348618773,1159.2711142760286,1175.559631031483,1462244
2022-12-28,1187.7882080078125,1200.3591829015704,1168.0756840949268,1171.988835465429,2834356
2022-12-29,1204.4190673828125,1208.08764668925,1175.7063438950743,1179.8151049503247,3134405
2022-12-30,1193.60888671875,1211.1202617213164,1185.195635763631,1211.1202617213164,1767556
2023-01-02,1199.7232666015625,1204.3701338334347,1185.4402880465257,1193.6089676122572,2587946
2023-01-03,1214.0062255859375,1222.713011090329,1195.7612532318942,1199.9189764775963,2195814
2023-01-04,1196.5438232421875,1245.7517489518098,1179.9129301008704,1230.6860924574598,8001367
2023-01-05,1189.4512939453125,1205.739811016659,1177.6629966538485,1202.5603754095157,2364186
2023-01-06,1156.2384033203125,1191.261035775167,1150.564286171922,1187.6414185935423,3029739
2023-01-09,1192.1905517578125,1197.033029007677,1162.2549664406786,1164.3093471097147,2836421
2023-01-10,1200.897216796875,1204.4190289346498,1178.8367795037634,1188.6196573419688,2442613
2023-01-11,1186.9075927734375,1211.315823958457,1181.184633415936,1205.6418267555907,2675249
2023-01-12,1182.896728515625,1198.1579944569387,1171.3040418592375,1187.6414005068166,1862790
2023-01-13,1207.5985107421875,1210.4355693085142,1183.826068911805,1186.6631274781316,2184432
2023-01-16,1212.3431396484375,1222.859733355293,1205.8375019830082,1213.0768554884507,2398823
2023-01-17,1203.6363525390625,1213.0768535494549,1186.3695492477061,1213.0768535494549,1803413
2023-01-18,1196.4459228515625,1211.1202391580002,1191.55448408275,1205.2505126354251,1865108
2023-01-19,1174.4835205078125,1217.9683674658404,1157.5590930152255,1188.6197321052177,9691261
2023-01-20,1176.3421630859375,1201.3374651158776,1172.4779738936315,1182.3586571738779,4144033
2023-01-23,1178.5433349609375,1193.6579540214977,1174.4345737246151,1186.3696378262412,1848813
2023-01-24,1185.9783935546875,1193.3155523383223,1172.3312065651855,1180.1086665277796,2472106
2023-01-25,1131.04736328125,1184.7064204559072,1126.3515344908442,1183.7281327428966,3420414
2023-01-27,1092.1605224609375,1143.27605994808,1081.9863054694695,1137.7976721587966,4781085
2023-01-30,1065.4044189453125,1100.3782091933178,1032.0936702558247,1085.8995014066022,7991091
2023-01-31,1059.436767578125,1074.991568103689,1045.1537890113432,1073.2307216452623,6080048
2023-02-01,1019.2290649414062,1094.703988477809,968.5048691626727,1070.2467948120848,7563064
2023-02-02,1052.5399169921875,1057.5291611208957,1006.0712443249881,1012.4301153215522,4494575
2023-02-03,1079.589599609375,1106.4435531988936,1055.5725852357261,1085.8995084445376,9207051
2023-02-06,1104.6336669921875,1110.3566266021492,1076.5567361477558,1084.9211444068576,2865938
2023-02-07,1118.0850830078125,1123.2210936477636,1098.1279892085959,1109.3782982294413,3603258
2023-02-08,1120.48193359375,1126.2538556303634,1111.33496633754,1119.1612689173817,1675932
2023-02-09,1138.5313720703125,1142.8357427888473,1113.5850335501973,1125.1777199196836,2284751
2023-02-10,1135.98779296875,1141.6619102133498,1122.1939582974535,1134.8138953277512,2126093
2023-02-13,1132.221435546875,1144.596800910789,1123.6614167366447,1139.7053615906573,2112106
2023-02-14,1131.7322998046875,1136.7705062248633,1112.31330944722,1135.4986842244634,2433798
2023-02-15,1124.6396484375,1135.254047348134,1120.1395483716897,1129.9224265234075,2050158
2023-02-16,1123.416748046875,1130.9984783403083,1118.867685986836,1130.2647625054599,1918858
2023-02-17,1090.4974365234375,1119.063513864184,1084.9212434548867,1117.2047430346986,3146155
2023-02-20,1085.214599609375,1098.4214836352103,1079.834017228479,1092.9919391010792,1613608
2023-02-21,1077.82861328125,1088.002830564935,1072.2034582766055,1085.8994878531314,1767689
2023-02-22,1069.0240478515625,1073.1328090526943,1055.7681997190268,1072.937199250699,1983022
2023-02-23,1052.246337890625,1073.7198268361233,1043.4907098145134,1068.9750354517419,3193602
2023-02-24,1055.71923828125,1065.9912595490732,1046.3765425982738,1056.5997211310414,1862986
2023-02-27,1058.45849609375,1066.186994025984,1043.8821026019552,1056.5019203853315,2047252
2023-02-28,1054.30078125,1066.2359648199342,1044.8603989163653,1058.996610756188,1360243
2023-03-01,1076.556884765625,1082.5245365634967,1046.8658705266625,1053.6650431655767,4006038
2023-03-02,1078.1221923828125,1086.3886770970385,1069.6599784431003,1076.0676923246872,3831094
2023-03-03,1101.943359375,1108.5956445069235,1080.7634054365287,1084.9211284264406,3365349
2023-03-06,1096.269287109375,1115.2480943534038,1092.4050980591799,1107.4217919368887,3623590
2023-03-08,1148.75439453125,1153.4012613603097,1081.5460736347002,1085.5570295400155,7227479
2023-03-09,1144.401123046875,1156.9720974680192,1137.0639645030283,1148.7544560149313,3086720
2023-03-10,1119.94384765625,1137.0149208771575,1113.2914432851842,1130.0201396825564,3255900
2023-03-13,1037.0828857421875,1095.1932056659696,1032.0936417843661,1094.7040617599105,12242080
2023-03-14,1040.898193359375,1058.898712316486,1029.3543498379956,1037.0828471501127,5410127
2023-03-15,1021.6749267578125,1062.9587470735994,1017.419398350616,1056.3553038631508,4117107
2023-03-16,995.7012939453125,1019.3269080870963,980.146554016115,1017.419294677534,9261210
2023-03-17,998.3427124023438,1016.0496979201106,984.4021110777643,1015.4627491167397,5324960
2023-03-20,980.5379028320312,997.8536097670379,968.7006436981874,997.8536097670379,5439347
2023-03-21,1000.6416625976562,1007.5874821648371,974.3746587825286,985.4782015423057,6200518
2023-03-22,1008.7615356445312,1021.3325105736458,1001.9135207268919,1005.6799050476129,2992139
2023-03-23,996.1415405273438,1023.4846364448646,992.2283893737869,1005.8266135163765,3703523
2023-03-24,987.6304321289062,1002.6960283555268,982.8368577563241,996.8752637395305,2709449
2023-03-27,990.8588256835938,998.7829931001236,982.2010020890011,991.9838805958638,2116764
2023-03-28,1013.6529541015625,1015.854101708559,985.3315096162157,995.6035317822,4396283
2023-03-29,1034.1480712890625,1040.8493192355,1002.7450549166299,1008.6147820673614,5803091
2023-03-31,1044.762451171875,1052.6377160534328,1037.3764496303188,1039.9199741308541,3097113
2023-04-03,1055.327880859375,1057.6757952778255,1040.8981369495943,1049.7027264538674,1534155
2023-04-05,1044.0286865234375,1065.551018002458,1037.0828670664603,1065.3554082115165,2979782
2023-04-06,1058.5074462890625,1069.708794325177,1041.1428370731376,1044.028738442471,3458673
2023-04-10,1046.0831298828125,1059.4856241750579,1039.919869342647,1058.5073364334373,1602094
2023-04-11,1050.876708984375,1054.692055295588,1032.1425931147753,1054.0073016022488,1932390
2023-04-12,1051.414794921875,1053.7137473282578,1034.5882928199505,1050.1919351929591,3005913
2023-04-13,1085.214599609375,1090.3016479106313,986.0651048190822,1049.7027081275078,6082307
2023-04-17,1099.9378662109375,1112.0196966807378,1081.008021127659,1083.3559357362597,5360050
2023-04-18,1121.998291015625,1124.5418153874155,1102.5793022545931,1105.4652034691426,4455007
2023-04-19,1096.07373046875,1121.020070631113,1094.2639218311474,1118.1830119835695,2207739
2023-04-20,1101.7476806640625,1106.981615968327,1088.24738057709,1094.6550940620982,2530597
2023-04-21,1092.111572265625,1111.090379654153,1084.2852697895228,1101.7476833053463,1894300
2023-04-24,1078.0731201171875,1116.2263430614437,1068.2902424391732,1106.198893441479,7711772
2023-04-25,1097.3944091796875,1103.1173692883085,1088.9321952895516,1095.6334432601557,5268567
2023-04-26,1113.095947265625,1115.0525229370921,1090.937703902279,1093.481228391206,2688362
2023-04-27,1119.89501953125,1123.5146368187727,1105.4652737019546,1115.2481522302905,2990958
2023-04-28,1127.770263671875,1132.4171308869545,1110.3566924453007,1123.8081501731624,2239678
2023-05-02,1125.9114990234375,1136.6237031042706,1125.0310160833917,1133.7866444840797,2000569
2023-05-03,1121.2646484375,1134.7161064382947,1115.5416883720518,1117.6938738842173,1816420
2023-05-04,1109.96533203125,1126.009276095919,1104.486944146214,1121.2646040728048,2752160
2023-05-05,1049.9964599609375,1129.8735721540281,1042.2189994364167,1106.443624513419,8504838
2023-05-08,1101.8944091796875,1110.0142454631407,1063.3988091980339,1063.3988091980339,6764292
2023-05-09,1115.8350830078125,1124.9332076599514,1106.5413485562326,1110.3566950045458,4181498
2023-05-10,1147.0914306640625,1150.2708660778294,1125.0309925636586,1129.9224316617615,6466598
2023-05-11,1161.6678466796875,1173.9454068273849,1143.8630557774331,1149.4882108518143,6086958
2023-05-12,1182.4075927734375,1187.6414087054163,1150.515433853631,1166.6082206599744,3983609
2023-05-15,1193.0709228515625,1196.103591118589,1170.032197613866,1182.3585998920396,3323300
2023-05-16,1193.8045654296875,1199.4785626152843,1182.407489484119,1193.0708496317309,2888698
2023-05-17,1209.310546875,1220.9032339868074,1187.641447163449,1190.6252728670352,4661849
2023-05-18,1212.000732421875,1220.9031271735369,1203.9787011202413,1220.9031271735369,2489971
2023-05-19,1220.9031982421875,1223.8380616995005,1195.0763759338536,1216.011759146666,2366675
2023-05-22,1219.0933837890625,1223.8380558048857,1205.7397312386265,1219.9249045473161,2106351
2023-05-23,1232.8382568359375,1239.392856849126,1217.9683298141977,1218.9466176293095,2142459
2023-05-24,1244.1375732421875,1248.1974917036835,1220.5608599410793,1227.7512517546259,2782379
2023-05-25,1235.9688720703125,1244.2843186506384,1222.566257106552,1241.398297891408,2589092
2023-05-26,1240.517822265625,1244.8221928058056,1228.631602285163,1229.16958889274,1981580
2023-05-29,1257.0509033203125,1266.882743810509,1244.3821236501678,1244.5777334488191,2985334
2023-05-30,1265.1707763671875,1268.0078350483575,1248.6866497916385,1257.0509393520979,1818000
2023-05-31,1258.6650390625,1269.2305948980954,1249.5180721657007,1261.0129536281763,2764078
2023-06-01,1262.1380615234375,1269.81759706702,1224.3272131967453,1252.2084162140104,3244947
2023-06-02,1274.0556640625,1278.7535096095298,1257.044566373674,1268.3194198325446,1912458
2023-06-05,1287.5064697265625,1292.1053168049323,1268.5667098527463,1280.781084465939,3040374
2023-06-06,1291.6602783203125,1301.4516016664425,1285.7261575929604,1287.704197835411,2902701
2023-06-07,1296.8031005859375,1298.3361300255556,1288.890939824022,1295.5668254668883,2679118
2023-06-08,1289.5338134765625,1309.3637144696613,1285.726110295915,1301.9954423995864,3215312
2023-06-09,1316.435302734375,1321.7265363257009,1284.1437710886246,1284.7371590253158,4233651
2023-06-12,1317.81982421875,1322.270414804737,1304.1219195612114,1322.270414804737,1904622
2023-06-13,1321.578125,1328.1551328924909,1317.7209224162089,1321.3308699719364,3756073
2023-06-14,1308.7208251953125,1321.5780862779038,1303.726225482771,1320.3913104699686,2858453
2023-06-15,1282.85791015625,1305.456994636269,1274.3523616902678,1300.5613935760202,5952095
2023-06-16,1299.5723876953125,1304.12185592633,1280.3359953931886,1282.8579241641921,3508045
2023-06-19,1287.11083984375,1302.7867849837573,1276.429373994093,1295.6163889381073,2679485
2023-06-20,1284.1436767578125,1300.9570178656381,1271.0885394596255,1280.7809843902496,2102065
2023-06-21,1272.4732666015625,1293.143811326315,1270.297470622113,1283.5008651233081,1490552
2023-06-22,1258.725830078125,1274.896405259865,1255.1160033054355,1272.473233582452,3185099
2023-06-23,1294.33056640625,1303.5285016980897,1248.1433756775336,1258.7258425358925,4636121
2023-06-26,1300.6109619140625,1312.0340719043643,1291.5614036365537,1300.363706883147,2236596
2023-06-27,1301.5009765625,1306.4460771546749,1283.1052265056085,1304.2702811861159,2638788
2023-06-28,1319.40234375,1332.16060675628,1301.797737263667,1310.4516633423427,5550351
2023-06-30,1359.5565185546875,1367.073047245779,1322.3693865592927,1327.1661099474895,4590286
2023-07-03,1365.19384765625,1371.7708553553216,1352.583841595846,1364.7982154769843,2890340
2023-07-04,1352.336669921875,1378.6940809087776,1348.3312107761717,1373.748980188158,2262047
2023-07-05,1384.18310546875,1397.5842551555422,1356.2926666898716,1356.2926666898716,5288351
2023-07-06,1374.9356689453125,1381.3642994747634,1358.3202040148801,1379.9302686486512,3337234
2023-07-07,1342.19921875,1378.6445870590276,1338.1442602890631,1369.3478942515133,2922616
2023-07-10,1351.990478515625,1357.3312112087958,1330.380413447603,1346.303612932988,1941110
2023-07-11,1365.7872314453125,1368.4576580998175,1354.9575098592366,1356.935550019615,2110648
2023-07-12,1356.3916015625,1369.5951168096324,1336.1661883068484,1356.8861116247897,4921224
2023-07-13,1361.1884765625,1376.221534504397,1351.3971529615283,1368.8038834021454,5174896
2023-07-14,1361.8807373046875,1368.7543790085253,1351.9905358718286,1361.0894728980597,3885754
2023-07-17,1375.232421875,1389.3259580215074,1354.5618780474574,1364.847711030205,4003275
2023-07-18,1374.9852294921875,1393.7271125786297,1367.3203235194744,1382.6501354649006,4106331
2023-07-19,1403.9635009765625,1427.5516057069879,1394.5183109332104,1414.2987125067311,8850582
2023-07-20,1409.5020751953125,1417.7603692096902,1402.628312791491,1410.3427181674351,4491531
2023-07-21,1391.8974609375,1414.6449240113056,1385.2215750354048,1406.436129340061,2138540
2023-07-24,1419.9361572265625,1423.5956041581308,1389.8700417552807,1393.0348578901535,2738185
2023-07-25,1399.908447265625,1430.123059504978,1395.9029883128906,1421.2218786366898,2982900
2023-07-26,1412.02392578125,1414.1998424042702,1395.7050943935576,1405.842550255609,1537232
2023-07-27,1400.056884765625,1417.4636150678061,1389.7216726040167,1417.4636150678061,3362598
2023-07-28,1386.556640625,1406.3370420504002,1382.2544274609734,1399.6611565693277,1565680
2023-07-31,1402.1832275390625,1404.3096448708895,1380.672040659165,1393.8754346670348,1721385
2023-08-01,1379.2874755859375,1407.5734277000363,1374.0951198039265,1405.1503766270973,1578914
2023-08-02,1366.083984375,1378.8423675424913,1354.0673662668978,1374.7379100678734,1913777
2023-08-03,1349.5179443359375,1365.4411440109782,1339.182732445956,1361.1389306649571,3631489
2023-08-04,1394.1226806640625,1399.3645353802167,1351.2981836367646,1355.0070089368764,4063355
2023-08-07,1399.710693359375,1402.0843657400053,1383.9852496589417,1394.5183378461184,2792582
2023-08-08,1388.5347900390625,1405.348132573788,1386.903003377044,1399.710766015909,1846797
2023-08-09,1392.9853515625,1394.9633918193135,1376.7160187422073,1389.5732804114953,1218020
2023-08-10,1414.4964599609375,1418.2547845299302,1384.7269799128273,1387.0511529381304,3730443
2023-08-11,1381.9083251953125,1416.0295184100116,1377.457734776004,1416.0295184100116,3074690
2023-08-14,1373.6500244140625,1382.155573025142,1363.9082006929425,1379.6830228050612,1783022
2023-08-16,1365.5400390625,1372.8094335693297,1351.9905116343878,1368.8038537688315,2051360
2023-08-17,1359.2103271484375,1375.9741690016917,1354.9574925659067,1365.9850904652694,3329471
2023-08-18,1356.6387939453125,1361.880648655518,1345.9079502351651,1353.9684880242585,1720129
2023-08-21,1382.452392578125,1384.62818858247,1351.1992597375518,1359.9026852149261,1763990
2023-08-22,1385.7655029296875,1389.177573898159,1378.7928631054324,1387.5951659233606,1224910
2023-08-23,1385.6171875,1392.5403283369021,1376.8643835879154,1385.7655646639325,1681561
2023-08-24,1409.5020751953125,1419.2438994181414,1386.8534898669607,1392.7876107007648,3559546
2023-08-25,1385.7655029296875,1405.8425380242984,1373.7983841621626,1402.3809677600561,1862535
2023-08-28,1393.974365234375,1395.75464974926,1378.4962968804966,1384.628173356219,1072295
2023-08-29,1384.7764892578125,1398.1776389047843,1377.1609622032695,1393.9743035644813,1831565
2023-08-30,1377.1610107421875,1395.4085043006414,1371.6225222445787,1389.7216386397943,1500390
2023-08-31,1363.01806640625,1386.507293633824,1348.2816428627423,1377.160981309489,4106180
2023-09-01,1400.9964599609375,1407.9689791732662,1361.0894026548788,1366.8257674818935,2792033
2023-09-04,1406.1888427734375,1411.8262091167924,1399.4634577234756,1408.2162615639452,998692
2023-09-05,1408.117431640625,1414.101051810711,1400.7986584206021,1409.3537068220478,1469938
2023-09-06,1393.1832275390625,1406.1393670706618,1381.1171095387213,1406.1393670706618,4046484
2023-09-07,1423.7933349609375,1427.353783232822,1382.6501222780614,1393.1832106602988,2278316
2023-09-08,1432.9417724609375,1443.9198716143394,1418.3537257342562,1429.1340691562434,2862657
2023-09-11,1434.27685546875,1436.0571398845693,1416.0294834915512,1433.1395789736314,2220230
2023-09-12,1413.4581298828125,1437.9363778742663,1409.4525501013038,1434.1780531229742,1943026
2023-09-13,1439.07373046875,1443.6231987374545,1400.5019469527929,1414.1998510554101,4302942
2023-09-14,1442.238525390625,1451.7330939713543,1434.5241205081632,1443.9198112273205,2407947
2023-09-15,1434.0791015625,1448.3210147171185,1430.5680320218514,1448.3210147171185,1647901
2023-09-18,1440.9034423828125,1446.6891859605319,1429.28245592919,1438.035259878047,1504046
2023-09-20,1424.6339111328125,1459.4474900248676,1406.6832934514282,1425.1779204631528,5683215
2023-09-21,1395.8040771484375,1427.7988523601282,1390.9083553496846,1415.2877242921902,2514377
2023-09-22,1436.9473876953125,1447.4309770489501,1397.4854599044527,1400.452520328878,4397398
2023-09-25,1426.9088134765625,1438.579299473655,1418.3537650806427,1435.5627397409326,2013653
2023-09-26,1407.4251708984375,1428.0955954222525,1396.1503170572666,1424.18901412689,2870137
2023-09-27,1420.6778564453125,1423.1999059605191,1402.7272384405749,1409.3536247350519,3697690
2023-09-28,1397.4854736328125,1429.48025137784,1393.9744038040851,1421.2219572613953,5876746
2023-09-29,1413.161376953125,1424.1394761596123,1383.935904790584,1399.5129717096524,2593595
2023-10-03,1419.6395263671875,1422.6065867731115,1404.408592137444,1416.2768337611406,1442499
2023-10-04,1385.9139404296875,1412.815239362513,1370.9796400554403,1409.2052917837711,3978667
2023-10-05,1386.457763671875,1399.859033938356,1378.9907345668898,1393.2325270185138,1647175
2023-10-06,1419.046142578125,1422.2109587283587,1385.7160914828626,1389.5237948689244,2167139
2023-10-09,1412.86474609375,1429.1340788376544,1394.5183745059467,1404.5074536099546,1613546
2023-10-10,1404.9525146484375,1420.5789593822658,1396.5458440180269,1418.2547863539737,1874201
2023-10-11,1405.5953369140625,1416.1779245657551,1399.0184497437515,1415.2382830200004,1855211
2023-10-12,1408.6119384765625,1428.1450862981612,1405.3976230122487,1417.562619061497,2069952
2023-10-13,1447.628662109375,1450.200210935661,1404.4085323289935,1405.5953081488242,4480890
2023-10-16,1430.5186767578125,1446.7880088830343,1428.5900151518194,1446.7880088830343,1913782
2023-10-17,1420.23291015625,1442.436363837098,1409.8976980644513,1438.9254148050022,1373704
2023-10-18,1404.754638671875,1428.1449875798278,1400.056793317994,1421.221847058319,3067244
2023-10-19,1434.42529296875,1448.6177074069528,1407.4251163928996,1435.5626902417057,13948984
2023-10-20,1452.9693603515625,1455.639786977932,1427.2548385375699,1432.1010610254355,5135316
2023-10-23,1419.243896484375,1453.612346242446,1414.3482950986054,1452.8705811397538,3319090
2023-10-25,1397.188720703125,1431.0626609155431,1394.5679138838277,1429.0846206111682,4045910
2023-10-26,1399.1173095703125,1413.6064781912457,1378.347887456072,1397.1392693689563,4194418
2023-10-27,1425.4747314453125,1428.6395475022296,1397.1886597428932,1404.4085548308522,2424655
2023-10-30,1438.6781005859375,1444.859476159271,1412.3206909952448,1424.1889320960454,2255111
2023-10-31,1425.4747314453125,1443.9693591922846,1420.7768859273924,1440.0132787561413,1454345
2023-11-01,1416.8702392578125,1429.7275011761774,1411.4801277455742,1428.0462152173136,2658439
2023-11-02,1445.1561279296875,1463.700254882984,1423.298807773401,1431.1120907423883,4524652
2023-11-03,1434.326416015625,1458.8046637635214,1432.1011207658162,1454.848583319417,3052041
2023-11-06,1454.1068115234375,1455.738718845096,1440.0132750063765,1446.9364157515995,2090640
2023-11-07,1470.0794677734375,1474.084926650494,1448.1726489043854,1453.4145036086697,2830149
2023-11-08,1472.6014404296875,1479.524581180587,1464.9860338956955,1477.5465409660442,3210977
2023-11-09,1490.7994384765625,1499.6512408979547,1468.5464860043378,1472.6014443088334,3207721
2023-11-10,1482.3433837890625,1492.8763513384035,1476.7553960418106,1483.4806603274467,2247500
2023-11-13,1493.0247802734375,1499.3545333199963,1479.7225076728548,1485.5082513500226,2026629
2023-11-15,1477.5465087890625,1521.6074019004714,1473.887182763846,1521.6074019004714,6293703
2023-11-16,1482.195068359375,1490.0577302408626,1476.6070803793878,1483.5302214126468,2728834
2023-11-17,1481.9971923828125,1492.4314032355373,1469.2389290584358,1474.1840297981162,4182376
2023-11-20,1488.2774658203125,1492.8763126118563,1474.332186097598,1482.4422231978278,2125867
2023-11-21,1485.5577392578125,1490.8983513927096,1477.6949567614422,1488.9698104251074,1661103
2023-11-22,1454.2552490234375,1488.9698320545313,1442.9308958966144,1483.5302212433057,3914008
2023-11-23,1469.78271484375,1479.821292788783,1454.3045264657424,1458.8046161159266,3832098
2023-11-24,1459.991455078125,1475.519143423798,1457.8156591028055,1475.074011931122,2813844
2023-11-28,1461.32666015625,1470.4750958503005,1451.8814701476938,1463.7497110480838,4305915
2023-11-29,1467.2608642578125,1473.1949850463232,1455.0958683493673,1467.705875024952,3477076
2023-11-30,1450.0023193359375,1483.5301242909102,1434.1286194440193,1483.5301242909102,45549217
2023-12-01,1445.0079345703125,1476.6070799859838,1442.1397519970126,1462.7607979231548,4063279
2023-12-04,1498.019287109375,1500.887469485059,1457.2715874082567,1473.6399180110466,4254987
2023-12-05,1490.0576171875,1508.750120705065,1470.178337874847,1503.1127545834136,3457904
2023-12-06,1485.112548828125,1504.6456956823065,1476.9531330535935,1500.3434824199155,3405245
2023-12-07,1488.22802734375,1498.3159842877753,1479.6236005814928,1488.4752823740448,1931490
2023-12-08,1492.3818359375,1504.2500771719704,1477.6455329886937,1493.4203553375135,2568088
2023-12-11,1505.1402587890625,1521.0634587159052,1493.4203944093986,1496.1896990618914,2194782
2023-12-12,1480.5631103515625,1512.1128761276316,1473.590470257308,1512.1128761276316,1621785
2023-12-13,1490.3543701171875,1496.041235529182,1478.5850071185403,1485.5081476200987,2562565
2023-12-14,1534.6624755859375,1537.431780220565,1498.958873314463,1506.2776463659832,3427500
2023-12-15,1553.5528564453125,1560.6737530340781,1530.063628540015,1535.8987506777557,3478643
2023-12-18,1539.261474609375,1552.7616237002846,1534.959261135568,1552.7616237002846,1352458
2023-12-19,1549.3494873046875,1568.6353792715877,1525.2667512645899,1539.2614098378517,2297704
2023-12-20,1539.063720703125,1563.6408471270863,1532.486712601784,1560.673786696105,3218717
2023-12-21,1552.7615966796875,1556.7176771807822,1510.7777406538178,1525.1679110385526,2400593
2023-12-22,1545.195556640625,1573.6298850226235,1540.7944654091484,1557.014419484357,2214206
2023-12-26,1553.5528564453125,1565.3715986151376,1539.9043304651836,1545.788951901039,1129332
2023-12-27,1579.91015625,1582.4322058701039,1550.0912959546322,1555.8770395613456,1887827
2023-12-28,1592.8663330078125,1600.9267500498702,1574.519962290882,1582.432122905409,3143161
2023-12-29,1581.3936767578125,1601.1247006419112,1569.624433882731,1597.267498017727,1779207
2024-01-01,1581.2947998046875,1593.7070506426287,1574.3222803742467,1581.3936776710066,1341121
2024-01-02,1558.300048828125,1580.7013782882034,1552.761560401989,1576.5969207182122,1227193
2024-01-03,1583.569580078125,1587.32778407428,1540.8933380022188,1558.2011900016018,2620296
2024-01-04,1630.4490966796875,1636.8282278860995,1575.5089830952004,1575.5089830952004,4271262
2024-01-05,1625.1578369140625,1635.8393026599474,1611.1137992944705,1635.8393026599474,2294140
2024-01-08,1609.234619140625,1631.9327034177397,1604.190640655709,1615.069862016506,1791003
2024-01-09,1607.256591796875,1625.8502185638756,1603.2016334031132,1614.0313555526716,1619091
2024-01-10,1622.141357421875,1624.7127855616532,1602.2125780611038,1602.2125780611038,1629958
2024-01-11,1639.64697265625,1649.8833066951913,1624.5150373425956,1625.8995689188819,1914421
2024-01-12,1655.61962890625,1659.4273321027183,1629.3117186861155,1639.646930323671,2161848
2024-01-15,1670.306640625,1675.8946285664556,1649.7350941345935,1666.3011814928043,2930339
2024-01-16,1648.7459716796875,1673.1747193492258,1644.7898913620302,1670.306536972926,1316138
2024-01-17,1625.8502197265625,1658.636261260174,1613.9324788396702,1631.8832183879367,6683398
2024-01-18,1595.1905517578125,1621.5973402735747,1577.5859455939753,1616.9983726385842,3557256
2024-01-19,1543.959228515625,1613.8335215749175,1533.178885457314,1604.8828415254504,10982524
2024-01-23,1425.8702392578125,1530.9042470067538,1412.3702113879992,1518.1458634868268,10097057
2024-01-24,1474.4805908203125,1479.3763127495938,1426.1669831179665,1443.9198456075003,9155544
2024-01-25,1495.3984375,1526.9975823813645,1472.2553422974531,1473.6399946263227,8118578
2024-01-29,1510.0360107421875,1520.8657330742576,1498.7116576059602,1506.2776858865839,3058020
2024-01-30,1503.211669921875,1527.4920408708115,1493.4698461101839,1513.200748757873,1721705
2024-01-31,1517.206298828125,1531.0030806231398,1490.601634586027,1502.5192540869923,3867886
2024-02-01,1524.2283935546875,1530.5581465163216,1506.8216634576909,1520.8657009753824,2240634
2024-02-02,1516.9095458984375,1547.668046203909,1512.7557098593668,1533.9701422581754,3554450
2024-02-05,1520.9151611328125,1532.981158085098,1505.0908395009662,1515.9205613257639,2624023
2024-02-06,1494.8050537109375,1533.4262174807673,1487.6346577440554,1532.9812067127525,3312270
2024-02-07,1498.7115478515625,1505.684187678572,1475.815708948747,1505.684187678572,4066189
2024-02-08,1461.0794677734375,1524.0305016639518,1453.8595726241902,1505.9808845208283,2931291
2024-02-09,1469.93115234375,1475.0246301042623,1446.5903016737273,1463.9970316278122,2388841
2024-02-12,1431.260498046875,1480.5631271323714,1426.3153974218503,1471.8597017403297,2821957
2024-02-13,1447.8265380859375,1460.0409120867787,1414.941619998293,1436.4528070180304,4601482
2024-02-14,1465.2332763671875,1478.0905376515434,1420.1833625750046,1434.128642552031,4208176
2024-02-15,1460.733154296875,1476.4585976657058,1444.2660666003533,1474.6289346694246,1906763
2024-02-16,1477.2498779296875,1489.9587619088327,1454.8485488004599,1469.6343508174823,1844045
2024-02-19,1467.3101806640625,1486.2994388208178,1460.782672219237,1483.431256415215,1209609
2024-02-20,1487.6839599609375,1491.442284566829,1458.8541211370234,1472.650902997353,2390096
2024-02-21,1500.5908203125,1510.03601102268,1486.0027731221167,1503.3106257208767,5259113
2024-02-22,1472.79931640625,1503.3105625595688,1447.4309265170584,1500.5907572654644,4969478
2024-02-23,1464.0465087890625,1488.376379210535,1458.8541532411266,1481.9971270993608,2557861
2024-02-26,1450.39794921875,1469.6838408039976,1447.8265211533817,1464.7387403975238,2077787
2024-02-27,1476.656494140625,1480.9092080909957,1442.485801728157,1450.3979624506974,2843312
2024-02-28,1433.287841796875,1486.9421807682531,1426.6614555983965,1478.5850094416658,2661887
2024-02-29,1458.705810546875,1467.705869563292,1424.1889839428172,1435.0682053479359,4216252
2024-03-01,1509.8875732421875,1511.9644913246643,1461.6233436408565,1463.7497610207706,3549401
2024-03-04,1514.486572265625,1522.0524796706559,1503.65672941196,1513.1512985070938,2985524
2024-03-05,1525.5140380859375,1530.0141279306729,1507.2666651366164,1512.8546529689816,2694157
2024-03-06,1537.481201171875,1547.5691576139661,1519.6788398764274,1525.513961717055,5167456
2024-03-07,1546.5802001953125,1554.2451060635865,1529.074592504284,1539.3603050854565,2285176
2024-03-11,1524.1295166015625,1551.5253258561556,1519.7283045938057,1548.9043983708616,1694488
2024-03-12,1516.21728515625,1538.8657484523603,1511.7171954906964,1524.1294458130544,1918571
2024-03-13,1486.151123046875,1523.684388702428,1478.5850949035432,1518.1459001183537,4165036
2024-03-14,1460.535400390625,1490.3543798924904,1453.0682505086854,1455.3925442763023,3652530
2024-03-15,1468.052001953125,1473.1454797552096,1440.7055712846475,1457.8156677805835,2985042
2024-03-18,1464.4420166015625,1475.2223598583464,1450.2002237180973,1470.92014656105,2365287
2024-03-19,1418.353759765625,1466.6673694973767,1415.139444308047,1459.8432271099011,3180412
2024-03-20,1425.7220458984375,1447.9254999797615,1407.0789194820488,1424.1890163735359,5480729
2024-03-21,1467.8046875,1470.573992036595,1442.9803074533463,1443.969327540703,3870591
2024-03-22,1495.497314453125,1503.6567305257677,1456.8266515154487,1461.5244971330308,5309042
2024-03-26,1502.0247802734375,1506.8710029181327,1485.705948594153,1495.4972717477222,9046136
2024-03-27,1516.7117919921875,1526.0084841602945,1497.8214118799935,1502.3215015360377,8408702
2024-03-28,1535.9482421875,1547.3219735366026,1516.7612277656237,1517.898625046533,3964429
2024-04-01,1525.464599609375,1555.4813349714898,1522.101907182402,1535.948188339357,2159432
2024-04-02,1542.2779541015625,1553.7010637149892,1520.1238799164437,1526.0085011660883,2335256
2024-04-03,1525.7119140625,1539.8054507891134,1521.162445651136,1536.9372682917333,3711781
2024-04-04,1527.4920654296875,1533.42618610846,1494.6071466681567,1531.0526344209463,6077155
2024-04-05,1535.3548583984375,1539.2614395803491,1511.3216211909962,1534.9592262044478,3286862
2024-04-08,1551.129638671875,1559.0417994156778,1532.9811441117758,1542.8713450415294,2372626
2024-04-09,1537.8768310546875,1557.6078554480334,1524.0800482801662,1557.6078554480334,1176425
2024-04-10,1535.7998046875,1547.668045628996,1531.0030814529769,1547.668045628996,2528578
2024-04-12,1538.5692138671875,1545.541733456659,1525.0690647318302,1529.025145314792,1749128
2024-04-15,1522.9920654296875,1540.7944271045405,1513.2007423625198,1527.9865444615816,1528341
2024-04-16,1474.5794677734375,1517.9480956827404,1471.6124074775212,1513.2007509172774,3981325
2024-04-18,1458.2113037109375,1491.7884888299736,1452.0299278988914,1486.2994995468746,3856849
2024-04-19,1465.77734375,1473.887260589242,1428.5407114099492,1449.903522243804,4311650
2024-04-22,1461.2772216796875,1484.519194410295,1453.8100715104094,1477.5960535969225,2887202
2024-04-23,1458.3101806640625,1469.486156417237,1454.9474880784173,1466.5190960293141,1206443
2024-04-24,1458.45849609375,1466.9640446997612,1446.6891329071807,1460.7826691532428,2964953
2024-04-25,1479.6729736328125,1483.0356661782819,1454.4035820689053,1459.8431927151078,3697957
2024-04-26,1430.5186767578125,1502.321510866528,1427.452738636736,1494.9038602203798,6135488
2024-04-29,1470.920166015625,1474.6289914468293,1434.1780445978288,1442.7330927384724,5463640
2024-04-30,1499.0577392578125,1520.1239159886907,1472.650950492622,1481.3543757922325,6293171
2024-05-02,1488.6729736328125,1504.596293478158,1483.5796168133281,1491.4422781441745,2554549
2024-05-03,1467.4090576171875,1501.2829956622031,1456.8760902543363,1500.541230595524,2119368
2024-05-06,1481.0576171875,1493.4203685830553,1465.7773047545916,1479.2773326945426,2600170
2024-05-07,1436.6011962890625,1486.1510792131496,1432.1011065366085,1481.0576015459746,1884596
2024-05-08,1426.6614990234375,1439.0242503148017,1415.6834000227047,1439.0242503148017,5278612
2024-05-09,1386.0621337890625,1440.6066149915164,1378.1499732006373,1429.6285163210744,3272042
2024-05-10,1394.666748046875,1408.8591626400014,1380.2270784234504,1386.6062099131498,1575172
2024-05-13,1389.1282958984375,1402.183313548131,1362.1279975906639,1399.8096410490964,3624862
2024-05-14,1405.3975830078125,1413.655876819671,1387.3974652120255,1391.5513014018243,1279355
2024-05-15,1401.5404052734375,1414.1504119596966,1391.9469582825566,1405.3976079352337,2516309
2024-05-16,1393.2821044921875,1409.3536815626387,1370.4357636949608,1404.6063366590608,5666243
2024-05-17,1396.842529296875,1401.540374823022,1379.6830545210528,1392.5403159610341,3673405
2024-05-21,1391.0567626953125,1405.2491769031553,1384.6281320820742,1404.4085339689611,3010012
2024-05-22,1389.5238037109375,1397.6338413337644,1376.5676639641022,1393.5293835881262,6739695
2024-05-23,1425.029541015625,1435.0681188531178,1391.1556036822553,1393.0842652530973,6444146
2024-05-24,1425.96923828125,1432.8428797315369,1412.1723353533455,1425.1779739038097,2155290
2024-05-27,1449.0133056640625,1459.3980165800447,1423.496659851358,1431.9527091592345,3253683
2024-05-28,1443.326416015625,1462.5629288285413,1433.1889602910514,1456.6288084044006,2381333
2024-05-29,1444.2166748046875,1455.4915286666767,1423.4472516436545,1437.0462787133786,4383563
2024-05-30,1430.914306640625,1461.4749306696906,1423.3482788477047,1441.9912832957566,3415942
2024-05-31,1445.799072265625,1453.7607327107955,1430.6671365118818,1440.0133285736056,3546505
2024-06-03,1512.904052734375,1518.0470298761302,1479.9697546656214,1498.316005738141,8265525
2024-06-04,1376.221435546875,1505.189677583863,1348.5783727188311,1493.3708152394477,7911282
2024-06-05,1484.4697265625,1499.1567721831673,1357.2817610710774,1385.1227020778344,11014467
2024-06-06,1464.837646484375,1493.2225958024542,1454.7496897527883,1483.5301505270138,3279775
