Price,Close,High,Low,Open,Volume
Ticker,IRCTC.NS,IRCTC.NS,IRCTC.NS,IRCTC.NS,IRCTC.NS
Date,,,,,
2019-10-14,140.02162170410156,143.1096890333514,120.25216314690633,120.44456367209756,226353035
2019-10-15,137.21249389648438,143.80230175455225,133.9223974103491,141.60890409712874,52650205
2019-10-16,134.8074951171875,138.72289807422186,134.34571622301178,137.37607966425864,17381530
2019-10-17,139.3578338623047,141.03174933527293,132.21003732096278,134.70167341284983,25164650
2019-10-18,149.91116333007812,151.97949473216573,137.7705092390348,139.49251381276332,48666150
2019-10-22,162.523193359375,166.76569287124246,150.26708855149724,151.41189140510127,46733940
2019-10-23,173.2208251953125,175.0678965698968,166.62138621565376,166.62138621565376,45116345
2019-10-24,173.5575408935547,183.45669223938154,165.97684003479526,177.9635817945603,59356565
2019-10-25,172.98031616210938,176.24155399188942,168.54541613478318,174.12511901702882,19247675
2019-10-27,174.64462280273438,177.97320928387325,172.20110519899086,175.27955777508419,6711285
2019-10-29,169.9114990234375,174.58690391409985,169.05530417231222,174.50994076488163,10118740
2019-10-30,171.32565307617188,177.0111786975682,169.47858166866,169.50744101258843,16381015
2019-10-31,169.6421356201172,174.64462289377917,168.73783696433904,173.16312263674374,9198590
2019-11-01,171.33529663085938,174.69272780184932,169.91150037780324,170.27707166969873,9411150
2019-11-04,169.97882080078125,172.77829436564997,169.36313038218083,172.20107817605444,4195835
2019-11-05,169.60365295410156,174.50993237738757,167.64112944141192,170.60414448741187,10190335
2019-11-06,170.14236450195312,172.20108074605005,169.5074296197655,170.27704632430647,4950450
2019-11-07,169.60365295410156,171.62388047690672,169.3342892843942,171.04667890434197,3875510
2019-11-08,168.71861267089844,171.43149404719986,167.83355844349128,169.2669549438786,4743845
2019-11-11,179.49319458007812,181.5038072699008,170.08466629913843,170.46946735813682,27509375
2019-11-13,179.3296661376953,188.72856551847389,173.77882165796947,183.7453224580459,30872350
2019-11-14,174.5676727294922,182.20607806779395,172.5859046813377,176.0491729721498,14336980
2019-11-15,178.58888244628906,180.8207695216051,173.5479067507851,177.01117473688987,15970190
2019-11-18,177.4248504638672,180.4552138837514,176.44360334890547,179.72408599195685,5720000
2019-11-19,173.6537322998047,177.78079461266472,173.16310877612437,177.5402902949201,5522965
2019-11-20,172.33578491210938,176.4339734772438,171.23908573669482,174.89475454781652,6322985
2019-11-21,170.2386016845703,174.31754597294477,169.33430300049628,172.7783269755428,6485590
2019-11-22,168.5261688232422,171.04666391058737,167.85275970800407,171.04666391058737,3738365
2019-11-25,169.7287139892578,171.23908827455892,167.98746493469167,169.12265304071732,3437825
2019-11-26,169.06491088867188,172.20108172950648,168.44922045736638,170.66184831163383,3971740
2019-11-27,169.94033813476562,171.43146777997805,169.31503280574978,169.5266777710944,2933130
2019-11-28,169.78643798828125,170.81578886261204,168.9494729582381,170.26744663665727,2078740
2019-11-29,172.63397216796875,176.76103390293216,168.93021500085572,169.72867630625,8998765
2019-12-02,169.51705932617188,173.7114549561957,168.95908758190063,173.54789911250123,2332100
2019-12-03,168.35304260253906,171.04669422002377,167.58342575765482,170.4694779165555,2754285
2019-12-04,168.17987060546875,170.27706126313652,165.90950920145818,167.77581042374183,3705230
2019-12-05,168.53582763671875,171.02744913508857,167.7758256839645,169.21885175812437,2634880
2019-12-06,167.84315490722656,169.0552913875009,167.035063920377,168.7378239256917,1776855
2019-12-09,166.89076232910156,168.65125580483368,166.26545693617365,168.65125580483368,1771245
2019-12-10,165.64012145996094,167.352525653311,164.56266684771205,167.352525653311,1974045
2019-12-11,166.3616485595703,167.38139925212195,164.60116977683674,166.2173518328608,2205205
2019-12-12,167.3717803955078,168.9302585398056,165.48623454281022,166.42900746915902,1451385
2019-12-13,171.33529663085938,173.81728848663641,167.4102640647633,168.20874023014457,7002525
2019-12-16,170.6041259765625,172.10487045330407,169.72868680539077,172.10487045330407,1780960
2019-12-17,170.61378479003906,172.87451678012832,169.89227176952167,171.04668966650553,2816655
2019-12-18,168.42037963867188,170.75807468552446,168.02594901356872,170.62339284758914,1424660
2019-12-19,167.3332977294922,168.54543428802148,166.65988853030925,167.8143063973685,1513725
2019-12-20,166.7849578857422,168.16065044997382,166.52522374752272,168.16065044997382,1306000
2019-12-23,166.3809051513672,167.39102634966616,165.65939210675654,167.00622526422868,1641045
2019-12-24,170.7677001953125,173.1246545246027,168.3915160874208,170.2770766150089,12020790
2019-12-26,168.71861267089844,170.8542924271797,168.25683375981797,170.46947666794597,1962805
2019-12-27,169.4304656982422,170.35400867526604,168.7378121352787,169.6902144541579,2102615
2019-12-30,178.19447326660156,180.3686419166689,169.94999204205683,170.32517822904418,15237855
2019-12-31,179.59901428222656,183.68758785723108,177.26130458144172,179.3200210414517,19445900
2020-01-01,181.69619750976562,183.5240391345442,179.858755676002,181.22481844107017,8593275
2020-01-02,179.01217651367188,181.62886467922763,178.3676267001354,181.62886467922763,3287655
2020-01-03,179.20457458496094,181.5326546000142,178.4638171822381,178.55040989211784,4342850
2020-01-06,172.0952911376953,178.36764866084656,171.2583407017202,178.35801909219916,3923670
2020-01-07,174.58689880371094,177.29979468716832,172.5859010202689,172.5859010202689,3486795
2020-01-08,172.42233276367188,173.66334312969693,170.52715776998792,172.97068959498924,2770350
2020-01-09,175.78941345214844,177.12661688408787,175.08714494797792,175.1544932035983,2997000
2020-01-10,176.48208618164062,178.43498029707402,174.82741510661032,175.47196499246672,2543885
2020-01-13,180.69569396972656,181.39796242150058,176.25117916538863,177.01116630097727,3914925
2020-01-14,187.42984008789062,189.26729673005025,181.25369052744765,181.82127723495674,14487235
2020-01-15,189.5943603515625,191.63383221302595,187.37210286492672,188.1705789395532,8562850
2020-01-16,193.10572814941406,194.01002675835923,189.46930393670795,189.47893350438972,7607070
2020-01-17,196.6074676513672,197.21354323769157,194.32749138543267,194.32749138543267,5496735
2020-01-20,191.1239776611328,197.82923950178028,190.10424165883393,197.6368389751762,4438240
2020-01-21,189.0845184326172,191.3260206830958,188.17060486008202,190.94120492466715,2882445
2020-01-22,191.79739379882812,193.55788730557202,189.90221845065562,190.47943473061812,2970515
2020-01-23,191.53765869140625,192.54776515727562,190.28703321078262,192.13410474618163,1633700
2020-01-24,192.9229278564453,194.82773253111847,190.88345603664914,192.40344501376404,2432850
2020-01-27,193.86573791503906,195.760913243781,191.4414501149596,192.7690387377302,2760640
2020-01-28,201.77352905273438,203.92843857307494,194.3563686496945,195.02016298559235,6514465
2020-01-29,214.79922485351562,217.39666866738156,204.62107990240574,206.35271400472277,14390900
2020-01-30,218.79156494140625,223.95760729179418,214.73186585873435,217.9546146740236,19073065
2020-01-31,232.86590576171875,237.6182735820345,220.5039922391727,221.6680249541714,16631450
2020-02-03,240.6678466796875,243.0055561624715,228.20011170223256,229.79704913463624,14263290
2020-02-04,271.7987365722656,276.67617114943863,247.43085217952785,248.20045424777405,32973625
2020-02-05,290.250244140625,297.80208614977516,277.25340980918975,280.3318476896522,54801510
2020-02-06,289.4324951171875,300.72659757150615,283.21787191598594,294.762078891027,27968115
2020-02-07,291.20263671875,293.9924809046397,285.1419103579169,288.6051783700448,11897055
2020-02-10,284.7955627441406,295.91647854941436,282.06343758573274,293.2035831647974,14954080
2020-02-11,270.90411376953125,289.5672460129641,265.24744659192726,287.68170007324346,14445050
2020-02-12,272.2989807128906,278.9850125854692,259.7446668899196,268.4028224529169,26712510
2020-02-13,304.0647888183594,309.7310549600124,291.5585649975591,304.67086436240936,56906935
2020-02-14,299.6491394042969,308.59588796067817,297.95597967329945,307.6531004998389,16647740
2020-02-17,292.1935119628906,301.11140136396176,290.5292115396692,301.09217158786396,7844795
2020-02-18,315.2723388671875,317.08093624994797,285.71916359934215,291.4912679144804,37932555
2020-02-19,352.4638671875,360.3139310793086,319.08185853270004,320.60186215267595,66560220
2020-02-20,371.3482666015625,380.3815927905077,358.2648268861582,359.79443070222766,60260010
2020-02-24,372.0155944824219,384.85772207234055,350.45085753018486,367.47055216427293,49287130
2020-02-25,377.5179443359375,385.65062102927715,370.7584008893171,371.97686519094714,28821120
2020-02-26,377.4598693847656,383.658519830003,375.20670806616215,378.881401134439,18443625
2020-02-27,369.28851318359375,381.0088832458914,365.3043641009081,380.4286607701523,17376895
2020-02-28,337.2605895996094,360.875389472526,334.843020353165,356.25299825377806,25451290
2020-03-02,333.2861022949219,362.3839632411667,316.4985150145432,350.06403936568415,24522045
2020-03-03,336.3902893066406,349.870659719066,326.18815742800103,342.3278543929137,21576015
2020-03-04,302.7569885253906,341.3607433664376,302.7569885253906,338.84646569999745,22030465
2020-03-05,276.7342834472656,294.9337192780748,272.91451286883364,291.46209395910915,38036670
2020-03-06,262.90582275390625,262.90582275390625,262.90582275390625,262.90582275390625,1160040
2020-03-09,249.76390075683594,249.76390075683594,249.76390075683594,249.76390075683594,675325
2020-03-11,248.5938262939453,262.24825315598855,237.27959001836345,237.27959001836345,20419620
2020-03-12,236.16749572753906,236.16749572753906,236.16749572753906,236.16749572753906,677425
2020-03-13,237.4536590576172,245.39294835760205,224.36009549539068,224.36009549539068,15914735
2020-03-16,225.5882110595703,231.69983294577727,225.5882110595703,228.43127473728867,6725625
2020-03-17,214.3126678466797,227.98643853214327,214.3126678466797,222.8031696224185,8989995
2020-03-18,203.59799194335938,210.4155397267001,203.59799194335938,208.22039761757608,2059540
2020-03-19,193.4248809814453,199.7879248962718,193.4248809814453,193.4248809814453,3359100
2020-03-20,183.92864990234375,194.37255112276048,183.75459201391084,187.65171213208768,15339665
2020-03-23,174.7322540283203,174.7322540283203,174.7322540283203,174.7322540283203,831170
2020-03-24,165.99996948242188,169.80038105371574,165.99996948242188,166.52215791948612,1346635
2020-03-25,157.702880859375,159.55957229356497,157.702880859375,158.64089891937275,1476345
2020-03-26,165.5841522216797,165.5841522216797,149.8215974480944,149.8215974480944,5266130
2020-03-27,173.8618927001953,173.8618927001953,173.8618927001953,173.8618927001953,797295
2020-03-30,180.98892211914062,182.5458374289135,165.97098193652056,172.11159946145034,9125940
2020-03-31,190.03057861328125,190.03057861328125,190.03057861328125,190.03057861328125,323060
2020-04-01,199.52684020996094,199.52684020996094,199.52684020996094,199.52684020996094,280930
2020-04-03,209.49685668945312,209.49685668945312,209.49685668945312,209.49685668945312,1114130
2020-04-07,219.9697723388672,219.9697723388672,212.55267231684954,214.68013011459888,2977140
2020-04-08,230.96487426757812,230.96487426757812,230.96487426757812,230.96487426757812,481645
2020-04-09,242.51119995117188,242.51119995117188,242.51119995117188,242.51119995117188,513775
2020-04-13,249.64784240722656,254.62802851828067,232.10596277965507,243.49754643744095,18673095
2020-04-15,237.99517822265625,249.26105932593825,237.17319880859404,237.17319880859404,7513670
2020-04-16,249.8896484375,249.8896484375,230.15260820123436,236.72839995811847,6640150
2020-04-17,262.383544921875,262.383544921875,253.10010501453965,262.383544921875,9751210
2020-04-20,275.4965515136719,275.4965515136719,264.9656050876268,272.12160457823524,5904465
2020-04-21,282.7782287597656,287.2072022608179,266.89962230298227,272.70178800522103,12942850
2020-04-22,277.4305725097656,291.84892858486813,270.9804851960898,286.24018010359106,10123290
2020-04-23,265.2266845703125,280.234973809478,264.10492886347373,278.5039859116425,7430780
2020-04-24,251.96871948242188,260.6622885211825,251.96871948242188,257.22935220419697,4558270
2020-04-27,245.1705322265625,257.21003892684143,239.98726315110073,244.07778620095735,7345540
2020-04-28,256.9199523925781,257.42282576240314,238.8558792171014,247.55912987683385,10009745
2020-04-29,255.1018829345703,263.8051318073981,252.50057618834,263.8051318073981,6271095
2020-04-30,256.1365966796875,260.1207456852645,254.328259782516,259.163397801195,3995625
2020-05-04,248.0135955810547,252.2008125401296,245.64438066545424,245.64438066545424,3829230
2020-05-05,244.07777404785156,253.322556062234,243.69096888839235,252.39421777726352,3284695
2020-05-06,235.21981811523438,245.4122833664721,232.5218026257761,244.46460037198244,4604495
2020-05-07,234.90069580078125,241.5538361631407,230.15258638072535,235.8387138248875,5116205
2020-05-08,240.1129608154297,246.64039724549008,236.3415442468814,237.88879433997872,9340630
2020-05-11,252.11376953125,252.11376953125,252.11376953125,252.11376953125,646280
2020-05-12,264.714111328125,264.714111328125,264.714111328125,264.714111328125,860400
2020-05-13,277.9431457519531,277.9431457519531,266.1260647495931,277.9431457519531,11339175
2020-05-14,268.6789245605469,285.2731204652415,267.4121208610828,284.29641321934247,19010370
2020-05-15,257.2487487792969,266.3968538706229,256.38810930274525,259.5502798802574,6426190
2020-05-18,244.3872528076172,254.3186171210567,244.3872528076172,253.4579777742202,4313685
2020-05-19,245.60568237304688,253.3515686623208,240.91560704837462,244.657999392364,6044500
2020-05-20,257.8772888183594,257.8772888183594,257.8772888183594,257.8772888183594,2592840
2020-05-21,270.7677307128906,270.7677307128906,270.7677307128906,270.7677307128906,932825
2020-05-22,275.1580505371094,282.3720684051053,270.76773682681335,280.2445958112153,13014475
2020-05-26,266.4644470214844,280.2445905100374,265.5457884957186,280.2445905100374,5837790
2020-05-27,269.1722106933594,273.6495544063112,257.4228280983711,260.5172995431033,6029400
2020-05-28,267.15106201171875,271.5413461956067,263.4183200209476,268.6402633109898,3602915
2020-05-29,272.7695007324219,275.02266220839414,264.2596395679026,266.89963571920845,6210850
2020-06-01,273.8138427734375,280.43798734223736,272.972533533225,280.43798734223736,4756855
2020-06-02,272.6727294921875,275.6028214662702,271.15448932279315,275.0225990977583,3180730
2020-06-03,269.3268737792969,274.9549521385617,268.64026291611447,273.6688183799288,4156685
2020-06-04,276.8503723144531,278.48465151090033,267.2091048320286,270.284245877718,9243615
2020-06-05,281.6370849609375,287.6906866685835,277.73031503551726,282.1592880839475,13630720
2020-06-08,296.3262634277344,308.4818075672601,282.14963512481853,284.3061173190422,21675725
2020-06-09,288.831787109375,303.6466565431843,284.6929102961826,299.0049360183975,8001035
2020-06-10,281.3180236816406,291.43312487041663,277.92374710834076,289.3346913479409,5599610
2020-06-11,277.2178649902344,285.84373620897713,275.70927451217864,281.3083735874751,4297205
2020-06-12,275.6512451171875,279.2775991373821,259.35685132885544,259.35685132885544,7700555
2020-06-15,275.264404296875,280.244590604428,272.82750533479276,275.6028698638883,3668070
2020-06-16,272.90484619140625,280.96985269983537,267.05434111330084,279.47097174931446,4455950
2020-06-17,269.820068359375,274.2103825453703,268.06975051757286,268.83371069242924,2552960
2020-06-18,272.6244201660156,276.1250551788613,269.09474599575435,270.7677142830854,3245460
2020-06-19,275.39984130859375,279.66443722935855,273.6688533721446,274.6358811225762,7500115
2020-06-22,273.9395446777344,278.8907206774466,273.10791520635723,276.5698606164986,3847495
2020-06-23,280.5927734375,289.6248090153485,274.24907380461565,275.7963240956143,12755875
2020-06-24,274.82928466796875,286.04678240025856,274.1136641008923,282.7492439069603,5628365
2020-06-25,273.15631103515625,276.5602378581948,269.22050127919914,272.70180684329705,3444185
2020-06-26,267.3348083496094,271.5413550605612,259.1634128199654,260.9040508030253,8639075
2020-06-29,262.2288818359375,264.9655569021638,261.10712630185225,264.9655569021638,3582780
2020-06-30,262.77044677734375,267.8569923967688,262.27725320815483,264.96558902584655,2741800
2020-07-01,263.62139892578125,266.31941438797594,262.2579158812047,263.7374670356968,1913900
2020-07-02,273.15631103515625,283.8806445075971,269.85874309189563,278.5039729463459,10791955
2020-07-03,271.75408935546875,275.6028698817599,270.38092667047886,273.66881465451945,2996775
2020-07-06,270.91278076171875,273.765524033893,269.6072875776502,271.8314688015961,3074475
2020-07-07,270.264892578125,272.89520891141603,268.8433607819835,272.7017915809356,2400385
2020-07-08,268.8529968261719,273.34969867653444,267.78929009859417,270.18749960669186,2361305
2020-07-09,267.8764343261719,270.7678385874552,267.1221536705609,269.99422799603195,1764935
2020-07-10,270.9515075683594,279.27760232841496,263.03154793685314,265.9326311861567,9159430
2020-07-13,270.2552185058594,279.2775734946981,268.1277458714808,279.2775734946981,6623445
2020-07-14,263.44732666015625,268.2534550978947,262.1708431227833,268.2534550978947,3777750
2020-07-15,261.474609375,266.7062027699513,261.0974544420291,264.0275469169805,2770445
2020-07-16,263.8438415527344,266.7062353621226,258.19640316714396,262.064514076015,2641795
2020-07-17,265.1493225097656,270.7677509817291,264.3273430777311,265.7391952303884,4036710
2020-07-20,266.21307373046875,268.640293280332,265.15901703949567,266.89965515991383,2525770
2020-07-21,268.8723449707031,273.12726023630023,266.2130192407876,267.1896969866101,5775745
2020-07-22,265.5361022949219,270.5162884792443,264.9655595584014,269.80069750654746,2290635
2020-07-23,265.2557067871094,268.0601109427254,264.00826220595553,265.56516275772634,2095710
2020-07-24,262.6156921386719,265.3523672588055,262.2578966488624,264.0178644503938,1880755
2020-07-27,260.1014099121094,263.2345698341741,259.55987682709423,262.6446971745947,1604305
2020-07-28,260.2367858886719,261.8710649100208,259.16339940731643,260.13042701704524,1281805
2020-07-29,261.62933349609375,264.7721735338947,259.7532973895451,260.1304523595261,1927480
2020-07-30,259.298828125,263.021861253988,259.16343007817073,261.29090287588735,1308100
2020-07-31,258.36077880859375,260.45921218993186,257.64515831153204,260.2851543033522,1074270
2020-08-03,259.1053771972656,263.4183120249695,258.04164093626053,258.5831740307104,1467075
2020-08-04,259.124755859375,260.691336142331,258.2351068274634,258.38983481374066,1132335
2020-08-05,258.57354736328125,260.51725294621934,258.19639239994905,260.1304477737315,1106145
2020-08-06,258.109375,260.5269443254153,257.2680655965706,258.6799178194367,1501335
2020-08-07,257.4904479980469,258.96999915804406,257.2293611502859,258.19638882378325,1351535
2020-08-10,256.02056884765625,258.5831862029754,255.3823270610093,257.61615855860276,1538625
2020-08-11,265.3620910644531,267.7312913687665,254.33798050681457,256.06893894840346,5547105
2020-08-12,268.2147216796875,273.4753534139629,261.0974137517478,261.0974137517478,8819995
2020-08-13,267.6925964355469,273.06926771383365,265.95192898943463,270.38093207469024,3442470
2020-08-14,264.6947937011719,272.60507232216014,261.10712959750555,267.8763227424896,4930300
2020-08-17,267.58624267578125,271.46403342932183,263.0895695029675,266.51285602975554,4352715
2020-08-18,266.44512939453125,268.81435896086793,265.93260591630985,266.89963357418736,1710000
2020-08-19,263.379638671875,271.15454930254987,258.77660708917773,268.0600785048779,6399090
2020-08-20,260.52691650390625,262.53832098286364,257.6645229914642,260.1304316355172,3052855
2020-08-21,259.51153564453125,262.8187833155786,258.29310082790784,261.11680514462154,2138085
2020-08-24,258.7959289550781,261.09745943039024,258.2543958445743,259.5502093240901,1747775
2020-08-25,259.5018615722656,262.1901971116279,259.16339601102794,260.71064606858573,1822090
2020-08-26,264.8302001953125,268.29217599797994,259.58892642065274,260.14013930993946,5510310
2020-08-27,264.4820556640625,267.6732350247597,263.99854185114833,265.835888437954,1648005
2020-08-28,264.28863525390625,266.8609322499889,263.5247046865715,264.19195610152315,1618380
2020-08-31,259.9853820800781,270.5743168343002,258.38979240602725,270.5743168343002,2913125
2020-09-01,261.3875427246094,263.99852899170054,258.38978083963616,258.38978083963616,1672645
2020-09-02,262.9831848144531,264.94624979031545,261.6970214960324,263.61174689327106,1232560
2020-09-03,264.714111328125,268.4468530062304,263.26357000731826,264.19193770079846,2498060
2020-09-04,264.0372314453125,264.77215237385906,260.71065404870876,260.71065404870876,1590560
2020-09-07,273.63983154296875,280.7571413039758,264.1919814657704,268.8337026567452,16053985
2020-09-08,266.7932434082031,282.35271305730254,261.09743700585506,274.8292399418096,16003690
2020-09-09,260.88470458984375,262.78007042152274,255.51771321762416,261.09745184216877,9501855
2020-09-10,265.1300354003906,267.6636436148129,261.1265259845526,263.0315720063762,3343925
2020-09-11,265.0719299316406,266.1260160200618,261.29087786207623,264.8688623921808,2226795
2020-09-14,264.54974365234375,268.44686364151977,261.09744808932993,263.031503260362,4307100
2020-09-15,264.9269104003906,268.4469055263243,263.25397130368276,265.9326275094209,1492300
2020-09-16,264.4626770019531,266.31935317505486,263.80507590894956,266.1259653923303,1160655
2020-09-17,265.1009521484375,265.75852381317515,262.8380816651437,263.2249163021323,1654570
2020-09-18,271.802490234375,274.6358743909677,265.1009951708673,266.12604220029226,3765725
2020-09-21,270.2552185058594,276.5699078794362,266.8996313801552,275.60288022950806,4736910
2020-09-22,262.19989013671875,268.83368562371606,257.2486837990139,268.83368562371606,2845595
2020-09-23,265.5168151855469,266.8996577789979,261.72605343789695,263.9985745422697,1373740
2020-09-24,258.9409484863281,264.1919303501674,257.61612550533283,261.6486432499675,1996385
2020-09-25,261.4939270019531,263.031497286643,259.16338703242764,263.031497286643,1113420
2020-09-28,264.3950500488281,265.4491067126281,262.0645097235782,263.03153743473536,1182090
2020-09-29,267.5475769042969,269.8007385458712,263.80515477364736,264.9655998622534,2185520
2020-09-30,267.67327880859375,274.53918197731247,264.71417615044004,267.5572401963283,3184865
2020-10-01,266.76422119140625,272.701784856926,264.965564009921,272.701784856926,1485980
2020-10-05,266.1356506347656,269.0367333595715,262.30622970119697,268.8336658320102,2033715
2020-10-06,263.77606201171875,265.54573873868793,263.0314615131336,263.6116838746208,1014955
2020-10-07,262.4319763183594,266.2227082946917,260.90405605878266,264.9655841161957,1969740
2020-10-08,262.1805114746094,264.95587589370587,261.09744531216586,264.5787504852626,1342420
2020-10-09,261.2908935546875,264.2886557836052,260.80737970985007,264.2886557836052,756020
2020-10-12,258.128662109375,264.92686474423044,257.2293335522334,262.0644714009596,2219655
2020-10-13,258.48651123046875,260.71069280925707,257.8773085246303,258.7862874783933,819350
2020-10-14,258.7862854003906,262.5673674937584,257.4228022250218,261.0974959185973,1730030
2020-10-15,257.13262939453125,260.65262397547025,256.45572779066293,259.16339322881606,1173905
2020-10-16,256.86187744140625,259.1634079502417,256.2623250254256,257.03593533417325,707750
2020-10-19,257.1138000488281,258.6833346519515,256.80376049174214,257.7144832113075,597970
2020-10-20,258.14080810546875,260.1754022640811,256.93944165068933,256.93944165068933,1064730
2020-10-21,258.0535583496094,260.40785999173187,257.3269198501644,258.9836473501399,782035
2020-10-22,257.27850341796875,259.2065380041814,257.0072261812606,258.2958152308753,453130
2020-10-23,257.3172302246094,258.26671520547745,257.13314610008393,257.5206807322964,422515
2020-10-26,255.9027099609375,257.90823933705514,255.3892199318201,257.52067514625236,797865
2020-10-27,256.9393615722656,257.50128228395124,251.3297045943134,256.9393615722656,1070910
2020-10-28,258.3636169433594,259.4583941937244,253.83906787668872,256.5518399813959,925025
2020-10-29,257.83074951171875,259.6521950134286,253.83908616984434,253.83908616984434,828875
2020-10-30,254.84666442871094,257.60789665760353,253.83905075763158,256.319307819522,581740
2020-11-02,252.33734130859375,256.1158555909288,251.90134638228744,255.81551404329423,619650
2020-11-03,252.18231201171875,254.12968301032762,251.90133685723475,252.48265354799662,536545
2020-11-04,252.0079345703125,253.60656310437844,249.97337019422784,250.5159246367837,642490
2020-11-05,253.91656494140625,255.10826282178795,252.11451550799842,252.11451550799842,798410
2020-11-06,254.0715789794922,255.466727346053,253.50965818293201,255.38923224435428,540540
2020-11-09,254.39129638671875,256.27087029956607,254.032826131577,255.38921205657104,672440
2020-11-10,266.3082275390625,274.5434659219095,256.17404834904943,256.74566722993603,9449615
2020-11-11,265.70751953125,272.63480172960345,260.23351455913854,270.8908808849134,3059480
2020-11-12,267.6839294433594,271.27835942700875,262.578064255553,266.4341030086693,2471185
2020-11-13,269.1953430175781,271.8596841262212,264.6707943799679,265.2714774628336,3098180
2020-11-14,271.016845703125,272.24727648654135,269.1954001190428,272.24727648654135,747940
2020-11-17,267.46112060546875,272.63478363956403,265.9690811401008,271.01681832589134,2093560
2020-11-18,264.5545349121094,265.6493416172062,261.9967828423834,264.49640619918347,1559975
2020-11-19,266.6375732421875,267.40297409171643,263.52756867009737,264.30263792762236,1136050
2020-11-20,267.62579345703125,271.0845699747923,263.84724989984,269.3406495383917,2517915
2020-11-23,263.9829406738281,266.24035141380534,262.946262585509,265.07774748046444,1612630
2020-11-24,263.9732666015625,267.2479893426162,262.9462863956345,265.50406850119157,1122295
2020-11-25,262.3456115722656,265.46531462757633,262.17122539596295,265.46531462757633,949640
2020-11-26,261.8514709472656,263.5178966252177,260.87295108757854,262.7525252673733,614630
2020-11-27,262.2583923339844,264.83554065027033,260.87294190427764,260.87294190427764,994610
2020-12-01,263.159423828125,265.07776032655056,262.2680970594017,263.14005744341347,946720
2020-12-02,261.570556640625,265.2328143803346,260.92141308140776,265.07779458161104,934200
2020-12-03,267.02508544921875,270.5129559492036,261.5898439939463,264.3026157344932,3157740
2020-12-04,304.3355712890625,309.4511050655844,267.79049839026726,267.79049839026726,52163150
2020-12-07,327.7721252441406,333.2848922516869,306.7383689566675,307.1259036156533,39043080
2020-12-08,319.4302978515625,348.7864815557022,309.373616235987,330.7270784296598,30540895
2020-12-09,313.4718322753906,329.6516611212171,310.22620401199663,322.93752858005865,18432185
2020-12-10,281.4997253417969,295.43181136828053,272.2472075180695,272.2472075180695,85934670
2020-12-11,275.34759521484375,280.73440693687826,271.27840727886087,272.04380820672907,48864630
2020-12-14,286.5862731933594,292.3412536960413,275.55106954730945,276.10332202020373,47223000
2020-12-15,279.2229919433594,290.26789225247444,277.30465548164506,289.66720910091715,26369570
2020-12-16,275.8125915527344,282.1101252439571,275.1537797395779,281.70322423988836,17800040
2020-12-17,276.0935974121094,279.2423646077638,275.2022410733981,277.2852953333538,6637615
2020-12-18,276.0257873535156,282.22643106071297,273.21612390758264,277.09152992045614,16348855
2020-12-21,266.14349365234375,278.5447798501784,263.33380091503875,275.89013645321967,12783780
2020-12-22,271.09429931640625,273.0126356720077,258.964290815192,266.2403444940949,13404085
2020-12-23,273.51641845703125,275.83198734355216,267.21888476943417,272.130968141839,8163885
2020-12-24,273.0126647949219,276.7814816492163,271.8984915146189,275.34760039237443,6214910
2020-12-28,274.7565612792969,278.69979352029424,273.42923960988446,275.1537938959893,6621705
2020-12-29,273.37109375,276.6845487281028,272.828539372685,276.3164100604217,4642735
2020-12-30,278.0506286621094,279.6104946497869,272.8285354635267,275.1537726997025,8186020
2020-12-31,278.6028747558594,283.87342814201264,277.2367908880922,279.99802297966437,13220150
2021-01-01,279.9980773925781,282.7108497066056,279.04859229916815,280.3856120707248,5820940
2021-01-04,281.1703796386719,284.45480034694157,279.99807762702136,283.2921667445274,5262530
2021-01-05,282.29425048828125,283.48594845065446,277.3724979882289,279.7461663697519,6194675
2021-01-06,287.448486328125,293.54256910931286,280.7730868701904,283.2824376842635,21223825
2021-01-07,288.6111755371094,292.5737744594472,286.78003208602166,289.49280434652184,8845040
2021-01-08,285.1329345703125,292.55433930558235,283.04991012437165,291.43046821482903,7844545
2021-01-11,283.0402526855469,287.55507403901066,281.3544312005867,287.23536609722356,5149790
2021-01-12,286.8671875,290.074083045306,281.74195567217106,283.04024247671447,9024105
2021-01-13,283.12744140625,289.4055792480389,279.45548650124283,289.10523769410133,5903480
2021-01-14,283.5052490234375,287.1965699333269,281.44159112309114,284.5419269605964,5618095
2021-01-15,279.2616882324219,284.84228116151445,278.4478566914284,284.5419396249691,4983220
2021-01-18,275.8029479980469,283.2630862258524,274.7081411577367,280.6665715044967,6329360
2021-01-19,279.7073974609375,280.5502934073974,277.63404137318827,278.64165505915037,2887500
2021-01-20,281.4900817871094,282.5945569602145,278.4478743313168,280.9668937751138,2870575
2021-01-21,281.8388671875,287.390396370183,280.96690683829803,282.9046096440794,6042200
2021-01-22,277.5661926269531,283.3793002835218,275.75444547137505,281.74193926156204,4410035
2021-01-25,276.3648376464844,280.0852231486202,274.5821547746482,277.67279283533577,3497400
2021-01-27,278.6900634765625,279.7364394115908,275.5897571352439,277.6243211601427,4115535
2021-01-28,282.3330383300781,290.4035588634894,277.6728646640682,278.35104301990754,14139780
2021-01-29,282.1489562988281,286.57661508394403,280.0368669655662,284.4548277735101,7003680
2021-02-01,282.88525390625,290.20976842239463,281.1897638873832,284.7938924244543,12208490
2021-02-02,284.939208984375,286.3924861166649,283.1661943254619,284.45478327361167,5315880
2021-02-03,284.7163391113281,290.2678679444928,283.3211908136427,286.2762051466138,9312665
2021-02-04,294.31768798828125,298.40624223008774,283.7281488909362,285.77241122833976,11025600
2021-02-05,301.3127746582031,303.83179412179976,293.56196373451945,300.28579457617485,15029430
2021-02-08,313.6559753417969,315.65180706766637,302.6692028730683,304.18060884863934,24263805
2021-02-09,318.12237548828125,327.2586374498872,308.48229185618203,314.68293514418076,26576235
2021-02-10,313.59783935546875,324.37146306191255,312.1833244761121,319.4109482244421,15255270
2021-02-11,313.7140808105469,317.1922834588084,312.3092639790226,315.0704964644312,5604990
2021-02-12,335.59075927734375,342.5277389861141,315.07049331696095,315.3514389402597,36497695
2021-02-15,331.9478759765625,338.1291529007109,325.9216188310102,335.99766790376333,14605000
2021-02-16,324.4004821777344,335.9492031961475,322.0461805102472,332.8973273789978,8881850
2021-02-17,329.14788818359375,335.222575659077,321.0773396745141,323.9838937987258,10460450
2021-02-18,329.64202880859375,334.44755359383527,326.7064099114531,326.7064099114531,4680520
2021-02-19,324.6427307128906,332.3644779486543,320.87391394889795,329.98111166146873,4986820
2021-02-22,313.1037292480469,324.56522864102493,309.6449225512254,324.56522864102493,8588995
2021-02-23,316.4074401855469,318.1901525719432,308.6372635107107,312.9292676145032,4687445
2021-02-24,324.65240478515625,328.8281518599948,315.86491568847373,317.39571742360573,3235425
2021-02-25,334.631591796875,337.11184896036104,323.59636040410896,326.5029145394752,9537220
2021-02-26,340.9678649902344,350.7145076769824,325.5340693348151,328.44062352530455,25638605
2021-03-01,375.61395263671875,382.667188726023,344.048761584526,346.451523387232,33081285
2021-03-02,367.70819091796875,385.2153437765938,362.3601415394408,381.82436368976994,27796385
2021-03-03,365.4701232910156,373.9766373305169,364.2881234100372,367.96974687302026,9159855
2021-03-04,380.00286865234375,390.6021045349084,362.3503962920155,365.25695027296746,47960940
2021-03-05,376.0790710449219,387.23053085277144,367.3884725709059,381.71776387339787,17979140
2021-03-08,390.5342712402344,392.77231540235226,373.31779409505606,379.78971375376057,20916905
2021-03-09,392.7142028808594,401.68577584832195,390.44709426862954,397.22905372242707,23912320
2021-03-10,391.12530517578125,396.80275994330816,388.89692931147437,396.2602055480154,8479065
2021-03-12,385.0893859863281,399.88373694422023,380.7586188337075,393.3536876500897,12514795
2021-03-15,377.2803955078125,388.79035390300396,371.0700550078145,388.79035390300396,10548415
2021-03-16,368.94830322265625,375.85621850940805,366.2258331248394,373.70536719567747,11025335
2021-03-17,353.43695068359375,371.93234845234014,348.98025825290375,369.1323539376628,11818755
2021-03-18,342.32421875,360.4126856324847,337.16025430135664,356.1497458018436,18337275
2021-03-19,359.5310363769531,363.3192486239787,329.99076879693826,339.0979653823801,24535040
2021-03-22,356.1594543457031,364.09434979701035,349.59064293708605,359.8314094859695,11250950
2021-03-23,356.95391845703125,360.60650720141035,354.79339873217964,358.1843786725642,6601325
2021-03-24,341.1423034667969,355.91728953450047,339.1755360122679,354.54153689752104,10445515
2021-03-25,333.64337158203125,342.7796337272593,330.3783469020187,342.7796337272593,10838460
2021-03-26,338.5942077636719,342.9734055749155,332.9554853555977,339.0979998622046,8880665
2021-03-30,340.1152648925781,343.74845756512525,337.2377751132409,337.2377751132409,7365165
2021-03-31,340.4543762207031,343.932549200442,336.1914359719228,340.7837821488318,5430005
2021-04-01,339.4371032714844,344.80454845437936,339.0979993587258,341.0357022122043,4724735
2021-04-05,329.9229736328125,336.76306230846916,325.0302857772985,334.4475227841543,8114150
2021-04-06,327.1907958984375,333.091097338225,326.1153850435542,329.922963924841,5058525
2021-04-07,331.15338134765625,333.5561433524324,324.17766933110755,326.3478869051009,7335430
2021-04-08,334.5250244140625,337.00528173802036,325.53408422296536,329.1769751030908,9702175
2021-04-09,335.39697265625,339.8149327025564,332.3160322810361,335.22258649923754,6254115
2021-04-12,306.5445556640625,328.9637896884029,304.8878281643845,325.57281002493545,14036295
2021-04-13,312.28985595703125,314.48916753822283,306.55427227789284,306.55427227789284,6131320
2021-04-15,311.6019592285156,316.40745353429065,307.9009400612834,308.50165272062685,5790815
2021-04-16,315.3514404296875,317.41509869282953,311.19508911037224,312.1639405340446,4840415
2021-04-19,312.4933166503906,313.9078313152126,300.3439126781355,300.3439126781355,5966190
2021-04-20,317.7929382324219,319.51749243894466,313.1327656415655,313.1327656415655,5716145
2021-04-22,324.18731689453125,325.7278164690525,312.7451854918212,312.7451854918212,4942510
2021-04-23,331.7347412109375,332.8779788625405,321.85247384404613,323.5963946832032,8147370
2021-04-26,335.38726806640625,337.0149311569283,332.8973131253486,333.65301595787633,3958795
2021-04-27,347.4689025878906,349.2903185005062,332.2482248288248,335.22260591379313,11298835
2021-04-28,347.98236083984375,352.27436532849725,343.94223760274946,348.78649447039385,7690145
2021-04-29,347.3428955078125,352.2743451688217,342.0626439974552,348.9802566007345,6060475
2021-04-30,347.1200866699219,350.559497394972,340.59970594863347,345.8605916467483,3783275
2021-05-03,342.1111145019531,345.288975578965,339.6793175164582,341.2294857189764,3866580
2021-05-04,343.01214599609375,346.66470500284566,341.2294630301805,345.87993776151967,2930215
2021-05-05,333.9921569824219,345.4827205049154,332.31603340016164,343.9422503121206,6078590
2021-05-06,334.2925109863281,337.935372315328,332.51949628379657,336.28834259841307,2386180
2021-05-07,328.1305847167969,331.3181140982621,325.82471365646023,329.4094756595547,4155495
2021-05-10,338.83636474609375,340.5512208470663,327.6558128298527,329.40943126032016,5144555
2021-05-11,347.2944641113281,348.86399864655704,333.8758663254665,334.2537325631318,6486335
2021-05-12,338.43914794921875,354.40579867382735,335.76510886235167,348.59269079246116,8139435
2021-05-14,338.6426086425781,343.7484445746592,335.2225645854126,341.035672641807,5857255
2021-05-17,341.442626953125,345.10488410058235,337.7416074705045,341.64607747048416,3874060
2021-05-18,355.5781555175781,357.07016535908133,343.02182030631974,344.9110923298696,9526800
2021-05-19,360.0445251464844,365.2472520379613,356.5372880760212,357.3123573102576,10493850
2021-05-20,359.56982421875,362.42791810382977,353.2044634351853,360.8002548505981,4799150
2021-05-21,360.8002624511719,367.1365590089442,358.4847229350571,360.4127277970479,6000765
2021-05-24,365.1600646972656,368.7060641551885,361.8466096668599,362.3504017203202,6355885
2021-05-25,369.7040100097656,370.87631194984016,366.22583695812386,368.45418339852984,4947580
2021-05-26,367.0106201171875,373.9863624734729,365.83831812640904,372.03896157255156,4613785
2021-05-27,373.65692138671875,376.13717853193987,363.5130463463115,368.16352110185176,11421490
2021-05-28,367.43695068359375,373.65699064993373,366.0030397441221,373.58916394528916,3356385
2021-05-31,368.78363037109375,371.84517493621706,367.61129882755614,370.0721897909906,2485790
2021-06-01,367.1171569824219,372.55239872209165,365.83826613767746,370.44997833791354,2098710
2021-06-02,371.6416931152344,373.4922027782063,367.24309962087705,368.15382227316684,2883775
2021-06-03,372.3876953125,377.5807539877469,371.26385375151835,373.5890911069585,2749735
2021-06-04,372.3683776855469,375.33306087613926,370.7891450279631,375.33306087613926,1798105
2021-06-07,405.90997314453125,409.60129460297975,373.3371938971838,375.7205600558438,30720335
2021-06-08,415.6081848144531,423.19427824094095,411.1805268355677,412.9147791143759,32451425
2021-06-09,401.33697509765625,419.12510131766885,399.1667575278757,418.5437845923357,11678705
2021-06-10,408.14801025390625,410.9867672685404,397.54877379016676,405.6580846779474,8977510
2021-06-11,405.7065124511719,413.118219541358,403.23595327677566,409.82413078649716,4220295
2021-06-14,400.0193786621094,405.36742785160067,392.38482474862616,404.9701952217165,5011980
2021-06-15,406.52032470703125,414.6393035571946,399.55428130124176,401.2982314298641,9562490
2021-06-16,404.97015380859375,411.17082591054617,402.1314265369099,408.7486976104072,4284715
2021-06-17,397.3065490722656,404.7764142779103,394.59377711582965,401.1044593782728,3771420
2021-06-18,389.8076477050781,401.1528887084536,383.4035544886192,401.1528887084536,6521685
2021-06-21,402.4317626953125,405.70648484399646,383.88796405244483,387.5405228360563,8466300
2021-06-22,403.6234436035156,412.4109316881909,402.0732756634625,406.9175319967572,6428745
2021-06-23,402.7030944824219,409.12658425013035,401.4920301843471,407.305138815106,4048120
2021-06-24,401.6761474609375,406.53010302950804,400.32945922521753,406.53010302950804,2707570
2021-06-25,400.8816223144531,404.689230684608,397.82974640022013,403.88506748679254,2379110
2021-06-28,402.60626220703125,409.33009453700424,400.79451448331014,403.81732668192546,3538660
2021-06-29,403.4006042480469,412.1299637752889,400.1452781270967,405.367371171203,8367385
2021-06-30,394.0997009277344,407.6442550922088,391.6969682103801,399.27336421794126,12814570
2021-07-01,394.28375244140625,398.94392525066803,393.41179210591616,396.8027719627094,3754990
2021-07-02,399.2733459472656,400.9010388096683,394.71006402133077,396.84154897983484,2610295
2021-07-05,421.1791687011719,425.32585236616177,400.746092006838,403.81733502107124,15752915
2021-07-06,420.2683410644531,430.55753775995095,418.54378682917945,426.29459769638646,19202485
2021-07-07,424.0565490722656,426.1008112253552,418.611609224647,420.2683367517524,5026855
2021-07-08,425.11260986328125,435.59558895333794,423.3880555792995,425.32575835082946,13226030
2021-07-09,428.0870056152344,430.94509956253177,420.18117448415285,425.1126246613191,7415555
2021-07-12,438.48272705078125,440.22667720537765,429.6371391406926,431.90424773137113,10442855
2021-07-13,440.7208251953125,442.5616369321272,437.174825542123,440.43985001204663,8587235
2021-07-14,439.1610107421875,442.1644563329773,435.12088694086356,442.1644563329773,3411760
2021-07-15,439.52911376953125,445.1097070930605,436.17689632557665,439.16094552013215,4459290
2021-07-16,470.2126770019531,476.1711372730518,439.6163601934517,440.63364242329743,34640095
2021-07-19,469.7960510253906,475.8998327555146,462.22932374609815,465.99816998917936,11797880
2021-07-20,461.2992248535156,480.5405995921919,459.23556662719267,472.0244170182936,12440815
2021-07-22,458.2958068847656,468.3524898129363,453.81001987522126,465.82377211677186,6746515
2021-07-23,450.583740234375,461.64800697278804,448.7719927966716,459.216209996667,5243460
2021-07-26,448.248779296875,458.266698934853,446.0688637099756,452.35669965252623,6531495
2021-07-27,444.8092956542969,454.77878357479705,441.9899644567829,451.0874625742639,4632295
2021-07-28,442.5035095214844,448.57819714102425,438.47308415895935,446.64049434559865,3579030
2021-07-29,449.76019287109375,454.1006577368409,442.95886676614435,443.30763907393754,4462290
2021-07-30,451.7366943359375,457.6854269667796,445.6716746928083,450.32214990628097,4357415
2021-08-02,478.3994445800781,486.9447210504287,469.3794403837075,478.4188109640183,36666555
2021-08-03,478.1959533691406,483.94123460379336,473.7682957382482,480.792467812077,8598145
2021-08-04,482.7108459472656,491.2076621212996,477.7696978705156,480.5502966709361,11512810
2021-08-05,479.17449951171875,488.6886270998483,477.70185606745537,484.6194690695162,7075850
2021-08-06,482.0229187011719,485.3170369836769,479.36827543225615,481.51912663734026,3553315
2021-08-09,513.1424560546875,519.3043366028159,483.91219708381504,484.50318222995423,27172245
2021-08-10,511.47601318359375,528.0240116095364,507.6781322631139,516.3977948401521,22718380
2021-08-11,498.42559814453125,517.725100839514,489.8512576234694,514.8379426854618,14865920
2021-08-12,521.2033081054688,528.7700349951513,498.42560276873564,502.63038463025197,30341990
2021-08-13,515.5646362304688,525.9506956205134,511.1660127041468,525.9506956205134,11688585
2021-08-16,509.5382385253906,518.1029096898673,506.1279222984666,518.1029096898673,4956310
2021-08-17,517.2890625,522.2108435945491,506.70922300547164,509.6157768659237,8253620
2021-08-18,526.87109375,532.868286466685,517.9964406707142,519.8372229072,13629770
2021-08-20,512.7742919921875,525.6987363153848,505.934203599381,523.179746375324,8280035
2021-08-23,494.90869140625,520.2635166098149,491.31423133567887,516.3978088902563,8559910
2021-08-24,496.9820556640625,506.0407929692393,492.1765312361939,497.98963987284185,6996380
2021-08-25,510.8753356933594,514.1694541346853,498.1349751565187,499.3266434656704,12582655
2021-08-26,508.00750732421875,516.1846145112902,506.7092205871243,513.0939765557339,7009955
2021-08-27,513.2393188476562,514.8088533472396,504.77156727647287,508.64697278339395,4466105
2021-08-30,522.7438354492188,525.6988208130246,515.235236030464,516.9791569718899,6642175
2021-08-31,533.2557983398438,534.7090753420773,523.3735028978568,525.3112055675016,10251115
2021-09-01,532.1416015625,535.8523187736082,526.6675678063481,533.8370914172735,4574825
2021-09-02,548.3602294921875,553.795472001612,531.5118883765772,532.0932347341522,12314090
2021-09-03,556.1012573242188,561.4106027268622,547.691635029335,551.082614622465,8757735
2021-09-06,582.9384765625,589.0616242261937,557.893692672928,559.1434896334596,25302570
2021-09-07,636.903564453125,640.4108019357294,590.0983537450885,590.9993784883433,57776555
2021-09-08,638.7444458007812,663.2079461947953,632.7665894646531,645.2550995015204,44363970
2021-09-09,638.47314453125,650.6806498929654,616.6255548266703,629.7534809488809,28326075
2021-09-13,665.746337890625,668.6431944403446,641.3796987919809,642.3485503007302,23892315
2021-09-14,724.4005126953125,728.3437450278443,673.5455116748421,675.6769966024266,59109125
2021-09-15,713.5106201171875,763.4355016428897,707.6975117598756,735.1644250945758,42781400
2021-09-16,730.455810546875,736.0848346896387,713.5106094012438,725.6309496056476,18011055
2021-09-17,748.612060546875,778.8983634732915,734.5249830833287,740.2024378516554,61620795
2021-09-20,718.4808959960938,745.7831235646202,713.1134209593491,745.7831235646202,23477555
2021-09-21,703.2784423828125,746.9841842581509,688.8133873035318,723.4771744513752,26517155
2021-09-22,712.3494262695312,727.6197295188176,706.3732097313301,712.8732911578006,14540470
2021-09-23,716.763671875,729.36603666267,714.0375255387117,726.4555576183546,7153935
2021-09-24,715.832275390625,724.903303663206,706.276226505993,721.7987809346962,7698190
2021-09-27,744.0929565429688,749.9333360124779,718.1121144513529,724.7286097220915,18612320
2021-09-28,750.0498046875,771.2769020237001,733.8287641770179,755.7543480207074,32886570
2021-09-29,731.5294799804688,748.7498130774959,728.696571282089,748.7498130774959,12895755
2021-09-30,737.0302734375,752.8438633638428,732.8973839917257,741.201947951,14624460
2021-10-01,736.0794677734375,741.395982679238,724.3502712977371,732.8585899899981,7999080
2021-10-04,777.8546752929688,788.7107055270208,738.9512356644076,739.7661958692296,26394340
2021-10-05,808.3563232421875,816.5638944680591,777.0978105224666,792.620363541642,36846475
2021-10-06,866.0324096679688,875.0840159023568,811.053478153404,814.7400730295137,58581180
2021-10-07,910.184326171875,925.3285033123855,878.0041488286064,892.1587442289593,43227600
2021-10-08,946.2063598632812,963.2132861234586,916.0440717573424,936.0099729633694,61367310
2021-10-11,926.027099609375,956.286381546834,921.6516701013103,951.7071971947097,30074685
2021-10-12,934.700439453125,946.293860512714,916.8009799074003,924.5622580441826,16397000
2021-10-13,956.344482421875,962.398268507628,937.4166602273141,941.2488022723049,16210660
2021-10-14,1060.1031494140625,1085.414700813861,968.2193637253281,970.9357989952148,71177100
2021-10-18,1140.461669921875,1157.7887094458263,1081.7378697973063,1085.414813274055,39694580
2021-10-19,1058.4151611328125,1241.086579582212,969.3933516154485,1198.1472992850354,74305750
2021-10-20,860.4054565429688,970.1208339069069,849.335961344559,952.5803314159683,98333925
2021-10-21,887.3565063476562,921.6516246968929,856.4763095424096,861.6375657463734,46361195
2021-10-22,896.9223022460938,908.0694270851351,863.4517945169943,897.9797430986509,28022520
2021-10-25,780.46435546875,909.0396505851551,768.5798989909824,909.0396505851551,38866505
2021-10-26,812.8967895507812,853.7404868855639,786.0233555640007,789.3218628259331,41011205
2021-10-27,801.3809814453125,841.0896076910037,782.6762754997238,824.7326714521322,26793965
2021-10-28,886.2408447265625,953.6669407402419,785.8293204471983,792.6204380313098,59298778
2021-10-29,820.4639892578125,879.4011852232422,620.3685708566622,797.6167424176862,82848030
2021-11-01,829.923095703125,858.5913019070837,785.1017074218164,848.1135893875971,29989312
2021-11-02,822.8893432617188,842.8746063331156,819.0572011912865,842.4865780408965,9742650
2021-11-03,795.3853759765625,823.5685615560732,790.7771175775932,814.9341168703604,10088006
2021-11-04,797.7138061523438,803.5347643000046,795.530946846971,803.5347643000046,2229843
2021-11-08,807.9974365234375,814.9341016696159,756.578975346664,794.5607491278755,11974709
2021-11-09,830.4566650390625,832.3969843499015,809.1131526198343,810.0833122752538,9656004
2021-11-10,824.4901733398438,840.1582757239294,821.7252419609332,830.4566790065629,6275409
2021-11-11,822.0162963867188,830.4566975621882,810.083344000499,823.6655797082918,4924717
2021-11-12,839.0425415039062,849.8598451823475,821.7252156043932,827.5461734481078,9255302
2021-11-15,876.4421997070312,895.4573040379004,843.0686860335162,851.751626230715,21402501
2021-11-16,893.5656127929688,901.2783945351517,884.1550515131792,888.4722741801489,9298944
2021-11-17,876.63623046875,900.9872730568986,873.2406717153857,897.3976705320016,7189458
2021-11-18,864.0726928710938,878.8676271382916,845.1060248492828,876.5392203549653,7714073
2021-11-22,860.2890625,892.2558345450527,846.3187399703683,884.7855934592613,11376478
2021-11-23,866.1585083007812,870.8152626953432,846.5612718759114,850.8299979456693,6078636
2021-11-24,837.0538330078125,874.7930715342062,827.6432714489424,871.2034685626143,7679846
2021-11-25,839.7216186523438,848.4045587984236,810.7138825304799,837.2477235483586,9169669
2021-11-26,798.4898681640625,829.4379839123156,795.5308931481704,823.6655222960935,10211011
2021-11-29,752.6499633789062,777.0980022590403,728.1534283513897,762.5456052129908,13888743
2021-11-30,771.4224853515625,795.4339371861021,764.0977324713627,766.7171754233547,37176726
2021-12-01,787.7210693359375,792.6203632882806,772.586544618775,784.8590867811738,6448797
2021-12-02,796.7435913085938,800.381689899044,779.0381781684029,790.9226335638734,4869021
2021-12-03,795.4338989257812,806.6392307334879,785.8292949684076,794.5607315791676,4777395
2021-12-06,777.4860229492188,795.045890187902,774.3815000038236,790.6801714498355,4473930
2021-12-07,798.4898681640625,805.038445638148,782.9188180128946,785.7808007517453,4528051
2021-12-08,825.9940185546875,831.1358532855684,804.3109130412638,805.7176564938064,7190775
2021-12-09,831.28125,837.247755372141,816.4378195980485,830.4566380052755,5118754
2021-12-10,832.3484497070312,843.9903650335318,824.635668960456,825.6058285709977,4358630
2021-12-13,833.0761108398438,851.9942241861147,830.6992078330558,836.7627057004503,4485978
2021-12-14,829.5349731445312,834.3372751173359,817.8445615394351,834.3372751173359,3374432
2021-12-15,825.7999267578125,841.5165253271136,822.6954039567158,825.7999267578125,2762485
2021-12-16,826.7215576171875,835.1134029414402,816.2437861758635,831.4753043059375,2918474
2021-12-17,807.5609130859375,826.4790261845774,800.8182917028839,824.6356991714794,4227183
2021-12-20,770.4036865234375,801.0607642915146,757.4035838867749,782.9187685916658,7418777
2021-12-21,790.4376220703125,794.4152531874586,776.1277663777232,780.978564917584,3613582
2021-12-22,814.6915283203125,817.4564595090985,794.5607165160297,795.5308761210554,3721795
2021-12-23,816.2437744140625,822.0647321469888,809.307168643965,821.434163920895,2917612
2021-12-24,812.2176513671875,817.6505215915121,803.7772507715968,815.9042461061109,2502607
2021-12-27,813.9639282226562,814.9340878510503,798.4413741683505,798.4413741683505,2640676
2021-12-28,837.73291015625,850.4419786803766,815.4677329537975,815.6132805959365,8220616
2021-12-29,824.0050659179688,838.2179283186318,821.7252144512513,833.8037138027784,3670117
2021-12-30,808.1428833007812,822.5012324098162,806.2995565200822,821.434080619204,3488161
2021-12-31,806.9302978515625,814.9341150529756,804.40790641908,809.9863244685497,2712460
2022-01-03,820.4155883789062,824.6357594623796,805.5720973375035,807.075892269956,3501695
2022-01-04,822.743896484375,828.2253223066373,818.1356380508464,824.6357196840667,2496924
2022-01-05,815.5161743164062,821.8222120121148,803.2921864687247,819.7849004421164,3312721
2022-01-06,818.087158203125,822.5984244450171,800.3817438690521,800.3817438690521,2842824
2022-01-07,835.259033203125,861.5018421139382,817.3110781590846,818.0871941020026,12254034
2022-01-10,847.385986328125,852.5278208014266,836.762725964416,836.762725964416,4778546
2022-01-11,836.6655883789062,856.6508506774662,833.5125699590855,848.8895745671381,3257687
2022-01-12,835.5499877929688,843.4568125240947,822.9379125055277,842.8746812132905,3419540
2022-01-13,842.244140625,847.9195510051132,827.594694089624,835.5500152209997,3384510
2022-01-14,875.7631225585938,880.9049568294769,831.1357789306687,838.1209402108522,14072932
2022-01-17,870.57275390625,891.2372021941438,864.6548036203062,882.8452973851092,6834869
2022-01-18,835.4044799804688,877.218397877846,830.3596969961142,873.0467230805461,5857768
2022-01-19,849.811279296875,851.7515984188661,824.9266628718013,837.7327809197114,4437914
2022-01-20,854.1285400390625,858.591250537108,839.818685863444,849.6172741896862,3262969
2022-01-21,835.9865112304688,854.7105790420845,829.4864302848833,846.9493025014073,3915909
2022-01-24,785.6353149414062,834.4828914719178,780.9785602139563,833.8522639799943,7654105
2022-01-25,805.1355590820312,808.1430304678607,761.3813210638053,784.859197657262,5090144
2022-01-27,789.515869140625,799.7995964094368,779.0381573232552,794.1726233690291,4740612
2022-01-28,819.3967895507812,834.3372713512126,792.6204077836519,801.1093044398416,5541007
2022-01-31,842.0985107421875,854.6620890758674,824.2475508842359,829.4864362725464,4650001
2022-02-01,831.3297729492188,873.0466351482365,823.2774010141487,867.9047419712375,11012459
2022-02-02,835.21044921875,842.0985589067583,831.4268029759122,837.2477607563737,2531086
2022-02-03,834.9678955078125,845.8336358139694,831.4267892310344,834.8223478801693,2603770
2022-02-04,830.214111328125,839.6731678112675,825.84839295129,835.3074494344326,2105561
2022-02-07,810.6654052734375,842.6321785860471,805.2325347486244,833.1246255607002,4119747
2022-02-08,813.042236328125,823.2774082073337,796.9861068819151,817.3594583664194,3851680
2022-02-09,824.587158203125,842.4866145430387,819.8818486471148,833.3670906800945,6791815
2022-02-10,820.6580810546875,829.6320579203508,815.2251514239239,829.4865102856393,2569073
2022-02-11,805.9600830078125,816.8258823073219,800.3816653402893,810.5683410809839,2582020
2022-02-14,774.52685546875,795.4823373423068,768.7058981506243,795.0457537006794,4917765
2022-02-15,796.0159912109375,798.4413903310196,767.8813614179854,780.9785166664286,4358562
2022-02-16,800.3816528320312,812.9937273615056,795.7248986946859,806.0085665485669,2883449
2022-02-17,799.2632446289062,811.0793524636489,797.4641115350024,807.1406696379812,2350333
2022-02-18,793.9144897460938,804.5635662623502,790.7051944644436,795.519167065792,1905006
2022-02-21,781.3203735351562,793.5740670031375,774.1237222236489,787.738963569291,3000870
2022-02-22,767.8995971679688,777.3816403593098,758.5634553072838,759.5359725576777,4301060
2022-02-23,791.9694213867188,796.4916504713201,773.1512358054939,777.916594209531,4772916
2022-02-24,717.7662963867188,772.5190020206794,714.8001308445577,753.7008182374587,10021435
2022-02-25,778.0138549804688,781.4176655960083,746.89330078125,748.8383354187011,7097351
2022-02-28,787.10693359375,789.6841284456942,758.7580870111201,758.8553150079758,4654745
2022-03-02,786.5718994140625,793.3795198134187,773.1511739268796,773.1511739268796,3010826
2022-03-03,777.6734008789062,799.4091365042659,774.9503052391724,799.4091365042659,2962409
2022-03-04,726.7135620117188,758.7580193409945,709.9376383654127,758.5635040068794,15395743
2022-03-07,698.2673950195312,719.6627748112161,688.9312530353478,719.6627748112161,6257302
2022-03-08,698.3161010742188,708.9165643843533,689.5634445509795,698.2674870761954,4872109
2022-03-09,714.848876953125,718.3013017257865,699.2885991200594,710.8615795015016,4485413
2022-03-10,737.2653198242188,750.7833336419577,729.387953667705,741.0581609263883,5542997
2022-03-11,736.9249877929688,743.9757382535415,727.4429440701296,733.5697912194919,2461743
2022-03-14,732.15966796875,741.8848415320342,718.2526816448034,722.5803957520146,3574348
2022-03-15,735.612060546875,748.741043223833,730.4090577232134,738.1405816156371,3053279
2022-03-16,747.1363525390625,752.3392959109472,743.392184993808,746.8932232346241,2456680
2022-03-17,749.2759399414062,758.1744373163626,746.0666448330983,754.9165282162722,2471381
2022-03-21,749.5676879882812,761.189281269444,746.8932654881609,751.804465844106,2165538
2022-03-22,744.753662109375,752.728315044704,731.4301645580953,752.728315044704,2670547
2022-03-23,745.3858642578125,764.0095341336711,742.0306678461992,750.7833231681072,3000265
2022-03-24,751.26953125,757.9799236217362,739.4048096292613,745.3372001185,1803315
2022-03-25,748.8868408203125,757.8340107267476,746.8931924775645,757.5908814323212,1756340
2022-03-28,745.1913452148438,755.5972916949388,737.7515644852625,749.8108021672359,2500762
2022-03-29,746.5042724609375,754.4303123766039,744.9482684891763,747.8658204545386,2496305
2022-03-30,767.85107421875,773.1513057333777,747.8658542251163,751.7559236879258,5002096
2022-03-31,753.4091186523438,770.9630429849949,751.7558274707046,769.3097518033558,2496423
2022-04-01,776.2632446289062,780.5909580611786,754.2357062003255,755.6458680186262,4160527
2022-04-04,809.8150634765625,814.6776493514576,780.9312915081387,781.8551946959162,5650502
2022-04-05,799.7494506835938,817.8383052005718,796.9291865769032,817.7410178714015,3480544
2022-04-06,770.18505859375,806.1681973382686,766.1004742160668,797.4641559595999,5400080
2022-04-07,766.1004638671875,778.9863174327098,762.4535241788321,773.9778298509382,3337181
2022-04-08,768.6289672851562,777.8192669598511,767.3647067605044,770.0877431269256,1715933
2022-04-11,779.3753662109375,786.7664737415555,768.6290028596693,768.6290028596693,2482781
2022-04-12,762.0645141601562,779.9102417994641,755.0624372552036,779.3753691689112,2743228
2022-04-13,758.855224609375,771.8869799542213,756.6184467283849,768.2886541329359,1501647
2022-04-18,746.1151733398438,756.6183467444404,736.4872297602839,756.6183467444404,2339997
2022-04-19,732.0624389648438,756.6185021782112,724.8171727986569,749.8594946895167,2121322
2022-04-20,727.0538940429688,740.5719079642718,722.4344369676828,734.2505456507225,2149320
2022-04-21,738.7728271484375,740.3774451579823,730.5064296904695,736.9736344399955,1365751
2022-04-22,734.4450073242188,744.948181298657,730.3604231792317,730.6035524812221,1361764
2022-04-25,725.1089477539062,733.7157623354944,719.6628740716001,724.5254610585704,1579619
2022-04-26,740.13427734375,741.8361826142667,728.4154557811694,728.4154557811694,1581369
2022-04-27,727.9292602539062,737.703048069132,721.7051252674861,734.250623235403,1666186
2022-04-28,736.5845947265625,740.0856331111925,723.6500677129322,735.9038207746225,1902979
2022-04-29,725.44921875,745.5803367042397,724.5253155364928,739.0644595788737,1428538
2022-05-02,717.2313842773438,722.288485231253,710.0834071059448,719.6626771054025,1299170
2022-05-04,701.8170776367188,724.2335877526272,699.3857845795109,719.6627449335282,1654040
2022-05-05,697.4893798828125,712.4661098389613,694.5718281482423,709.8889747547361,1245236
2022-05-06,685.18701171875,691.4111458173614,680.7620701344246,690.4872425649164,2164692
2022-05-09,671.7662963867188,683.1447601840358,665.4449342057362,679.7895637702735,1879751
2022-05-10,660.0961303710938,679.5950907484438,656.4491904242922,669.8213035625648,1497882
2022-05-11,639.041015625,669.0918202484394,625.9607070322057,660.2419376481323,2586387
2022-05-12,603.5928344726562,635.0537426994325,601.0156401045165,635.0537426994325,3756193
2022-05-13,633.8866577148438,642.8338272424123,608.7957274640697,608.7957274640697,3683558
2022-05-16,635.7831420898438,641.7154734775281,621.973385487625,639.7704390084197,2251248
2022-05-17,664.3751831054688,668.119350775012,632.6710851396365,637.4364434079118,2795767
2022-05-18,653.2885131835938,673.6141490227656,650.2250598662065,667.3414004038635,2385266
2022-05-19,636.8528442382812,643.2714931669301,626.3010567000173,626.3010567000173,2189389
2022-05-20,644.0496215820312,651.5866311211188,637.971388082767,651.5866311211188,1380474
2022-05-23,635.296875,657.8106724227748,633.6435838517584,646.7239523536166,2459723
2022-05-24,633.254638671875,641.5210353959702,621.4385301996299,641.5210353959702,2143475
2022-05-25,629.65625,640.1594235046009,619.4934337598645,636.9987427201119,2333806
2022-05-26,621.82763671875,634.081331967663,608.066492044143,630.191262446389,2987486
2022-05-27,634.5188598632812,646.7239388681166,630.1911464459241,631.1636636472296,2191764
2022-05-30,675.9967651367188,693.4048489013232,644.633081578419,645.2652415792818,7812575
2022-05-31,673.6140747070312,691.4597419120159,658.7345137872893,685.6246386047416,8925215
2022-06-01,668.8973999023438,679.6437044019801,666.2229772760305,673.6141445124895,2016185
2022-06-02,654.6014404296875,673.0792710927137,653.1426643247117,668.1194560788969,2332416
2022-06-03,647.113037109375,666.1743525036062,646.0432324615102,662.2842832919064,2642554
2022-06-06,639.8192138671875,646.7240635849187,630.3371693259048,646.7240635849187,1819887
2022-06-07,636.70703125,646.7239466727823,632.1361884771557,638.943808968448,1587641
2022-06-08,629.8021240234375,645.070656154304,627.2736030102134,636.7070318572638,1797454
2022-06-09,631.6499633789062,633.9840285571219,623.821211270162,626.73876306406,1149323
2022-06-10,626.9332275390625,631.9416554310498,623.5294173889254,624.3560332537205,982264
2022-06-13,609.4279174804688,617.5484122288871,604.6139455450896,617.5484122288871,2000311
2022-06-14,606.0726928710938,617.5483832392684,602.4743675853965,606.8506947107142,1952853
2022-06-15,606.2186279296875,615.0685708680246,605.100268662769,607.7746912056425,971460
2022-06-16,583.6075439453125,616.5272865525448,580.7872796994386,616.1868699202528,2867076
2022-06-17,578.015625,584.5315026855958,565.4701876293923,582.5378541215034,3552167
2022-06-20,558.4680786132812,581.4681372875149,552.8274899520366,573.785226611817,2426937
2022-06-21,583.3644409179688,586.4278939578601,558.273508072912,562.1149630309174,3366401
2022-06-22,573.5906982421875,581.273608743337,568.0960110488619,581.273608743337,1686383
2022-06-23,573.2988891601562,579.4257356460453,565.9077821863441,573.5906324484864,2026544
2022-06-24,580.1065063476562,583.4617025392366,574.3686311587079,575.7787929618636,1938626
2022-06-27,596.153076171875,598.0981106781454,585.9416450139554,588.4215521379017,2296044
2022-06-28,603.00927734375,606.3644735517107,587.2058728606461,593.7703639536277,2017990
2022-06-29,584.6288452148438,598.0495731525095,580.5928743552042,595.1806350173953,2143251
2022-06-30,560.3644409179688,587.3031801143796,559.1974083680872,584.6287577265323,3232913
2022-07-01,563.2820434570312,569.7006340241263,559.8782328379891,560.3644914978523,1928361
2022-07-04,559.58642578125,570.3813430576597,556.2798435276749,565.5187570128373,1698911
2022-07-05,555.1614379882812,567.7555480106946,554.3348220844098,563.0874771699531,1576894
2022-07-06,561.4342651367188,563.2334578836486,541.6921744216277,555.1615162364085,2751283
2022-07-07,566.63720703125,571.8401506452138,562.2122059983961,568.2418249005575,2197534
2022-07-08,572.8126831054688,574.7577176830765,567.366610031265,569.8951312390573,1642440
2022-07-11,576.60546875,578.3073738415198,567.7069126712438,571.4510801294917,1443087
2022-07-12,574.0283203125,584.6773963219935,566.3454101137164,572.8126737214104,1990023
2022-07-13,576.5081787109375,588.9563868789576,575.0494029250506,576.7026940206034,2991446
2022-07-14,569.6033935546875,581.4194431158131,565.0325503805761,578.5991785650496,1831386
2022-07-15,575.0007934570312,578.0642463745703,569.9923061430203,572.8126297610003,1140354
2022-07-18,587.400390625,588.3729078280215,578.8908650985617,579.4257376886757,2221750
2022-07-19,591.0474243164062,594.6943644088564,582.5378974340229,583.5104147920094,2129099
2022-07-20,591.4364013671875,600.4321861127648,589.7831101369921,599.0220242000175,1599889
2022-07-21,591.1445922851562,596.055851930506,586.5738086529286,591.2904936171392,1622641
2022-07-22,592.992431640625,599.8486668261753,590.3666230238036,593.8677209654809,1465991
2022-07-25,582.82958984375,594.0135384833728,579.6689087064653,592.5547625738568,1288536
2022-07-26,579.6689453125,582.4406553302599,574.757744645203,581.1763353093094,1549042
2022-07-27,584.4342651367188,585.6985257158643,572.6181565659788,576.7027409705397,1176622
2022-07-28,585.941650390625,590.172076737485,581.6625506944675,587.4976542668223,1600700
2022-07-29,619.5906982421875,622.4110219283967,588.5674344825883,589.3454363884507,6964646
2022-08-01,624.2587890625,630.0938920254481,615.3602333009093,628.586442940497,3068787
2022-08-02,630.1425170898438,636.9015233456296,614.6308562357639,621.9247350676757,3211110
2022-08-03,624.5020141601562,630.8233766731374,617.5484916527786,627.6140220649656,1638012
2022-08-04,621.4385375976562,631.5527409824057,613.7070134038831,627.2736412370708,1794443
2022-08-05,624.6964111328125,629.4131552539534,620.2714696632141,623.0431793486863,1225071
2022-08-08,640.4026489257812,642.8339422018853,624.7451439707702,625.3286306139368,3886443
2022-08-10,654.6500244140625,658.8804507978591,636.2208102655848,645.0220796925166,5461816
2022-08-11,651.683837890625,672.3498311150939,634.373041320031,669.0919218086882,8853819
2022-08-12,648.1340942382812,666.1256622835728,645.4596719612784,651.7810337069214,4080911
2022-08-16,649.7874145507812,657.421651105283,647.6964787516546,651.3920323744851,1596822
2022-08-17,653.1912841796875,657.421710794512,649.7874735468757,650.5654755342548,1526304
2022-08-18,696.0777587890625,704.7037770773788,655.9690760346832,656.9437700555371,10273793
2022-08-19,716.54638671875,733.700978970166,679.5080111613056,689.011278574071,25609355
2022-08-22,694.469482421875,708.1151985677084,685.4048400231203,700.8049934895834,9845889
2022-08-23,696.8574829101562,700.804981687746,680.6288041137757,685.2098777837072,4889154
2022-08-24,705.9708862304688,710.5519601487529,690.2296130683118,696.8575206887255,4455258
2022-08-25,698.855712890625,715.181840074611,696.9063245701491,711.429291353939,3528550
2022-08-26,700.4639282226562,709.3336206029677,697.9784107125658,701.7797414416169,1996839
2022-08-29,674.2933959960938,679.3618174360628,649.1462990135119,649.1462990135119,5290429
2022-08-30,692.7637329101562,695.7852603935813,678.5819476730768,682.2370500275096,3375748
2022-09-01,689.1574096679688,698.7093993699439,685.4048614070296,689.1086868640481,2309164
2022-09-02,694.61572265625,707.8228148338372,692.1789875869312,695.8340901909094,3497693
2022-09-05,692.9099731445312,703.1929827200707,692.0327247676001,698.1245621335122,1573079
2022-09-06,690.3758544921875,699.4892804883314,687.3543264236707,696.8088715760437,1471443
2022-09-07,688.5726318359375,693.494824949758,683.8453299419876,689.1087016717904,1244503
2022-09-08,696.7113037109375,705.6785009806355,691.2043179542773,695.1518170077745,2501592
2022-09-09,693.7871704101562,703.192991212964,692.0327331257041,700.3176320434062,1383138
2022-09-12,703.046875,706.6532552351841,695.4442725659364,696.9063137836644,2318918
2022-09-13,701.7310180664062,709.2848972216312,699.830352703422,706.604488489132,1479262
2022-09-14,694.8106689453125,700.4639423467355,690.1321491394857,693.9822027523145,1269173
2022-09-15,706.0197143554688,719.32431387584,697.0037930772146,698.319665931111,5718669
2022-09-16,685.2099609375,711.8678211122963,674.4883257023471,706.0684387366769,3745099
2022-09-19,674.48828125,691.4479814822963,672.3439424461712,687.0618582660752,2263251
2022-09-20,688.2803344726562,696.9063543632853,680.7264544078794,682.1884957107394,2330872
2022-09-21,682.6270141601562,694.9081959646817,678.1921677407203,690.0347252860468,1419089
2022-09-22,683.1630859375,687.1593077608607,675.5604247272372,682.2858374930531,1654457
2022-09-23,668.4451293945312,688.9624260764788,666.6906921029068,685.6972249918055,1804335
2022-09-26,647.6842041015625,664.1565575431262,644.2727748850757,662.7919620602896,3249490
2022-09-27,659.5267944335938,664.4489877992255,647.2456129326371,651.0956665717141,2808630
2022-09-28,662.889404296875,665.6185952486594,649.8285396288676,654.8969606228334,2044821
2022-09-29,689.108642578125,693.9821124690594,667.1780280689202,671.6128737715507,5846347
2022-09-30,688.134033203125,693.9821977912535,677.6073488426149,687.1593391051035,3220279
2022-10-03,688.2803344726562,691.4968134408258,682.3833869586305,688.0853837341523,1735784
2022-10-04,701.048828125,701.7798488008342,690.7658158497219,695.9316833941606,2443139
2022-10-06,712.7450561523438,716.1077626743632,701.8284704027268,707.4329614425571,4123619
2022-10-07,716.643798828125,718.9343060447991,705.727213591854,714.4507372200145,3152365
2022-10-10,712.6962890625,716.8387387041147,704.5575581899074,707.1405211744493,1952447
2022-10-11,707.2379150390625,727.7064882412969,702.8517922100123,716.4000620782067,3747651
2022-10-12,704.0215454101562,716.107776198816,688.6701131415624,711.5267019729237,2818945
2022-10-13,705.7759399414062,709.4798249350812,693.5922642795907,703.7291062264627,1887973
2022-10-14,704.5576171875,715.3767575576887,701.194970083446,713.4760921354359,1612489
2022-10-17,709.5772705078125,711.3317079049034,694.3232847837588,700.9999747404541,1387810
2022-10-18,712.6475830078125,716.1077350093034,706.6531907657647,713.1349300359268,1675213
2022-10-19,724.002685546875,736.3325883451064,711.7215650407363,714.4506963209227,6094000
2022-10-20,723.8565063476562,726.1470133990512,707.2379264351047,720.2501267319841,2237769
2022-10-21,724.7337646484375,736.8687177314212,716.6925385620827,724.1976948074681,2936578
2022-10-24,724.9774780273438,731.459217752606,721.3223750598519,730.0458993737209,649393
2022-10-25,721.6635131835938,728.0964702489895,716.9849340553734,723.4666734167503,1544325
2022-10-27,722.4920043945312,727.9990498768841,718.1546037347833,727.1218013872787,1783787
2022-10-28,720.6887817382812,725.9520937486633,716.6437777615436,722.5406646807743,1484665
2022-10-31,722.4432983398438,733.7984492173164,719.3242652374405,725.1724299954684,1993381
2022-11-01,723.4666748046875,728.7300465887305,720.640038200182,726.1470835021787,1359226
2022-11-02,736.3326416015625,742.0345780724001,719.5678918241655,723.2229945594728,3424051
2022-11-03,732.3851928710938,740.7675385904795,727.1218207743391,732.9212627443204,2828562
2022-11-04,739.3054809570312,747.0543110141618,729.1199156297721,732.9699692546968,4743835
2022-11-07,744.56884765625,755.2904827687779,742.2295580172739,743.0093014000637,4583239
2022-11-09,741.98583984375,751.4891067580049,740.2801252693965,750.0270656942735,1566292
2022-11-10,725.6110229492188,743.6915863147121,719.3242342074149,742.7168922304203,2557799
2022-11-11,728.876220703125,738.5257158857704,725.6597421391117,735.8940299731757,1668424
2022-11-14,739.5978393554688,745.6409544135424,731.0692663474707,732.6775353395062,2342968
2022-11-15,721.9071655273438,731.020531017791,713.0374140566327,731.020531017791,4125858
2022-11-16,709.7234497070312,729.8508448237102,703.7777806980305,723.2229376169844,2945626
2022-11-17,708.0665283203125,719.7628573134522,704.7038218366638,704.7038218366638,1607026
2022-11-18,699.9277954101562,714.4507610058349,696.2726926082846,712.5013728448367,1537039
2022-11-21,697.4421997070312,703.777709979456,692.6174530629892,693.0073544144527,1154333
2022-11-22,697.0524291992188,700.8049772561585,694.9568133291252,695.9315073169641,876182
2022-11-23,703.5341796875,706.0684200065831,699.0506106861615,700.5613746220077,1116201
2022-11-24,705.2399291992188,709.3823792713129,703.1443725041718,703.7291651886944,1110302
2022-11-25,703.436767578125,709.5286059084563,701.7797756541532,709.5286059084563,800689
2022-11-28,707.530517578125,717.17995410919,700.8051040490044,701.7797982131893,1780538
2022-11-29,704.7037963867188,710.9418620873515,701.87715985255,703.7778251434149,848626
2022-11-30,717.5697631835938,720.6887960055305,707.6278720908089,707.6278720908089,2643749
2022-12-01,713.4273071289062,721.1761365652256,711.5266418723596,721.1761365652256,1155151
2022-12-02,711.6240844726562,716.4001089955341,708.8949530984128,716.4001089955341,926912
2022-12-05,710.6493530273438,715.1329810045019,706.750577129258,714.450683324217,1114128
2022-12-06,698.319580078125,723.7103487663521,696.0290133135924,710.4545331777828,3646370
2022-12-07,699.1480102539062,704.460104573229,694.4207680422879,699.3429609564744,1847900
2022-12-08,702.413330078125,704.2652131819785,697.393631644608,703.3392418847483,1090422
2022-12-09,703.8753051757812,709.0898943482875,699.5866277230012,704.2164242840381,1253279
2022-12-12,705.5810546875,706.6531943585609,692.5201304713897,702.7056953088857,1082376
2022-12-13,704.5576171875,711.9166053477765,702.7544568711056,706.1658862733925,1172294
2022-12-14,716.3026733398438,721.1761435367658,705.3373653967692,706.653178553697,1858776
2022-12-15,671.6129150390625,684.7225617493232,669.6148041591246,680.8237855970139,14531256
2022-12-16,655.140625,665.6185859654696,651.241848826802,664.1565449005204,8857773
2022-12-19,659.6729125976562,664.3514320789384,655.9690871537498,658.6494957565325,2696707
2022-12-20,657.0900268554688,660.8425752045625,650.1209405036036,659.331811303912,4253915
2022-12-21,637.01123046875,661.524807544045,633.6973066740917,660.3551628850956,3812361
2022-12-22,624.730224609375,640.8126780140644,616.2503736433259,640.3740537503601,4836262
2022-12-23,591.883056640625,621.9036262896925,589.6899946769504,618.4434737562397,7402977
2022-12-26,606.3084106445312,613.472447473349,590.664583330676,594.6608050652201,3578861
2022-12-27,617.078857421875,618.8820773371444,607.2831928767148,612.1079409334687,2032618
2022-12-28,622.5858764648438,624.7789382606103,614.4959270719154,618.9307734718994,2067777
2022-12-29,617.030029296875,620.685131823502,611.6692122578221,619.9053885159418,2332891
2022-12-30,623.5117797851562,629.21371603603,619.5154985876891,621.8547880442845,1680270
2023-01-02,626.0947265625,628.38529337439,622.9269707616656,626.7283015189093,937786
2023-01-03,627.7516479492188,638.2296082680742,625.8997650755947,632.5276722628904,2364730
2023-01-04,619.1256713867188,630.1884250388331,616.9813325823088,629.6523552103815,1377074
2023-01-05,621.0263671875,622.244734807745,615.5193217477503,622.244734807745,861066
2023-01-06,620.1491088867188,623.7554888836703,615.0319649627025,621.221248579318,730880
2023-01-09,623.4142456054688,625.558584258879,620.197767370653,623.2680772028767,592137
2023-01-10,620.8313598632812,626.5332960098875,618.5407932517087,622.8294706801757,978802
2023-01-11,624.5352783203125,627.7030343164748,620.1004318238072,620.1004318238072,922620
2023-01-12,624.4378051757812,627.9954029818232,622.0985155162574,627.4106103122459,685572
2023-01-13,625.2662353515625,627.21562345866,620.9288349151495,626.2409294051113,697974
2023-01-16,623.8529663085938,627.0694450410199,621.8548552392539,626.7283258915991,789814
2023-01-17,624.9251098632812,627.4105677763919,617.6149045361303,623.8041879168768,1093013
2023-01-18,623.950439453125,626.2409467461489,621.562427057684,625.3149754715159,706202
2023-01-19,624.0966186523438,624.7789164186289,618.9307518343672,622.8295282238751,802422
2023-01-20,625.217529296875,635.4518171333189,622.342169863753,623.3168639434143,1759179
2023-01-23,626.5333862304688,628.6777252534863,623.6093037874292,628.3853289073043,756232
2023-01-24,626.9232177734375,631.0169446352962,622.4395894997435,626.8257126751772,845755
2023-01-25,611.6693115234375,627.4106460889562,609.6712003827354,624.1453849409013,1518420
2023-01-27,596.3665161132812,616.8350906627622,585.7911097256236,614.7395342008672,2034846
2023-01-30,609.0374755859375,610.8894178407278,594.5632945877047,598.4133474917608,1192737
2023-01-31,620.4903564453125,623.8043408020706,606.4547944716365,610.2073436630269,1169450
2023-02-01,612.1566162109375,636.2802951309267,601.1913076109424,624.7789166752754,3338066
2023-02-02,614.2522583007812,618.394708391564,607.1370029841468,612.1079192968425,1229577
2023-02-03,611.57177734375,617.1762679825457,602.3609069175219,615.1293748374939,1017351
2023-02-06,618.7846069335938,620.1979254625086,609.1838925827357,611.1332810390004,903072
2023-02-07,620.3441162109375,621.7574346551412,614.5446740030325,618.9307977667338,876421
2023-02-08,625.0713500976562,625.7536479047086,618.9795116250637,621.8061484725907,971390
2023-02-09,634.9644775390625,640.0816215172879,620.8801360246828,626.7283005712261,3035079
2023-02-10,627.8491821289062,637.1574982010985,625.3149419609518,637.1574982010985,1367860
2023-02-13,623.901611328125,629.7985576747105,617.4686546653421,627.8491696568248,859178
2023-02-14,625.8023681640625,628.2878263526294,620.1004311731967,625.7536453546023,773609
2023-02-15,630.8707275390625,631.6017480808227,615.031949134258,624.2915426632206,826243
2023-02-16,632.8201293945312,636.4752321827168,629.5549280333275,630.8707412408323,908726
2023-02-17,633.4536743164062,635.4517851811206,628.9213232776376,631.7479597627668,769510
2023-02-20,625.6073608398438,636.3777778336341,624.4377755561674,633.453695643234,839690
2023-02-21,626.2896728515625,631.0656976676063,622.8295207455418,625.6073750934697,810862
2023-02-22,606.9340209960938,626.6327070756539,605.4639724744741,626.6327070756539,1476831
2023-02-23,590.2735595703125,603.7000167104391,588.999529290542,603.7000167104391,1905454
2023-02-24,595.712646484375,597.8197399863078,589.9794811012415,592.8705885283954,1103521
2023-02-27,587.8723754882812,594.9776099564945,583.1192425637025,593.8995983085777,1272125
2023-02-28,597.0846557617188,598.4567248554052,588.6073527668874,590.8124253568978,1169989
2023-03-01,599.1427612304688,602.5238848463132,591.2535126711174,591.2535126711174,838187
2023-03-02,597.0357055664062,602.1808752831108,595.8596548107314,602.1808752831108,675954
2023-03-03,601.6908569335938,605.1699597184877,598.7997496161878,598.7997496161878,922970
2023-03-06,603.50390625,608.5510967546782,602.7688819910524,603.2588981636841,1159437
2023-03-08,605.9049682617188,606.4439740623545,599.9757848218765,602.7198632930968,599416
2023-03-09,602.7688598632812,608.9921009171046,601.7398379018156,606.443981023105,705160
2023-03-10,599.7307739257812,601.2498120173078,592.4785110278536,600.5637774486244,783871
2023-03-13,589.6365356445312,600.7598798023907,588.0194582078866,595.0267140114369,1063211
2023-03-14,591.3025512695312,592.9196287290019,584.197316049225,589.9795313964614,1024101
2023-03-15,593.556640625,596.7907355470518,589.4894822820183,592.9195956452554,787957
2023-03-16,591.4005126953125,594.4875785989875,583.8052622509124,592.4295346632042,921400
2023-03-17,599.4368286132812,606.640042673217,594.0956401838096,594.5856563733679,1271225
2023-03-20,592.380615234375,597.7218039497956,588.0194589505386,593.899653540044,694608
2023-03-21,594.6346435546875,596.6436979602308,590.1265185560815,592.1845626170909,823110
2023-03-22,592.674560546875,597.7217510494135,591.7925075099408,596.9376773203932,504390
2023-03-23,593.0665893554688,594.4875883830545,587.6764115320218,592.6255628429923,932262
2023-03-24,588.0684204101562,596.4476853351179,586.1573452969191,593.0175719890516,886735
2023-03-27,570.4767456054688,587.9703570599098,565.1846073749418,586.1082718687633,1429219
2023-03-28,549.0140991210938,572.3388555875766,547.6910196438367,572.3388555875766,2025058
2023-03-29,553.228271484375,557.3444193913887,545.9760080379021,551.7582229330436,2017776
2023-03-31,561.362548828125,564.0086482811752,556.1683890522448,556.9524030118517,1237105
2023-04-03,558.9124145507812,568.0757525411212,555.2862830397108,565.4786429924886,1707849
2023-04-05,555.3352661132812,563.42053170587,553.2771626180443,559.647371872811,1555308
2023-04-06,558.5204467773438,561.3135149811903,555.3353417163418,557.246356899802,1559125
2023-04-10,569.6927490234375,571.3588158528453,558.7654250560713,558.7654250560713,1300834
2023-04-11,573.2208862304688,577.2389945238455,566.507629436561,571.3588010312426,1285557
2023-04-12,572.7308959960938,576.749004471107,567.5857264574815,573.2209121426282,1406652
2023-04-13,580.8162231445312,582.1392429519408,570.3788542054369,570.3788542054369,1102409
2023-04-17,584.736328125,585.6673110084512,572.4859236961382,580.8161987077642,974707
2023-04-18,591.49853515625,592.8216147684365,584.2953210390334,586.0103777161258,1216107
2023-04-19,594.585693359375,601.5928894160818,588.5094802675969,594.7817118106774,1814835
2023-04-20,589.7344360351562,597.7217232000917,587.0393472123949,594.7325768344349,698282
2023-04-21,590.95947265625,591.7924761786983,582.825216587948,589.9794403632877,830247
2023-04-24,591.3516235351562,595.3697327845766,585.3733895054004,590.959586615802,870486
2023-04-25,595.7617797851562,598.7998566040358,588.0194991201661,591.8906394526612,977657
2023-04-26,596.0557250976562,600.759868713201,592.4785828663477,593.8996418274058,1087979
2023-04-27,593.99755859375,597.9667372985767,592.9195469803558,596.0556623326278,702044
2023-04-28,605.4639282226562,607.2770238233292,596.2516607169973,597.91766773326,1552366
2023-05-02,614.4312744140625,618.4003933430745,605.8559916220627,607.6200378331318,2483827
2023-05-03,615.166259765625,620.1644003504342,610.1680593643939,613.9412194442089,1461740
2023-05-04,618.9884033203125,622.8595430347461,615.0192842982434,615.1663130761237,1244544
2023-05-05,612.9122314453125,621.0464876662385,611.5401622828514,618.1553803844687,878399
2023-05-08,615.5582885742188,618.008369423211,612.9122491104488,615.4603092668299,659593
2023-05-09,610.1680297851562,620.7524255022277,607.6199699667022,615.5582069380868,935395
2023-05-10,611.8341674804688,613.2552263125565,605.6599758068876,610.5601374234482,650253
2023-05-11,614.0881958007812,615.1172775363224,611.8341335454687,612.5691577471852,530789
2023-05-12,615.9013061523438,624.4765887112653,612.5691724314503,614.0882105214602,1240961
2023-05-15,619.7234497070312,622.9085549324748,612.5202356622153,612.5202356622153,927921
2023-05-16,613.647216796875,623.986545063219,611.8341212459025,619.4293711776199,676721
2023-05-17,610.315185546875,616.4403881316489,605.6600315824468,613.6473196795646,671895
2023-05-18,602.5728149414062,615.2642447518734,600.7597791755205,612.5201663698211,723251
2023-05-19,598.1627197265625,604.6799587678928,592.0375175510368,602.572865292941,847752
2023-05-22,611.0501708984375,612.4222401165207,594.977616414153,598.1627215551632,1083528
2023-05-23,611.8831176757812,623.5945151474314,609.5800657910816,615.8522961823818,1199438
2023-05-24,606.5420532226562,614.333262653249,605.6600001696243,611.5401943460283,659056
2023-05-25,606.198974609375,609.0900818929888,603.6999041771217,607.1300172690371,595504
2023-05-26,611.8831176757812,613.2061971167888,606.9339667254885,609.3840473757742,1185212
2023-05-29,632.8558959960938,634.0809364451763,613.7452649904045,617.4203863376524,4019467
2023-05-30,630.8958129882812,640.6471466435796,614.7742691824216,624.2805947550061,10121546
2023-05-31,636.531005859375,637.2170404617698,627.2206986143187,630.1607956390733,2740993
2023-06-01,636.531005859375,645.939292412019,634.5219515224114,637.1190013377551,2453298
2023-06-02,632.5619506835938,641.6762404169511,630.6998651200718,640.3532205488502,1537757
2023-06-05,630.7977905273438,634.4238620502998,623.3005197826346,623.3005197826346,1619948
2023-06-06,630.1608276367188,633.5419513501552,624.3296229449126,630.9448415865111,882889
2023-06-07,639.8630981445312,644.6652204162151,631.0917972943562,631.1897765955733,2220779
2023-06-08,631.1408081054688,644.665242030158,629.5727803348824,641.9211635234193,1224083
2023-06-09,627.3677368164062,634.0319448760073,626.1426963710227,633.1009021742301,745628
2023-06-12,633.0028686523438,634.0808802253849,625.8485852108819,629.1317292131855,864306
2023-06-13,634.6688842773438,637.5110018323743,628.5436824918675,628.5436824918675,956702
2023-06-14,630.6507568359375,636.7759584369081,629.2296981012279,633.933840967489,785495
2023-06-15,630.1608276367188,636.0410219848063,628.6907790496969,630.6508438323928,765612
2023-06-16,651.7215576171875,657.2587647024626,630.3568628796397,632.1209092677984,5271115
2023-06-19,654.5145263671875,661.5217810111337,647.0173154055816,648.7813615249934,4493884
2023-06-20,650.79052734375,657.5037854220793,647.0174263906724,655.1516836484511,1519178
2023-06-21,649.1244506835938,654.1716415826771,645.8413659969801,650.7905177640196,1006572
2023-06-22,632.0228881835938,653.387581509195,628.9847520003633,650.2024763629161,1913224
2023-06-23,615.2642211914062,633.1008197163586,613.1081383250634,632.0228081913973,1975633
2023-06-26,619.8214721679688,621.0465126063526,609.237134743618,612.5202191919155,914109
2023-06-27,618.0084228515625,623.7906380816415,616.5874236894398,622.8106056573184,871962
2023-06-28,616.2443237304688,621.8305200344895,614.039250964389,620.3604715237697,1192576
2023-06-30,622.41845703125,628.6906873475682,617.6653245530863,619.6253890498831,1309614
2023-07-03,620.45849609375,627.269733320251,619.3804843671519,623.1045955693643,782176
2023-07-04,616.1463623046875,624.0356109112256,614.5292849693943,621.3405218966896,939181
2023-07-05,618.0084228515625,620.3605245965108,614.5783093664318,617.1264295595311,690230
2023-07-06,619.6744384765625,620.7034604733622,615.0682745014673,615.4603113652134,824834
2023-07-07,618.0574340820312,623.7416098280958,614.480292028024,619.6744515922479,1054909
2023-07-10,603.6018676757812,619.3803624768677,602.0827698830267,619.1353544220905,1947356
2023-07-11,606.6400756835938,612.0792437203783,602.7199459538128,603.9449864943695,1079845
2023-07-12,608.3060913085938,610.0211479202488,602.817874261441,607.4730279216476,957020
2023-07-13,605.4149780273438,614.0882403096632,602.2298729223841,610.5601478122786,966834
2023-07-14,610.4131469726562,611.2462103896303,604.2879445673899,607.5220992905143,757598
2023-07-17,613.0592041015625,617.3713702240968,609.5801013385584,609.6290909911365,1006467
2023-07-18,610.4131469726562,615.5093273371239,607.6200786024267,613.5002729114824,763870
2023-07-19,613.0101928710938,614.9702574366288,610.3640937443367,610.5601121641749,655382
2023-07-20,612.667236328125,614.4312825625888,609.7761289851954,612.4222282451043,635393
2023-07-21,610.6580810546875,617.8123644500549,608.0120417894666,611.5401340207094,1112376
2023-07-24,607.9140625,614.4802912920846,606.0029874298251,610.7561802778425,875139
2023-07-25,607.0810546875,612.5202222982226,603.3078942282862,609.0901090533525,842704
2023-07-26,607.6200561523438,611.540185546875,606.2479869376868,607.0810503238812,781540
2023-07-27,607.1300048828125,612.4222031860846,604.728913804172,610.4621386021207,904121
2023-07-28,618.0574340820312,619.3314641915309,605.8560191909164,607.6200654822566,1464610
2023-07-31,627.8577880859375,629.8178529081005,618.4494410496962,619.8705000090507,2235245
2023-08-01,629.915771484375,635.9429941579369,622.9575659631987,629.180747246937,2000678
2023-08-02,625.0155639648438,631.3857735544501,618.0083094897082,630.1607332487566,1033405
2023-08-03,647.0173950195312,649.3694368626859,622.4185461719153,625.2116743697259,4563922
2023-08-04,640.5000610351562,655.5435918688174,638.5889861962742,653.1914905568979,2364709
2023-08-07,640.7450561523438,645.3512195688909,636.1879422001375,644.8612034568416,1052162
2023-08-08,629.768798828125,645.1553195328503,627.8577834936387,643.6852709269803,1180459
2023-08-09,635.6979370117188,640.255051042233,627.5636215587874,632.9048092351898,1792990
2023-08-10,633.5418701171875,635.9919507814071,622.418468011777,635.9919507814071,2510995
2023-08-11,649.271484375,666.1280541213054,632.5619434196544,634.0809817216981,8325028
2023-08-14,636.677978515625,650.39843008839,625.7995845930797,650.39843008839,2976922
2023-08-16,628.543701171875,636.8249861952394,626.3386284635699,636.6780172378743,1177223
2023-08-17,636.1389770507812,639.1771132380187,626.2406742020154,630.5528404861591,1611226
2023-08-18,632.5016479492188,645.7729751536133,630.1914179536006,636.5321751737376,1353750
2023-08-21,639.4813842773438,640.9559762472377,629.5524890139114,632.5016729536993,1495106
2023-08-22,640.6610717773438,645.3797540949139,636.2864369199284,640.0711989868344,1048022
2023-08-23,638.6458129882812,648.4272251587605,637.5644095313523,641.9390444223932,1078844
2023-08-24,648.4273071289062,653.2443322248425,640.9560641243,641.0052051964403,2183330
2023-08-25,647.1001586914062,658.6511300011275,639.9729636279612,649.2137646762603,3014348
2023-08-28,666.6138916015625,672.5122598269164,645.0357425115195,647.8374434180408,5261237
2023-08-29,661.1087646484375,674.3800930094098,659.8799379483474,672.4139702892658,2900392
2023-08-30,661.1578979492188,671.2342767715846,659.6341648592679,666.5155942989325,1632153
2023-08-31,660.6172485351562,667.3020539307868,657.4714401132993,665.5325554439,1663214
2023-09-01,676.6903076171875,677.9683354702029,661.1579491088999,664.3037576678549,4146601
2023-09-04,691.337890625,696.0074320120867,680.3275915646612,681.802183581636,6419929
2023-09-05,690.0108032226562,699.399027355137,684.2107171087129,695.859970403792,2678643
2023-09-06,696.4989624023438,703.7736403503276,684.2598366661493,690.0107815308035,3235426
2023-09-07,695.2701416015625,701.463416122461,692.5175818146413,695.909155481251,1886439
2023-09-08,713.2601318359375,745.1604838093004,695.3192626677056,697.97354024354,13572298
2023-09-11,705.248291015625,720.9772738316852,704.0194642331203,720.5840252607607,5096622
2023-09-12,676.5428466796875,710.0652153885068,674.3800996659207,708.7381065398317,4330553
2023-09-13,675.3630981445312,682.9326819871678,669.0223408996831,677.2800796373409,2241575
2023-09-14,684.6039428710938,692.3700914755354,679.9344014945355,686.1768170184661,2678027
2023-09-15,683.86669921875,690.9446934250948,682.2446238790334,690.0599741499552,1614958
2023-09-18,677.67333984375,686.0293615927546,676.3462309782536,684.2598631049912,1032981
2023-09-20,667.0562133789062,676.9851682159236,664.1070295661622,676.5919197070384,1353493
2023-09-21,659.9290771484375,671.873296640031,656.6849866696416,666.4173181073329,1346593
2023-09-22,652.11376953125,663.9597076537369,649.8035991927368,661.6003362431344,1386201
2023-09-25,677.5259399414062,680.475124189554,655.7019645048514,655.7019645048514,4487685
2023-09-26,670.0054321289062,679.7869042848193,668.530840145642,677.5258752440744,1055108
2023-09-27,670.4478149414062,674.8715908464449,662.6816065742626,670.0054253506422,1155826
2023-09-28,660.7154541015625,676.7394007680733,658.651049439659,672.1190008090579,1109275
2023-09-29,669.3172607421875,671.7749139871853,662.3866905915536,664.6477195766915,846290
2023-10-03,691.6328125,695.4176347623503,665.3359209423538,669.120743204704,3635424
2023-10-04,692.1243896484375,697.4329453852054,685.3413017640211,688.0938617751455,2562621
2023-10-05,707.2635498046875,714.1941208074439,693.6973142245736,694.0413617206544,5547419
2023-10-06,707.6076049804688,710.4093660554339,701.9058606894157,709.7212110544964,1644795
2023-10-09,690.9446411132812,697.9735537181471,686.4225829347833,696.990492374882,1760290
2023-10-10,693.7464599609375,699.5464863704801,691.092182111882,692.0752435373613,1371262
2023-10-11,692.6650390625,699.7430931491276,691.5345544522669,697.9735946277973,946589
2023-10-12,688.3887329101562,695.712552208069,686.7175165600955,693.0582744757731,1230285
2023-10-13,692.22265625,694.5328263640662,681.4581227370907,686.4225704298785,1018087
2023-10-16,691.4361572265625,697.0396187654513,689.3717524496936,693.0582324093176,799567
2023-10-17,702.49560546875,707.2143478742872,691.141259058193,691.8785550588955,2163042
2023-10-18,691.927734375,706.3296077187081,687.2581927790865,706.1821245098939,1690083
2023-10-19,687.7988891601562,692.8124779836389,678.6072296487015,689.5192465017261,1100204
2023-10-20,680.3767700195312,691.5836939649007,678.3123650828451,688.1429790695529,1232956
2023-10-23,654.91552734375,680.9175137973817,651.769718812268,680.9175137973817,1717013
2023-10-25,646.9035034179688,661.60028246557,640.0712150980415,655.9476797550543,1305923
2023-10-26,634.1237182617188,645.281500698395,624.7846353418074,645.281500698395,1821947
2023-10-27,648.1814575195312,650.3933454901388,637.4169840636154,638.8915760440203,1056784
2023-10-30,652.0645751953125,654.5222285467205,641.4475247174904,650.4917010509324,988891
2023-10-31,654.079833984375,657.569749717958,651.7205227856916,653.4900211850297,603228
2023-11-01,641.7915649414062,658.6510907422702,640.9559868118808,654.7679864906188,840037
2023-11-02,644.2000122070312,652.3102673569018,638.6948933179406,646.805148467811,1442254
2023-11-03,652.3594970703125,654.8171504800127,646.9035185010388,648.8205001608657,763012
2023-11-06,660.125732421875,662.7308691415606,655.1121432647631,659.1426710184172,734713
2023-11-07,669.56298828125,671.7257350150578,658.6510324897738,662.5341363979952,1366389
2023-11-08,665.4342651367188,678.3123450790013,660.1748508081497,678.3123450790013,2294522
2023-11-09,659.1917724609375,668.3834320314935,653.1459811938996,667.4986528210476,1785791
2023-11-10,661.0596313476562,664.6477693532948,654.5222492258464,658.5528368502803,711757
2023-11-13,659.6341552734375,665.5325232788632,657.7171736714138,665.5325232788632,517232
2023-11-15,665.8765258789062,667.4494599084842,662.5832946316273,666.2206333234849,736475
2023-11-16,668.1376342773438,672.3156447881604,664.254530155266,665.5324978406676,1042850
2023-11-17,697.9357299804688,702.0305209875175,668.1870377827904,670.6044423451627,4894657
2023-11-20,691.9662475585938,702.523851187009,685.5034348485597,700.4518245914591,1714181
2023-11-21,699.5144653320312,710.3187418007421,694.1369883457678,695.913019768185,4324116
2023-11-22,690.6835327148438,702.326471650329,683.8260198811814,699.5637495640345,1440191
2023-11-23,690.6835327148438,697.0477001679955,689.6968419538225,694.6302957589286,1285720
2023-11-24,683.5794067382812,695.0250566968652,682.3953656773477,693.6436654219711,896138
2023-11-28,687.526123046875,689.8942050065843,683.5793599292433,687.9208234477685,877968
2023-11-29,691.1768798828125,700.0570967549685,687.5261120130277,687.5261120130277,1575534
2023-11-30,696.3570556640625,700.5504917059644,690.6835833720776,690.6835833720776,2128035
2023-12-01,691.9662475585938,700.550469582551,690.6835615602616,700.550469582551,1060638
2023-12-04,711.2560424804688,714.3641426044118,696.6037081197717,698.5770897291761,4528427
2023-12-05,705.58251953125,719.2482223257497,699.6130526373399,715.1041091999299,2826160
2023-12-06,730.64453125,739.9194487810618,707.0625972393636,709.8253796343704,10164743
2023-12-07,747.7142333984375,752.105019251687,722.2576242600655,732.8645497529558,7412553
2023-12-08,739.5740966796875,759.6039084055204,729.3618707183941,752.3024324258704,4842223
2023-12-11,751.9569702148438,756.3477559435083,740.0180366460825,740.9554048703985,3619579
2023-12-12,760.3438110351562,775.9335718982857,753.1903036322869,756.199758373129,7248708
2023-12-13,767.5960693359375,771.1481318927996,753.6343713465924,764.0933292712607,2986173
2023-12-14,780.521728515625,789.3033005359679,775.0456067379172,789.3033005359679,5071262
2023-12-15,770.4574584960938,786.3925384138097,768.2867869949179,786.3925384138097,2894186
2023-12-18,867.4491577148438,877.5133547313569,768.7307044643546,774.40417602023,36365109
2023-12-19,870.3599243164062,904.3021116808463,840.8579057427838,869.4719387365041,37499776
2023-12-20,804.301025390625,878.1548072849536,794.5327624339425,874.8987397070017,17968498
2023-12-21,856.6942749023438,862.8610923145403,791.2273653435958,796.2594642628177,25159581
2023-12-22,849.4420776367188,875.0960367402585,842.5352424934581,863.3543929075861,10046698
2023-12-26,858.2235717773438,872.1359469911575,847.5673241009647,853.4874683903777,6342848
2023-12-27,855.9542236328125,872.9253165378781,847.5180297845121,863.1570540464835,5028695
2023-12-28,852.6488647460938,863.3544356591366,850.5767779668162,862.3184223809109,3578585
2023-12-29,875.6881103515625,883.0882915658011,847.6167442343185,854.474257537412,10705182
2024-01-01,879.9801635742188,904.6474335092793,876.1814280933502,880.1281912829598,9040913
2024-01-02,874.4053955078125,891.2777840312089,855.26356997523,883.7789580703276,5242381
2024-01-03,887.2816772460938,897.888603051371,874.4053747084387,874.5040196965668,6852189
2024-01-04,889.551025390625,899.8619556773257,883.3348857676818,891.8697847653737,4427039
2024-01-05,893.84326171875,911.159674026099,882.1509390568359,892.9552158679813,9811302
2024-01-08,904.3513793945312,916.6356910664122,893.7937765056065,902.0326802608337,9604429
2024-01-09,906.5714721679688,914.3663533808245,899.861986941479,912.6889670184956,4254653
2024-01-10,929.1666870117188,931.9294090543452,895.3232064881903,907.7554857914215,8474409
2024-01-11,927.7853393554688,939.1322834595849,925.5159625792108,936.3695612874958,6012001
2024-01-12,938.540283203125,949.1965315964409,928.8213428737694,933.0147786942318,6044161
2024-01-15,954.524658203125,963.4541974700462,938.3922282635964,948.2098132970327,6618736
2024-01-16,937.0109252929688,958.5700947923224,922.7039089527849,957.0900586191999,5464749
2024-01-17,922.2598876953125,937.8495900353432,919.5958105343923,932.3241457349966,3782327
2024-01-18,914.9090576171875,931.4361287577514,858.7170036947045,922.6545564207981,6557942
2024-01-19,970.7063598632812,975.6398136745632,921.6184944410253,922.5558627097339,14486659
2024-01-23,922.9011840820312,1032.966587230616,914.3170225942956,1031.141233402264,15704924
2024-01-24,957.6820068359375,963.99685165237,897.0005264095089,928.9693304306104,8909650
2024-01-25,957.385986328125,976.774482918566,946.2363933210441,962.5661125689336,6428039
2024-01-29,968.7329711914062,976.725202440411,959.7047869170655,970.8050579105517,3870322
2024-01-30,951.21923828125,973.5184861335946,948.3578711413138,973.2224307201303,2502690
2024-01-31,964.1942138671875,968.8316724411899,952.1565746611041,956.0046926789158,2254800
2024-02-01,950.4791870117188,980.2772596931566,945.2990605765008,975.3438059453299,5130192
2024-02-02,954.6233520507812,973.1731271054971,951.0712892485604,956.054065759919,2803549
2024-02-05,934.0508422851562,959.852769808384,928.6240430456505,958.9647842483419,3260389
2024-02-06,952.4032592773438,955.5113592708752,926.9959721223148,937.3562251369868,2521842
2024-02-07,942.0430297851562,959.6554362607443,935.6788621583818,956.1033735132929,1956892
2024-02-08,931.781494140625,945.7925164661914,929.2654444798003,944.8551481000089,1638646
2024-02-09,926.650634765625,941.697668586438,903.8087199911301,936.4681594737326,2482688
2024-02-12,888.1203002929688,934.3961195309928,882.1015109405571,929.4133433985442,3029950
2024-02-13,898.3326416015625,902.5260774581359,865.3278226387902,888.1203557936232,3906213
2024-02-14,916.8330688476562,921.5691724645795,885.3576094248859,903.3153933525938,4480920
2024-02-15,938.8362426757812,955.1166399476156,922.7531955972611,925.9599405144406,4532823
2024-02-16,928.1306762695312,947.0750904543866,924.627875935592,944.2630459114914,2036667
2024-02-19,934.3468627929688,944.0164205644807,927.0453268019021,929.4627313004868,2063916
2024-02-20,939.23095703125,942.1910293065167,931.6827486401901,934.79084861835,1723035
2024-02-21,913.4290161132812,946.7791534012881,909.8275705725558,939.9710229552584,2291737
2024-02-22,923.1972045898438,926.7492671247754,904.8940433903828,915.7476414083467,1724197
2024-02-23,952.008544921875,958.0767171163243,931.5840945993021,934.6921343244301,7709557
2024-02-26,955.5113525390625,976.7252038006008,951.1698891219901,954.0806388977893,7397592
2024-02-27,940.0696411132812,961.0368201987256,935.5308876121507,956.0047213073494,2829201
2024-02-28,911.7516479492188,946.8778775743708,907.7555621387174,940.3163594763018,2972449
2024-02-29,915.0570678710938,921.5198805373025,900.2567059380234,910.7156042815957,3232361
2024-03-01,916.9317016601562,925.5652457201114,914.66232498039,921.5691602283541,1305118
2024-03-04,925.5159301757812,933.2614285300202,911.6529370828517,922.3585077084418,2010812
2024-03-05,923.34521484375,928.7226916099878,916.2904119389206,925.5159465924766,1167131
2024-03-06,916.6851196289062,924.5293239094167,899.4180298013558,923.5426330621281,1888149
2024-03-07,924.7266235351562,933.8535133732784,917.7704654868827,919.2011189589215,1565514
2024-03-11,926.1079711914062,948.2098694487497,918.658467612311,924.7266401895897,3587812
2024-03-12,908.69287109375,928.8707092608578,903.31539438572,926.5026273382754,1570749
2024-03-13,868.9292602539062,919.1024623715309,857.4342885677513,912.8370000021973,4244094
2024-03-14,886.7883911132812,893.3005265583332,851.2675209268243,863.4038061959645,2731461
2024-03-15,900.3552856445312,903.9567308762383,865.3770874343792,887.0349608706122,3393550
2024-03-18,906.670166015625,910.6662515603541,891.9684495609441,900.3553210446477,1605008
2024-03-19,894.3365478515625,906.6701826121874,888.0217027649921,906.6701826121874,1737458
2024-03-20,889.8964233398438,904.302084392149,871.0505936307096,893.941831379473,1978201
2024-03-21,922.3092041015625,931.3374488031874,898.0859575628772,900.8486796948131,3688075
2024-03-22,916.3397216796875,928.3773610070655,914.1689899611727,926.4039794852929,1554947
2024-03-26,916.3890380859375,924.2825641205943,907.9035216878112,916.3397155927858,1707716
2024-03-27,917.5730590820312,927.686639094004,914.0703190248882,918.5597498149067,1511283
2024-03-28,917.326416015625,926.8973284780874,912.688957376821,920.9771838896972,1729773
2024-04-01,957.2380981445312,960.0008203239056,917.6224386656934,917.6717611608412,4502891
2024-04-02,990.440185546875,998.8270571144454,951.2685498278926,958.0274177542769,8068586
2024-04-03,1001.1458740234375,1024.1356980783896,978.8959476447914,989.6509017731324,7346168
2024-04-04,984.8654174804688,1008.8913136729386,980.8199491843686,1006.424586744643,2790135
2024-04-05,989.6015014648438,997.4950274784658,980.6225794906542,984.7173701993503,1970844
2024-04-08,1001.2937622070312,1012.3447106643058,984.7173696325314,991.624204890475,3002278
2024-04-09,997.001708984375,1017.1795474453082,992.7095679650462,1006.07927618936,2439829
2024-04-10,1009.3847045898438,1015.7981948927118,999.9124968470468,1001.1458603668291,2728295
2024-04-12,1043.573486328125,1054.5751121796188,1003.3164559162813,1009.1379553774242,10944073
2024-04-15,1015.7981567382812,1034.2986088401199,1005.3885810668786,1031.0424810919355,4729372
2024-04-16,1002.921875,1023.0997138903903,992.8576168025048,1010.9633688806545,2760799
2024-04-18,979.734619140625,1019.7449181064283,974.8504877495415,1008.7926745700323,2259164
2024-04-19,978.7972412109375,992.7589396580663,957.5833897129182,976.823859676238,3556149
2024-04-22,986.7401123046875,994.6336386231656,981.7573358607135,991.5749212638859,1465887
2024-04-23,1002.7738647460938,1006.0793151150053,985.5067754576587,991.6242705644128,1744634
2024-04-24,1011.703369140625,1014.2687410844563,1003.3164974944037,1009.3846698922707,1689611
2024-04-25,1014.120849609375,1024.1850475632377,1008.8913402055978,1016.2915211851009,1586884
2024-04-26,1030.5491943359375,1044.9055941620363,1012.9367870220547,1020.5343787182012,3367252
2024-04-29,1031.3385009765625,1053.7857154202045,1023.8396754053985,1037.998663503797,3571796
2024-04-30,1024.925048828125,1043.6227909509885,1020.4355575960323,1036.5186655056032,1889199
2024-05-02,1042.241455078125,1062.1231767174745,1023.0009860498684,1024.9249847744363,3702221
2024-05-03,1038.4427490234375,1061.2846665566474,1027.1451868373529,1047.0762940616958,2504576
2024-05-06,1008.5953369140625,1043.1294543183465,993.7456525789702,1040.9587827600465,3652645
2024-05-07,980.2772827148438,1015.4034501351734,974.1104653852335,1011.3580420560794,2314924
2024-05-08,994.0415649414062,1002.4777584427926,975.8371093503168,975.8371093503168,1871931
2024-05-09,972.9757080078125,999.9617356969788,969.6209956483215,995.5709498892752,1962409
2024-05-10,982.2999877929688,990.5882143818582,969.917030626584,975.1958021771815,1307761
2024-05-13,976.9718627929688,986.3947473394475,960.5434378409205,986.3947473394475,1422203
2024-05-14,1012.9861450195312,1018.8076448925121,980.4253482624055,981.0173386597675,2536531
2024-05-15,1014.9595336914062,1026.0598053902597,1006.6713067337977,1013.3808524722562,1328038
2024-05-16,1026.6517333984375,1030.7957864025645,1015.4034346714006,1017.2781712001816,1662931
2024-05-17,1079.1436767578125,1085.3598769586554,1025.3197660360279,1027.243764912375,6852207
2024-05-21,1100.7030029296875,1107.3631660282238,1073.0756597061297,1094.2401298187706,4808902
2024-05-22,1111.0137939453125,1121.7687473008757,1091.329361493724,1106.1789851400795,3646850
2024-05-23,1107.1656494140625,1123.7421019367232,1101.7388503727402,1113.973839573214,2440066
2024-05-24,1094.289306640625,1109.0402835865875,1092.2665426426622,1109.0402835865875,2116118
2024-05-27,1086.5931396484375,1104.8469177038255,1080.4757054513755,1101.245472538904,2681079
2024-05-28,1068.6846923828125,1092.8586149694274,1063.405921131599,1090.2932431922216,2907482
2024-05-29,1029.019775390625,1047.1749087174062,1013.4793965594824,1032.1771375145677,7214522
2024-05-30,1011.703369140625,1039.8240564250139,1006.9179429374998,1029.0198405413778,2329426
2024-05-31,1006.7698974609375,1023.9383408522395,984.717382963657,1021.6196416448117,4783658
2024-06-03,1040.21875,1070.5101086275256,1024.3823148760434,1070.5101086275256,3598463
2024-06-04,899.9113159179688,1041.945466069224,834.0497062019454,1041.945466069224,11464052
2024-06-05,906.670166015625,932.4227708352789,846.5806744726659,932.4227708352789,8798437
2024-06-06,960.3461303710938,971.7423969095972,913.3796730269711,930.350766597838,5451521
