Price,Close,High,Low,Open,Volume
Ticker,LTIM.NS,LTIM.NS,LTIM.NS,LTIM.NS,LTIM.NS
Date,,,,,
2016-07-21,607.4827270507812,618.2808934931237,579.964894459747,580.8357126195965,11824029
2016-07-22,609.5726928710938,617.1488212554528,606.2635945970405,609.5726928710938,820402
2016-07-25,603.5204467773438,610.4434609950514,602.6060984430464,610.4434609950514,260240
2016-07-26,602.7368774414062,610.8790068787231,600.8645969298916,605.1316276465616,312995
2016-07-27,600.777587890625,607.5264299567008,598.2957237566516,602.6933456986332,168708
2016-07-28,592.0692138671875,606.9601812723428,590.2839943430326,602.2577425388644,375033
2016-07-29,602.4319458007812,609.5726647898517,596.5103934014978,600.8644838642824,726870
2016-08-01,598.1649780273438,606.394166605268,594.4204176526575,605.0879394468013,347573
2016-08-02,595.3348999023438,600.8645743627177,594.333437684862,596.5540135252277,268056
2016-08-03,592.1563110351562,599.122855870864,590.1534400249941,596.5104015574735,116318
2016-08-04,593.0706176757812,595.6395415332573,591.3725118614825,593.9414357189586,134769
2016-08-05,607.5263671875,622.6350424109678,593.4626313329713,593.8545101715873,593783
2016-08-08,610.3563842773438,616.5391710887908,606.3505894110341,609.5726267827029,347844
2016-08-09,608.0922241210938,619.1516238122596,606.3505880484854,612.3592537591901,341932
2016-08-10,601.082275390625,610.4000409597808,600.8645708359743,609.485692460353,84904
2016-08-11,595.6830444335938,606.960148204658,594.3332871587935,601.7352401856796,96842
2016-08-12,596.6845092773438,601.8223036304958,594.7686990310357,597.9472060181272,74615
2016-08-16,593.8543701171875,599.1228086034374,593.288317133737,596.6845287334102,64845
2016-08-17,591.241943359375,602.1706995836089,589.7180117263,593.9849884085995,90769
2016-08-18,587.7587890625,593.7674031032648,586.9315010940571,591.9822363190635,152898
2016-08-19,578.7456665039062,592.069225459455,577.0476137923907,587.8021956677344,222490
2016-08-22,571.3001098632812,580.8355771192541,570.3857616388477,579.9212288948205,132422
2016-08-23,562.5049438476562,576.3945027165088,560.8068379783327,570.4728973106096,221090
2016-08-24,557.19287109375,565.5527557098493,555.886644105345,562.5484230064153,188676
2016-08-25,569.4280395507812,578.9199259956358,557.3671756474303,557.3671756474303,283053
2016-08-26,564.1157836914062,574.6527114003096,563.070791657808,570.4292130042048,86564
2016-08-29,558.1074829101562,563.8113322797489,557.1495508672157,561.2424076039764,66739
2016-08-30,567.5558471679688,574.6094543880939,558.6299592761825,560.8070051034474,141778
2016-08-31,568.55712890625,574.7399158315037,564.7690384797783,564.7690384797783,182760
2016-09-01,562.2001953125,570.3859074583715,560.8504377646498,569.5150892790458,75558
2016-09-02,560.7633056640625,567.8604410297921,557.3670939377754,563.4192901420477,90488
2016-09-06,567.3815307617188,577.3524087833297,561.6776827530131,562.5049705902726,186480
2016-09-07,570.56005859375,578.2232476310451,567.8604904569669,569.4280056366248,142947
2016-09-08,566.2929077148438,572.1273986661993,561.6775831654468,572.1273986661993,112310
2016-09-09,559.9796142578125,567.7299172402867,558.0202733729702,566.2930459978597,148925
2016-09-12,557.1058349609375,566.902537803158,556.1043729657491,556.1043729657491,122512
2016-09-14,554.6676025390625,564.8997152715066,552.9694966044254,558.1944052337585,135473
2016-09-15,553.5354614257812,559.021603982249,552.9694084875975,554.711044419842,69618
2016-09-16,552.9694213867188,557.2799810496782,552.098603400283,555.5383450768066,76717
2016-09-19,557.5848999023438,564.2902108777557,552.969573931134,555.4513846169136,96094
2016-09-20,556.4527587890625,562.8097202077228,555.0594711070748,558.9781525069978,69882
2016-09-21,556.7576293945312,559.0653190276761,555.6255762945185,558.891144746783,41634
2016-09-22,556.0173950195312,563.2451751156008,550.8360163387358,550.8360163387358,102008
2016-09-23,556.0609741210938,564.7256262017895,554.7112164850269,557.3236711937475,136350
2016-09-26,555.756103515625,557.3235654132463,553.8402931294136,556.017338306809,44285
2016-09-27,555.3642578125,557.4106591408602,552.9695079748138,557.280068312753,40845
2016-09-28,555.88671875,561.2422713818107,552.9694993443752,554.7111355627827,55249
2016-09-29,535.2484741210938,557.2801658539266,533.8116027067772,555.5820595871515,176659
2016-09-30,538.1220703125,541.6488730843115,534.2469190309085,535.5531462168032,86260
2016-10-03,542.4325561523438,546.830176444067,539.8636324094914,539.8636324094914,48049
2016-10-04,538.3833618164062,544.6097333184076,537.2948390468624,543.303505994955,60276
2016-10-05,536.031982421875,544.6095711825603,535.1176341977741,539.2104892228795,115421
2016-10-06,535.3353881835938,539.863652605571,534.7258049276616,537.9913725660324,53393
2016-10-07,533.2454223632812,538.7751489821112,532.1568997789269,536.3803992965318,44229
2016-10-10,532.3311767578125,536.0321542588736,531.199123681711,532.1570024805983,54276
2016-10-13,526.8883666992188,534.5951371059507,525.9740185222864,531.6343349467812,88286
2016-10-14,530.371826171875,532.8972202696616,526.8885532924596,526.8885532924596,116210
2016-10-17,538.8622436523438,543.129273713431,527.1061989968605,527.1061989968605,71527
2016-10-18,541.3440551757812,542.5196382681627,538.2961920394432,539.8636538794569,58766
2016-10-19,541.91015625,545.436959336534,540.3426941171543,541.6924516995903,56797
2016-10-20,543.5645141601562,546.0027935170535,541.9099389802061,541.9099389802061,34073
2016-10-21,543.0421142578125,545.1320988362409,541.6923569115639,541.823000879159,43074
2016-10-24,545.52392578125,547.4832662060087,540.8214875016249,543.3468808648515,32897
2016-10-25,565.3786010742188,571.2566227257413,542.0842189737407,546.7866575551643,154266
2016-10-26,566.2494506835938,570.3858365209595,564.2901100237889,565.8575719215294,78843
2016-10-27,563.4629516601562,566.0318761898932,560.3715574279943,566.0318761898932,40774
2016-10-28,563.9852905273438,569.0795544909679,562.1130105951335,562.9838285821128,51873
2016-11-01,561.7647705078125,565.8576264662531,560.8504220752035,565.8576264662531,22450
2016-11-02,555.6255493164062,561.7212767979917,554.3628522794013,561.2423374116865,43871
2016-11-03,550.661865234375,560.4585699438936,548.5719334533259,555.5820093042543,51299
2016-11-04,545.0886840820312,551.2279420002701,544.2613961298085,551.2279420002701,25061
2016-11-07,546.4384155273438,552.0552034963353,544.2613700471551,546.8302943438825,24451
2016-11-08,549.7474975585938,551.7503687102633,546.438399157941,546.438399157941,23470
2016-11-09,546.6561279296875,552.9695599129456,522.4909227523895,531.1991047982626,60189
2016-11-10,549.7474975585938,557.8460958721846,548.6154445729129,550.3570809048905,35377
2016-11-11,540.037841796875,543.3904700715651,524.4066469716041,524.4066469716041,25009
2016-11-15,525.6694946289062,538.8623601485693,524.058448863441,538.8623601485693,43648
2016-11-16,531.7650756835938,544.2612937273674,526.8014020546968,528.5865684680192,22818
2016-11-17,536.3006591796875,542.5095647134515,532.821893914997,542.5095647134515,16698
2016-11-18,535.5079345703125,539.0307234549174,533.5263658227221,538.8986511238403,27527
2016-11-21,528.8588256835938,538.1061490302677,527.3616292481927,535.5080807678817,59932
2016-11-22,529.43115234375,532.821815120392,526.6569346148668,531.0604206902419,35265
2016-11-23,532.998046875,535.4639887038571,529.299107254964,532.8218966543316,39071
2016-11-24,532.998046875,537.225383403541,530.0917563712219,537.225383403541,33135
2016-11-25,546.1204223632812,548.6744662597919,532.9980636887839,532.9980636887839,48951
2016-11-28,547.2654418945312,548.6745363774035,541.6289564560243,546.0324439068863,15063
2016-11-29,556.5127563476562,559.2428970206847,547.5736554686782,547.6176795917578,32418
2016-11-30,566.9929809570312,572.3652674020774,554.8393674679578,562.5894939136348,72517
2016-12-01,572.4531860351562,574.17055634396,562.5893665404675,567.169002779447,56649
2016-12-02,572.4531860351562,573.4219314639729,561.7086693311826,571.5724888258713,57125
2016-12-05,570.0313110351562,573.3339258151977,564.1746526571511,565.4076503430982,73799
2016-12-06,568.9306030273438,573.3340906668743,559.2429302203766,572.4533931389682,19963
2016-12-07,564.2628173828125,572.2771419721754,563.6463184712842,572.2771419721754,10140
2016-12-08,566.4205932617188,569.6791308629917,564.527072220108,569.635106740665,24397
2016-12-09,576.7247314453125,580.7759721627992,566.4206137861719,568.0498826458455,96947
2016-12-12,575.4476928710938,578.882380420556,568.4021137909629,568.4021137909629,32850
2016-12-13,573.5541381835938,578.8823462981695,570.0313488511802,570.0313488511802,16398
2016-12-14,585.2675170898438,586.5445392247437,571.3965313649343,574.2147741359354,106713
2016-12-15,594.5587768554688,598.8742154979577,587.4691737315242,590.0672417406348,112072
2016-12-16,598.1696166992188,600.9437809411396,582.2289633227562,594.558725518397,82753
2016-12-19,598.9181518554688,601.1639190838093,594.5146656220583,600.6355222371976,85785
2016-12-20,599.1383666992188,604.7308268460799,595.7036794568963,598.9181923726533,55539
2016-12-21,599.4026489257812,602.3089934454965,596.2321596814621,599.7549493989301,32546
2016-12-22,598.9622802734375,600.5475785963324,595.4394906732326,599.2265324962556,62846
2016-12-23,596.760498046875,599.7548905141311,590.0672197422435,599.094367506957,28239
2016-12-26,590.0671997070312,594.426662157059,585.7077372570036,591.8285943330225,26618
2016-12-27,592.8856201171875,595.2194364462156,585.443714834181,594.2947147402416,27440
2016-12-28,599.0943603515625,602.2208251308119,591.3442345773175,591.8286073594267,32450
2016-12-29,598.8742065429688,599.7549039055319,596.2321144552792,596.2321144552792,23680
2016-12-30,598.9181518554688,600.4153479255272,595.923813468846,599.666776767245,27436
2017-01-02,599.1383666992188,600.6355628705634,594.4706817267306,594.4706817267306,19785
2017-01-03,598.9622802734375,600.4154524849234,595.4835685460379,595.4835685460379,18783
2017-01-04,614.7266845703125,621.331913989048,596.2320421978533,598.8741339653474,169526
2017-01-05,609.0902709960938,619.4825428182559,607.6811767253772,619.4825428182559,48231
2017-01-06,598.9181518554688,612.084586444065,598.8741277438335,604.6867080705377,29818
2017-01-09,599.5347290039062,601.4282498330458,583.0216534712978,598.9182300999887,40152
2017-01-10,598.9181518554688,603.3216380888792,591.2560750586356,591.2560750586356,24277
2017-01-11,598.8742065429688,601.5162986306583,597.1128118178424,598.9182306603967,23406
2017-01-12,598.9622802734375,602.3970216350386,597.6412341733607,598.8742320348338,17316
2017-01-13,598.8742065429688,601.4282503958025,595.6156155507847,599.7549039055319,20428
2017-01-16,598.9622802734375,599.754929434885,596.5844402961019,599.754929434885,16911
2017-01-17,599.2705688476562,599.7549416768705,597.1568735429879,597.1568735429879,23539
2017-01-18,608.2536010742188,611.9965645335461,596.4962600734101,599.3145021346618,40714
2017-01-19,603.4537353515625,618.9980087608881,600.6354935461025,603.3216092694739,52616
2017-01-20,597.200927734375,605.7437038701038,596.4963805151773,605.7437038701038,141443
2017-01-23,585.83984375,597.1127582283913,582.4051028428629,594.4706663778232,66981
2017-01-24,598.9181518554688,600.6355222371976,586.6324145135545,597.9934304971514,166760
2017-01-25,604.77490234375,609.3545394761074,597.5531730681289,598.8301950214068,61397
2017-01-27,605.3473510742188,607.3289202722913,600.8558157266563,604.1584310567771,32948
2017-01-30,596.8046264648438,605.0391258169919,595.6156526991268,604.1584283994999,22061
2017-01-31,588.9663696289062,600.8117600753208,582.7574638848272,600.5475616134773,64335
2017-02-01,586.4122924804688,589.9791596503123,578.0016437755451,585.6637212554515,69910
2017-02-02,602.92529296875,605.3031862042124,581.832637634471,585.6636490251939,48546
2017-02-03,606.4042358398438,613.8461402564957,595.835866136719,602.9254700618636,70156
2017-02-06,607.63720703125,609.4426260252769,600.855826019863,600.9438742621061,34541
2017-02-07,605.5675048828125,608.8701201008764,603.277713166356,605.9198053408071,56264
2017-02-08,607.68115234375,608.5618496659873,603.585888293947,603.585888293947,35317
2017-02-09,607.7251586914062,609.4425291702588,605.9197399843035,606.8004372807924,35869
2017-02-10,612.0406494140625,613.8460682759385,605.9638160459416,605.9638160459416,59397
2017-02-13,608.1215209960938,614.6387028962935,603.2776855645535,614.6387028962935,37221
2017-02-14,607.9014282226562,609.1344261811571,605.0391614472508,607.6812538553173,17670
2017-02-15,607.68115234375,611.1599175172872,601.5162710880888,601.5162710880888,41801
2017-02-16,608.6500854492188,610.2794082495245,606.6685158635743,610.2794082495245,21362
2017-02-17,608.473876953125,612.1287390419172,607.1528308058134,607.8573780003452,31114
2017-02-20,617.28076171875,620.891599162837,604.4225488315062,604.4665729459956,77283
2017-02-21,626.792236328125,628.0692580765576,613.7138500647533,616.708242181527,211837
2017-02-22,628.1573486328125,632.2966366896097,596.5843719589765,626.2638279381987,211504
2017-02-23,627.0564575195312,629.6545252220318,625.2950629759371,629.2141765861332,82198
2017-02-27,626.2197875976562,628.0692841300878,625.25104209507,625.2950662081884,52144
2017-02-28,626.528076171875,628.773843519868,625.3391025734104,627.0564730466392,45670
2017-03-01,625.7796020507812,628.1574960673533,624.634706043842,625.2512050486584,65231
2017-03-02,616.9285888671875,625.9997622211711,613.7580994193806,625.2511908595665,30376
2017-03-03,616.5322265625,620.2751906487525,608.1215768370336,608.1215768370336,32643
2017-03-06,617.4129028320312,622.036564191862,615.0350090962747,619.1302735163833,44229
2017-03-07,617.8532104492188,620.8916270343422,609.6627359071254,609.6627359071254,20975
2017-03-08,617.9412841796875,620.0109013404334,613.8460202191507,620.0109013404334,18734
2017-03-09,617.9412841796875,619.130204037393,610.3672551214416,616.4881121282718,34272
2017-03-10,618.3816528320312,620.6274202767214,612.5690181918634,616.4881320678517,19916
2017-03-14,622.1246948242188,626.3520317971154,614.1984178424728,620.8916969034336,254819
2017-03-15,625.471435546875,627.3208789737597,618.3818307391307,618.3818307391307,73560
2017-03-16,627.541015625,629.6987353289272,622.1247580557462,624.4145501373558,94940
2017-03-17,626.3519897460938,628.7298834316755,620.1871080630682,620.1871080630682,77824
2017-03-20,618.9541015625,627.849177261333,616.7523581350911,627.849177261333,30680
2017-03-21,621.6843872070312,625.2071772096131,612.9654604492374,619.83489020357,33206
2017-03-22,610.4112548828125,621.7722711401713,609.5305576149086,621.7722711401713,17282
2017-03-23,602.5730590820312,616.4000164255418,598.9181440545085,607.9452907154207,17197
2017-03-24,608.5618896484375,613.8460739290317,607.4610179233136,613.7580256924227,15965
2017-03-27,605.9637451171875,610.6755077579094,603.4097552894694,610.6755077579094,16315
2017-03-28,608.3856201171875,612.0845591389412,601.7363669520599,605.2151316719652,28076
2017-03-29,630.9755859375,633.2213532825873,606.1839356532016,608.0774563334008,497033
2017-03-30,631.4159545898438,638.505557268121,625.7354461227586,627.0564921033134,201126
2017-03-31,629.5664672851562,636.7881961697999,626.2638522848771,631.9003367200866,69806
2017-04-03,636.0836791992188,640.9715388805788,620.9356735960067,620.9356735960067,103660
2017-04-05,632.4287719726562,638.9899782551514,627.0565394144671,630.6673771990202,49361
2017-04-06,631.23974609375,633.0451646831172,628.0251796697963,631.4599204035142,16636
2017-04-07,626.0437622070312,631.6362232789264,624.414493422353,627.8051571109025,31852
2017-04-10,636.3919067382812,640.2669967205217,625.2951412263692,625.2951412263692,130522
2017-04-11,632.6049194335938,637.8010554944925,628.0252822914714,634.1901639722316,23460
2017-04-12,628.3775634765625,633.2213989343355,625.2951227307069,628.0252630327788,27888
2017-04-13,631.9884643554688,638.5056469429092,611.115977934071,627.6730791316824,159957
2017-04-17,624.5906372070312,636.7442511674092,622.6971162035404,629.742695746195,18290
2017-04-18,623.1375122070312,627.9373243853634,620.8917443081082,624.5025825962974,21393
2017-04-19,625.118896484375,626.1757439336961,616.7082485085383,616.752272620282,53483
2017-04-20,633.0892333984375,636.3038000488723,618.0733551652846,618.2495053762053,42679
2017-04-21,638.85791015625,640.1789562452799,631.4160064373477,638.0652610014309,87795
2017-04-24,638.5055541992188,642.0283434637662,637.4487066691548,638.5055541992188,62729
2017-04-25,637.0964965820312,641.9403320989561,632.3407093003772,638.5055908673725,37811
2017-04-26,631.3278198242188,639.3862213885723,629.6985513675332,634.9827350153727,28422
2017-04-27,628.0693969726562,638.5056400710358,625.7355272696151,638.5056400710358,23956
2017-04-28,624.8547973632812,632.296701049457,621.4641339177498,627.9372382241289,16571
2017-05-02,626.2197875976562,628.6857292207359,621.8163012159084,621.8163012159084,19893
2017-05-03,625.2511596679688,632.3407633250201,621.3760694219561,621.3760694219561,24792
2017-05-04,624.3263549804688,633.9259235675878,620.8916139127434,625.295100536238,21383
2017-05-05,645.727294921875,656.1195126943883,630.5792900525933,630.5792900525933,337812
2017-05-08,652.7288208007812,659.0257741993485,648.1932082363159,648.1932082363159,128390
2017-05-09,659.1138305664062,662.020120684113,651.7159523090681,652.728775628243,95328
2017-05-10,661.7559204101562,664.2218619045262,656.6478334711483,660.5229227862247,96324
2017-05-11,658.4534301757812,662.3284664693455,653.477468382786,662.284442350209,57039
2017-05-12,665.6752319335938,673.7336361417931,647.7530580160638,647.7530580160638,119771
2017-05-15,672.1043090820312,678.1370653699579,665.8073005450495,665.8073005450495,141963
2017-05-16,680.9552001953125,682.540444670945,665.366846385676,671.9720764953948,103084
2017-05-17,685.1383666992188,686.9437851273815,678.4450360279357,684.3016936461223,91355
2017-05-18,683.99365234375,691.9639530063286,674.6142035990977,675.7590994602493,58734
2017-05-19,681.8800048828125,691.3475025289091,670.4309379619516,689.5861076180074,42279
2017-05-22,687.9567260742188,693.9894811539164,674.0416655558977,674.0416655558977,69383
2017-05-23,680.6909790039062,695.750881649606,674.6141460045546,686.1512593760791,48272
2017-05-24,682.6285400390625,698.3930451575127,679.8983995732658,681.8799687430065,84767
2017-05-25,694.341796875,700.1543777549623,683.4211284752839,683.4211284752839,36242
2017-05-26,701.3432006835938,703.6770697881677,693.1967515026919,695.7507949094525,61208
2017-05-29,682.7166137695312,700.2865370979221,679.9864196632527,691.347437267521,54667
2017-05-30,676.2874145507812,690.5987443294666,671.0912794682001,684.3017377254481,25420
2017-05-31,705.0863647460938,712.1760222996019,677.0361721555871,682.5405312788032,294100
2017-06-01,697.6004028320312,712.4842106877254,692.7565670362555,704.910234399369,39176
2017-06-02,690.378662109375,707.1999596992015,687.8246183375795,702.3121002427649,24057
2017-06-05,689.453857421875,700.154351081309,684.6981242704021,686.9438916269446,15958
2017-06-06,692.66845703125,699.229662956626,685.9751787571413,688.7053190062778,22018
2017-06-07,706.451416015625,709.8420793847346,687.3842964761604,690.4667372675334,129135
2017-06-08,698.6131591796875,707.1999581737019,694.7380694143222,694.7380694143222,43011
2017-06-09,704.8662109375,707.816579765691,691.6117245329502,699.0096049117034,32370
2017-06-12,694.9142456054688,707.0238343829826,689.4539111878167,699.273708316074,17027
2017-06-13,701.4314575195312,704.5579225501468,690.7749866888581,695.75094851827,59736
2017-06-14,697.1159057617188,704.5578083632546,692.2280467168977,704.5578083632546,17016
2017-06-15,709.2695922851562,713.0125560382982,693.2849675679563,700.1543961759637,76282
2017-06-16,708.0366821289062,712.4841932271514,698.0848123067184,709.2696262309676,28281
2017-06-19,727.8521728515625,735.3821227590564,698.040541970255,706.3191167098961,121016
2017-06-20,724.6817016601562,735.3821946161479,713.3647636396165,723.9771546196059,26481
2017-06-21,729.3494873046875,735.2501161860679,717.7682963589691,719.9700395993341,26124
2017-06-22,720.3663940429688,741.5471541440069,714.4657111630945,732.6521325850093,52127
2017-06-23,710.590576171875,724.2854618267377,704.557821328151,704.557821328151,82985
2017-06-27,690.3345336914062,710.4144744532075,688.0887664032693,701.3873274343566,90164
2017-06-28,695.6629028320312,709.0935382799261,689.6741174655767,689.6741174655767,89654
2017-06-29,692.4041748046875,712.7482593699999,690.3345040566277,711.1630151025134,50169
2017-06-30,694.64990234375,708.0805343700475,684.3897586714447,692.4041352802146,34206
2017-07-03,695.6188354492188,699.1416251280217,690.2466026904461,694.9583123844433,28480
2017-07-04,691.5235595703125,701.2552543907495,690.4667120155073,693.1088040257706,26303
2017-07-05,703.0166625976562,706.3192776740624,686.9439358924797,694.8702120758544,72050
2017-07-06,694.64990234375,708.7410572565868,692.6683336841323,702.7963512777338,19303
2017-07-07,700.9030151367188,702.7965360774268,689.6300989929446,692.2281671138564,34789
2017-07-10,693.59326171875,697.4683519762513,691.3474939858031,695.7509812086425,3530
2017-07-11,691.6556396484375,704.0735044875532,691.3474170785287,694.1216352217089,22549
2017-07-12,693.2410278320312,696.6316915550111,691.9640057630558,692.2282042506179,16588
2017-07-13,692.3160400390625,700.814789429869,689.673948467225,693.9893862026224,28646
2017-07-14,687.0320434570312,695.750969513091,686.0632977856935,688.7934383165581,24248
2017-07-17,681.219482421875,686.8999917654932,679.4580875093427,682.1442040002531,19288
2017-07-18,692.2720947265625,699.0974987306955,679.1056594775678,680.3386571861647,24089
2017-07-19,695.7950439453125,698.0848896803743,692.8447288436763,692.8447288436763,83740
2017-07-20,690.68701171875,697.468393193372,686.9440473581446,695.7510223242747,24191
2017-07-21,676.6398315429688,686.8999782073558,670.2107509898253,686.107329010959,59267
2017-07-24,673.2930297851562,687.912582246393,660.5229199985182,676.3754700784826,57680
2017-07-25,678.2689819335938,686.9438280037831,673.7333697729412,673.7333697729412,53100
2017-07-26,678.4891967773438,690.4666581209,672.0160396053632,679.0175936367524,104644
2017-07-27,675.8030395507812,682.5403952765222,667.7446916521949,678.489209270473,69016
2017-07-28,671.2674560546875,682.4523219029469,668.4492140983041,678.1368838678446,75790
2017-07-31,673.116943359375,674.614139537246,669.329955676641,669.329955676641,23669
2017-08-01,682.4964599609375,686.9439710742431,669.2859989787405,674.6142074908593,61371
2017-08-02,680.0304565429688,685.1825143590506,676.375541166775,681.6597250821404,16829
2017-08-03,685.5787963867188,687.3401909159397,669.3299211039565,683.15687890904,35079
2017-08-04,682.54052734375,685.5789443129494,673.733552797379,685.5789443129494,15294
2017-08-07,686.4595947265625,686.943967542719,678.2250418378909,682.980829268434,18023
2017-08-08,684.3460083007812,686.9440767777584,678.181125560468,686.0633792434279,17131
2017-08-09,672.3244018554688,686.10728360984,669.33000926001,679.017680446668,12303
2017-08-10,657.3085327148438,684.9624546683003,651.7161253031722,669.3300746356904,13667
2017-08-11,649.5142822265625,704.5578654661017,638.1092410286301,647.3125388969809,23821
2017-08-14,658.6618041992188,663.0793694387238,648.1756903487409,648.1756903487409,11650
2017-08-16,661.9638671875,669.326458228008,658.706456636153,658.706456636153,18117
2017-08-17,692.3064575195312,696.0993063038793,661.3389518451074,667.4967751888365,44351
2017-08-18,690.164794921875,692.5297701775911,668.1662981774421,690.5217908181845,20999
2017-08-21,670.843505859375,689.8523634538346,668.9247485197574,683.1590999015659,11102
2017-08-22,663.3916625976562,684.4977761804989,660.4020265626717,670.8435289577142,20531
2017-08-23,661.2498779296875,671.7806024848175,659.5542292473697,663.391689745859,9989
2017-08-24,656.9214477539062,665.3103593852273,647.2831596789282,664.864141840368,19413
2017-08-28,669.86181640625,671.4682432872081,660.4020253979767,660.4020253979767,29472
2017-08-29,667.1845092773438,672.0036809686727,664.8641996303602,665.7566347976492,10226
2017-08-30,666.73828125,675.4395239947734,658.0370385052266,667.5414946759466,37113
2017-08-31,673.0300903320312,673.7886385344635,661.6068751359028,661.6068751359028,41243
2017-09-01,677.0906982421875,687.1752066140967,668.0324578215751,673.3424589484882,20054
2017-09-04,678.6524658203125,686.1935553442249,672.0484225102747,677.090703973878,18105
2017-09-05,680.2139892578125,686.9964736828696,668.0322293372499,673.9669440616083,79433
2017-09-06,689.31689453125,692.485028249176,678.2506774791501,681.8204178869352,37187
2017-09-07,689.6292724609375,692.5296867417502,682.4897911543214,684.1407744185086,80549
2017-09-08,692.618896484375,696.010193622267,681.8204529829528,683.6499341421301,27103
2017-09-11,686.5504150390625,693.2882901658687,683.7838875999523,691.6373067699359,13407
2017-09-12,682.2219848632812,691.5925528882373,671.6912621673132,691.5925528882373,31230
2017-09-13,684.0514526367188,689.8522803498807,681.8203650547333,681.8203650547333,12491
2017-09-14,684.4083862304688,689.852217647747,680.2139310635969,686.9518040547907,20578
2017-09-15,675.3056640625,686.2826051098048,671.2897060351994,682.6236429173421,42865
2017-09-18,674.591796875,682.7129354962015,672.1376000480528,674.3686880725502,23734
2017-09-19,686.41650390625,687.1750519808592,672.0036547293337,674.7701818519389,155719
2017-09-20,687.308837890625,692.5295608591379,684.4976458491736,687.174950852495,18783
2017-09-21,697.52734375,703.77439026838,670.2634587673406,670.2634587673406,153060
2017-09-22,695.29638671875,700.5617772786263,691.68203430321,696.0996003532847,92598
2017-09-25,693.1990356445312,695.2070148272802,664.0610048268956,685.8364453077854,39562
2017-09-26,695.1177978515625,696.9918899803142,676.0642736829517,676.0642736829517,43270
2017-09-27,690.744873046875,697.7951332031525,685.5687595691907,696.099484465843,23725
2017-09-28,689.5399169921875,691.9941132153308,682.8466545654333,690.7446824410397,22905
2017-09-29,713.0111694335938,720.6414800935402,691.6373338359055,692.975986740104,107653
2017-10-03,724.9697265625,735.3666186259452,718.410349507143,722.8725255910383,154998
2017-10-04,725.5497436523438,729.9226974746233,722.8724383252134,727.3346138704306,44669
2017-10-05,719.8828735351562,725.5498152488235,704.0421487864888,725.5498152488235,34952
2017-10-06,713.5465087890625,722.827856078504,711.2708100648963,718.4995129463463,21454
2017-10-09,713.2340698242188,714.8404419458453,702.7925693287805,702.7925693287805,17425
2017-10-10,717.6070556640625,724.1218755929368,709.9321354471947,710.0660225026876,42283
2017-10-11,717.9642333984375,722.8726277846295,713.0558390122455,722.4264101131574,17514
2017-10-12,723.2293701171875,724.6572443772569,714.2603544895447,718.4101991671081,28848
2017-10-13,726.1744384765625,728.2270282750214,722.8724177729993,723.2294135944333,33640
2017-10-16,721.8906860351562,731.3504751521502,713.9479928269923,713.9479928269923,29688
2017-10-17,720.0166625976562,727.3346416654518,718.9011186687216,721.0875956634173,17601
2017-10-18,720.5073852539062,726.3082128327409,714.9296664281037,721.0874897997538,15324
2017-10-19,723.5864868164062,724.6574200059665,720.0167458311552,722.8725495133409,10933
2017-10-23,716.9823608398438,729.8333932342545,714.8404948724849,729.8333932342545,26986
2017-10-24,719.0350341796875,721.9800593746234,713.5019251792477,713.5019251792477,13215
2017-10-25,721.0875854492188,722.3816272824366,714.3943219704203,714.3943219704203,33807
2017-10-26,733.0015869140625,734.4741266960135,715.7775994541786,715.7775994541786,79639
2017-10-27,721.667724609375,736.2590179034944,711.0031133954556,732.8677751392562,29428
2017-10-30,731.395263671875,736.2590464484583,721.6677525886306,721.6677525886306,37428
2017-10-31,740.9443359375,748.753144054878,721.3999829757505,730.9044397865854,32952
2017-11-01,732.1983642578125,751.3411074080622,728.7178456959803,736.2589329333408,58876
2017-11-02,723.36328125,744.7371134342782,721.9800176972212,729.1194987127685,16339
2017-11-03,728.7625732421875,731.7968747547494,724.2111754432673,730.9044395416339,17246
2017-11-06,727.64697265625,740.7211692999331,721.8461442219734,728.4055752103757,18807
2017-11-07,732.0645751953125,750.5379945155413,729.1195499633736,745.1833833774994,64202
2017-11-08,782.3977661132812,793.999420975664,736.3034771220819,739.7839953687603,485299
2017-11-09,835.631591796875,863.8771847601074,785.3428952364612,789.8050707775775,680366
2017-11-10,842.8604125976562,878.0223258388601,803.2808798727607,829.6969937558656,356593
2017-11-13,875.8927001953125,886.378357725117,829.1796021284375,850.5560097816808,214931
2017-11-14,852.1309814453125,879.8977836355515,846.9556414470969,874.8574744809546,62714
2017-11-15,865.091796875,874.7674318749321,839.2600905858067,858.6563525521096,157325
2017-11-16,866.1719360351562,882.0580026487996,855.0562270575099,872.1573515986601,86092
2017-11-17,869.1871337890625,877.287666154412,862.2566673338798,877.287666154412,41136
2017-11-20,870.7173461914062,877.4677906111187,857.6214400689583,870.8523221186462,66994
2017-11-21,885.4332885742188,896.4590144039867,864.1018733287592,864.1018733287592,96574
2017-11-22,893.443603515625,898.1689133459711,884.7580120438442,891.0584251509723,108669
2017-11-23,902.264404296875,907.2597221370664,891.058655670333,899.0692049529873,102573
2017-11-24,892.0936279296875,909.0597205419397,886.5582423107036,904.2894181439675,281369
2017-11-27,898.1239013671875,904.5593455509264,887.9982370513189,891.0584597964349,35004
2017-11-28,899.2490844726562,906.3595738083116,896.4589230517163,899.3841153207104,62603
2017-11-29,914.3250732421875,920.3104886141207,898.2590392536845,899.2490823529097,75908
2017-11-30,912.0748901367188,922.5155539873444,898.664042167833,909.0597140493675,52394
2017-12-01,915.900146484375,923.0106355681662,908.1596599593171,915.3601329817893,96378
2017-12-04,905.594482421875,919.8603971352452,901.6342004209706,904.109362937724,26832
2017-12-05,883.9480590820312,903.6593762145972,872.0222754815896,900.0591396559732,66010
2017-12-06,875.802490234375,904.4694053330317,873.0573209853366,874.452401593676,56995
2017-12-07,869.0071411132812,883.7230867799902,862.9317416285431,875.3075553937505,38362
2017-12-08,886.1982421875,894.6588204109602,868.7371271446548,873.0574001998303,107088
2017-12-11,883.9030151367188,895.5587912969291,882.0579049959705,891.0584958632763,12272
2017-12-12,901.0491333007812,906.7195495177151,883.9030186180809,883.9030186180809,85356
2017-12-13,951.3172607421875,971.9736795124269,900.0139556629016,900.058947623235,243575
2017-12-14,939.3015747070312,980.1642763374367,927.2407618211603,956.3127122208691,164148
2017-12-15,935.656494140625,963.0632501619893,930.121108625875,963.0182032581754,43080
2017-12-18,927.555908203125,945.062012971399,910.859768692434,936.0614223716714,38449
2017-12-19,928.8609619140625,942.4968788232366,919.5003255950937,919.5003255950937,18356
2017-12-20,915.2702026367188,939.6167375472642,912.1199955049268,927.7360003127084,47202
2017-12-21,939.481689453125,943.7119230809712,920.6704331515186,922.1555525725254,24231
2017-12-22,967.563720703125,972.0640170784884,937.8617646257268,937.8617646257268,54024
2017-12-26,954.5578002929688,981.0644990012692,939.6617770250688,981.0644990012692,25094
2017-12-27,972.6488037109375,979.2191686466285,946.0070786444476,958.607904947428,52347
2017-12-28,986.6448974609375,1000.865877437481,952.7127079744367,952.7127079744367,98651
2017-12-29,1007.03125,1013.6466633827459,985.3398444774979,993.6653923755722,50158
2018-01-01,1030.927978515625,1043.9788388001125,998.1657969308067,998.1657969308067,46400
2018-01-02,1034.16796875,1106.8927923979397,1026.0674363577023,1030.567732131201,262890
2018-01-03,1012.3866577148438,1050.3240660580013,1005.6362135441025,1037.7682838486267,61374
2018-01-04,1017.5619506835938,1049.46900469105,1010.9464278090769,1014.81672623427,67098
2018-01-05,997.7155151367188,1035.0679678910478,990.0650127653502,1030.5676723784782,63795
2018-01-08,1006.3109741210938,1024.9421508290254,999.0654554732982,1024.9421508290254,43365
2018-01-09,998.2107543945312,1020.4872208149329,994.3404556742963,999.0657667331693,49921
2018-01-10,1001.6755981445312,1021.5218314895288,992.3600102584734,996.0051829771182,80716
2018-01-11,1006.356201171875,1015.2668095060033,990.8752263935695,990.8752263935695,36337
2018-01-12,1012.2518310546875,1017.0671268937505,1002.1710998038634,1014.3219017623286,33635
2018-01-15,1010.0913696289062,1020.6670645214343,1005.3660591450107,1005.3660591450107,27402
2018-01-16,985.6096801757812,1016.6166696671925,981.06433814718,1010.4062404149158,31695
2018-01-17,1004.3760375976562,1013.0165835507769,987.6798962484183,996.0954274117676,45129
2018-01-18,982.0545654296875,1017.066890079994,973.1439574274516,1012.5665941061887,28832
2018-01-19,1006.6260375976562,1014.8165527678493,967.6085007580185,989.164870502764,184208
2018-01-22,1012.6564331054688,1026.0673351619469,996.3653859862063,1013.4214613374123,53146
2018-01-23,1049.828857421875,1062.0696380558798,1025.122171529555,1025.1672184285144,96641
2018-01-24,1080.2508544921875,1147.5753170400685,1053.9691735324864,1057.5694098212396,517082
2018-01-25,1105.1373291015625,1142.624805302396,1081.0607528574985,1134.0742455147845,336787
2018-01-29,1152.0758056640625,1174.4422553858603,1095.5071054616128,1115.038346656307,441609
2018-01-30,1198.203857421875,1266.3833445202465,1134.1646208332625,1148.4755846537557,432668
2018-01-31,1145.55029296875,1234.4761816981827,1134.0745387080142,1187.1780290125957,188545
2018-02-01,1170.572021484375,1200.0489599060502,1152.1657451583076,1167.3767674171818,230150
2018-02-02,1124.2191162109375,1168.6819578768116,1102.5726460284563,1155.3160992031421,85911
2018-02-05,1134.56982421875,1170.0771205836365,1044.068815290014,1080.971247554575,144602
2018-02-06,1059.2796630859375,1134.5696349104974,1039.568345215542,1080.0710080161475,158668
2018-02-07,1165.801513671875,1170.0767942663094,1090.2415984826437,1093.4817891695902,166514
2018-02-08,1248.2469482421875,1277.9939456212894,1145.4151954591102,1166.4766004977523,377312
2018-02-09,1249.64208984375,1276.6438631339327,1207.879325180835,1207.879325180835,176757
2018-02-12,1292.034912109375,1327.5422016914529,1241.9916452549967,1242.0816291960555,440464
2018-02-14,1352.5638427734375,1362.7794918127988,1280.2441144451943,1308.595976729249,406797
2018-02-15,1341.7181396484375,1387.8912182907468,1314.0863675126398,1350.9887929016934,269416
2018-02-16,1325.2923583984375,1369.890343557743,1307.3812650617456,1337.488206653618,93047
2018-02-19,1262.4228515625,1341.0429907201722,1240.2814200295402,1328.4872104235133,110906
2018-02-20,1289.1549072265625,1309.3161465223843,1251.9824162676775,1267.9584679490229,196607
2018-02-21,1342.3482666015625,1354.0490357983956,1289.6948052158132,1289.6948052158132,243551
2018-02-22,1293.6099853515625,1394.0116253101758,1269.983433175199,1339.1529553821863,424460
2018-02-23,1305.7156982421875,1338.387887666026,1283.7092970972897,1297.8852279854805,403104
2018-02-26,1292.7099609375,1330.287430646214,1284.3844137565272,1311.3861883975196,109155
2018-02-27,1278.9840087890625,1308.4158980480431,1266.0681823985435,1296.1301789634629,107391
2018-02-28,1296.1751708984375,1316.0664563074931,1234.971148181034,1260.0828206524222,224064
2018-03-01,1265.7081298828125,1331.3673983434676,1252.2522900679905,1314.0863072916666,337260
2018-03-05,1255.8975830078125,1280.5141801588447,1239.6515803667291,1259.632850662693,169761
2018-03-06,1239.291748046875,1276.2841655684417,1233.6213301613716,1263.68333459668,163373
2018-03-07,1238.931640625,1268.0036002958293,1224.0806620050853,1227.6808992462768,229501
2018-03-08,1262.10791015625,1279.8390310004042,1243.161621594901,1257.382599742044,326281
2018-03-09,1218.364990234375,1272.5035656313344,1212.514606240217,1258.642633886462,203990
2018-03-12,1243.5667724609375,1263.638026001492,1229.1207788544912,1240.281534520943,244834
2018-03-13,1266.3380126953125,1288.4795528063726,1243.0265716339804,1248.3818789328297,374124
2018-03-14,1223.9451904296875,1259.1825217140815,1212.3794544309276,1258.462430576917,143616
2018-03-15,1198.9237060546875,1235.2860039164145,1194.3783638867267,1224.0803126495466,99115
2018-03-16,1190.282958984375,1225.8803357360634,1184.207560844714,1211.839437565165,443812
2018-03-19,1161.2562255859375,1204.549156890018,1153.065709618043,1204.2790952074674,88547
2018-03-20,1201.84912109375,1205.1792962614288,1144.4252988770775,1152.1208491606328,267396
2018-03-21,1219.4903564453125,1224.0806368594317,1195.2787395215626,1214.9900599862706,108793
2018-03-22,1211.4344482421875,1229.3906924171645,1199.778727359695,1227.6805582285251,155101
2018-03-23,1214.4049072265625,1224.2605117750275,1173.6772273658976,1197.0787671753403,107805
2018-03-26,1205.76416015625,1227.320531024955,1197.0785681202267,1227.320531024955,63644
2018-03-27,1205.6292724609375,1217.2400578652334,1198.923875513407,1213.1897915523748,173783
2018-03-28,1206.709228515625,1229.9307979576463,1201.5789354361198,1202.0740119045365,203654
2018-04-02,1273.5389404296875,1282.584580895795,1201.5792389444814,1201.5792389444814,137754
2018-04-03,1275.60888671875,1332.042553969888,1256.0325993409883,1269.9835167826116,395538
2018-04-04,1273.358642578125,1304.9957426837823,1259.317742252017,1267.28324350592,204859
2018-04-05,1254.682373046875,1296.0850912392395,1238.0312798608152,1282.2692061643647,131858
2018-04-06,1259.36279296875,1295.0052253062024,1239.3815226090942,1239.3815226090942,206358
2018-04-09,1260.892822265625,1273.5836336730024,1255.5824515716172,1260.9828062020326,107745
2018-04-10,1260.8480224609375,1292.3951442243626,1248.0221777001143,1261.073037281303,178287
2018-04-11,1257.067626953125,1275.3387616759926,1251.0822116642282,1267.148245429845,69400
2018-04-12,1255.40283203125,1278.9843431789495,1252.162530457528,1253.7826812443889,137611
2018-04-13,1258.0576171875,1268.1832821442943,1251.9822182134233,1255.5824546425058,124208
2018-04-16,1253.5574951171875,1277.1840499524603,1243.0717830923832,1245.6819768387631,89575
2018-04-17,1248.1571044921875,1300.990535960383,1244.421836811475,1253.602506639185,184551
2018-04-18,1247.257080078125,1268.3184880697834,1240.281621033849,1256.4826872011997,128855
2018-04-19,1253.0172119140625,1260.0826533893267,1246.581767817298,1249.5069596912376,124603
2018-04-20,1259.1826171875,1282.4941686720742,1250.9921017660254,1251.21711652964,1283427
2018-04-23,1380.0157470703125,1410.392744600802,1266.3832748266295,1268.1833931988067,732973
2018-04-24,1386.1361083984375,1399.5019645173124,1374.705291514469,1384.5610049194675,274944
2018-04-25,1552.331787109375,1575.1033248395363,1377.0903354311374,1379.4755138685637,1100463
2018-04-26,1494.188232421875,1565.0229562689804,1449.0952891859056,1540.9013261405405,419475
2018-04-27,1433.7039794921875,1524.0699235799234,1423.893314579459,1507.6438471001034,206112
2018-04-30,1412.1478271484375,1485.6376822434418,1403.4623438309213,1439.5996325395893,167121
2018-05-02,1374.0302734375,1432.174072427365,1343.3382784631294,1417.5031742364672,159231
2018-05-03,1342.078125,1434.6942299488396,1327.587195216147,1373.4902101015866,232962
2018-05-04,1340.3681640625,1358.909472134185,1327.5873669190098,1342.8883738597713,111271
2018-05-07,1356.88427734375,1367.144864224771,1333.2577235799392,1343.8334190742164,99557
2018-05-08,1356.7939453125,1368.2696979829527,1340.4129148605193,1351.528621943684,106578
2018-05-09,1391.1312255859375,1424.7934555431777,1354.76881851775,1357.9190251471884,191836
2018-05-10,1423.9833984375,1435.4142142739756,1395.0915249592167,1395.0915249592167,127817
2018-05-11,1456.160400390625,1485.0973186029546,1431.2288105659072,1452.695195287981,216044
2018-05-14,1472.091796875,1499.4985542331613,1457.1957738916497,1457.1957738916497,109567
2018-05-15,1449.455322265625,1494.098235521566,1424.118634430119,1492.2081332218145,89572
2018-05-16,1431.364501953125,1461.516491730629,1422.6789068043047,1458.0062381107832,42325
2018-05-17,1409.447509765625,1458.0957482782937,1400.5370125336544,1440.094566200784,64764
2018-05-18,1381.86083984375,1413.99290715294,1373.6252767490585,1409.4926114586276,49669
2018-05-21,1375.3807373046875,1417.5935448361365,1365.2101320799281,1381.861230860543,60832
2018-05-22,1357.7843017578125,1387.8012530348142,1351.528824618264,1380.240734049941,41543
2018-05-23,1435.099365234375,1462.5962180825302,1368.0900009141205,1368.0900009141205,225916
2018-05-24,1517.1845703125,1525.6001005152857,1447.294962612731,1447.294962612731,389161
2018-05-25,1527.8052978515625,1543.601379237439,1498.7783914489926,1518.4897080034418,273956
2018-05-28,1494.503173828125,1540.7212991437889,1477.4921437649539,1531.0006163615467,104053
2018-05-29,1510.43408203125,1536.8958394674219,1492.0728558589785,1492.2978706163092,100326
2018-05-30,1514.3494873046875,1520.469933341251,1486.4476542547943,1512.0993394780833,63152
2018-05-31,1566.732666015625,1583.2037897549014,1481.6770900452793,1512.0991283617025,288094
2018-06-01,1514.2593994140625,1566.1027798059545,1503.5486745206017,1566.1027798059545,222903
2018-06-04,1487.8876953125,1522.8100327884467,1477.6269994668457,1513.0444134023383,82940
2018-06-05,1449.365234375,1521.0099178334121,1434.9642885594199,1488.2477441288677,157102
2018-06-06,1466.2864990234375,1493.0183246128177,1443.065036346067,1449.6354029345207,124830
2018-06-07,1517.3197021484375,1524.7001429536149,1473.3967733264863,1488.6977783029984,139706
2018-06-08,1497.8333740234375,1555.25707871121,1478.79710207437,1512.1892727277566,239836
2018-06-11,1503.9990234375,1512.0545098661735,1482.4426481090286,1511.4695592435944,76515
2018-06-12,1505.1689453125,1530.1005395678465,1498.5984696355672,1498.9585152660363,134440
2018-06-13,1488.562744140625,1512.0993119525574,1483.7924967573588,1505.798898152755,42295
2018-06-14,1504.763671875,1510.2990569003114,1486.2224777751126,1494.0529474115617,69460
2018-06-15,1535.185791015625,1543.6013214353577,1494.008088126023,1503.0986628554213,170650
2018-06-18,1516.599853515625,1545.941763425563,1507.68924486508,1529.2006831590782,50541
2018-06-19,1522.0003662109375,1529.2008410362996,1494.9985856158291,1513.899832032405,59673
2018-06-20,1504.0439453125,1528.2554494969424,1499.4986024792315,1528.2554494969424,44209
2018-06-21,1517.8597412109375,1525.4202598890158,1491.3079968338698,1500.3985720871729,45080
2018-06-22,1506.0689697265625,1543.0613775913982,1498.5984350809626,1519.2997948448437,124995
2018-06-25,1496.033203125,1525.6001215598942,1489.5977588092182,1505.7988220470224,63432
2018-06-26,1470.5166015625,1512.0992880352717,1461.695978434096,1503.0986970350618,55619
2018-06-27,1492.4332275390625,1506.6991442968028,1474.3420590708913,1479.6973675172903,72687
2018-06-28,1477.626953125,1506.7888893984052,1468.9864078993041,1494.9981373811177,64417
2018-06-29,1504.35888671875,1525.6002607049068,1476.0970074076974,1476.0970074076974,141637
2018-07-02,1484.8275146484375,1512.0993504530225,1480.5972806519178,1512.0993504530225,42300
2018-07-03,1485.0526123046875,1499.6785740999596,1471.5967714012395,1492.298132711471,35877
2018-07-04,1482.082275390625,1493.5580284231823,1478.5269761758911,1485.9975103335169,17807
2018-07-05,1483.4774169921875,1489.597863036246,1478.032125167436,1485.0975673775263,12177
2018-07-06,1501.253662109375,1507.5991232629524,1476.187035974298,1479.697288742862,45126
2018-07-09,1516.0145263671875,1531.9005914904087,1492.2979910053452,1503.0987002285444,74046
2018-07-10,1547.966796875,1555.1223334545425,1524.0252440714255,1524.0252440714255,111801
2018-07-11,1611.9610595703125,1653.1387699954903,1548.1019001378322,1548.1019001378322,500483
2018-07-12,1664.7044677734375,1670.5098054227453,1618.0363123063619,1620.1064923280935,308639
2018-07-13,1661.283935546875,1680.4101897147586,1640.4925941667082,1670.5095404984424,346041
2018-07-16,1651.1585693359375,1660.6091907466912,1614.3011897822012,1659.0791340855333,158006
2018-07-17,1665.51416015625,1684.910475875338,1631.581979243066,1651.6082923243832,132449
2018-07-18,1673.39013671875,1695.2616207434446,1633.6075612685702,1678.520540436779,157307
2018-07-19,1549.6766357421875,1644.2728178723466,1481.0020877677816,1642.4726998113713,413414
2018-07-20,1575.9580078125,1587.7038198154435,1518.66934960272,1540.0007005125983,143240
2018-07-23,1549.1817626953125,1598.5050479891233,1530.1005526922916,1587.704338205413,206941
2018-07-24,1622.5364990234375,1680.4103432229679,1580.5037829135144,1638.1075654342803,709856
2018-07-25,1624.1566162109375,1669.6095999286722,1597.6048732471122,1611.1057594999047,424662
2018-07-26,1629.0618896484375,1651.608413574864,1617.4061684981093,1621.006404821978,151522
2018-07-27,1653.0484619140625,1678.6101614131655,1620.1063220073447,1620.1063220073447,360521
2018-07-30,1641.2576904296875,1661.3290513488637,1629.2419239929075,1645.2629092851173,174492
2018-07-31,1685.720947265625,1694.5414617629121,1630.0972431203913,1638.107792210247,222509
2018-08-01,1629.331787109375,1681.0851790490458,1621.006241449515,1678.6550637235498,197529
2018-08-02,1574.96826171875,1619.2061847377959,1536.580722357734,1619.2061847377959,279280
2018-08-03,1515.7445068359375,1587.7041848721685,1498.5983377619957,1566.1027673909146,248514
2018-08-06,1559.5775146484375,1564.3028252540669,1520.2899102103897,1520.2899102103897,91266
2018-08-07,1522.7200927734375,1570.5581480352482,1513.8994692777214,1561.6925875049574,77380
2018-08-08,1540.7662353515625,1548.146786310561,1507.5990776180654,1539.0111639556706,90091
2018-08-09,1530.1903076171875,1561.5124052503277,1522.359838144145,1530.1903076171875,70705
2018-08-10,1538.6961669921875,1544.2314428796592,1516.6447177718794,1539.101149662319,237082
2018-08-13,1552.061767578125,1560.7023120374536,1531.000364922554,1548.1014859887082,135787
2018-08-14,1619.0556640625,1623.818259516389,1549.5217482882365,1557.5048097249658,159762
2018-08-16,1635.2037353515625,1649.2193339107669,1602.2283316968694,1608.3970731704014,139853
2018-08-17,1676.1163330078125,1693.3976865972174,1642.9595484417086,1643.7760156300737,169211
2018-08-20,1706.1431884765625,1728.1418445023803,1673.7121801086046,1673.7121801086046,334170
2018-08-21,1723.1527099609375,1731.317160810976,1706.3702276580802,1706.4609216311458,428959
2018-08-23,1720.8843994140625,1728.277783635994,1670.5369644285695,1723.6058823862513,252046
2018-08-24,1669.584716796875,1708.8648394179572,1655.6598151035862,1708.8648394179572,125805
2018-08-27,1686.775634765625,1723.6063590268118,1673.848587072924,1678.248296947159,206646
2018-08-28,1681.4686279296875,1723.56081755216,1677.3410003186189,1698.20570719116,235565
2018-08-29,1625.950439453125,1679.2008711121898,1616.3799547365697,1678.2483075075406,198662
2018-08-30,1632.5723876953125,1649.218770630927,1623.8182615122992,1623.8182615122992,105223
2018-08-31,1630.848876953125,1670.0835947549454,1615.7446224033179,1624.7255394927254,173736
2018-09-03,1608.5330810546875,1625.6330494101983,1569.2076608517716,1573.0176940163415,2143855
2018-09-04,1683.5548095703125,1739.9348908773547,1600.2320894200489,1604.7678946621693,3925372
2018-09-05,1696.8905029296875,1714.3533568115502,1637.4260393123106,1641.9164431583786,1987664
2018-09-06,1706.1431884765625,1727.189281080515,1683.963144531073,1688.226757280278,453017
2018-09-07,1782.662109375,1798.9003138817818,1690.9481518283617,1714.5343384954956,860870
2018-09-10,1740.5699462890625,1802.5290932873731,1728.1418835996205,1773.4999382872745,439519
2018-09-11,1713.7635498046875,1768.964284959657,1690.8577302173894,1737.2136439475607,212523
2018-09-12,1705.0093994140625,1739.9351040575536,1663.733566653573,1713.7635267514138,211043
2018-09-14,1705.2813720703125,1719.56915849039,1688.9524733045098,1700.6094705537216,110670
2018-09-17,1692.263916015625,1712.7204465766586,1679.3822705111438,1689.1342539860902,114792
2018-09-18,1675.4813232421875,1712.7203345570656,1673.7124032085733,1694.5771106740458,148147
2018-09-19,1666.3641357421875,1691.5831461999041,1628.399468383474,1679.1550842527038,187324
2018-09-21,1684.6436767578125,1714.4891903369016,1489.7400129089017,1675.5266628032925,550728
2018-09-24,1721.927734375,1732.677570452573,1637.425662129264,1637.425662129264,318761
2018-09-25,1706.823486328125,1739.8894617390577,1679.8354455530723,1731.7704147756526,179122
2018-09-26,1698.5233154296875,1719.9777007751384,1678.2482839841805,1698.2058311450735,194312
2018-09-27,1698.0242919921875,1717.3921604784923,1645.9985112313607,1700.9271633893939,306712
2018-09-28,1739.02783203125,1770.0074058030816,1680.0623604182967,1687.3196492321986,538416
2018-10-01,1753.814697265625,1764.4284384357877,1684.5982571595155,1735.3992816080524,259908
2018-10-03,1732.4510498046875,1773.5000928750694,1714.8068092881986,1741.7494518261553,158794
2018-10-04,1692.354736328125,1745.3328654298498,1651.2148845135312,1723.0167205359783,284963
2018-10-05,1641.3720703125,1701.9704818533567,1599.5973641251398,1691.8556124784488,272798
2018-10-08,1610.75537109375,1656.476316770953,1564.8530374752977,1614.7469024382783,272652
2018-10-09,1571.1575927734375,1624.4080147665309,1548.3425801351352,1612.0252438410857,207006
2018-10-10,1628.2183837890625,1639.875383964486,1563.0388686679576,1565.3974658231566,193959
2018-10-11,1555.8267822265625,1605.4484530797477,1547.7076234518088,1569.388797190543,342048
2018-10-12,1600.50439453125,1623.6370028920871,1561.1335801147293,1561.1335801147293,290149
2018-10-15,1635.2037353515625,1648.312172560981,1603.1808954091323,1605.6755891210437,141980
2018-10-16,1648.2210693359375,1673.5761784720341,1619.2826073154172,1650.1260855499966,233823
2018-10-17,1662.3275146484375,1695.4843011625142,1630.5315806865503,1662.8264976088221,304706
2018-10-19,1581.00048828125,1649.9900269369907,1546.7097526948553,1649.9900269369907,483528
2018-10-22,1552.1072998046875,1592.067792100828,1542.2646236363391,1592.0223897490957,151700
2018-10-23,1539.4525146484375,1564.853027559549,1475.4976517829602,1552.1073687502442,233067
2018-10-24,1504.4813232421875,1569.3887460214623,1479.670488624539,1559.8181518591293,151851
2018-10-25,1486.8370361328125,1562.1314070901178,1435.128853668157,1562.1314070901178,467626
2018-10-26,1502.6671142578125,1521.3093210740035,1488.1979375205144,1495.0016464698615,128227
2018-10-29,1537.8651123046875,1551.245740770397,1489.5587756403463,1489.5587756403463,172428
2018-10-30,1533.01171875,1559.4100872594324,1498.0860128980582,1539.9968156254083,153440
2018-10-31,1614.3961181640625,1622.1644486482016,1560.7032457001596,1562.6681986645604,226418
2018-11-01,1613.573974609375,1628.8821580803824,1591.1371595835164,1615.8130374173793,198201
2018-11-02,1556.2708740234375,1625.7288932979088,1545.4409288569893,1625.7288932979088,281571
2018-11-05,1539.5003662109375,1568.380255784584,1520.9477199627936,1559.1496733486847,99253
2018-11-06,1542.9276123046875,1561.6172579930444,1520.8107617911314,1541.7852106962878,56128
2018-11-07,1576.3314208984375,1580.1698455337823,1563.7650036768705,1566.4610267466182,35688
2018-11-09,1571.487548828125,1589.309012743303,1558.235691045044,1581.0837217055287,100227
2018-11-12,1562.66845703125,1585.6536021647892,1552.7524323216005,1579.7131131653246,93834
2018-11-13,1556.6365966796875,1580.0329617882603,1542.4250745390648,1562.6684554991577,89727
2018-11-14,1523.91796875,1575.600260912535,1519.8510637456761,1562.5768828858509,84999
2018-11-15,1493.5301513671875,1535.2050521074914,1471.5046702386392,1535.2050521074914,224938
2018-11-16,1496.455078125,1517.1096815980757,1454.0490984473124,1485.1224292752247,236378
2018-11-19,1499.0594482421875,1517.1093943496608,1490.1944560448474,1495.1752826241236,56511
2018-11-20,1449.3419189453125,1499.0135140665654,1430.2866841558298,1499.0135140665654,283051
2018-11-21,1391.4908447265625,1443.9042061359596,1361.7426633944613,1443.9042061359596,566036
2018-11-22,1409.449462890625,1431.9320173754127,1387.0127606611184,1401.0414310864703,253584
2018-11-26,1436.8670654296875,1445.823539057765,1382.3060068425218,1407.4388433305676,145332
2018-11-27,1451.306884765625,1461.1772784810298,1421.147484767347,1427.5449332518301,209113
2018-11-28,1491.5196533203125,1506.1423950195312,1457.7045631408691,1457.7045631408691,165613
2018-11-29,1453.4547119140625,1505.1826349954538,1445.8234913990455,1498.8309266083659,108686
2018-11-30,1434.6279296875,1464.924442440637,1417.4919056826327,1464.924442440637,357328
2018-12-03,1437.87255859375,1453.0436312611184,1422.244413671547,1442.1679444750403,164966
2018-12-04,1439.883056640625,1446.7374666214594,1426.2656064995012,1437.7809929547707,367804
2018-12-05,1412.922119140625,1439.4258328890585,1407.4385921581904,1439.4258328890585,187796
2018-12-06,1380.341064453125,1412.4654216547979,1363.2964092620018,1411.0945396538386,302717
2018-12-07,1366.586669921875,1404.697146446328,1326.4197587511476,1379.1073480725495,643462
2018-12-10,1349.17626953125,1357.173080612299,1313.0306388198471,1349.4047498478515,497054
2018-12-11,1395.1466064453125,1407.438803316749,1325.4601072551163,1334.3250992483465,337682
2018-12-12,1483.842529296875,1491.5194901617085,1400.1731052269274,1400.1731052269274,253167
2018-12-13,1597.9912109375,1608.501304689734,1486.081605131162,1498.8307611881612,515145
2018-12-14,1654.1063232421875,1663.2911661473088,1560.200901715848,1607.5877028207422,399879
2018-12-17,1590.5888671875,1669.4145899354116,1578.3880385007926,1662.2403290761076,264311
2018-12-18,1551.7926025390625,1588.3951946590003,1545.4408942280609,1584.7395095159416,155324
2018-12-19,1545.1668701171875,1567.37520481633,1532.7375613594581,1544.5271697606984,114591
2018-12-20,1563.0341796875,1576.331781578733,1540.9629540775204,1545.6239312191033,363327
2018-12-21,1531.3209228515625,1571.7162008474945,1530.818221497051,1558.4643416166246,102878
2018-12-24,1549.096435546875,1560.3833400656165,1526.7511068096203,1537.4439402352393,142308
2018-12-26,1533.377197265625,1558.2358119276182,1528.5791104547043,1555.4940480356634,54284
2018-12-27,1534.3824462890625,1560.0636117266895,1523.049800200661,1540.917005698164,50775
2018-12-28,1581.9979248046875,1590.2232173080047,1540.4602422880032,1542.0596047192037,179804
2018-12-31,1582.1806640625,1598.4485094122897,1566.3698909698944,1593.8331617726237,79325
2019-01-01,1565.9586181640625,1584.5570083787811,1558.327396591868,1582.1807234280077,36404
2019-01-02,1584.328369140625,1602.9266459275657,1558.2358704963974,1574.595084645813,131933
2019-01-03,1588.532470703125,1608.5016305655097,1581.9979105164189,1584.3284546630443,188170
2019-01-04,1547.451416015625,1603.017872645738,1530.7723532016087,1593.878660144907,180512
2019-01-07,1562.53125,1570.985022284776,1553.0721865668638,1561.80017987513,102330
2019-01-08,1542.8818359375,1568.2888917458572,1539.0434112470998,1565.5471279490987,110580
2019-01-09,1604.52587890625,1621.296311677873,1544.526926006542,1550.1018233677628,250572
2019-01-10,1635.82763671875,1665.164485975827,1607.221857510241,1624.0380305044152,301057
2019-01-11,1582.1806640625,1644.053209037387,1565.4102288863457,1631.3496794173454,138640
2019-01-14,1580.3526611328125,1605.7597177981656,1564.3134093183542,1582.0435047813037,106114
2019-01-15,1582.6832275390625,1594.7926848885024,1559.2868643311672,1590.0403387047295,104396
2019-01-16,1616.68115234375,1621.296499857362,1585.653566658694,1591.1370948431045,88045
2019-01-17,1627.5111083984375,1645.0583528706607,1615.812871041849,1626.6885569094702,127885
2019-01-18,1651.6842041015625,1662.4227789518561,1603.9318180651499,1633.8169987681397,333207
2019-01-21,1626.59716796875,1649.6279400131218,1615.812852046094,1649.6279400131218,301619
2019-01-22,1624.769287109375,1645.0582947866817,1610.603507348712,1624.952026739289,121217
2019-01-23,1605.7139892578125,1645.0583459911647,1589.446256996162,1637.7469755645375,248782
2019-01-24,1596.6201171875,1620.7476558673702,1590.2226696658558,1611.9740358644988,65547
2019-01-25,1565.9586181640625,1610.3295478913599,1562.805633878675,1594.7928836949052,86229
2019-01-28,1556.1339111328125,1597.0318934668496,1536.301861531096,1565.547346105156,114823
2019-01-29,1563.5364990234375,1585.653348364031,1553.6661050252753,1571.9445297902785,51435
2019-01-30,1582.7745361328125,1590.04027719902,1546.0805746675946,1562.80537860758,136202
2019-01-31,1609.2783203125,1617.6407226318577,1571.259216036622,1581.083870143002,177926
2019-02-01,1616.4984130859375,1631.3496352556317,1601.738560740139,1617.6408147912987,71991
2019-02-04,1603.6578369140625,1613.7109723200751,1591.5941190519156,1606.5824523334143,50440
2019-02-05,1658.58447265625,1709.0328853969122,1599.3623259062012,1599.3623259062012,423680
2019-02-06,1689.8861083984375,1696.4662966817182,1661.5545500430794,1665.0731244940373,168603
2019-02-07,1710.0838623046875,1733.434484575226,1691.2113651527052,1709.0328304974648,200619
2019-02-08,1682.208984375,1711.6829414154556,1669.4140882954223,1705.1483828908576,106659
2019-02-11,1640.5799560546875,1685.2707259256579,1627.7394298798822,1685.2707259256579,191046
2019-02-12,1634.1368408203125,1677.0453963917626,1617.6862592753253,1642.3163909079005,101126
2019-02-14,1616.8638916015625,1634.959466419569,1611.4717336143817,1634.959466419569,32711
2019-02-15,1627.739501953125,1640.4886588831723,1576.7426511076285,1617.640627422404,100275
2019-02-18,1597.534423828125,1622.2102987957219,1590.2687941571737,1622.2102987957219,74466
2019-02-19,1588.5777587890625,1603.9316793187097,1576.6511542650487,1592.2791842125482,53503
2019-02-20,1586.110595703125,1616.6355928911905,1488.7779662347398,1583.5515711483713,142437
2019-02-21,1577.0169677734375,1597.7171962824646,1571.9446598563948,1581.038132304337,57733
2019-02-22,1567.512451171875,1587.8928332699563,1563.99387578094,1583.643187631493,50313
2019-02-25,1557.6417236328125,1583.5971105035906,1550.0105031967043,1568.2889289419486,82916
2019-02-26,1553.1177978515625,1571.8988126412435,1535.8446638774526,1549.096522030516,52708
2019-02-27,1577.2911376953125,1586.7959420364584,1546.4006630399192,1567.2380028573566,109195
2019-02-28,1571.533203125,1593.6043102796268,1562.8052112674256,1592.0506889051787,53949
2019-03-01,1563.7650146484375,1591.639613044576,1558.4184860338094,1571.9445652904396,68187
2019-03-05,1527.985107421875,1578.3421508366732,1522.5929492147643,1572.8586228082888,229598
2019-03-06,1507.8787841796875,1544.527006215827,1506.1423113867947,1539.043478383108,182090
2019-03-07,1499.196533203125,1524.0551481100194,1494.5355568534146,1507.9701554312842,108095
2019-03-08,1506.5079345703125,1517.2007694486547,1462.2741201240283,1499.7448944522064,151972
2019-03-11,1505.685302734375,1518.93716124099,1476.9425232192273,1500.0646645724862,243191
2019-03-12,1490.0572509765625,1517.1092980754984,1484.208132575066,1506.1422429086876,116165
2019-03-13,1492.0220947265625,1521.6787929429447,1489.6915510492493,1502.8520385980416,146478
2019-03-14,1513.4080810546875,1519.805530784304,1492.433629780513,1505.1827885451808,91460
2019-03-15,1479.318603515625,1526.248435800926,1474.1549263155052,1518.9370660485863,180262
2019-03-18,1433.02880859375,1488.7780160709303,1421.1935706478448,1488.7780160709303,271513
2019-03-19,1494.7637939453125,1528.8073570660852,1407.4385827111334,1446.6914518051958,975731
2019-03-20,1517.9775390625,1521.678964953667,1478.7704045309379,1503.4005389482174,311672
2019-03-22,1518.57177734375,1530.8183464277058,1510.757816304065,1526.2029987283331,183507
2019-03-25,1522.2274169921875,1526.2486933470725,1485.122231550295,1503.4006590155295,229280
2019-03-26,1524.3292236328125,1533.1028450235472,1506.1421690603909,1529.8583800707179,98076
2019-03-27,1527.16259765625,1539.9574967389474,1519.0744159057922,1535.3878899236984,114037
2019-03-28,1529.1729736328125,1552.6608164305678,1512.5853923824673,1521.678864092373,338853
2019-04-01,1567.695068359375,1576.3316926216348,1555.9512005531967,1570.9851631229003,165470
2019-04-02,1567.7408447265625,1585.6536824579327,1563.719568118457,1570.1627588307479,169240
2019-04-03,1556.6365966796875,1576.5143867737918,1553.6663521828673,1571.9447798556068,67306
2019-04-04,1527.5736083984375,1553.666104364442,1518.023176087846,1553.666104364442,88658
2019-04-05,1510.2091064453125,1531.0008146282232,1500.6586741248161,1526.2484688114755,122902
2019-04-08,1502.7608642578125,1516.1954629755699,1485.5790988949902,1513.453699028055,75441
2019-04-09,1517.0638427734375,1524.2382152948078,1499.2423747748405,1503.4007619329166,81451
2019-04-10,1506.188232421875,1515.692925886513,1485.2594097085353,1514.276414631049,141074
2019-04-11,1515.830078125,1523.5070405338063,1501.5729259730315,1503.400768853096,64659
2019-04-12,1504.3143310546875,1525.3345191556946,1493.5300160125894,1518.9370706032141,134666
2019-04-15,1483.02001953125,1521.2677144293332,1476.2113506060787,1507.9701151524716,577640
2019-04-16,1490.8797607421875,1498.8308308907547,1482.4259892874682,1489.6916185072746,129449
2019-04-18,1508.153076171875,1516.058518733406,1491.6568615494346,1503.4007294333858,161637
2019-04-22,1524.009521484375,1529.8585286043108,1499.1507949740087,1512.6311342643899,102694
2019-04-23,1540.7799072265625,1549.0051987410213,1526.2485365718205,1528.0763791305892,94148
2019-04-24,1552.2039794921875,1557.7788771860119,1538.7692692605847,1552.6609401484461,61457
2019-04-25,1563.4908447265625,1569.2028527812408,1544.5727186745305,1557.2305062111664,157556
2019-04-26,1562.66845703125,1571.030860012261,1549.1424874777626,1571.030860012261,149183
2019-04-30,1569.06591796875,1578.0680213583862,1549.096757886115,1558.4644521447183,85996
2019-05-02,1573.0869140625,1587.4811734068628,1566.460985157952,1578.3419611247277,112973
2019-05-03,1535.3419189453125,1561.8000053747694,1519.0284473742558,1561.8000053747694,408818
2019-05-06,1554.443115234375,1560.9319345460785,1518.9372928847113,1518.9830335775537,100590
2019-05-07,1567.7864990234375,1592.9650794714796,1551.8843551222283,1558.1903238458985,108589
2019-05-08,1550.101806640625,1567.7861604794084,1544.526909339563,1556.9105868767842,296480
2019-05-09,1539.22607421875,1546.3547043603644,1518.0231465381592,1540.962546849415,181871
2019-05-10,1551.3358154296875,1558.2359665341294,1536.8045546106778,1542.7906727644536,110021
2019-05-13,1563.07958984375,1567.3749751798223,1546.9488571452575,1553.6661561549258,67070
2019-05-14,1569.568603515625,1576.0116823201233,1551.198806052811,1562.7141931516892,138044
2019-05-15,1606.76513671875,1612.157295109029,1567.3294073291447,1569.202990760886,176080
2019-05-16,1648.02880859375,1658.7673853307397,1580.398623186326,1612.0660228551749,187888
2019-05-17,1634.27392578125,1672.4758784495855,1612.1570762759939,1652.3696110583883,173957
2019-05-20,1608.1361083984375,1667.9065915819074,1603.0181707587208,1667.9065915819074,216070
2019-05-21,1625.2261962890625,1631.3494240118332,1607.587471617263,1612.979629280869,136473
2019-05-22,1627.8765869140625,1637.7469816517598,1608.5014998365498,1618.691744719069,290008
2019-05-23,1608.4559326171875,1631.3039677494676,1600.5506017115558,1628.6079442289272,66152
2019-05-24,1604.2515869140625,1623.0783416830652,1591.593800363523,1606.6735004531001,299222
2019-05-27,1580.48974609375,1612.1571408151503,1569.111470762379,1603.8861085912345,145947
2019-05-28,1629.7501220703125,1649.62790990434,1585.6534203235622,1589.948805713209,353289
2019-05-29,1668.7745361328125,1677.9594897294337,1613.665149241058,1624.9520548687,261250
2019-05-30,1667.677978515625,1698.0658633138958,1632.2635263071138,1666.1699859800199,266529
2019-05-31,1631.3953857421875,1681.6153203862648,1622.2104313508805,1672.4761066885135,129078
2019-06-03,1634.3194580078125,1660.3204694880683,1614.07608269941,1622.5755938193472,88003
2019-06-04,1622.3931884765625,1645.0584833162088,1617.7322117530337,1634.0914267607675,74910
2019-06-06,1627.6024169921875,1640.3973148109953,1619.9254559883716,1626.1401652682832,106861
2019-06-07,1649.76513671875,1666.0328697071582,1624.2209682119446,1636.056316556385,123921
2019-06-10,1642.6822509765625,1660.8235673971892,1620.4282884955219,1659.681165713741,149612
2019-06-11,1646.8404541015625,1666.992463540812,1633.9085568609541,1645.0126114880309,322557
2019-06-12,1635.41650390625,1654.0605216308024,1633.1774412391858,1647.6174430951294,53091
2019-06-13,1607.953125,1639.5747790276907,1599.3622426412815,1635.9190939016535,110310
2019-06-14,1619.697021484375,1636.7873051435593,1608.501485576245,1608.501485576245,448513
2019-06-17,1615.12744140625,1635.0052299763934,1612.1571971371482,1624.9520955271255,176830
2019-06-18,1595.9805908203125,1622.1643432059386,1590.2228427989141,1622.1643432059386,74979
2019-06-19,1584.8309326171875,1608.5472577177654,1580.0328457056016,1597.534461228966,61117
2019-06-20,1584.922119140625,1601.1899613178864,1551.838215934801,1588.395064366716,114041
2019-06-21,1554.351806640625,1589.8576303889397,1549.1424993339854,1579.256164559753,132004
2019-06-24,1564.8619384765625,1580.6270828414163,1530.864106558295,1553.6664011739854,127475
2019-06-25,1574.366455078125,1585.4248798305607,1555.539699742862,1562.5768487045978,119544
2019-06-26,1637.7928466796875,1650.8162262892286,1560.0637890166215,1576.5143737865685,350833
2019-06-27,1661.7373046875,1690.7543042331226,1621.433400072095,1636.832950746769,275899
2019-06-28,1671.973388671875,1690.7087765658252,1633.6344322163943,1670.6482473239546,363190
2019-07-01,1682.757568359375,1696.2379073319755,1661.5088984534113,1677.0913010095142,155746
2019-07-02,1612.796875,1691.6683278891553,1596.3462915845462,1690.754406588297,210612
2019-07-03,1585.836181640625,1629.156073204536,1581.0838355461274,1617.6864279247295,123502
2019-07-04,1513.2708740234375,1570.1167320367251,1507.9700860655394,1562.805361922468,517876
2019-07-05,1522.31884765625,1540.78012707154,1491.5197407715148,1515.9671384833027,182866
2019-07-08,1491.5196533203125,1528.7619485855103,1464.1020126342773,1509.98082009051,214031
2019-07-09,1462.8682861328125,1498.4198502956,1457.7503486931246,1489.7832262761247,143205
2019-07-10,1454.0032958984375,1467.7578584372575,1429.4188979804837,1466.8439369811945,250106
2019-07-11,1452.2955322265625,1467.4313243938705,1444.358504827929,1466.5084116112328,76611
2019-07-12,1477.352783203125,1484.689895488053,1449.1577498355025,1449.1577498355025,93224
2019-07-15,1468.216064453125,1491.3811572891616,1460.048307263761,1485.8898702241815,84918
2019-07-16,1521.421875,1526.7748147410841,1467.4314717925386,1476.6606005459507,154849
2019-07-17,1493.8267822265625,1543.0180843607502,1485.9359446079147,1520.9604437428632,115374
2019-07-18,1454.741455078125,1512.1927829630501,1451.9727163848756,1494.1497907479352,138663
2019-07-19,1399.1357421875,1448.8807624134195,1379.7545742548236,1448.8807624134195,239097
2019-07-22,1364.71142578125,1384.323327286264,1325.118547694646,1384.323327286264,430488
2019-07-23,1357.558837890625,1372.6946336851695,1349.9909963234923,1356.774384369442,87885
2019-07-24,1418.70166015625,1430.5149903015563,1333.609136119838,1361.2965230289003,194680
2019-07-25,1409.2418212890625,1443.897246085028,1362.2194536411002,1425.9004443600948,186296
2019-07-26,1382.0618896484375,1411.6412893457484,1370.8023987835159,1409.2878166899259,100016
2019-07-29,1407.072998046875,1420.5936946911422,1367.0647459874967,1384.3693630253133,151395
2019-07-30,1394.659912109375,1421.1936591400126,1382.062127943644,1400.981843217664,141195
2019-07-31,1396.9210205078125,1400.5204035498139,1368.6799067310537,1393.5985564153007,104248
2019-08-01,1390.968017578125,1402.781233554671,1378.9239607465486,1393.5060277206965,66424
2019-08-02,1398.1669921875,1404.6735738453096,1381.5084802778138,1390.8298789650996,66649
2019-08-05,1420.8704833984375,1425.9003132256485,1375.7861018132269,1402.412226916552,54654
2019-08-06,1457.4638671875,1471.1230218649023,1423.2700151098172,1423.2700151098172,109913
2019-08-07,1476.983642578125,1496.9647294708716,1449.8499806832829,1449.8961713925642,109531
2019-08-08,1498.1646728515625,1503.425231729046,1467.062438091942,1481.2753203960212,49320
2019-08-09,1509.470458984375,1549.109528761065,1455.7568527680721,1499.7336814040696,156454
2019-08-13,1461.571044921875,1515.792178104966,1447.1736261321205,1513.5771646003268,74400
2019-08-14,1500.9794921875,1506.4247012641765,1459.5406771379007,1474.2150159512241,87009
2019-08-16,1458.9866943359375,1512.5618280638512,1456.7716810580957,1504.2556127671362,119751
2019-08-19,1470.7081298828125,1490.5045696603174,1454.5571515737997,1463.8323600922338,53479
2019-08-20,1490.3199462890625,1504.3481787197616,1472.046223961975,1485.8899188581693,141266
2019-08-21,1475.6915283203125,1498.4413537129467,1468.3544158695458,1494.1959769282178,36712
2019-08-22,1474.7225341796875,1493.734517242441,1464.9857580949401,1483.1672096822492,72205
2019-08-23,1476.9375,1484.9667968455012,1463.7859916997834,1475.506939997977,66674
2019-08-26,1486.6279296875,1495.0724913747358,1468.8618589282496,1491.4270310103143,34774
2019-08-27,1516.8533935546875,1524.6519617331064,1471.5382844669825,1490.5041877717717,128273
2019-08-28,1513.4388427734375,1529.266823069916,1505.271085351257,1518.1918671997657,36775
2019-08-29,1505.732421875,1527.2824159232598,1499.733487923307,1513.5771816579836,24418
2019-08-30,1501.0716552734375,1516.1151807491783,1496.0418249851882,1516.1151807491783,24902
2019-09-03,1485.1053466796875,1510.8084489511086,1473.8919321777157,1499.3182281694976,40152
2019-09-04,1520.083740234375,1538.08054182256,1482.6133862866586,1486.8588757638795,65509
2019-09-05,1537.1575927734375,1543.1103357869792,1492.5346648848795,1522.806252421361,55845
2019-09-06,1563.2762451171875,1567.014088028796,1537.7115987305328,1538.6345117792969,83138
2019-09-09,1546.432861328125,1564.3373944515415,1540.5261961267558,1564.3373944515415,52856
2019-09-11,1512.100341796875,1545.8789274710578,1506.2859461398975,1544.9560146785377,62379
2019-09-12,1482.9365234375,1518.1917518821451,1476.660670523667,1513.5771872867588,57113
2019-09-13,1482.982421875,1487.7354453646365,1457.2793227237971,1476.7989511302042,49866
2019-09-16,1478.87548828125,1513.4847181649213,1467.4313470676655,1481.1827702734947,76395
2019-09-17,1501.394775390625,1506.1938774851715,1474.6303008519792,1485.6590651236243,110192
2019-09-18,1463.4630126953125,1502.4100065937064,1459.2176356778346,1502.4100065937064,80932
2019-09-19,1437.0677490234375,1473.7997299348967,1431.6225400215494,1473.7997299348967,45643
2019-09-20,1407.76513671875,1447.5888499589496,1404.67340110776,1447.0351247638903,332121
2019-09-23,1356.7742919921875,1428.6692326260295,1353.959475118383,1425.900493803111,447204
2019-09-24,1363.234619140625,1388.9839115275747,1360.3736116888008,1375.1402180572002,226168
2019-09-25,1378.970458984375,1398.2131721883775,1352.0675229412363,1371.3564268585967,444863
2019-09-26,1391.9835205078125,1398.16699249154,1384.3694883220412,1390.0454257562171,60005
2019-09-27,1403.2890625,1408.4112741519887,1388.9839125698784,1392.0295701997525,75207
2019-09-30,1394.752197265625,1409.2880762445718,1388.9839913215983,1402.827685587262,42794
2019-10-01,1389.4915771484375,1405.5963623688588,1372.4176883081066,1399.7358879205824,113108
2019-10-03,1389.030029296875,1397.382322989252,1373.0635919353545,1384.3692743424847,45916
2019-10-04,1391.706298828125,1402.8274430294,1385.753556387266,1396.0440565441704,165483
2019-10-07,1365.8648681640625,1400.9817482214662,1356.7281208038723,1385.753685740798,52064
2019-10-09,1384.4615478515625,1387.138017656538,1348.3756778417844,1374.9556130645767,62137
2019-10-10,1360.2352294921875,1384.4616944415625,1356.6820371650003,1384.3694256785718,80469
2019-10-11,1362.5885009765625,1375.1400927135749,1350.2214467382282,1354.8360108077368,47682
2019-10-14,1367.7567138671875,1378.6471295275308,1357.6969422250484,1366.3261540213778,69262
2019-10-15,1376.6629638671875,1383.446350726624,1361.29644250952,1370.6178396854993,46091
2019-10-16,1410.3953857421875,1417.1788853825192,1378.8780017426416,1378.8780017426416,145994
2019-10-17,1383.5850830078125,1420.3631444966738,1379.6627026542642,1416.7637611695968,119671
2019-10-18,1486.443603515625,1508.0397894957835,1416.6714056768835,1416.6714056768835,659006
2019-10-22,1486.581787109375,1508.9624224267131,1473.4764704618804,1488.1968845034096,248091
2019-10-23,1518.5146484375,1522.8062157594195,1487.8739866148087,1494.8881018038303,163985
2019-10-24,1543.0196533203125,1552.7844235931298,1525.1641188019628,1525.1641188019628,133539
2019-10-25,1555.9462890625,1562.3166161491258,1529.3023946036535,1547.4835113145414,77683
2019-10-27,1551.4825439453125,1569.52402866607,1536.4168302785506,1562.3632425468186,18512
2019-10-29,1579.055908203125,1587.4722534915797,1538.5554393281293,1546.5532264537185,158964
2019-10-30,1577.7078857421875,1593.889527787677,1550.2735311124236,1579.0563086115117,106118
2019-10-31,1601.28271484375,1608.862058807995,1576.312826404365,1580.9627167477408,153223
2019-11-01,1566.5479736328125,1596.7722592624154,1559.5731384875194,1585.6125230299467,158080
2019-11-04,1543.112548828125,1584.6825202350683,1535.3936859789308,1568.872894152911,31372
2019-11-05,1550.5989990234375,1555.8533981173198,1544.6936606532386,1544.6936606532386,59607
2019-11-06,1529.9534912109375,1544.6936213652982,1523.9550643629266,1544.6936213652982,29011
2019-11-07,1551.2034912109375,1562.3632285577787,1522.5601199449573,1530.7439727417284,104712
2019-11-08,1536.8818359375,1557.5274185506203,1534.4639155024645,1557.5274185506203,31375
2019-11-11,1515.3062744140625,1539.9971238055828,1510.5168646981635,1535.393777815403,33319
2019-11-13,1534.5103759765625,1547.4835247806316,1515.3992810276677,1515.3992810276677,104204
2019-11-14,1516.2364501953125,1543.8103259881193,1497.264872583498,1534.4639998526532,95036
2019-11-15,1572.4071044921875,1580.0328799279534,1521.5837757911374,1529.8140597301256,106475
2019-11-18,1586.6356201171875,1594.8194728393462,1569.8030391437092,1576.5453803959556,149889
2019-11-19,1574.7781982421875,1598.6321562626897,1567.6174131665553,1590.2158100891074,66851
2019-11-20,1607.3740234375,1613.5118556304578,1574.6852735137018,1574.6852735137018,84857
2019-11-21,1573.3370361328125,1611.0941252756402,1570.3610380213581,1607.0021988240903,168057
2019-11-22,1569.1519775390625,1588.774491293919,1535.626224103377,1573.5228288768592,38969
2019-11-25,1553.8538818359375,1580.9627660884087,1543.7636421804461,1569.80302891602,43319
2019-11-26,1561.5262451171875,1575.47591697552,1548.413576274899,1562.3632481332315,100992
2019-11-27,1544.0889892578125,1572.5462940842422,1530.8833467276868,1571.2444156689655,89474
2019-11-28,1547.6229248046875,1557.434124676015,1535.3936912942593,1539.1136033264681,39715
2019-11-29,1571.33740234375,1580.9626522573633,1536.8816708957634,1548.4134211814765,45779
2019-12-02,1522.0489501953125,1572.6862213180796,1511.214680702956,1562.3634852805947,209373
2019-12-03,1504.0999755859375,1543.4845232759308,1476.8051425388949,1529.8138913579862,121633
2019-12-04,1554.9698486328125,1571.4769590704318,1508.0059569652199,1512.0513387904602,478349
2019-12-05,1528.465576171875,1554.9699524468526,1499.1247212373296,1553.9934300171078,883280
2019-12-06,1539.9970703125,1552.7842681996171,1529.62790611675,1530.557884144904,237168
2019-12-09,1529.9534912109375,1545.6235994636518,1525.164081299873,1535.3938403817624,105222
2019-12-10,1533.9990234375,1553.063576320476,1526.0942088274858,1534.4640125322069,85008
2019-12-11,1520.049072265625,1529.7672971564355,1501.9145008926182,1528.8838634473464,109943
2019-12-12,1516.561767578125,1548.6460116262288,1511.2143935701076,1548.506492208433,145946
2019-12-13,1525.3035888671875,1534.4638503602494,1520.5141789933382,1521.4441570844656,31741
2019-12-16,1524.97802734375,1539.1136480679795,1514.9342191557332,1526.140499887608,333641
2019-12-17,1533.53369140625,1539.1135592949324,1512.8416813190522,1532.603713424803,149117
2019-12-18,1533.626708984375,1548.5529014091671,1521.9090087980785,1532.603755880986,131624
2019-12-19,1556.4576416015625,1566.7338299865003,1525.6288494013475,1525.6288494013475,75603
2019-12-20,1593.2850341796875,1601.4223428322907,1546.5536330604525,1546.5536330604525,150485
2019-12-23,1633.18115234375,1641.364891957716,1589.4256349365257,1589.4256349365257,145503
2019-12-24,1646.200927734375,1657.2211466616702,1633.088257864325,1636.7616263325137,110507
2019-12-26,1646.200927734375,1661.8710376455695,1637.6916045292937,1646.200927734375,51914
2019-12-27,1636.7613525390625,1650.711023157293,1629.6005670307882,1649.0835615851663,50723
2019-12-30,1651.5482177734375,1660.010996226124,1600.8178643284182,1632.3441462890219,47774
2019-12-31,1627.926513671875,1660.0107551581243,1618.3942390274094,1660.0107551581243,74408
2020-01-01,1657.31396484375,1673.0306175856463,1627.554665364739,1627.554665364739,96053
2020-01-02,1694.0015869140625,1699.9999000143277,1657.6858981266626,1661.777824310452,136403
2020-01-03,1685.631591796875,1710.2294633566826,1665.8230158986719,1693.908304798114,103417
2020-01-06,1692.0484619140625,1697.2098853305893,1653.5009184207056,1675.820390885327,121078
2020-01-07,1704.7427978515625,1711.0666942124687,1679.354464349796,1688.8401953684402,320013
2020-01-08,1682.6092529296875,1733.4790044870435,1674.890390065003,1699.0698182391784,104102
2020-01-09,1689.3980712890625,1707.1141982188872,1670.14757142364,1670.14757142364,90617
2020-01-10,1692.9322509765625,1701.8134742164757,1674.8906521192616,1693.955204239442,83728
2020-01-13,1699.0234375,1704.0918862380886,1687.9567889730256,1701.8599161025911,40504
2020-01-14,1746.45263671875,1761.3788332757201,1694.4669425421603,1701.8602243371529,196390
2020-01-15,1798.2054443359375,1862.7459404644592,1753.0085360836274,1756.728448096537,1110275
2020-01-16,1768.4464111328125,1820.4322119460592,1754.9152972879197,1808.807485177566,377999
2020-01-17,1769.143798828125,1783.6979786577956,1750.8697066342045,1771.6082634739837,133212
2020-01-20,1763.1453857421875,1786.48781180195,1743.7553663457036,1786.48781180195,90779
2020-01-21,1775.0955810546875,1785.5578339882122,1762.4013581241356,1764.168339101895,104946
2020-01-22,1789.4173583984375,1792.9977513280296,1768.8183210715313,1780.9080361997806,142099
2020-01-23,1799.8330078125,1804.1574284770518,1784.6278893028157,1784.6278893028157,167063
2020-01-24,1823.5010986328125,1836.70674220566,1787.417903047736,1790.207837339694,122603
2020-01-27,1811.64404296875,1830.6620513827615,1804.1576731940856,1813.4574550146735,75736
2020-01-28,1811.6903076171875,1821.734116471413,1789.5568970276418,1813.3643136004641,45498
2020-01-29,1821.26904296875,1827.4068754182842,1806.2964190095597,1818.1070948818044,57942
2020-01-30,1813.271240234375,1827.4068611302166,1808.8073002026827,1815.3171465273194,66300
2020-01-31,1804.3902587890625,1817.9679182277039,1779.9783302781939,1814.3875247506562,36496
2020-02-03,1819.26953125,1846.9363777955273,1786.1623359034236,1832.0567292332269,111165
2020-02-04,1804.7618408203125,1835.7765846291359,1790.2076623156468,1823.5938954498667,69255
2020-02-05,1789.9287109375,1823.2219706019011,1784.8138316524653,1813.4106567460683,101884
2020-02-06,1779.8385009765625,1812.8527223579033,1767.8883055191268,1792.0677352632074,270273
2020-02-07,1808.4820556640625,1822.7571977480031,1780.9081804527684,1780.9081804527684,113586
2020-02-10,1813.6431884765625,1831.8708494845391,1802.9020098711983,1817.1771505551,81940
2020-02-11,1856.65478515625,1868.2330809442735,1792.0678496828905,1826.8490543169312,201195
2020-02-12,1877.439697265625,1901.8050763060369,1859.3515564213626,1864.5129799103966,254798
2020-02-13,1878.834716796875,1906.4550197223036,1848.796380101434,1883.0196180596802,149499
2020-02-14,1890.180419921875,1904.5950799507996,1878.6486691941927,1895.1093490827861,96950
2020-02-17,1851.4002685546875,1897.1085969487017,1846.0063506851648,1887.8553611540979,87972
2020-02-18,1825.175048828125,1883.2057066410143,1799.507675234747,1857.166319092398,91588
2020-02-19,1828.2440185546875,1850.3774298149976,1814.480296896257,1835.7768186622834,55627
2020-02-20,1865.4893798828125,1869.255836305347,1825.7793634957575,1828.383347383276,71624
2020-02-24,1859.2587890625,1878.5558353913968,1843.9606941289212,1869.256054028073,77015
2020-02-25,1857.677734375,1871.1158720429628,1846.0064642173365,1852.6558301053321,51801
2020-02-26,1858.46826171875,1863.6761163853432,1832.0568609177276,1850.702967271688,61515
2020-02-27,1847.12255859375,1858.0033710769508,1826.3375696179687,1858.0033710769508,37212
2020-02-28,1776.397705078125,1832.010327803402,1722.6914693599488,1797.6476821339334,180561
2020-03-02,1773.2357177734375,1810.6673357833397,1745.6618447833391,1767.9348880854693,108079
2020-03-03,1823.780029296875,1846.0065285925327,1791.1843650038716,1802.2975578903417,82575
2020-03-04,1764.7728271484375,1834.800104527725,1742.6393046778492,1828.3368026436378,67995
2020-03-05,1759.7044677734375,1784.6279255878142,1748.3587806696669,1763.2384298668555,43705
2020-03-06,1764.63330078125,1799.4609323757281,1716.7394325387022,1729.759124876482,91570
2020-03-09,1739.849365234375,1757.658467116312,1720.5988655274225,1753.0085769916657,164511
2020-03-11,1648.293212890625,1766.958396159758,1592.3550072760765,1739.7565366399301,145952
2020-03-12,1497.63671875,1585.612622179275,1441.4660201629772,1564.4556209155926,198480
2020-03-13,1506.8900146484375,1767.2374558339159,1260.1203447485357,1394.0371931941363,234803
2020-03-16,1420.35546875,1476.8050888924092,1389.387155418929,1476.8050888924092,168799
2020-03-17,1386.2718505859375,1417.6120665390781,1325.2187668003805,1408.9167941772466,163058
2020-03-18,1280.068359375,1450.765891578465,1264.770264453021,1400.0820831867816,216453
2020-03-19,1266.6302490234375,1314.989113156491,1125.2735692498968,1233.151035392862,226828
2020-03-20,1405.6151123046875,1487.9647043183872,1219.8520187499387,1255.4702192686393,275061
2020-03-23,1202.5545654296875,1385.6672618668326,1142.0130185050139,1153.1727548421964,116594
2020-03-24,1289.5076904296875,1306.6193112314988,1184.001713874924,1236.8709494219884,83425
2020-03-25,1322.242919921875,1339.1684760855355,1211.2964861815346,1285.229745798757,151453
2020-03-26,1328.2410888671875,1404.2667909605832,1278.7197599806636,1339.1683304524768,147627
2020-03-27,1296.2496337890625,1375.4372722703554,1283.3694629703114,1339.1681352733683,78304
2020-03-30,1249.843994140625,1301.0858771230805,1246.2636012402224,1270.164105989461,90379
2020-03-31,1328.798828125,1366.1374615030202,1251.8431610457797,1264.7698758639262,71623
2020-04-01,1294.761962890625,1385.667318877379,1283.369731577707,1344.7482839575102,126701
2020-04-03,1259.3297119140625,1294.761850461143,1250.820390641219,1283.3696201374592,76516
2020-04-07,1271.4195556640625,1297.319422505599,1260.120299279632,1297.319422505599,88414
2020-04-08,1260.5853271484375,1280.8123510255887,1242.0323092771034,1264.7702286402618,92208
2020-04-09,1300.7139892578125,1343.8184547023711,1269.4667454723924,1280.5799391869652,247085
2020-04-13,1301.2718505859375,1325.1722422396049,1295.9710208488102,1314.059049403559,110210
2020-04-15,1367.5328369140625,1384.830407386398,1306.0147610562608,1314.9425283784933,146529
2020-04-16,1365.068359375,1417.7516425249617,1331.4031968736888,1344.7949044928666,164504
2020-04-17,1343.5391845703125,1404.3597690805245,1334.518443289563,1404.3597690805245,131889
2020-04-20,1387.6201171875,1404.266745685263,1359.4418525896886,1371.6709721726932,275764
2020-04-21,1348.3751220703125,1384.5512888988128,1334.8438967896725,1348.468097165576,147847
2020-04-22,1319.127197265625,1346.6080915033826,1288.0660240946881,1346.6080915033826,151232
2020-04-23,1356.9774169921875,1368.9276115487892,1320.568755706033,1329.868535675794,122755
2020-04-24,1333.4027099609375,1367.0678734071819,1322.0104776825444,1353.1182012295574,151941
2020-04-27,1349.07275390625,1367.0678074425318,1321.8243501583427,1350.5606961621882,447191
2020-04-28,1363.2083740234375,1368.8812177240793,1343.818353359438,1361.3484178250162,51626
2020-04-29,1362.464599609375,1388.4574447431987,1344.004441625651,1376.0422585479978,101143
2020-04-30,1481.4085693359375,1534.4638653625602,1376.3675883252056,1383.8074131269634,236847
2020-05-04,1437.1416015625,1460.0655839125488,1397.9895471442924,1460.0655839125488,78506
2020-05-05,1427.8885498046875,1477.2703694793377,1418.2167538281335,1443.5121154381402,137671
2020-05-06,1428.5394287109375,1457.6942213191167,1404.3135657592943,1427.8884894081004,148484
2020-05-07,1481.6875,1488.89482975051,1428.3532825507682,1428.5392327481493,73424
2020-05-08,1473.6898193359375,1500.9846538750323,1460.1585925675683,1492.8473454974571,84477
2020-05-11,1501.17041015625,1557.4340779555948,1484.0123618314813,1487.9647682471377,115867
2020-05-12,1532.9293212890625,1539.1136981280774,1479.409151742708,1500.984597449376,82129
2020-05-13,1540.4622802734375,1570.7331148406463,1529.907050844506,1570.7331148406463,316636
2020-05-14,1532.836181640625,1550.4127878931754,1514.0041278391855,1529.8137532527396,173331
2020-05-15,1530.5577392578125,1541.8568804121066,1521.490454341647,1534.4636011972354,66726
2020-05-18,1530.41845703125,1551.2034445094323,1487.96493478123,1539.1137294143348,205525
2020-05-19,1553.202880859375,1562.36314205318,1525.1640196233425,1544.693558899007,59442
2020-05-20,1659.0806884765625,1705.579586696197,1591.192297075896,1599.5155544481304,842330
2020-05-21,1659.91796875,1673.960615654558,1623.5558469700477,1640.4348590263887,104118
2020-05-22,1661.54541015625,1710.2297414287566,1646.9912300545557,1659.964379258264,125113
2020-05-26,1662.1033935546875,1682.934926129493,1643.3178809557717,1669.3107239785504,82065
2020-05-27,1668.56689453125,1682.3771620622413,1661.8710966856502,1661.8710966856502,113020
2020-05-28,1667.8226318359375,1691.583502533122,1650.8039883744925,1661.8707497032474,90551
2020-05-29,1672.89111328125,1685.1203482259548,1655.5469986923717,1655.5469986923717,46008
2020-06-01,1713.9029541015625,1729.7591248215097,1669.3105532551665,1669.3105532551665,170384
2020-06-02,1728.4107666015625,1761.3784433771232,1690.5605914945618,1716.7394965544718,321389
2020-06-03,1718.9248046875,1748.4516060344836,1714.925967421846,1725.0626367511509,154333
2020-06-04,1730.921630859375,1738.4079995073673,1717.204454738394,1720.4128335745563,50379
2020-06-05,1727.201904296875,1739.7100648981739,1719.6225597347348,1734.4557792138469,54930
2020-06-08,1739.05908203125,1752.8692343898954,1725.1094102502507,1741.9885358098038,54420
2020-06-09,1753.380615234375,1762.3083816930273,1720.645320189037,1726.0392382175507,210894
2020-06-10,1755.333740234375,1766.0284888503725,1747.9868902197104,1753.0087948830712,48949
2020-06-11,1739.4312744140625,1755.7523239584125,1736.0833755477393,1749.7540098863637,44855
2020-06-12,1720.45947265625,1739.4310484646783,1674.8905460831925,1692.5601298564188,68224
2020-06-15,1730.131103515625,1745.8012101981333,1712.0895075108608,1716.7393975366915,44690
2020-06-16,1744.6854248046875,1750.7767131234782,1721.3894284594005,1729.7592311909696,59204
2020-06-17,1750.5908203125,1775.2352402745753,1729.759287904164,1729.759287904164,57194
2020-06-18,1746.31298828125,1755.7987198544256,1732.5492664665228,1748.3123504544324,104370
2020-06-19,1738.9195556640625,1785.6509559437761,1729.7592939356675,1748.358856236051,159380
2020-06-22,1746.033935546875,1762.2620084734954,1735.8971512458138,1739.0590995859689,38770
2020-06-23,1753.287841796875,1774.398300274702,1732.921297721253,1748.3589122203562,91005
2020-06-24,1791.5096435546875,1804.1573216617962,1757.6584216189665,1757.6584216189665,104080
2020-06-25,1760.2625732421875,1785.464956763488,1749.2887863768296,1762.5409741524118,148027
2020-06-26,1793.6488037109375,1816.2473180543432,1760.309109901274,1773.4217790475059,171354
2020-06-29,1800.85595703125,1808.8073148010283,1757.7980412501277,1790.2077537233827,61906
2020-06-30,1820.80419921875,1841.3566931396533,1798.5776992586311,1804.157568025721,153842
2020-07-01,1801.739501953125,1831.126785713048,1790.2077513954382,1822.9429334404415,84097
2020-07-02,1825.314208984375,1832.0565490761528,1799.5073210468809,1806.0171666527353,79238
2020-07-03,1839.7291259765625,1858.7936765048169,1820.0136362052092,1823.7335485034052,203491
2020-07-06,1860.3746337890625,1869.2559700008896,1843.170039040298,1855.5387931066045,225856
2020-07-07,1868.4189453125,1883.2056195483112,1841.356605780571,1860.3746121837135,225411
2020-07-08,1909.9425048828125,1925.0546488654518,1870.4184360051402,1878.5557443034845,219843
2020-07-09,1950.93798828125,1965.9307874227004,1907.5057461455563,1912.518940481283,229155
2020-07-10,1976.8480224609375,1986.54658432246,1931.120152028128,1948.9707767611294,167520
2020-07-13,2057.809326171875,2089.6221376248036,1983.2669301717028,1989.3577570302505,478574
2020-07-14,2099.5546875,2111.6894413609175,2033.3988544590259,2061.5103593593813,266985
2020-07-15,2052.8896484375,2164.585987857381,2022.763346884409,2108.6441360035237,269713
2020-07-16,2146.969482421875,2188.9493792858734,2072.0992591169293,2116.7965101912623,365530
2020-07-17,2121.481689453125,2162.711898965465,2076.503279076027,2162.711898965465,122822
2020-07-20,2108.08154296875,2115.8122062158345,2056.8249487697526,2061.510199222531,110405
2020-07-21,2136.146240234375,2141.159549945456,2103.911807227587,2108.362795351106,99336
2020-07-22,2183.935302734375,2202.0673101801717,2136.4738158343794,2155.2148142188917,315764
2020-07-23,2119.560546875,2210.501309937337,2108.3628433060653,2183.9358466028766,230141
2020-07-24,2131.226806640625,2159.9006332370896,2066.8046077100175,2066.8046077100175,154741
2020-07-27,2274.220947265625,2332.3180625233376,2118.6706064143295,2118.6706064143295,500141
2020-07-28,2263.632080078125,2314.513950741543,2234.8646852301945,2258.290939792356,248944
2020-07-29,2249.341796875,2331.9428978857336,2245.171969814009,2263.912971231488,272337
2020-07-30,2236.270263671875,2286.3086519787303,2205.113345060063,2267.661444829641,137769
2020-07-31,2264.662841796875,2281.7171087236934,2211.485245936477,2211.485245936477,87307
2020-08-03,2333.9111328125,2340.6578492075596,2261.71136155579,2264.8505715647084,400660
2020-08-04,2294.413818359375,2342.6249950021243,2272.346245152061,2342.6249950021243,194655
2020-08-05,2342.43798828125,2369.7998066446917,2303.269246632128,2303.269246632128,373103
2020-08-06,2313.5302734375,2366.0050898067043,2278.063057136898,2351.99623369112,169207
2020-08-07,2312.264892578125,2351.714564086617,2292.0714173930874,2319.1989717322845,75157
2020-08-10,2360.710693359375,2365.114783691876,2302.3793164636463,2319.199322360298,205400
2020-08-11,2358.039794921875,2370.7368701587475,2308.2825694161356,2366.0516194272086,280142
2020-08-12,2339.48583984375,2370.736549505108,2320.135848448477,2342.625048918091,66881
2020-08-13,2316.24755859375,2359.4454342490503,2302.3791702971794,2359.4454342490503,75354
2020-08-14,2286.40234375,2327.679448210216,2272.3465916367827,2316.434846519642,88007
2020-08-17,2287.2451171875,2313.482515623936,2249.763119421163,2296.803209635483,99081
2020-08-18,2269.675537109375,2305.09607241304,2259.4148854943373,2296.8968850173756,110602
2020-08-19,2235.14599609375,2285.9809719063983,2230.179584038753,2259.837132796674,218023
2020-08-20,2224.181884765625,2252.1057906590136,2206.5184014457122,2230.1789130229517,76165
2020-08-21,2218.5126953125,2244.2346711544283,2208.626772405423,2226.711882524442,47903
2020-08-24,2193.072265625,2237.675948058256,2182.3899845174533,2237.675948058256,95077
2020-08-25,2195.742431640625,2236.878835490428,2188.058667328039,2196.0235923974706,111386
2020-08-26,2316.059814453125,2341.594429968049,2199.069245402993,2214.8584025040677,307900
2020-08-27,2339.673828125,2368.581688849098,2301.0671777791185,2314.5139393403683,306226
2020-08-28,2360.991455078125,2370.736684327037,2338.03372829314,2342.6251821413407,239015
2020-08-31,2303.597412109375,2370.73696630644,2255.1050650712887,2356.681213541777,140050
2020-09-01,2316.059814453125,2389.477782130524,2297.1783462325407,2323.931172645696,329890
2020-09-02,2323.134521484375,2370.7367114851954,2286.4022039620068,2342.625208977466,153680
2020-09-03,2331.614990234375,2359.023706586974,2324.8213767794573,2341.641380889301,68054
2020-09-04,2322.572265625,2331.5209102773974,2274.3141897083597,2297.64664364276,206186
2020-09-07,2258.291015625,2340.751434452801,2251.731664127334,2319.1992795318984,105555
2020-09-08,2331.70849609375,2350.87112314413,2258.8059591798674,2280.779736274958,227660
2020-09-09,2300.92626953125,2348.9031836628255,2260.1645946281305,2323.5092659863644,122396
2020-09-10,2317.091064453125,2365.9114752251126,2305.23746999881,2314.5610744683668,131035
2020-09-11,2342.062744140625,2351.995565927837,2317.137350705135,2318.2617649822582,88596
2020-09-14,2484.776123046875,2517.0574586761854,2342.62564468198,2348.2479462292163,869710
2020-09-15,2521.414306640625,2604.9991248936058,2481.2616207067626,2484.1196690981833,317535
2020-09-16,2527.786376953125,2530.035205627108,2501.970601600569,2518.79060471321,168792
2020-09-17,2565.5966796875,2586.258683401692,2506.703208888475,2525.350417307087,478651
2020-09-18,2536.500732421875,2618.445943720059,2506.6089268220267,2576.8876817796536,405293
2020-09-21,2489.7890625,2562.17618413625,2447.1532821187784,2477.5605127021945,349426
2020-09-22,2417.448486328125,2529.988051845262,2344.4990537581575,2492.5529508380096,340180
2020-09-23,2294.32080078125,2515.0430485007705,2249.8578090351525,2453.5724562536307,663967
2020-09-24,2262.4140625,2359.53945948117,2166.085478522887,2294.3675679632966,841246
2020-09-25,2317.980712890625,2337.8461286243923,2220.8086663656486,2238.6126176993816,270255
2020-09-28,2376.40576171875,2397.817217527381,2332.2706140312866,2332.3175122869334,209712
2020-09-29,2344.03076171875,2400.3475627135736,2310.905950071334,2375.14077844249,242930
2020-09-30,2383.433837890625,2409.1558174921806,2346.7015195665754,2359.4921619779507,219526
2020-10-01,2368.15966796875,2431.644806955745,2356.8681694498778,2403.533306297297,93535
2020-10-05,2418.6201171875,2427.5687626714052,2361.3662642711733,2392.757442784302,137708
2020-10-06,2512.418701171875,2546.9021908643945,2431.83239196866,2436.3302782367277,234362
2020-10-07,2499.20654296875,2529.098351201828,2465.4727376174105,2520.664899863993,121336
2020-10-08,2681.275146484375,2772.731330545121,2546.902249551078,2546.902249551078,843440
2020-10-09,2742.979736328125,2764.2976247904926,2637.0930815480147,2669.6555705180044,357820
2020-10-12,3070.43212890625,3291.5759605722287,2751.1791939462482,2752.3505066139705,1359930
2020-10-13,3045.1787109375,3111.0064836718207,2956.861734706756,2956.861734706756,859404
2020-10-14,3120.892333984375,3274.7090202188747,3045.4129007963897,3054.7834020296095,1614845
2020-10-15,3088.938720703125,3175.6627522105746,2993.875034910825,3098.0749590725713,606071
2020-10-16,2881.569091796875,3152.704589119846,2834.669924335786,3115.69111571511,796043
2020-10-19,2825.4404296875,2947.210049412873,2774.792823954785,2895.8129865870765,481161
2020-10-20,2778.165771484375,2897.35848082741,2765.234436261865,2834.5761334097397,458852
2020-10-21,2904.714599609375,2941.400016429096,2800.8425132547204,2800.8425132547204,968628
2020-10-22,2859.877197265625,2936.6215167843575,2840.3396091765453,2915.631683909565,407235
2020-10-23,2868.450927734375,2910.243455242147,2849.663255555133,2885.0835676218576,204794
2020-10-26,2810.400634765625,2906.729431506107,2788.4268555139583,2890.799579689343,191704
2020-10-27,2729.927490234375,2849.907652601388,2722.6759823852803,2849.907652601388,473219
2020-10-28,2720.933837890625,2777.062844257491,2707.1842753368815,2745.231299839287,339972
2020-10-29,2762.37109375,2778.098443795057,2662.1207620496994,2712.222360901624,356589
2020-10-30,2748.52685546875,2810.023836064098,2722.628452684652,2762.370682972597,275917
2020-11-02,2686.93603515625,2782.901304587646,2666.1230434137483,2731.104495195998,279552
2020-11-03,2765.337890625,2824.339080208426,2698.1432026666025,2713.1170991524145,311155
2020-11-04,2862.05615234375,2890.5915301004575,2773.4835666502167,2778.192367272713,337813
2020-11-05,2993.855224609375,3003.2728251900903,2862.055950466643,2862.055950466643,379717
2020-11-06,2983.731689453125,3041.79111256517,2957.1269643755422,2993.8556113853024,263716
2020-11-09,3088.549560546875,3098.3909081766096,3013.632494275122,3017.3995348929657,313385
2020-11-10,2847.694580078125,3086.148220194849,2825.2806410084063,3083.840953655744,512059
2020-11-11,2806.4921875,2924.1650641452334,2731.104246705693,2876.0410318293507,670169
2020-11-12,2809.55322265625,2880.8444231016783,2797.9695263272592,2825.280571855193,310817
2020-11-13,2846.04638671875,2885.41200807174,2774.09577129762,2811.154126203102,191905
2020-11-14,2860.926025390625,2867.6595181689613,2834.41534049612,2866.6706240748676,21361
2020-11-17,2823.349853515625,2880.3734777500545,2812.0958654770843,2872.3685163111545,282279
2020-11-18,2841.808837890625,2926.049250700957,2815.9104296530077,2834.698501644635,498558
2020-11-19,2809.2705078125,2872.1801313771284,2782.5715157778677,2851.649714266259,274028
2020-11-20,2911.546142578125,2926.14342676251,2816.9461395230574,2833.4269442473633,491454
2020-11-23,3074.04638671875,3097.9672331438346,2928.874147547808,2938.2917493084124,710638
2020-11-24,3141.664794921875,3218.936262898902,3044.710631349371,3060.6734202556067,817267
2020-11-25,2927.366943359375,3178.958286912792,2900.809355063657,3172.5542723786025,598000
2020-11-26,2909.0029296875,2994.750240109646,2856.1703215126067,2951.8530179018676,409436
2020-11-27,3014.056396484375,3060.720660539446,2907.354919472569,2933.9127411415584,5781528
2020-12-01,3158.1455078125,3269.1791667045754,3015.5631140293226,3080.7328699870436,865205
2020-12-02,3196.0986328125,3202.926394164365,3041.8854022790056,3152.071344095304,577260
2020-12-03,3108.42041015625,3201.9843689046206,3088.973155884458,3201.9843689046206,358686
2020-12-04,3074.988037109375,3136.061274315178,3067.124477873172,3126.643672890808,251735
2020-12-07,3080.450439453125,3144.53726619968,3046.594206695407,3061.4269296491793,322749
2020-12-08,3071.503662109375,3135.1196076113756,3046.5941515838995,3107.808562666729,334352
2020-12-09,3075.647705078125,3126.549661008782,3065.80612684599,3079.650186011332,142608
2020-12-10,3062.038818359375,3103.099652313224,3029.3597875803976,3079.555648881409,117946
2020-12-11,3078.283935546875,3103.0994051562584,3053.091853881342,3087.7958041444863,215585
2020-12-14,3046.547119140625,3125.702110094409,3024.0862762785487,3097.4493040375146,264171
2020-12-15,3073.104736328125,3083.2757925773176,3030.16060871876,3046.5942783937166,220098
2020-12-16,3097.402099609375,3121.934998295295,3074.894123264641,3075.317869361474,364862
2020-12-17,3113.459228515625,3125.702111144392,3096.695850931852,3112.5174683134123,282060
2020-12-18,3160.92333984375,3201.9841699924077,3123.01749783134,3131.352166242575,722305
2020-12-21,3197.69970703125,3248.1310130176935,3088.973535140051,3173.7319553115767,753013
2020-12-22,3364.90869140625,3407.2878940687974,3124.854144293155,3199.158920992732,867964
2020-12-23,3460.92138671875,3483.099884039928,3346.073783424054,3366.792506541231,909379
2020-12-24,3414.445556640625,3460.921280250137,3391.278165898991,3460.921280250137,239343
2020-12-28,3428.713623046875,3459.9328833005834,3372.537716220141,3428.007302860846,165151
2020-12-29,3399.706298828125,3458.848869904043,3374.4670860849396,3438.4127248934074,153207
2020-12-30,3447.925048828125,3460.8742507690336,3358.1283573219525,3399.7069755852694,269551
2020-12-31,3446.37109375,3460.9683753330373,3400.742862786112,3429.8902919627,263584
2021-01-01,3483.853271484375,3530.9412776679774,3413.9275823017256,3440.2497317739785,285207
2021-01-04,3621.397705078125,3682.1881425212673,3493.41235495402,3512.3889610841043,373949
2021-01-05,3888.857421875,3954.356657287966,3581.5139006462055,3621.067827500568,840857
2021-01-06,3726.450927734375,3916.7807604299796,3705.826470856449,3905.4796377742546,597076
2021-01-07,3656.7607421875,3794.3520051548135,3644.6121270660533,3765.2045717250676,363617
2021-01-08,3853.870361328125,3874.4007760333393,3691.699329618544,3692.4999176154033,582258
2021-01-11,3997.912353515625,4030.732781332373,3828.2543822701164,3908.3039818993807,426541
2021-01-12,4035.58349609375,4185.182190903428,3927.1399046056017,3979.1721539412033,559357
2021-01-13,4146.05224609375,4176.7063557025795,4022.2576877577717,4049.5687326992315,376243
2021-01-14,4134.98583984375,4219.084824392465,4085.354903619311,4162.57922406578,322695
2021-01-15,4038.126220703125,4221.910616070094,3955.3925022293984,4171.997329732437,219119
2021-01-18,3775.37548828125,4042.034798252158,3737.4696400450784,4040.104373770216,194306
2021-01-19,3853.07080078125,3926.9516147612394,3815.72986978804,3848.974051820694,432450
2021-01-20,3852.693359375,3993.1570134819276,3825.429451000329,3867.8086546672457,233400
2021-01-21,3747.593505859375,3936.5106920335934,3729.3703542052854,3927.1399942010203,193223
2021-01-22,3700.599365234375,3794.1633278477802,3682.282176351739,3738.787785196011,147463
2021-01-25,3667.07275390625,3763.179190704173,3644.6116829610996,3723.719533443976,173743
2021-01-27,3791.337646484375,3875.342596765237,3625.776184093843,3685.7662531553815,349263
2021-01-28,3739.588623046875,3814.0817177286153,3719.9528306933057,3757.6232391053895,117674
2021-01-29,3733.043212890625,3812.7633528005276,3559.853601848815,3773.2565578860886,236889
2021-02-01,3708.321533203125,3776.4579678080213,3677.573158177138,3764.215086615626,128714
2021-02-02,3803.34521484375,3861.216325741522,3720.894073903598,3745.6152759891384,158015
2021-02-03,4054.74853515625,4093.831583398959,3803.3456961191596,3814.1288044089683,343177
2021-02-04,4053.0537109375,4124.862928920572,4004.505694873445,4065.578938136673,146650
2021-02-05,3884.43115234375,4068.404101058293,3878.733687019392,4050.5106570953053,142196
2021-02-08,3863.006103515625,3922.8078766971403,3837.6728459004144,3919.4174479810717,111277
2021-02-09,3830.891845703125,3926.998511521642,3810.7380412683515,3881.6528539067317,90282
2021-02-10,3766.946533203125,3861.2168212217225,3727.2985667237344,3837.672816214273,109185
2021-02-11,3791.856201171875,3814.0344695228223,3748.2055247627172,3751.030805309021,87408
2021-02-12,3804.616455078125,3840.2150320851465,3757.6227190566756,3791.8557899321277,65326
2021-02-15,3797.365234375,3837.672614816845,3767.9823636520728,3823.5462125537156,69804
2021-02-16,3715.197021484375,3821.6630628495254,3691.70014942586,3799.013683040217,92060
2021-02-17,3650.16796875,3743.072742836662,3641.786395624101,3725.603046570712,105727
2021-02-18,3645.836181640625,3745.7098933668376,3612.6391357434118,3616.076468385279,147042
2021-02-19,3598.135986328125,3696.408754352089,3586.22281186567,3696.408754352089,120226
2021-02-22,3572.755615234375,3630.4384273306528,3555.144745525692,3599.4074748077337,63480
2021-02-23,3535.8857421875,3626.7184658822493,3531.600687369108,3579.4892846586013,90928
2021-02-24,3502.17041015625,3602.232421875,3485.4541681985293,3567.7170058014813,50985
2021-02-25,3443.545654296875,3544.596554569795,3428.006613329858,3512.765018604497,251215
2021-02-26,3390.19580078125,3436.059479957401,3362.0841647459006,3413.8809796089326,240333
2021-03-01,3397.917724609375,3479.992028974412,3380.918908070488,3380.918908070488,190862
2021-03-02,3609.578125,3667.213796620441,3415.763852168038,3428.5247473933537,394399
2021-03-03,3683.364990234375,3735.9623847461344,3626.7182111563807,3642.7281331479826,232927
2021-03-04,3696.1259765625,3781.166963213935,3589.1890666496147,3654.3119183029453,251366
2021-03-05,3621.208984375,3691.6998242636987,3597.5238083386043,3682.2822226711896,132490
2021-03-08,3641.033203125,3724.661554039526,3622.009693258158,3644.611937833872,162750
2021-03-09,3669.568115234375,3691.699476894328,3635.052700614311,3662.5049147046025,100893
2021-03-10,3888.48046875,3908.304334509212,3706.8148112482304,3724.661118791309,1096653
2021-03-12,3782.155517578125,3931.8013283780224,3767.0402227001628,3925.25591205357,354537
2021-03-15,3849.3037109375,3880.0520900219367,3735.962776970151,3812.2453544681553,311584
2021-03-16,3876.237548828125,3953.5087787292814,3835.788769834293,3880.0514931788084,361187
2021-03-17,3812.527587890625,3944.7977524293597,3785.8757301739247,3876.237798765726,319928
2021-03-18,3774.056640625,3895.119953041561,3719.952566371897,3832.963783578132,327009
2021-03-19,3837.7666015625,3856.6487072663067,3682.2819200784106,3738.7875249901,279744
2021-03-22,3854.71875,3947.811837338144,3837.7670664729517,3851.799201423795,251199
2021-03-23,3799.531494140625,3895.214421604421,3786.3468514543024,3880.0519905463816,198149
2021-03-24,3740.859375,3828.2547571374807,3721.5532931989374,3795.2931540624963,129661
2021-03-25,3614.193359375,3758.235547371829,3564.4214668220693,3758.235547371829,269938
2021-03-26,3717.36279296875,3743.496637418654,3634.629070912631,3640.185593811885,138918
2021-03-30,3920.54736328125,3996.8299326845126,3690.7578949553736,3762.3316637781872,354158
2021-03-31,3818.177978515625,3931.8483753836545,3788.465401694514,3931.8483753836545,229616
2021-04-01,3873.271240234375,3945.0335527757643,3835.1301813314244,3844.2652094606515,213617
2021-04-05,4020.844970703125,4046.5548389263154,3841.48679566153,3875.3430271561915,456022
2021-04-06,4009.591796875,4096.563461562381,3987.88440364784,4049.5697096908043,286197
2021-04-07,4048.10986328125,4073.1134160363486,3940.372113950733,3979.4082634593274,246137
2021-04-08,4074.101318359375,4132.39663959655,4021.7867258952006,4040.1510488444937,291750
2021-04-09,4123.591796875,4190.8333912284015,4026.025336517172,4030.73413808035,379136
2021-04-12,4009.77880859375,4133.384813790845,3883.959575334849,4124.9089734344725,294617
2021-04-13,3868.986083984375,4071.3702455172834,3828.254958046975,4021.315786189565,335455
2021-04-15,3809.608154296875,3872.141166891247,3731.4420609953463,3870.634258666066,265495
2021-04-16,3851.705078125,3931.848965779481,3816.2950313803603,3856.5081472735274,307827
2021-04-19,3826.701171875,3851.7989877358596,3731.5362633696623,3823.5461834248385,174917
2021-04-20,3738.081298828125,3880.051634734994,3687.085081083075,3828.349096910805,269477
2021-04-22,3687.226318359375,3766.098728591824,3656.8545544191184,3753.8558470035036,202748
2021-04-23,3673.85400390625,3757.623535229804,3625.777095397179,3689.816794744454,184712
2021-04-26,3704.93115234375,3763.226007181377,3673.8059368609734,3730.6412475658367,152758
2021-04-27,3681.99951171875,3734.0788925730653,3673.8062446223275,3734.0788925730653,156767
2021-04-28,3664.247802734375,3717.551292633574,3610.8498149235393,3701.117622963832,297881
2021-04-29,3626.71875,3711.28886706982,3606.941784601402,3711.28886706982,257788
2021-04-30,3663.682373046875,3700.834764467981,3607.8830849283663,3616.3589261615575,303588
2021-05-03,3695.090576171875,3710.5353521664338,3625.776930416439,3675.6902232247694,178549
2021-05-04,3622.385986328125,3714.2547308196445,3611.650013068988,3711.4765844862795,249163
2021-05-05,3687.13232421875,3734.032027770824,3588.388906027883,3676.019737889245,390169
2021-05-06,3590.319580078125,3677.5735703875653,3573.9328146922585,3677.5735703875653,517358
2021-05-07,3549.116943359375,3639.8082503704754,3533.4836348823474,3639.8082503704754,269501
2021-05-10,3451.974853515625,3576.8052130846245,3422.1682353753554,3576.8052130846245,680722
2021-05-11,3408.089111328125,3441.9924797177896,3379.6949023486222,3433.139795573996,612773
2021-05-12,3448.725830078125,3477.920396089163,3404.4631009646155,3407.2883815463288,307626
2021-05-14,3388.78271484375,3484.4182737753017,3382.802445945211,3482.6290214658657,256284
2021-05-17,3374.938720703125,3390.3365913576404,3319.704579037689,3390.3365913576404,371290
2021-05-18,3423.67529296875,3443.8762352841786,3379.0359468437737,3413.8810778452284,655849
2021-05-19,3529.434326171875,3541.8655136673524,3438.413303305163,3456.2596114452754,718564
2021-05-20,3459.79150390625,3547.092627683583,3443.1223944992385,3535.273491294565,360209
2021-05-21,3442.745361328125,3486.772647841229,3423.392374402673,3486.396035754266,259149
2021-05-24,3450.844482421875,3479.803605798957,3430.8320800881193,3470.386004700719,169770
2021-05-25,3491.576171875,3525.9504214430212,3451.551360734154,3473.2118467633177,317127
2021-05-26,3578.5478515625,3595.640708482924,3474.1536337332386,3512.765804777712,364653
2021-05-27,3695.74951171875,3708.651580170205,3579.6304358118205,3596.393812961016,788685
2021-05-28,3701.541015625,3762.237409341092,3685.0602135341032,3729.370073140009,464949
2021-05-31,3712.795166015625,3738.787838422796,3683.3182569197475,3737.846078261984,186099
2021-06-01,3664.05908203125,3734.079042039264,3632.180638503181,3725.6032005819243,180333
2021-06-02,3614.899169921875,3625.7765455428853,3550.4357342069293,3623.84589126802,383860
2021-06-03,3614.0048828125,3655.0657208114026,3589.989996946254,3655.0657208114026,199548
2021-06-04,3631.992431640625,3653.6529159564607,3606.9415186804986,3624.834962245754,170587
2021-06-07,3663.2587890625,3679.551286138264,3587.1173866464433,3626.95388818952,149995
2021-06-08,3768.170654296875,3811.3975829985247,3563.761568400455,3663.446971931943,662186
2021-06-09,3707.2392578125,3809.4202458660134,3677.620943665247,3785.923373399386,391867
2021-06-10,3799.86083984375,3806.5943326048573,3699.9871350338517,3716.1853628052368,290365
2021-06-11,3930.765625,3964.8101618557225,3804.710939167962,3814.128540502536,651592
2021-06-14,3924.59716796875,3982.7039572893027,3885.372946903447,3969.519314252639,420066
2021-06-15,3911.460205078125,3956.334991072836,3872.5183249920265,3924.786021255902,308870
2021-06-16,3964.339111328125,4000.455702862019,3884.7603834727443,3911.459374077007,505404
2021-06-17,3927.328857421875,3970.4612938012333,3893.6135638879173,3954.4513692294545,297058
2021-06-18,3835.318359375,3987.1771894423346,3767.181917915555,3955.3927831491715,463743
2021-06-21,3841.298095703125,3854.5296405500676,3774.574303778603,3816.106014209593,108975
2021-06-22,3871.387451171875,3902.65407217412,3816.0121381393665,3842.1931163646855,181327
2021-06-23,3879.01611328125,3927.1401529273817,3870.6345392161966,3872.8946717958715,139644
2021-06-24,3941.2197265625,3978.9370404880397,3847.6557541268653,3880.052214629757,258001
2021-06-25,3969.943115234375,3986.470822374723,3931.848732202804,3955.392736587252,255481
2021-06-28,3882.07666015625,3978.9367872901767,3872.0939102122684,3974.227986358472,261465
2021-06-29,3893.37744140625,3910.1879512289206,3849.5855965767355,3884.7135243570133,226795
2021-06-30,3834.188232421875,3917.7692177251506,3815.1175889479578,3879.1101466204964,343166
2021-07-01,3806.234619140625,3882.183199744487,3761.8878844608516,3871.38066247984,303755
2021-07-02,3830.918701171875,3852.4286917377976,3779.1333855822254,3828.1231588881487,267215
2021-07-05,3834.51953125,3851.623374290974,3805.476334530673,3832.008540050309,150414
2021-07-06,3810.451416015625,3867.0218265792396,3799.7911540497744,3837.6943077061314,182484
2021-07-07,3823.290771484375,3860.1514921750318,3781.2655615528893,3809.313984977749,125022
2021-07-08,3830.5869140625,3885.0726895871985,3815.093909702407,3827.1755381883186,204842
2021-07-09,3841.579345703125,3858.9672780590763,3804.7658164019904,3826.228383908956,134881
2021-07-12,3823.90673828125,3864.13141119008,3802.6336409565542,3851.9077374753037,142743
2021-07-13,3807.229248046875,3832.4821283671,3785.576981784291,3823.906494693064,129863
2021-07-14,3993.807861328125,4006.3632807865974,3802.491788682808,3821.917154637426,743692
2021-07-15,4188.5341796875,4358.8614278745545,4022.4710350711925,4036.8267578890704,2524847
2021-07-16,4063.787109375,4168.399731164095,4028.1580489153375,4168.399731164095,921642
2021-07-19,4150.01611328125,4232.597511338803,3998.7824476072647,4046.066536145062,908381
2021-07-20,4129.16943359375,4227.29103236097,4092.5927997118,4169.346681808734,424083
2021-07-22,4175.17431640625,4193.036269662598,4136.5132857057215,4163.661326304509,331876
2021-07-23,4132.58154296875,4193.036895506787,4116.2829997924255,4180.244579554394,215746
2021-07-26,4123.29345703125,4169.345869858019,4088.5175997731267,4142.813668868013,123859
2021-07-27,4121.3994140625,4168.115329617891,4053.7895696526284,4131.443842546975,146187
2021-07-28,4128.88427734375,4156.4117148090045,4039.5277954895646,4120.9247091999605,196069
2021-07-29,4396.43408203125,4415.670210136077,4129.54859370177,4158.212853674115,1180829
2021-07-30,4448.3779296875,4489.638875983103,4343.824078190459,4402.463447885657,551524
2021-08-02,4465.56689453125,4534.794505032115,4448.8533919592055,4498.376272114625,248112
2021-08-03,4482.51806640625,4486.981492729933,4426.205447114121,4469.888229900486,205148
2021-08-04,4458.396484375,4510.720940016047,4414.333955718862,4510.720940016047,216436
2021-08-05,4467.70361328125,4622.729987883154,4439.736954716994,4482.232699056566,566028
2021-08-06,4522.63916015625,4558.202823912397,4438.549999784697,4496.477160671917,224775
2021-08-09,4509.15478515625,4609.577691791892,4482.232806810672,4579.949187764649,207846
2021-08-10,4547.7568359375,4585.979264972055,4486.980799708642,4527.814699049906,136226
2021-08-11,4514.8994140625,4586.691195070028,4442.348118123724,4562.950557414385,191033
2021-08-12,4631.37109375,4664.560692128851,4520.217608821932,4520.217608821932,502105
2021-08-13,4617.55419921875,4670.448527396136,4612.331258736343,4624.676390785668,167996
2021-08-16,4534.2724609375,4628.665623426721,4514.520432487046,4600.936368405498,120823
2021-08-17,4709.05078125,4724.3871412429935,4516.371848668639,4543.958285597532,611602
2021-08-18,4730.8447265625,4795.609379297259,4662.661792544463,4708.71863509811,403770
2021-08-20,4670.49560546875,4837.344990938588,4636.024385365595,4654.161861429664,383809
2021-08-23,4798.55322265625,4849.737949872008,4682.603843904224,4682.603843904224,538165
2021-08-24,4731.3671875,4863.032683830314,4710.142962663222,4837.3927927029135,291671
2021-08-25,4831.59912109375,4876.326571477461,4702.592413997551,4773.957135840122,351741
2021-08-26,4878.890625,4953.863272456677,4796.605212772441,4850.971267166991,513667
2021-08-27,4969.96044921875,4985.534215746306,4843.090381010697,4888.482297539367,331314
2021-08-30,5007.32763671875,5057.135212710811,4966.636093980307,5004.526056204082,293439
2021-08-31,5044.8388671875,5104.237764912869,4980.786432924279,5033.01584261176,282387
2021-09-01,5014.59326171875,5116.773073613007,5003.530215717865,5086.194942443453,199409
2021-09-02,5117.53271484375,5160.218574010633,5000.491351491645,5015.922768566466,280435
2021-09-03,5186.14306640625,5221.991434592441,5106.80202904673,5127.978495508125,421953
2021-09-06,5169.85693359375,5237.185297354136,5141.41546078441,5221.991287425276,191851
2021-09-07,5132.53662109375,5259.786460510573,5118.482346691625,5169.762132725271,224631
2021-09-08,5126.36279296875,5174.508987928238,5052.007306988112,5160.264606423571,188426
2021-09-09,5160.78759765625,5183.7214267488735,5084.295441366446,5108.985706864302,121111
2021-09-13,5212.44775390625,5241.933444055307,5114.683610449616,5164.064142893615,230196
2021-09-14,5299.29052734375,5384.377072585681,5218.19259503674,5222.845667671238,482838
2021-09-15,5365.2421875,5420.462822359519,5260.925724574586,5317.903259497776,322366
2021-09-16,5386.56103515625,5428.059858808784,5325.452999540704,5400.520716767942,146820
2021-09-17,5427.34765625,5491.400087804684,5384.377098278728,5389.409928434765,358488
2021-09-20,5268.0,5506.878101548977,5200.481536333645,5427.109562054216,240211
2021-09-21,5450.61328125,5476.490577632954,5236.900235494974,5317.903109891546,313977
2021-09-22,5553.69482421875,5583.798139115953,5434.516819718911,5479.434385681249,269591
2021-09-23,5732.6044921875,5790.816350380267,5564.805479374937,5618.886837553516,280558
2021-09-24,5917.44921875,6171.141589767279,5792.715810968746,5859.1895989634695,1103223
2021-09-27,5678.95068359375,6047.595029872329,5631.279297323116,5982.640737459634,448074
2021-09-28,5480.62158203125,5721.494013185586,5394.680468638172,5721.494013185586,458096
2021-09-29,5455.21923828125,5621.736177651694,5351.6622898374335,5370.132692973131,783825
2021-09-30,5474.734375,5573.210743106361,5427.110740070299,5469.843895503923,282121
2021-10-01,5461.1064453125,5507.828207998921,5393.87314162653,5467.943934768585,211279
2021-10-04,5449.09375,5564.805715855817,5394.157819266157,5507.733127637218,264342
2021-10-05,5474.97119140625,5510.724501529195,5367.331039860341,5465.095178173877,310789
2021-10-06,5402.2783203125,5506.879499672339,5384.377782918118,5506.879499672339,237547
2021-10-07,5486.55615234375,5553.409692014173,5422.361378488531,5441.353887695145,299275
2021-10-08,5682.1318359375,5697.706066074119,5490.734989730144,5553.410276710806,504760
2021-10-11,5582.9921875,5658.107677763189,5327.400507238113,5658.107677763189,359610
2021-10-12,5530.572265625,5649.275467063698,5431.858497834826,5583.039080660905,262597
2021-10-13,5651.55419921875,5694.904513525809,5537.456780316447,5543.914048684955,183586
2021-10-14,5791.6708984375,5957.143142647461,5726.241793894214,5754.7305590379665,485930
2021-10-18,5608.3466796875,5919.158966238758,5563.666515107242,5834.499933155196,703972
2021-10-19,6509.8251953125,6707.537411153456,6058.610728832331,6119.386761221872,3798353
2021-10-20,6590.5439453125,6794.571096048828,6172.566334635553,6463.151765158395,1863489
2021-10-21,6318.1435546875,6696.1895829688665,6220.284826175158,6627.436785142006,633550
2021-10-22,6213.8759765625,6432.717411948223,6146.0250325458355,6324.507374326622,499076
2021-10-25,6102.4658203125,6269.270069340538,5962.3121788324515,6239.09758846668,386502
2021-10-26,6193.078125,6290.3530365843135,6110.604098766444,6139.158323527035,363082
2021-10-27,6337.6572265625,6366.639948931964,6231.054793570965,6253.374863878457,313943
2021-10-28,6366.97314453125,6524.639952848908,6323.475358945701,6371.398956144507,568697
2021-10-29,6360.26220703125,6500.701663421281,6291.446720032735,6377.109383391729,280562
2021-11-01,6474.33642578125,6505.603390917236,6339.988908105297,6396.14554308176,294832
2021-11-02,6427.46044921875,6575.085877963742,6411.517674398847,6495.134052001242,220667
2021-11-03,6411.4228515625,6472.291128293935,6324.189785408315,6405.6646019732625,203300
2021-11-04,6438.9775390625,6477.906371662833,6424.747831476131,6469.435378123845,24255
2021-11-08,6498.84521484375,6547.292115283686,6358.073002835691,6458.964580425599,252226
2021-11-09,6510.029296875,6598.119349328484,6432.504864109278,6518.928788887007,228146
2021-11-10,6506.36572265625,6584.557082985264,6458.9658935987145,6491.3273495937565,137693
2021-11-11,6613.87158203125,6662.556436938247,6437.12076432231,6509.410721282492,174895
2021-11-12,6894.17919921875,6915.832818351353,6619.249528842327,6662.652040800918,594614
2021-11-15,6850.49169921875,6951.525970862079,6820.652441596174,6928.111413767102,179625
2021-11-16,6939.9130859375,6971.98918110746,6833.977108580418,6842.543375151062,304970
2021-11-17,7040.56689453125,7200.375732247083,6891.085725028414,6923.447177328271,571581
2021-11-18,6803.1865234375,7054.606371967443,6778.011494878131,7042.423422334715,310851
2021-11-22,6500.46435546875,6756.881193572241,6427.984309963912,6756.881193572241,353527
2021-11-23,6593.5029296875,6614.109466461101,6281.928691702873,6462.724688964716,246188
2021-11-24,6423.7958984375,6665.079087535155,6396.146077854999,6605.543717308585,336544
2021-11-25,6519.69091796875,6548.435690767081,6388.912658605999,6434.218789183934,158382
2021-11-26,6327.90087890625,6534.157726019296,6297.300364297338,6534.157726019296,171743
2021-11-29,6423.31982421875,6464.676042813017,6084.2862976430815,6215.302496991902,249304
2021-11-30,6481.5234375,6615.014433584543,6429.697335473165,6485.616023672573,299419
2021-12-01,6579.08349609375,6595.787530571441,6487.66211369597,6491.326665247264,199325
2021-12-02,6613.87158203125,6641.521400730471,6457.0613149847095,6586.507119648318,303243
2021-12-03,6518.7861328125,6661.699919402243,6505.746185675898,6633.145697715992,286743
2021-12-06,6240.09716796875,6535.4907087681095,6206.5459547040755,6535.4907087681095,317321
2021-12-07,6240.43017578125,6362.785300437532,6180.085677333849,6329.519444674279,253149
2021-12-08,6327.42578125,6396.146469395493,6287.68781769386,6319.05006105903,335995
2021-12-09,6287.7353515625,6353.029436238401,6237.241686982894,6272.411158513604,236607
2021-12-10,6294.4931640625,6310.43593872291,6152.5785814488445,6291.447194346889,380321
2021-12-13,6444.3076171875,6559.381045000901,6281.929173185221,6342.844850016108,404491
2021-12-14,6348.6025390625,6460.868403841742,6321.666576490261,6460.868403841742,264969
2021-12-15,6353.93310546875,6390.815642965282,6248.6157074769835,6362.832597788824,241189
2021-12-16,6509.9345703125,6519.8811442353535,6397.240659251139,6447.543776795662,355537
2021-12-17,6641.998046875,6785.720978412625,6536.157332433568,6583.842980814214,865305
2021-12-20,6411.4228515625,6603.117257662077,6291.4476997092515,6573.182725293811,416395
2021-12-21,6640.236328125,6693.394394863962,6415.181302610554,6439.928292798666,427382
2021-12-22,6782.57958984375,6851.014449533404,6672.45528683119,6679.784389773145,431510
2021-12-23,6694.53759765625,6856.440135386365,6654.609089836736,6853.013535668586,405769
2021-12-24,6821.17578125,6838.736815339603,6729.278953994572,6730.230761484528,363446
2021-12-27,6835.16650390625,6876.808075296453,6710.24178973564,6848.063307545515,380141
2021-12-28,6921.4970703125,6948.195086078961,6854.965351044607,6869.195059757789,206301
2021-12-29,6913.07373046875,6942.199135380279,6857.7736170950275,6913.7397169251835,155943
2021-12-30,6941.05615234375,6993.548242705661,6879.711973434791,6930.966899953985,258400
2021-12-31,6978.65283203125,7007.207058021558,6902.6987767969395,6971.7996318936675,194116
2022-01-03,7169.82275390625,7205.182307285984,6984.362981620153,6984.362981620153,311684
2022-01-04,7197.330078125,7223.076284080599,7077.735563435657,7186.146340442854,273052
2022-01-05,6964.470703125,7185.623267173361,6931.442797203085,7167.11042552625,376964
2022-01-06,6844.685546875,6919.497707822082,6790.623067860941,6900.604236376674,559885
2022-01-07,6858.201171875,6929.158231324731,6834.262842723867,6853.013635376107,417838
2022-01-10,6761.21142578125,6963.327824766977,6743.555584005301,6945.338757443427,241841
2022-01-11,6828.40966796875,6886.327247164723,6711.194667554729,6757.833234950869,401888
2022-01-12,6825.17333984375,6881.520527343024,6791.6221268981735,6881.520527343024,242957
2022-01-13,6788.8623046875,6891.086337798257,6744.174756417482,6852.96663311407,198001
2022-01-14,6737.22607421875,6797.761118450941,6691.444044843083,6745.649662748062,291638
2022-01-17,6760.68798828125,6784.292625992429,6639.903721705232,6736.6074468682355,212781
2022-01-18,6538.44140625,6813.79912104566,6519.881160610306,6735.941456005714,212064
2022-01-19,6374.30224609375,6413.278949204983,6234.339138808644,6377.110264124872,555061
2022-01-20,6288.068359375,6645.757404392162,6253.517470939514,6614.871067499038,977600
2022-01-21,6085.66650390625,6272.316044425875,6040.217696555654,6258.13420586747,538820
2022-01-24,5681.43310546875,6181.988476706659,5545.229386496228,6099.181240760011,632383
2022-01-25,5743.34765625,5775.043116699238,5472.891717623788,5545.229069021946,528975
2022-01-27,5468.80029296875,5710.844743445209,5446.242270332247,5710.844743445209,548141
2022-01-28,5626.65673828125,5800.314180876387,5482.410515564159,5482.410515564159,720772
2022-01-31,5968.166015625,6015.423163189667,5719.411042342835,5777.471297557165,746524
2022-02-01,5992.00830078125,6122.310642799983,5911.295217978844,6082.049375090117,435210
2022-02-02,6088.4736328125,6112.459363801187,5977.350125307774,6024.9404925474855,303718
2022-02-03,5899.58837890625,6070.62837654416,5881.789857091109,6070.62837654416,224304
2022-02-04,5979.25439453125,5996.386928613002,5813.925254742457,5853.615811265073,219167
2022-02-07,5832.3427734375,6024.941102091752,5790.9870189720305,5986.678257060094,157433
2022-02-08,5847.85791015625,5920.242685060014,5738.494855958791,5844.0980846090815,183679
2022-02-09,5987.53564453125,6015.280740291475,5863.1342179994435,5863.1342179994435,232924
2022-02-10,6012.94873046875,6034.459673358436,5948.796996607291,6034.364399656537,141271
2022-02-11,5710.7021484375,5902.9193883765765,5688.001447301784,5863.134021984436,424193
2022-02-14,5601.7197265625,5703.801069338197,5396.843185467221,5520.482872718334,394155
2022-02-15,5808.54833984375,5815.544218391937,5604.100260913782,5687.050197199971,204594
2022-02-16,5713.6044921875,5864.085333594058,5678.482892423657,5863.133526203441,222936
2022-02-17,5648.2158203125,5729.880711665249,5634.79524263922,5710.891967592982,185919
2022-02-18,5578.2099609375,5661.350430502163,5568.073305050043,5607.097408555522,170126
2022-02-21,5578.82861328125,5634.699894418017,5462.232204993039,5568.073375396182,129520
2022-02-22,5702.3251953125,5725.121167072953,5423.398239398452,5453.856074368748,317699
2022-02-23,5626.8955078125,5780.612422209901,5595.200503313437,5735.592112437998,246058
2022-02-24,5331.0263671875,5508.347917345568,5311.085814296646,5490.97743058734,403007
2022-02-25,5439.86474609375,5525.2420573238605,5376.379470210849,5455.760115862251,355116
2022-02-28,5567.88330078125,5584.254575602297,5320.603899372224,5411.310967785413,277884
2022-03-02,5578.82861328125,5595.675790419514,5477.842218392212,5568.073375396182,221723
2022-03-03,5726.5498046875,5747.965473366212,5601.387118854141,5678.483526097502,419327
2022-03-04,5814.2578125,5976.398285762017,5627.656169458376,5691.807891201921,549363
2022-03-07,5913.341796875,5943.990182985651,5662.064627445198,5720.362834367832,378431
2022-03-08,6127.498046875,6146.010886576554,5867.892580324551,5892.639572553007,388105
2022-03-09,6067.34375,6210.352813599619,6050.544442134413,6207.6879387469,289547
2022-03-10,5982.6806640625,6162.95289199978,5934.519116852298,6162.95289199978,458366
2022-03-11,5924.23974609375,5964.976916508946,5810.784119241601,5948.79619086978,281687
2022-03-14,5970.06982421875,5996.3398039867225,5901.539684693476,5929.760683923031,229657
2022-03-15,5746.82275390625,5995.43504220724,5712.748233581181,5958.314552185637,435081
2022-03-16,5735.30615234375,5895.352476948205,5715.698826556337,5895.352476948205,340735
2022-03-17,5819.2080078125,5900.254318348173,5739.398861048473,5805.977977351405,651022
2022-03-21,5703.61083984375,5891.5928102106745,5689.429001864748,5891.5928102106745,355524
2022-03-22,5822.7294921875,5853.615829905349,5672.819818494802,5710.844712102779,249080
2022-03-23,5780.13623046875,5877.411140013897,5763.194243365854,5850.76053079602,162694
2022-03-24,5879.64794921875,5902.919362937041,5758.435175346427,5777.3760509897675,293186
2022-03-25,5885.263671875,5921.194404679477,5806.0256982068495,5912.628137255893,182884
2022-03-28,5778.8037109375,5885.216063654097,5635.985187680805,5885.216063654097,268188
2022-03-29,5733.92626953125,5844.097986458377,5703.658977260242,5806.025686872329,207146
2022-03-30,6006.23779296875,6024.4174068755865,5769.333029051054,5796.506943848527,440177
2022-03-31,5858.7548828125,6024.940539457424,5844.0971425384805,6010.663429174349,284013
2022-04-01,5875.98291015625,5920.146680012052,5786.988919373127,5852.616224679385,306433
2022-04-04,5996.72021484375,6032.5556727107105,5896.494610601602,5911.676125466428,234871
2022-04-05,6032.1748046875,6120.121717443904,5997.861868308299,6067.772309285364,331358
2022-04-06,6020.65771484375,6082.001887736232,5945.131704626739,6024.940848148121,283948
2022-04-07,5907.1552734375,6041.026904831394,5891.688401623867,5963.073963840635,238341
2022-04-08,5856.66162109375,5955.221093845348,5797.459013483361,5916.434941358163,281009
2022-04-11,5767.7158203125,5882.551308652317,5691.809167947316,5856.471874645458,362950
2022-04-12,5625.705078125,5729.737906459716,5521.434762688473,5710.844436499024,450430
2022-04-13,5747.7744140625,5794.603524635855,5569.025167977067,5629.94084234906,310273
2022-04-18,5590.583984375,5776.85289652391,5521.625810405532,5616.61601224018,744191
2022-04-19,5208.623046875,5638.126113740001,5106.827064850558,5614.7115599703875,1130004
2022-04-20,4921.12939453125,5196.82076742801,4854.21752319957,5191.157327751069,1681039
2022-04-21,4832.27880859375,4996.941490267991,4750.66132331302,4996.893621047739,2007738
2022-04-22,4848.36376953125,4943.687178885,4760.940174967804,4810.434155195378,691316
2022-04-25,4622.0244140625,4835.181879883642,4601.98905299949,4835.181879883642,739432
2022-04-26,4584.9521484375,4692.553803868032,4550.401256228106,4680.989435321615,718852
2022-04-27,4584.80859375,4621.0246774644465,4485.9633076477085,4549.258496329765,564255
2022-04-28,4650.5791015625,4734.290761625042,4554.39913437391,4652.435312188019,517809
2022-04-29,4605.84326171875,4716.205512022049,4590.186309353073,4697.169364647591,390073
2022-05-02,4489.3427734375,4568.676021892607,4444.941046299683,4568.676021892607,414490
2022-05-04,4509.80615234375,4579.192819053573,4454.458644824346,4521.085163016164,415254
2022-05-05,4535.5537109375,4591.472406815104,4517.278819320984,4568.67642914891,240462
2022-05-06,4371.6513671875,4477.349392549576,4269.807975877014,4454.458610589484,682606
2022-05-09,4234.49609375,4518.134715350077,4200.326299064232,4329.772112948832,1042480
2022-05-10,4123.373046875,4275.043675201412,4109.905062789647,4264.097888211583,590200
2022-05-11,4045.8955078125,4178.434694888402,3907.83602344051,4123.372541095792,717491
2022-05-12,3960.42333984375,4102.29005239141,3885.277956812468,3986.169545107941,655789
2022-05-13,3912.594970703125,4071.594215265538,3891.1314344038774,4021.386373560142,574894
2022-05-16,3897.461181640625,3973.082236852892,3858.8177063306794,3926.2057200738286,488253
2022-05-17,4075.49658203125,4093.3429706647316,3902.410314521379,3907.1693514903077,792352
2022-05-18,4010.916015625,4206.702965742726,3973.3670312399877,4116.566627332256,935441
2022-05-19,3799.47265625,3918.400718090403,3769.157496065286,3892.89246437046,776622
2022-05-20,3848.63330078125,3888.133308690839,3791.2869037558835,3883.374271593298,494449
2022-05-23,3947.288330078125,3969.1324978230255,3817.5571553909404,3856.723940563944,437040
2022-05-24,3816.890625,3982.3150417947345,3796.0937712483064,3959.519067035344,491561
2022-05-25,3639.42626953125,3811.3227959542046,3621.6275158625645,3807.2299772536817,717220
2022-05-26,3687.539794921875,3713.9048132515345,3553.382589259209,3664.4584656254033,480870
2022-05-27,3805.326171875,3814.55865763294,3704.4822193729456,3759.639414433779,461722
2022-05-30,3989.120361328125,4011.868466802037,3855.819679319195,3883.37445896852,586924
2022-05-31,4048.7041015625,4071.8328399286556,3939.0082776256654,4006.9193768704545,687879
2022-06-01,4000.732666015625,4090.393127092298,3978.5557350193844,4068.834778080969,540298
2022-06-02,4124.75244140625,4140.933166420962,3968.9413916882345,3976.6511242040046,662287
2022-06-03,4126.13232421875,4240.30180334217,4107.5246761668095,4168.916251097353,634553
2022-06-06,4126.1806640625,4144.217136803756,4012.8203012180843,4110.571114474503,322336
2022-06-07,4061.0771484375,4119.327487186102,4026.145628128075,4092.772151524993,218604
2022-06-08,4107.14453125,4127.798474622376,4028.0492370711722,4082.3022631848435,266121
2022-06-09,4160.06494140625,4173.628197352887,4038.1857205236543,4068.976783991052,318613
2022-06-10,4122.70654296875,4141.552144477224,4059.458752357451,4102.290087376463,266771
2022-06-13,3889.94189453125,4013.819545022706,3877.7589446950747,3939.3884789849785,430669
2022-06-14,3989.216064453125,4007.0624563511187,3826.266422929925,3826.266422929925,553323
2022-06-15,3999.3525390625,4038.4719212624805,3964.563695198321,4012.820522581838,202139
2022-06-16,3865.575927734375,4168.9169379056375,3840.7336585106004,4168.9169379056375,519669
2022-06-17,3810.370849609375,3897.5562734865075,3771.346743764569,3831.0250250083595,355025
2022-06-20,3766.1591796875,3861.9585009382836,3712.0488363916957,3842.446449362378,260560
2022-06-21,3919.971435546875,3946.764721338343,3788.28878668666,3809.133276132344,309393
2022-06-22,3828.12158203125,3916.687303746464,3812.5596710512345,3916.687303746464,237650
2022-06-23,3933.8203125,3946.1938097326397,3821.554666775755,3854.8202917069925,274113
2022-06-24,3839.353271484375,4005.3483965194,3813.8924223955105,3992.784817127255,368631
2022-06-27,3962.659423828125,4001.398169552162,3895.6999150066013,3934.486297573942,312125
2022-06-28,4019.101806640625,4030.8567203559855,3879.566756264682,3918.7814049609497,299984
2022-06-29,3889.94189453125,4001.398643316685,3869.335355552606,3959.5191142239323,386244
2022-06-30,3811.84375,3939.7057057358816,3797.9884740592024,3919.7618990037918,374541
2022-07-01,3836.150390625,3850.676811112055,3744.532626012241,3782.6467472295735,268702
2022-07-04,3812.51513671875,3875.5592563812147,3768.264490851519,3854.608613344768,201981
2022-07-05,3796.16650390625,3879.6338435983926,3787.4409134809457,3847.368776036024,274199
2022-07-06,3847.656982421875,3872.7786988889134,3796.071024734144,3797.0298706610783,319962
2022-07-07,3878.771240234375,3948.143832291037,3846.793636959406,3892.9142167607843,408992
2022-07-08,3900.441162109375,3950.44487926177,3864.1967423693477,3921.631514816471,280222
2022-07-11,3792.714599609375,3854.5121652151597,3729.910199084937,3840.177467181278,478264
2022-07-12,3821.048828125,3891.524000438024,3762.559229334599,3777.756796105345,472230
2022-07-13,3850.19775390625,3888.1201563808445,3793.1944115024958,3859.2588009168994,420839
2022-07-14,3714.185791015625,3920.6731273075115,3675.400284797676,3912.0915028148397,763471
2022-07-15,3810.981201171875,3849.7664728656578,3687.7215080053097,3714.1857497499795,1269258
2022-07-18,4042.254638671875,4063.9246498408042,3835.3836339174527,3843.0544011852876,1112673
2022-07-19,4133.53759765625,4156.5499030295805,3986.49846114393,4012.7707494745055,1109853
2022-07-20,4261.734375,4276.452753337685,4160.288665121424,4200.656171520047,871377
2022-07-21,4343.5244140625,4351.242936713096,4215.422501045546,4261.734573322123,741668
2022-07-22,4319.40869140625,4372.241192523411,4295.6772561044945,4348.84544691372,457298
2022-07-25,4315.57373046875,4343.668198145203,4277.028403601307,4297.547613607738,421761
2022-07-26,4136.365234375,4325.3538549024,4128.26326743188,4323.4361631023985,469178
2022-07-27,4231.29052734375,4242.844900118738,4097.723494988902,4136.36479336448,345740
2022-07-28,4457.77099609375,4468.27007879671,4266.9606436408385,4276.453125326569,824934
2022-07-29,4536.06005859375,4636.019739639757,4458.633255289528,4487.398631130106,777901
2022-08-01,4572.783203125,4605.575915525462,4487.398175122919,4564.105836236131,328694
2022-08-02,4497.9462890625,4547.326854802581,4478.769370328489,4535.293525571586,360188
2022-08-03,4588.98974609375,4623.555961225209,4487.3998130514265,4492.194043620925,724743
2022-08-04,4703.37890625,4713.159321819531,4590.858244925341,4640.814210539727,583827
2022-08-05,4722.65234375,4754.58172897861,4694.030696382326,4730.706556690083,306170
2022-08-08,4698.53662109375,4755.779437422606,4675.332364250902,4727.110040147037,191049
2022-08-10,4656.7314453125,4726.151800108522,4589.516248979397,4717.522186352999,231234
2022-08-11,4795.66748046875,4838.3361204529265,4722.31577352966,4727.110002741365,447931
2022-08-12,4709.275390625,4806.694222137651,4694.509258245748,4806.694222137651,248304
2022-08-16,4685.87939453125,4778.408013637504,4679.167473974319,4775.052053359039,244252
2022-08-17,4756.88232421875,4793.27071385195,4685.879971713239,4691.633047184955,330123
2022-08-18,4721.5009765625,4735.73993191044,4652.416316278041,4735.73993191044,254556
2022-08-19,4691.3447265625,4813.357846644334,4669.578741049375,4725.19179381752,464374
2022-08-22,4527.3828125,4673.367098814372,4516.164128346081,4671.497162059896,286006
2022-08-23,4472.82470703125,4516.164734218104,4392.377619946496,4434.5668446398295,391813
2022-08-24,4466.6875,4512.32865697602,4435.7169657233035,4494.110585475268,197958
2022-08-25,4441.08642578125,4530.498799583687,4429.867742276234,4503.698871314171,253146
2022-08-26,4467.21484375,4552.0726973646715,4459.591832337162,4487.398360640274,256985
2022-08-29,4287.81494140625,4353.160192956176,4218.92177290907,4267.8229116405155,346911
2022-08-30,4450.67431640625,4468.844161686774,4319.599920662321,4353.159520489887,404437
2022-09-01,4347.263671875,4410.691235901812,4327.271640788018,4381.925858276366,241724
2022-09-02,4335.90087890625,4409.73200842323,4324.394728851656,4381.829500903549,176676
2022-09-05,4311.45068359375,4385.281819507621,4301.862224384156,4331.586447933896,216426
2022-09-06,4277.5078125,4357.811161775908,4267.343951670763,4339.736821764268,245531
2022-09-07,4324.63427734375,4339.736098721315,4233.735882612404,4247.686901753298,228545
2022-09-08,4337.2919921875,4384.754867723471,4324.107860094175,4380.9672388656945,210685
2022-09-09,4481.26220703125,4506.527889655177,4322.477235360313,4357.954532988603,482895
2022-09-12,4614.0625,4638.8965154470525,4513.814879135654,4543.970770298384,755745
2022-09-13,4581.26953125,4650.402411248322,4550.7301970357485,4645.800138404556,313539
2022-09-14,4428.28564453125,4451.154210759141,4357.95421066248,4418.361496750871,568515
2022-09-15,4407.28759765625,4472.536876442737,4347.407481571738,4439.456691591783,304309
2022-09-16,4199.26513671875,4381.925259688249,4173.568256824906,4381.925259688249,516498
2022-09-19,4175.0068359375,4209.333330492446,4085.977904091502,4207.415638770126,332316
2022-09-20,4224.43505859375,4311.210607093491,4209.908637758431,4218.921695015037,311399
2022-09-21,4229.37353515625,4292.7533465072265,4189.869362667191,4204.5395185245,283595
2022-09-22,4249.4130859375,4281.246957193913,4182.485829178017,4194.950825917888,331517
2022-09-23,4236.08544921875,4333.983714821374,4220.839892177807,4229.469505769265,346327
2022-09-26,4229.37353515625,4300.424114157898,4108.127744889719,4196.8687508738285,337094
2022-09-27,4327.3193359375,4355.078112236585,4196.868537485586,4250.563908310168,353988
2022-09-28,4339.8798828125,4375.213444658347,4276.596059155378,4313.847312627197,374946
2022-09-29,4257.51513671875,4407.478528782226,4206.93601989832,4362.74846507974,466182
2022-09-30,4274.39111328125,4295.43749900939,4135.118752030135,4238.0987038205185,410491
2022-10-03,4267.53564453125,4314.8065602388315,4197.827360161245,4273.576186440994,243677
2022-10-04,4399.28125,4408.294308401628,4313.847981185193,4348.366435802367,282151
2022-10-06,4474.26171875,4486.1995355661675,4420.758313380244,4425.073119238657,277078
2022-10-07,4454.0791015625,4492.097249435767,4418.362090307303,4477.810538570987,205622
2022-10-10,4504.1787109375,4520.910759522548,4358.721597542795,4381.925856090341,236016
2022-10-11,4415.19775390625,4561.133814046199,4392.8086092600215,4532.464416241642,332326
2022-10-12,4451.25048828125,4462.948596466133,4368.454512781077,4418.45823680533,272767
2022-10-13,4407.623046875,4449.093135823175,4372.817124812757,4425.0742311173935,286696
2022-10-14,4476.419921875,4617.801939716709,4439.45659902167,4535.341190793197,837508
2022-10-17,4450.8193359375,4496.939921524056,4387.679234091084,4496.939921524056,290860
2022-10-18,4528.0537109375,4590.762138141134,4479.727972000134,4500.822581457327,317650
2022-10-19,4501.39794921875,4545.6008377996595,4475.892555245227,4545.6008377996595,151545
2022-10-20,4562.76416015625,4570.818372020313,4468.2696164873705,4500.822621829945,213951
2022-10-21,4569.140625,4583.331357666643,4527.478581546555,4549.915951137984,163643
2022-10-24,4543.29931640625,4601.453694479528,4523.115797593744,4601.453694479528,27128
2022-10-25,4611.76123046875,4621.637155788483,4520.958338079397,4552.600252216539,223452
2022-10-27,4483.80322265625,4602.316671721574,4461.557810090959,4574.7976066089195,327850
2022-10-28,4395.49267578125,4500.7742206312605,4367.734372075515,4483.802463486885,279801
2022-10-31,4544.78564453125,4554.5178363759,4434.805837081444,4439.45633314114,284185
2022-11-01,4646.23193359375,4655.1972371522415,4540.183474471578,4540.183474471578,271134
2022-11-02,4659.84765625,4667.66215722679,4593.3515949455505,4645.608700033648,172526
2022-11-03,4639.85498046875,4646.519146274894,4579.016025161369,4600.446323141182,123015
2022-11-04,4609.07568359375,4633.814185615371,4555.044630284543,4616.842428044566,210847
2022-11-07,4660.421875,4673.55778047458,4595.41185416125,4632.135926211739,161003
2022-11-09,4637.98486328125,4695.228144490797,4604.041815791262,4650.594060028797,222628
2022-11-10,4662.38818359375,4703.043156071494,4591.385832051863,4591.385832051863,307460
2022-11-11,4849.8427734375,4866.143154447472,4727.206471123305,4767.382022445878,771362
2022-11-14,4943.52197265625,4974.492507818542,4867.1017674801315,4886.278685397704,664125
2022-11-15,4924.10546875,5139.414132881866,4886.2788099190275,4995.587244834798,1013747
2022-11-16,4840.30126953125,5003.880453813648,4797.10545426442,4928.467326587871,426335
2022-11-17,4727.11083984375,4821.077749033342,4658.649328214354,4821.077749033342,451474
2022-11-18,4694.41259765625,4817.2408262135,4651.408274111395,4731.8558033817,460492
2022-11-21,4570.67529296875,4697.386702229929,4561.086832666178,4697.386702229929,304871
2022-11-22,4560.41455078125,4601.501188685085,4530.546596486149,4559.3119717019335,535654
2022-11-23,4546.89501953125,4619.144151840179,4499.863815341426,4584.721677616669,309325
2022-11-24,4742.02001953125,4779.84667649242,4550.203089928741,4571.729367050318,549567
2022-11-25,4735.068359375,4767.333897359916,4703.138979267402,4760.669731307369,259072
2022-11-28,4737.94482421875,4808.084772886207,4705.056598748866,4727.110053358857,288290
2022-11-29,4709.99462890625,4757.601232534776,4700.262436999774,4731.664639123753,156295
2022-11-30,4639.423828125,4734.7812439766485,4621.637423241686,4709.851249577419,647389
2022-12-01,4639.423828125,4639.423828125,4639.423828125,4639.423828125,0
2022-12-02,4639.423828125,4639.423828125,4639.423828125,4639.423828125,0
2022-12-05,4770.64208984375,4897.545446130027,4765.464415303458,4870.93747077295,286244
2022-12-06,4617.3701171875,4747.245979668322,4602.46025094081,4747.245979668322,529007
2022-12-07,4494.685546875,4617.225849600388,4480.302860255287,4617.225849600388,622933
2022-12-08,4371.18603515625,4505.472670032183,4363.61124699192,4496.986791085493,705770
2022-12-09,4220.6005859375,4416.492645997926,4212.354416298814,4401.103354223463,720644
2022-12-12,4152.71435546875,4209.334025646165,4104.819809519643,4199.745565451071,671381
2022-12-13,4140.10498046875,4200.656478586211,4133.249325356836,4188.239235884705,640427
2022-12-14,4260.2958984375,4281.246774161112,4170.979500022583,4175.725974314433,881860
2022-12-15,4153.04931640625,4266.864519054277,4138.379160502979,4263.029135216924,476697
2022-12-16,4157.8916015625,4208.326990624951,4055.007153366978,4108.654769900837,728348
2022-12-19,4192.6494140625,4199.744779641957,4085.64212466995,4085.64212466995,435967
2022-12-20,4182.677734375,4190.15654505268,4118.243103203949,4170.979627226352,217063
2022-12-21,4242.17333984375,4273.000137289924,4194.950186317773,4203.627553142908,644975
2022-12-22,4198.30712890625,4289.876920115693,4170.980018440605,4261.111540678172,334180
2022-12-23,4090.9638671875,4164.555291448311,4051.124006539791,4123.037450442864,429859
2022-12-26,4169.97314453125,4175.246797082995,4067.9997874615738,4085.6424587246606,248624
2022-12-27,4209.76513671875,4233.880017281941,4176.301040515619,4190.827930338647,245105
2022-12-28,4153.720703125,4214.1279986690615,4128.982664605367,4187.28031176059,312640
2022-12-29,4238.291015625,4271.658667096747,4103.860627424036,4129.84544606208,1092863
2022-12-30,4185.74609375,4285.993720584694,4174.9590766134015,4247.6876369005695,317547
2023-01-02,4144.228515625,4205.35494997444,4117.956228067411,4185.746361406554,268574
2023-01-03,4170.16455078125,4185.074885432534,4140.919750842236,4155.638129039002,191007
2023-01-04,4101.89501953125,4144.131994299439,4089.6697342634766,4133.584689362536,428917
2023-01-05,4084.87451171875,4122.077536450316,4075.141853616515,4113.447925417971,218691
2023-01-06,4024.8515625,4103.333191473297,4007.975781362234,4075.0949930118413,264197
2023-01-09,4118.48291015625,4148.926267911319,4056.0619475471426,4056.0619475471426,388187
2023-01-10,4057.45263671875,4122.031005423763,4041.583455251977,4119.20222258198,225477
2023-01-11,4051.603515625,4122.0786921481185,4037.7002495081947,4077.779822487561,243019
2023-01-12,4100.1689453125,4118.243284798097,4066.4656043838722,4079.8894474542267,252469
2023-01-13,4111.00439453125,4116.757470425672,3975.854866036846,4098.011750557771,437340
2023-01-16,4100.984375,4132.099115224985,4038.371917970777,4121.599564165887,347903
2023-01-17,4098.34716796875,4127.783924947184,4072.7457946650834,4104.81937791992,225154
2023-01-18,4097.8681640625,4124.236429522978,4080.848647265282,4118.579331661491,205896
2023-01-19,4064.30859375,4103.237836052893,4049.2067688366265,4077.0133035977587,233112
2023-01-20,4092.402587890625,4168.103668805027,4031.9952883427263,4031.9952883427263,449630
2023-01-23,4189.0537109375,4219.8805108296765,3951.403677602612,3969.573993411663,1266347
2023-01-24,4323.8681640625,4357.907196134253,4194.75917913409,4210.964050641401,1009385
2023-01-25,4248.310546875,4319.600834078045,4231.195053706451,4305.21814539632,312847
2023-01-27,4218.01123046875,4284.07609318757,4186.321558033551,4218.922321426391,449822
2023-01-30,4285.29296875,4299.837764932013,4180.397827017235,4237.228120057331,745273
2023-01-31,4226.89892578125,4313.4486851708825,4204.015875047946,4304.063020137996,486171
2023-02-01,4245.81591796875,4286.163511676213,4190.615481191823,4250.556940941015,363833
2023-02-02,4438.9921875,4446.00710622037,4252.492107037764,4252.492107037764,902731
2023-02-03,4356.2158203125,4489.547449998948,4267.005227261931,4489.547449998948,646511
2023-02-06,4447.0224609375,4462.891067366251,4296.274479453845,4344.411331061936,528238
2023-02-07,4445.28125,4477.549969333296,4413.738211885075,4433.42845676661,312037
2023-02-08,4561.82568359375,4574.6460513379625,4467.583508028281,4479.871898543721,610010
2023-02-09,4543.392578125,4587.75597780983,4510.3499927365865,4528.250126784775,553507
2023-02-10,4539.474609375,4547.602144249452,4499.707185496186,4532.120945460518,252444
2023-02-13,4471.16357421875,4540.828966416056,4404.400906696332,4537.926241741168,253166
2023-02-14,4486.30615234375,4562.115741714362,4475.130851012134,4479.871873624072,318114
2023-02-15,4589.0625,4595.012990874318,4438.265864211518,4503.867250465004,488248
2023-02-16,4787.56103515625,4813.7337495722695,4600.964104443813,4618.332264438067,994748
2023-02-17,4700.76904296875,4748.857705452914,4677.015267671765,4702.414109311566,396974
2023-02-20,4728.3935546875,4794.817477927502,4684.030150468578,4700.769007471979,693618
2023-02-21,4720.701171875,4764.1451911936565,4710.154699760918,4752.0505047213865,410733
2023-02-22,4649.4873046875,4658.872969847135,4603.721202602839,4658.872969847135,411601
2023-02-23,4696.22119140625,4711.2186009583775,4610.493968766942,4672.757502268244,422276
2023-02-24,4696.17333984375,4786.8834939221415,4666.130325792475,4716.928012076373,344150
2023-02-27,4620.17041015625,4680.837548814644,4526.944468751628,4647.794486142204,479625
2023-02-28,4568.93701171875,4697.576287711883,4545.6670236190375,4625.9757428528355,500908
2023-03-01,4589.9814453125,4615.332095698106,4556.696964520887,4568.9366920459515,290531
2023-03-02,4552.9716796875,4576.484032183401,4499.223085356947,4552.439702495578,292898
2023-03-03,4557.61669921875,4602.753975542349,4534.104344779238,4575.75872928842,297149
2023-03-06,4664.87255859375,4687.900653526326,4600.818907640388,4606.5761675978865,385377
2023-03-08,4626.4111328125,4642.569349957546,4571.791341457312,4622.10523558552,191475
2023-03-09,4584.36962890625,4662.74319157856,4566.953281645737,4625.007772514115,225194
2023-03-10,4489.64453125,4528.2506765022345,4450.941534014938,4528.2506765022345,331578
2023-03-13,4466.3251953125,4563.2277152748,4453.601681414365,4492.401524676194,248598
2023-03-14,4418.86572265625,4501.447850154901,4337.734484843566,4441.168131811502,410671
2023-03-15,4443.39404296875,4528.250551034925,4417.850159991111,4432.460635532263,320108
2023-03-16,4405.416015625,4455.536671020348,4334.734869291553,4431.492344052525,416508
2023-03-17,4522.39697265625,4629.845978218287,4471.502437528208,4489.547615241975,1180000
2023-03-20,4526.55712890625,4554.374906377752,4413.1089755659505,4413.1089755659505,317984
2023-03-21,4522.5419921875,4570.727033841805,4496.56251130184,4541.796638453028,332833
2023-03-22,4498.98193359375,4639.522204759833,4483.258839573448,4562.068013657779,409812
2023-03-23,4452.68310546875,4497.288405529688,4395.209247443762,4461.488132077752,400901
2023-03-24,4452.24755859375,4560.180345976186,4440.104210549545,4497.287979651456,477503
2023-03-27,4409.916015625,4512.237054453305,4402.4655004140695,4470.195738881978,249140
2023-03-28,4407.20703125,4462.891252914644,4369.665312288868,4420.801742723492,313376
2023-03-29,4470.72802734375,4511.75358117399,4401.353190294758,4418.914580287663,333288
2023-03-31,4605.318359375,4622.783371992871,4481.807502295655,4489.548102472331,328337
2023-04-03,4586.16064453125,4624.041112830222,4547.602684725265,4605.6571870834605,257102
2023-04-05,4676.7255859375,4690.803613247767,4558.052133893358,4585.337937949911,430407
2023-04-06,4618.47705078125,4683.062677584717,4597.625999946276,4683.062677584717,192083
2023-04-10,4641.84375,4652.583925924229,4599.851093655773,4628.878340776025,220328
2023-04-11,4617.654296875,4644.359458249671,4572.952620558552,4644.359458249671,186260
2023-04-12,4671.1611328125,4680.159389630762,4595.980380555327,4620.121561217911,327375
2023-04-13,4495.73974609375,4634.683590821901,4465.889967099454,4634.683590821901,912484
2023-04-17,4192.115234375,4344.411433800678,4046.2046515255724,4336.670834364063,1763639
2023-04-18,4178.56884765625,4223.4642262705165,4098.066431042032,4221.384034829783,771432
2023-04-19,4058.541015625,4218.626468173102,4042.5760301376476,4178.568962712751,823131
2023-04-20,4018.193603515625,4104.4046234310845,4001.986723595526,4058.0092170086973,548732
2023-04-21,4035.609619140625,4077.263527056574,3998.2129460343604,4027.191529046412,480473
2023-04-24,4047.801513671875,4075.7156723315893,4013.6944975260126,4062.8471147936216,280999
2023-04-25,4050.65576171875,4083.1181854459087,4040.06109926177,4073.490625510643,299754
2023-04-26,4025.2568359375,4080.3117561326403,4018.3869592990304,4044.463293195166,496132
2023-04-27,4180.06884765625,4210.547458740957,4028.3532836807453,4049.3011869682705,888098
2023-04-28,4276.1494140625,4299.371213472379,4145.526792381927,4194.437518409499,1138300
2023-05-02,4400.7724609375,4465.358084367957,4280.599471507651,4287.276116158278,757405
2023-05-03,4352.15185546875,4396.660300411294,4313.884457546534,4391.096744793476,404872
2023-05-04,4355.1025390625,4376.292805990466,4321.23741970558,4335.509148577425,331451
2023-05-05,4342.33154296875,4402.466234517524,4328.97872454647,4352.152334694467,217630
2023-05-08,4371.3095703125,4387.952047100153,4344.4111778345505,4373.438424011619,172189
2023-05-09,4472.7607421875,4515.285854916793,4373.439257088721,4386.404668361135,535062
2023-05-10,4445.716796875,4487.61260309039,4423.220679362743,4487.564413322533,246174
2023-05-11,4507.1572265625,4534.007427883381,4478.8556630080575,4513.736546375187,272084
2023-05-12,4535.216796875,4568.840021214557,4464.438322212825,4489.547077281818,232055
2023-05-15,4554.52001953125,4564.050726625875,4505.996233601166,4530.1856056947945,162309
2023-05-16,4582.482421875,4634.683271078816,4562.115161406392,4566.953035384553,254021
2023-05-17,4586.2080078125,4602.7536324926095,4529.217942757601,4590.175159248463,185117
2023-05-18,4559.986328125,4622.733648390109,4548.569134465293,4595.786595722366,246516
2023-05-19,4647.26220703125,4686.207096440579,4576.774281647859,4597.57714182924,527489
2023-05-22,4825.7314453125,4852.774879297012,4654.035096685058,4660.808120734288,569846
2023-05-23,4700.33349609375,4852.38778658134,4682.433361686621,4826.263266095259,447041
2023-05-24,4669.85498046875,4720.603997976401,4626.74923735192,4672.418959336285,501671
2023-05-25,4751.3251953125,4764.581161702831,4636.183771086956,4692.738718436052,289085
2023-05-26,4838.93896484375,4856.258461199894,4765.306419886328,4765.306419886328,443908
2023-05-29,4827.134765625,4890.8014833373645,4814.846846740318,4879.480666992456,303516
2023-05-30,4829.408203125,4857.371023149727,4809.185982273827,4836.90690857438,306273
2023-05-31,4836.326171875,4864.724589011543,4790.898814858082,4827.279252283131,512681
2023-06-01,4808.169921875,4876.577658564904,4796.800916421004,4856.016691254486,320472
2023-06-02,4832.21435546875,4857.226262485433,4818.52326437798,4857.226262485433,269222
2023-06-05,4782.91650390625,4866.853627696487,4770.241178043001,4847.550319182542,156817
2023-06-06,4726.45849609375,4756.066383471517,4644.359668710247,4731.441412498564,920055
2023-06-07,4743.2939453125,4778.610428356797,4702.703990204038,4755.630525006056,286467
2023-06-08,4649.39111328125,4738.214300404937,4641.553662076529,4736.279150598767,415304
2023-06-09,4666.66162109375,4679.43379790103,4621.23426603899,4655.970108141588,274316
2023-06-12,4740.48876953125,4777.885449570848,4635.506879843433,4666.662512023477,337136
2023-06-13,4784.60986328125,4805.799659865678,4743.052330848093,4770.2412810083415,263147
2023-06-14,4747.60009765625,4798.155887744978,4712.815589945867,4784.609838725988,361987
2023-06-15,4809.9599609375,4857.22609018934,4722.781366303128,4744.358570451869,452221
2023-06-16,4848.130859375,4927.858936167455,4791.527728064221,4838.213216709436,689468
2023-06-19,4886.205078125,4977.2053089168385,4844.647546995841,4848.517846613973,770658
2023-06-20,4859.306640625,4905.94394411372,4796.559308045554,4903.670048397903,372934
2023-06-21,4838.35888671875,4913.345950756487,4807.2514443205855,4881.415975101709,335601
2023-06-22,4863.0791015625,4874.254873895847,4809.814298163377,4861.869633070706,248629
2023-06-23,4795.9296875,4848.420622037025,4751.614949257418,4837.825961115791,263039
2023-06-26,4844.9375,4856.11327331557,4766.322041124043,4794.236670857732,234908
2023-06-27,4995.63671875,5025.970282227496,4817.990369239835,4852.38746327523,771183
2023-06-28,4923.8916015625,5041.065011384018,4898.879696987494,5040.097436525787,700215
2023-06-30,5028.6806640625,5060.41693309555,4948.178240124406,4958.821564457877,581634
2023-07-03,5042.37158203125,5060.416759542559,4970.432293263886,5056.546459917669,364676
2023-07-04,5080.30029296875,5104.296434386621,4978.172949428846,5040.968467070873,384232
2023-07-05,5072.125,5253.932247938933,5036.276062794825,5249.094372940831,1432005
2023-07-06,5010.296875,5094.282193020356,5002.362571303939,5084.606443365997,415786
2023-07-07,4948.71044921875,5079.768669881174,4935.793701131459,5021.714170796818,606865
2023-07-10,4873.81494140625,4972.554126603065,4839.000045638118,4972.554126603065,560058
2023-07-11,4802.1376953125,4898.682678169978,4793.117078227331,4873.815031070325,537188
2023-07-12,4696.76708984375,4864.550368715085,4657.75901792502,4837.976119720451,5055302
2023-07-13,4771.955078125,4821.300387548521,4676.629096169045,4685.844944228786,837160
2023-07-14,4966.7998046875,4987.571410140618,4780.438667165068,4802.868305954296,1374038
2023-07-17,5007.51513671875,5164.668814025787,4954.0252219129525,4997.909303603126,1526990
2023-07-18,4877.13037109375,4952.026154795664,4822.616685884253,4924.76907410454,1983506
2023-07-19,4866.744140625,4914.041423626766,4827.248471314248,4905.264608224376,526765
2023-07-20,4861.4296875,4893.562778236724,4832.807894755224,4880.885154458909,361901
2023-07-21,4800.67431640625,4895.512684649713,4734.604399198079,4773.612468398475,859135
2023-07-24,4758.05810546875,4839.536500768654,4745.331912571828,4800.674614182689,254263
2023-07-25,4747.916015625,4777.513484662263,4732.166602229768,4768.736668707586,283808
2023-07-26,4740.01708984375,4815.059061535164,4734.604910127234,4767.761772525653,384319
2023-07-27,4741.8701171875,4777.367366981187,4717.636257558674,4768.736735936201,406914
2023-07-28,4723.92578125,4772.149697589282,4693.743573208791,4749.232456781405,217121
2023-07-31,4770.345703125,4782.389540370883,4681.943756794578,4720.366611782421,343283
2023-08-01,4854.0185546875,4874.741593641109,4778.4889822439445,4806.769835404164,442346
2023-08-02,4745.28369140625,4852.60446586241,4719.977012615366,4851.6292640002985,542161
2023-08-03,4749.1357421875,4777.465643710221,4711.249052303387,4739.481338399397,346102
2023-08-04,4818.3740234375,4857.431137543404,4760.154767178179,4763.8603431992,238713
2023-08-07,4921.89208984375,4933.838311980213,4808.573925567247,4833.100155780208,451430
2023-08-08,4956.51171875,4969.628373430766,4896.975839321545,4932.570705026063,340699
2023-08-09,4977.625,4985.718984116367,4908.190444412259,4949.148918218203,201844
2023-08-10,4979.91650390625,5017.3155877396175,4945.7844412997665,4958.901095827643,255038
2023-08-11,4980.697265625,5043.695400392234,4968.701997162015,4988.157464545629,353239
2023-08-14,5064.51513671875,5074.901416456268,4939.39694071331,4963.776984843188,396400
2023-08-16,5069.0009765625,5108.789492845658,5032.0409262342,5070.073793699923,405856
2023-08-17,4971.14013671875,5059.347336946308,4956.7559090356435,5059.347336946308,344151
2023-08-18,4959.0478515625,4987.182521640496,4887.321942214128,4973.5296950266975,338124
2023-08-21,5019.89990234375,5024.385925918374,4930.620366827285,4959.876421219061,202004
2023-08-22,5012.439453125,5041.793121465176,4982.305813842473,5041.793121465176,175355
2023-08-23,5046.18212890625,5115.811447915368,5027.214261867952,5027.214261867952,359052
2023-08-24,5041.939453125,5100.207760236879,4993.276978905445,5089.578155931355,296417
2023-08-25,5000.24951171875,5061.19962297096,4977.576070332928,5003.760333361426,206278
2023-08-28,5002.736328125,5028.969159547235,4969.140437904014,5022.288932431689,165824
2023-08-29,5009.3681640625,5059.298689860372,4995.081552020371,5013.512771975532,196122
2023-08-30,5045.3525390625,5083.726823923247,5007.6610859094335,5050.959949236595,349680
2023-08-31,5064.61279296875,5123.124899352275,5030.1393150565755,5066.173211040193,636436
2023-09-01,5171.83642578125,5182.222229444628,5068.172191453224,5095.234040694301,435444
2023-09-04,5232.64111328125,5246.586310216605,5142.093520109213,5183.246755277487,397768
2023-09-05,5291.59130859375,5326.552389393989,5208.894383973035,5232.640643741045,600824
2023-09-06,5273.15966796875,5344.495580818149,5224.253395391815,5313.82577145357,388092
2023-09-07,5349.859375,5361.610842208292,5220.25515305885,5266.089636935884,602474
2023-09-08,5342.64306640625,5364.585106927221,5314.849815079687,5363.609905126289,244392
2023-09-11,5372.04541015625,5384.089247867013,5331.720719667341,5344.105973249634,239456
2023-09-12,5368.9248046875,5398.717028455999,5281.692815411432,5371.996595045372,327724
2023-09-13,5401.740234375,5412.369838462839,5322.017489457102,5361.659346282646,247607
2023-09-14,5362.2451171875,5454.694064331802,5345.422884868603,5407.494388886092,401195
2023-09-15,5395.59619140625,5411.687020697195,5358.8799398041865,5392.817247285098,296245
2023-09-18,5377.01904296875,5386.624876144494,5335.4267805188565,5383.1140543527545,184125
2023-09-20,5337.71826171875,5390.622957178705,5317.970426086232,5339.229633977084,145121
2023-09-21,5260.384765625,5332.403514766929,5222.205709871417,5332.403514766929,313418
2023-09-22,5292.90771484375,5317.2877595919945,5217.329576124194,5252.436840561665,180055
2023-09-25,5243.75732421875,5323.626250771751,5227.081279380213,5313.874233459474,254576
2023-09-26,5230.0556640625,5276.329178535199,5220.255076739473,5247.560726309565,159123
2023-09-27,5302.07470703125,5309.973937048188,5242.782626541214,5266.089854923824,320128
2023-09-28,5134.33984375,5326.552213096852,5088.7005901376415,5326.552213096852,484805
2023-09-29,5080.65478515625,5171.54329991726,5000.83442899863,5134.437064874764,481064
2023-10-03,5083.482421875,5119.6624984728405,5010.196112811631,5066.1725925165465,255939
2023-10-04,5057.591796875,5070.074189523015,4999.518243622568,5052.520557014568,199894
2023-10-05,5096.64892578125,5124.68598038373,5066.515282330014,5088.311140012068,283699
2023-10-06,5109.27734375,5134.388789523588,5087.383873373444,5119.809332479145,139350
2023-10-09,5077.34033203125,5104.2069550146725,5045.207237632481,5086.604750463164,353035
2023-10-10,5135.75439453125,5162.962431105324,5083.093494256483,5110.057730366321,172958
2023-10-11,5114.3974609375,5210.454841814643,5100.3056039336225,5149.065695749431,238862
2023-10-12,5026.92138671875,5137.75297402954,5009.513939672197,5129.073773402642,307844
2023-10-13,4968.79931640625,5075.925328516406,4949.149095527523,4978.405149294188,272672
2023-10-16,5034.43115234375,5063.248177522899,4972.554402386221,4991.5222694833865,244025
2023-10-17,5084.45849609375,5100.305525690782,5047.839858170946,5063.247856479262,313332
2023-10-18,5027.36083984375,5075.925702202627,4912.725575025013,5071.147308303506,333664
2023-10-19,5322.45654296875,5344.106214819066,5071.049692894004,5071.049692894004,1808046
2023-10-20,5281.88818359375,5376.287527435506,5256.386275566405,5325.577033797442,548231
2023-10-23,5072.755859375,5272.916024730259,5056.421229559162,5272.916024730259,268286
2023-10-25,5074.99853515625,5163.693325810897,5052.471755409598,5107.0830540395145,293641
2023-10-26,5042.28076171875,5069.732596363784,4940.957392850682,5025.214730710128,405185
2023-10-27,5062.3505859375,5105.426088892683,5051.581710198705,5061.371597233973,183188
2023-10-30,5041.0078125,5069.00650138863,4976.247340331115,5062.34957074834,276530
2023-10-31,4954.07421875,5055.497541563104,4944.969815238251,5055.497541563104,259121
2023-11-01,4893.67041015625,4998.715693669585,4884.222787933917,4958.577161855943,323448
2023-11-02,4914.5712890625,5014.72210474115,4900.963443794594,4959.262498876918,312381
2023-11-03,5027.0576171875,5039.83322699127,4952.703243074754,4971.304026158055,324952
2023-11-06,5041.4482421875,5069.643398968101,5007.526384862138,5065.286708753999,155164
2023-11-07,5077.96484375,5099.649344498765,5027.106197437718,5037.336818980056,200866
2023-11-08,5123.439453125,5129.998868734026,5066.315365915108,5080.95143843494,236117
2023-11-09,5144.2919921875,5154.37538435177,5099.062524101841,5123.439246554526,269946
2023-11-10,5151.5849609375,5169.011245490368,5073.363864440209,5130.8794468678925,229733
2023-11-13,5150.55712890625,5159.221273805379,5106.7961463442825,5148.5011571980485,140187
2023-11-15,5288.1533203125,5329.858327474994,5181.492806321323,5208.21900209707,468132
2023-11-16,5403.52783203125,5431.8697445439475,5253.546580243277,5306.118461746422,466812
2023-11-17,5402.548828125,5431.428993102745,5371.221191538972,5423.597083956238,338819
2023-11-20,5439.35888671875,5519.195219225475,5394.227414740608,5402.548818193474,457451
2023-11-21,5404.26220703125,5494.084417528079,5394.2275731610325,5467.651723430919,268090
2023-11-22,5436.96044921875,5458.938936544677,5389.332744996758,5393.4934469343125,203308
2023-11-23,5356.3896484375,5482.336442718082,5337.544116915657,5462.560680769557,249485
2023-11-24,5357.61328125,5395.549090726989,5323.495431832143,5374.647587836599,152012
2023-11-28,5364.123046875,5374.647173854771,5293.978612423487,5363.829541516825,263892
2023-11-29,5471.078125,5477.637540229032,5374.647742014851,5374.647742014851,354830
2023-11-30,5420.36669921875,5497.95155044056,5399.709942910537,5482.33649012158,612934
2023-12-01,5459.8681640625,5492.12602954456,5406.5625217652805,5482.3361435738925,195286
2023-12-04,5460.21142578125,5513.664303877036,5433.387231270872,5492.126552690016,168191
2023-12-05,5372.3466796875,5462.756372241041,5339.403808996889,5457.861429255162,268002
2023-12-06,5521.34912109375,5550.767538219644,5392.758868925293,5392.758868925293,605990
2023-12-07,5450.2255859375,5545.774491946128,5425.554881733536,5545.774491946128,273629
2023-12-08,5588.7529296875,5633.100926166527,5467.651837441789,5481.357679111294,780096
2023-12-11,5649.40087890625,5678.134292005502,5575.927970353766,5615.479017059234,497043
2023-12-12,5637.0166015625,5697.713897376476,5614.499862792799,5678.134124533258,362937
2023-12-13,5607.1572265625,5655.4704097497215,5496.042020064928,5655.4704097497215,387503
2023-12-14,5819.40234375,5839.667601068053,5670.155803105791,5687.973110649684,958532
2023-12-15,6000.5146484375,6084.4141628572925,5811.27634283522,5824.003194664205,1618791
2023-12-18,6010.20703125,6074.526295745037,5946.425541256885,6010.990030924797,413220
2023-12-19,5984.31298828125,6039.381100929538,5906.140647433052,6039.381100929538,431913
2023-12-20,5905.74853515625,6156.859102792815,5873.9801649229585,6010.989806193017,886292
2023-12-21,5982.64892578125,6018.67599809034,5825.031739236321,5856.751356710043,513420
2023-12-22,6098.21826171875,6108.889142340594,5979.66264125262,6056.953985952972,540467
2023-12-26,6128.17529296875,6156.125227030454,6075.701407014321,6108.889025829131,271488
2023-12-27,6155.09765625,6222.451884432238,6123.574030384463,6146.090769425045,357171
2023-12-28,6121.7626953125,6192.103124433147,6102.378911522993,6169.439633107762,335511
2023-12-29,6162.6845703125,6173.502203294463,6069.97415730677,6128.811468645031,245328
2024-01-01,6130.3291015625,6185.98470346031,6108.889345138253,6176.243574914384,166927
2024-01-02,6014.90576171875,6151.964161237081,5994.787737855299,6099.098778565724,475149
2024-01-03,5835.7998046875,5984.80206086386,5829.877114864316,5981.620347912842,421251
2024-01-04,5743.138671875,5893.511417602912,5728.747826156712,5837.709066971123,618173
2024-01-05,5822.681640625,5883.7216774252765,5777.990905185355,5820.087416354953,429330
2024-01-08,5722.77587890625,5862.183760505635,5712.447262321416,5862.183760505635,193870
2024-01-09,5785.2353515625,5832.716300421537,5751.558238079212,5790.717783529964,351316
2024-01-10,5822.53515625,5832.325043019651,5761.348363939681,5790.718024248634,259576
2024-01-11,5834.7236328125,5872.85495415896,5788.80868241861,5852.73692848248,232299
2024-01-12,6106.0009765625,6113.7841275492865,5888.616737743628,5898.994113052076,899942
2024-01-15,6106.0009765625,6106.0009765625,6106.0009765625,6106.0009765625,0
2024-01-16,6104.87548828125,6167.58000081122,6063.757963221003,6157.838872117981,255823
2024-01-17,6143.74169921875,6191.124657603633,6020.7806205348425,6064.83511288022,472635
2024-01-18,5485.2734375,5668.34431610298,5298.041857110587,5580.235337096198,2798324
2024-01-19,5533.390625,5577.494350674971,5464.714666527523,5569.466452503597,974885
2024-01-23,5520.02734375,5603.730870909817,5462.756509377494,5511.705940465106,754748
2024-01-24,5501.4755859375,5598.738205847097,5480.427329545326,5531.628723768214,729576
2024-01-25,5379.19970703125,5531.285684236699,5342.63438659393,5531.285684236699,911916
2024-01-29,5333.87255859375,5398.241058128757,5286.538364852247,5381.500257702371,772171
2024-01-30,5240.33056640625,5408.61910777492,5232.743403917176,5379.542951930639,830778
2024-01-31,5334.06884765625,5351.5931283210875,5198.7236558853965,5238.5686883604885,536486
2024-02-01,5251.93115234375,5319.824108068562,5229.757155926069,5315.9081536275835,495519
2024-02-02,5370.5849609375,5424.57608917687,5262.112732113809,5262.112732113809,593677
2024-02-05,5324.1806640625,5423.596763712088,5311.649323354941,5423.596763712088,301000
2024-02-06,5355.361328125,5391.143649475788,5278.070462359352,5316.397771738616,836565
2024-02-07,5333.43212890625,5402.989558756367,5324.719225593936,5384.43753277563,354265
2024-02-08,5306.9013671875,5374.647571501481,5287.615578015405,5341.313199903344,380430
2024-02-09,5338.71875,5355.068052080709,5249.337275184052,5355.068052080709,196922
2024-02-12,5400.5908203125,5431.428962402565,5349.732169371118,5355.019090432566,421078
2024-02-13,5440.38671875,5457.861761878942,5354.284953194069,5400.052672901305,256808
2024-02-14,5389.47900390625,5401.0801144383,5291.090649456178,5364.808777961686,332342
2024-02-15,5406.2685546875,5472.546274117635,5395.254932937263,5458.399697638621,226420
2024-02-16,5463.14794921875,5477.392520321866,5379.885159061932,5450.02959743571,319063
2024-02-19,5398.19189453125,5471.567281254366,5394.129187448683,5449.050543471427,156372
2024-02-20,5388.6962890625,5472.546571608092,5366.277544507679,5412.730269290805,413919
2024-02-21,5306.21630859375,5400.19921600265,5293.489456548795,5384.437403634925,567794
2024-02-22,5371.4658203125,5390.604856658732,5292.461247329653,5382.479442307035,536659
2024-02-23,5426.19140625,5438.428764512416,5394.227522072931,5429.471113868689,310531
2024-02-26,5351.298828125,5421.541265265872,5329.663082892578,5421.541265265872,227438
2024-02-27,5328.341796875,5392.367559945666,5287.51777834596,5350.17305289033,321866
2024-02-28,5296.2802734375,5351.152400569768,5266.959369752169,5334.509592152336,263858
2024-02-29,5189.4716796875,5315.859200234105,5156.33282084306,5298.286164116696,513879
2024-03-01,5162.7451171875,5236.071745416352,5146.543047138811,5203.324385684379,565313
2024-03-04,5107.23681640625,5208.072643053096,5100.089912753162,5188.6396235755365,456225
2024-03-05,5023.72900390625,5109.782488456693,5007.526932995503,5100.384101834394,549757
2024-03-06,5055.693359375,5070.524941764854,4966.6541507686725,5041.742771162621,608117
2024-03-07,5015.06494140625,5092.6497856198785,5000.673618210916,5070.035054036538,461048
2024-03-11,5015.35888671875,5025.1487732827145,4950.745635396588,5010.463943436768,343534
2024-03-12,5099.74755859375,5109.586202722947,5015.358550854942,5034.93832267167,493480
2024-03-13,5085.845703125,5164.360778913232,5051.727855306227,5121.8235336524,617665
2024-03-14,5153.59228515625,5161.374958175028,5005.373019903112,5076.007434002164,414994
2024-03-15,5085.2099609375,5139.641827314438,5061.3714909030605,5137.781366399359,571117
2024-03-18,5058.875,5110.271903204007,5041.791457154904,5090.7408887777665,189164
2024-03-19,4998.42236328125,5069.301043409516,4969.542199136052,5058.434174177643,487996
2024-03-20,4993.8701171875,5050.259961914815,4964.3049452590485,5007.625195236315,229758
2024-03-21,5051.4833984375,5083.888018093253,5022.505239028873,5051.581392906063,374029
2024-03-22,4899.83837890625,4971.304553064124,4841.147815906227,4938.949168164389,846359
2024-03-26,4870.6640625,4939.3400142045175,4859.699199447258,4899.837730304901,388110
2024-03-27,4823.96630859375,4897.781953155396,4811.728951139175,4875.363209902968,517721
2024-03-28,4834.6376953125,4863.02836758218,4804.925292694866,4832.239459813157,1169945
2024-04-01,4780.009765625,4875.118411150885,4763.856453955942,4850.888443647299,626289
2024-04-02,4797.77880859375,4814.617605221611,4764.395198757269,4779.324776236442,454393
2024-04-03,4766.98974609375,4829.351520898936,4761.850055137999,4797.779133599322,545022
2024-04-04,4831.50537109375,4863.273268566443,4763.857154252136,4798.953995824019,791246
2024-04-05,4823.96630859375,4841.098609030156,4790.191202019121,4841.098609030156,340663
2024-04-08,4794.4990234375,4851.8678551826415,4780.401682174504,4836.204036441132,376850
2024-04-09,4789.84912109375,4868.608955743845,4777.465009245872,4832.288378204432,330892
2024-04-10,4815.0087890625,4823.525703268689,4772.912278277643,4815.400288907304,271550
2024-04-12,4786.17724609375,4848.9305106323945,4777.513101424364,4812.707932620402,218620
2024-04-15,4713.97705078125,4788.674170770702,4699.438973883716,4752.989843660557,335329
2024-04-16,4564.87744140625,4686.370031646728,4552.346099546084,4686.370031646728,1337626
2024-04-18,4598.4560546875,4656.901863381791,4578.729530654758,4623.6650103031425,638832
2024-04-19,4562.62548828125,4574.42258865451,4499.774702018574,4552.297348945594,375613
2024-04-22,4577.94677734375,4601.246515297606,4535.654277739108,4600.267526677329,270101
2024-04-23,4624.15478515625,4641.67858597515,4581.764768815969,4581.764768815969,298146
2024-04-24,4627.48291015625,4654.356337197327,4610.644593824792,4640.454508508854,489912
2024-04-25,4537.318359375,4589.253510005304,4495.02586340768,4562.037819911,1495381
2024-04-26,4687.4462890625,4722.200385208035,4542.2137091365485,4542.996708826887,757962
2024-04-29,4644.2734375,4708.8866889582205,4616.127513569336,4700.222543726507,338991
2024-04-30,4607.51171875,4678.1948848432,4601.1975292749,4650.195716085155,362707
2024-05-02,4594.10009765625,4648.67871333261,4577.310060371563,4615.882594495694,423233
2024-05-03,4554.20654296875,4624.497738394956,4543.045689692829,4606.190459023652,399976
2024-05-06,4605.11376953125,4639.427129895191,4562.087027919728,4576.771857408739,232694
2024-05-07,4600.65869140625,4629.636848059993,4554.254729789614,4611.084823848387,283096
2024-05-08,4614.7568359375,4629.490902982803,4577.408511883496,4625.721700807408,249942
2024-05-09,4560.12890625,4628.364602990189,4530.318512122587,4617.889233744365,576158
2024-05-10,4510.8369140625,4552.248420371179,4469.670632935757,4552.248420371179,315816
2024-05-13,4497.033203125,4531.640548131175,4469.572762205836,4510.983791639168,242264
2024-05-14,4537.4658203125,4571.925935348384,4493.509323785642,4503.2012162013025,156781
2024-05-15,4551.611328125,4577.701755708398,4535.65400578002,4551.269064545855,246664
2024-05-16,4670.95068359375,4685.341529459682,4567.912131589323,4567.912131589323,612681
2024-05-17,4664.1953125,4689.355511358384,4625.721250765838,4684.460568235881,383213
2024-05-21,4631.3505859375,4680.055271589963,4612.015559974964,4650.19611757187,380590
2024-05-22,4675.4052734375,4704.040692847655,4623.274125280552,4640.4064274917555,276807
2024-05-23,4729.787109375,4747.066639403867,4679.5651888291095,4679.5651888291095,491869
2024-05-24,4738.06005859375,4757.884577667364,4720.193516712592,4741.2417715314905,233454
2024-05-27,4789.26171875,4811.925690708786,4725.285186414809,4748.046674831024,429985
2024-05-28,4783.28955078125,4829.79150937266,4753.185651272075,4811.728978458443,321798
2024-05-29,4778.24755859375,4790.093416731425,4728.56388515856,4782.35950208676,209717
2024-05-30,4672.859375,4768.360000448447,4648.237907132499,4748.045986848405,393085
2024-05-31,4603.10693359375,4675.307351170338,4581.667176385543,4669.678166071147,965092
2024-06-03,4551.70947265625,4723.6199653412095,4542.311086550905,4723.6199653412095,448138
2024-06-04,4533.353515625,4577.701986513456,4418.713853680074,4551.807546545494,683878
2024-06-05,4590.3310546875,4673.6918431305985,4533.353723707056,4537.563661740386,457063
2024-06-06,4699.39013671875,4717.74617339673,4604.183493148957,4640.406072193506,622901
