Price,Close,High,Low,Open,Volume
Ticker,LUPIN.NS,LUPIN.NS,LUPIN.NS,LUPIN.NS,LUPIN.NS
Date,,,,,
2014-06-02,870.6171875,889.5036168285458,867.8314276466779,885.3013747755826,327804
2014-06-03,864.7151489257812,878.2189339090647,862.8265060571596,878.2189339090647,305188
2014-06-04,873.1668701171875,875.6692874301065,862.2127064852732,866.084459093591,266076
2014-06-05,875.244384765625,881.9963067424144,868.9174766404128,873.4974129943611,366156
2014-06-06,894.933349609375,899.1827956591472,875.8108423854004,876.8023682696537,636357
2014-06-09,904.2821044921875,915.4723471062554,900.8825706764309,901.8268920293413,632464
2014-06-10,921.8466796875,926.8043676693078,906.5486595305595,909.9481939490745,801246
2014-06-11,925.8126831054688,937.5222333710309,916.3222073412844,928.5511804635623,677391
2014-06-12,933.6033935546875,938.5610810023433,914.1031332058529,929.2122759034703,445715
2014-06-13,928.645751953125,939.1276971623556,920.3829391324406,934.8782505688608,289493
2014-06-16,917.7387084960938,934.878164567893,913.8670138995742,930.156557676136,472113
2014-06-17,921.9881591796875,929.2122408139072,917.9747933021885,917.9747933021885,305720
2014-06-18,943.5188598632812,949.987439152688,919.7691508297396,924.4907583802003,696408
2014-06-19,954.9922485351562,962.2635350575549,942.432785071089,950.9316779224315,756707
2014-06-20,943.8021240234375,959.0056769466883,935.8225959113621,956.5976686762965,331860
2014-06-23,954.756103515625,960.5164984179299,944.8879337347665,948.0986494269891,399255
2014-06-24,953.0092163085938,959.4777951690031,948.0987332544166,957.5419477290621,342175
2014-06-25,966.7962646484375,975.0118725840126,949.0430333626466,949.5151940757623,704156
2014-06-26,971.3290405273438,979.6862624781631,958.7223719635365,972.6511136394411,692943
2014-06-27,989.9793701171875,995.1259911893898,971.706773094764,971.706773094764,540528
2014-06-30,989.6961059570312,999.9419702639296,983.6051636608419,991.5374866084313,377580
2014-07-01,991.1127319335938,1003.7194016098028,980.2057718883906,992.4819520758174,347061
2014-07-02,1014.3900146484375,1019.1116217083793,987.2880362338159,992.7178843527489,457145
2014-07-03,1021.80322265625,1031.1047672638183,1010.9435243703222,1015.1457093367286,395486
2014-07-04,1027.8466796875,1042.53092496654,1021.8031143703575,1021.8031143703575,486465
2014-07-07,1018.072998046875,1034.2208728317178,1013.0681632022935,1034.0320546389494,306694
2014-07-08,999.7530517578125,1033.3709868822225,982.8969372882782,1015.145537175122,357539
2014-07-09,980.5833740234375,1009.4323239001947,964.2465675405742,999.7530294592958,415780
2014-07-10,981.57470703125,996.1645399512613,957.541776597871,971.0927638924417,490532
2014-07-11,994.6064453125,1011.3681489956681,967.9293676195704,971.9899954663414,516788
2014-07-14,998.9976806640625,1006.5993991393262,984.4078451608599,986.8159109573305,305994
2014-07-15,997.4395751953125,1003.1999132375746,988.2324406550481,1000.980780787722,481715
2014-07-16,1005.1829833984375,1012.7375554648221,992.0097444671279,993.5678980105441,456972
2014-07-17,1030.86865234375,1034.0321065098537,1000.9808519638766,1000.9808519638766,441512
2014-07-18,1027.4217529296875,1033.9375940866303,1018.8284506611938,1031.1990387860467,264738
2014-07-21,1024.7703857421875,1035.660110347399,1018.9941201570246,1030.2626409104537,270451
2014-07-22,1039.0692138671875,1046.3605488302364,1023.6341658692178,1025.0545648042814,599752
2014-07-23,1033.245361328125,1051.5684810354435,1027.8951698910166,1045.5080902640022,402682
2014-07-24,1036.3228759765625,1048.2542014929743,1020.1303545191223,1035.4706136698892,343726
2014-07-25,1069.9393310546875,1074.389868716578,1037.7436177439245,1037.7436177439245,676670
2014-07-28,1059.2860107421875,1078.5560630254472,1051.1896920391691,1069.9390008291377,334086
2014-07-30,1111.225341796875,1129.1696672915498,1053.557126675482,1068.5187071266457,2127298
2014-07-31,1119.0374755859375,1146.261784807935,1095.7902366046499,1121.925665931644,1779924
2014-08-01,1103.5552978515625,1136.3191433668342,1095.6484335974405,1110.9886957959484,755393
2014-08-04,1115.107666015625,1122.0203193608156,1106.0171373205005,1106.0171373205005,280532
2014-08-05,1114.0660400390625,1126.7549581312014,1106.0645069829009,1120.6471744041417,297603
2014-08-06,1104.3126220703125,1121.5941399888577,1102.2294168321382,1106.2538799090596,370998
2014-08-07,1100.0040283203125,1113.9238881449878,1089.493101963687,1107.9108906177935,431903
2014-08-08,1098.8677978515625,1109.6155744397113,1048.5384268299838,1091.813196806448,482120
2014-08-11,1097.3526611328125,1109.5207201583912,1093.7069942703797,1105.0701838212408,330990
2014-08-12,1102.8922119140625,1108.857932767941,1090.9136085301113,1093.849076096169,543600
2014-08-13,1102.9395751953125,1112.645632843522,1095.5061785539324,1102.2293758551996,312261
2014-08-14,1120.60009765625,1128.5543548681121,1103.6499804578161,1107.6744441360192,525027
2014-08-18,1137.550048828125,1141.5271190574176,1119.6056087500815,1121.6889295878,401204
2014-08-19,1153.36376953125,1155.6364306192386,1131.205526209964,1136.7924510035023,394599
2014-08-20,1179.92529296875,1185.180699011088,1147.6821949672608,1153.3637899918513,625778
2014-08-21,1172.018310546875,1181.1089550326487,1164.774369386272,1169.6037020241226,293502
2014-08-22,1184.1866455078125,1190.1522517154729,1165.76873651718,1180.7303182932715,343719
2014-08-25,1196.3070068359375,1199.7633331635966,1179.5936271031558,1184.2336189134153,294421
2014-08-26,1219.64892578125,1223.4366553644215,1191.619749984247,1199.574005227374,397132
2014-08-27,1221.21142578125,1238.587612672368,1218.0392252739891,1222.395091313238,484774
2014-08-28,1217.1871337890625,1231.0123260244045,1212.0736748547981,1225.7568040878973,588523
2014-09-01,1221.40087890625,1230.0653345196035,1212.2629570363454,1221.5429419016848,450416
2014-09-02,1239.1556396484375,1252.6021482605124,1215.8611271532197,1216.8080594952394,512749
2014-09-03,1242.943603515625,1249.9509272870675,1227.271939653912,1238.5877370390033,454741
2014-09-04,1255.3482666015625,1262.1662494007583,1239.1084680252848,1245.2161359150818,426180
2014-09-05,1257.762939453125,1260.7930768459682,1245.2160853610837,1252.7915444355237,285747
2014-09-08,1267.4219970703125,1274.9501812184358,1258.8996029653663,1264.2025184378938,418635
2014-09-09,1276.5596923828125,1282.1466173049,1259.27817409196,1266.995697159495,226047
2014-09-10,1272.0145263671875,1287.828253537658,1266.332931130992,1282.1466583014626,249973
2014-09-11,1249.05126953125,1280.110583917217,1245.7842832884166,1278.3587820380767,341216
2014-09-12,1286.8812255859375,1292.5628204008865,1237.4513969328186,1245.3108670714257,434514
2014-09-15,1340.76171875,1348.4318487035105,1280.0633700272504,1286.8812376320723,800761
2014-09-16,1288.680419921875,1365.61868301268,1278.3588328933786,1351.2726329917416,1175412
2014-09-17,1292.278564453125,1320.4025253139787,1269.4102400967963,1306.7666760110494,588363
2014-09-18,1304.3995361328125,1316.6149886640685,1287.8282171619783,1302.5056711075742,437574
2014-09-19,1326.5103759765625,1336.9740263895374,1293.0837279189325,1306.7668563737332,615969
2014-09-22,1316.5201416015625,1338.9623928976382,1303.0736323740653,1325.6579466464111,423206
2014-09-23,1285.12939453125,1323.8115619018306,1279.305736859351,1323.8115619018306,577525
2014-09-24,1294.6934814453125,1302.0322084383286,1271.7303679510364,1282.620091876157,571982
2014-09-25,1289.4378662109375,1317.9406253255386,1279.211065143754,1285.9342623956907,884330
2014-09-26,1306.3406982421875,1316.1414259107548,1283.1408533839883,1283.1408533839883,355127
2014-09-29,1321.870361328125,1327.267945868976,1301.464035552598,1303.0737745464066,270522
2014-09-30,1321.58642578125,1330.4402219332967,1310.5546385449697,1323.8116941371877,275329
2014-10-01,1313.2060546875,1327.5993826418276,1306.6721972322055,1315.2892599782442,336948
2014-10-07,1295.4510498046875,1318.934906393858,1292.4681893182578,1307.855842406943,290648
2014-10-08,1260.60400390625,1302.7898968091256,1249.9984051901408,1295.4037764084505,602530
2014-10-09,1267.2796630859375,1284.3244460966841,1256.5792808478136,1259.4200780162714,612969
2014-10-10,1257.57373046875,1268.889527405315,1249.950877742549,1261.4087376700536,460552
2014-10-13,1256.816162109375,1293.5097965277123,1247.8676962107447,1264.1548889930425,824107
2014-10-14,1259.8463134765625,1276.3703551548697,1251.5606540023296,1262.3557077500855,626935
2014-10-15,1259.8463134765625,1259.8463134765625,1259.8463134765625,1259.8463134765625,0
2014-10-16,1248.9093017578125,1273.624216976205,1238.2563110953722,1249.950904393004,366995
2014-10-17,1275.6600341796875,1280.7260995140111,1237.8300146020417,1248.0569309866669,441684
2014-10-20,1313.2060546875,1318.4141835067085,1274.949958060664,1286.8812846007445,503806
2014-10-21,1295.1668701171875,1324.9478497001637,1278.453489106145,1314.2475822744868,501834
2014-10-22,1315.194580078125,1316.283575577978,1289.3906693018628,1301.8901321381961,380637
2014-10-27,1319.3135986328125,1323.8115276430444,1306.8614141491762,1320.9707303734242,312500
2014-10-28,1285.50830078125,1334.0385928849632,1249.9509380858822,1325.7055403941174,2807638
2014-10-29,1284.419189453125,1302.032109783363,1275.2812682550866,1292.5627853485748,817502
2014-10-30,1273.9083251953125,1296.3979718356613,1270.3099354959186,1288.7751190532579,691683
2014-10-31,1296.3978271484375,1302.0320285988962,1279.3056513724428,1279.3056513724428,556462
2014-11-03,1287.212646484375,1304.7308974040445,1284.0878386487052,1298.2444330198248,474333
2014-11-05,1307.998046875,1316.2363142596819,1286.8814036538904,1291.6160666548246,553093
2014-11-07,1344.02880859375,1350.6100597439327,1304.257638035457,1314.5792268464388,750476
2014-11-10,1355.012939453125,1368.2227164505684,1334.7959548183642,1351.177932396324,786465
2014-11-11,1354.4921875,1365.2872404520456,1345.8277325414238,1362.6357833787927,396272
2014-11-12,1347.39013671875,1362.067588936618,1342.5608045913377,1361.073263678474,320608
2014-11-13,1361.8782958984375,1381.3378053052293,1349.3788329459824,1349.3788329459824,762149
2014-11-14,1367.3231201171875,1377.7867703488712,1355.2971237538295,1362.6358505374747,406294
2014-11-17,1369.6904296875,1378.7336810439217,1353.1665042663215,1365.5712965473554,441497
2014-11-18,1370.8265380859375,1390.7593932220082,1362.351424825625,1371.1579412654314,372850
2014-11-19,1372.4366455078125,1385.2676275848783,1364.5297819646553,1373.052174773595,260270
2014-11-20,1390.6650390625,1393.8846326640246,1373.999050268682,1374.8513126326657,409909
2014-11-21,1385.5987548828125,1400.9864055008516,1375.087828963725,1396.725209945087,348256
2014-11-24,1395.11572265625,1415.6641120252966,1381.3378083056198,1411.0715124392027,734419
2014-11-25,1378.8282470703125,1396.251826380987,1354.3974604605523,1391.9906305731101,387006
2014-11-26,1363.9615478515625,1389.1499283417447,1360.2684881137807,1383.8944069157849,469285
2014-11-27,1372.010498046875,1379.1124916709782,1355.06038347888,1367.370505760659,713124
2014-11-28,1401.8861083984375,1405.7212310825846,1373.052061347085,1382.5213859080993,435077
2014-12-01,1383.3262939453125,1418.031392547498,1379.2545536259581,1401.8861474838927,494358
2014-12-02,1399.4716796875,1402.265084554745,1377.4081043903652,1383.5631661453547,281374
2014-12-03,1392.0853271484375,1404.3007784816134,1387.255994926206,1401.4599812223787,354695
2014-12-04,1403.25927734375,1413.7702048440142,1390.5703588837473,1396.7254200568793,450303
2014-12-05,1396.0152587890625,1415.427375326404,1392.7009949900041,1410.8347757518927,173494
2014-12-08,1379.017578125,1400.27616238377,1374.9457229289833,1396.8198363116614,164032
2014-12-09,1356.480712890625,1389.1024890335027,1344.5493873302642,1379.7752276689178,507221
2014-12-10,1355.2025146484375,1373.0521697365425,1346.5380588726644,1346.5380588726644,458687
2014-12-11,1360.78955078125,1369.738017691339,1342.6083753493228,1355.2026252746834,409155
2014-12-12,1372.909912109375,1387.1612909153184,1367.3703807076618,1382.521299053453,456844
2014-12-15,1369.169677734375,1381.2430666937448,1361.2154218897335,1374.9459426670562,279748
2014-12-16,1349.615478515625,1370.2112593665036,1342.7502182319988,1359.8423952440319,376895
2014-12-17,1318.6507568359375,1349.331274051782,1271.1620739662662,1341.6138674833296,853528
2014-12-18,1349.899658203125,1353.8767284266814,1319.0769593973544,1325.7054868315117,332980
2014-12-19,1342.797607421875,1363.3933882164679,1338.2048925639212,1354.444807205482,282663
2014-12-22,1364.7188720703125,1368.2225911604705,1336.8317602832722,1344.738622377036,395409
2014-12-23,1361.499755859375,1384.9836152830912,1355.2499081458793,1368.3176244292758,390376
2014-12-24,1326.7470703125,1368.3174291683317,1320.307998824761,1365.8554278467743,1224810
2014-12-26,1332.286376953125,1340.8561606575338,1318.1771779059409,1332.333769805897,229737
2014-12-29,1356.480712890625,1360.6945159886727,1339.5305991887421,1349.2840495044024,292338
2014-12-30,1352.0302734375,1364.4350661029832,1333.6123669066817,1357.9486015786986,251311
2014-12-31,1352.1719970703125,1364.766243507521,1346.5377958492245,1363.582578075164,271892
2015-01-01,1353.3558349609375,1359.6056817140625,1348.5265024999844,1352.5983583431002,119605
2015-01-02,1356.29150390625,1365.9501694393493,1352.2670406687337,1358.8481754907912,247162
2015-01-05,1354.3975830078125,1365.145243621672,1349.615527709354,1358.0432499659485,211101
2015-01-06,1321.7755126953125,1353.1189507191154,1312.7323780051308,1349.3786141309124,405597
2015-01-07,1304.4942626953125,1327.220643981267,1292.89433891394,1321.7757817981737,483850
2015-01-08,1333.2335205078125,1337.8735127139967,1306.7668042954324,1311.5014666298362,340287
2015-01-09,1345.3070068359375,1349.8523292428995,1330.9136785344758,1336.1218074792923,317299
2015-01-12,1355.0604248046875,1358.8481548530585,1340.5723111327297,1347.153561447183,218007
2015-01-13,1357.001708984375,1373.999101668838,1345.5911257556297,1356.1967238596208,340354
2015-01-14,1347.8162841796875,1361.6888677379054,1335.1747590475986,1355.0603405653287,184846
2015-01-15,1360.8839111328125,1382.0478269887888,1321.7282798175784,1361.6887805480496,433511
2015-01-16,1352.26708984375,1371.158348196953,1350.325831856944,1356.9543597833106,236647
2015-01-19,1385.8358154296875,1389.6235457075957,1354.1135743522057,1355.0605069216829,390371
2015-01-20,1397.3883056640625,1401.270821559231,1376.8399157444321,1395.3997704448,370117
2015-01-21,1406.0052490234375,1409.414182485003,1383.9416782546314,1400.51299496312,388480
2015-01-22,1423.66552734375,1439.100572316503,1404.3008052280798,1415.6639944814424,800501
2015-01-23,1410.4085693359375,1443.5512069169577,1391.990778402852,1443.5512069169577,617287
2015-01-27,1443.3619384765625,1448.238664224624,1397.2463695560104,1409.9825661089726,641940
2015-01-28,1435.076171875,1452.1209564964122,1422.103243150085,1441.1365628588599,643871
2015-01-29,1472.0540771484375,1480.0082182853455,1440.2844430969635,1454.2043056789073,1189408
2015-01-30,1501.1722412109375,1506.7117735965342,1463.0108126126436,1472.4801382606217,648933
2015-02-02,1472.1956787109375,1520.773354516162,1463.1525441213596,1502.7816398612385,541843
2015-02-03,1464.2890625,1493.3125670257873,1442.178211528392,1479.8187787695301,808855
2015-02-04,1495.8218994140625,1515.0919520608682,1467.7927214194049,1476.173050660773,450821
2015-02-05,1494.5435791015625,1524.5612924742104,1476.4097989949687,1496.153318080281,497609
2015-02-06,1484.5059814453125,1503.7287567515543,1470.3967801688095,1494.3541022150505,234610
2015-02-09,1464.0997314453125,1488.814646972725,1458.5128064873522,1477.2147236619182,283211
2015-02-10,1480.008056640625,1487.394176138028,1460.2172605063279,1464.8571371319772,318035
2015-02-11,1506.09619140625,1515.0446575923147,1473.80581519938,1484.790209446715,400919
2015-02-12,1531.8524169921875,1547.1453975694835,1501.9293778382662,1515.0917606271805,348159
2015-02-13,1590.32568359375,1602.3517952658958,1556.8990369034123,1593.6873400845789,1764074
2015-02-16,1574.038330078125,1600.1263630761653,1569.824527273789,1598.4218385753495,830177
2015-02-18,1592.5985107421875,1597.664576844607,1575.6957875816126,1595.5339785741392,664131
2015-02-19,1597.0015869140625,1614.9933035765987,1585.543727315863,1597.475053142024,905398
2015-02-20,1601.59423828125,1608.4594988099093,1587.1062405899688,1598.422037569235,611265
2015-02-23,1561.3970947265625,1612.6261222321432,1516.2283430279494,1595.5813364422556,2661139
2015-02-24,1573.6124267578125,1579.4833618418704,1537.8183331122286,1562.5332474902068,713170
2015-02-25,1575.9798583984375,1581.3773275909998,1560.9708853004154,1578.536529996525,1030353
2015-02-26,1607.4652099609375,1624.9360672441974,1560.5446613161057,1576.6425127981286,4295665
2015-02-27,1645.295166015625,1652.5392225269104,1609.785198403777,1609.785198403777,1319802
2015-03-02,1701.59033203125,1712.8115747778002,1650.5033692208763,1656.1849642956468,727102
2015-03-03,1706.703857421875,1729.0988353353514,1690.2746008070112,1699.7439263017282,764844
2015-03-04,1692.4051513671875,1736.5795766740916,1675.4077588199386,1719.5820685344938,812954
2015-03-05,1740.6038818359375,1745.5752771291761,1681.7994006286674,1686.5813400791415,990561
2015-03-09,1770.2904052734375,1780.043856792174,1732.8865694840283,1739.2309713430122,1055203
2015-03-10,1797.65673828125,1815.5537862188185,1770.7638313076268,1784.3996828596958,1443134
2015-03-11,1772.6575927734375,1803.906364440918,1761.1997329471633,1803.3382280745232,939918
2015-03-12,1783.4053955078125,1789.5604570848272,1761.294543576545,1775.4985318311947,980143
2015-03-13,1777.7237548828125,1804.806002012744,1766.5026275661928,1787.8086094049704,927786
2015-03-16,1765.60302734375,1793.490143045937,1762.2413707542178,1780.2330881342984,817248
2015-03-17,1777.06103515625,1793.4902921693194,1766.1713105733845,1775.3092330157383,631130
2015-03-18,1773.9832763671875,1797.277791537349,1767.2600790852787,1784.8729995508963,694160
2015-03-19,1819.6729736328125,1855.3722848409786,1782.6952109971592,1799.2665307661082,1675344
2015-03-20,1805.1373291015625,1852.0577614331678,1784.8729520758911,1831.3673110529246,2981480
2015-03-23,1819.531005859375,1834.1137911377398,1794.4372917530657,1810.535146085415,790809
2015-03-24,1901.345458984375,1917.5379787979819,1821.2822838055338,1828.5263392883471,1531299
2015-03-25,1902.292724609375,1928.8541119102567,1881.5548797164765,1923.5040357528312,1903474
2015-03-26,1868.2503662109375,1906.648524019258,1849.5958428311974,1884.3956110247448,1844899
2015-03-27,1851.0635986328125,1882.9751759459793,1844.6244117388824,1870.191587876947,1491483
2015-03-30,1892.9178466796875,1905.7961040588916,1855.9874834878376,1873.9791988889951,1045647
2015-03-31,1901.8193359375,1921.1367828667192,1888.60955765268,1904.0446042874248,872470
2015-04-01,1929.374755859375,1936.3820787046438,1897.6999134663718,1901.440250191718,765868
2015-04-06,1977.431640625,1983.8234345070632,1930.795218596612,1931.4107477926113,876067
2015-04-07,1980.6041259765625,1997.6489111185822,1950.444233126389,1988.5582665689608,907918
2015-04-08,1971.6083984375,2002.7623875476913,1957.2148384113752,2002.667601816713,1004484
2015-04-09,1908.7791748046875,1979.0889124850785,1898.0787913854138,1979.0889124850785,1552419
2015-04-10,1859.96484375,1918.2959805285318,1854.378034253143,1917.633058396932,2428315
2015-04-13,1876.3468017578125,1887.0471855470425,1860.7224150664151,1869.150137672972,1082692
2015-04-15,1847.891357421875,1891.971110974049,1826.632769303774,1888.6568472661365,1848462
2015-04-16,1799.6451416015625,1840.8367036429559,1763.9931113369228,1840.8367036429559,1899659
2015-04-17,1676.1177978515625,1797.467096564051,1647.2363586694794,1797.467096564051,4494033
2015-04-20,1692.1209716796875,1722.9436705555836,1657.131862309575,1682.3202434982113,2341241
2015-04-21,1666.269775390625,1706.372343133251,1629.6708116161626,1679.858233473023,1529639
2015-04-22,1657.6053466796875,1682.699058011885,1641.980960378508,1674.176665483969,1854083
2015-04-23,1634.2633056640625,1685.4923268351538,1630.1915655842504,1666.8851971225201,1467466
2015-04-24,1663.9024658203125,1682.6990528305355,1621.290503311942,1642.9278878227233,1336141
2015-04-27,1631.7066650390625,1675.1234945057204,1593.7346971288819,1675.0288243797277,1130545
2015-04-28,1630.381103515625,1647.6626223999929,1598.0907269652218,1625.4097076721769,1110899
2015-04-29,1651.545166015625,1674.176878842431,1616.5560518039113,1616.5560518039113,977628
2015-04-30,1678.4853515625,1690.2746156701487,1638.1933249912368,1656.9426358725864,1877832
2015-05-04,1718.5404052734375,1727.1101905394669,1682.6990336680265,1686.8655597398658,1013954
2015-05-05,1715.6051025390625,1732.6024961202938,1700.0281078284306,1713.947970523363,742863
2015-05-06,1661.7244873046875,1721.5232982587113,1646.0528236643963,1712.053973185781,1454710
2015-05-07,1648.6094970703125,1666.6012147293222,1601.3575417842333,1666.6012147293222,1339758
2015-05-08,1676.40185546875,1692.0736339002347,1648.6094109189407,1654.2910056722512,879493
2015-05-11,1675.975830078125,1693.967547311999,1638.193200768521,1671.2884449170513,1358706
2015-05-12,1655.474609375,1677.8695843091223,1643.8746871871872,1676.0703895860145,986165
2015-05-13,1599.84228515625,1709.1655841819913,1589.4260287864845,1676.0703431349882,5146183
2015-05-14,1545.346435546875,1566.2263432521995,1503.9655318441994,1566.2263432521995,4569440
2015-05-15,1594.8709716796875,1605.808087664523,1549.1814811743914,1557.2304069628892,2643591
2015-05-18,1640.60791015625,1653.3441057418947,1605.9974818661246,1609.2170754081458,1973158
2015-05-19,1631.8485107421875,1648.6091665430592,1606.0918823230531,1646.7153019060197,1741536
2015-05-20,1629.8128662109375,1654.1963776478437,1615.5614861050508,1641.980925498847,1702941
2015-05-21,1618.40234375,1639.282252013415,1608.8383484345736,1635.731255070137,1313406
2015-05-22,1643.1171875,1651.4028466719676,1611.158216408125,1627.3508542352165,1284351
2015-05-25,1659.9725341796875,1685.539709549255,1643.022420723618,1656.752940829497,2194758
2015-05-26,1658.8363037109375,1702.3951961894193,1649.6509896372454,1676.0230351171626,3313608
2015-05-27,1659.120361328125,1678.91127311444,1638.1931768121722,1655.9955535254496,1980405
2015-05-28,1652.1605224609375,1672.850975007045,1621.1484822771886,1666.0331070661834,2680677
2015-05-29,1735.964111328125,1756.4652243199102,1635.636653081109,1657.0373057657287,24029112
2015-06-01,1696.9503173828125,1719.3925698686567,1677.1120135024207,1683.6458704262545,1574696
2015-06-02,1705.188720703125,1729.4775627503936,1698.7969262481777,1704.4311284567107,1714073
2015-06-03,1699.6490478515625,1722.8488924701824,1673.3242799657442,1705.188579468561,906416
2015-06-04,1656.8480224609375,1717.4991053327922,1636.2996300565485,1708.2665119340356,1238375
2015-06-05,1682.3201904296875,1689.7535871448074,1657.3211502912534,1666.1276684329507,886478
2015-06-08,1684.7821044921875,1697.944488163226,1670.4834481614587,1695.0090207987455,602880
2015-06-09,1676.1177978515625,1687.812390270758,1648.6093644592333,1676.0704049930173,1242611
2015-06-10,1662.8135986328125,1694.6305099756526,1658.8365280620906,1679.6216518080587,589749
2015-06-11,1615.1353759765625,1677.0173892133116,1608.175445503434,1668.494997060336,1078216
2015-06-12,1630.239013671875,1636.7728712198602,1602.3045041543826,1623.042349592618,676602
2015-06-15,1621.0064697265625,1642.3598450598936,1610.7322746323575,1640.0871838114304,582427
2015-06-16,1601.87841796875,1636.2047217628697,1586.1119684179466,1623.9892691562857,872551
2015-06-17,1639.8031005859375,1651.450417542936,1605.0507211784843,1617.3134518378613,1108511
2015-06-18,1699.6016845703125,1714.8946667545374,1635.4944039495554,1638.287808439801,1016241
2015-06-19,1720.38720703125,1725.7846766554508,1682.7939131692658,1712.7643533061985,898473
2015-06-22,1710.3494873046875,1752.5353777002363,1705.8989506562075,1733.7860673928037,905124
2015-06-23,1677.2542724609375,1719.5821110392424,1671.4306141833226,1714.7055009001817,742138
2015-06-24,1709.40234375,1719.6292600356041,1677.254034602458,1680.805031147135,1146311
2015-06-25,1734.7802734375,1747.0903954651678,1709.3077670463958,1714.8000215725997,1148288
2015-06-26,1743.870849609375,1753.718970619009,1723.4171309538858,1728.1517934015615,585292
2015-06-29,1735.0169677734375,1746.948293430489,1704.762522472449,1724.7427738907636,600991
2015-06-30,1785.9620361328125,1797.27783294312,1732.9810949369603,1739.514952116181,1120131
2015-07-01,1775.1197509765625,1816.7375062764302,1770.7638843261027,1792.5433331707552,871195
2015-07-02,1770.9058837890625,1798.2248640020616,1762.5255540658166,1793.4902013796234,872219
2015-07-03,1800.0711669921875,1815.2694788186056,1791.9275711655116,1797.2777625444514,877924
2015-07-06,1816.68994140625,1821.2352634934605,1704.4784438526192,1704.4784438526192,790815
2015-07-07,1807.1259765625,1823.7919651714546,1786.388132033203,1821.898100202429,807610
2015-07-08,1778.0078125,1807.4573898127965,1763.756432292305,1775.5458111451157,964138
2015-07-09,1786.0567626953125,1804.2378205062362,1780.2331046865122,1780.2331046865122,379705
2015-07-10,1771.852783203125,1794.3897075093766,1754.3818090973964,1787.9032429563179,803852
2015-07-13,1789.03955078125,1794.4370195900458,1766.1711086532302,1789.7023572692276,696911
2015-07-14,1821.8389892578125,1825.8794920533328,1787.3758771783746,1792.081828130763,795631
2015-07-15,1847.1751708984375,1851.9762852048102,1825.3565028712708,1832.9621549665678,639158
2015-07-16,1858.4410400390625,1863.3846672247714,1842.0888192458813,1854.8283090589434,598434
2015-07-17,1875.7440185546875,1885.2510840313964,1863.3848334349657,1870.0397792686622,630710
2015-07-20,1880.7353515625,1885.7265612658757,1867.0927349172168,1876.2194951642077,467407
2015-07-21,1792.366943359375,1872.891734455088,1783.3352319495664,1872.891734455088,993409
2015-07-22,1734.041015625,1817.2754133070196,1727.433652094614,1792.0816919088318,1701329
2015-07-23,1643.05859375,1745.2119660462342,1626.801534968348,1745.2119660462342,4976913
2015-07-24,1589.67626953125,1664.4493568074915,1575.3206250064336,1649.4757298649138,3491061
2015-07-27,1537.8153076171875,1606.646363679329,1523.7448053425524,1601.8453656044096,3030464
2015-07-28,1530.019775390625,1561.0603717670062,1518.4686659942822,1555.3561316752875,2565568
2015-07-29,1559.25390625,1563.72229700156,1511.6711094898421,1533.489780025587,1992583
2015-07-30,1546.6571044921875,1576.1290109118247,1541.0954937494162,1568.618405097499,1562925
2015-07-31,1613.063720703125,1623.5214925180408,1548.5108402516696,1556.2590056175593,1663420
2015-08-03,1581.9755859375,1626.658790588379,1576.8893294697627,1616.2010192871094,738391
2015-08-04,1559.6339111328125,1592.7660072778772,1553.5493667205908,1587.6797510465083,1327419
2015-08-05,1597.5673828125,1601.9406099316736,1564.0549753940481,1569.6165857550106,1020643
2015-08-06,1621.525146484375,1632.268177437463,1600.4669721781129,1606.6941468014336,1080101
2015-08-07,1610.8770751953125,1625.7080730015616,1599.563644926975,1625.7080730015616,630482
2015-08-10,1612.3507080078125,1639.968779380334,1601.9405178294855,1620.9070668567533,678486
2015-08-11,1614.4420166015625,1625.7078636743151,1597.6144445211908,1616.1057527193577,586987
2015-08-12,1637.2593994140625,1649.428374299494,1599.6589068477053,1614.2998117431475,1272336
2015-08-13,1671.4371337890625,1686.3632960008867,1631.7927177525776,1644.7223034010756,1226673
2015-08-14,1705.0445556640625,1709.3703167355275,1681.7522460088787,1689.405479888227,1634036
2015-08-17,1708.32470703125,1718.6874321471664,1674.1943169949059,1715.9778255037968,797037
2015-08-18,1664.734619140625,1721.729425884385,1660.4564400039715,1717.4512467477314,1178580
2015-08-19,1706.898681640625,1718.0694843790413,1666.7313271131281,1671.8175842983069,770194
2015-08-20,1797.3582763671875,1846.8424816123486,1723.630938558644,1723.630938558644,3332613
2015-08-21,1785.236572265625,1824.738354614228,1761.3262824531512,1795.7893903783083,1366891
2015-08-24,1714.74169921875,1771.1661034031943,1695.2046353928479,1720.7786619215146,1468467
2015-08-25,1738.4146728515625,1766.032631109478,1630.5569349205177,1713.458623553596,1993449
2015-08-26,1721.1591796875,1801.5889314647081,1711.2718082514377,1747.398657536746,1920778
2015-08-27,1806.19970703125,1817.2278791364859,1744.5464141873354,1768.3140765059638,1631204
2015-08-28,1769.122314453125,1839.854907146596,1747.398692331969,1830.1101647111211,1513446
2015-08-31,1840.1400146484375,1849.1241446627296,1770.2155050704382,1782.5746895848936,1830506
2015-09-01,1768.78955078125,1830.0625420100457,1759.7578384821788,1815.8495253921997,1202890
2015-09-02,1787.70849609375,1814.708583455539,1777.8211254474986,1791.9866752726343,1207023
2015-09-03,1770.5482177734375,1801.1134547986542,1758.8070157706572,1799.6873950561373,1015991
2015-09-04,1767.9339599609375,1801.0660615693896,1749.5853923185098,1783.5255713216948,1962214
2015-09-07,1715.93017578125,1784.4760908499616,1709.8932127495045,1783.5253843551027,718432
2015-09-08,1730.951416015625,1748.729698613659,1669.2030703429944,1720.8739495234663,905108
2015-09-09,1745.59228515625,1782.5747934142264,1727.4338131379463,1754.1011784686416,744403
2015-09-10,1728.574462890625,1739.697798257211,1697.1061018430528,1727.623756417568,712219
2015-09-11,1720.77880859375,1749.157375127077,1711.8421440567429,1735.0394064550242,514651
2015-09-14,1749.5377197265625,1754.909234917313,1697.0111831065965,1730.285912187118,552865
2015-09-15,1745.4974365234375,1766.0802590263872,1734.3742149668158,1749.3002631825298,490311
2015-09-16,1754.7664794921875,1771.5464720177276,1742.787601095534,1755.0041561113792,465186
2015-09-18,1805.2491455078125,1815.8495469637865,1774.018457923783,1782.574817045602,1522927
2015-09-21,1787.70849609375,1809.194439425984,1778.15384950636,1784.000717594776,637352
2015-09-22,1779.3421630859375,1805.3915429456813,1771.0234816742604,1797.785891369291,650048
2015-09-23,1827.3056640625,1838.001113295592,1737.2736795529972,1764.6064942597877,1124486
2015-09-24,1892.2388916015625,1904.075258612957,1845.4641724746348,1849.1243697388284,2633607
2015-09-28,1933.879638671875,1965.8233536710839,1888.7210801907354,1901.4129886795636,1832418
2015-09-29,1915.911376953125,1937.8252093754695,1866.5222180485948,1902.078550214493,1770861
2015-09-30,1933.7371826171875,1953.7020207858016,1920.4272905047783,1946.0487863999465,1267574
2015-10-01,2004.8974609375,2023.1033972574194,1933.736987792101,1958.407774622216,2749646
2015-10-05,1979.989013671875,2019.110729644569,1974.9028726100619,2009.318405213554,897220
2015-10-06,1971.1949462890625,2024.0543254128336,1961.8306256629546,1988.878181664466,887118
2015-10-07,1963.82666015625,1998.3849320084312,1955.4130474463989,1975.5679775040533,734381
2015-10-08,1943.62451171875,1978.0875084168383,1927.177241832852,1977.4696419961517,891794
2015-10-09,1954.272216796875,1967.9622964515047,1949.8037109220159,1949.8037109220159,783715
2015-10-12,1910.72998046875,1969.8638786677732,1903.0291649346148,1962.8760930124993,670625
2015-10-13,1928.2705078125,1941.3427225209539,1906.1665811236594,1907.1172876479106,974159
2015-10-14,1964.9678955078125,1975.4730170389728,1925.9888115038868,1928.2705303994253,968369
2015-10-15,1995.6280517578125,2007.8920724259394,1966.6788539491997,1967.9624005311055,1115230
2015-10-16,1951.7530517578125,1994.24959000188,1934.8780097486658,1991.7303103753495,850628
2015-10-19,1970.8145751953125,1995.5329442040334,1954.747728182076,1958.4553906909523,669471
2015-10-20,1973.2864990234375,2000.2864707095957,1956.5539718252603,1996.4836447196535,1709316
2015-10-21,1961.6878662109375,1981.7002861603503,1958.455556678277,1977.4221065462473,495424
2015-10-23,1976.8040771484375,1994.05930732707,1969.4836835001108,1983.173764294226,700151
2015-10-26,1950.4696044921875,1993.4890748578296,1931.6455688281037,1979.6562484626877,1418942
2015-10-27,1849.7421875,1925.1807276159727,1836.7650201254614,1891.9059989905115,3070580
2015-10-28,1816.229736328125,1851.9762778229288,1792.0817678112016,1838.428710082181,2460613
2015-10-29,1825.5941162109375,1840.3300666347207,1812.4268546880355,1824.690991477146,1290089
2015-10-30,1833.818115234375,1848.6015342908947,1816.8954901216568,1829.1596293502619,692739
2015-11-02,1805.96240234375,1839.8075372452324,1775.9200941964357,1833.8181547392553,777056
2015-11-03,1782.14697265625,1816.7525975140395,1773.067678871375,1815.8494727315422,1430773
2015-11-04,1765.604736328125,1800.6382503538077,1759.7578676900202,1800.6382503538077,1364087
2015-11-05,1747.63623046875,1764.8915767219298,1743.1203745760658,1764.8915767219298,660862
2015-11-06,1766.2701416015625,1777.8212494005227,1722.7278512213345,1743.5958135831863,815336
2015-11-09,1776.585205078125,1790.845802698123,1721.824533427941,1738.8422031317468,732452
2015-11-10,1702.14501953125,1778.676896320689,1687.4565337951146,1768.3141717808269,782457
2015-11-13,1690.1661376953125,1707.8492561753876,1673.2435148174184,1687.3614837630814,1358843
2015-11-16,1719.92333984375,1736.8459642663915,1674.1943741853574,1699.8634531762743,765419
2015-11-17,1710.79638671875,1743.3580851044778,1702.5727520910161,1735.0394030351313,712453
2015-11-18,1695.1572265625,1725.7699286343448,1685.1272268306714,1704.6167095669357,647838
2015-11-19,1718.4495849609375,1730.2858344954736,1672.863138535675,1701.8596868610114,633380
2015-11-20,1725.05712890625,1737.4163147292213,1702.2401704638417,1717.9268293929974,430279
2015-11-23,1751.771728515625,1754.053447267393,1720.8737680624054,1727.43366595385,477851
2015-11-24,1769.1697998046875,1775.9197929376858,1738.2242559208785,1751.7718239344556,834864
2015-11-26,1745.6397705078125,1772.497229245468,1741.5042204260735,1771.2612643690677,858019
2015-11-27,1723.3455810546875,1761.5640509869072,1716.310445981123,1758.949608180288,699849
2015-11-30,1706.518310546875,1730.238393288967,1695.1098315905726,1717.9267895031771,1461767
2015-12-01,1722.25244140625,1728.289404593011,1704.4266941699223,1711.2717346874554,477542
2015-12-02,1778.5819091796875,1786.3776566833235,1723.4883934569596,1730.2383869373832,878243
2015-12-03,1731.854736328125,1777.8213781625184,1727.6716039924258,1777.8213781625184,860554
2015-12-04,1715.787841796875,1745.4974248727317,1707.944511864849,1725.532585045756,953977
2015-12-07,1741.3616943359375,1745.4972446625188,1718.877460974855,1732.187352818687,511541
2015-12-08,1715.4072265625,1737.7964107519733,1711.2716765547668,1735.0393387291385,584132
2015-12-09,1673.1959228515625,1725.5323641183534,1661.5973495249873,1715.4073162918435,916636
2015-12-10,1648.3350830078125,1676.5710214675614,1605.2680293439055,1676.5710214675614,1715942
2015-12-11,1654.371826171875,1682.7503900476656,1640.9668886482034,1641.870013340293,1067350
2015-12-14,1661.6922607421875,1671.7697259944919,1637.591875223096,1644.722173663835,565502
2015-12-15,1704.521728515625,1709.0850501412403,1656.2257912865025,1656.2257912865025,665220
2015-12-16,1738.652099609375,1744.54643350846,1705.567466874211,1712.2224123971316,987172
2015-12-17,1732.6624755859375,1755.5744774297186,1707.4687550904491,1744.5463060083375,1319749
2015-12-18,1696.440673828125,1744.5463987240219,1692.257542086517,1716.5956048744572,1127533
2015-12-21,1712.8876953125,1723.6307241845032,1694.2538728562463,1696.0602382488437,423456
2015-12-22,1697.201171875,1718.8297444249881,1693.2082510562173,1711.2716742847788,393457
2015-12-23,1715.8350830078125,1723.6308296384655,1703.6659937739273,1712.3173994379533,472162
2015-12-24,1714.9796142578125,1732.2349618087442,1711.4619302976532,1732.2349618087442,295092
2015-12-28,1750.2032470703125,1756.9057749381311,1716.0253916468216,1716.0253916468216,680000
2015-12-29,1755.7171630859375,1773.0675560607951,1745.069297106143,1768.3140237389164,636219
2015-12-30,1745.9725341796875,1758.8070722746647,1740.7436482891412,1757.4760599282808,335431
2015-12-31,1746.6856689453125,1754.2437398560373,1728.3845672295975,1746.4479922996538,446622
2016-01-01,1754.291259765625,1767.3634748160393,1741.884492878377,1745.5922716305581,238463
2016-01-04,1706.6607666015625,1747.2558870147589,1698.3420848731994,1739.7928643319208,649115
2016-01-05,1695.1572265625,1723.9160974294268,1685.6025800681412,1723.9160974294268,873308
2016-01-06,1666.7786865234375,1698.484842988795,1655.65546624636,1687.504135852592,628135
2016-01-07,1632.838623046875,1682.6556732430208,1624.1872159985476,1663.689006505054,780329
2016-01-08,1628.4176025390625,1660.2662702347825,1618.8154901160353,1637.4968960198044,752161
2016-01-11,1617.1041259765625,1630.4615983198726,1606.7415182815648,1623.6165581475575,597256
2016-01-12,1616.2960205078125,1633.789042485797,1608.595321434954,1620.0037988919396,1323629
2016-01-13,1584.019775390625,1636.213589313165,1565.053109680417,1630.4617681413597,979010
2016-01-14,1632.838623046875,1639.9689227108352,1555.3560333651747,1568.6659260712336,1433275
2016-01-15,1617.2469482421875,1639.968858830213,1611.4476612853398,1633.3139127364093,732532
2016-01-18,1618.62548828125,1649.0955636740114,1597.187009089221,1611.4951891335304,955512
2016-01-19,1615.9635009765625,1639.8737945502025,1611.4476447449763,1621.905417070755,505883
2016-01-20,1607.6925048828125,1635.215415602102,1597.1871501229834,1603.842096581829,783776
2016-01-21,1602.796142578125,1620.9546138689223,1596.2362443905693,1619.0532008321259,960734
2016-01-22,1636.4036865234375,1642.8209558823528,1608.072584265821,1611.4476390165441,420067
2016-01-25,1615.2979736328125,1651.7575457893588,1613.348978828214,1645.673000796487,473393
2016-01-27,1605.885986328125,1639.9687928116005,1578.1728672853662,1630.41414559748,845275
2016-01-28,1622.2381591796875,1635.2153272841515,1597.1870638589387,1598.1853521950704,1004150
2016-01-29,1626.421142578125,1636.3085133747697,1608.0249950397124,1612.635898347593,1027807
2016-02-01,1618.62548828125,1669.8684786470924,1614.2997270437484,1663.7364678012718,1223746
2016-02-02,1621.71533203125,1649.0956119278346,1616.2011874411135,1619.0533071836567,958341
2016-02-03,1615.1077880859375,1629.27333879357,1599.2310352319678,1616.2011238214845,557219
2016-02-04,1571.3277587890625,1635.1201421006485,1537.3874669092154,1616.201059429658,1417537
2016-02-05,1713.981201171875,1727.4337214427,1523.9825291539066,1570.567147949004,4292391
2016-02-08,1731.141357421875,1757.8561848298293,1693.2557294883661,1725.5321662877989,1698987
2016-02-09,1811.7138671875,1817.6557828198856,1702.715343616411,1702.715343616411,2477694
2016-02-10,1761.6116943359375,1811.0960177783447,1751.6768570900788,1793.3178513216349,1958089
2016-02-11,1702.858154296875,1782.3847848074693,1696.0605788783162,1754.0536816314425,1234514
2016-02-12,1669.7259521484375,1720.778847216459,1640.1114200478878,1720.778847216459,970447
2016-02-15,1709.7982177734375,1746.7332615814105,1688.2172246343591,1692.2577276357367,1038639
2016-02-16,1664.1641845703125,1723.630923926786,1660.3138927890636,1706.6132539769114,1086368
2016-02-17,1645.1025390625,1679.9934209421192,1609.7361878832367,1675.144841037352,1581559
2016-02-18,1689.1678466796875,1696.7259172592314,1646.6237289709968,1658.982914003689,827772
2016-02-19,1700.766357421875,1714.123830251876,1655.7504275751196,1686.077988325958,869657
2016-02-22,1721.3017578125,1727.956703536031,1693.2083333726625,1697.0111595003946,699778
2016-02-23,1690.54638671875,1730.3810154566147,1677.046399763191,1730.2859680096415,589204
2016-02-24,1674.574462890625,1692.2575806917398,1652.23285999947,1686.268083282682,622081
2016-02-25,1673.3388671875,1709.5607698471033,1655.655745485094,1678.9480600210602,963494
2016-02-26,1641.6326904296875,1697.9620588431574,1633.3615890838691,1687.5993332577473,858284
2016-02-29,1668.062255859375,1687.50415876021,1611.4476332949612,1656.8914536816665,837151
2016-03-01,1674.669677734375,1694.159163055723,1649.5710002562723,1673.2436178328128,728941
2016-03-02,1694.06396484375,1729.3351533928305,1673.2434689232446,1688.454773186183,947824
2016-03-03,1696.0604248046875,1722.680207256779,1678.5199360030083,1707.468902998441,781299
2016-03-04,1692.44775390625,1706.5182572676135,1682.750593517368,1705.3298740801013,563192
2016-03-08,1734.754150390625,1744.5464740229793,1673.7188378841715,1694.2540756211904,1428776
2016-03-09,1733.6134033203125,1754.053594256088,1726.9584574342462,1738.7947076246744,1022875
2016-03-10,1731.18896484375,1741.6943181511947,1708.8949437100284,1739.7929051401125,787040
2016-03-11,1764.6539306640625,1771.1662471167658,1722.6802145869992,1739.7929319504462,1157688
2016-03-14,1777.060791015625,1782.1946300416432,1759.900605931144,1768.3143364180055,516821
2016-03-15,1637.97216796875,1710.3209056938301,1631.4122702449208,1710.3209056938301,3200644
2016-03-16,1663.9266357421875,1667.4443197746607,1612.6836431266192,1646.6238221386257,2061285
2016-03-17,1591.7681884765625,1679.2332001644866,1583.0216176759354,1675.810563386426,3308895
2016-03-18,1477.7783203125,1586.5391754765685,1459.3345895853072,1585.7785637969332,7863541
2016-03-21,1459.5247802734375,1494.510830878065,1427.105707216274,1494.510830878065,6606156
2016-03-22,1472.69189453125,1487.6655213397669,1460.2851287544077,1464.848566202979,3118852
2016-03-23,1449.019287109375,1482.103802579858,1443.1724191177573,1482.103802579858,1764210
2016-03-28,1421.4012451171875,1471.693641476441,1416.5526652454114,1471.693641476441,3046721
2016-03-29,1332.462890625,1418.406675001367,1216.9044561955243,1416.5528435401025,18885690
2016-03-30,1402.577392578125,1416.5527321722986,1348.8148917915764,1373.7709382476319,6901864
2016-03-31,1406.33251953125,1428.3888628028708,1398.489191299962,1418.4540267977861,3507744
2016-04-01,1392.6422119140625,1410.8482622282188,1379.7126284088292,1403.147563791891,2301141
2016-04-04,1389.1248779296875,1402.2921402392917,1364.2638788090737,1402.2921402392917,1786402
2016-04-05,1391.549072265625,1406.0473465431235,1374.8642426469514,1392.7850371498412,2776014
2016-04-06,1411.89404296875,1419.404646694349,1391.8341612595625,1394.3059746741449,1248298
2016-04-07,1435.3292236328125,1447.260637337748,1414.0333735572422,1422.2570084813296,3338512
2016-04-08,1464.18310546875,1478.1585611090084,1426.0597967788053,1426.0597967788053,2848397
2016-04-11,1443.885498046875,1472.644369695216,1427.010457658179,1471.9313398196373,977906
2016-04-12,1460.23779296875,1468.2713335747976,1447.9261886070035,1447.9261886070035,937807
2016-04-13,1472.5491943359375,1491.3731117841646,1461.0931355756074,1465.0861721637984,1661309
2016-04-18,1497.36279296875,1519.894491432205,1467.605631995201,1467.605631995201,2312824
2016-04-20,1495.0809326171875,1511.6232479754499,1478.7288281797983,1510.6725415301823,1762008
2016-04-21,1484.0528564453125,1502.734262506113,1475.8292219545942,1502.1162800663637,616382
2016-04-22,1481.2008056640625,1491.658577719457,1464.3733461416005,1473.5951532601393,614108
2016-04-25,1466.655029296875,1480.2501801342291,1459.8099881799028,1479.584731933681,500655
2016-04-26,1501.30810546875,1506.8697149600464,1451.2533879410164,1463.1372185006383,933431
2016-04-27,1492.5142822265625,1502.1163954679948,1476.4473178239216,1488.9965982509154,717219
2016-04-28,1498.5987548828125,1506.8698553014199,1483.2922868540352,1488.8540129163523,1791123
2016-04-29,1528.0230712890625,1538.1005373026965,1491.2782406711915,1502.9719774186528,1849743
2016-05-02,1539.241455078125,1546.3241723112076,1524.0301505856694,1536.3417537380333,748702
2016-05-03,1497.93310546875,1551.552974108093,1488.1883640566127,1540.239543794614,1270045
2016-05-04,1499.9771728515625,1512.5740339133804,1483.1021325612026,1487.1426351659368,577618
2016-05-05,1524.5528564453125,1533.9648736123884,1508.0581225705926,1516.1391274827124,693119
2016-05-06,1508.628662109375,1529.9720937385136,1500.690285646151,1529.9720937385136,399928
2016-05-09,1526.2642822265625,1530.6375090417876,1514.0951922551994,1520.179737240881,345726
2016-05-10,1535.1058349609375,1540.1446261467104,1519.2290818410142,1529.639272244676,466392
2016-05-11,1514.998291015625,1532.0634251601111,1512.573943177001,1521.1303011208054,752825
2016-05-12,1536.76953125,1543.8047828158112,1517.3752107889038,1522.081161713396,333710
2016-05-13,1510.3873291015625,1537.2447869970233,1506.8697615683272,1526.834597526015,633055
2016-05-16,1524.7906494140625,1531.7783192195036,1493.8452214033828,1516.3769198094278,809752
2016-05-17,1533.48974609375,1544.7555960952977,1523.459745040608,1534.440452693932,539135
2016-05-18,1557.3997802734375,1564.8628026282206,1523.0793009476656,1530.162017515262,892492
2016-05-19,1573.8470458984375,1605.7432957370474,1555.688574764121,1572.468567879856,3518163
2016-05-20,1430.623291015625,1538.2432281723475,1423.6830866428247,1538.2432281723475,4490960
2016-05-23,1392.8326416015625,1451.2535111721766,1379.4751684971034,1446.4999785446882,2351450
2016-05-24,1392.9278564453125,1430.1004628490593,1372.1549395773118,1388.0316940399712,2421523
2016-05-25,1399.7725830078125,1421.306106765739,1395.8747098721046,1407.9962168027155,862728
2016-05-26,1397.4908447265625,1414.4610470332448,1389.9327751678939,1414.4610470332448,1573541
2016-05-27,1407.140869140625,1459.7624582478577,1402.3398702592679,1415.6021814140875,3122857
2016-05-30,1395.4945068359375,1420.0702465450445,1382.4222925169404,1416.505097185318,1365114
2016-05-31,1402.054443359375,1421.3062504304226,1391.3114132392527,1398.3942464601794,2522011
2016-06-01,1416.7904052734375,1426.0597939340087,1405.1442502896432,1406.7129392735792,1880118
2016-06-02,1402.6248779296875,1421.2112373053183,1392.785088399725,1407.0456865744663,1736436
2016-06-03,1378.61962890625,1409.755270314999,1374.7217550244675,1402.6249707557436,1691266
2016-06-06,1349.3853759765625,1392.785155042243,1344.6318430242,1392.785155042243,1899200
2016-06-07,1364.1212158203125,1372.772621870729,1326.2355845197299,1336.6933561539356,2157157
2016-06-08,1360.27099609375,1370.9188631729032,1349.670594710895,1365.452300438337,1084830
2016-06-09,1356.848388671875,1369.0174793540195,1328.5174021337398,1341.5420358980407,2025083
2016-06-10,1366.593017578125,1383.277963142399,1353.283126523834,1353.283126523834,1096107
2016-06-13,1380.94873046875,1391.5965965196242,1359.7003480056799,1366.1651984278053,1073088
2016-06-14,1379.380126953125,1390.170622853053,1373.8659826604442,1388.031533161537,498431
2016-06-15,1390.8836669921875,1393.450528227073,1374.151255111161,1393.450528227073,560727
2016-06-16,1393.9259033203125,1400.390754309968,1379.4276283690383,1394.6865149848766,747330
2016-06-17,1391.83447265625,1404.1936585473234,1384.228819800205,1404.1936585473234,549107
2016-06-20,1389.9329833984375,1403.1002459744686,1374.2939069900362,1388.9822768434453,646439
2016-06-21,1378.19189453125,1402.2922844810419,1373.7710854746476,1402.2922844810419,546544
2016-06-22,1389.8377685546875,1394.6863481905514,1374.7215129403799,1380.7110099366441,999040
2016-06-23,1412.4647216796875,1421.116244413571,1394.92423167265,1397.3485798766371,1524774
2016-06-24,1390.78857421875,1398.1565496581602,1364.2638394262653,1388.3167605077497,969412
2016-06-27,1406.2376708984375,1415.4120126705102,1388.9823231395842,1397.5386824197049,857039
2016-06-28,1468.556396484375,1472.216709631848,1402.2921947858817,1402.2921947858817,1927170
2016-06-29,1457.3382568359375,1481.8664189397234,1449.209668502328,1478.348850732195,910521
2016-06-30,1463.8028564453125,1477.3980067900177,1456.4824622923468,1471.693767381562,1024791
2016-07-01,1476.304443359375,1482.1037293196978,1466.0368836393845,1468.8414211614906,514431
2016-07-04,1491.6107177734375,1497.3625377523624,1478.4434577155532,1487.094862500851,757648
2016-07-05,1485.859375,1493.9878468345448,1472.1691766881245,1492.7044161294116,412780
2016-07-07,1574.132568359375,1614.2999251542917,1474.1657388295794,1480.2502847262851,1941050
2016-07-08,1558.350830078125,1627.89504480407,1542.7592177923054,1617.1520132273681,3341870
2016-07-11,1586.82421875,1591.3876564368154,1568.66574754958,1573.229185236395,800532
2016-07-12,1591.2449951171875,1600.989736685493,1579.9315646224009,1586.2537860212262,717944
2016-07-13,1567.1922607421875,1601.9406336681993,1562.0109561524341,1597.1871006306083,848201
2016-07-14,1579.1710205078125,1581.9755581590557,1559.4438613540863,1568.6656676456982,482010
2016-07-15,1587.822509765625,1604.7450161064248,1569.1411035290573,1576.7943373985677,822563
2016-07-18,1583.116455078125,1606.2186699994825,1578.6005990955873,1587.822521997016,627514
2016-07-19,1610.4017333984375,1617.912337818375,1580.0741734058524,1582.8312454148215,810759
2016-07-20,1630.6043701171875,1639.0180999136758,1610.069131751152,1620.9546753786642,1228199
2016-07-21,1603.4140625,1651.0918996960222,1598.993254151231,1644.532117817309,1531978
2016-07-22,1617.3895263671875,1620.8596285028461,1595.5232756066025,1608.357814096511,520314
2016-07-25,1644.556884765625,1646.7532389886153,1622.8803303340978,1631.6655140921857,730291
2016-07-26,1623.2144775390625,1637.8247438105352,1617.6760328426697,1635.0076707362666,1442774
2016-07-27,1641.8831787109375,1661.5544320063611,1593.5644352085073,1619.8246345649297,1857306
2016-07-28,1628.0845947265625,1664.4192087034032,1620.302119677799,1656.7798778545064,840430
2016-07-29,1661.4112548828125,1671.1036795375185,1626.9865890245048,1629.0873584520036,689102
2016-08-01,1646.60986328125,1669.0981882907765,1628.8484437955171,1664.4190752077304,987009
2016-08-02,1625.2198486328125,1666.3290444654547,1620.4930592881815,1662.5093790340152,620695
2016-08-03,1604.1162109375,1640.928282941762,1598.1479837362212,1636.6788352342892,820971
2016-08-04,1582.9171142578125,1602.9703576504664,1567.9726500351376,1594.7103078920095,947868
2016-08-05,1599.150634765625,1617.6282421999174,1586.641254317017,1590.4131271451963,589782
2016-08-08,1616.9598388671875,1634.8167272873027,1597.9569809317115,1610.9438194706072,648977
2016-08-09,1534.789306640625,1650.3341852242402,1525.9563303852658,1631.9042530052025,7455908
2016-08-10,1474.772705078125,1534.5026475987202,1470.5710501927601,1527.8660261742964,3599720
2016-08-11,1509.2451171875,1514.2106350082945,1481.1228805487385,1490.05132407857,2287754
2016-08-12,1510.6300048828125,1523.0917109629245,1501.1286329991958,1518.7945870134993,996548
2016-08-16,1519.319580078125,1527.7705657657416,1505.9507522799295,1525.001285265587,890909
2016-08-17,1522.6142578125,1532.64088039452,1501.1764304424835,1520.2269667215428,783772
2016-08-18,1516.789306640625,1535.45785322592,1513.7335040722467,1527.8663141044929,605628
2016-08-19,1504.9957275390625,1529.775756366547,1498.2635216848391,1527.7704556547312,445050
2016-08-22,1474.820556640625,1497.2610915733092,1470.5712253758932,1493.4892184986343,920241
2016-08-23,1485.7542724609375,1488.3324998059495,1461.0219173441442,1465.7964987733735,1191811
2016-08-24,1453.09619140625,1481.2185484004142,1438.1040510466826,1475.3457894204014,1483246
2016-08-25,1453.52587890625,1465.3190719753304,1439.10666599492,1460.067032290831,1912866
2016-08-26,1443.9288330078125,1470.6188120374304,1441.9235322035634,1465.7964383658739,927460
2016-08-29,1413.1328125,1443.833393756015,1404.395305355353,1443.833393756015,1262694
2016-08-30,1440.6822509765625,1443.8335215591212,1413.2761983515206,1413.2761983515206,835375
2016-08-31,1415.3770751953125,1461.9770432530165,1411.8917235057777,1440.6823603985815,1489112
2016-09-01,1434.0455322265625,1443.1650293828923,1414.4219559262392,1415.376872212057,849359
2016-09-02,1449.610595703125,1456.2472167197686,1436.6714344622242,1441.8280052971077,1028961
2016-09-06,1466.2261962890625,1469.6161958041425,1446.698204446573,1456.247367512227,894622
2016-09-07,1473.81787109375,1482.0301281295347,1468.5658313355589,1480.1202954901926,595016
2016-09-08,1510.725341796875,1516.7890368389965,1468.8044939469908,1475.3456471273412,1029854
2016-09-09,1498.7890625,1516.311754895747,1493.6801665737557,1512.3488285745707,874115
2016-09-12,1464.2686767578125,1491.3883229731302,1458.63464727818,1484.894845510684,492173
2016-09-14,1463.1226806640625,1479.59498652868,1454.3374974963715,1473.4358231365077,560365
2016-09-15,1476.921630859375,1485.3726185871255,1461.0222477906154,1462.9320807942631,558667
2016-09-16,1468.0406494140625,1485.0858832042522,1459.1122047208144,1474.343074105359,935307
2016-09-19,1477.637451171875,1487.6640719502866,1461.0218848542647,1462.358790938105,652749
2016-09-20,1478.4490966796875,1491.3882586043812,1465.8919245716386,1466.5604358924988,668059
2016-09-21,1476.061767578125,1489.4783872823468,1469.3295615067975,1482.9849102693372,623879
2016-09-22,1459.7327880859375,1489.8603266425418,1447.4143448166653,1489.6693900141831,1230280
2016-09-23,1422.2999267578125,1460.8308897458614,1417.0956799507996,1460.019117699899,1883166
2016-09-26,1427.1224365234375,1435.143756903935,1399.0478734751634,1429.5097273172205,1632257
2016-09-27,1444.0244140625,1450.517891672402,1427.8864214903303,1435.2392305356288,1096606
2016-09-28,1449.228759765625,1459.828307482858,1441.0165028210538,1444.0243959410623,976298
2016-09-29,1402.1036376953125,1462.7408222167676,1389.4032043892437,1462.7408222167676,1473552
2016-09-30,1419.2442626953125,1422.347740477489,1393.0318585156992,1402.48543604479,860417
2016-10-03,1426.2154541015625,1438.677043340898,1417.6212063915607,1419.244517665561,573882
2016-10-04,1421.34521484375,1440.0138763798263,1414.3266028843316,1436.194210925238,516358
2016-10-05,1425.1171875,1435.143809199249,1417.573325003368,1421.9659169106037,393733
2016-10-06,1419.864990234375,1436.1940347361417,1412.3211285736393,1436.1940347361417,551910
2016-10-07,1432.5177001953125,1437.1490209027759,1418.050695043603,1420.2947250186696,1410496
2016-10-10,1451.663818359375,1456.1519952364122,1431.9448885817703,1437.1969286142817,509938
2016-10-13,1412.559814453125,1448.1304435478546,1408.1194307292576,1441.1595085347365,1120826
2016-10-14,1398.666015625,1422.7776549175906,1384.8197277144034,1422.7776549175906,1162063
2016-10-17,1380.856689453125,1408.5014682541223,1377.084700326798,1402.4854492544703,497091
2016-10-18,1414.3743896484375,1420.9155433997596,1384.6287217269164,1384.6287217269164,1488996
2016-10-19,1444.5018310546875,1450.040392185692,1419.1965492681081,1420.91544522378,762863
2016-10-20,1437.960693359375,1452.8573643914383,1433.3293725974133,1449.5629497687364,460284
2016-10-21,1432.4698486328125,1449.992538572019,1424.9737793558518,1439.536252222447,345777
2016-10-24,1459.4942626953125,1470.1892798483552,1431.5629577346208,1444.4543292549401,905293
2016-10-25,1457.4410400390625,1474.3908047962736,1451.9980636170417,1462.9318089040746,574243
2016-10-26,1439.3453369140625,1469.5206676596424,1432.3744015331636,1456.7247663592273,483604
2016-10-27,1413.6104736328125,1440.0139354847647,1405.6369449824758,1440.0139354847647,591055
2016-10-28,1421.249755859375,1437.1013442866852,1416.0931841484107,1419.960642073369,531996
2016-11-01,1440.3480224609375,1474.3908129250883,1435.764494018948,1462.931816969712,800647
2016-11-02,1425.2603759765625,1455.7221128166545,1421.0587209261228,1441.9236188524221,633638
2016-11-03,1404.1087646484375,1433.3291762404222,1398.6656725200332,1421.4881923771513,829710
2016-11-04,1356.8406982421875,1405.6369016082715,1330.198508111632,1387.6367512835373,2119494
2016-11-07,1450.135986328125,1465.79663821923,1421.7750165672066,1454.3376416989495,4220594
2016-11-08,1439.6317138671875,1477.4463740191452,1427.5997924415997,1461.0218611609682,1318755
2016-11-09,1460.687744140625,1494.4440120907584,1320.2672553554205,1367.4401439705855,3320746
2016-11-10,1426.549560546875,1480.1203445424096,1422.8253634633486,1477.1601271667123,2567989
2016-11-11,1393.031982421875,1429.3664786710506,1386.872702181551,1429.3664786710506,834760
2016-11-15,1375.9866943359375,1400.050656758325,1364.241292945492,1394.1778977796325,1037950
2016-11-16,1343.614990234375,1389.2599182007912,1327.9543400241737,1385.2969923494918,1493431
2016-11-17,1349.774169921875,1373.169618922997,1339.413351534764,1343.1852242367445,907967
2016-11-18,1353.8326416015625,1361.2332432396597,1344.617675603319,1350.251705325064,649572
2016-11-21,1335.2117919921875,1370.3049680019947,1328.1453876591381,1369.5887807364884,921267
2016-11-22,1349.1534423828125,1353.1163682567244,1339.317874642628,1344.522121739921,949507
2016-11-23,1419.864990234375,1428.554704764141,1351.2542812367283,1359.8007350161342,2141284
2016-11-24,1392.745361328125,1426.8836175279744,1386.9203954717457,1403.726898287517,1575834
2016-11-25,1440.6343994140625,1450.3268225003712,1380.42688424711,1403.7268636648637,1241157
2016-11-28,1441.15966796875,1449.467509918572,1417.0958232571938,1446.6982292686314,811169
2016-11-29,1449.7061767578125,1454.3374974118908,1419.4352606797977,1432.2789546122006,768031
2016-11-30,1437.0057373046875,1477.3509500409161,1429.8916576619938,1461.0219050042542,1689417
2016-12-01,1444.5018310546875,1468.6612599154391,1431.419524455945,1437.149022218944,1016348
2016-12-02,1421.9658203125,1445.743259183125,1418.7668740629642,1444.501821382682,602938
2016-12-05,1466.608154296875,1470.5710801965047,1427.7907839640163,1432.3744287628292,1257617
2016-12-06,1458.252685546875,1478.2104599015684,1454.3853444000833,1477.1600752654126,656919
2016-12-07,1436.910400390625,1475.345784086071,1433.5681931127601,1465.7966204350287,777319
2016-12-08,1455.7696533203125,1458.9209232045105,1437.1487886172977,1448.034855910904,516109
2016-12-09,1443.4039306640625,1459.0644663663556,1433.80697421983,1457.2024260136266,444998
2016-12-12,1435.716552734375,1456.0085226350104,1430.9897640195843,1438.1038433109204,396052
2016-12-13,1426.931396484375,1440.7776820849474,1409.6951115755132,1439.0587862112097,660269
2016-12-14,1419.9127197265625,1436.146296530091,1415.1859307546597,1430.416798834728,363044
2016-12-15,1413.657958984375,1422.7773387102993,1403.7268072388256,1412.3210529974306,626694
2016-12-16,1403.1541748046875,1418.0508472605002,1395.1328537694212,1417.0959308650386,625008
2016-12-19,1407.8330078125,1426.6448104262931,1394.9416390435877,1401.2440626838943,569313
2016-12-20,1383.9124755859375,1420.5812855562158,1380.8089975485705,1418.0507339969759,685374
2016-12-21,1399.0958251953125,1409.4566451064525,1379.854235893512,1393.2230658606463,595663
2016-12-22,1382.145751953125,1403.5358984677873,1376.9891810822899,1399.047722320224,542888
2016-12-23,1380.6180419921875,1394.177806912094,1375.0794807900106,1382.671018796766,488669
2016-12-26,1339.6998291015625,1397.376799201358,1334.3046450481042,1379.8541077211921,877985
2016-12-27,1380.9046630859375,1387.0161517149736,1340.7027036198435,1341.6098276258547,841430
2016-12-28,1388.782470703125,1402.3900277146665,1382.050380858625,1384.628608191935,582828
2016-12-29,1401.673828125,1404.0134429341992,1385.6313046774367,1397.997423787033,487712
2016-12-30,1419.9127197265625,1422.777468574244,1403.7269353639338,1403.7269353639338,427683
2017-01-02,1437.8651123046875,1441.9235062793148,1409.647291101393,1420.9153492341857,432507
2017-01-03,1437.62646484375,1446.65037709627,1424.8305633311572,1446.65037709627,575773
2017-01-04,1421.870361328125,1442.6397907162288,1418.0506961533013,1438.0084700051411,650696
2017-01-05,1443.9288330078125,1449.5628621755027,1419.67393703352,1432.2789014273746,663374
2017-01-06,1443.8812255859375,1458.9211571811934,1438.1039353940034,1445.02707850928,442853
2017-01-09,1422.34814453125,1451.568566483153,1419.4833949954368,1442.8788495379113,443260
2017-01-10,1421.3929443359375,1434.1888463554724,1416.522894410417,1422.825318817969,633637
2017-01-11,1453.143798828125,1456.7247347542661,1425.2124986042231,1425.2124986042231,747080
2017-01-12,1423.7803955078125,1452.4278883751729,1418.1463652638422,1427.6000612234607,859263
2017-01-13,1428.79345703125,1439.9659306699868,1420.0559499204805,1432.3743930137846,397553
2017-01-16,1441.1119384765625,1444.7883428697521,1425.7378095624515,1431.3717224046986,372811
2017-01-17,1426.64501953125,1441.1120254724142,1422.873146595007,1435.23926663686,427552
2017-01-18,1429.414306640625,1442.6398747655983,1423.3028186914607,1424.8306615370175,451242
2017-01-19,1412.4644775390625,1437.1490407393724,1404.2522206196525,1425.6900450657029,444368
2017-01-20,1399.2867431640625,1421.3452890018177,1389.6421107014103,1416.1410411751872,573900
2017-01-23,1416.3795166015625,1428.5546986926934,1384.6763439792696,1394.1777139647943,812744
2017-01-24,1436.8624267578125,1441.7325928592695,1410.8887515290226,1410.8887515290226,432795
2017-01-25,1450.7564697265625,1460.830882491633,1434.5706863965331,1446.6980757845924,846726
2017-01-27,1425.021728515625,1450.231427128231,1421.058802314186,1449.5630323040098,727852
2017-01-30,1432.0877685546875,1440.8252750373117,1419.9603795257872,1426.7402611852572,452570
2017-01-31,1404.3953857421875,1441.9714362023153,1400.2415230619624,1441.9236437595234,688000
2017-02-01,1407.6422119140625,1417.8598871163758,1370.973399622495,1404.6819944505664,894488
2017-02-02,1414.660888671875,1425.1172934471842,1384.62881378585,1415.8545342010007,1006697
2017-02-03,1424.735107421875,1438.0561430662392,1411.366279336147,1411.366279336147,472175
2017-02-06,1428.697998046875,1502.6562163956137,1417.8597217156894,1433.3293186344736,2848834
2017-02-07,1400.0506591796875,1443.642614783289,1395.1328165608318,1427.5999731406184,1101632
2017-02-08,1419.721923828125,1423.7803184312995,1400.8623253780793,1407.546740018602,955712
2017-02-09,1424.114501953125,1451.4728792068258,1409.217829927285,1431.3718430357712,3701844
2017-02-10,1399.955078125,1440.9686862868427,1395.1327042180765,1440.9686862868427,1510360
2017-02-13,1382.3369140625,1412.3213113974427,1379.8541548135936,1412.3213113974427,863549
2017-02-14,1366.9149169921875,1390.3103667869163,1361.2810039686362,1383.0053502065987,797448
2017-02-15,1368.299560546875,1376.9892753790855,1364.0979056026515,1367.4879050224854,1298433
2017-02-16,1375.9866943359375,1383.6738177278683,1360.4693033503765,1368.3951558343927,1169195
2017-02-17,1392.936279296875,1398.9045058253064,1379.9017658123205,1391.2651758689142,1093407
2017-02-20,1398.5228271484375,1400.862325646292,1383.2918409887377,1394.1779110044897,2218830
2017-02-21,1404.681884765625,1406.5917173757755,1392.2201803576208,1401.8171358503994,1196203
2017-02-22,1387.3026123046875,1409.456626473427,1381.0478631688302,1404.6820444054274,680057
2017-02-23,1384.628662109375,1399.573125810356,1379.7108197547034,1384.628662109375,1225360
2017-02-27,1398.093017578125,1402.7721310495403,1384.9152417671078,1386.634021272751,867741
2017-02-28,1407.6422119140625,1411.366409108047,1395.3715597490755,1400.8145364862478,1456387
2017-03-01,1403.535888671875,1412.7030609521998,1400.241357815234,1412.7030609521998,1381676
2017-03-02,1395.0372314453125,1416.5705238457492,1388.4960781718657,1411.3662766917566,1559024
2017-03-03,1409.552001953125,1412.321282683539,1391.8383735878244,1396.4696945753262,465086
2017-03-06,1410.6502685546875,1415.615787266535,1403.72712457295,1408.4539141819791,457610
2017-03-07,1391.5994873046875,1413.2760393901863,1375.127182115849,1413.228246951275,966032
2017-03-08,1384.2945556640625,1397.3291875840707,1376.9894220326785,1394.177916898551,766037
2017-03-09,1387.9229736328125,1392.6498789992186,1377.9441454708297,1384.962756578242,703101
2017-03-10,1381.8592529296875,1391.6471442858422,1375.0793710110038,1390.358030688904,369219
2017-03-14,1381.7161865234375,1397.0904332402863,1375.0795644191624,1397.0426407953016,683469
2017-03-15,1384.4853515625,1390.1193809535957,1378.4694489112046,1383.6736960341818,413467
2017-03-16,1389.7852783203125,1393.5094753966014,1384.6287067198305,1387.4456633239683,1092308
2017-03-17,1390.8834228515625,1408.93124818004,1386.681767698974,1401.7216998506615,1149979
2017-03-20,1398.666015625,1402.7722028045753,1391.8861324442346,1400.8623699893205,469478
2017-03-21,1388.830322265625,1398.9524119671541,1382.718834490402,1397.9974956449923,481477
2017-03-22,1401.9605712890625,1408.5017254804468,1377.9443999107016,1384.6766073270646,808660
2017-03-23,1423.06396484375,1427.9340144850387,1400.4324959752703,1412.3211568554982,927873
2017-03-24,1420.7244873046875,1430.4645867290753,1408.5015122999907,1427.5043695759323,423331
2017-03-27,1392.029052734375,1419.8648825215753,1389.403033255713,1419.8648825215753,714403
2017-03-28,1390.0716552734375,1407.4512024235894,1386.1088457565754,1407.4512024235894,337687
2017-03-29,1388.782470703125,1397.4245096775774,1382.2413174881558,1394.9417506590326,616204
2017-03-30,1381.7161865234375,1391.3131426102218,1379.8541462400622,1391.3131426102218,1258490
2017-03-31,1380.0447998046875,1389.4030248808226,1376.0819909597622,1387.4931925442168,538488
2017-04-03,1369.9228515625,1388.4482504318537,1365.5780524933955,1384.6285853687675,968565
2017-04-05,1389.3553466796875,1391.3607640515431,1375.0793954165426,1378.8990604038108,614057
2017-04-06,1383.100830078125,1391.3130871694445,1374.458790699887,1391.3130871694445,468167
2017-04-07,1346.4798583984375,1382.7188875893526,1342.7078688408862,1380.4748574594842,1036712
2017-04-10,1351.5408935546875,1355.5038198991301,1334.0182010560654,1341.6575322002661,1263154
2017-04-11,1365.005126953125,1368.8247923449328,1352.1615486999463,1358.3207125174615,728077
2017-04-12,1374.55419921875,1379.3287806416738,1344.5699211363321,1363.6204543870263,782828
2017-04-13,1369.9708251953125,1389.3078821347117,1365.5304406588027,1382.2414775200118,747073
2017-04-17,1353.068603515625,1377.4189691450624,1347.5301589204607,1370.113952709776,539429
2017-04-18,1351.1588134765625,1364.5276420863697,1347.9121912105857,1355.9811875661596,387950
2017-04-19,1346.670654296875,1358.702575847266,1344.5698851537798,1358.702575847266,345971
2017-04-20,1363.09521484375,1365.6735587731691,1346.4319721695585,1347.3868884618773,479647
2017-04-21,1344.3790283203125,1366.8673561318565,1342.8033929493924,1363.0953664176002,402801
2017-04-24,1300.1185302734375,1341.6573889343956,1294.8664906726267,1341.6573889343956,1326184
2017-04-25,1315.2537841796875,1318.8347198736644,1300.118385959862,1304.4633012286542,937866
2017-04-26,1309.2381591796875,1319.6944469918112,1305.2274404136429,1315.254062478342,470446
2017-04-27,1275.9593505859375,1308.1401058172846,1271.9487480072903,1307.2806576741593,1850221
2017-04-28,1278.0123291015625,1310.1452889851778,1259.2481986973878,1279.5879644607423,2257402
2017-05-02,1245.0198974609375,1292.9566482815312,1242.346085239492,1292.9566482815312,1289019
2017-05-03,1207.87353515625,1253.184262611974,1204.531328427299,1249.030400419376,1825156
2017-05-04,1204.8658447265625,1226.5424017655582,1202.239824458682,1212.7439055302036,1359127
2017-05-05,1195.8895263671875,1215.131115078479,1193.597703701195,1207.969242101592,779255
2017-05-08,1222.101806640625,1227.0673242833307,1191.8786854178502,1198.228901498926,1359954
2017-05-09,1193.78857421875,1225.9692052430705,1187.0563680240218,1225.6350078686844,1761286
2017-05-10,1202.14404296875,1215.5605458113112,1195.2685763000898,1198.419846427424,1092939
2017-05-11,1202.907958984375,1216.467839736373,1200.0432102213097,1206.059229250517,575036
2017-05-12,1197.4171142578125,1208.1599214350936,1188.8706609524318,1206.0591524360814,900384
2017-05-15,1226.590087890625,1234.6590846602487,1195.555305596779,1197.4173459076335,951808
2017-05-16,1234.6112060546875,1241.343295475913,1220.0009412393954,1220.0009412393954,863382
2017-05-17,1240.6749267578125,1247.2160796986443,1228.9772027995418,1240.4361976974396,1423295
2017-05-18,1246.9776611328125,1262.7337830406598,1226.3514884941121,1231.842258249877,1137197
2017-05-19,1258.7706298828125,1262.3515660358325,1246.1179888088086,1258.579693248091,954830
2017-05-22,1208.8763427734375,1267.1740343094782,1201.2848041908994,1260.5850879842321,2143969
2017-05-23,1194.2181396484375,1207.9689558185696,1175.8837957995383,1207.9689558185696,2071339
2017-05-24,1173.1146240234375,1217.4704376212408,1114.9602005447878,1176.647767554491,4063564
2017-05-25,1088.7955322265625,1126.8012480678267,1057.092357297529,1119.2097100148208,8375080
2017-05-26,1062.3922119140625,1110.5676942421612,1050.407965319327,1080.01037161469,3585744
2017-05-29,1060.14794921875,1077.527494500633,1031.4049940823506,1063.7288850721284,2573360
2017-05-30,1078.9599609375,1090.7531540411926,1060.1480397085584,1060.1480397085584,1442595
2017-05-31,1108.657958984375,1131.575952968548,1086.2174232082054,1093.3792963282597,2459672
2017-06-01,1094.6204833984375,1135.2998900828495,1090.9917552225709,1098.153626701056,1498211
2017-06-02,1114.482666015625,1120.1166948701286,1100.063454808515,1106.652399856429,1059875
2017-06-05,1104.0740966796875,1117.251987258739,1096.243830233361,1107.7028249744762,1345701
2017-06-06,1099.1087646484375,1112.4775941054993,1090.2757880428787,1110.4722930003284,1352183
2017-06-07,1102.4029541015625,1113.384490338191,1093.3790426904045,1100.2067167943876,928260
2017-06-08,1115.0557861328125,1125.2734611175313,1099.824916828685,1107.464247703119,1599054
2017-06-09,1107.7982177734375,1122.9814080838728,1100.3499416395605,1120.116659593863,769777
2017-06-12,1107.8939208984375,1114.387398812208,1098.1538205947209,1098.1538205947209,608687
2017-06-13,1126.5146484375,1129.618126236058,1110.5675937609103,1110.5675937609103,953734
2017-06-14,1127.756103515625,1139.6925567704475,1122.5040640835032,1129.6181435966068,970978
2017-06-15,1129.04541015625,1140.1702098048372,1121.1196737803539,1125.750995121532,1034068
2017-06-16,1080.0582275390625,1135.825251358386,1054.7529432508563,1132.5308364457549,3285283
2017-06-19,1080.6787109375,1090.0369371384784,1063.0127597004769,1084.7848975815257,1172788
2017-06-20,1062.6787109375,1078.960082467884,1059.9572224634828,1078.960082467884,1777105
2017-06-21,1045.63330078125,1061.866877140411,1039.9038032427227,1060.9119608839897,2025842
2017-06-22,1018.8479614257812,1039.8561212993989,1016.0310047967761,1036.1797166349033,3041268
2017-06-23,1012.2113037109375,1036.0842118173275,1010.3492635054128,1017.9408016564712,2050708
2017-06-27,1014.4552612304688,1020.0414980145858,1000.3702464547151,1012.2112313422932,2630627
2017-06-28,1016.6994018554688,1021.1875786875888,1003.7125626729811,1014.1211743102689,1667010
2017-06-29,1008.0096435546875,1021.5695252317997,1005.5268844373647,1020.5668164695475,4352668
2017-06-30,1012.0682983398438,1021.3310589626999,1004.0947683336115,1012.1160907948904,1555017
2017-07-03,1006.9592895507812,1016.9859112106042,1003.9990721836496,1016.0309948620496,1001764
2017-07-04,996.8370361328125,1013.1660797024754,993.1128396706639,1012.0202268988534,1052402
2017-07-05,1035.1292724609375,1046.5882680970365,989.4842265503707,993.5904132800788,5148183
2017-07-06,1032.551025390625,1058.8112232228696,1028.0151730377827,1049.4529970049707,2336293
2017-07-07,1066.927978515625,1085.7397821154818,1034.0788360247793,1034.0788360247793,4984299
2017-07-10,1097.0555419921875,1117.2520445728517,1083.8299748634074,1083.8299748634074,511108
2017-07-11,1088.5567626953125,1114.1485655305419,1084.8326824707585,1104.8381318353006,1914881
2017-07-12,1089.177490234375,1100.8275388395182,1085.5010858543021,1093.3791451974278,768916
2017-07-13,1090.5621337890625,1100.063503709086,1087.1721345249953,1100.063503709086,1249863
2017-07-14,1087.79296875,1103.9787540375046,1084.1165641654536,1091.4693733345464,855906
2017-07-17,1095.0501708984375,1098.5833142715157,1085.7397377907332,1093.3790675201315,523872
2017-07-18,1104.217529296875,1112.2388501775447,1095.5756060246704,1096.2440008618341,1073451
2017-07-19,1119.4486083984375,1124.366334895047,1111.6182235162494,1116.201869133479,794526
2017-07-20,1113.480224609375,1122.9338029496942,1110.1380174802305,1119.1619301021474,406805
2017-07-21,1091.373779296875,1104.9813355334352,1080.2489819374605,1104.9813355334352,1439189
2017-07-24,1097.2374267578125,1129.630635435598,1093.8731420502766,1120.547113660026,1549104
2017-07-25,1077.0035400390625,1097.6698590358383,1070.947898363096,1095.79551889881,1757281
2017-07-26,1080.03125,1084.8854780766396,1072.2453591606134,1078.10880202302,1114455
2017-07-27,1067.0068359375,1088.345963558706,1062.1526074032856,1088.2978554199815,1625717
2017-07-28,1022.646240234375,1067.967975442113,1014.4277280741578,1067.3431563727952,2321289
2017-07-31,991.9832763671875,1047.6381755144762,990.0608281571735,1047.6381755144762,4692583
2017-08-01,978.4300537109375,998.5196612554331,976.6998033628265,997.7506350258442,2668911
2017-08-02,994.8186645507812,1014.0912513814663,980.4484136579107,986.3118561937777,7625546
2017-08-03,954.8801879882812,1018.8976992069116,946.8058808668,991.9834203599365,7852897
2017-08-04,954.3032836914062,959.1094042364562,925.6588169766019,951.1312558653661,4195398
2017-08-07,946.8538208007812,965.0690298610347,942.5283122008065,955.2645319673989,1416550
2017-08-08,936.7128295898438,953.9668128896083,932.7718344822472,950.4583216664491,1097894
2017-08-09,915.99853515625,939.8849310257136,913.1629122739171,936.2322911103108,1347325
2017-08-10,900.378662109375,934.1656553706691,881.971196392929,913.9318989924715,2148029
2017-08-11,904.415771484375,917.8248006308431,884.3261644974289,893.9384054158792,1617852
2017-08-14,929.3594360351562,932.1950586759511,906.4823157047633,906.9148782547928,1380569
2017-08-16,923.7363891601562,936.2803523260886,913.6435357926415,936.2323028532697,1973545
2017-08-17,916.959716796875,930.8974658648724,914.1240940459004,926.6200070034154,1127740
2017-08-18,901.9646606445312,914.124169649314,898.1678721743466,914.124169649314,1834424
2017-08-21,887.5942993164062,907.3954910130791,884.3261141229161,907.2993920767537,1160593
2017-08-22,907.7800903320312,914.0760966393839,898.7445600576486,911.2404737268994,2324978
2017-08-23,918.7860107421875,922.4867586405569,904.5118566628734,911.2404252034048,1452649
2017-08-24,954.0149536132812,961.0318780623357,917.9690485649205,921.3333330361008,2451008
2017-08-28,952.7653198242188,968.9138726344336,947.7669428745551,964.1077522344613,1659832
2017-08-29,950.9389038085938,960.2147389963682,944.9312537306201,949.4009688560157,1024339
2017-08-30,949.6893920898438,959.6861460002796,947.6227368481744,956.4179606572819,700248
2017-08-31,941.470947265625,957.1388882086086,936.8089752251683,941.0383846911653,1957294
2017-09-01,956.9466552734375,970.2596444577903,943.9220802581507,946.8057526010982,1558803
2017-09-04,958.8690795898438,967.4239974612982,946.8537784605327,956.4179698931569,907385
2017-09-05,954.1590576171875,966.0782003977347,947.8149438129905,966.0301509298877,713041
2017-09-06,933.6849975585938,952.9094793833939,929.5036962290848,948.7281780538849,1338780
2017-09-07,940.5578002929688,943.6337292069759,932.7238002569701,938.0586410513491,936915
2017-09-08,932.33935546875,948.2476030667908,922.9674202128947,940.5578100363455,714426
2017-09-11,939.4043579101562,944.8352978704189,930.6091920652511,937.1935540803779,799559
2017-09-12,943.7777709960938,949.6893221265112,938.2988410724377,941.0383060342657,1076841
2017-09-13,953.9188232421875,969.8751198838929,936.2322762803882,947.478610018681,2392504
2017-09-14,965.2611694335938,978.2857431279381,956.9465582206378,959.2054698612612,2388352
2017-09-15,970.4037475585938,975.6424304706753,951.6598782047237,953.2939708564455,2254311
2017-09-18,970.9324340820312,976.6036797051846,961.3201931400511,976.5556302341673,1321720
2017-09-19,966.2224731445312,982.0826707303638,962.6659322552277,970.8363370721718,1593299
2017-09-20,963.3869018554688,970.7402900514103,958.3404750809701,970.7402900514103,1900325
2017-09-21,990.4454345703125,999.5770644281131,965.5016549618895,966.9915407313106,4073455
2017-09-22,975.0657958984375,1004.1908170821034,967.0875885622672,990.0608690890997,2128564
2017-09-25,953.245849609375,977.0361435363924,944.1142216373885,975.1617450084511,1824414
2017-09-26,966.9913940429688,973.1432514287176,954.4954813962902,956.4179294957792,1967659
2017-09-27,961.5604248046875,972.5664515658347,956.898511775725,970.8362600637691,2086318
2017-09-28,965.885986328125,969.7789907587113,957.3791767490944,963.0504222474225,2447775
2017-09-29,974.6812133789062,978.333853135194,967.7603882957778,974.3928578897054,1198488
2017-10-03,981.7462158203125,985.0625093835226,975.1618541708224,980.4485867464158,1499941
2017-10-04,987.6578369140625,997.173979686023,979.1510264576641,984.9663622971868,1012019
2017-10-05,989.2918090820312,998.2312402579181,983.3803159946299,991.0220594183086,491692
2017-10-06,998.6156616210938,1004.3830057628998,985.3507231601732,995.8280884851708,1107877
2017-10-09,999.6248779296875,1007.21857119507,993.7134440450826,1007.21857119507,388342
2017-10-10,1020.81982421875,1029.470839678231,1001.3069313031581,1013.5145457425697,2413682
2017-10-11,1005.4886474609375,1027.9812004555995,998.2313576276642,1025.6262480392081,1432162
2017-10-12,1020.0991821289062,1022.7425486785925,1011.640362235135,1016.0139792793912,851033
2017-10-13,1020.9161376953125,1027.1640946179728,1014.0914697548698,1014.0914697548698,625422
2017-10-16,1028.7982177734375,1033.3159241815997,1022.5021528820249,1025.7222302016237,686446
2017-10-17,1024.85693359375,1028.0771277116078,1019.6664181077582,1023.7035117828426,602214
2017-10-18,1008.5162963867188,1027.2601666638527,1005.9691463468047,1027.2601666638527,599551
2017-10-19,1010.4385986328125,1016.013744639392,1005.7286950106359,1014.0912966835938,94104
2017-10-23,998.18310546875,1017.2634974510634,988.1383607018329,1016.9750832904078,545519
2017-10-24,986.5523681640625,1003.2295834503234,983.6206462840021,995.8282045405376,370317
2017-10-25,964.251953125,996.6451574781355,960.3589486912393,994.9630153489417,1086901
2017-10-26,954.4955444335938,972.6145955005215,951.9002275941903,970.8363543584387,2312486
2017-10-27,962.2813720703125,981.8423166702419,960.2628250346207,963.1464971818718,1163414
2017-10-30,986.1678466796875,1047.7342989811987,954.0149465493942,970.0674012124321,8196443
2017-10-31,988.1865234375,997.6545577431325,970.8363807866882,985.2547428775797,2036136
2017-11-01,988.2825927734375,998.7118509059846,985.4950193853327,988.1864938297638,591994
2017-11-02,1020.147216796875,1023.4152849715514,991.6948886600001,991.6948886600001,1711143
2017-11-03,1007.0743408203125,1028.125169949465,1000.7783940039866,1023.7035630038736,780125
2017-11-06,994.4344482421875,1014.7642442645329,991.2623617498172,1003.998581185633,470881
2017-11-07,826.556640625,1001.163024723483,812.6669404183132,996.7894080619212,25028579
2017-11-08,808.6298217773438,847.7997061606147,804.2562635983037,829.0558351060433,12540687
2017-11-09,798.2484741210938,820.885287348837,795.5570586831495,818.0016153792276,5008246
2017-11-10,800.988037109375,813.0994960659106,798.3927202852271,802.6221298259469,2761475
2017-11-13,795.0765380859375,808.3894684086349,791.5680466522127,807.620500862034,2045817
2017-11-14,802.6221313476562,812.2343724416402,796.854786691266,797.71991185711,2956627
2017-11-15,791.7123413085938,801.9973933854138,786.7620131767462,793.009970520239,1762158
2017-11-16,796.854736328125,802.3337251391033,788.2037198903047,793.6827087012829,2007600
2017-11-17,797.3833618164062,807.3320654717553,795.0283512698671,801.6608203734332,1582945
2017-11-20,794.1152954101562,799.7384327983851,790.7510111375669,797.8159846426198,2005483
2017-11-21,804.9771118164062,816.559850164506,796.8547566643618,797.8159807375397,2340880
2017-11-22,795.31689453125,809.1104377785919,793.2021896426853,806.082558203094,1577310
2017-11-23,795.2687377929688,803.4391426648042,793.346289587831,799.7384533372993,1680075
2017-11-24,797.191162109375,803.1027136304126,795.8935330771773,797.8159812247067,1257977
2017-11-27,799.2097778320312,802.47790452251,795.8935430024951,796.8547670882468,1052203
2017-11-28,800.0267944335938,807.3321326826963,798.7772148564397,799.2097774285021,1044438
2017-11-29,802.2857055664062,806.8995694381475,800.2190503174209,800.7957613007152,788695
2017-11-30,785.992919921875,801.5647613151593,783.3976032449176,800.5073796557158,3637833
2017-12-01,782.628662109375,791.3277283490305,779.6488322433939,790.2222971833748,1747415
2017-12-04,782.8689575195312,788.1076404479352,777.6783240610564,787.915383899758,1037841
2017-12-05,777.582275390625,787.2425662093174,775.7078765945289,781.2829648413169,1034003
2017-12-06,777.9666748046875,781.8596792090331,774.9869036657293,777.4380133017705,833724
2017-12-07,787.1464233398438,792.0486426851951,778.9760186519504,779.5527296331228,1536602
2017-12-08,790.9431762695312,796.8547275711278,779.5526948856268,782.9169790189187,1754006
2017-12-11,806.6112670898438,809.350732443674,793.0579714048499,795.8935943745394,1633544
2017-12-12,813.9645385742188,820.3567021686082,807.4282265690191,808.9661616284325,2487565
2017-12-13,812.4746704101562,822.8078294836957,808.4375174570343,815.8389547596807,2061866
2017-12-14,819.7318725585938,822.7597518368609,810.8885994089904,812.8591556810004,1607943
2017-12-15,826.9410400390625,835.3037010235076,821.8465642981578,825.2108484794952,3114671
2017-12-18,833.5255126953125,841.0710985117178,810.4080258528764,831.4588573858696,1539705
2017-12-19,833.4293212890625,838.1873921871197,826.748802243787,835.9765885515111,984692
2017-12-20,840.398193359375,854.3359423858527,829.6324720328172,833.3812693762889,2218529
2017-12-21,844.771728515625,851.259990819642,842.0322634546462,844.3872740986851,1039753
2017-12-22,837.8509521484375,848.7608214597265,834.3424609592781,845.8771493596367,1536820
2017-12-26,838.3796997070312,842.4168527953311,830.8340550693658,838.1874431469284,1383753
2017-12-27,841.1671752929688,850.8755737753621,836.2649559153328,839.1005787064394,3710542
2017-12-28,846.4059448242188,854.5283009255398,841.2153694235022,843.8587359336769,2380146
2017-12-29,850.7794799804688,865.005644473742,847.3671459484408,860.2956226255006,2616172
2018-01-01,849.0012817382812,857.411993558502,846.0695596374983,855.008933038439,1032734
2018-01-02,841.21533203125,853.5670387987327,837.4665344069774,853.47093985184,1199522
2018-01-03,844.867919921875,850.53910681342,839.0044178114765,844.6276139010012,3960088
2018-01-04,844.0989990234375,848.4725571112784,836.3130483158913,846.1175462429132,1924978
2018-01-05,865.2459716796875,869.3311744568938,842.0323841959396,845.8772809274278,2694063
2018-01-08,887.4981079101562,891.0546484456263,869.9077204350505,871.2534575031063,3798830
2018-01-09,887.4501953125,896.3415186882278,879.6643031751952,888.603676024666,1729594
2018-01-10,889.9011840820312,896.8220087449442,879.5680258890965,887.4500745699569,1583387
2018-01-11,893.16943359375,898.6964720953592,889.7570998177532,893.6019961666988,915497
2018-01-12,883.4610595703125,900.6669946755774,873.0318014024473,894.8996499924893,1291426
2018-01-15,881.0098876953125,888.8438871381984,878.5587781115161,884.2300234507359,614597
2018-01-16,871.5899047851562,888.2671185364351,869.9077627025822,884.3261234103599,963028
2018-01-17,883.7013549804688,884.806786165497,859.7669100343214,872.7914848867695,1479797
2018-01-18,885.3355102539062,891.0548058004505,879.8565207499188,888.0269261968484,2318124
2018-01-19,888.26708984375,890.0934389417913,871.253471692912,889.1322149256555,1343268
2018-01-22,893.9863891601562,896.8220117563143,882.9323129166432,889.132219586914,1132432
2018-01-23,901.00341796875,904.8964226437647,890.1896464680763,894.0345430016492,1507345
2018-01-24,921.8619995117188,924.6976224577303,897.1585273859636,900.6670189635065,1976531
2018-01-25,912.8264770507812,932.3873637402143,908.5009686622958,928.5424673948938,2611485
2018-01-29,876.8286743164062,917.0078317297833,872.7915211851606,912.8265301782759,1520775
2018-01-30,867.7451171875,878.1263264625298,862.8428974007675,876.0597297035403,941196
2018-01-31,849.4818115234375,866.7357961191905,842.0323246331329,865.1017033902051,1590192
2018-02-01,827.0372924804688,851.8849136016318,819.1552426181058,849.6741097626494,1834018
2018-02-02,814.1567993164062,844.4353579686693,812.2343511480086,827.4216799446576,2532888
2018-02-05,816.1753540039062,824.2496598535299,801.6608936651241,810.3119105032371,1407031
2018-02-06,769.8444213867188,802.5260414756902,758.7903440036843,792.0486750974284,4675402
2018-02-07,774.7946166992188,781.955747447643,751.484934000257,765.1343269432377,5037897
2018-02-08,780.9464721679688,784.358805728808,768.979221302753,778.495362633758,2057573
2018-02-09,790.2703857421875,797.143102581815,768.0180252479082,772.8241455560928,2767071
2018-02-12,807.8607788085938,814.1567847134768,793.4904672738785,796.6624949611479,1781070
2018-02-14,795.5091552734375,814.781748164901,793.0099957239989,814.781748164901,1135323
2018-02-15,790.41455078125,800.0267915998678,787.2425230447985,797.8159879452782,872676
2018-02-16,793.1060791015625,797.6238446615492,789.3573398510401,791.5681438195744,589728
2018-02-19,782.8209228515625,802.6221156505258,775.7078411137417,793.874999893456,1260233
2018-02-20,784.1665649414062,790.5106788456638,778.5914772086659,780.5139253005391,740252
2018-02-21,782.3882446289062,795.8453799081409,780.0332342213494,785.1277094147974,1184810
2018-02-22,769.0274047851562,783.8783303182579,765.3747645811316,781.4752698329168,1669008
2018-02-23,776.1884765625,783.2054009017561,771.9590669689533,771.9590669689533,1754473
2018-02-26,789.4533081054688,792.5292368286717,778.735695046218,781.4751601476169,1034951
2018-02-27,794.2594604492188,799.2097880213383,787.386743349549,792.7215253597933,976292
2018-02-28,788.15576171875,796.7587296843676,783.493789341711,791.9526088844099,882036
2018-03-01,772.7280883789062,792.2889756229891,771.1900945960908,788.20377314025,1311644
2018-03-05,759.51123046875,774.7466086731638,758.4057993090896,772.8241605126844,1944252
2018-03-06,743.4107666015625,764.1731843698866,738.6046459451481,761.2895119760379,2526715
2018-03-07,732.2124633789062,743.4107476908788,726.685424764625,742.0650104739293,1288034
2018-03-08,741.2479858398438,744.3719641549711,721.062279803636,735.3364341761406,1345222
2018-03-09,734.8558959960938,750.716095190254,732.45283551213,744.9487500287412,813679
2018-03-12,739.9503173828125,743.6991149260028,731.6838134009881,738.2201256969033,1174238
2018-03-13,750.3314819335938,754.4647923493056,738.7967931495664,740.1425303084206,881387
2018-03-14,751.2447509765625,756.2911779540161,747.399854231836,749.6587662704438,698211
2018-03-15,746.53466796875,761.2894333935262,743.7951442762964,750.7159690408384,834688
2018-03-16,732.30859375,753.5036331500132,730.5303525434321,746.3905509868092,1419793
2018-03-19,736.8743896484375,742.6417343897563,729.8574652801926,736.6821917584986,1196025
2018-03-20,741.8246459960938,743.9874000660532,727.8868975452439,730.5302636307499,975082
2018-03-21,738.0759887695312,749.7548864293768,735.3365232288119,741.7767371920916,758910
2018-03-22,729.0885009765625,744.9486990861384,727.6466647847828,739.1813543190199,729009
2018-03-23,706.0189819335938,723.7535753101364,703.0872606585745,721.879176898746,1701513
2018-03-26,711.4500122070312,715.1507013744475,698.9059912763802,706.0190727950695,1276440
2018-03-27,719.7166137695312,723.609560013489,712.0748697093363,712.0748697093363,949924
2018-03-28,707.3167114257812,726.3970444968444,704.4330392036171,720.1490880154887,2223129
2018-04-02,746.9672241210938,749.6586985339851,711.3058335033772,713.9972492478055,2124403
2018-04-03,757.9251708984375,768.018023522957,736.6340345136146,743.0261979765279,2357152
2018-04-04,745.1409912109375,765.4227978093011,741.1999368975547,761.2895455959458,1480947
2018-04-05,756.1950073242188,759.3670351042529,749.3222315770926,752.6384664387721,660905
2018-04-06,777.6783447265625,810.119658032951,754.8492723998446,757.4445891980483,5616503
2018-04-09,763.0676879882812,786.4735287873234,760.3282229154515,778.399223306678,1897323
2018-04-10,759.0787353515625,773.7854533523928,755.1857892143526,768.018108358462,1135605
2018-04-11,759.0306396484375,767.9219626392243,750.8121265978584,761.2894928327655,1208659
2018-04-12,743.3626708984375,758.1655462352669,742.0650417668793,754.8973606668346,1138426
2018-04-13,749.6104736328125,752.3980465540513,743.9392875312099,743.9873369949993,1070284
2018-04-16,763.5964965820312,766.576268012247,740.9115711927518,741.1038277585485,1703440
2018-04-17,773.83349609375,777.6303432487443,764.2693039950072,764.2693039950072,2205548
2018-04-18,759.8956909179688,781.5232328946463,756.9639691837117,778.5915111603891,1273598
2018-04-19,759.703369140625,764.1730842327656,752.6383961688748,761.4336192849745,892965
2018-04-20,768.8831787109375,770.5172127411803,754.6570151395819,759.3670366825933,1414151
2018-04-23,780.3696899414062,786.185142143307,766.4800499158263,768.0179848661978,2168704
2018-04-24,787.9634399414062,800.6516095369182,782.4364014788712,784.2146425603021,2164708
2018-04-25,783.1092529296875,793.0098490078509,780.0333242059043,782.6286408999857,739684
2018-04-26,761.9623413085938,788.1556975353076,759.078669063451,781.475178433701,2498590
2018-04-27,770.373046875,774.5543481351276,756.579446193509,763.2119157803959,1357939
2018-04-30,780.081298828125,788.1075541551189,771.8628456424598,773.7852935768121,990926
2018-05-02,769.5079345703125,787.6750933635931,765.1343766885116,782.4364103322216,685644
2018-05-03,767.0087280273438,770.3730121391651,754.8011710879006,768.9792255591473,641614
2018-05-04,764.7498779296875,774.0257140522788,758.0213091642531,768.0180633688553,870956
2018-05-07,743.891357421875,756.4833697146703,733.4139912227363,754.5609215070091,1945747
2018-05-08,744.804443359375,756.2910826707658,742.5455902738228,752.4461864104483,1360778
2018-05-09,732.596923828125,749.2741374154666,729.6651435782618,744.9486292456531,1058888
2018-05-10,726.2528076171875,743.5067907721595,722.0234570659715,735.9130974313434,1388309
2018-05-11,723.2730102539062,731.9720757168498,714.7180931898328,731.9720757168498,1188722
2018-05-14,724.9551391601562,746.8710342221736,720.9179867009398,723.3210466566096,1709787
2018-05-15,721.6870727539062,743.0262604007916,695.5898725476357,725.7242258765817,5816366
2018-05-16,736.7782592773438,742.0649917313887,721.0141608560797,722.3598980390396,3129549
2018-05-17,733.365966796875,741.8727769389118,725.2436111084223,737.9798309191401,1404732
2018-05-18,714.8623657226562,738.2681487896687,713.036016488727,734.3752029683586,1185047
2018-05-21,707.7012939453125,716.4003609351573,706.499763734879,715.5352943847256,984687
2018-05-22,711.4019165039062,716.544500521152,697.0797129459343,706.4996971745695,1078032
2018-05-23,706.403564453125,720.82192493045,704.6733142610788,716.3041602471964,744439
2018-05-24,713.564697265625,718.0344128612634,701.5975039860417,709.3833958388385,1013294
2018-05-25,716.688720703125,718.3708630077098,704.6734185275195,714.237610792995,1431158
2018-05-28,752.1578979492188,755.4741330029436,718.5150526735348,718.5150526735348,2532534
2018-05-29,750.7642211914062,767.9221099968867,739.1334307308867,752.1580081478672,2602320
2018-05-30,748.9859008789062,759.751623544872,740.1426265937033,740.1426265937033,1236513
2018-05-31,740.47900390625,754.5129117621686,735.9612973151503,754.5129117621686,1994980
2018-06-01,734.8078002929688,751.5811731495074,732.0682763125137,740.8635005978962,1297715
2018-06-04,743.9393920898438,749.7547860686066,724.1862488828825,736.9705174757446,1801475
2018-06-05,730.7705688476562,748.2168084604984,716.2080013249724,745.3811858381508,1363084
2018-06-06,740.1906127929688,746.7269249951,726.9257318333715,730.5303222391568,1131792
2018-06-07,737.5953369140625,745.9099493790377,732.0682979850296,741.6805396007389,957228
2018-06-08,778.6395263671875,792.0486135363553,733.4619962261576,735.1441383058767,4904878
2018-06-11,778.11083984375,797.7198332096044,773.1124632339775,779.5526758656964,3448600
2018-06-12,821.8466186523438,828.4790885158711,779.552757575498,783.3976540370295,8989742
2018-06-13,838.09130859375,847.7996484475902,828.5751666233818,831.458838897013,6576519
2018-06-14,864.7171630859375,869.4271845681193,829.7286416056666,843.9066968542897,6617748
2018-06-15,877.7898559570312,888.651676505121,866.3032162793297,874.7139271169932,8180351
2018-06-18,867.21630859375,881.4424121266611,852.7979485262474,875.4828115650686,3507092
2018-06-19,863.0349731445312,885.2873329393257,859.3823335588208,867.0240763423146,4731384
2018-06-20,864.95751953125,877.54959097535,861.2568300569851,870.8210219905299,2626824
2018-06-21,864.7653198242188,872.4070047918938,856.4507075573143,872.4070047918938,2196762
2018-06-22,867.8892822265625,874.0410813992337,847.4632696574712,863.1792605667745,3661231
2018-06-25,878.0300903320312,884.3260959116235,869.0907187048771,869.5232225778934,3544163
2018-06-26,867.3606567382812,885.8642230861054,864.6692406395647,881.3465161593355,2312136
2018-06-27,858.9498291015625,872.2147685670529,843.5702435586986,867.6008459694234,2802734
2018-06-28,862.9389038085938,874.5216420508343,847.2229138231567,858.9498004739795,4162515
2018-06-29,868.75439453125,878.3666362469497,858.9498962475427,868.75439453125,2418127
2018-07-02,854.9608154296875,870.8690630710787,849.7221321797281,869.4272268739412,1483033
2018-07-03,868.0814208984375,871.830218181597,846.8383927430948,855.4894092410378,2304392
2018-07-04,897.9755249023438,902.5893886377263,872.4550379477167,872.7433934308418,5674097
2018-07-05,886.8734741210938,909.5102908303583,884.3262066887888,903.5506894428929,3051351
2018-07-06,880.2890625,903.0220370545527,875.6271488522593,886.0564073846933,2783374
2018-07-09,876.15576171875,893.8423085164972,873.3201389076353,886.6811772821961,1890208
2018-07-10,867.8411254882812,885.2873657730167,865.1016603645114,884.2300427666223,1846761
2018-07-11,865.5342407226562,878.943328467672,860.7761697591394,867.9853504103885,2598037
2018-07-12,850.2027587890625,871.2535910947536,847.5113429087259,868.8505307250841,1816416
2018-07-13,832.0355834960938,858.0367431484744,829.344167665672,852.6058033463569,1884162
2018-07-16,786.4255981445312,833.3813765753024,782.7248497948744,833.3813765753024,2929578
2018-07-17,795.31689453125,799.2578901252143,778.9279756462241,789.1650364315104,2386757
2018-07-18,779.552734375,794.9323197634094,768.9792694204685,788.2037511559803,5728347
2018-07-19,763.7406005859375,783.1092897612589,756.6275774128852,782.1961151281846,2616898
2018-07-20,769.6041259765625,771.2862682102365,761.7701258209235,767.9700332158719,3233608
2018-07-23,769.0753173828125,774.7465625862491,762.7312622980007,771.8628905170694,2280600
2018-07-24,789.116943359375,793.9711133720855,768.0180624507219,770.9017347753179,2200804
2018-07-25,766.0475463867188,791.1354715415109,759.3670272612972,790.9913231298171,1812670
2018-07-26,781.3309936523438,784.1666165080186,762.2507185531713,766.1436644615218,3883354
2018-07-27,783.6380004882812,793.6828047458662,779.0721857046942,786.2813669419369,1673216
2018-07-30,793.1643676757812,808.542166951289,783.3961186968231,788.618783100335,2759758
2018-07-31,797.3232421875,802.7392908994393,788.2319543169193,797.9035120385994,2219822
2018-08-01,816.472900390625,819.8579455340102,797.8551521020061,797.9518440653303,3182314
2018-08-02,836.444580078125,838.5239884367363,816.521196352612,817.6334490152179,3951505
2018-08-03,856.9000244140625,866.3781392888395,835.0423273132193,841.4255318738537,4137701
2018-08-06,844.4721069335938,867.8772299736089,836.1061856855558,867.1518631265711,2530276
2018-08-07,838.1370849609375,860.7685513848276,828.4655282038046,848.5824134830392,2701941
2018-08-08,798.4353637695312,855.7393380931411,791.6652739760247,839.5878263511042,13275336
2018-08-09,795.8240966796875,816.2794646975198,778.0284660429724,785.4271722181966,9891077
2018-08-10,782.8641967773438,800.7082313306418,779.5274977908736,798.1935910807586,4015679
2018-08-13,785.2820434570312,792.1004789976147,774.6916772614034,778.0767220434445,1985586
2018-08-14,809.267578125,812.4108343292501,781.0266182684064,788.2319404504033,3243237
2018-08-16,821.840576171875,823.7265416390933,798.8706277351795,806.5111815642174,2434628
2018-08-17,852.3059692382812,855.69101422249,822.5659311627327,825.6608412401093,4311564
2018-08-20,840.7001342773438,862.7029275529371,838.5240338434938,853.0313700691598,2288649
2018-08-21,859.41455078125,862.6062118875977,836.5896993589179,843.3597894115334,3430538
2018-08-23,873.6318359375,887.6555952558684,860.7686754033047,872.3745451840234,5023344
2018-08-24,877.4036865234375,884.6573544691827,856.4163954609812,875.0824891685987,3452744
2018-08-27,880.8854370117188,888.816125893254,876.243101261467,884.7540599753455,1908650
2018-08-28,872.1326293945312,888.5259298817923,868.5057956155133,883.0131307315853,1776205
2018-08-29,857.9638671875,875.7112111349136,853.9985521092735,867.5387330034183,2692725
2018-08-30,864.2987670898438,870.4401825433653,851.0970673757349,855.9328461676424,2421826
2018-08-31,900.8572387695312,908.932965702335,866.3297665494584,867.3452682849454,6888252
2018-09-03,905.3544311523438,926.4384727297687,900.9538845040279,905.7413170462505,4911304
2018-09-04,886.6883544921875,913.5752717688671,878.1773959411488,910.0935347804195,3294233
2018-09-05,873.196533203125,896.069789986597,865.7978272362154,885.3343849222177,3295519
2018-09-06,887.8005981445312,892.2011448305494,873.5833973638956,879.72481252641,3319935
2018-09-07,927.8892822265625,931.0808845057518,877.0168526003014,889.7833207475629,8389509
2018-09-10,913.3818969726562,953.7122437752894,909.3198310918907,933.305281440957,7326442
2018-09-11,909.4164428710938,927.9858430955724,902.5980073673193,922.3280061740458,4039123
2018-09-12,927.8408203125,931.5160592885177,891.7175776292007,908.1592249390667,4140290
2018-09-14,936.93212890625,949.2633646673387,930.4521736021657,941.9130046101847,4037498
2018-09-17,918.9913330078125,945.8782489320936,914.4940355126541,926.9703673162887,2575256
2018-09-18,898.826171875,931.5160834212046,895.9731096393627,922.1830068295541,2383441
2018-09-19,879.4829711914062,908.7394297528062,871.9875148657583,907.1436583404823,3617661
2018-09-21,861.0104370117188,900.9056131158843,825.5641539033311,889.5898786329656,4484082
2018-09-24,832.4793090820312,873.3416393855059,823.629810386356,866.5715491577113,2679422
2018-09-25,853.5632934570312,858.5925151519406,829.3360537795427,832.4309639787563,2487594
2018-09-26,862.4610595703125,880.1116503605095,856.8032225730509,861.7356928255099,2762045
2018-09-27,866.9100341796875,874.3087992903075,844.3269709960603,862.7029302731795,6167183
2018-09-28,871.3589477539062,887.8489407848228,853.0313352638494,868.844307492425,4432773
2018-10-01,866.4749145507812,875.8079327071592,850.6135356406743,875.8079327071592,2129770
2018-10-03,868.55419921875,883.8836530934218,863.2348426566024,867.5386974993494,2085452
2018-10-04,826.6763305664062,865.5076553453109,814.4417874085324,860.7685688260913,2757822
2018-10-05,811.201904296875,838.0888229700031,802.7392912863264,823.0495625116431,2351664
2018-10-08,822.0823974609375,826.9181762695312,791.1817590679228,807.5750610351562,2049160
2018-10-09,840.3616943359375,853.5149895427512,818.2138030064222,830.7868283481283,2676148
2018-10-10,829.9161987304688,855.9327080448194,826.9180399755035,846.2128060476972,2151667
2018-10-11,809.0740356445312,834.0750442582128,804.286603439316,812.4107343954688,1733915
2018-10-12,818.45556640625,824.9838678221935,808.5905657938347,813.3779986382939,1554768
2018-10-15,857.6737060546875,863.1381596464931,821.1152305636095,821.1152305636095,2996361
2018-10-16,867.0068359375,881.1272871229087,859.801513361385,859.801513361385,2574095
2018-10-17,867.2001953125,879.4830256664122,855.9328076225567,870.4401433449729,1609068
2018-10-19,851.3388671875,876.0496853236209,830.9802500196764,858.8343244106788,2574321
2018-10-22,853.4666137695312,864.1053271488703,847.4218902585432,855.9328491559138,1526383
2018-10-23,823.0494995117188,852.0158244909983,820.1963783947381,852.0158244909983,1655570
2018-10-24,832.6726684570312,837.5084467057735,814.3450570881988,827.014772487705,1447748
2018-10-25,823.3396606445312,845.9711283250329,819.2292487945192,825.515761035714,2299649
2018-10-26,827.063232421875,834.1718033074252,811.0567581311121,822.1790488418778,1517769
2018-10-29,859.1727294921875,865.459241447136,824.9837996263207,824.9837996263207,2001176
2018-10-30,847.857177734375,860.1400094894385,843.1664365640688,859.801528562837,1182970
2018-10-31,856.3681030273438,884.8508527480254,839.0559908354816,850.7102062575877,4917307
2018-11-01,824.0650634765625,851.3388680447912,820.2447863722205,846.2613002433312,2610053
2018-11-02,821.9856567382812,835.6225285574001,817.3432621330071,829.819594331307,1361060
2018-11-05,825.660888671875,832.3826330470481,815.3123101766988,821.7922656105383,1225002
2018-11-06,823.0011596679688,828.2721700707515,811.4436371773993,812.3624469040219,1369770
2018-11-07,824.0650634765625,826.9181848091979,822.3241948935913,826.9181848091979,97306
2018-11-09,826.821533203125,832.7211600863073,820.6317123498627,822.0824460782361,1443200
2018-11-12,831.6572265625,848.0021227988806,825.0805204474589,829.8196070837972,1952831
2018-11-13,825.660888671875,837.1700068610495,819.1809332380354,831.512169246046,1001954
2018-11-14,812.652587890625,832.0440481311862,803.8030895040135,829.8196017972703,1465487
2018-11-15,825.7091674804688,826.9181120887857,812.6042197324128,813.377932475636,829607
2018-11-16,836.2996826171875,841.3289048872856,827.3534909264248,829.7230345857556,1154745
2018-11-19,827.4016723632812,846.261207852567,823.7264926381353,839.4911181897465,1287405
2018-11-20,820.7283325195312,833.156319123659,815.3122840196204,826.4829209447498,875924
2018-11-21,821.6471557617188,829.3844017631814,817.7301867795787,824.5002770308586,1226962
2018-11-22,822.7593383789062,827.788559657415,816.7629614326265,824.0166289409092,961754
2018-11-26,817.14990234375,826.7247086812101,806.2694003485673,823.0495287022709,1522060
2018-11-27,823.0494995117188,829.5294544984631,814.3450982242857,821.1151881145114,1956636
2018-11-28,838.1370849609375,841.4254378705618,802.7392108420303,804.6735221934568,4459561
2018-11-29,839.7330932617188,864.6373571851155,833.0113480860009,838.5241484110684,4806533
2018-11-30,857.6253662109375,862.3160480130281,837.5568842838138,841.42550730591,2419585
2018-12-03,871.697509765625,875.2759980277511,841.6673340150833,857.431961731471,2378359
2018-12-04,858.4957885742188,876.2430722194435,849.4528472781575,871.4072936751861,1450362
2018-12-05,831.125244140625,860.5751476126045,820.148050333852,858.8342791231846,3255984
2018-12-06,819.180908203125,840.4583343902192,817.6334826380823,824.01668688201,1720427
2018-12-07,813.6680908203125,830.786758773432,804.8669974303726,824.9838244863067,2335261
2018-12-10,786.0558471679688,812.4108417361965,782.3323210888791,806.6079071523666,2738848
2018-12-11,807.5750122070312,814.3451021297249,775.9490089049194,776.6260297032887,2004151
2018-12-12,794.6635131835938,819.8579076372574,786.2975926751575,809.5093297282987,2342740
2018-12-13,819.4710693359375,826.9181805457838,779.720990935938,788.2319498769752,4847312
2018-12-14,816.1343383789062,828.8524598286169,803.2228330077787,822.9528334933791,2701885
2018-12-17,819.6160888671875,827.40168024752,812.8943451175226,820.1480126825212,1213014
2018-12-18,817.24658203125,820.6316270455807,809.3158933344325,818.5522186388631,892197
2018-12-19,814.3450927734375,822.7110131225613,810.5731619619311,820.1480269262174,1037755
2018-12-20,826.9664306640625,831.4637280701752,811.9271720410512,812.4107498683537,1520946
2018-12-21,830.2549438476562,840.1682912219075,825.0322786919452,827.0633413771696,1800180
2018-12-24,810.7183227539062,848.0505117969996,804.8670421619621,845.2941414696261,3541535
2018-12-26,805.834228515625,812.7977621175837,790.2146386529921,800.8050065236267,1441827
2018-12-27,811.153564453125,814.2484747550772,802.8359893272221,809.5093878211032,1217908
2018-12-28,812.7009887695312,824.0167231827187,809.3159435451892,813.3780096205005,1133640
2018-12-31,816.5696411132812,822.856153897808,809.1709345621034,818.2138178014894,1149648
2019-01-01,813.8131713867188,824.6936729557744,811.4436281278024,820.8250501756658,1122895
2019-01-02,805.4473266601562,819.1809506255041,798.9190251055846,814.3451716961918,1115202
2019-01-03,794.0831909179688,813.1361703797099,791.4235126919274,808.5421807165477,987539
2019-01-04,801.6754150390625,804.6735742154049,793.3578402719004,796.9363283094875,1279403
2019-01-07,793.5028686523438,807.5749716212007,791.6169033197039,806.656161943197,948727
2019-01-08,814.0549926757812,816.0376501233139,794.1799541588781,796.7428814342979,1404676
2019-01-09,810.6216430664062,817.1499446011146,802.7876458064535,816.2794807842852,928337
2019-01-10,810.4765625,815.2156495444814,806.1243613887232,809.1225207642894,737445
2019-01-11,811.7821044921875,814.3450906819489,800.9016029836697,810.9600457681878,824260
2019-01-14,807.3331909179688,813.3295678437944,801.288468015019,810.2830038885088,922667
2019-01-15,821.7921752929688,824.9837771617036,805.6890099577427,809.0257087875324,1071980
2019-01-16,834.8487548828125,837.0732010344017,817.3432024931432,822.4691745765599,1681645
2019-01-17,840.2164916992188,846.2612146610836,831.8505715077987,835.2840213745361,1995674
2019-01-18,833.9783935546875,838.8625182985951,823.8716041352039,832.8177948456148,1824696
2019-01-21,838.185546875,850.8069174938457,828.8524703585288,828.8524703585288,1712240
2019-01-22,837.0250244140625,843.7467692349254,823.049610872234,837.5569483141652,1258723
2019-01-23,836.2028198242188,844.9072213867075,831.0285602853842,837.5568614572508,837289
2019-01-24,839.8780517578125,842.3442870403481,830.0130515971692,837.5568544151316,701634
2019-01-25,836.6380004882812,850.5167197704308,827.0147897661318,841.4254328606569,1345215
2019-01-28,836.8314208984375,842.054084987783,816.5694983522952,821.260238643586,2416180
2019-01-29,832.3826293945312,846.2612909539753,826.9181757321701,835.332442659756,1468995
2019-01-30,838.4273681640625,843.8434169125604,832.7211254575524,832.7211254575524,930968
2019-01-31,846.9382934570312,856.8516397935872,837.5568709714585,839.6362794249856,2347389
2019-02-01,854.09521484375,858.8343016067086,841.7156331131771,850.8069207288723,1032450
2019-02-04,827.78857421875,859.4629228954232,820.6799445172892,853.9501236860551,1352120
2019-02-05,810.1863403320312,827.4016999569468,803.0777105307002,827.4016999569468,1344930
2019-02-06,814.4417724609375,823.5330594421991,778.5603204356668,810.4764577951414,6429178
2019-02-07,795.7757568359375,816.811394862146,783.7830606898725,804.6736017381816,3613894
2019-02-08,803.464599609375,808.8323019505301,778.6570322355376,795.0019872150542,2050927
2019-02-11,793.5513305664062,802.4975216788246,781.4618831171922,794.5184863623433,1689390
2019-02-12,784.3148803710938,797.6616164362529,779.769237043624,795.5338622158952,1711425
2019-02-14,783.5895385742188,785.3304069806379,764.5365599977762,767.0027951594114,1848763
2019-02-15,749.3038330078125,783.3477233836115,741.9050687405517,782.428913718387,2939666
2019-02-18,745.5803833007812,759.2172556175065,735.5219399963232,752.543857401789,2332485
2019-02-19,738.0365600585938,750.5128933672355,736.1022484777504,750.5128933672355,1382541
2019-02-20,737.6013793945312,743.2108711136877,727.8814165789493,740.8413276460558,1452620
2019-02-21,744.5164794921875,746.6442339338507,730.202586295411,735.5702888653894,1554032
2019-02-22,752.1571044921875,756.9445376803079,741.8568712398832,746.5959584423675,1503832
2019-02-25,751.9152221679688,759.0237930585145,745.1934781449866,752.4471460049313,1069147
2019-02-26,750.6094970703125,755.3485834983142,739.0036289499799,751.4799607915365,1303086
2019-02-27,742.7756958007812,761.1516570250193,739.8742282390594,752.4472543398539,1370928
2019-02-28,738.665283203125,748.0950527759309,736.0539505922462,739.9225740067307,2419997
2019-03-01,760.7647094726562,764.5849865923665,743.210867563867,745.8705459467598,2349879
2019-03-05,758.8303833007812,765.6004735995206,752.5438708805233,765.5521276177731,1220769
2019-03-06,763.1342163085938,768.5019187994792,755.3969704751009,760.1844031406748,1395812
2019-03-07,765.9873657226562,777.1096570178717,759.5074102923867,762.1187426634509,1852651
2019-03-08,753.5593872070312,773.5311169921371,749.8841483229253,771.6935565805834,1971916
2019-03-11,769.1788940429688,770.8230704912705,753.6560573153357,755.1551368006558,1413263
2019-03-12,774.3048706054688,784.1698710713497,768.453590118268,768.453590118268,2029769
2019-03-13,738.2299194335938,778.9955549962096,732.1368504499513,775.6588560909656,3638081
2019-03-14,739.1004638671875,756.3158250612009,730.6861967183341,732.7172002578312,3897827
2019-03-15,759.3623657226562,763.666161614081,741.8084651324194,741.8084651324194,3651344
2019-03-18,726.8659057617188,737.7947541359339,715.6952684454612,737.1661383049258,4242821
2019-03-19,730.2509155273438,740.6478395308329,726.8175245229893,729.1387218662011,1909056
2019-03-20,728.6552124023438,734.9417251805969,722.5137375775928,733.1041055255205,1204781
2019-03-22,718.7901000976562,733.1039920949947,715.9369790874932,730.2025251078114,1414802
2019-03-25,705.1049194335938,721.4498759556797,703.122261863052,719.3704673874865,2523406
2019-03-26,710.6659545898438,714.3895392332697,707.1358719115909,708.92508623874,1444465
2019-03-27,699.9307250976562,716.5174130909157,698.5766832477732,711.3431527234186,1881343
2019-03-28,701.0427856445312,708.9251282129873,696.1586611648527,704.86306246624,2916948
2019-04-01,741.0347290039062,745.677064682209,715.6952371787738,715.6952371787738,3236300
2019-04-02,752.2054443359375,757.9116873265807,734.1196185676606,741.8085191972538,2666766
2019-04-03,748.191650390625,763.8595850494214,744.5648163969454,750.9964256246045,2585485
2019-04-04,763.1342163085938,766.4709153803877,745.6770672028757,750.4161538880905,1267750
2019-04-05,762.4572143554688,771.935387960391,756.364144916949,767.679879034487,1350218
2019-04-08,766.6160278320312,775.6589104703261,759.5557436420019,762.1187299883004,1883664
2019-04-09,784.1214599609375,786.6844461002984,764.2464227356496,768.8887581485603,2248850
2019-04-10,778.3185424804688,790.6497775430671,772.8057432346192,783.8796877047778,1951096
2019-04-11,782.7675170898438,786.0075244131962,776.1425235230638,778.5604130044441,877285
2019-04-12,805.3988647460938,808.5421205976996,784.3632294315005,785.2820391019152,4350085
2019-04-15,804.28662109375,806.8012612213258,798.1935522581376,802.7391956540854,776744
2019-04-16,805.59228515625,816.7629207565911,799.2574276539348,806.7044787004993,1338479
2019-04-18,808.3486938476562,810.0895622403804,793.9864558195604,805.6406697889189,1120493
2019-04-22,804.3350830078125,810.3798062943183,799.6926882993753,804.2866779971198,1088049
2019-04-23,839.1043090820312,842.3926622598851,808.5422108487531,808.5422108487531,4467214
2019-04-24,835.8643188476562,839.1042668503128,807.5750144492831,810.9600594200286,2961143
2019-04-25,840.6517944335938,846.164594045696,825.0805513527258,831.7539496774554,2087687
2019-04-26,839.8296508789062,852.4026753141966,832.9628688379864,840.6517686641296,1756524
2019-04-30,843.4081420898438,846.4063602695428,834.6553945441198,839.8296540846552,884555
2019-05-02,848.3889770507812,854.9656238899893,838.5239772767202,841.4254443261207,936068
2019-05-03,842.19921875,851.8707762896888,836.3962842261867,851.0970634926142,848496
2019-05-06,838.959228515625,841.8606956320335,824.0650070391947,824.0650070391947,849572
2019-05-07,826.6280517578125,842.1992361053893,823.5814874578283,840.4583675184714,793964
2019-05-08,823.0011596679688,830.5933083464037,816.279415706466,822.0823499413461,926036
2019-05-09,836.5897216796875,839.4911889225073,807.5750492514903,819.1809182227692,1349553
2019-05-10,808.445556640625,838.5240784012951,804.1417015255438,838.5240784012951,1590833
2019-05-13,773.9663696289062,807.5750311029512,757.3796253180046,805.6407196512076,1594702
2019-05-14,783.7830200195312,790.891590957669,768.4052204412939,770.3395318835627,1569711
2019-05-15,756.4608764648438,792.5357733225594,742.969042249622,783.3961398844737,4169535
2019-05-16,756.8961181640625,762.8441500460376,712.2135666789565,740.8897012116701,10072198
2019-05-17,728.4133911132812,747.6114095178049,721.7883386766131,745.6770979795957,2931867
2019-05-20,734.6031494140625,745.4836517690449,721.5465465880837,744.7099389632357,1925792
2019-05-21,722.8521728515625,750.9963792940404,720.5309756266066,731.1696880184089,1976172
2019-05-22,732.3302612304688,735.9570948746069,717.2910028588751,723.4324175507508,1557588
2019-05-23,725.3184204101562,742.775568781806,722.4652993229286,738.4717141618013,1332580
2019-05-24,738.2299194335938,740.9863485424902,722.4652936408371,722.4652936408371,762430
2019-05-27,718.8869018554688,731.0731004812737,696.3521832857936,718.1615349978794,3299637
2019-05-28,719.2737426757812,729.8641099384139,717.6779120769796,724.3996563417923,1658011
2019-05-29,708.4899291992188,724.3513070295442,706.0236938555497,716.6624070506333,2456808
2019-05-30,719.5638427734375,721.304711232112,709.8922857469128,710.8594414495652,1478014
2019-05-31,721.0629272460938,724.3996262492027,713.32568157187,721.9817369760077,1198282
2019-06-03,720.7727661132812,725.0282746914628,716.8557974393287,723.8193300988542,987180
2019-06-04,715.7919311523438,730.2025751212415,714.0510626468966,722.1751943796512,811822
2019-06-06,708.2481689453125,726.3339939154874,706.0237224478108,723.2874295831342,1094898
2019-06-07,706.2171020507812,712.7937489870312,689.6303582280964,704.0893477103918,1378460
2019-06-10,703.6542358398438,710.3759808892131,698.0930896313849,706.1204714827105,1022190
2019-06-11,704.669677734375,706.8941832529001,698.2864731982272,705.9270274728472,921515
2019-06-12,702.4451904296875,706.0236784140507,698.4315295939903,704.0893669663409,914347
2019-06-13,697.1257934570312,705.5400595719393,681.8930916910847,701.1878590673831,1483612
2019-06-14,699.447021484375,702.058353708245,686.68055430251,699.253578536218,1364037
2019-06-17,683.7307739257812,696.3521447431503,681.8448083943347,696.3521447431503,1427590
2019-06-18,685.7134399414062,690.5492187844345,681.9415088316429,685.4233050169253,976987
2019-06-19,680.6842041015625,688.6148930466837,674.3009997726003,687.5510453353575,1393451
2019-06-20,690.5008544921875,691.9999340876747,679.8137953385831,681.8447987865977,1044962
2019-06-21,689.3885498046875,702.6385942904556,684.5527714544435,691.5163040848944,1844959
2019-06-24,708.731689453125,718.1131116061334,701.1878867534635,706.9908209886646,2572927
2019-06-25,729.670654296875,733.1040453416492,706.5556086745618,706.9908405603504,2389911
2019-06-26,743.45263671875,748.1433184933402,726.2856221588443,729.235435389798,2059502
2019-06-27,740.5511474609375,749.3038949308936,729.3805106882033,742.0502270225597,2342429
2019-06-28,729.9607543945312,764.0529923440605,726.3822665483391,744.7098786138312,3642873
2019-07-01,746.7893676757812,748.5785822770322,733.1040896201426,733.1040896201426,1233570
2019-07-02,736.0054321289062,750.5127665335496,729.8640175098052,747.6112996526209,981115
2019-07-03,727.9781494140625,739.6323644688307,722.4170038165524,738.9069976517642,1312925
2019-07-04,729.5738525390625,734.7965167441118,723.5775346383355,729.9123924402307,1594101
2019-07-05,711.5365600585938,737.4563246466295,709.2153624409456,729.7190779618123,764023
2019-07-08,709.9889526367188,716.323869489819,701.1878596655297,701.1878596655297,964123
2019-07-09,726.38232421875,729.187099544515,706.3138421303196,708.8284825331958,985434
2019-07-10,735.1834716796875,736.9726862164371,723.4325056297833,730.4443848621576,1594455
2019-07-11,728.89697265625,744.032925100403,722.8522490690075,739.8741670784808,1589107
2019-07-12,736.7308959960938,739.5840172779914,727.3011273896456,732.1369061621831,1166462
2019-07-15,739.8740844726562,742.7272054933887,725.8503273159849,739.8740844726562,861865
2019-07-16,753.9462890625,756.3158325691053,735.6186749198458,738.8586822551649,1130950
2019-07-17,746.5958251953125,756.9444025863132,742.7755485237589,754.333070492435,783581
2019-07-18,731.3148193359375,749.5456809970198,727.9781203047539,747.0310997439395,687673
2019-07-19,722.8038330078125,737.9398442511144,717.7746702845008,733.1040654552356,796473
2019-07-22,731.6533203125,740.4544139704166,716.9525411980718,719.1286416220019,781442
2019-07-23,731.60498046875,740.7446141320281,726.5274127703179,735.0383715825417,1286784
2019-07-24,713.8576049804688,732.9105842479908,709.4570583119763,731.6049476534434,970269
2019-07-25,747.6597290039062,752.1570267830643,712.3585446826266,717.4361122904819,2578623
2019-07-26,751.7700805664062,754.3814126470531,736.0054551594967,744.709856074655,1097292
2019-07-29,741.9873046875,754.9337423324741,732.9831950537061,751.4781229501475,1032123
2019-07-30,732.5938110351562,773.8667269016474,728.1647743549208,742.8146923338574,3265104
2019-07-31,744.4695434570312,751.916209610109,731.0363965219856,733.8593304733598,1314423
2019-08-01,738.8723754882812,752.4515584449524,726.802036847766,743.6908029132518,1016301
2019-08-02,746.9030151367188,755.0797434853423,729.1868099898153,736.438780104193,1160643
2019-08-05,736.5848999023438,750.6507920966096,721.3995540220038,740.1865558785404,1237328
2019-08-06,730.8903198242188,750.5047012150781,722.7623095359214,735.9034424365746,1258835
2019-08-07,761.114990234375,765.4953679669646,728.1647798649562,730.6469820308887,3018916
2019-08-08,740.721923828125,770.3624931963604,730.4523829528895,764.9113205398891,3240635
2019-08-09,738.5316772460938,751.3807967901535,734.9786805291632,749.1418895917184,1615690
2019-08-13,728.3594360351562,741.7439228316593,726.1692472866375,737.8502539454039,1188441
2019-08-14,714.7802734375,729.8682407838986,702.8559121476043,727.1426843716001,1745944
2019-08-16,709.9131469726562,715.0722462130243,703.0505676445375,714.4882196622922,1076059
2019-08-19,712.5414428710938,729.4789271634276,708.1610651485255,709.9132043550178,1153038
2019-08-20,716.5811767578125,722.518998585699,708.8911562412062,716.9705080343343,923789
2019-08-21,715.6563720703125,721.7888888455348,711.421971397114,719.3553457273772,935198
2019-08-22,717.7492065429688,726.1692897671352,711.129980931648,715.7537130045621,1029795
2019-08-23,719.0147094726562,725.1958855373333,692.6350651028197,716.435129873124,1197914
2019-08-26,727.33740234375,737.6556017302976,715.4616996640698,725.1958724486149,1501240
2019-08-27,719.2093505859375,735.8061631329091,716.289098676818,730.9877356003262,1040863
2019-08-28,712.6387329101562,731.3283556766744,705.9708486254709,722.2755872872794,823769
2019-08-29,715.5104370117188,720.766914656159,709.1832240087766,719.355447565274,775980
2019-08-30,721.3021850585938,724.7578044270144,700.9090817091527,716.337780829333,1509463
2019-09-03,715.9484252929688,726.1693069592858,710.8379844598103,715.4617166421917,893057
2019-09-04,722.2269287109375,725.0011440630069,708.9397597006258,718.3819187537723,1105451
2019-09-05,745.0048828125,749.4339789150944,721.3021960854242,726.0232460734098,2637041
2019-09-06,752.4515380859375,754.0577003216952,736.876862006539,748.7525643996152,1349319
2019-09-09,746.319091796875,757.9514409755847,744.1775617510267,751.4781918532277,929898
2019-09-11,739.3590698242188,748.5578748370662,735.9034504249961,746.6110403121323,1101660
2019-09-12,738.8723754882812,747.4871540753924,734.6866930612262,742.5226902931565,880238
2019-09-13,743.7881469726562,745.6376636370884,733.5672651603985,742.1333850665283,519219
2019-09-16,748.7039794921875,759.2655339883638,740.4785909914442,743.7881743381444,1522424
2019-09-17,737.7042846679688,752.4515806805301,734.5406784102563,749.5313287503341,1174682
2019-09-18,738.9210205078125,741.7439543353133,732.9831989691482,740.7705370724061,468504
2019-09-19,721.5455932617188,742.4740657812829,714.2449633130335,740.0405224650546,2245346
2019-09-20,736.1954345703125,738.6776366087812,714.6342787080249,727.8240702096449,2689710
2019-09-23,712.5900268554688,744.9561477325108,704.1700039891931,741.7438829565712,2252984
2019-09-24,719.5987548828125,726.55871249626,711.6167209643768,715.4617312666447,1203386
2019-09-25,711.9573974609375,720.3287620111325,707.9663511048932,719.2580268056449,610227
2019-09-26,709.8645629882812,716.3378117706602,706.1655891466404,713.5148778476656,959289
2019-09-27,698.1835327148438,714.6829672247982,695.6526715931119,706.7982517375415,1283523
2019-09-30,696.6747436523438,700.860425980526,683.3875743113932,700.860425980526,1487570
2019-10-01,684.40966796875,706.9443018371314,681.8788067978114,696.9667746855574,1161131
2019-10-03,682.5601806640625,688.2059887743014,658.8574352192106,674.5781474124341,2504322
2019-10-04,668.2509155273438,689.666094174979,665.9146904552604,683.338882301814,1105641
2019-10-07,649.8533935546875,672.4853467492418,629.1196160589867,670.7332074167155,2576192
2019-10-09,663.9679565429688,666.7908906480106,642.4554566827549,647.2252255050172,1500671
2019-10-10,672.5827026367188,680.2240047598021,658.8574829097519,661.9237712031907,1507716
2019-10-11,682.9981689453125,685.2856754890511,664.8439152827016,674.2374145711627,1131255
2019-10-14,697.356201171875,701.2498705041296,678.7638944627518,685.2858024768141,1302216
2019-10-15,701.9798583984375,707.5770074647093,692.5863583743211,698.9135703622804,1438966
2019-10-16,713.3688354492188,715.4617063826194,697.7454998658478,703.7806989314745,1140985
2019-10-17,707.1876831054688,712.5414783664186,699.8870532041734,712.0547697063322,744122
2019-10-18,719.45263671875,726.3152755848512,703.6346070436559,707.1876036280534,1813831
2019-10-22,726.023193359375,728.4567363543621,714.4395643508391,719.2579913634476,712225
2019-10-23,716.5811767578125,729.5762740855257,711.276040534028,729.5762740855257,1362052
2019-10-24,710.8380126953125,721.983653123362,704.4134820149353,716.9218710716846,1003393
2019-10-25,714.5855712890625,717.5545413977532,705.7274981804189,710.8865976638929,971238
2019-10-27,714.8289794921875,719.6474070704041,709.475184274764,715.4617245102269,82202
2019-10-29,714.6343383789062,721.2049051890177,708.6477981868447,714.0015933654541,1708254
2019-10-30,710.5459594726562,721.2048906320075,706.7009493121828,721.2048906320075,647084
2019-10-31,725.2931518554688,728.3107809058687,708.6477410438216,710.4972575396368,1070150
2019-11-01,745.9296264648438,754.398368418659,731.7664173660992,733.9566061776372,2369230
2019-11-04,739.7484130859375,749.14185341914,735.9034032630738,747.7791049866258,737810
2019-11-05,734.88134765625,744.5668609507303,728.4567583082603,742.2306358400663,851794
2019-11-06,750.9427490234375,766.6634019555539,720.5234599759902,737.6069208225018,4844748
2019-11-07,717.8466796875,734.1027622898725,715.7051495065418,725.1959692381824,6219780
2019-11-08,699.6436767578125,723.2490460258152,696.2367162449049,721.3022114470108,1523794
2019-11-11,716.191650390625,720.1826368418025,701.8824067571679,703.7805820352319,1502173
2019-11-13,710.935302734375,738.6290368581772,707.6743785378204,733.9566456912195,3036458
2019-11-14,718.7225341796875,720.1340009400161,701.7364523184278,713.4174582036273,932902
2019-11-15,722.5189819335938,727.9214359988274,712.1034050706752,720.1827566775961,1106828
2019-11-18,726.7047119140625,739.0184651761904,722.5190291849511,722.5676881699924,1357203
2019-11-19,727.8240966796875,734.783994436255,721.0101758644139,726.9479973812254,888623
2019-11-20,757.172607421875,760.238895618698,729.1868606241317,732.2044898394938,2881427
2019-11-21,750.504638671875,767.0040715991407,748.2657910616134,763.1104029160182,1846584
2019-11-22,751.8675537109375,761.1636771352158,746.8057718184091,754.5931102953213,1323663
2019-11-25,760.9202880859375,763.5485265845006,751.4781287310052,754.2036851910179,874049
2019-11-26,766.9067993164062,787.4945990644349,761.5043451608606,764.7166103820491,6429321
2019-11-27,771.4818115234375,776.4949340085125,761.3583080083105,768.026192249463,1435468
2019-11-28,782.9681396484375,784.5743018726756,767.0527914090179,767.0527914090179,1589978
2019-11-29,779.3665771484375,793.3350914974634,775.1321762885447,782.1407926603827,3319942
2019-12-02,774.8887939453125,782.0921053972437,768.9996314352106,781.3133834757936,1387965
2019-12-03,765.1546630859375,777.4197568145855,762.7697787987549,774.8888361661292,628007
2019-12-04,770.84912109375,772.0658926200297,754.3983462933803,761.2122668405464,1552634
2019-12-05,758.9248657226562,770.6058740000769,757.3673623047252,768.9997115968595,829792
2019-12-06,741.5979614257812,765.1060134672313,738.8237458290439,762.1857615074326,1137044
2019-12-09,735.8547973632812,744.615552795951,732.9832045333711,742.1333506392297,1084786
2019-12-10,732.78857421875,739.2131644203813,727.4347787570642,737.9963927245436,1178653
2019-12-11,724.4171752929688,734.9300703774214,717.6519130937139,730.5010334914573,1029223
2019-12-12,728.84619140625,731.9611385976333,721.5455617761373,728.6028370852463,778792
2019-12-13,736.1467895507812,738.336978346139,728.262133652563,733.5185511138172,662206
2019-12-16,727.5807495117188,741.5979225360787,725.9745872529861,733.4699121059468,907081
2019-12-17,734.2973022460938,736.438832147088,725.9259373935516,729.6735701607845,1328747
2019-12-18,745.9783325195312,747.4871768817228,733.7619571490208,735.4167784602558,1247090
2019-12-19,750.1153564453125,754.3497573977662,741.7926503148727,746.6110778891308,1447972
2019-12-20,750.4561157226562,757.3186961380292,746.708423288247,754.3984440963658,1141306
2019-12-23,747.29248046875,756.6372628759177,736.5848900630598,748.5092521057603,799611
2019-12-24,744.8101806640625,750.4073294612516,742.3766377087629,749.5312302322758,425524
2019-12-26,737.363525390625,750.5046575262995,734.9786413797648,746.6109887453589,549975
2019-12-27,750.4561157226562,752.4029504170985,738.5317532191975,739.5051705664187,543702
2019-12-30,749.4339599609375,754.1550098295218,745.6376089440641,749.5312779202733,650533
2019-12-31,743.1554565429688,753.3276793059831,740.1378272370384,746.1243674533002,842865
2020-01-01,750.6508178710938,752.6949705536941,744.9562906906835,744.9562906906835,465429
2020-01-02,754.9823608398438,759.6060925660857,743.8854403444656,752.4514998705481,867603
2020-01-03,756.2479248046875,765.592707127891,749.5313216636695,755.2745075038256,1110452
2020-01-06,741.8899536132812,753.8629734661441,735.9034139805138,750.5046721944129,522118
2020-01-07,737.4122314453125,752.0621492863393,732.5451451584149,743.6907846379452,824059
2020-01-08,736.9741821289062,740.4298609242995,730.1602613241806,732.0097778791045,641773
2020-01-09,738.726318359375,746.9029869871616,736.9741199130848,741.7438878387958,778130
2020-01-10,738.7750854492188,757.8053821354013,737.3636184554483,742.863450067745,1820102
2020-01-13,728.7000732421875,742.7173043234515,720.8154178918949,736.3900926876685,2327854
2020-01-14,732.78857421875,738.7264557420463,730.5010671956474,732.6912562481552,1213631
2020-01-15,731.0850219726562,736.6821712232619,726.8506806524853,732.0097802531172,1220738
2020-01-16,733.9080200195312,740.4299281213363,731.5231356389044,731.5231356389044,1284812
2020-01-17,746.2703857421875,749.5313098837541,731.4744311190899,732.9832160291778,1336060
2020-01-20,713.2227783203125,740.0404096960846,710.6918580094949,739.7970554015446,3214043
2020-01-21,721.4482421875,724.4658119960781,707.9177182051028,713.5148675755797,1619921
2020-01-22,718.7713623046875,727.0940683860114,715.1210474082579,723.4924124723321,904533
2020-01-23,718.2359008789062,724.1737818071618,716.4351027145983,718.7713279015635,718365
2020-01-24,720.4747924804688,724.7091337007565,716.1430738887758,717.7005177045274,507047
2020-01-27,731.9124755859375,739.6998138151794,714.5856004957338,718.3819516475595,1492976
2020-01-28,727.5320434570312,736.5848115893956,725.2931363533172,734.9299904568262,1322275
2020-01-29,725.0498657226562,732.7398863017881,723.7844350914856,730.0629886766404,867074
2020-01-30,708.9883422851562,726.0718604326869,706.2627862059395,726.0718604326869,1153471
2020-01-31,699.156982421875,715.1697090427883,696.9667934758963,714.4883050437261,1117946
2020-02-03,689.8121337890625,704.0240013756487,680.2239385651716,689.5200610941649,1106940
2020-02-04,702.4178466796875,709.4751215698268,692.0996478467598,698.5728961662325,1129876
2020-02-05,703.2940063476562,707.5283478803185,697.4535024887138,701.9311983488319,1189761
2020-02-06,702.7098999023438,719.1119559446076,687.232542669229,712.0546812500581,5687405
2020-02-07,688.7900390625,695.2632876972752,676.5250051797078,689.1794297370261,7357814
2020-02-10,683.290283203125,691.126280557901,677.7904517124879,687.1839523893667,1841499
2020-02-11,686.3078002929688,694.8252009830413,679.980588351772,694.8252009830413,1862531
2020-02-12,684.5070190429688,693.0730789223962,679.9319461057496,689.1794099396861,2266491
2020-02-13,684.7017211914062,689.763443389184,680.9540291106322,687.6219729575123,2356429
2020-02-14,698.5729370117188,702.271910805122,685.7724759733348,685.7724759733348,1845960
2020-02-17,693.6084594726562,711.8113741891566,691.7102839256169,699.4003040750893,1402215
2020-02-18,687.2813110351562,692.0510798357028,675.551643799842,691.9050434675039,1225756
2020-02-19,690.2014770507812,697.4534473178489,685.675122565757,686.2591491403817,894396
2020-02-20,681.0027465820312,689.2767939633211,679.4453026047426,687.3786776824628,1883153
2020-02-24,654.9638061523438,678.4718576985033,651.2161733146322,676.5250230996553,1771815
2020-02-25,651.3622436523438,661.923798136957,649.6587632894913,661.923798136957,2838451
2020-02-26,651.9949340820312,658.0301335802442,646.8844929558534,650.340112691971,2122196
2020-02-27,645.1809692382812,653.455016220066,637.1989355615536,651.3134862951864,1302115
2020-02-28,622.9869995117188,641.8713166994858,618.3146088979149,638.7077108425904,2408425
2020-03-02,613.0581665039062,634.960054426572,604.0053980450724,627.8541204497529,2408228
2020-03-03,632.331787109375,642.9907172940568,618.4119330813418,620.0667541979993,2135990
2020-03-04,646.7384033203125,649.5126185403926,626.1992650107362,635.83611893474,2723269
2020-03-05,658.5654907226562,668.3970415225992,648.2959496490399,650.2427843326707,2089837
2020-03-06,645.8623657226562,655.8885518309928,639.7298487369884,647.322491643657,3466958
2020-03-09,633.8406372070312,646.8843921147879,626.3939718189404,627.8540976273761,1461377
2020-03-11,621.8189697265625,642.0660380216557,618.558045482256,634.7654081499145,1987343
2020-03-12,578.01513671875,612.279434944776,568.1349875258297,612.279434944776,4991398
2020-03-13,589.7448120117188,599.5763617987064,491.3323526587997,535.3794828377213,1820676
2020-03-16,583.0769653320312,616.0271173206987,560.6883673309683,580.0106770581191,2477918
2020-03-17,599.7222900390625,629.0708412529118,580.497301080076,589.1607375912183,2067269
2020-03-18,596.6074829101562,620.4074882044519,589.5988665149033,609.3592256890579,2352295
2020-03-19,618.1199340820312,636.6148612435409,562.6838115759194,578.696536711445,2680525
2020-03-20,624.88525390625,647.419828980427,614.4696768088944,623.6684822690047,2708797
2020-03-23,576.4089965820312,615.1509877698601,570.5197752183362,593.7844691688726,1677165
2020-03-24,576.4577026367188,611.30602802031,569.9844542118801,570.6658581638643,1545462
2020-03-25,551.44091796875,583.3203355565286,543.2641886239123,565.5554692671558,3016481
2020-03-26,543.799560546875,553.971723093475,527.9815305232388,551.4408620547624,3907851
2020-03-27,533.5299682617188,575.873618422575,527.9328191025252,550.0294024483112,4900000
2020-03-30,545.6976928710938,558.2547993058149,521.021589064407,536.8396195591228,2777231
2020-03-31,573.9754638671875,578.5991954715038,553.1443124532002,557.7680440575164,3151209
2020-04-01,563.6572875976562,575.0949411144376,560.1530090086499,574.1701827773537,1298954
2020-04-03,638.4156494140625,648.1985398434146,562.6351438553597,566.9668622952579,6492775
2020-04-07,681.440673828125,719.0146120090187,652.4328542212256,671.6578432117057,8165523
2020-04-08,686.8431396484375,714.9262609883291,679.9805603999266,682.3654443776463,6927854
2020-04-09,769.1456298828125,776.7869311927604,713.9042033850817,713.9042033850817,13732376
2020-04-13,804.09130859375,826.2365510619244,777.7603838273126,782.6274700840542,10064797
2020-04-15,788.8573608398438,831.2983290496758,770.3137147518636,825.4091665870693,7000858
2020-04-16,803.9453735351562,810.3699039636713,766.1280757025787,783.6009281570635,3963315
2020-04-17,800.3923950195312,822.5376391505065,795.865980695821,818.6439698527525,3328045
2020-04-20,788.224609375,800.1489705541834,774.2073773666457,800.1489705541834,2294941
2020-04-21,790.9015502929688,823.0243209510217,770.9464957932693,774.3534563176082,5837165
2020-04-22,785.1583862304688,807.546984581445,781.556789678063,783.6009422841678,3630813
2020-04-23,800.4896850585938,815.0422854337585,789.4414225767517,789.4414225767517,3411965
2020-04-24,854.0276489257812,867.3148189064219,798.8835942355101,802.77726345619,14719795
2020-04-27,872.9605712890625,881.9160218035984,852.4214912350856,876.0268593683496,6448879
2020-04-28,831.6390380859375,877.0489784371256,825.701216381012,876.0755611469623,4121427
2020-04-29,831.687744140625,849.5012684037741,826.1879127677342,837.1388571195893,3285831
2020-04-30,813.0955200195312,854.8551490983818,789.9768574040947,851.642883649089,7643181
2020-05-04,819.2767333984375,842.784726667417,793.3351373506717,804.0427281615398,5482297
2020-05-05,804.8214111328125,844.8775567617942,799.1756026797298,844.8775567617942,3485068
2020-05-06,805.2107543945312,818.3032281808212,795.3305456240257,812.7547380193716,2243112
2020-05-07,791.6802978515625,814.3609096218049,787.2512609091995,798.2022058059271,2230759
2020-05-08,812.8034057617188,817.3298197504914,795.5739085115404,798.2021469755801,2635460
2020-05-11,826.7233276367188,834.9000569851669,809.9318786708561,821.5155686790445,3945910
2020-05-12,829.2055053710938,837.7229067679846,822.5376206140272,827.4047071265362,2001722
2020-05-13,816.9404907226562,840.0591522116798,812.9981624354848,838.1123175599727,2253401
2020-05-14,840.1077270507812,843.36871041338,806.6708690217949,817.670471819692,3474044
2020-05-15,819.4226684570312,840.1077860113384,813.8741779834581,840.1077860113384,1984358
2020-05-18,834.0725708007812,840.0104518435569,815.0909338817941,815.7236788774973,2661106
2020-05-19,818.01123046875,846.8730781024868,811.1973091506841,840.545865449997,3414397
2020-05-20,849.9879760742188,854.6603671098238,818.6439279491593,822.1482063726943,3952756
2020-05-21,862.2042846679688,866.2926487894026,840.2050797189573,846.8729637720946,2666556
2020-05-22,869.0183715820312,874.1288128598869,852.0808852960652,857.5807172934971,2372742
2020-05-26,881.8673706054688,894.7651491838438,869.2616053199183,869.2616053199183,5437014
2020-05-27,870.7704467773438,885.7610971852656,864.3945752500954,881.9160869105702,2493163
2020-05-28,857.7266235351562,867.120064239798,845.1695173924734,863.9077992350361,3226522
2020-05-29,846.6783447265625,858.3593521757567,818.157230087315,846.8730400665843,9473461
2020-06-01,827.1126708984375,852.7135333622814,823.6083330589324,851.7401160867537,5213799
2020-06-02,848.0897827148438,850.7180211836971,828.913450924725,831.201017119681,4740216
2020-06-03,844.3908081054688,862.3016499153568,838.2582912933186,856.6071827496477,3866831
2020-06-04,883.4735717773438,888.7300492840743,845.7536490941478,846.8731028227214,6242195
2020-06-05,878.3630981445312,899.3402889972782,874.2260745194236,895.4466197030594,3694033
2020-06-08,876.3675537109375,887.6592296572032,857.3372580211607,880.9426267489644,2880744
2020-06-09,894.9598388671875,906.0567598131923,871.6951429453412,875.9782025886457,4737507
2020-06-10,903.6719360351562,912.0433605493347,893.5970906410391,899.8269851905358,3077038
2020-06-11,893.8890380859375,907.0301708035399,887.8051803463067,899.4375282270154,1944883
2020-06-12,887.6592407226562,896.0306055592257,877.0976275950752,880.2612337526716,2105897
2020-06-15,918.857177734375,930.5868431107154,889.703320714638,892.6235723143578,6159384
2020-06-16,901.1410522460938,922.8969048166432,893.645727263591,918.5165270309479,2459099
2020-06-17,904.2559814453125,913.990154108672,892.8183285658652,904.4993357618964,1903488
2020-06-18,894.9111938476562,912.0920333965582,890.7741702169888,907.1276288048288,1745711
2020-06-19,890.1414794921875,902.2605369996782,888.0486084906781,895.105884055411,2295673
2020-06-22,910.3884887695312,924.7463932970379,891.8935609035905,897.9287597739586,2542504
2020-06-23,912.968017578125,918.4677891221673,899.4861536819769,910.3884382275949,1869848
2020-06-24,896.9066772460938,919.5872872716421,891.9422136271922,915.0122143175198,1642404
2020-06-25,910.3884887695312,921.1447375669251,896.9066835375862,900.2649255409992,2393857
2020-06-26,902.1145629882812,918.6139995728963,897.490830402153,911.1186738138994,1226064
2020-06-29,900.0215454101562,911.0698665976028,894.5704326974173,902.1144162158123,1254935
2020-06-30,887.5618896484375,910.1451830790302,883.1815117619609,910.1451830790302,1890864
2020-07-01,879.3851928710938,886.7344814388027,867.8501624770788,885.8583821233722,2184216
2020-07-02,871.2084350585938,888.973299795822,868.8235509236639,881.4293161402867,2144667
2020-07-03,876.124267578125,880.1639733161559,866.3414351647,874.9074958995229,2103089
2020-07-06,852.2755126953125,875.5402101368276,849.7933104408215,872.1819085394916,2750613
2020-07-07,847.3596801757812,860.8902031418186,844.1474152695963,852.275425197196,2421820
2020-07-08,842.3953247070312,866.0006933779841,839.085682241704,850.7666894190827,3517313
2020-07-09,844.00146484375,858.5540654778662,839.5724279758044,848.235865780278,2105983
2020-07-10,838.2095947265625,851.6428006996069,835.1920249283718,846.8730322700274,1826593
2020-07-13,846.6783447265625,853.6869610786142,835.5327049029211,845.753586420966,1910103
2020-07-14,849.7932739257812,859.819459891397,845.4615552059385,847.8464393921598,2542417
2020-07-15,834.3646240234375,855.5364493231161,832.3690711202249,851.8374162233777,1623972
2020-07-16,856.1690673828125,857.5805341740323,833.2937636903156,838.8909124661393,1862973
2020-07-17,873.5446166992188,879.7257921375513,846.8729617257754,861.3281833418885,3563919
2020-07-20,841.27587890625,876.7569504198326,839.329044358593,873.5446852987337,2390319
2020-07-21,829.0595092773438,849.257917837802,823.5110188986828,848.8198681792569,2209965
2020-07-22,828.134765625,846.6783532548434,823.5110334631207,829.4001962288737,1982870
2020-07-23,840.05908203125,841.9085985609305,828.670088387689,829.4975286931456,1590020
2020-07-24,831.1036376953125,850.1826514779905,825.6525248503611,843.9527573014683,2150236
2020-07-27,822.9270629882812,830.7630608830657,806.378967806362,828.3781764596058,1904586
2020-07-28,818.838623046875,831.7364019317151,816.6970931608192,825.4578486297673,1232300
2020-07-29,836.4574584960938,839.8157600013524,820.7368050402257,822.5376032467607,2037689
2020-07-30,866.7307739257812,870.6731020456617,840.1077755458133,841.3245471514971,4113177
2020-07-31,901.9197387695312,906.2514574033495,855.3417472427101,870.9650821822202,5233499
2020-08-03,908.8760375976562,927.3445231994119,894.571479753935,896.4820271816819,3944365
2020-08-04,921.7598876953125,928.3243037025854,893.5427598699292,914.0687815001698,2870818
2020-08-05,909.218994140625,935.2806353544303,905.2999467520877,921.9558981533708,3672601
2020-08-06,917.3020629882812,926.6587770112486,906.7696227456922,913.9218725318385,3300867
2020-08-07,862.04345703125,899.813324943549,856.4098262811568,888.3011229759672,12143243
2020-08-10,938.5629272460938,979.1740700987228,868.1180224773636,868.9508559751388,14698270
2020-08-11,938.1219482421875,949.9280662835812,925.8749254191824,945.1762453482216,6022988
2020-08-12,921.172119140625,933.6640829425322,906.2797268050342,933.6640829425322,2723715
2020-08-13,911.6683959960938,926.8547045806606,908.1412772770645,921.1720978444836,2432952
2020-08-14,997.593505859375,1002.8352077225177,913.3339885981811,913.3339885981811,26833773
2020-08-17,983.3380126953125,1014.0535230234467,974.3731677747031,1007.5871186806557,7593651
2020-08-18,961.8322143554688,1002.1984142941565,958.5010001654146,977.8023204550212,6244582
2020-08-19,961.097412109375,988.3837560921147,955.4637813933762,965.0654356971818,6124085
2020-08-20,962.37109375,979.6639146205274,958.5010224158116,964.0856770170527,4884459
2020-08-21,961.538330078125,983.6809245799775,958.2071157761135,978.4881985914814,4143775
2020-08-24,950.4669189453125,972.4136076629103,941.0612293805797,967.0249176456347,4373228
2020-08-25,952.4755249023438,996.5648090089188,949.0953344941893,979.761869035001,7286500
2020-08-26,958.9419555664062,966.2411936504974,944.4904676025702,959.2848483099867,3859285
2020-08-27,963.3018188476562,974.373115286606,955.5127005362117,958.9418668544652,3902056
2020-08-28,956.3455200195312,971.6788169265418,952.3285203454486,964.5755434980392,2531186
2020-08-31,908.7780151367188,969.9641494536513,903.0464327190031,962.126055316652,5062616
2020-09-01,930.6759033203125,935.5747130866055,899.5194253667499,913.3341047876505,3982915
2020-09-02,942.5309448242188,950.3690399994721,921.319075836221,931.1166948052878,3758078
2020-09-03,942.2369995117188,952.8184157159845,934.6928211753719,950.2220228483077,2224188
2020-09-04,925.875,947.0378332228887,916.6162380400158,937.6321428571429,2972431
2020-09-07,906.5736694335938,934.0070024920831,903.0955266665194,929.7940383037992,2220516
2020-09-08,900.9400024414062,918.7716801749805,893.3468480597949,911.4724423900931,1923221
2020-09-09,922.0538330078125,928.2263803681419,896.7270136575813,900.3521443835117,3719749
2020-09-10,943.0206909179688,946.4498570667613,916.6160996122832,923.4254557820109,3696881
2020-09-11,948.0665893554688,953.3082913953835,933.1252209651506,940.5224110607014,2154611
2020-09-14,948.4094848632812,953.2593180526795,938.6118662179995,953.2593180526795,1836317
2020-09-15,980.5946655273438,984.6607012984447,947.4297494085532,953.1613325558448,6025028
2020-09-16,1007.83203125,1012.0939712943417,975.695795357352,985.5424495975835,5342544
2020-09-17,1016.1110229492188,1024.732975342668,989.6574521600296,998.230368619489,3069437
2020-09-18,1063.92333984375,1099.586692522925,1048.737032267713,1053.2439125316037,15274487
2020-09-21,1019.4911499023438,1075.6314271388223,1009.4485918358023,1063.8742859877495,4118958
2020-09-22,1018.7073364257812,1032.2280971704265,997.2015528528664,1019.4911937094646,5220254
2020-09-23,995.9769287109375,1032.3750467298837,981.721405294637,1032.3750467298837,3211053
2020-09-24,959.774658203125,998.3772979618519,951.5936708983794,988.5796797286639,2899900
2020-09-25,978.68408203125,1002.1493292076018,958.2070365730665,967.0248927378493,3803230
2020-09-28,988.53076171875,994.3603568702347,961.1464051869266,988.1878091804747,4089142
2020-09-29,977.9492797851562,993.4784806364802,973.8832443320132,993.4784806364802,2642123
2020-09-30,987.0121459960938,1004.2559312368761,972.1687295315028,979.7618841335377,5227238
2020-10-01,1007.0482788085938,1011.1143147500869,986.6202664276526,1010.1345528171895,4893786
2020-10-05,1017.1886596679688,1026.790373211597,992.1558172718015,1007.5380297939136,2928369
2020-10-06,1005.5785522460938,1032.5220031591027,1001.0226955171174,1024.4389678852,2631466
2020-10-07,1005.1376953125,1017.9235155612482,997.7894815144261,1010.7222899591026,1833860
2020-10-08,1022.1365966796875,1028.749989469132,992.7927159724649,1010.0365611997092,2859013
2020-10-09,1008.370849609375,1034.4815268688526,1004.2558976734764,1027.4272893787877,2443002
2020-10-12,1025.32080078125,1027.7702054653905,1004.2559204976409,1009.154729865922,2276510
2020-10-13,1033.8446044921875,1065.7849348820841,1024.1450583429303,1028.7498909673286,9418725
2020-10-14,1015.2291259765625,1039.9681113450883,1001.8554133305556,1039.527266376472,3491057
2020-10-15,983.239990234375,1020.9118452359339,975.9897884418245,1015.2291786797155,2854331
2020-10-16,1019.34423828125,1024.732928380238,977.8023125072672,983.2399787380807,4437148
2020-10-19,993.6744995117188,1024.8309149863092,989.5594877018856,1023.7532008503638,2712791
2020-10-20,988.2858276367188,1008.9098034035071,982.897137256802,994.4583155664576,2666057
2020-10-21,982.2601928710938,994.3602871318357,968.0046704634221,991.5189539564607,3132940
2020-10-22,973.2464599609375,987.2080670433384,957.8152100277576,987.2080670433384,2891815
2020-10-23,971.3848876953125,989.5594578573629,966.4371023660091,973.8832684259592,2799672
2020-10-26,943.4126586914062,977.4593811530405,938.0729449352822,972.8544887450092,2858748
2020-10-27,937.8770751953125,956.149658480538,930.8227775822533,944.4904679950705,2668443
2020-10-28,922.7886352539062,952.916310859997,916.2242789780396,938.611812378372,2746403
2020-10-29,906.0347900390625,927.3935868629138,902.3606830234945,918.5267538919936,2504089
2020-10-30,890.8484497070312,910.1987459750696,887.076390557026,906.2796986296441,3532104
2020-11-02,894.0326538085938,899.323391515482,881.834607284318,893.5427729023972,3207153
2020-11-03,918.330810546875,922.8867272702752,897.4618941814604,898.4416560746716,4071127
2020-11-04,925.5320434570312,943.2167326590063,920.7801626665272,925.8749361800942,4826211
2020-11-05,917.05712890625,934.4968785857225,903.1444981102951,919.9964145758213,5867246
2020-11-06,898.3436279296875,925.3360538478458,894.6695211404668,920.9761018313209,3841154
2020-11-09,899.3723754882812,908.1902318767062,887.370293181814,906.0837200417272,4269584
2020-11-10,841.321533203125,901.3809241221496,838.0392950451201,901.3809241221496,7111012
2020-11-11,892.6610107421875,894.9145108702608,847.4940127129447,852.3928220349849,7548412
2020-11-12,877.3767700195312,918.2328526772421,870.5674129432595,889.623793609977,7637696
2020-11-13,883.1083374023438,888.7910040869778,872.624933235679,881.7856827981141,3823102
2020-11-14,887.9091796875,892.9549771527257,884.2840488697577,886.6844773706896,429333
2020-11-17,869.6365966796875,896.776011963928,867.579120708646,896.7270358312685,2899346
2020-11-18,866.4033813476562,868.5588693511506,854.3523227007371,867.0892265942114,3051034
2020-11-19,866.5014038085938,873.4087128891065,858.3693326160188,858.3693326160188,2173512
2020-11-20,860.9168090820312,873.7516662845148,855.8710112856787,869.0488210393258,1879772
2020-11-23,866.4033813476562,882.6184278059036,859.7410128095146,868.068988432171,3600764
2020-11-24,877.229736328125,880.8058909510631,861.2106542224523,869.7835702912195,3064711
2020-11-25,876.4459838867188,888.9379479435579,870.3224720941506,884.724983790255,4855946
2020-11-26,881.3447265625,888.5949878956909,875.2212152337628,878.8463459003583,2330965
2020-11-27,873.7515869140625,895.7962280608062,871.4981466679342,884.7249313559804,5128752
2020-12-01,891.3873291015625,895.8452336087474,874.0945681363428,875.9071036590703,2915660
2020-12-02,895.7962646484375,902.2627288622131,884.333038823947,893.5428243102704,3054564
2020-12-03,896.9229736328125,903.6343182064381,891.5832597326721,903.242449356835,1692094
2020-12-04,914.4116821289062,917.5959080003183,895.6002434824273,899.4213384480878,4166124
2020-12-07,947.8706665039062,949.6832021073305,914.1178569326365,919.996428359856,5629129
2020-12-08,929.0591430664062,955.7086764515475,920.9761080753196,951.3487244054631,4416314
2020-12-09,931.361572265625,941.3061787663655,924.9931203666072,934.6927864096932,2446522
2020-12-10,924.0133666992188,939.6405799956203,916.6161767726844,934.6927946672706,1931940
2020-12-11,920.3883056640625,930.7737573524491,909.7578537132971,925.8749481032257,1775654
2020-12-14,922.3967895507812,930.4798246722684,918.1347896976836,925.8749320976196,1434903
2020-12-15,925.287109375,946.4499412850084,922.2008356464951,930.2838708593329,6027383
2020-12-16,940.914306640625,944.3925091882094,923.2296164955236,933.9580211452962,3019484
2020-12-17,950.85888671875,964.5755527816685,941.0612681023795,946.4499583413833,5264719
2020-12-18,952.4264526367188,957.2273095318193,936.2114062827291,953.2592860735796,2190840
2020-12-21,912.8441162109375,971.7277787409893,857.2916080493558,963.1058865285906,7855180
2020-12-22,935.2316284179688,942.579842029445,895.4043465237168,925.8749150460054,4802339
2020-12-23,943.853515625,950.0750389976678,928.8141957633547,938.0239806961642,2054965
2020-12-24,956.4435424804688,961.6362683936244,942.3839238685274,949.3892451079186,2227518
2020-12-28,963.8406982421875,969.9642096668521,955.4637465732299,969.9642096668521,2513101
2020-12-29,957.4722900390625,972.7075751986565,950.8588973987313,964.0856826793937,2122259
2020-12-30,957.8151245117188,962.1261004090779,944.9802686808102,962.1261004090779,1911823
2020-12-31,957.080322265625,974.5691068576729,953.7981440463464,956.4435129543781,3463094
2021-01-01,980.6436767578125,989.5105096956033,955.3657727452166,958.1581299465664,4697860
2021-01-04,1006.1663208007812,1009.4975348014502,980.3986575246481,989.363442008946,3868020
2021-01-05,1018.9031372070312,1026.300385919216,995.4868683390345,1004.206711633009,3524333
2021-01-06,980.3497314453125,1018.9033382205511,970.9440411423078,1018.9033382205511,5558602
2021-01-07,1001.5615234375,1008.8607011780117,973.0504783117034,994.4582502216311,4840991
2021-01-08,1017.776611328125,1026.1535030047155,1001.904398320144,1002.7862078650035,3927080
2021-01-11,1053.7340087890625,1059.6616166040599,1018.952458522199,1018.952458522199,4505994
2021-01-12,1038.841552734375,1062.0618610823099,1033.8446715457233,1057.0650994934952,2300671
2021-01-13,1045.7977294921875,1066.960559647883,1025.4676729148748,1038.8414448965418,2804177
2021-01-14,1083.4207763671875,1090.768990749494,1041.1440257010163,1047.365489958067,4717547
2021-01-15,1071.0267333984375,1090.3279947811386,1055.2525908978746,1090.3279947811386,2772449
2021-01-18,1041.48681640625,1067.9403855906044,1009.1546762920391,1067.9403855906044,3370552
2021-01-19,1067.15673828125,1076.6605015811701,1048.345355444065,1048.345355444065,2381709
2021-01-20,1066.470703125,1079.7465231535793,1060.935025118993,1071.8103570140827,2083820
2021-01-21,1046.58154296875,1077.1501839415603,1043.838281594158,1077.1501839415603,2507526
2021-01-22,1057.407958984375,1066.9606368626216,1035.2653654634828,1049.324923856628,2540352
2021-01-25,1060.00439453125,1081.3631316070307,1028.015145451417,1069.899965530567,3538003
2021-01-27,1050.5986328125,1069.899892558094,1039.8212529424093,1066.9606071389785,2616239
2021-01-28,1028.1131591796875,1055.64444554237,1016.5030042082182,1040.4581355999821,2264954
2021-01-29,987.2080688476562,1037.567854546362,974.9610450687804,1037.567854546362,6117719
2021-02-01,968.3966674804688,989.5595001984075,958.2071199941015,987.5999764356384,3169169
2021-02-02,1011.6041259765625,1015.4741375047704,975.4019130918001,979.7618653526029,3466440
2021-02-03,1017.8255004882812,1046.6795566480644,1005.8234186920632,1016.6987505221404,3785742
2021-02-04,1030.023681640625,1040.2131092096174,1011.1142300792476,1019.4422058114894,1934623
2021-02-05,1048.1982421875,1060.0044208930672,1021.7446709533067,1037.959778197906,3230271
2021-02-08,1050.8924560546875,1065.0010495361248,1040.017124271018,1058.044764852864,2040758
2021-02-09,1036.8819580078125,1058.14274117104,1031.689172641764,1050.8924799504578,1392375
2021-02-10,1047.4632568359375,1051.9701369394293,1027.4760933336886,1036.881901758151,1281670
2021-02-11,1038.6944580078125,1048.3450874630919,1031.6891374753604,1042.074588253628,1439978
2021-02-12,1031.689208984375,1046.385636462785,1026.790399824905,1046.385636462785,962147
2021-02-15,1037.1270751953125,1052.166397428009,1030.1217532302896,1033.6488723819548,2120192
2021-02-16,1074.602783203125,1079.1585798641074,1028.749883416624,1043.397274392958,3822108
2021-02-17,1041.8787841796875,1086.5559010043537,1038.5475699410415,1077.7380442784392,3952229
2021-02-18,1027.9661865234375,1050.7946877189488,1025.0269006836643,1050.3048067456532,2770894
2021-02-19,1001.022705078125,1034.7755131406045,995.4380505119228,1023.8511444733853,2810229
2021-02-22,975.3529052734375,1008.6648076132635,965.1143821531252,1006.2154030294528,3455281
2021-02-23,990.0493774414062,994.3603536233652,965.7023186999005,977.5574135004088,2348666
2021-02-24,987.8938598632812,998.9161806586911,970.0621822609459,995.4380380565675,947886
2021-02-25,1003.864013671875,1019.4422517219529,994.4583234000789,1001.2676805301423,3311836
2021-02-26,997.7404174804688,1038.49848494584,982.9460380370073,990.5881682117749,5624216
2021-03-01,1002.443359375,1013.9555610967384,990.5392289938312,1002.7372759696141,1824557
2021-03-02,1033.2568359375,1036.196121524047,1006.0195279287337,1006.0195279287337,2072406
2021-03-03,1039.478271484375,1043.1523783673254,1024.9288321478584,1040.5070692515344,1746036
2021-03-04,1027.182373046875,1046.1897773303126,1020.0300635237783,1029.729730000362,1614429
2021-03-05,1012.3388671875,1032.1300074600176,1009.1056054480106,1026.7903535567384,1716704
2021-03-08,1029.1907958984375,1042.711557378802,1011.9960470504012,1014.9842489574062,1409325
2021-03-09,1010.96728515625,1037.5188085309135,992.9886783435063,1033.1098800133548,1655727
2021-03-10,1036.3431396484375,1040.0172467377135,1014.1515089092428,1019.932127983005,1598764
2021-03-12,1028.260009765625,1042.4665558748213,1021.7936058014049,1042.4665558748213,1759310
2021-03-15,1041.1929931640625,1046.0428866544414,1005.2357768609262,1022.3816112615756,1473111
2021-03-16,1032.3260498046875,1045.3568100518762,1020.7158963348808,1043.495358302156,1459172
2021-03-17,1000.2389526367188,1031.640249928995,994.4583334778152,1029.4357856429604,1559383
2021-03-18,979.6148071289062,1006.8522328786828,968.0046537743516,1005.235601996442,1717139
2021-03-19,984.7586059570312,996.6627362873111,958.5010004852134,973.7362852067415,1723946
2021-03-22,995.1441040039062,998.9651392659977,979.7618312926287,984.7585927122545,1736883
2021-03-23,994.311279296875,998.4262909844149,981.7213635741986,994.4582674928259,1438957
2021-03-24,991.9109497070312,1006.6562942184588,984.4157474165863,988.4327471984429,1513475
2021-03-25,972.1687622070312,1000.2879411867603,963.7428336402471,990.9312268387808,1449925
2021-03-26,959.1378784179688,983.680900887499,955.2678071367644,983.680900887499,4302151
2021-03-30,985.5424194335938,989.4124307071711,965.0653738750606,969.8662306193795,1875760
2021-03-31,999.7979736328125,1003.472020703662,984.4157009072225,994.3603074240623,1332484
2021-04-01,1006.2153930664062,1014.0044517258677,998.4752507382367,1012.0939640093453,1089119
2021-04-05,1008.1259765625,1010.5264650188304,986.8651908055348,1006.2154886644669,754402
2021-04-06,1020.8138427734375,1025.957592220583,1008.41983209035,1008.41983209035,1688797
2021-04-07,1013.2695922851562,1029.778674076126,1011.1141641936666,1023.8510674247884,1891891
2021-04-08,1028.0640869140625,1035.5591688754066,1013.0736837917204,1013.2695883084224,1219057
2021-04-09,1057.6038818359375,1065.0011316482212,1024.5859553092248,1027.7701813238125,3350515
2021-04-12,1023.998046875,1077.688920585071,1015.033202680396,1056.1831973836554,3872497
2021-04-13,1015.0333251953125,1037.2738724151575,1001.4146109083415,1028.7499917520058,1528367
2021-04-15,1028.7989501953125,1035.3633065702086,999.406035702133,999.6020000267379,1780723
2021-04-16,1034.4815673828125,1047.5124483565526,1022.3815319642482,1032.6690318067251,1745500
2021-04-19,1043.103515625,1051.0395629799211,1007.8810040709893,1023.8511706492824,2241444
2021-04-20,1067.7445068359375,1076.758267972663,1041.6338297390175,1054.2237455310149,3814733
2021-04-22,1039.2823486328125,1084.4983804617152,1035.6082418146432,1077.7379999963175,5134587
2021-04-23,1054.4686279296875,1061.669853176071,1015.6210489830904,1024.8308337416522,4659292
2021-04-26,1041.0460205078125,1059.0246268626138,1035.2654015676196,1053.1949719890943,2024621
2021-04-27,1044.965087890625,1051.235468284378,1029.8276949842366,1046.3856947861198,1349263
2021-04-28,1033.40380859375,1052.8031410131164,1029.8276539306048,1048.3451767673027,1483859
2021-04-29,1034.138671875,1043.3484575340726,1027.9661241460897,1038.5476003671245,1468236
2021-04-30,1047.855224609375,1060.9840563926089,1023.8510609787722,1023.8510609787722,1822879
2021-05-03,1051.137451171875,1060.9841053637424,1038.8904283460856,1046.3856302354352,1472210
2021-05-04,1036.5390625,1056.0363483848673,1028.2601222191633,1056.0363483848673,1639164
2021-05-05,1176.2041015625,1184.5320772920138,1047.316382285209,1056.281227137535,26466899
2021-05-06,1174.0487060546875,1194.5256336216567,1146.8112780108213,1185.4139199176548,9044946
2021-05-07,1172.3341064453125,1215.8844734689512,1165.9166183948848,1170.7174754494195,6631281
2021-05-10,1197.807861328125,1216.4233359150749,1181.1028744509556,1204.1272772295517,4876282
2021-05-11,1173.1177978515625,1221.5670918828127,1168.8558578305708,1195.211474856692,3814186
2021-05-12,1187.71630859375,1201.775867291494,1169.2478215489887,1187.4223321973477,3613876
2021-05-14,1154.60009765625,1208.830002028208,1142.4021126467314,1185.5116263315138,5406128
2021-05-17,1165.0838623046875,1169.835683497755,1146.3213984023228,1169.835683497755,2610218
2021-05-18,1162.8792724609375,1176.6938895422595,1158.1274517811692,1171.7950806765548,1888387
2021-05-19,1182.425537109375,1194.6725599480599,1161.507646020868,1165.8186219800514,2944046
2021-05-20,1179.92724609375,1195.3094593287844,1173.215781728306,1193.05595922946,1837382
2021-05-21,1189.9697265625,1193.251904629872,1181.1028345478217,1186.0995957429072,1248152
2021-05-24,1174.53857421875,1212.5532629055426,1171.4032644838624,1190.018739960337,3053876
2021-05-25,1186.5406494140625,1193.251994240871,1166.994328530339,1185.217875222055,1714228
2021-05-26,1171.7462158203125,1194.6726685789868,1169.1499424222995,1193.9378471418488,1187994
2021-05-27,1178.9964599609375,1182.5235788855043,1163.9571386965688,1179.535376846567,2727038
2021-05-28,1184.43408203125,1187.1773433532537,1166.455476646607,1178.9963561182615,1128334
2021-05-31,1194.819580078125,1200.1103180058183,1170.3745696786584,1183.5523187653753,1983470
2021-06-01,1184.72802734375,1200.1103607480336,1175.7142658124571,1196.289265464175,1062305
2021-06-02,1222.0078125,1241.9949756262176,1186.4914499398676,1187.2753071604332,7160455
2021-06-03,1207.45849609375,1229.4541012076481,1201.6778774108614,1229.4541012076481,1723616
2021-06-04,1206.5767822265625,1218.8238060006852,1198.248806060159,1218.3339250497202,1507257
2021-06-07,1208.5853271484375,1212.6512433117257,1198.3957795733209,1207.0176124446964,1039414
2021-06-08,1211.3775634765625,1217.5499913116205,1193.7418503481101,1209.9079207158582,1034753
2021-06-09,1195.1624755859375,1233.3242716199343,1189.7248690474764,1211.9654153287734,2217064
2021-06-10,1203.931396484375,1217.8439667684252,1196.2892062946476,1196.2892062946476,1049039
2021-06-11,1205.449951171875,1214.8067245469222,1200.2082492685058,1205.1070584491936,1161116
2021-06-14,1168.512939453125,1181.1028547144788,1149.3585483451152,1165.9165467525756,2902671
2021-06-15,1162.4383544921875,1175.5671866984283,1159.156176340585,1168.5129494890189,1221666
2021-06-16,1153.03271484375,1169.0517972489617,1149.5546320192855,1165.916607153693,940258
2021-06-17,1139.218017578125,1157.6375870095148,1129.6653401570227,1147.3010523190578,1287180
2021-06-18,1132.2127685546875,1149.1626963788822,1118.0062217470702,1141.4225538533858,1379262
2021-06-21,1133.1435546875,1140.001887269691,1114.5769968658142,1126.7260670742326,954168
2021-06-22,1135.4949951171875,1142.3044120158395,1129.5184715053047,1138.5812689921277,889616
2021-06-23,1131.0859375,1150.0444235963605,1128.1956880929706,1137.50342498996,1244350
2021-06-24,1116.6346435546875,1135.1521682795692,1108.4536552142856,1131.086132278098,1157636
2021-06-25,1129.028564453125,1137.160635795899,1111.0499580987432,1125.1585529152028,855782
2021-06-28,1140.6876220703125,1145.6843830956418,1131.7718140290663,1134.6620633633756,1302737
2021-06-29,1137.699462890625,1150.4854034407178,1131.9678797336262,1132.6537848189796,833000
2021-06-30,1125.8443603515625,1141.4225982737212,1122.4151937473066,1136.425836570345,1016310
2021-07-01,1123.0030517578125,1130.596206549195,1116.4386948103606,1124.7666710331673,821431
2021-07-02,1137.013671875,1143.3821241517664,1125.7954460889396,1128.6366598863942,1226125
2021-07-05,1134.4661865234375,1142.4022330042737,1126.726044558246,1140.393673519696,744320
2021-07-06,1117.4674072265625,1132.4576915217372,1114.9689667107834,1131.6249178830885,826502
2021-07-07,1124.7666015625,1130.5961367184693,1110.0701738417356,1116.6345303837431,1093022
2021-07-08,1117.0264892578125,1133.9764175275131,1113.009489492113,1126.726155735854,772404
2021-07-09,1124.61962890625,1127.2160217594312,1114.7730939571713,1117.0264744789265,619863
2021-07-12,1127.4609375,1132.5067348965038,1122.8070687595045,1124.7665924397131,461720
2021-07-13,1141.5203857421875,1146.3212422150182,1127.607816796259,1132.6045777782574,1269535
2021-07-14,1148.0849609375,1151.1221986923947,1134.760104361468,1143.871937225985,722071
2021-07-15,1138.2874755859375,1154.0616189810917,1136.131927546944,1152.2000473655487,852834
2021-07-16,1155.8740234375,1158.029451631949,1137.846381775427,1138.2873463605415,989827
2021-07-19,1162.6343994140625,1167.4352563007176,1146.321341025654,1153.081721572182,804486
2021-07-20,1150.240478515625,1167.4353478188916,1142.8922642150567,1166.8964309302464,941996
2021-07-22,1155.5799560546875,1160.5278007657585,1147.3010170508257,1153.1795875907958,874999
2021-07-23,1157.294677734375,1161.9975825695326,1152.2489997631214,1155.5800944548669,828212
2021-07-26,1148.0360107421875,1167.3863083416397,1144.7538322845273,1154.1595226407485,756766
2021-07-27,1095.1785888671875,1155.6222567017674,1079.020837886928,1152.2232707904163,2687649
2021-07-28,1086.65625,1101.434657426993,1072.3212669560094,1095.1784890029635,1356732
2021-07-29,1069.8582763671875,1093.6022286290681,1061.6316530250438,1087.1982516145736,1395326
2021-07-30,1091.04052734375,1110.9420668895357,1064.932008888635,1073.897551550014,1455348
2021-08-02,1107.6416015625,1110.3509761716143,1094.5873420822215,1098.3312532852458,1133501
2021-08-03,1127.296875,1132.518627085528,1109.5135968175275,1115.277151684052,1528382
2021-08-04,1135.1787109375,1141.7304957508743,1123.7994091461564,1137.8880856878661,1152007
2021-08-05,1128.380859375,1142.174041386486,1121.0408439301148,1135.1788314384874,775351
2021-08-06,1133.8486328125,1138.528461739044,1125.6713196905198,1130.104841831456,417014
2021-08-09,1116.9520263671875,1139.3167559240128,1101.4840074639803,1137.3954907275431,1073469
2021-08-10,1103.35595703125,1134.4891122635918,1093.6514932376692,1122.124462889832,1482725
2021-08-11,1035.2274169921875,1074.8828093632897,1020.1042044518846,1063.996001363311,6367364
2021-08-12,961.532470703125,1017.7396688485559,958.7245371823523,1014.7839873320548,9765212
2021-08-13,962.4191284179688,975.3256403104976,939.7096543777534,973.4044353193528,5364503
2021-08-16,953.3057861328125,970.3502642894441,944.3402429345623,962.4191374600371,2287661
2021-08-17,959.9560546875,969.7590769091717,955.3747844955734,960.5964763918253,3133363
2021-08-18,958.4290161132812,965.522664039043,950.7442559159964,965.0792997686523,1850713
2021-08-20,912.9114990234375,953.4536223371551,907.3942507595142,949.7097710056718,3344255
2021-08-23,911.9263305664062,926.7047395111956,901.4336962957057,922.1727181548601,2703012
2021-08-24,925.9165649414062,929.2663616716433,902.2218614157728,918.2318043565385,3109401
2021-08-25,926.9016723632812,932.0248654686658,919.4139702247521,929.8573537548309,1502010
2021-08-26,923.6012573242188,930.7934039093622,920.2514607666742,930.7934039093622,1356807
2021-08-27,926.2120971679688,933.5028027414596,918.8228929246327,923.6012810820888,2000385
2021-08-30,938.4288330078125,941.8771279322506,928.0839482344979,928.0839482344979,885514
2021-08-31,943.6998291015625,945.7195929247729,933.354943724805,940.3008434417094,1286167
2021-09-01,948.0348510742188,951.1875900673375,935.9658181558927,946.8033171029609,1069926
2021-09-02,953.5028686523438,959.512790630501,949.0693462685292,949.6605186664688,1376857
2021-09-03,955.1284790039062,958.5275247209153,949.7589789736738,958.5275247209153,497046
2021-09-06,967.44384765625,980.10399294736,953.552108248716,960.5965066844668,1827279
2021-09-07,974.9807739257812,976.8527295840296,963.6506615806311,971.4339802015664,679480
2021-09-08,967.6409301757812,975.4241890693296,958.8723839368821,975.3749397354362,1616070
2021-09-09,967.2960205078125,969.4635323018529,959.7097592954183,965.5226236339591,1039035
2021-09-13,969.56201171875,972.3206958383092,961.6309452087493,967.0004451888653,694262
2021-09-14,968.133544921875,975.4734395520338,964.5866908749255,969.9561912125527,660129
2021-09-15,974.7344970703125,980.3010547511924,968.4783284627358,972.9611001537431,1189843
2021-09-16,953.7984008789062,970.4487641342005,943.305767580293,965.5226282756512,2960830
2021-09-17,936.90185546875,953.6999678762339,929.9067059879058,953.6999678762339,2486651
2021-09-20,919.9558715820312,927.9854970848464,898.5271805973895,907.3942251427585,3490753
2021-09-21,916.3598022460938,923.1086447020132,900.7932243840371,916.2613035786775,1707370
2021-09-22,926.1135864257812,930.0544953041889,915.9657580905812,916.3598128983236,1577549
2021-09-23,926.4583129882812,933.9953246296707,916.2612361873352,933.9953246296707,1054360
2021-09-24,912.5173950195312,933.0101076378887,909.1675986683846,929.069199052301,1085830
2021-09-27,922.3204345703125,926.9017048074769,901.5321053086673,913.9460036677929,1699656
2021-09-28,934.8821411132812,939.561970448337,914.2908679856366,926.1135947268302,2237837
2021-09-29,933.552001953125,949.8082504156516,931.0396846719789,940.8919564674496,3389317
2021-09-30,937.5421752929688,946.7048363189765,932.2219845167501,936.8525643628356,1396059
2021-10-01,952.1235961914062,953.6999356680375,929.0692555113217,932.0249371301276,1266634
2021-10-04,947.1481323242188,964.3403587668844,944.4880670256792,955.5718728812451,1600549
2021-10-05,949.5126953125,952.7146836494812,940.891957482166,949.6605034429894,723349
2021-10-06,933.157958984375,952.7639440256696,927.2958451650989,951.2368539047226,1112147
2021-10-07,941.9264526367188,947.7393171707554,936.9510673028717,945.8181121038452,693444
2021-10-08,933.3057250976562,951.4831791701113,931.5815774781402,945.8181227059869,902738
2021-10-11,944.3402709960938,947.7885661953492,931.3352599322026,937.9362941974765,625803
2021-10-12,952.0250854492188,961.58180185915,944.0447687289925,946.8033930191016,1103519
2021-10-13,949.0693359375,965.424143299862,945.4732927898702,952.8131872163797,1254976
2021-10-14,932.46826171875,953.8477032116831,931.0396703037544,949.0693153845252,938940
2021-10-18,922.6160278320312,932.468299878647,914.5864020606409,925.128345177219,1494605
2021-10-19,924.5371704101562,931.5322590369949,919.512475925948,927.8869065994694,1702179
2021-10-20,915.9164428710938,925.3253501147755,904.832637447871,924.5371804224893,1305385
2021-10-21,910.6454467773438,924.0445721571638,894.6355055184822,924.0445721571638,1337084
2021-10-22,905.7192993164062,925.9657050511576,900.4976074922199,910.6454350247882,1490587
2021-10-25,914.4385986328125,920.2021533773355,886.7536797798012,906.9508362511453,1886771
2021-10-26,916.0642700195312,925.9657916931592,910.3499640898228,916.3598261629907,1053103
2021-10-27,923.0100708007812,931.3845019330441,916.8524008505879,920.8918684180121,833917
2021-10-28,868.7240600585938,916.2120218384247,865.029458158713,889.2167732365659,3498287
2021-10-29,909.2662353515625,940.8920054065943,868.2314971356662,882.7635987898518,7118661
2021-11-01,930.3992919921875,933.847587228233,907.0001457475933,912.320396736605,1016327
2021-11-02,917.0001831054688,934.9805788526348,914.9804794454996,933.6505462343242,675353
2021-11-03,922.0740966796875,925.7193889604539,908.970527720314,921.975537886415,881906
2021-11-04,920.448486328125,927.0987697455345,918.2317251889884,926.113542572585,63428
2021-11-08,915.5715942382812,922.1233789520277,898.5271762764036,921.1874011167076,602828
2021-11-09,923.502685546875,928.6258789785152,912.8129945534253,918.9214151783233,673669
2021-11-10,928.1332397460938,935.5716928230355,921.1381509205711,924.044583087103,864332
2021-11-11,921.8278198242188,929.955943925228,913.3055808043085,928.133237592178,436182
2021-11-12,934.24169921875,935.965846831334,916.1134945530392,927.0988019666162,731054
2021-11-15,930.7933959960938,945.7196121101863,929.0692483983238,929.2170565315311,1010685
2021-11-16,917.7391357421875,936.6555099870832,915.0790102785544,936.6555099870832,787318
2021-11-17,896.7045288085938,917.7391047403892,894.8325731405888,917.7391047403892,910638
2021-11-18,885.4237060546875,893.6010798746915,877.8374445075525,893.6010798746915,1054094
2021-11-22,858.4284057617188,889.118255608883,855.6205324310956,889.118255608883,1154119
2021-11-23,869.95556640625,875.4728143481814,850.3988316904918,856.1623864179289,805986
2021-11-24,881.4827270507812,887.6896459558496,872.1723186264327,876.6550900504548,841679
2021-11-25,885.965576171875,888.6749510225535,874.0936002165104,883.5517574600256,697779
2021-11-26,901.8276977539062,917.2465275606061,878.4778611096976,880.793120987306,2236599
2021-11-29,879.807861328125,916.8031294726145,872.9112711497411,916.3597652201623,1471865
2021-11-30,871.3350219726562,885.473009249131,864.1921242624408,880.6946810412145,1886499
2021-12-01,858.5269775390625,881.7783146312486,851.2855217801508,876.753680131999,1072115
2021-12-02,862.6648559570312,870.5466730425536,854.8815976651731,865.0294251360848,1015336
2021-12-03,860.103271484375,870.9407697505011,858.1820665832272,864.8323496101682,836962
2021-12-06,845.5712890625,869.8078554092605,843.4037770813143,866.9507324584469,789195
2021-12-07,853.3545532226562,862.9605183088426,840.8914052369241,851.0392332499911,817829
2021-12-08,876.11328125,878.6748478980355,856.605794858088,858.9210547079086,1787822
2021-12-09,874.4383544921875,884.1921274369566,869.9063336061597,884.1921274369566,897841
2021-12-10,870.8423461914062,881.2364811253995,867.5910483243928,871.92607205808,656745
2021-12-13,870.9408569335938,883.1083889697085,864.7339375138207,882.2709698914402,1374176
2021-12-14,929.1184692382812,958.0349227141968,869.5614748750487,872.6649645092583,10436546
2021-12-15,905.2759399414062,930.8425964320164,902.0247023830988,930.8425964320164,1634938
2021-12-16,890.0543212890625,911.2367071542017,884.2414564633688,910.3499785762148,804247
2021-12-17,861.926025390625,893.7981626303676,857.3940041477535,891.1380370602046,1280895
2021-12-20,862.2216186523438,865.4236070914075,840.9406747926225,859.1181288810833,1025474
2021-12-21,862.8126831054688,872.4186478902569,860.1525577537517,866.999898524479,691188
2021-12-22,889.0197143554688,894.7833293901748,862.615638179854,864.0442296055587,1276547
2021-12-23,898.9705200195312,900.5961087278495,885.4728961132757,894.5862471998379,1038358
2021-12-24,884.4877319335938,912.0248446091865,882.3694693687416,900.4484248372903,1353165
2021-12-27,902.9114379882812,904.4385280514298,886.7044392661077,890.4482904274214,1580113
2021-12-28,903.0592041015625,910.349909246327,900.2513307076096,904.4385461992729,595298
2021-12-29,915.8671875,921.0889398034765,904.4385759531195,904.4385759531195,1206098
2021-12-30,923.9952392578125,927.3450355511816,911.3350946983724,911.3350946983724,1055476
2021-12-31,936.7047729492188,942.665385562375,922.2711702224505,927.0988076205257,1433403
2022-01-03,931.2859497070312,942.8623685476106,928.1824601772237,936.9510057353998,773806
2022-01-04,918.5765380859375,937.0988571942023,916.2612782641519,931.3352421056696,382536
2022-01-05,918.2809448242188,925.7193977127334,910.3498783651602,920.2021497760386,453467
2022-01-06,909.5125122070312,927.1480429773371,907.6405564767743,918.2317488589999,637963
2022-01-07,902.5173950195312,917.3943623221596,900.4976912180067,916.2613269504882,666082
2022-01-10,924.4385986328125,927.8376442380841,902.5172951188254,903.4532729135366,982302
2022-01-11,932.0741577148438,937.9362714380303,920.7440451922205,927.9855010150374,1160947
2022-01-12,938.773681640625,940.3500811872801,923.256353766688,934.3401593909286,902540
2022-01-13,944.7836303710938,957.0989703046721,938.5274016047385,939.9067437306976,1769485
2022-01-14,937.7392578125,948.6260065881993,934.5372693412063,944.7836565027453,534975
2022-01-17,928.6258544921875,939.6111614607468,921.4337081977491,937.7392057895188,710204
2022-01-18,929.7589111328125,947.7885566812346,923.1578769338013,928.084012883288,1620486
2022-01-19,945.2761840820312,955.0298966113975,919.3154130666522,931.0396399940482,1270932
2022-01-20,925.6209716796875,945.6210721863544,920.2514713127492,944.6358449679619,965567
2022-01-21,890.0543212890625,924.0939107340165,884.3399551349232,923.6012971092458,1198180
2022-01-24,908.3794555664062,919.7095680816054,885.2266169483904,885.2266169483904,2304612
2022-01-25,902.4188842773438,916.8524269717111,894.5863158508489,898.0838604555046,1482316
2022-01-27,874.980224609375,900.0542680835094,868.9211136009949,900.0542680835094,1677902
2022-01-28,886.4581298828125,908.3794340116177,876.0639954574259,880.2019615219215,1123033
2022-01-31,894.684814453125,901.3350981883074,876.8522258240351,886.950804829312,1179252
2022-02-01,890.6946411132812,909.6602647767343,887.2463459017443,908.3794814391483,1225551
2022-02-02,900.0543212890625,905.1775148966739,891.1380269105214,900.2021294265263,1014602
2022-02-03,886.7044677734375,899.6602293281919,882.7635590277778,892.6158308919271,1420412
2022-02-04,859.315185546875,886.6552406548604,846.7042892715126,873.8965362444346,7628986
2022-02-07,792.8123168945312,850.1525502997661,789.7088272510581,846.3101402777036,5308221
2022-02-08,775.9649047851562,798.8714367753752,772.8614752407719,792.8615750162855,3627659
2022-02-09,789.11767578125,793.009334941765,774.5363263951667,784.2407894982498,2378442
2022-02-10,794.4378662109375,800.0044235067145,788.181698036172,796.5068792483773,1583276
2022-02-11,786.309814453125,793.5512705470346,779.8073389022849,793.5512705470346,1279333
2022-02-14,750.1027221679688,780.0044044657313,746.8022350243604,778.3295061599534,2849642
2022-02-15,752.91064453125,756.4574384273625,736.9499517317507,754.142178541497,2476433
2022-02-16,765.9156494140625,770.6447279478613,755.2751475461449,763.9944443471609,1201353
2022-02-17,760.8909301757812,773.6988833657751,755.7184875413607,773.6988833657751,1532083
2022-02-18,756.4081420898438,767.2948900372159,753.5017099795698,762.4180036329924,1434385
2022-02-21,749.5115966796875,755.0781544448708,741.7282777018465,750.5460732188951,1027437
2022-02-22,741.087890625,743.6987065500689,725.4227545406092,738.9203788204279,1144344
2022-02-23,744.8317260742188,751.7283161304615,742.2208500709582,743.550942804758,995845
2022-02-24,702.6640625,731.038594294993,700.4965505980324,729.068139862931,1977871
2022-02-25,730.9893188476562,733.0090225416702,703.205900321394,703.205900321394,1326234
2022-02-28,734.8316650390625,737.5903492381809,718.1321125155475,726.112428586369,1245957
2022-03-02,717.3931884765625,738.2799563908768,712.3192444935084,730.0533335680356,1187558
2022-03-03,708.8709106445312,728.230647545968,706.457092181309,728.230647545968,866031
2022-03-04,693.9447631835938,708.3783659024599,692.4176730306704,704.4374570518203,1472959
2022-03-07,690.4472045898438,693.1565793696603,668.7722063513107,686.7033532844326,1348569
2022-03-08,697.9349365234375,700.9891166324586,682.269800798282,690.447174109671,1448596
2022-03-09,728.4769897460938,730.2503866161313,702.2699110808936,708.2798328665965,1971153
2022-03-10,728.624755859375,741.4819586537336,726.1124385532237,733.0090288786953,926663
2022-03-11,736.8515014648438,743.3539774126676,726.6543631100965,727.0977274096073,1375395
2022-03-14,734.1913452148438,750.6446520137414,726.1124698868254,743.846560060452,1311545
2022-03-15,727.0484008789062,746.7036949133312,722.3685718294477,736.013944057103,1167960
2022-03-16,738.5263061523438,739.9056483251239,729.0681488157014,732.516444114154,931860
2022-03-17,754.0435791015625,759.7086352433813,739.9055934792904,739.9055934792904,1488416
2022-03-21,743.9943237304688,765.4722640747692,741.5805051299649,755.5214335475582,1072681
2022-03-22,746.0632934570312,754.2899164823602,739.5608180230523,746.950021985981,1261865
2022-03-23,735.2750244140625,758.6249203529227,732.5656496985164,749.1667635811411,1304255
2022-03-24,763.1569213867188,766.2604109424866,731.2355980138583,733.9942219892671,2161602
2022-03-25,745.1765747070312,767.5412443550193,737.5903733123341,767.1964388856228,1026805
2022-03-28,741.2849731445312,754.6840390800207,736.4573357863127,742.8613126192372,856392
2022-03-29,750.25048828125,755.6692377041612,740.5460247317976,742.8612845227348,2037295
2022-03-30,738.0336303710938,755.6692203224997,734.3883380408694,752.3687334396772,2245552
2022-03-31,736.0139770507812,742.0238991269608,727.9351018818085,741.9745896595397,1413277
2022-04-01,754.19140625,755.5707483553248,724.9301469788529,733.9449997287728,1096987
2022-04-04,778.8713989257812,780.4477986230135,750.989479474453,757.63976348423,3218546
2022-04-05,764.7333374023438,783.7482096577243,759.2160291989497,782.7629824928497,1219898
2022-04-06,761.383544921875,774.3885555921054,759.6101480426377,763.0091938057142,919222
2022-04-07,773.0092163085938,775.3737855784952,756.6544692811746,763.5510594959769,1301142
2022-04-08,770.4968872070312,780.1028520015186,766.7530360317759,780.1028520015186,790354
2022-04-11,773.8959350585938,778.5265147425495,768.4771856724419,772.4180943169159,526049
2022-04-12,762.1717529296875,777.7383911041337,754.2899351739162,773.8959808947963,701114
2022-04-13,761.58056640625,768.1323508304118,754.6839765422866,765.5214748999434,970871
2022-04-18,758.772705078125,769.2160886970803,753.3046463504296,763.5017833181521,675700
2022-04-19,758.13232421875,771.728447441198,749.7578930870288,763.5510737745695,1627429
2022-04-20,765.7185668945312,785.7186663755743,758.6249192591753,758.6249192591753,1613702
2022-04-21,770.8909912109375,774.3885355470788,757.639674091226,774.3885355470788,936009
2022-04-22,743.058349609375,772.368858152314,737.5903507986517,764.5362900611995,1161567
2022-04-25,714.683837890625,741.3342217342,712.3192685474424,736.9499486493595,950013
2022-04-26,747.393310546875,749.2652662318843,722.1715189322435,723.1567461067759,1380761
2022-04-27,731.6296997070312,745.3243819347767,729.5607466261761,744.7332696641029,559308
2022-04-28,737.59033203125,743.3538868219995,728.1321152838364,737.5410225668131,756967
2022-04-29,733.6494750976562,756.5066985469273,731.4819631820192,738.9204166832645,919619
2022-05-02,730.8907470703125,748.7726441383293,722.8611817691885,729.0681008715312,474601
2022-05-04,716.0138549804688,741.3342056009043,711.4325245278148,732.3686021588227,715797
2022-05-05,715.6197509765625,733.4031500013614,712.8118775165922,720.6936950979781,529753
2022-05-06,713.1566772460938,718.2306213266969,701.5802577665481,709.8561902138342,699658
2022-05-09,722.2207641601562,727.2947081335626,703.5506972821637,713.1566621792673,703947
2022-05-10,703.8955688476562,732.4671569893145,701.2846927744172,722.0237128298529,759189
2022-05-11,706.2108154296875,713.9448847066762,690.6934876779602,708.3783272058338,1815949
2022-05-12,683.8954467773438,704.3389100367573,672.4667758148771,703.4521815528313,1338840
2022-05-13,686.0629272460938,697.7379054858793,680.7919858518688,689.6590305301131,894546
2022-05-16,674.9298706054688,690.0038344991729,662.5652814686998,687.6885746693717,1174257
2022-05-17,680.6934814453125,682.7624344660541,665.0775945913527,679.806752931569,1027474
2022-05-18,673.2056884765625,692.2698695950569,670.6441219821642,680.7919494332699,1432014
2022-05-19,625.4714965820312,645.0775429409284,610.8408959501728,625.865611536044,7828844
2022-05-20,628.9690551757812,636.4567576833641,616.7522141018358,626.6044858925999,2631657
2022-05-23,609.3629760742188,640.8409947065295,607.0969657161625,632.3187560322081,1858512
2022-05-24,591.9737548828125,616.8014930128531,587.7372898363228,609.0674833396162,2265789
2022-05-25,581.5303344726562,600.2004012867449,574.3874375223356,593.5993672507842,1315217
2022-05-26,591.6289672851562,595.0772626814894,575.6190243736096,582.466365830171,982546
2022-05-27,596.8013916015625,599.0181528580273,587.2446754914372,596.062471182741,920769
2022-05-30,603.8457641601562,607.9836702195348,600.0526034277326,601.3333867381829,964272
2022-05-31,609.4614868164062,615.766964587176,594.830887791212,600.9885574370837,3069486
2022-06-01,598.9688720703125,614.8310055079949,595.3235195021853,612.3679375745974,1686662
2022-06-02,603.648681640625,605.4220784686761,593.1067391995817,597.0968970960698,894347
2022-06-03,602.12158203125,612.7127736343947,597.2446957314758,603.5994227200608,1497965
2022-06-06,596.5057983398438,604.338366318627,590.1510711067369,602.1216052001125,1548501
2022-06-07,600.6437377929688,601.9737703516422,589.2150671202733,595.8653501806228,864321
2022-06-08,604.1412963867188,605.8161945572725,594.0919674968887,597.1954570521352,908704
2022-06-09,609.2644653320312,618.6733721510818,600.0033064985265,603.6486588110121,955120
2022-06-10,609.5108032226562,614.1906322068218,602.9590185914273,604.6339167808799,489515
2022-06-13,603.205322265625,608.3285154695899,595.0771982824623,602.9590154782564,795186
2022-06-14,600.34814453125,610.8408378148542,597.5402711850146,598.5254983427806,801599
2022-06-15,604.6339111328125,607.392535113116,599.0181043775742,605.2742726971994,524096
2022-06-16,594.0919799804688,609.1659435652147,591.3826052790653,606.4073195323026,1304335
2022-06-17,588.771728515625,596.6042964876445,584.1412089566329,591.1362977600628,908185
2022-06-20,597.8358154296875,600.9393049683969,586.2101472256916,589.2150779704862,621098
2022-06-21,620.5453491210938,625.5207947583061,599.9541360159153,600.9886125846483,1735545
2022-06-22,604.0921020507812,626.6045202745412,600.2496917881513,620.5453487373551,1283868
2022-06-23,619.5108642578125,622.4665459194753,604.6339572808422,606.3581049168122,556155
2022-06-24,620.10205078125,627.7375619142987,612.0724246976122,624.4370145702364,1133553
2022-06-27,620.693115234375,631.4321154084944,619.215274483817,621.037920689441,819634
2022-06-28,624.0921630859375,625.9640586295089,612.3186863735367,615.7669814697673,503079
2022-06-29,611.4813232421875,623.2547408975822,608.8704469486357,619.6586974770954,585868
2022-06-30,601.9246215820312,610.545360322696,598.5255754232974,605.9147800581529,1191662
2022-07-01,619.0181884765625,621.2349495001696,599.7077609465373,604.0427242014963,908035
2022-07-04,619.0181884765625,624.7818032180357,612.0230999665766,617.6389065864129,386921
2022-07-05,618.72265625,627.7867581453293,616.3580870134815,623.6487920481687,707377
2022-07-06,620.6439208984375,624.6340792518163,611.9246236174253,616.752261217093,528205
2022-07-07,623.6488037109375,641.3828929159878,613.1561102112181,635.4715298476377,1702861
2022-07-08,625.6192626953125,631.776932603731,620.7423761011461,630.5453986220473,679920
2022-07-11,633.0576782226562,635.0773818056555,622.2694291587928,622.2694291587928,551206
2022-07-12,623.9443359375,634.4862783656148,621.6783255414641,633.7966073406928,440534
2022-07-13,637.4420166015625,641.3829255140914,623.5010272700921,630.0035630558635,908379
2022-07-14,637.6898193359375,648.1981699249183,631.5433993372086,644.2327454751029,1202079
2022-07-15,635.310546875,640.6143384347026,630.6016052933185,637.6898257719326,566608
2022-07-18,639.8212890625,643.1423079912928,632.98090736407,636.5497653325513,708007
2022-07-19,638.2350463867188,644.3814663208324,635.0131390551146,639.4246858106721,786644
2022-07-20,651.816650390625,656.1290253194566,638.1359480048541,641.4074111068203,661743
2022-07-21,644.3814697265625,659.5492060663036,641.4569571085962,654.2950307992788,1012272
2022-07-22,633.9226684570312,648.3468875697986,630.5024778201712,647.3555314725971,868452
2022-07-25,626.9832153320312,637.7889611687012,620.5889560001625,637.7889611687012,820286
2022-07-26,622.3237915039062,630.5024793253435,619.5975622300939,630.205084596988,695563
2022-07-27,635.01318359375,636.2028231011425,617.7140062984439,619.5976072274468,584598
2022-07-28,636.0540771484375,639.4247122376825,631.7417021294002,639.4247122376825,485945
2022-07-29,638.532470703125,643.0431895824411,625.5457293677758,636.5497584071891,1231092
2022-08-01,635.6079711914062,646.8102827286169,629.5606628340994,643.4892035754245,1124106
2022-08-02,633.1295776367188,635.4096844937849,623.8603620875107,634.0713174961614,1140729
2022-08-03,622.175048828125,638.4333126705916,619.2505968112358,633.4765322927143,1186040
2022-08-04,654.2454833984375,658.5083026122899,597.7877402712996,606.7099453499757,13258447
2022-08-05,662.3250122070312,664.2086130740032,648.29735914591,653.2045841350616,2986757
2022-08-08,660.8875732421875,667.2322160253957,652.4114301173324,664.2085919991533,1379795
2022-08-10,664.059814453125,666.9843268517737,654.3940931320867,660.8379073461123,893159
2022-08-11,684.2835693359375,688.0011548267158,666.3896032751729,667.1826760783571,1089880
2022-08-12,676.947509765625,688.0011548279226,675.113525126535,687.4559210574561,751684
2022-08-16,677.6414794921875,683.9366273052116,669.1653965704769,682.0034707247148,844454
2022-08-17,682.0034790039062,686.5141374081046,673.4777797654828,679.0789662448399,1022273
2022-08-18,682.8460693359375,686.0184209563256,672.4863859931023,682.0034408542666,890706
2022-08-19,682.9948120117188,690.429982922999,679.0789432302627,679.0789432302627,1078615
2022-08-22,676.9971313476562,683.2426629201944,670.1567497873289,678.0875988972381,974313
2022-08-23,689.4386596679688,693.4536400499445,669.1654139152431,669.1654139152431,1372908
2022-08-24,671.742919921875,697.7164638062605,669.2645294845782,691.9666100932479,1473249
2022-08-25,659.1527099609375,675.1135193279212,656.2281972984571,675.1135193279212,2373005
2022-08-26,647.0581665039062,666.1913279583371,645.224121335189,666.1913279583371,1655489
2022-08-29,656.2282104492188,658.6570450991924,629.1641998679148,634.4679310258028,1442822
2022-08-30,663.3163452148438,666.1417464167746,655.9803463472286,659.1526979826506,1281083
2022-09-01,654.989013671875,663.2172575307561,652.8080180627846,660.2431891113357,608875
2022-09-02,648.049560546875,659.5492682728104,646.4137986125672,655.9308544445371,531472
2022-09-05,647.5042724609375,651.8662030741519,645.3728326049111,648.0495062241423,341865
2022-09-06,646.909423828125,653.3036829018969,642.9935550536774,647.8512242433834,393872
2022-09-07,660.54052734375,662.0275614262472,641.5560951950786,646.9093815875254,693918
2022-09-08,660.9866943359375,667.1826700983665,658.3100207050529,667.1826700983665,477250
2022-09-09,662.7711181640625,667.8766263561253,660.2431721739207,663.2172405170464,584825
2022-09-12,665.8443603515625,668.9670958163433,661.8789358825769,662.7711200835535,315997
2022-09-13,668.12451171875,669.2149793171559,662.7216084192017,668.1740674263904,528712
2022-09-14,660.6397094726562,665.6956012283233,657.8638640696669,660.2431428414941,417992
2022-09-15,657.1699829101562,665.0016597958156,651.6183524454668,663.9607479923034,540944
2022-09-16,626.685791015625,658.0126199823774,624.5543511697141,657.1699914893849,2005747
2022-09-19,635.7070922851562,640.2177503901092,617.6148436548185,627.5284045481542,1154043
2022-09-20,665.4478149414062,668.1244886449207,636.6984866236397,638.9290379586388,1894583
2022-09-21,655.6333618164062,676.0057789874177,654.2950552246594,664.2086166674572,1271390
2022-09-22,657.5665283203125,659.7475239721492,648.346928140925,650.1313571260358,703087
2022-09-23,642.7456665039062,662.2258369587913,641.4073600484102,660.5405195835796,532388
2022-09-26,648.29736328125,654.6916225195638,631.9895425905356,637.937679461976,1019861
2022-09-27,650.6765747070312,655.3359606409185,638.6316339768287,654.1959373907351,799635
2022-09-28,664.4069213867188,666.5879170758614,640.7630402799449,645.3728707022785,1166934
2022-09-29,649.1399536132812,668.2731139893101,639.2263927440877,667.7774359458505,4410562
2022-09-30,673.973388671875,676.8979011307931,654.2949952157629,654.2949952157629,4009424
2022-10-03,715.8582153320312,720.4184896948245,673.0812359380053,673.1307916414713,6624301
2022-10-04,735.8341064453125,744.0623504347313,705.9943103667621,718.7332127623463,4221009
2022-10-06,716.94873046875,738.5107252481849,714.6686235820946,738.5107252481849,2058528
2022-10-07,714.966064453125,721.6081627315065,707.134326698267,711.4467622370473,1521206
2022-10-10,701.0870971679688,712.4876931496772,697.4190672288598,711.992015063516,862977
2022-10-11,675.06396484375,703.8628481488902,673.7255977715974,701.8801359005834,1687438
2022-10-12,673.42822265625,679.4259152806059,667.4800857380303,678.4841753412833,696667
2022-10-13,681.2103881835938,683.9366175380965,671.1480992721259,673.4282062671039,1220383
2022-10-14,684.6801147460938,692.7100749539795,675.7082936340113,688.0011334784426,1099831
2022-10-17,684.6801147460938,689.7360066536404,680.1693960845199,685.0270651781035,441511
2022-10-18,687.8028564453125,689.9342962830725,676.352705485836,688.1498673880694,682092
2022-10-19,683.1930541992188,691.9169754416301,679.4754689674322,688.992462957777,478399
2022-10-20,673.8247680664062,685.4236467925929,665.4973524405349,666.1913138272868,1593310
2022-10-21,672.9324951171875,682.3999335812865,669.16535411406,674.6178125549894,435914
2022-10-24,674.8656616210938,680.6650705733831,672.9325051344725,676.1048567397517,79098
2022-10-25,678.583251953125,684.9775109138037,670.2062807880543,674.8656665698902,931457
2022-10-27,697.2207641601562,701.3844720675853,679.1780702330153,681.06167111015,1025154
2022-10-28,690.3804321289062,700.7400552662476,687.0593527937004,700.7400552662476,603938
2022-10-31,692.9579467773438,699.4513174389064,682.3504239025557,688.9925221892045,686201
2022-11-01,703.1193237304688,708.6213380606831,693.9492796775863,693.9492796775863,790993
2022-11-02,701.3348999023438,710.5049440215856,698.6086705695961,703.3671678488768,662770
2022-11-03,705.9942626953125,707.8282472561821,695.2380128295223,698.7573148425166,502147
2022-11-04,704.5072631835938,710.1083890548588,696.4276864614726,707.8282820405573,790358
2022-11-07,703.714111328125,717.6922688005073,700.4426482626994,705.8455511702225,1088511
2022-11-09,688.2489624023438,709.2161678150377,682.1025425703364,706.8368890066563,1396214
2022-11-10,713.1320190429688,747.4825336866389,701.483584333661,711.0006396347482,11685941
2022-11-11,740.5430297851562,742.5257420469638,718.7331949052721,718.7331949052721,3270406
2022-11-14,752.9349975585938,754.2237484548743,731.0260507990903,742.5257579610095,1644409
2022-11-15,747.036376953125,756.8012708413578,741.8317574288242,754.4219919986477,743769
2022-11-16,733.256591796875,750.3078689672539,725.9205321714222,745.9954939692662,1832877
2022-11-17,729.7372436523438,740.2456552309932,723.7891067047385,733.6035568713183,647445
2022-11-18,714.8173217773438,733.6035324462321,712.7850538227578,729.7372193559851,870179
2022-11-21,714.6686401367188,718.3366093183336,706.8369027059512,714.7677515441666,706128
2022-11-22,713.528564453125,720.5671686733212,707.8282667864277,718.2375060038751,1107748
2022-11-23,712.8345947265625,723.0455504997839,711.0997215439617,719.7245317532636,1211257
2022-11-24,712.8841552734375,717.1470349571347,705.2507616241941,713.9746833001689,641142
2022-11-25,713.528564453125,716.4035213924026,701.9296857950256,712.884158774729,851624
2022-11-28,727.3084106445312,728.547605741719,708.9683232061508,713.528536960773,1247826
2022-11-29,744.95458984375,752.7862671118479,733.6035498426422,737.5689744363863,3703760
2022-11-30,759.4779052734375,762.3528622469702,741.0387055001434,745.8467585167459,1964647
2022-12-01,763.6416625976562,767.1609649777474,755.6117016454717,760.9154330696506,794733
2022-12-02,769.2923583984375,772.2664267943077,755.8099392068563,763.2946659016144,956797
2022-12-05,763.443359375,771.2750972908823,754.7689929208931,771.2750972908823,734449
2022-12-06,761.0145263671875,762.9476223358046,755.4133402580452,758.3874085267777,370587
2022-12-07,763.2451171875,766.3182970216842,758.9326816694423,762.3528724575358,274616
2022-12-08,748.3251342773438,766.9130613112009,746.4911496796999,765.5747547677931,527266
2022-12-09,745.0040893554688,754.2236887389919,740.1464203915057,748.4738356132787,526842
2022-12-12,745.4998168945312,750.3574861810503,739.4029524336529,741.1378256777558,594255
2022-12-13,737.4697875976562,748.4738155167952,730.6294066700372,748.4738155167952,744159
2022-12-14,752.1914672851562,754.9176966558767,736.676719572389,737.5689642967462,668745
2022-12-15,744.3597412109375,756.9995321266039,740.3447609039472,752.1914790009304,306953
2022-12-16,722.9959716796875,749.2173519027059,720.6167534098792,741.236947619415,899068
2022-12-19,722.3020629882812,725.722253789783,717.8905765494331,719.7245612145109,393415
2022-12-20,719.6749877929688,723.6899679795594,711.79369453332,720.6663439134887,386644
2022-12-21,744.8554077148438,751.2496668861272,715.8582407705463,721.211588101755,1647711
2022-12-22,759.6761474609375,764.3355331105971,742.376971866842,748.4738359254226,2196207
2022-12-23,750.208740234375,782.0808635434972,745.5493543910673,763.3442087617691,4165329
2022-12-26,735.7844848632812,760.6179422345265,729.6876208495747,753.9758444856071,1798553
2022-12-27,735.288818359375,745.4502182031704,733.6035009179137,733.6035009179137,712581
2022-12-28,726.56494140625,741.0882725966242,719.2784374506685,736.4288866230182,1310549
2022-12-29,729.7868041992188,733.6035009131022,718.9314429963548,726.5152807215205,1528692
2022-12-30,727.3580322265625,738.5603448182634,724.8796418077093,738.5603448182634,589367
2023-01-02,726.5152587890625,729.7371659593215,716.3043035509868,728.5475871025138,518472
2023-01-03,731.5712280273438,733.6530515828947,722.0046176956009,725.6726472765187,631593
2023-01-04,728.2501831054688,735.3879592862396,723.6899691467524,731.5712624191124,704874
2023-01-05,736.4288330078125,738.4611613590578,725.6726438424124,729.241501494346,618678
2023-01-06,731.7199096679688,740.4934474150798,727.4570905601009,735.6853340487897,608556
2023-01-09,743.3683471679688,750.7539622123575,734.5948698885243,735.387942666781,1247543
2023-01-10,752.2905883789062,757.9908862274219,743.5171106759608,746.4416234128017,1424939
2023-01-11,747.5321044921875,752.4393296129178,740.7413389615582,752.4393296129178,911085
2023-01-12,747.8294677734375,751.3983861236055,741.3360972641675,746.9868392712515,560241
2023-01-13,749.2174072265625,752.2410313698912,742.6744808669797,750.4566024088757,434291
2023-01-16,750.4070434570312,753.4306675872806,740.691765371237,745.3015351249551,443945
2023-01-17,746.739013671875,752.1419167451949,742.525750070009,750.4070434973677,463650
2023-01-18,760.5188598632812,763.3442005584221,745.8963573201166,749.3661036862912,961394
2023-01-19,753.0340576171875,760.6179558669845,751.9435901272176,760.6179558669845,283476
2023-01-20,748.5233764648438,756.1568301820934,744.8057912623752,753.0340344089911,409353
2023-01-23,758.9326782226562,762.3528689952165,745.0041366058584,749.4652392202647,578775
2023-01-24,745.5493774414062,759.378807778576,743.5171094437754,759.378807778576,325246
2023-01-25,740.7412719726562,747.4824811868855,733.60349612506,747.4824811868855,677388
2023-01-27,735.6853637695312,746.4911698468388,731.868666851831,738.5603207648007,437112
2023-01-30,728.349365234375,743.3188186852251,724.2352130668672,731.3234336424308,631438
2023-01-31,730.9268188476562,742.8726473984373,721.013258140357,732.0669025320248,1093687
2023-02-01,731.0260009765625,744.0127414816064,721.8559571941443,733.603502593456,355127
2023-02-02,735.5862426757812,737.4698435110002,724.1856472704288,728.6467498203493,517666
2023-02-03,733.0087280273438,740.8404049500265,726.7135804578754,735.6853411040073,383860
2023-02-06,738.708984375,747.1850664954147,726.9118231847253,732.5625647675256,549673
2023-02-07,744.8554077148438,747.185130936282,734.2479454780339,735.9828187140174,540725
2023-02-08,768.5983276367188,771.7706790741834,735.5861835234991,744.5083879058596,1479970
2023-02-09,767.6565551757812,778.9580386735977,759.923989865073,760.9153459435631,1334519
2023-02-10,730.7781982421875,743.5171003586348,719.7741088523338,737.5689635557658,3057253
2023-02-13,669.3140869140625,713.7763832510461,665.8443406065921,713.7763832510461,4985583
2023-02-14,657.2691040039062,672.4368404563274,651.4200787245215,672.1394457234516,1916906
2023-02-15,663.3163452148438,664.7538236676603,651.172232936606,657.1699857739587,820913
2023-02-16,675.8570556640625,680.9129478290355,663.2172647440525,664.2581766006555,963547
2023-02-17,664.4069213867188,681.5078154260649,662.2754814048701,674.1221998119039,821339
2023-02-20,661.3336181640625,669.1653554156603,652.8575357636455,664.406858323108,577221
2023-02-21,664.6547241210938,668.2235819573959,656.5255918188768,661.1849776939649,464576
2023-02-22,658.2604370117188,670.8506713271623,654.9394183472943,665.1008181656229,685172
2023-02-23,652.6592407226562,661.5814453012712,651.3209342388928,661.1849391800984,555300
2023-02-24,653.650634765625,659.7474991182833,645.4719467600264,656.3273083962451,486352
2023-02-27,648.941650390625,655.038514341211,639.722051166565,649.4869446277648,1267994
2023-02-28,653.551513671875,659.4996503150775,644.7780363261812,647.4050937057174,1559108
2023-03-01,655.6829223632812,656.7733898263792,645.6701898515736,647.5537905688215,721794
2023-03-02,654.0472412109375,660.7884511484278,651.3210117098688,655.6830031146105,408541
2023-03-03,657.120361328125,661.1354019064723,653.3036645772511,657.3186446480244,289883
2023-03-06,656.7238159179688,663.7128638465038,655.4846208771799,659.2022059995464,329659
2023-03-08,658.50830078125,660.8379634533962,651.3705246366412,657.2691056348796,256788
2023-03-09,652.3618774414062,660.5901210700124,650.8748432733121,660.1936149297323,480016
2023-03-10,650.4287719726562,653.1054457868294,643.7371176910133,649.3383043668279,443979
2023-03-13,648.644287109375,659.2022538259247,645.521551684569,654.2950290068583,471640
2023-03-14,650.5278930664062,663.1181277955563,646.5624686167574,651.5192491788184,968618
2023-03-15,652.6097412109375,660.6893180335894,649.3382780186187,652.5106297990038,679462
2023-03-16,660.44140625,662.2258350212977,647.900728135266,654.9393923270109,596960
2023-03-17,651.3209838867188,663.217257565015,648.6443102075867,662.225901425157,698565
2023-03-20,640.8126220703125,649.3382605245511,635.2609914773128,649.2887048199193,538837
2023-03-21,643.7866821289062,649.7843744937471,640.5151585593793,649.3382521426685,303443
2023-03-22,653.1549682617188,656.2777643039601,643.3901344913446,644.6293296656346,279093
2023-03-23,642.9439697265625,657.2690770981653,641.0604294904026,654.6419592988916,1304892
2023-03-24,634.4678955078125,649.1895091927378,632.8321337616769,645.372812461853,721966
2023-03-27,653.0558471679688,667.9261890389661,636.202793047505,638.4333443281546,3965489
2023-03-28,638.8298950195312,656.1786267688931,635.4097043731422,656.1786267688931,998013
2023-03-29,646.7607421875,653.3036682277221,637.6402539893311,638.8298934078008,946826
2023-03-31,642.7953491210938,645.323295191295,622.5716595443298,639.0777635744516,1991163
2023-04-03,646.1658935546875,648.8425671248611,638.4333280800772,643.5388361955487,809470
2023-04-05,653.1549682617188,656.2282085985039,642.4483340573689,645.224119146263,599687
2023-04-06,658.3595581054688,660.0944312707147,652.312310132498,653.3036662269243,571100
2023-04-10,657.9630126953125,661.2344755101153,655.2863392986301,658.2604074043727,353296
2023-04-11,654.5428466796875,661.7301782032433,650.6765337950214,659.1030604088455,398086
2023-04-12,673.676025390625,679.0789282350318,654.1959143377705,654.5924204730712,2326481
2023-04-13,665.5964965820312,672.5359891448151,661.2345056252522,666.43912504734,816473
2023-04-17,652.4610595703125,664.2086054791141,649.7348302194654,664.2086054791141,519751
2023-04-18,692.5118408203125,698.4104221364655,652.8080382922109,652.8080382922109,5365200
2023-04-19,680.9129028320312,692.6605087447365,679.772879638737,692.5117811289456,1203963
2023-04-20,678.33544921875,684.1348585238368,672.6847070324017,680.9129510193269,789119
2023-04-21,689.1412353515625,695.9320006132051,679.0789464673013,679.0789464673013,2210350
2023-04-24,695.9815673828125,699.3522024686105,682.8460985014403,689.1412463076252,1234488
2023-04-25,699.4017333984375,703.862835879363,695.7337037014948,698.9060553450014,640382
2023-04-26,701.5827026367188,703.664526180085,693.4535707635656,699.4017071818378,595732
2023-04-27,687.7533569335938,701.8306269355884,674.1222093186936,700.8392707454138,1608022
2023-04-28,703.3671875,704.2098160233609,689.9838794926004,693.304898387702,957872
2023-05-02,702.6732177734375,710.2075607188549,697.5181537597471,702.8219453970117,645261
2023-05-03,703.515869140625,707.828243902548,698.906039147474,702.6731801647683,311850
2023-05-04,703.7637329101562,706.0438398817872,698.9060637252061,703.5158938804665,223675
2023-05-05,698.2616577148438,707.084751370659,696.3285616902378,700.8887756313437,267403
2023-05-08,726.2179565429688,730.4807760094978,698.0138611598536,700.8392625734542,1480353
2023-05-09,739.1055297851562,745.4997887449222,719.7245300915073,726.6640228058883,1897240
2023-05-10,743.7153930664062,764.1373054774472,727.95280613698,743.517109735628,4835108
2023-05-11,758.8335571289062,761.1632198170045,736.0323662795627,744.0127709753177,1235913
2023-05-12,766.9130859375,769.3419205827645,750.5061539169552,753.4306666323725,1453617
2023-05-15,780.4451293945312,793.0849203120039,765.2278366890757,775.9840267177763,1910389
2023-05-16,783.9148559570312,789.8629927078908,772.5142605178838,782.1799827380305,1231878
2023-05-17,774.1995849609375,784.9062191067899,768.7966819290376,781.1886336042317,466127
2023-05-18,772.5638427734375,775.5874669575226,764.9303882459792,773.2578041864025,597261
2023-05-19,767.7062377929688,777.2232327666721,764.5338859658748,774.2491642739425,365585
2023-05-22,767.7062377929688,774.6457309426712,762.9476797985386,765.7235254644823,451001
2023-05-23,770.1349487304688,783.0225778070414,764.2364284437884,766.1199686965897,344619
2023-05-24,771.2255249023438,776.1327499203244,766.6652503319914,773.0595095670827,615201
2023-05-25,772.1177368164062,778.8590072484468,769.2923959056094,771.2255525586922,479838
2023-05-26,773.2081909179688,776.8266043251754,766.5165373414433,772.1176629194723,369378
2023-05-29,798.7356567382812,804.683793597932,773.2577917545951,781.1390851951478,1895651
2023-05-30,796.6537475585938,806.7160363004249,791.2012889415095,802.9984508796856,1337941
2023-05-31,797.5459594726562,805.9724860798875,794.3240522404795,799.1817211935596,1122072
2023-06-01,805.1298828125,810.2848861392105,798.0416624769113,799.0330185793671,905122
2023-06-02,809.888427734375,813.4077300039918,799.1321770842543,807.9552711191387,586226
2023-06-05,813.2094116210938,824.1638846251923,810.9293046508523,817.8687974779377,1487359
2023-06-06,814.5477905273438,817.3235755970182,807.3108423535379,815.7373694803639,427490
2023-06-07,810.5823974609375,820.2481201286616,805.6751723127311,816.3818068585405,548880
2023-06-08,804.8324584960938,815.1921422662743,801.6105510393318,814.1512304202205,473303
2023-06-09,799.4296264648438,808.1039928088304,797.8434203145395,804.8324690958932,548968
2023-06-12,811.8215942382812,816.3322527237241,806.517802408409,806.9639247877558,617667
2023-06-13,810.3840942382812,814.7956411927034,808.4509376506606,812.4163622375431,594446
2023-06-14,811.6727905273438,816.3817319075024,802.9488691245645,810.8797177648316,675571
2023-06-15,827.5344848632812,828.6745685542923,816.2826175979687,816.8774070408431,1320203
2023-06-16,823.2716674804688,836.3575798180027,819.8514769081763,831.4999108303905,1245895
2023-06-19,818.0175170898438,826.7909944465887,816.4808667156876,823.2716923631092,403683
2023-06-20,822.7264404296875,824.0151912406859,814.4981365052755,822.8255518353129,389177
2023-06-21,867.4861450195312,877.6475450658037,821.8837643240646,824.8082769267018,5768804
2023-06-22,844.9823608398438,861.4389086616198,827.7823564390212,861.4389086616198,3868670
2023-06-23,850.8314208984375,858.3161477748225,838.9847027325626,844.0902111390624,2171748
2023-06-26,866.4452514648438,867.4366075878012,844.9823671997838,850.6331092021567,971992
2023-06-27,874.0787353515625,882.2078679369733,867.4366370010106,871.402061627301,1365308
2023-06-28,881.9103393554688,886.2723302847315,865.5034084299002,865.5034084299002,1444161
2023-06-30,894.9467163085938,900.5479024580577,882.3069260754897,883.3973935788455,1153481
2023-07-03,884.5870361328125,894.2032024065486,876.606631627484,893.3109577133127,670830
2023-07-04,883.6948852539062,895.0954808362319,880.1259668540234,892.1709681288156,563185
2023-07-05,889.5438232421875,894.698887103189,884.6365984080844,890.8325740805441,714726
2023-07-06,897.4746704101562,902.6297342614345,883.8930796602265,892.1709394475643,697077
2023-07-07,892.8153076171875,913.038996898091,882.0591177959571,891.4274453379577,1494460
2023-07-10,893.0631103515625,900.7957362672246,888.651624152784,895.6406724926412,472539
2023-07-11,906.2977905273438,911.1553992832731,894.302344991828,896.1859458509614,671785
2023-07-12,932.3704223632812,934.7992569366623,907.140397237688,921.9611831981409,2286940
2023-07-13,922.7047119140625,933.9565797123479,913.931234424437,932.370434117836,1070687
2023-07-14,926.8864135742188,930.8191839702037,921.3108211239814,927.8820485722536,603409
2023-07-17,930.3213500976562,937.2907949612384,927.3842147513993,932.9099767394921,694918
2023-07-18,929.873291015625,935.7475008687312,924.5964378361446,930.3213389052123,585709
2023-07-19,928.6785278320312,937.7886122088511,925.1938054011418,930.918706537603,334525
2023-07-20,941.97021484375,943.3143585059787,929.5247777975703,931.8645564234935,707123
2023-07-21,932.6112670898438,943.3143427710255,929.1763143686477,940.3772075233729,417874
2023-07-24,932.7108154296875,940.7256646786376,929.7239105591171,933.7064503865444,421864
2023-07-25,933.50732421875,940.0287818918093,927.433975204988,933.8558329197358,254173
2023-07-26,937.290771484375,941.4723896827957,933.5073100382077,936.8924931946516,363219
2023-07-27,975.423583984375,985.8279814863205,936.9422684129696,951.8270232418906,3313759
2023-07-28,969.7484741210938,986.6742688439465,962.0323029974403,980.7004589417631,1139010
2023-07-31,981.1484985351562,987.6698954694381,967.8069655590222,967.8069655590222,912283
2023-08-01,983.886474609375,990.557240961111,972.4366726277522,980.5012914551403,781270
2023-08-02,990.258544921875,994.3406848758186,970.7441232642628,982.7415128390634,865195
2023-08-03,1030.8306884765625,1036.3066810590828,983.6873948236339,989.6114353166535,3961853
2023-08-04,1059.3555908203125,1073.7424672874238,1006.6864774579365,1029.486542206958,4976674
2023-08-07,1076.4307861328125,1089.9215672294129,1038.9451047169396,1062.4420660072597,2597689
2023-08-08,1078.9696044921875,1089.7225111431267,1066.7233668737317,1082.2054182530055,1136969
2023-08-09,1094.65087890625,1104.1592420037807,1082.1059019069398,1089.1748862723268,1698236
2023-08-10,1080.6124267578125,1100.6744963861406,1076.18189960716,1097.189773873837,946674
2023-08-11,1072.1993408203125,1086.4368481988154,1068.0674313205732,1083.2010344940456,975221
2023-08-14,1077.277099609375,1101.122509899785,1073.2945594999135,1075.2858295546441,2339896
2023-08-16,1107.9923095703125,1111.1285839130444,1073.642904422463,1083.1512666363474,1494771
2023-08-17,1087.3328857421875,1138.9565326974684,1082.6036198116537,1120.0892993369573,3221359
2023-08-18,1062.9398193359375,1092.1119711906697,1059.4550971059339,1092.1119711906697,1346398
2023-08-21,1081.6080322265625,1085.2421241976547,1059.6045235572055,1061.3468847657798,1497826
2023-08-22,1086.3372802734375,1089.2246459642006,1081.2097359232416,1086.5861890133745,886779
2023-08-23,1089.32421875,1099.8779253413347,1081.6578779384815,1087.2334095775382,778892
2023-08-24,1084.7442626953125,1095.1984295225734,1080.2639054836293,1089.672607013177,437569
2023-08-25,1072.896240234375,1088.2788737425797,1067.5197869842984,1086.2377733993876,640246
2023-08-28,1103.16357421875,1106.2500183950801,1070.556528139631,1073.344354740011,831240
2023-08-29,1092.908447265625,1112.0744202506864,1085.5905546151866,1107.0962454493717,1074379
2023-08-30,1095.9949951171875,1110.7303193678827,1093.2071686586262,1110.1329627088962,541426
2023-08-31,1093.057861328125,1105.1548508954213,1085.739968379691,1099.1312105255506,1236209
2023-09-01,1089.0753173828125,1094.6011402322783,1082.6036899009941,1091.1661265694433,384388
2023-09-04,1092.60986328125,1097.6875774271596,1088.477953761671,1090.2203149956824,513979
2023-09-05,1114.364501953125,1123.9724042537837,1091.116448422242,1093.2072576676626,1225586
2023-09-06,1134.078125,1138.0108347377768,1114.0160549182556,1120.0894042694654,2210022
2023-09-07,1131.2403564453125,1143.7356234052268,1123.225568198337,1139.9024532403719,827172
2023-09-08,1123.673583984375,1138.458738733353,1113.7670648140502,1138.0107516193568,578212
2023-09-11,1121.582763671875,1129.94612150342,1117.052576064693,1124.519838139739,1263543
2023-09-12,1133.4805908203125,1169.373280352024,1127.1086241982234,1132.9827733318698,2799580
2023-09-13,1140.4998779296875,1148.166218716757,1128.4527188910897,1137.3636034122594,831001
2023-09-14,1150.6055908203125,1155.3348569830225,1136.0693443961088,1138.0107839952848,633507
2023-09-15,1145.6771240234375,1157.6745741594948,1143.038788553762,1157.2265870330334,967345
2023-09-18,1134.575927734375,1152.6964363568663,1126.0631997578198,1140.4999074470225,706005
2023-09-20,1144.5322265625,1152.9452934306626,1129.398502120029,1130.0456891569966,1089288
2023-09-21,1122.37939453125,1144.830891067126,1117.8990369896699,1137.0151805520875,635556
2023-09-22,1092.6595458984375,1129.2989612983313,1086.7355664598886,1122.3295165294633,1273489
2023-09-25,1105.7025146484375,1110.1330418506982,1089.0753369735683,1094.2028816088944,560175
2023-09-26,1105.7025146484375,1113.7173035976084,1100.5251396473648,1108.1417718204727,329870
2023-09-27,1127.4072265625,1129.8466051454511,1100.2761738083097,1103.1635395098278,983157
2023-09-28,1128.104248046875,1135.0238624529813,1120.338246688787,1129.0002222872554,451445
2023-09-29,1166.137451171875,1179.5286928179423,1128.1539530012371,1128.1539530012371,1933854
2023-10-03,1169.0745849609375,1176.2929388132843,1151.103445878616,1165.8886015307548,1043096
2023-10-04,1146.4736328125,1167.6308752764737,1137.0649312493908,1167.282427355149,669860
2023-10-05,1144.1837158203125,1157.2763406345296,1137.1645618551654,1146.8720032955102,328358
2023-10-06,1150.0081787109375,1162.8517721248645,1147.5688002010495,1153.9907184454805,569805
2023-10-09,1144.4326171875,1154.9366151906472,1133.0824752681942,1133.6300016029104,281609
2023-10-10,1150.4063720703125,1156.8282905191445,1141.4954877456382,1144.9303797610223,500300
2023-10-11,1154.7872314453125,1163.1505897600703,1145.975885995156,1145.975885995156,880739
2023-10-12,1167.73046875,1187.7925380207114,1155.0361226814634,1158.8692930691739,1474920
2023-10-13,1182.71484375,1186.448475009289,1161.0099520810095,1166.7846837103668,589089
2023-10-16,1193.0694580078125,1196.3052717276878,1180.2754511469411,1186.4484610119573,673918
2023-10-17,1192.4222412109375,1210.0947618555633,1188.43970134736,1199.541055524577,908050
2023-10-18,1185.85107421875,1202.7270382682036,1179.1802470277266,1188.4397008214357,1827034
2023-10-19,1194.761962890625,1196.7532328287762,1173.5548894343276,1179.9269775439054,654948
2023-10-20,1174.5008544921875,1194.7121721115993,1168.2283053641945,1194.7121721115993,450975
2023-10-23,1162.901611328125,1183.461497171514,1154.1399752305285,1167.9793252207799,311340
2023-10-25,1138.7076416015625,1184.8055883165994,1130.294574904554,1184.8055883165994,1055178
2023-10-26,1136.6168212890625,1144.382822423017,1120.139135982196,1138.010734510217,490371
2023-10-27,1126.7103271484375,1146.7225655432833,1124.171409384645,1136.6168463885876,453195
2023-10-30,1135.372314453125,1143.9845812565893,1122.628259751514,1134.0282315502657,1570477
2023-10-31,1123.2255859375,1146.0256504535894,1118.0980416704313,1136.1190098422205,822793
2023-11-01,1127.8055419921875,1137.2142440916764,1123.0762757600419,1132.0868210910146,1037234
2023-11-02,1164.0963134765625,1178.9312982657223,1130.045647428933,1134.8247437158661,2294662
2023-11-03,1181.3707275390625,1197.3008871301333,1169.821264605558,1169.8710949692693,1320335
2023-11-06,1194.0650634765625,1196.5541508918495,1180.0763435876597,1188.788149541165,666171
2023-11-07,1184.5068359375,1207.057991568112,1182.814305159582,1194.7619244036182,1726919
2023-11-08,1205.8134765625,1219.5532876347634,1190.3811346720822,1197.5497793114039,2038402
2023-11-09,1199.2921142578125,1233.04404145629,1196.5042878139266,1216.6658953264973,4003157
2023-11-10,1174.9986572265625,1207.4065032139754,1167.8798427437753,1201.283445258214,2115284
2023-11-13,1168.1287841796875,1183.7104965096948,1148.5148229516444,1173.9532247240575,1254592
2023-11-15,1165.141845703125,1182.814366755234,1163.6483932198482,1182.814366755234,1256791
2023-11-16,1188.7882080078125,1194.214370225018,1165.7392331011706,1171.6135039976493,946578
2023-11-17,1191.078125,1206.1121882570083,1184.80557627532,1192.2728383106685,1349231
2023-11-20,1193.2685546875,1210.3934281756592,1187.1453750931228,1191.078206289297,1191689
2023-11-21,1216.2178955078125,1220.59859196318,1193.2684617912091,1199.6405496410168,1371835
2023-11-22,1213.28076171875,1234.8861136965181,1208.501786739604,1221.2458415547994,1916776
2023-11-23,1192.9200439453125,1218.5576440001253,1178.383797930466,1217.6615482344048,940782
2023-11-24,1237.7733154296875,1239.5655069462841,1206.3112754644885,1214.6746333128247,2748793
2023-11-28,1239.5157470703125,1246.0870353132036,1230.3559536673063,1237.8730465470655,806664
2023-11-29,1244.095703125,1248.5262300472612,1238.4205109750305,1247.5305950950703,982589
2023-11-30,1275.308837890625,1284.3690916716675,1244.543693480298,1246.5349633898666,2636118
2023-12-01,1290.9901123046875,1299.502718403047,1270.8782129236045,1275.308861476819,1377103
2023-12-04,1255.0477294921875,1303.2363655567674,1250.517541693515,1303.2363655567674,1725134
2023-12-05,1252.7078857421875,1267.8416103911293,1248.1778194965543,1260.3743480261007,1104617
2023-12-06,1238.0721435546875,1261.3700272583872,1233.2433380300638,1252.7079296885938,1449739
2023-12-07,1243.548095703125,1261.2206166788899,1240.0135428929825,1240.6110211136915,1598861
2023-12-08,1233.940185546875,1250.517532236324,1225.2283794902924,1245.7384357274382,560463
2023-12-11,1224.2825927734375,1241.7559139684474,1218.7070611232134,1234.0895731415735,621598
2023-12-12,1234.7366943359375,1245.439769933894,1223.0876926231226,1229.2607021695412,1159956
2023-12-13,1246.4354248046875,1250.5175038137832,1229.5096305651698,1239.2170713790108,718971
2023-12-14,1250.865966796875,1255.8939719964753,1236.5786293243336,1246.5349789968325,760814
2023-12-15,1240.6607666015625,1259.627662232698,1237.5743223657485,1254.5001176032526,798901
2023-12-18,1252.2598876953125,1282.5272151917852,1245.340273245716,1259.4782412518946,1846640
2023-12-19,1264.655517578125,1269.4346141522763,1247.6800138956714,1258.283550862556,798723
2023-12-20,1222.241455078125,1274.3132122071797,1214.6746536742062,1269.3350373970395,619789
2023-12-21,1251.3140869140625,1254.4005310333082,1194.911341195331,1211.7873054297766,769432
2023-12-22,1259.5777587890625,1279.3909187250613,1247.082613011156,1255.047692660806,864378
2023-12-26,1277.05126953125,1284.3691625452334,1260.573461505311,1263.2617489540544,869887
2023-12-27,1282.3778076171875,1294.3254269428135,1275.1096239124442,1283.3734425609896,1004924
2023-12-28,1334.10107421875,1339.8758058535811,1289.347329429974,1290.442503626242,3519154
2023-12-29,1317.17529296875,1340.970994107457,1312.7945961377557,1340.970994107457,1330415
2024-01-01,1307.119384765625,1324.194549314278,1302.9377663827806,1318.2207393173715,854557
2024-01-02,1388.2635498046875,1398.5683470929634,1326.1857358033674,1334.150815297682,7120785
2024-01-03,1400.2611083984375,1406.7327359912924,1382.0409390220243,1384.9283048709474,1485207
2024-01-04,1392.893310546875,1416.1911929435735,1388.2635836703723,1400.7090206838361,1534642
2024-01-05,1383.385009765625,1418.7798828258499,1377.2121213465662,1418.7798828258499,1771551
2024-01-08,1376.3160400390625,1395.2829357085636,1368.9981469790698,1394.8348270288839,602440
2024-01-09,1390.2052001953125,1394.8846360839586,1372.9806660669371,1384.9282860762216,689292
2024-01-10,1399.1160888671875,1408.6741605946504,1384.5798421215172,1407.8278951490504,1058982
2024-01-11,1394.3369140625,1408.8234511682995,1390.2548350839231,1399.8627366379005,711634
2024-01-12,1391.6488037109375,1398.8173270056018,1382.1902713301442,1394.3369695620681,337465
2024-01-15,1406.832275390625,1417.784260549363,1391.897750174164,1413.80172049164,830307
2024-01-16,1381.5928955078125,1405.9859523625005,1369.7448150137554,1400.8584079406533,534845
2024-01-17,1393.68994140625,1400.8584648930573,1373.2295932507102,1378.6060466345543,792567
2024-01-18,1419.427001953125,1429.6819690964023,1362.2775310655734,1393.8889409770163,1167361
2024-01-19,1424.0069580078125,1433.6645688877888,1415.942338819511,1433.6645688877888,1242716
2024-01-23,1432.9676513671875,1448.648902372248,1407.8278680098683,1413.8016779165582,1235492
2024-01-24,1442.8741455078125,1456.6139566668908,1423.807833120448,1440.6837971954826,1054529
2024-01-25,1447.703125,1463.3843763002055,1435.755504961748,1437.3982054870269,1452501
2024-01-29,1476.825439453125,1484.4419499491016,1447.653285430222,1447.7031157950548,979549
2024-01-30,1461.741455078125,1482.6994975510206,1459.0531678293964,1477.621783686713,532307
2024-01-31,1498.779052734375,1503.3589492123413,1430.080240952471,1430.080240952471,1055599
2024-02-01,1507.0926513671875,1514.7092834271195,1484.541615839953,1507.3913904822732,1321923
2024-02-02,1496.1904296875,1513.3153023106586,1491.510994010669,1510.8760452841666,582622
2024-02-05,1566.283203125,1577.4840967217308,1491.5607487824868,1496.1904757766304,1484593
2024-02-06,1573.252685546875,1581.7155831328857,1557.1731558259594,1574.0989509979806,1040818
2024-02-07,1587.3409423828125,1599.288562482677,1568.5234164180306,1593.0160133152574,1966936
2024-02-08,1599.3880615234375,1692.5794716553178,1579.624731411898,1692.5794716553178,6454212
2024-02-09,1615.0194091796875,1647.626453410441,1608.0002557868459,1608.0002557868459,3021386
2024-02-12,1587.4901123046875,1618.902443886853,1576.9364060431776,1594.011569903353,1003802
2024-02-13,1601.727783203125,1605.9592318922398,1577.4342652451835,1592.169711648149,1330003
2024-02-14,1604.7147216796875,1611.534797166519,1582.6116731510213,1601.9268950465782,866097
2024-02-15,1598.0936279296875,1623.9801365323706,1588.137278467117,1612.9286129364111,1156493
2024-02-16,1613.5758056640625,1631.6466043100143,1591.4229280315176,1602.9722691414404,1846708
2024-02-19,1581.1678466796875,1627.6640719698423,1577.135598037093,1627.6640719698423,1389162
2024-02-20,1580.12255859375,1593.0658134563716,1546.519877700405,1582.5618157028698,1507747
2024-02-21,1592.3687744140625,1600.9312108993934,1582.9600725067025,1591.970496116204,1419188
2024-02-22,1586.793212890625,1600.9810110294118,1569.1705227648042,1600.9810110294118,1044785
2024-02-23,1607.900634765625,1617.9068147580401,1590.0788661591903,1590.0788661591903,679640
2024-02-26,1597.6954345703125,1615.7662341129378,1573.103298705539,1607.900693311915,1068565
2024-02-27,1615.517333984375,1627.9627715405493,1591.472724318351,1596.9487168430678,981628
2024-02-28,1609.2945556640625,1635.7287126703307,1597.0980273102705,1613.0780171561457,1110003
2024-02-29,1613.97412109375,1622.8850054843347,1586.0465114948129,1602.9723060305391,3814024
2024-03-01,1617.4588623046875,1630.6011954820121,1609.941769558488,1613.924309495553,833767
2024-03-04,1662.56103515625,1692.579453896078,1627.2658239826412,1630.800255213882,1453829
2024-03-05,1671.4222412109375,1680.6318648780714,1649.8170105203264,1662.5610654831733,818763
2024-03-06,1658.1304931640625,1674.4091005161124,1636.1269847696651,1666.692929545992,1219095
2024-03-07,1662.4615478515625,1670.8249061922681,1648.5724881613999,1666.1951791163885,811352
2024-03-11,1669.3314208984375,1696.8109221603283,1662.0632368973424,1673.612578408865,981480
2024-03-12,1638.864990234375,1681.0301068871072,1632.9907196065656,1664.8012082685366,639229
2024-03-13,1596.500732421875,1653.948823663911,1582.611672700548,1644.8388605872753,897074
2024-03-14,1642.4990234375,1649.6676684147703,1583.408110043404,1584.055297105845,971139
2024-03-15,1629.6553955078125,1666.6929684131144,1606.9548691868379,1637.8693841514255,1097700
2024-03-18,1607.3531494140625,1634.0859245423403,1600.483243687319,1616.9112209942182,701925
2024-03-19,1563.345947265625,1616.0648907026132,1558.1686941492542,1608.3984286779278,632899
2024-03-20,1556.077880859375,1578.629036685776,1544.827157358575,1563.3459430401176,521304
2024-03-21,1604.6151123046875,1609.2448391897804,1564.1923571174489,1564.1923571174489,1219742
2024-03-22,1601.22998046875,1615.367948780641,1592.0203567663802,1603.9679767045895,566433
2024-03-26,1607.8509521484375,1622.8351856622694,1585.0508868182433,1604.4159385478615,939256
2024-03-27,1592.9661865234375,1616.1147005188552,1585.10076717003,1611.1863558315958,558090
2024-03-28,1609.74267578125,1617.9068339591627,1586.1460539573313,1603.9679443127452,865183
2024-04-01,1616.6622314453125,1677.395962695914,1601.578337819022,1642.797648581842,1537859
2024-04-02,1602.872802734375,1614.7705923094597,1594.260535720257,1608.0500560933087,642641
2024-04-03,1598.3924560546875,1613.9243377738874,1592.0203677362406,1604.9636227584865,520656
2024-04-04,1580.3216552734375,1606.954891549112,1576.5381936548001,1601.9767165443131,654846
2024-04-05,1592.269287109375,1604.714724713794,1580.3216670091329,1580.3216670091329,948724
2024-04-08,1604.963623046875,1615.1190514511638,1578.1313083609266,1611.9330680601058,1280283
2024-04-09,1598.641357421875,1619.8483099378955,1588.4360987014675,1612.7296169385181,542022
2024-04-10,1597.5958251953125,1636.1269708934137,1593.0657590705318,1620.5949683585368,1492491
2024-04-12,1615.1688232421875,1634.7827834531329,1590.925136132855,1607.9504697402576,1318503
2024-04-15,1602.076171875,1633.7871206881402,1590.825569875561,1610.6884384899815,1385597
2024-04-16,1604.4158935546875,1629.8045848112122,1593.1154611656498,1598.9897316854376,762738
2024-04-18,1587.0919189453125,1627.3154731449329,1583.3084575720961,1617.7076932388777,746904
2024-04-19,1540.794921875,1577.0857673379594,1534.2734643104768,1568.1250527508118,1186398
2024-04-22,1596.6500244140625,1607.950456877815,1563.1468837759564,1579.3757822033956,1301274
2024-04-23,1573.153076171875,1606.9548346424574,1570.5643280310737,1595.0072150540377,849166
2024-04-24,1573.103271484375,1595.704136959699,1552.3443064181677,1584.9513520771002,1363206
2024-04-25,1587.4404296875,1593.264869988305,1571.808887645306,1573.8998183244173,1203147
2024-04-26,1608.896240234375,1616.911150154005,1578.1809264986107,1583.0595620350175,587789
2024-04-29,1630.302490234375,1640.1593010908389,1605.4116151107166,1617.9068830377837,1294998
2024-04-30,1638.715576171875,1653.849178682921,1633.3391231748694,1641.2543723527745,1171635
2024-05-02,1640.4580078125,1653.7497105585614,1633.4387325512505,1641.6527211798525,386502
2024-05-03,1647.5269775390625,1675.653665628187,1640.806441446971,1646.7802513066079,965116
2024-05-06,1672.318359375,1679.6362523495256,1629.5060541876678,1660.6196480738104,1633715
2024-05-07,1603.5697021484375,1676.6493352488455,1553.1905955986929,1676.6493352488455,5143705
2024-05-08,1609.095458984375,1623.8806137784195,1585.6482071477549,1603.9679146517683,1693668
2024-05-09,1577.0360107421875,1614.521692826,1571.709387795943,1609.8422569377049,883851
2024-05-10,1601.5286865234375,1610.4894012921272,1572.107624417917,1577.0359689257073,731066
2024-05-13,1681.229248046875,1690.5882414175771,1596.9985507855088,1607.9007054941474,2246490
2024-05-14,1630.0037841796875,1676.2012702091188,1622.8849699732311,1662.9592767471102,1028097
2024-05-15,1631.9453125,1644.7890283728766,1621.5906841397941,1631.7959429417444,559501
2024-05-16,1655.691162109375,1687.153325101338,1639.8108325945032,1645.386364244828,1338360
2024-05-17,1644.5400390625,1673.9112702732423,1631.0989671524992,1664.5522773765626,721714
2024-05-21,1676.4998779296875,1682.6230571492927,1614.1233243142628,1625.2246782591617,1149511
2024-05-22,1708.310546875,1720.4572450129958,1660.6693158638457,1683.618750762139,2665927
2024-05-23,1625.5234375,1692.5794275731234,1584.2045867680679,1692.5794275731234,3407879
2024-05-24,1607.3033447265625,1634.8326769002526,1604.465809272081,1628.510418931063,1083346
2024-05-27,1609.045654296875,1641.4037908940174,1602.9723052738289,1621.3417218962948,1858205
2024-05-28,1596.4508056640625,1626.867501881548,1593.015913715102,1617.7077089926736,518613
2024-05-29,1594.4595947265625,1605.1129619659187,1571.3609117386145,1594.3600555357687,691049
2024-05-30,1572.505859375,1607.801069626128,1568.125041301331,1596.450806924453,925008
2024-05-31,1575.6422119140625,1600.284178070994,1565.6360315868637,1573.0534636938592,2897488
2024-06-03,1577.0360107421875,1619.2012502517705,1569.1705914666459,1607.8011565712816,1672931
2024-06-04,1557.9197998046875,1586.8430439361007,1486.7817307037178,1578.1312380576594,1709096
2024-06-05,1623.3828125,1637.8195195108863,1568.125071872125,1580.5206785871733,2070212
2024-06-06,1600.2342529296875,1638.2674589184733,1594.2604433060583,1637.8194718116883,674620
