Price,Close,High,Low,Open,Volume
Ticker,PGHL.NS,PGHL.NS,PGHL.NS,PGHL.NS,PGHL.NS
Date,,,,,
2014-06-02,512.0833129882812,516.9026785717103,504.47595579181615,504.47595579181615,5286
2014-06-03,513.87548828125,516.9821803071873,511.40610132082315,512.3221908878317,2787
2014-06-04,522.7176513671875,526.5412391438671,511.6849502406237,517.7390087882932,10342
2014-06-05,522.6378784179688,527.3377356914369,517.7787435036768,527.3377356914369,22791
2014-06-06,537.8924560546875,541.556716944301,523.3150026970707,525.50560507271,9786
2014-06-09,572.8226928710938,581.4258263197147,508.37917117841386,531.4402538012722,112125
2014-06-10,575.5707397460938,581.1069984615136,567.166803159147,571.946298691387,26393
2014-06-11,557.8070068359375,577.5224276416346,553.9436003884985,573.5395143475545,10612
2014-06-12,589.67041015625,608.5892514142181,545.7787178855858,557.8867373950415,99671
2014-06-13,567.1669921875,594.2109898113636,559.6392744914367,590.267894959182,20186
2014-06-16,573.141357421875,594.3703097054079,557.8867764804743,569.5567346165957,20397
2014-06-17,571.5880126953125,592.9762913297418,569.5567361574041,575.8098920645955,16049
2014-06-18,567.44580078125,589.4713370808101,565.5738504423989,579.8725230049605,8772
2014-06-19,563.144287109375,586.962086488208,561.5909407408603,572.5837749633649,10215
2014-06-20,573.38037109375,579.1157777916652,563.4230846805508,566.8085620610385,16327
2014-06-23,573.8184204101562,581.5054641442699,569.1584303165491,571.1897068030046,8642
2014-06-24,581.4656982421875,587.8781808705899,573.539688654234,577.4827837376442,18800
2014-06-25,582.8994750976562,589.4712833239025,575.9293754637588,575.9293754637588,18055
2014-06-26,585.7273559570312,587.0417370985491,574.3362310022574,574.3362310022574,6455
2014-06-27,581.9434814453125,587.8780322810022,580.7087879848924,582.3417727950964,4369
2014-06-30,589.8298950195312,595.0475039716745,576.0888382009082,581.9835232586056,15489
2014-07-01,591.1840209960938,607.7927550782581,583.4173376907032,587.2011064805089,56733
2014-07-02,621.0557861328125,633.2833124024467,591.8610076918465,591.8610076918465,90712
2014-07-03,617.0330810546875,630.0970597695414,609.9435225754139,630.0970597695414,18965
2014-07-04,611.1781616210938,626.8310333020274,609.7841417021144,617.2720395718832,18026
2014-07-07,612.65185546875,624.2421749261398,609.6248503380486,610.3816137756138,12615
2014-07-08,593.613525390625,622.9675827709268,589.4712850152551,609.3858554549597,14062
2014-07-09,582.3020629882812,601.4200513764054,577.6022047283773,601.4200513764054,8474
2014-07-10,583.417236328125,592.458431259866,565.5737629505948,584.6917493038543,9052
2014-07-11,565.0958862304688,596.0431101213906,557.6876269216864,578.5182876387036,6211
2014-07-14,557.3292236328125,572.6634438580123,554.4216767137169,564.777254008657,4975
2014-07-15,579.1954345703125,583.0987104129791,558.4046393435771,558.5241462320611,15995
2014-07-16,575.7302856445312,582.2622750879664,573.5396826898132,575.9294313676875,3340
2014-07-17,582.7003784179688,585.3290922057166,571.9465095066323,571.9465095066323,5118
2014-07-18,577.4827270507812,584.8511181608903,572.8226883661672,576.8852899337454,24568
2014-07-21,573.4200439453125,590.2677876978694,570.0345674301763,575.1327162184368,5211
2014-07-22,580.8283081054688,595.8438728875005,571.9862107665575,571.9862107665575,33689
2014-07-23,571.5482177734375,592.6576641441637,567.5653033638665,578.3191722697081,7298
2014-07-24,574.4557495117188,583.0588346844165,569.5567454699923,579.0759203804306,7161
2014-07-25,566.2507934570312,580.6689695142894,565.5737176091219,574.336127318559,7122
2014-07-28,560.3563232421875,572.6236723179147,558.4046851607221,565.8925848375234,7905
2014-07-30,560.7545776367188,567.206880086888,557.6080652588452,567.206880086888,3854
2014-07-31,571.9464111328125,576.6462687779643,563.1441815210438,563.8212574067368,4982
2014-08-01,568.2024536132812,587.1212935183119,560.4755913807901,566.4101424643836,13691
2014-08-04,573.73876953125,578.0403361577866,562.5467907623962,566.8881768055651,3388
2014-08-05,578.8767700195312,581.5054837151538,569.5567408990889,573.6989814659032,15539
2014-08-06,614.922119140625,625.5166609488624,578.2793093301854,578.2793093301854,112929
2014-08-07,639.4569091796875,655.5877125566899,617.3517341815731,617.3517341815731,179359
2014-08-08,672.3557739257812,679.086909023593,622.3701979243378,636.2307595622038,233386
2014-08-11,678.25048828125,695.4168392513432,655.9859875412155,680.2817648575568,162639
2014-08-12,662.995849609375,700.1962758067505,656.3842221442121,681.0782887540065,182898
2014-08-13,615.3204345703125,672.2362891453802,610.4214305761684,672.2362891453802,97558
2014-08-14,623.803955078125,634.9561139893283,610.1824089986914,621.3345679098946,22926
2014-08-18,627.3884887695312,630.0968892838041,618.387114360815,628.3842171027864,10257
2014-08-19,621.3345947265625,645.2320791391227,619.064353155192,630.8935884915866,24908
2014-08-20,613.8865356445312,632.2477589036013,610.9789890649143,632.2477589036013,20841
2014-08-21,613.2094116210938,626.9106451006998,610.3019136586236,614.3644663709208,17727
2014-08-22,619.7413940429688,624.3217449629522,616.5550629681977,620.4184699485361,11175
2014-08-25,617.2720336914062,636.4696598020694,615.0415629466429,624.1226263515912,13786
2014-08-26,602.8936767578125,624.5209193700439,597.4371039892002,621.2947687324134,22312
2014-08-27,598.3531494140625,610.9789664968479,595.047311568638,602.2165562863324,17457
2014-08-28,605.6818237304688,611.6163764039159,597.4770291080458,601.4201244158775,9183
2014-09-01,596.1625366210938,609.38579053655,593.4541358819996,609.3061517110978,40133
2014-09-02,597.0387573242188,604.6062932742923,592.1796221093606,603.7300717173675,26264
2014-09-03,615.3602294921875,618.9448521882586,594.5694373027985,604.4868545329493,47201
2014-09-04,648.2590942382812,652.8394454889358,617.3516903056026,617.3516903056026,99457
2014-09-05,660.128173828125,664.2704140978813,641.2491518087271,648.4183969842285,56516
2014-09-08,662.9558715820312,676.2986301870166,659.6899023563897,665.8634175318306,46563
2014-09-09,646.9844970703125,672.3158179270666,641.2490917432331,668.9701607679744,46783
2014-09-10,649.1751098632812,653.914786862275,640.7711717296906,647.62176380552,13256
2014-09-11,655.1893310546875,660.3671190812595,645.4710114962877,653.5165266785398,33897
2014-09-12,676.617431640625,685.0611896465867,655.786772530875,659.5705407295044,85935
2014-09-15,671.95751953125,688.2078307185162,662.9163227416904,678.6488355776686,41311
2014-09-16,632.16796875,677.0952494558288,626.9105427314556,665.9430924059681,67110
2014-09-17,629.9775390625,647.502362084852,627.7072973460646,647.502362084852,15557
2014-09-18,646.2676391601562,652.9191349511215,638.0628457489686,644.4355083781718,41591
2014-09-19,674.9844970703125,680.2021539316121,649.2946986898205,652.2818845480173,89868
2014-09-22,691.7525634765625,712.4637174893991,674.9844556589846,675.5022539571289,105882
2014-09-23,676.9759521484375,707.9630461330563,673.5108360118134,700.7539806755293,45952
2014-09-24,669.6075439453125,683.1494527933773,655.5877048210223,683.1494527933773,18728
2014-09-25,652.0427856445312,673.8691719521591,645.510797517321,673.7894845072173,17567
2014-09-26,654.6715698242188,664.350070515158,637.3857615613763,645.232082874434,13975
2014-09-29,660.8450317382812,669.049872981099,655.1096748184221,658.7341166168076,12780
2014-09-30,677.4539794921875,679.8835477655621,660.6859181200664,660.6859181200664,28764
2014-10-01,663.832275390625,684.3442830609796,662.7569080285457,681.8748957601383,26348
2014-10-07,668.2533569335938,673.1523121766137,661.163750283931,668.0940306433488,13952
2014-10-08,654.8707885742188,669.0898226397567,650.0912911309244,661.5621044426556,11292
2014-10-09,661.1239013671875,664.3500519675794,656.4638628381276,660.7654293850205,7637
2014-10-10,656.8223266601562,664.9873002189904,653.2377041221315,660.9247474570509,6260
2014-10-13,655.2291870117188,665.5847636423955,649.254815878636,656.3842418213594,9628
2014-10-14,640.0543823242188,664.3501616159284,637.2663420776291,664.3501616159284,14906
2014-10-15,640.0543823242188,640.0543823242188,640.0543823242188,640.0543823242188,0
2014-10-16,634.2789916992188,649.2149177203935,631.9290629479772,638.062759624583,8174
2014-10-17,657.30029296875,665.9431965866765,627.2292933621148,630.9333740757031,34116
2014-10-20,642.3644409179688,660.3273747755942,640.6517683127034,657.3003696165863,28999
2014-10-21,661.1636962890625,673.0327989594225,645.3913672340293,656.2248734121491,25789
2014-10-22,666.8194580078125,676.1394867094218,651.6843844542859,653.994494076068,20845
2014-10-27,667.4169921875,676.5378765109526,655.7072619466239,674.7057454856129,7795
2014-10-28,665.6644897460938,668.9702794599415,662.7569428446844,662.7569428446844,8394
2014-10-29,662.995849609375,672.3158780214987,661.2433577389625,661.2433577389625,9057
2014-10-30,660.7655639648438,669.0898656036846,657.1809406521954,661.2434942920373,8360
2014-10-31,650.8479614257812,664.6687020588047,646.1879715336295,654.7910559758242,27125
2014-11-03,652.32177734375,655.9064005096209,645.9889333601321,646.2278985139442,65165
2014-11-05,658.97314453125,660.3671644803943,653.1979190276519,658.7739988242294,11052
2014-11-07,657.8577880859375,665.14653906967,654.3130340488098,665.14653906967,7366
2014-11-10,660.5662841796875,664.9873089775699,654.7910589034708,654.7910589034708,13046
2014-11-11,656.5435791015625,666.6601907802134,654.9504134393989,657.1808356425165,10612
2014-11-12,655.4282836914062,664.3102008927286,653.2775005204594,656.5036995866561,10980
2014-11-13,648.41845703125,659.4909783866101,646.8252912891585,657.6986669267571,40588
2014-11-14,634.2392578125,652.5208434515497,631.6901830372402,645.2320911225279,25023
2014-11-17,637.5053100585938,644.0372998177639,631.6902643852651,638.8595107654257,14262
2014-11-18,633.8408813476562,639.6559254918538,631.0926612340239,634.8764291619023,16978
2014-11-19,634.9960327148438,645.9490468055689,633.2833601546524,633.2833601546524,15663
2014-11-20,630.296142578125,637.2264226848856,627.1098113676194,635.0756393938833,8980
2014-11-21,630.4555053710938,647.1837451949498,626.9903408072742,627.1098476824109,16637
2014-11-24,621.5338134765625,635.354507471632,619.064425911536,625.4370891705074,12591
2014-11-25,607.035888671875,628.1055126108222,604.6063209532201,616.8338469950322,11638
2014-11-26,619.6219482421875,623.326077929464,605.4029638675944,605.4029638675944,14894
2014-11-27,624.2022094726562,636.4297835830413,613.448342588498,613.448342588498,12518
2014-11-28,623.3658447265625,630.8935617210082,618.1482372417959,618.1482372417959,7008
2014-12-01,616.634765625,628.0657587106934,615.0017805040605,617.4712165143513,8429
2014-12-02,620.7770385742188,625.516716509826,612.1739530567352,612.1739530567352,28072
2014-12-03,651.6843872070312,668.3329876340576,626.1140980695701,626.1140980695701,148001
2014-12-04,656.2647705078125,664.310286574677,651.6047802193488,659.5307894092539,38932
2014-12-05,673.0726318359375,689.5619051585453,653.277520517943,653.277520517943,113969
2014-12-08,707.6443481445312,731.9401248221548,673.909084238343,673.909084238343,240761
2014-12-09,676.8165893554688,714.5347651470123,672.634529693237,708.9586855973702,58207
2014-12-10,685.0213623046875,692.9871899990974,676.2191324262753,677.0953540248389,28501
2014-12-11,671.0811767578125,688.0881997649419,668.3329564264269,685.8577776914823,99251
2014-12-12,666.3016967773438,687.0128497014746,663.0356781060357,673.2717963191186,28575
2014-12-15,658.2561645507812,668.21344935744,656.1054299281867,665.3855901962598,11507
2014-12-16,632.16796875,658.7738485882005,626.1537794934486,657.3400095485562,27446
2014-12-17,622.8480224609375,645.1124696686578,606.2790636744264,633.2035973927326,23910
2014-12-18,637.5053100585938,652.2420942844794,628.7030783935314,637.2663449031678,13484
2014-12-19,642.9219360351562,656.3842043340029,639.6559661167528,642.0457144335028,15040
2014-12-22,643.1211547851562,651.5649623019339,636.8679987604727,645.2321188192406,7098
2014-12-23,637.5053100585938,651.6048376634891,631.2919729197006,637.5849975234448,11174
2014-12-24,638.261962890625,641.2491483643721,631.1723565851098,631.1723565851098,9721
2014-12-26,635.5137329101562,643.9575395598548,633.3231302625708,634.0798936283749,4645
2014-12-29,644.276123046875,649.6132372336494,636.4696217654027,639.655952788008,9773
2014-12-30,638.261962890625,650.4098504838631,634.119722643118,648.3785740856262,9730
2014-12-31,633.4028930664062,642.8025612758391,629.30047180869,637.266300565762,36823
2015-01-01,639.1380615234375,642.4040795179757,632.486615929678,637.2262923598612,14852
2015-01-02,642.005859375,653.1580175673386,636.7882522303519,636.7882522303519,34062
2015-01-05,666.0628051757812,676.2988758991033,639.6560628350766,639.6560628350766,92977
2015-01-06,649.0556640625,667.4567561508588,646.1082979406877,667.4567561508588,29168
2015-01-07,665.505126953125,671.9176089327209,641.6872811779895,645.3117232864952,46192
2015-01-08,668.9303588867188,674.7055837773752,665.3457365407941,668.213414969713,35951
2015-01-09,671.95751953125,683.4681525706,667.5364940025206,672.0372069958285,32526
2015-01-12,678.3699340820312,691.4339122403874,670.0456822139546,675.5022552763231,32015
2015-01-13,687.2916259765625,699.3598747716983,679.0868329098907,679.0868329098907,40511
2015-01-14,670.2447509765625,697.009912155513,661.2831949631344,683.8662966691519,30813
2015-01-15,683.4283447265625,691.4339935687393,675.5023347307499,675.5023347307499,30317
2015-01-16,684.54345703125,688.9645307723721,672.037145102761,684.9417484587702,17451
2015-01-19,736.9585571289062,751.137720480414,682.6714227884017,682.6714227884017,176597
2015-01-20,732.3385009765625,746.2388828997525,724.8904699909643,740.7424898265044,51415
2015-01-21,725.5675048828125,741.5390307003796,716.924599986357,741.5390307003796,32955
2015-01-22,731.5418090820312,738.2331241792804,719.3142823133425,728.0766932828295,30705
2015-01-23,724.6912841796875,739.2289219222313,718.7965513458452,734.4494245822169,22795
2015-01-27,743.132080078125,758.3467914246426,722.5005670400744,722.5005670400744,72321
2015-01-28,752.2529296875,783.837456397688,743.2515539873317,743.4506996825547,152063
2015-01-29,752.770751953125,770.4947193932912,749.5844207279266,755.1605003720239,43962
2015-01-30,756.7139892578125,771.0923018988523,750.6201101927073,752.7708938991894,32250
2015-02-02,768.3041381835938,775.8318556377643,756.7536871689103,756.7536871689103,35897
2015-02-03,777.7437133789062,783.6782658483088,769.1008081571251,771.0922654542694,32509
2015-02-04,771.7294311523438,790.5686344118135,766.3126776661411,780.6511685164431,38889
2015-02-05,739.348388671875,778.1419344136373,731.5817059159255,771.8887785143629,27504
2015-02-06,682.273193359375,722.3412999530076,677.6928420904708,715.3313807784223,56077
2015-02-09,676.338623046875,689.0441285515931,661.9603130940739,682.2731746872132,27402
2015-02-10,678.0115356445312,690.4780285059013,673.0328926600638,677.095445887565,15183
2015-02-11,682.11376953125,689.8406315951986,670.3243550662352,680.2816390095838,11898
2015-02-12,686.8136596679688,691.2745036389446,676.3783964272657,684.9815290591591,19534
2015-02-13,684.7823486328125,700.0368784140197,677.0953060050526,689.0440466992595,24493
2015-02-16,667.9745483398438,687.2518632991536,662.8365791626957,685.7383364154928,19196
2015-02-18,666.7000122070312,672.9929874198078,657.1808376230047,670.6431069566808,23382
2015-02-19,662.11962890625,670.7227133680575,659.6900611054906,669.0499089464344,16929
2015-02-20,671.3599853515625,676.9758844616356,658.1765495148436,660.0086802615939,17938
2015-02-23,652.2817993164062,678.4495731866859,647.8209551322083,672.7141673644634,17207
2015-02-24,654.51220703125,665.9829689520791,652.401243389313,653.1580066922461,18872
2015-02-25,655.7470092773438,661.9603457591132,653.9945172902911,657.18084867782,8180
2015-02-26,645.7896728515625,658.7341430943458,640.452558473704,655.5876313729583,13680
2015-02-27,654.1139526367188,666.3414785514373,646.8252009369601,647.5022768349472,40571
2015-03-02,664.668701171875,670.7227109439748,662.0001196466237,666.6999775678062,10697
2015-03-03,669.567626953125,678.5291829731317,661.9602713444966,663.7127631345419,18846
2015-03-04,678.7681274414062,699.3996396769643,667.5363303522734,672.3158267509771,33513
2015-03-05,699.2403564453125,707.3655105471297,678.8080372549575,678.8080372549575,35270
2015-03-09,687.2916259765625,707.9231398201221,679.4851243074918,697.0099458019406,17883
2015-03-10,707.6443481445312,735.7238933211289,685.061244024793,689.8407410761289,62381
2015-03-11,728.35546875,755.9570824079767,708.122294662342,708.2816209473508,143457
2015-03-12,726.1250610351562,743.0922654050063,721.3057446901825,733.4536327150585,28777
2015-03-13,715.4508666992188,740.7821902076122,707.3655317700161,728.8732675332936,32597
2015-03-16,716.486328125,724.0936832804389,697.3683430878928,716.1278561816442,19441
2015-03-17,717.8406372070312,727.2403048837286,707.4451923725763,713.7382161818239,22880
2015-03-18,740.5033569335938,769.0608796974893,708.9586972670616,724.0937705795044,133490
2015-03-19,742.6939086914062,766.3126067141488,735.4052056890896,750.2216254147437,57046
2015-03-20,718.239013671875,747.7922207373446,715.7297580106567,747.7922207373446,21126
2015-03-23,718.0396118164062,726.4833683604971,713.7380461085586,723.097892137326,10668
2015-03-24,713.7780151367188,720.7481147042993,700.0369617034887,718.0795817462481,12708
2015-03-25,717.760986328125,743.8092559387266,709.5561924791654,713.7780719723621,62479
2015-03-26,708.6002197265625,726.125041319402,704.9757777119546,724.0937649041432,18602
2015-03-27,704.4978637695312,720.0710481393438,700.992879922098,720.0710481393438,12942
2015-03-30,714.6033325195312,721.8215479995265,705.7810691550926,713.8413999840893,12103
2015-03-31,730.042236328125,741.6314911774409,715.4453919306295,715.4453919306295,26519
2015-04-01,732.4884643554688,736.2579867139435,720.2175077005678,729.8417951085931,14137
2015-04-06,749.69189453125,761.8425770722216,732.4483794390629,736.1376700641702,45012
2015-04-07,753.2207641601562,769.9830342745618,745.9223173098758,756.7897313485948,41491
2015-04-08,791.9585571289062,809.2421634154864,750.93501261395,757.1106068029923,154304
2015-04-09,766.69482421875,788.3895628256031,762.7247957753291,785.9834909146399,47581
2015-04-10,766.213623046875,775.7577284047601,757.1106700585098,765.9730256327394,29664
2015-04-13,765.1709594726562,776.9206302243304,762.7247961522997,768.3389639473219,15454
2015-04-15,752.8197631835938,775.4367982987337,749.8121735191704,766.6145352830919,19516
2015-04-16,738.3431396484375,754.4638484681626,733.8919170536694,752.4988802375638,12558
2015-04-17,727.155029296875,747.4863167214579,724.6286342895249,745.8421774245801,16847
2015-04-20,706.14208984375,737.9022228783556,702.573073004479,729.801799494015,19108
2015-04-21,698.7233276367188,714.1622898366073,693.7507689820069,712.1171384004607,10800
2015-04-22,704.0166015625,713.7211205636706,694.5527289035679,701.7308529244845,13094
2015-04-23,702.9339599609375,721.3805123642964,696.1568472224146,712.1171447520724,13293
2015-04-24,672.2163696289062,704.1770033315735,666.481879007446,704.1770033315735,26078
2015-04-27,646.8323364257812,678.7528808694806,641.6993634004494,678.0310886623193,18805
2015-04-28,650.2810668945312,657.6596976832611,639.2131451872672,645.3486485329037,16664
2015-04-29,665.5997314453125,672.6174413848422,653.6495543676209,653.6495543676209,14789
2015-04-30,670.3717651367188,673.7001844381195,658.862739899899,662.7124454492131,8210
2015-05-04,679.2741088867188,685.7303910826049,669.6498226960857,673.6599419421829,8841
2015-05-05,688.9385986328125,692.948718531723,679.2341280581128,684.0061315764891,9430
2015-05-06,663.5947875976562,692.8285281005943,654.0105894125885,689.740754767477,12673
2015-05-07,640.7769775390625,666.4818326543543,637.6089734779924,662.4717133243041,18653
2015-05-08,653.24853515625,665.6398155029527,649.5993358183302,657.6596670695212,15654
2015-05-11,655.614501953125,664.0758450190139,652.8475094752141,659.1032866307138,6862
2015-05-12,656.5768432617188,661.6295837177584,650.8022617612515,655.6144048530324,6367
2015-05-13,662.9129028320312,673.6199522060612,653.6896271739862,653.7698589420077,8372
2015-05-14,658.2210693359375,664.7976755540428,651.6444631178322,659.2636906865946,4920
2015-05-15,656.7775268554688,665.5596512118552,654.0105340390056,657.9404225891777,6370
2015-05-18,660.346435546875,663.9555435180584,656.0155353524507,663.9555435180584,5050
2015-05-19,668.0057983398438,672.8981250797839,655.2535973661305,655.2535973661305,6460
2015-05-20,672.2163696289062,688.8182256486338,666.6022021763765,668.0859268510259,15631
2015-05-21,672.015869140625,679.2741759018127,663.9554894994369,675.2640562600895,4430
2015-05-22,674.1411743164062,684.8080823163552,669.1686163832384,669.1686163832384,8484
2015-05-25,664.6372680664062,680.116320765188,661.2286662229486,680.116320765188,4277
2015-05-26,661.2686767578125,669.5696041807216,658.0605812974956,667.604684872599,2108
2015-05-27,655.8952026367188,661.6697850969879,652.8475212956947,658.4616891692449,6938
2015-05-28,656.9378051757812,663.5545028369223,653.6495265248469,657.8200609015946,8246
2015-05-29,655.253662109375,663.5145002012044,645.8298793311802,658.4617583742923,9199
2015-06-01,653.4490966796875,665.6799634785402,651.2034391233456,657.5795401301293,5761
2015-06-02,638.4511108398438,657.2585809389209,635.3232470251595,656.9778921567653,9818
2015-06-03,627.5035400390625,639.6140817555906,615.1523519831198,636.8470894172259,14999
2015-06-04,626.2603759765625,637.9699549091054,622.3705794357517,637.9699549091054,7601
2015-06-05,635.5238037109375,640.0151182937393,623.7741331490673,637.4085404310142,4921
2015-06-08,619.4031372070312,645.6293322968763,616.275272918453,634.0801668962429,7731
2015-06-09,627.0624389648438,630.3908581144324,617.1574622379844,617.3980596454061,3959
2015-06-10,648.917724609375,655.6547470959832,629.0676267615149,629.0676267615149,7017
2015-06-11,666.7626342773438,679.3143294854546,630.4309567882294,658.4617054398561,23378
2015-06-12,663.2337646484375,682.4823408823023,652.2460259246075,661.6698080391038,18539
2015-06-15,671.414306640625,676.7477360392073,654.4514821010938,663.1935619206051,20570
2015-06-16,657.6997680664062,685.7305165142507,653.6896480867908,671.2539931781706,49305
2015-06-17,653.7698364257812,668.8879681639316,649.5190703684501,661.6296612733474,33810
2015-06-18,653.5693359375,662.5118736021896,652.446482827693,660.747411123203,10691
2015-06-19,660.9078369140625,664.3565301646008,650.0805134136567,656.0556017282863,10771
2015-06-22,654.5316772460938,671.1335815644404,649.7997656646561,658.4616138889425,133503
2015-06-23,650.5216064453125,661.4291615393413,649.5993082735502,650.1205944702009,17425
2015-06-24,647.3536376953125,656.1357606083918,645.6292666571186,652.8474820607386,18040
2015-06-25,650.3211059570312,653.5292017850521,646.1104801827538,646.5917239279514,6329
2015-06-26,645.5892333984375,652.0455168561894,642.5816433760381,649.7998594297966,6493
2015-06-29,641.9400024414062,649.5190897643802,630.4710205578051,640.0151253409207,20899
2015-06-30,642.54150390625,651.2434441395204,633.6390087348265,640.3760294617601,15385
2015-07-01,645.388671875,649.559206137607,643.2231974548332,645.4287632815175,15020
2015-07-02,639.6140747070312,648.8373497655025,638.4110388298393,645.7094369041415,16169
2015-07-03,647.8749389648438,650.6820227982718,641.6191619263928,643.5038986338888,9022
2015-07-06,650.6820068359375,656.0956683818852,639.9750069146146,640.6967990830807,8665
2015-07-07,650.0003051757812,656.7372768304374,648.5165315312815,656.0154846629684,19349
2015-07-08,645.2684326171875,650.4414974737415,641.6192330197204,646.3511944439059,8957
2015-07-09,644.7471313476562,652.8074629844396,642.5415652855102,642.5816566963078,7263
2015-07-10,646.752197265625,654.4516083716859,643.2232719535442,648.6770255663092,17406
2015-07-13,649.3587646484375,652.8475495401312,646.7922780048763,649.1181182821183,7004
2015-07-14,650.5216064453125,664.7976719206098,648.0353517802837,652.0454715313992,58127
2015-07-15,659.023193359375,668.5271590839217,653.6496222572341,655.1333472178883,37713
2015-07-16,656.9378051757812,667.2839338265921,654.5317332990027,657.6596463194778,26230
2015-07-17,657.4991455078125,664.0757508988318,653.6494408001786,659.9052170690402,28634
2015-07-20,661.9505004882812,675.9458293253247,660.186086818506,675.9458293253247,98726
2015-07-21,652.486572265625,667.1235092977942,649.8799944379784,667.1235092977942,26928
2015-07-22,650.2810668945312,653.6495775754363,647.3135682244086,648.0755008352277,16275
2015-07-23,645.5892333984375,653.6495648681357,641.2181927755515,652.807449452196,27837
2015-07-24,640.4561767578125,652.4464438756679,638.0901964580371,644.5063876700904,14887
2015-07-27,638.4511108398438,646.3911669687606,637.6089955417232,643.8246807183878,6942
2015-07-28,626.6211547851562,641.6190089087269,623.4531511383403,633.5987712973678,17741
2015-07-29,627.744140625,633.598905531351,624.1350329352645,631.8344430927045,15095
2015-07-30,637.5689697265625,640.0151330638557,619.2828328579269,633.438526668106,16219
2015-07-31,657.0982666015625,659.9454420683903,640.0151648489344,642.3811454867658,27798
2015-08-03,656.4566040039062,662.471783637418,652.4063928410066,657.6596399306086,20936
2015-08-04,656.7775268554688,664.8779503368077,653.4491074027914,660.8678300090826,57287
2015-08-05,691.06396484375,705.781084931836,658.100750710598,660.0256277956206,281306
2015-08-06,702.0516357421875,727.4357130037414,696.6781145097694,696.6781145097694,156908
2015-08-07,705.5404663085938,724.2276142275674,701.6506208478949,701.7709440189607,127158
2015-08-10,705.6207885742188,720.1374540561508,701.771082710824,705.7812031834573,48371
2015-08-11,695.5953979492188,711.1546829630053,690.5426565937428,707.3851604131023,35305
2015-08-12,681.3194580078125,695.5954768843883,676.1063014721435,689.9412168937265,31691
2015-08-13,658.26123046875,688.1767173540001,657.6597124390801,681.7204336258757,37252
2015-08-14,663.91552734375,672.0961827957981,652.0455806837516,658.301358752377,33613
2015-08-17,656.9779052734375,668.8879407529449,653.6494864672064,665.5595219467139,21980
2015-08-18,656.6170654296875,664.0758789170468,654.4515908167998,657.6596868502155,13322
2015-08-19,676.7879638671875,680.1163832005437,653.6495899863717,655.3338208829722,47717
2015-08-20,670.5321044921875,686.5324918675152,669.6899891464664,672.2163841352863,35842
2015-08-21,658.94287109375,667.3240313314376,653.689623905117,661.7098635676584,24636
2015-08-24,612.0645141601562,652.8073155139504,609.5381194790237,649.6393115500122,44325
2015-08-25,598.5103149414062,629.5887400053654,572.003435741702,617.9593938524,42830
2015-08-26,597.6282348632812,612.7463684840887,593.4977914636462,603.1220799738675,19004
2015-08-27,619.4432373046875,629.5888608208733,605.6083228471588,605.6083228471588,24955
2015-08-28,610.1798706054688,629.9898738839403,606.4905796579781,624.6563945180073,18547
2015-08-31,615.1925659179688,622.370691284326,605.728691485164,608.2951783529581,12354
2015-09-01,604.08447265625,622.0497804708581,602.0794127024997,610.3803413303626,12714
2015-09-02,612.746337890625,613.9493738943369,597.8688024350524,609.4580590611431,19787
2015-09-03,615.6736450195312,619.523349815414,612.7061469023281,619.523349815414,18892
2015-09-04,604.4855346679688,617.4381936700289,596.7058916133226,617.4381936700289,11686
2015-09-07,590.4500122070312,608.8965621331167,587.4424225451695,605.2072227769067,15048
2015-09-08,593.6179809570312,596.7057532446393,585.3170046154999,595.1017055208633,12717
2015-09-09,605.2473754882812,613.5483035437998,594.2997293149747,601.3174386692339,15860
2015-09-10,602.5205078125,605.6885122861719,596.7860168430055,599.1519973462116,7462
2015-09-11,598.6707153320312,607.773666490065,597.5077709539383,604.7259856366034,5772
2015-09-14,597.2672729492188,601.5580816992923,594.2997744067882,601.5179902902714,14235
2015-09-15,595.9036865234375,601.3173472018133,593.4976151108261,601.3173472018133,8438
2015-09-16,593.537841796875,602.9215322352311,591.8937024138352,597.5078703229094,11288
2015-09-18,606.2900390625,620.7665621491609,595.2622093085582,595.2622093085582,61981
2015-09-21,606.5306396484375,611.8239783774328,601.5179897339876,607.9341816244835,25893
2015-09-22,615.874267578125,631.192906855061,603.924090040484,609.538258208191,65535
2015-09-23,606.2900390625,615.9544182565318,603.9240585249588,615.9544182565318,14170
2015-09-24,606.6510009765625,611.0621331786743,605.6083305674606,609.498176516684,7514
2015-09-28,615.8340454101562,622.7314804709598,604.9666311194485,607.934129404233,15260
2015-09-29,607.61328125,615.3127399873786,605.9691420610503,612.7462537415857,11023
2015-09-30,628.3056640625,631.0325164776115,607.9342334914867,607.9743249038909,17046
2015-10-01,619.5234375,628.7868047438408,617.5584689448436,628.7868047438408,7309
2015-10-05,633.9998779296875,638.3709178714624,622.6913607882632,623.4532443138899,18397
2015-10-06,631.83447265625,640.8171508946671,627.3030666047732,639.9349441098934,9928
2015-10-07,637.3684692382812,647.8348724286915,633.3984407311162,633.3984407311162,20056
2015-10-08,631.5940551757812,640.0153092447918,629.5889946831597,637.6092366536459,6545
2015-10-09,623.6537475585938,640.8170781176243,621.6486878648591,628.7867199552157,12468
2015-10-12,629.6690063476562,630.3908475094374,624.0548384945188,624.0548384945188,5440
2015-10-13,622.290283203125,633.5987991516279,619.964394612922,627.9846325768666,8942
2015-10-14,619.5234375,629.5888287294835,613.0270138452989,618.3604929304863,14935
2015-10-15,626.4608154296875,629.5887280541841,622.3304219350999,622.3304219350999,7219
2015-10-16,634.7619018554688,637.4887540727241,626.5010644813925,628.5863072917442,10178
2015-10-19,641.0176391601562,653.1281811701326,637.5288545739792,637.5288545739792,27890
2015-10-20,642.9024047851562,651.8049003618161,641.6191859938322,645.5892144975008,14624
2015-10-21,643.945068359375,650.4414429686574,641.6191792539161,643.8648365909731,16832
2015-10-23,643.664306640625,656.0555863691014,641.6191553732043,644.8272511500703,22960
2015-10-26,638.3710327148438,652.8475565808811,637.5690086895602,645.4288343470074,14672
2015-10-27,634.4811401367188,639.8146190930875,625.4985108758044,639.8146190930875,11634
2015-10-28,630.9522705078125,641.8998683883664,628.105095188767,634.4811466244961,10687
2015-10-29,627.5035400390625,640.0150937190738,624.7766391067149,630.3106237834444,7533
2015-10-30,619.763916015625,636.8470138424193,617.5583504782028,629.3882019971035,12061
2015-11-02,605.9692993164062,618.0397522380794,601.5180753491558,617.7590633835829,22983
2015-11-03,608.0946655273438,610.179908548783,604.726154610533,607.7738363155846,7153
2015-11-04,609.7386474609375,613.5482608452709,607.5330818173761,609.7787388641264,6207
2015-11-05,603.924072265625,612.7062448598198,603.2022310846435,609.4981488584087,8995
2015-11-06,604.565673828125,619.9244528161827,601.5179924566764,605.5281124063875,14410
2015-11-09,605.6484375,611.5833856733371,589.4876344709157,599.9139463731224,8956
2015-11-10,601.5581665039062,607.7738532798284,598.9114967638469,601.8789957246204,11297
2015-11-13,601.7986450195312,605.9290878995755,600.7159322789968,603.9240280455067,1944
2015-11-16,601.3575439453125,605.3676636688098,598.3900455595932,603.1220064139827,9726
2015-11-17,600.9165649414062,605.4078803806552,600.3150468583818,600.7962417441346,8704
2015-11-18,599.873779296875,603.1219662663565,599.192029618268,600.9164005652494,11001
2015-11-19,598.470458984375,601.5181411089928,596.705995980121,598.3902271945575,8206
2015-11-20,593.7784423828125,601.5179934795802,592.7759123936798,597.7083795208763,9837
2015-11-23,589.487548828125,601.5179069674745,588.7256163556357,598.149396898126,14890
2015-11-24,590.6104736328125,593.4977403565865,588.0439871274252,591.091668436222,7596
2015-11-26,589.2870483398438,593.4976737277773,588.4850244564278,589.6880602815517,6428
2015-11-27,589.60791015625,592.6956826978975,587.8835391306615,589.4875869864068,6026
2015-11-30,592.6957397460938,597.5078837765086,586.2795477055406,591.5327951484114,10836
2015-12-01,610.3401489257812,629.5085384924156,592.1341977680197,595.1016957988563,24489
2015-12-02,621.6889038085938,627.984772431748,609.0971176106267,610.3402449815584,15366
2015-12-03,630.23046875,640.6166896590613,621.2076984731118,621.5285276636214,31300
2015-12-04,625.3781127929688,636.8069529434014,623.9745710201086,626.9821605333804,10550
2015-12-07,616.1148071289062,629.4684765026234,610.7011454756448,629.4283850955233,6147
2015-12-08,616.3955688476562,621.5686337186147,612.7062778281851,617.5184220892324,11801
2015-12-09,602.2799072265625,616.515832627046,599.3124087612006,614.3503581279085,8953
2015-12-10,603.924072265625,607.7737776769862,599.9941350832324,604.8464194466948,2322
2015-12-11,602.5205078125,608.7361935836107,597.9489613905127,604.2849703378566,3068
2015-12-14,604.284912109375,607.9341110330288,590.2895853829937,598.1093183415319,3995
2015-12-15,611.1823120117188,614.2299930853046,599.994068655167,602.6006463677273,8747
2015-12-16,605.0067138671875,617.5183161708858,601.91894140997,614.3503119520814,7999
2015-12-17,608.7362060546875,613.3478439793442,599.6332533840723,607.8138588890924,6810
2015-12-18,606.9718017578125,613.3879942688923,602.3200719776125,608.0144232505302,7628
2015-12-21,629.2680053710938,636.8070504864843,603.9240667711872,607.7336807382034,42453
2015-12-22,638.17041015625,650.441365711651,629.9897568020984,634.4008881355313,34444
2015-12-23,635.9649047851562,647.2333315604055,633.5989243280302,641.4587492951857,16557
2015-12-24,636.7268676757812,645.8298204164167,634.4009785152259,639.0527078846769,8824
2015-12-28,633.558837890625,643.2232168319961,630.3908334538016,637.4887259292024,15706
2015-12-29,625.9796752929688,636.8069983121296,625.5786633292961,636.8069983121296,12664
2015-12-30,626.2203369140625,631.0725723818779,623.2528382881691,626.3807515063169,19061
2015-12-31,622.8517456054688,628.6664189219758,620.8466858411559,624.8568053697816,8340
2016-01-01,624.2152709960938,627.8243790052661,619.5234501648337,626.2203310011895,7890
2016-01-04,618.6412353515625,638.4111478914285,609.8189707450226,625.5787630091888,6042
2016-01-05,615.874267578125,621.9696305795422,613.8290671557024,617.6788216320309,8339
2016-01-06,613.067138671875,621.5284817156777,611.2224443903108,621.5284817156777,17858
2016-01-07,599.9139404296875,613.5483481667259,597.6281916544359,609.9793316452281,13388
2016-01-08,606.5707397460938,609.5382383282871,601.5179983502834,601.5179983502834,5152
2016-01-11,609.618408203125,613.067150481766,599.1920964531063,601.5981683954183,8264
2016-01-12,612.2249145507812,615.0319981552353,607.3325884208225,609.6183369180739,8826
2016-01-13,599.4728393554688,615.7940079233775,588.7657897494145,610.0194254220028,14903
2016-01-14,594.7008666992188,599.472919856862,591.532861732268,593.4978305561995,12066
2016-01-15,583.3922729492188,599.7535330595516,579.9836709739419,597.3875524863804,13577
2016-01-18,566.790283203125,580.2642745353853,565.4268328230085,579.3018360934411,15366
2016-01-19,574.1287841796875,577.4572029160456,565.7075333038285,567.0308923078393,12215
2016-01-20,563.4617919921875,574.2490215305417,561.4166411611441,574.2490215305417,13544
2016-01-21,561.5370483398438,568.6349402131833,558.2086296027863,566.2288685338609,6798
2016-01-22,567.7125854492188,569.7176451547704,561.4969003620088,561.4969003620088,6490
2016-01-25,573.2866821289062,576.6551923474141,568.6750446379499,569.3968857389353,4382
2016-01-27,577.3368530273438,589.9286373539603,573.4470569073044,573.4470569073044,11952
2016-01-28,584.7957153320312,589.4875353181889,575.8531297394009,581.2667907780373,9462
2016-01-29,579.4622802734375,592.0540655659041,578.3394272085086,590.6505237105706,8292
2016-02-01,574.7705078125,582.6704244755865,571.8431006897359,581.467388499381,8021
2016-02-02,570.3191528320312,578.9008180081242,568.6349222902527,577.4571848363638,3680
2016-02-03,564.8654174804688,572.4044616477346,563.020772318758,571.8029437285907,3865
2016-02-04,553.0355834960938,585.2769548267254,550.9904322931968,563.4218030363476,14202
2016-02-05,562.379150390625,570.078560002438,551.0304929898069,557.406592580155,10904
2016-02-08,559.211181640625,566.4293969647779,549.8274919288951,563.8228192088338,14773
2016-02-09,553.6372680664062,560.614888051371,552.5946464483471,560.614888051371,5212
2016-02-10,549.5466918945312,557.4065149772628,549.3862773516906,557.4065149772628,5844
2016-02-11,537.3160400390625,553.3966129884669,533.4261938956084,549.5469072101844,13790
2016-02-12,505.75634765625,542.9702832530791,497.25491228494684,542.9702832530791,29524
2016-02-15,520.5135498046875,523.3607250710688,508.4831904101262,508.4831904101262,9403
2016-02-16,510.7690734863281,522.5187471667554,506.8792758394311,520.5136867401753,6500
2016-02-17,515.8217163085938,517.3054410161169,500.4228468787129,516.904429046337,14300
2016-02-18,521.4359130859375,522.9196378765492,513.4156732412051,516.1024340085268,7174
2016-02-19,521.7967529296875,526.9297256982784,515.7815734125838,525.3256778270508,5788
2016-02-22,519.831787109375,527.571288027132,514.9795035701337,518.2678307840126,5844
2016-02-23,518.5485229492188,522.7591482633981,516.8242010010699,522.7591482633981,2642
2016-02-24,519.06982421875,520.5134572992039,515.05970513324,519.7114334821018,2599
2016-02-25,507.3603820800781,520.5135957600729,506.35785204201943,518.7491331027572,14055
2016-02-26,515.380615234375,520.4734971280539,509.2852522682075,511.771507147435,7406
2016-02-29,523.9221801757812,534.0276630370839,517.305482148303,519.5511395672968,31717
2016-03-01,531.3408203125,538.1580232900943,518.4282554297178,521.3957046233483,9109
2016-03-02,537.1556396484375,547.5418615081209,533.7871286464232,533.7871286464232,8908
2016-03-03,537.6768188476562,541.3661090471688,533.5062849579996,541.2056944837874,3067
2016-03-04,535.5112915039062,542.8096883731404,532.9448055993287,539.6015932303303,10549
2016-03-08,532.0626220703125,540.5640549864727,529.4159043014927,537.9975689706878,18580
2016-03-09,527.7317504882812,534.7093685297494,523.7216308037199,534.7093685297494,9194
2016-03-10,528.7342529296875,531.1002332109437,525.4459745399103,529.8169656075851,2988
2016-03-11,527.0901489257812,533.3058345287936,524.603845313582,533.3058345287936,10902
2016-03-14,520.83447265625,532.7445110185653,517.3055470184037,526.3684096021912,13600
2016-03-15,513.455810546875,522.1176605631193,511.81167102207036,521.3156365069548,13621
2016-03-16,517.2252807617188,519.7115355021303,511.6912957567271,516.4633481955738,4284
2016-03-17,514.5384521484375,521.1551496949963,513.3755076378019,517.4658591284868,5759
2016-03-18,516.383056640625,521.3155230936336,513.3754670843156,515.8617704885231,6608
2016-03-21,508.0822448730469,520.4735264602045,505.2751606472289,516.5034975505007,17816
2016-03-22,513.5760498046875,519.7115529971232,505.27512096942536,505.27512096942536,7249
2016-03-23,517.345458984375,521.155072156501,512.6937305855827,518.0272086072189,7906
2016-03-28,513.7364501953125,521.395769407967,513.2953467969905,521.1952634131245,9696
2016-03-29,509.365478515625,512.9344954962093,501.34523763865616,509.68630773136994,13790
2016-03-30,516.1024169921875,519.9922136079691,510.68875527548624,510.8892612649937,6307
2016-03-31,514.498291015625,520.5134697882161,513.2952552611068,513.2952552611068,4146
2016-04-01,519.9521484375,521.2755076156898,514.0572916291859,520.5135750267823,2549
2016-04-04,521.2354125976562,523.7216673951316,519.3105354339168,520.513571423339,27866
2016-04-05,520.794189453125,525.2855525741579,520.1124887324407,524.3632055269704,9109
2016-04-06,518.1876831054688,524.2830948327788,517.3054762924556,521.3556876730956,7164
2016-04-07,518.02734375,521.3156227125992,517.3055025378868,518.1075265728293,8541
2016-04-08,518.02734375,525.3257428873114,516.1024664854732,525.3257428873114,10751
2016-04-11,517.10498046875,520.9145945164066,513.5359638337712,516.5435538713948,5464
2016-04-12,520.7542114257812,521.395820882288,516.904505735077,517.7466212062211,7709
2016-04-13,520.9146728515625,527.731877962014,519.7116366556004,524.042586541731,25643
2016-04-18,523.6014404296875,526.1278360523747,519.7116429297848,526.1278360523747,31886
2016-04-20,547.9027099609375,550.990482750857,522.6790456109047,526.1277389877179,84518
2016-04-21,545.5366821289062,554.9203718168576,542.9701957853798,554.9203718168576,19650
2016-04-22,548.4156494140625,554.0518719027201,543.3876513055314,546.9964591937674,7657
2016-04-25,539.9410400390625,549.8348330704947,539.2922772741578,549.8348330704947,4821
2016-04-26,546.063720703125,556.2413795827119,536.4943355808149,541.5628710796462,21695
2016-04-27,548.0911865234375,554.7005772353715,543.3470566486826,548.5372572872805,9924
2016-04-28,545.2528076171875,551.8621983441575,543.3875962731868,550.2808052165011,5855
2016-04-29,542.3739624023438,547.7263668274636,540.9953105278086,547.7263668274636,5003
2016-05-02,543.8335571289062,548.0505885017342,539.3327075712621,546.5908601989058,8611
2016-05-03,541.4817504882812,547.1179714063232,541.3195474659624,543.3469615014154,7827
2016-05-04,542.9821166992188,546.5503858552696,539.6977152586617,541.4818498366872,15499
2016-05-05,543.022705078125,547.401940400298,542.2523271303177,544.5230215761966,9775
2016-05-06,541.6439208984375,544.968859917422,540.1030665253022,540.1030665253022,7536
2016-05-09,544.0364379882812,547.0775600225694,540.1032732895735,543.3471367928142,7044
2016-05-10,548.0911865234375,551.4567142106032,541.1169008191545,541.1169008191545,15600
2016-05-11,544.8473510742188,547.3208363537287,541.7251525538287,546.9964302358645,7862
2016-05-12,546.4287109375,549.8347769775531,543.4281277713241,547.3613413463861,9791
2016-05-13,553.1192016601562,565.243149999369,547.4829795763163,551.6189347625706,67032
2016-05-16,588.0311889648438,623.6326017644052,555.5114853167978,557.9443823327838,347108
2016-05-17,585.3145751953125,600.6823872422879,580.732598555534,588.8422566808587,63380
2016-05-18,577.6914672851562,589.5721360428997,574.9747516566931,578.2591532441047,58057
2016-05-19,572.9879150390625,583.8548772967082,568.4870644426044,577.4482272422498,11356
2016-05-20,572.0147094726562,577.40765186276,561.2694125805473,568.4059512464536,13322
2016-05-23,570.2306518554688,580.6515431308434,566.6218439574747,574.5692993131321,9043
2016-05-24,577.2453002929688,583.7330250492762,569.2978473659746,573.9608995345706,18572
2016-05-25,578.3402099609375,584.7062709202559,577.4075796050238,578.8673079685866,12260
2016-05-26,585.3550415039062,591.9644318611139,579.8810229434008,580.6514502699187,24454
2016-05-27,579.6377563476562,588.0312318662093,576.5966348558007,582.4761364067214,11289
2016-05-30,588.9638671875,591.9644503174059,577.4076054216868,582.0301200274962,10360
2016-05-31,594.5189819335938,607.0078745011909,588.8016831954918,588.8422215842172,35916
2016-06-01,587.3824462890625,598.0872034226878,585.557773465061,597.6411821874156,12046
2016-06-02,584.503662109375,593.6270283233611,581.1787217770274,589.045051270254,7117
2016-06-03,585.3550415039062,591.3156691904637,582.2733816952536,585.5577829320731,8899
2016-06-06,590.0586547851562,591.9644539795855,583.9358733252257,585.3145249877568,7336
2016-06-07,591.2752075195312,593.5864899924476,586.7338183581635,588.5179532063543,5851
2016-06-08,595.046142578125,605.7914391902683,591.518461225183,592.0455592850607,11069
2016-06-09,589.8154296875,601.5744340516019,588.3557011142,596.0598763872323,8972
2016-06-10,588.6800537109375,597.6817536756045,586.4093100284801,589.6126346186273,6355
2016-06-13,573.6771850585938,587.1391965620143,572.4201485619402,583.8953335975832,13914
2016-06-14,566.4190673828125,575.8667891621744,564.8376741887577,575.8667891621744,13049
2016-06-15,568.2843627929688,577.40772930231,565.2837790192991,567.6761383590126,13781
2016-06-16,562.7291259765625,570.8387830766864,561.2693481006052,566.2568070161489,12966
2016-06-17,563.33740234375,567.2705666019924,561.2288616043164,566.0541179245042,15810
2016-06-20,565.1620483398438,566.7028535592095,559.5663648919558,563.4589905743287,4130
2016-06-21,564.9999389648438,567.2706335312442,560.7829064858547,562.9319858686117,4192
2016-06-22,567.6760864257812,574.9747789655413,563.6212572370257,566.0136163578768,7691
2016-06-23,570.0684204101562,571.7308904047561,562.8102665828379,566.9056339834154,5962
2016-06-24,561.5532836914062,563.6212366024771,556.5658241728604,562.810270794416,10842
2016-06-27,569.17626953125,571.7308313425996,560.3773112875692,561.2288153922126,4331
2016-06-28,565.20263671875,570.9199358358024,563.7023202570899,566.9056451374719,4107
2016-06-29,568.4059448242188,572.4607737942947,566.4596071196127,568.7303014433704,10725
2016-06-30,572.1364135742188,574.0016251505953,568.4870672084016,570.8794263921451,6481
2016-07-01,576.4749755859375,579.0295374619437,567.7570938944586,574.0420783697109,14866
2016-07-04,577.4076538085938,584.4630662195038,575.7857221967719,575.7857221967719,9873
2016-07-05,576.5560913085938,581.867906900677,573.3527667996914,581.867906900677,12292
2016-07-07,574.0015869140625,579.0295848048501,571.6498157778757,578.8673817443554,8042
2016-07-08,571.2847900390625,577.2048296747041,570.149418274455,575.5423599102141,3919
2016-07-11,573.3123168945312,580.6515479290654,571.8525882657034,574.8125839163267,17201
2016-07-12,574.5288696289062,577.2050475155819,572.541993039692,574.1639250313059,14097
2016-07-13,565.851318359375,575.7856482051684,565.4458355085263,575.7045714339661,14592
2016-07-14,568.3652954101562,573.7582371555326,564.4321315339232,564.4321315339232,6691
2016-07-15,566.90576171875,570.8795148428502,566.0542573342815,569.257582873411,4395
2016-07-18,568.6898193359375,573.1501316444546,568.4870778673685,569.6629882845542,7099
2016-07-19,567.6760864257812,570.0279071542301,566.054154750279,569.1358150342479,6383
2016-07-20,567.5138549804688,570.9199212281899,566.0946648353703,566.1352032257454,14629
2016-07-21,585.7606201171875,598.492793786937,581.3408463611454,581.3408463611454,42644
2016-07-22,590.8695678710938,594.47837500518,586.3281799141554,588.7610769262474,24028
2016-07-25,590.8695678710938,603.2367943492278,588.7610769262474,594.1945568194026,29530
2016-07-26,576.4344482421875,592.8159663781121,574.6097752950592,591.1940348695537,28168
2016-07-27,570.1089477539062,579.0295714029717,567.3111058917601,578.9890330131424,20238
2016-07-28,570.4334106445312,575.137002773627,568.4870727647675,572.3796990268665,23392
2016-07-29,570.5955810546875,579.6784089325149,569.2980554281821,572.7041220695461,14973
2016-08-01,568.1220703125,576.6372110479591,567.6760490306035,572.0958224546836,18996
2016-08-02,569.6629028320312,572.5823597425184,567.6760268386118,572.5012829662243,10406
2016-08-03,568.2843627929688,571.9742477928161,566.0542065351298,571.9742477928161,11289
2016-08-04,566.9461669921875,570.5549746762821,564.6754726676483,570.5144362860522,7844
2016-08-05,568.8114013671875,573.1905867535197,565.0809291891026,569.176296359649,8213
2016-08-08,581.0164794921875,582.435669696371,571.649834044062,571.649834044062,9615
2016-08-09,575.2586669921875,585.2741260018064,573.0285106678404,583.0845080747789,8183
2016-08-10,569.2169799804688,578.786367616446,567.7166633802643,577.407715699139,7750
2016-08-11,568.3248291015625,573.6366452515308,566.9461773266469,573.6366452515308,6346
2016-08-12,572.3390502929688,574.9746888525892,567.7570742288149,570.5954542160985,5610
2016-08-16,571.2037353515625,576.7994191109759,570.0278745520169,571.7308829149216,7293
2016-08-17,576.1505737304688,579.4349748148907,571.7308009020264,573.1905292176122,16112
2016-08-18,584.9495239257812,588.3555896162891,573.8392844222412,573.8392844222412,22086
2016-08-19,595.6138916015625,603.4802704199809,582.678976108574,582.678976108574,46786
2016-08-22,596.3031616210938,606.6024375049544,592.9782215353443,597.6818134239993,17434
2016-08-23,601.3312377929688,612.1170747750015,596.8709251727917,600.1553272936175,28127
2016-08-24,596.5869140625,606.5212435054801,594.6000382744207,603.6017373992973,12603
2016-08-25,595.6138916015625,601.2095263918308,592.4105665237486,598.9388318611091,16102
2016-08-26,590.78857421875,597.8439864458985,588.0312707514981,597.8034480561438,3598
2016-08-29,585.8010864257812,595.248857159225,582.5166850561989,593.1403660200273,9862
2016-08-30,583.7736206054688,590.3019338788284,578.2185255377682,580.9758286282192,7408
2016-08-31,587.342041015625,587.9502654281368,579.8406065946454,585.192961625778,6322
2016-09-01,579.9620971679688,588.3555717418886,578.4617810357192,588.3555717418886,10229
2016-09-02,579.1511840820312,583.8953137069325,575.4612504877537,582.3139206661591,6452
2016-09-06,592.9376220703125,604.6560374444349,589.0044085231067,589.0044085231067,17201
2016-09-07,596.2625732421875,600.114660590573,593.2619900397502,596.0192934144054,18905
2016-09-08,593.5864868164062,599.7498077163465,590.383161685249,599.0605065160978,7062
2016-09-09,596.9519653320312,600.1147520675753,588.7612297311617,594.2757878236482,42864
2016-09-12,589.2476196289062,596.0597508663448,587.9500943919727,595.8570094544855,20473
2016-09-14,590.78857421875,593.8702343014634,587.9501939719887,591.9644845061787,5127
2016-09-15,590.0993041992188,594.6812314262925,588.7611907848283,591.9645157030463,6139
2016-09-16,590.9912719726562,594.843359165617,588.0312272780449,592.4104619911155,10138
2016-09-19,586.4500122070312,593.3026344853893,584.0171144994683,593.3026344853893,8175
2016-09-20,588.720703125,594.4380028022615,586.287805432767,587.7880725440052,8114
2016-09-21,588.8828125,594.4379082143575,587.098677910104,590.3830793725134,6108
2016-09-22,590.1802978515625,592.0049707064798,586.6526167976901,591.2345433793641,20686
2016-09-23,583.287109375,591.0318223042003,582.5166820213535,591.0318223042003,7118
2016-09-26,581.6246337890625,587.7879535628227,580.651465009674,585.5172594091963,10355
2016-09-27,577.4076538085938,582.9222113893032,575.7857221967719,582.9222113893032,14180
2016-09-28,577.4076538085938,581.4624828381485,574.9747563908609,578.2186196145046,10471
2016-09-29,563.9861450195312,587.9096348261908,561.9992690174599,579.678312602219,20468
2016-09-30,568.5680541992188,573.9609961092807,556.3224914602141,556.3224914602141,8450
2016-10-03,576.029052734375,578.1781321081456,567.6761140978496,567.6761140978496,9147
2016-10-04,574.3665771484375,579.8405967682779,572.541903941824,579.0296308986719,7494
2016-10-05,576.1505737304688,579.6782546179188,572.5417665770648,574.3664393459011,9726
2016-10-06,578.056396484375,592.815983539003,575.7857022061452,576.1506467056196,20891
2016-10-07,581.9085083007812,583.8953844389822,577.5293226159439,581.3002839419906,6385
2016-10-10,581.827392578125,586.7742638995685,575.2991281301802,579.9215933496771,23679
2016-10-13,573.7583618164062,581.178719439576,567.6761176982111,578.6241571109623,23857
2016-10-14,579.110595703125,580.4892473143489,573.352758941296,574.0420599981984,13800
2016-10-17,579.8810424804688,586.1660269653923,577.4886836480136,581.3002325254515,10305
2016-10-18,577.8131713867188,583.6926738324081,576.8805408549831,582.8817079778303,4381
2016-10-19,580.7731323242188,584.7062963495157,577.4076047168587,577.4076047168587,6672
2016-10-20,577.9754028320312,585.5173757503825,575.4613788609607,585.5173757503825,6012
2016-10-21,613.171142578125,623.632619849205,586.5309392795026,586.5309392795026,234702
2016-10-24,684.657958984375,709.5140835424481,620.3889116056225,620.3889116056225,646164
2016-10-25,665.2352294921875,686.6447462068467,658.4231465356497,686.6447462068467,116929
2016-10-26,663.8565673828125,682.2249620897555,659.801738484805,667.1815567776324,72250
2016-10-27,659.8017578125,668.9657109883767,649.5836084891682,668.9657109883767,51184
2016-10-28,673.9530639648438,690.7806029609147,659.3151423520828,662.0724456492025,81906
2016-11-01,677.0753784179688,693.3757714926863,673.1421645186487,686.7258419133884,24166
2016-11-02,663.086181640625,671.4796575611706,658.504205241148,671.4796575611706,35077
2016-11-03,657.2066040039062,673.101511463598,654.4493009049681,664.8701900485403,15246
2016-11-04,642.6093139648438,662.5590526672378,636.6081472996103,657.6932579108076,27791
2016-11-07,657.0849609375,664.5458553055119,644.7177339652113,647.9615967776149,24445
2016-11-08,650.7189331054688,661.7480474303394,645.0015850095126,654.9765032635684,7605
2016-11-09,631.9857177734375,646.2992857482433,600.2364323963217,624.4437447814079,46097
2016-11-10,655.0576782226562,685.1850799417412,638.513954758266,639.041102370106,78591
2016-11-11,648.2455444335938,660.1262141556364,640.703571788058,647.9617261797954,18809
2016-11-15,693.74072265625,734.7755734698138,682.0222566233437,715.2718553410095,224900
2016-11-16,692.1593627929688,708.0948617704776,685.1039498984054,704.7293336462681,40578
2016-11-17,701.3636474609375,707.9730375416505,685.2659985368782,689.3208269305875,48971
2016-11-18,733.6401977539062,768.7955438028858,703.1478553476592,703.8777443337826,229333
2016-11-21,713.1227416992188,743.6961616271127,709.6355987307417,737.9788627547065,40362
2016-11-22,707.648681640625,727.8417482718713,697.2683301162874,723.3814367225729,28627
2016-11-23,717.7047119140625,733.9240274375442,707.6893043772817,719.3266434664107,27172
2016-11-24,727.0713500976562,746.0885072749646,708.1758575846335,721.7595342116506,42132
2016-11-25,758.374755859375,770.4175792732538,727.6391294767652,730.0720270955229,70574
2016-11-28,815.7909545898438,819.0753557704296,754.2386382532768,765.5516196507778,276885
2016-11-29,804.8024291992188,827.1039872992861,791.9891307656068,817.8589579606534,96047
2016-11-30,810.9658203125,823.0086429451703,802.085734680593,810.8036172489524,47979
2016-12-01,792.4352416992188,819.0754481085318,788.258748080686,814.371856424819,38698
2016-12-02,773.4991455078125,801.1531081056044,770.6607652982029,794.7464586906596,26300
2016-12-05,779.74365234375,789.4752423886017,773.6614085657176,780.1491352622854,17012
2016-12-06,804.9646606445312,822.1976844803406,786.6773911323693,788.2587843956111,48342
2016-12-07,800.3421020507812,819.0753906924017,797.1793158917138,805.2889732253019,22698
2016-12-08,796.6116333007812,814.4934178964268,793.1244905322809,798.8012506894648,25643
2016-12-09,801.0315551757812,808.0464298998562,796.6117811905368,796.6117811905368,13586
2016-12-12,794.503173828125,803.6670771187943,790.7727015920868,803.6670771187943,11444
2016-12-13,795.3140869140625,802.8560581670571,790.6915724372532,794.46258281246,8331
2016-12-14,816.5208129882812,843.4043463264031,790.0022736199924,802.8560604453261,84750
2016-12-15,829.73974609375,845.8373987445185,810.9253280917976,814.6152128848215,73774
2016-12-16,842.715087890625,859.6237041593184,834.0376948762616,834.0376948762616,84942
2016-12-19,837.0789184570312,858.0018771770606,831.6860747009049,844.296534387265,24718
2016-12-20,806.7487182617188,846.1210955277214,802.9371693369453,831.1993059276209,26735
2016-12-21,801.3558349609375,823.1302458021538,793.1245127039473,811.3712422906946,19372
2016-12-22,786.4746704101562,806.0189770682562,770.4986332863978,798.8013612136492,22093
2016-12-23,786.43408203125,806.0189258374944,778.1622209982579,779.7030758122926,17880
2016-12-26,767.2953491210938,802.8561813971377,760.9697759727507,802.8561813971377,21749
2016-12-27,785.0148315429688,793.7732515821872,764.0107992058157,782.5413959505044,22135
2016-12-28,797.666015625,801.5992298210238,785.0149677616963,787.447865389057,19629
2016-12-29,809.1815185546875,817.4128397304925,786.6366833038138,797.6252580009974,19340
2016-12-30,810.3980102539062,827.9959757596429,806.9108676599849,809.1410233243718,14717
2017-01-02,795.84130859375,811.8173455675072,788.7048190894998,810.9658413335923,16046
2017-01-03,808.7761840820312,811.7767674476062,795.557451414687,795.557451414687,13319
2017-01-04,803.7482299804688,815.0206750361585,799.2473794357246,805.370161672083,9101
2017-01-05,801.3153076171875,810.1548548615946,796.2873591268979,801.2342308340895,7304
2017-01-06,797.5847778320312,810.1547463692925,781.8114848325647,798.8012264001533,10525
2017-01-09,793.6516723632812,807.7219087049046,785.9474975312565,807.7219087049046,14314
2017-01-10,785.5825805664062,803.6671080116848,782.5819972061311,788.2587578076264,13927
2017-01-11,789.9617919921875,794.7465101687042,779.4598241343275,785.014920248271,13162
2017-01-12,778.1621704101562,789.0696695756137,771.3500878532798,789.0696695756137,22939
2017-01-13,774.7562255859375,786.6368954031105,771.2690822377599,782.5820660453626,7826
2017-01-16,784.8121337890625,790.1239497498914,767.6601877388521,786.5962684049882,7317
2017-01-17,783.7578735351562,794.7464497521428,780.5545488637117,781.7709975112915,6675
2017-01-18,786.43408203125,789.8806866702114,781.2844690167127,781.2844690167127,6244
2017-01-19,773.1748657226562,787.0423620400005,769.6065961627619,782.987532766224,12088
2017-01-20,767.4981079101562,783.3930189300557,763.199949264254,770.4581035937852,7799
2017-01-23,762.8755493164062,774.1885322943074,758.253034288106,766.3626924088345,11112
2017-01-24,765.4300537109375,776.0942738242107,756.6310945433528,762.3483935576198,7741
2017-01-25,762.1860961914062,782.5008266501792,756.671539310303,767.1735550639926,18897
2017-01-27,759.0234985351562,771.2285246995276,757.036622299694,759.7939259934898,11131
2017-01-30,777.0674438476562,781.771035614733,759.9560356725719,772.0394459597778,22166
2017-01-31,763.1593017578125,776.9862577621134,760.1993064973901,770.4985318248536,6881
2017-02-01,761.2536010742188,770.4175046511103,758.2530177355665,762.3078467074145,7150
2017-02-02,800.4232177734375,810.1548070472786,760.4020766837347,767.1736210878134,28727
2017-02-03,799.0040283203125,808.4923377695029,785.1770717819779,806.8298678333553,13381
2017-02-06,796.1251220703125,802.8155898052717,786.6773508637949,800.4637692267409,9860
2017-02-07,799.5311279296875,807.7218619517159,794.4220042651897,802.8560676026092,9836
2017-02-08,797.625244140625,803.3020036122134,790.6509594459251,801.0718481055179,8060
2017-02-09,796.1657104492188,805.0052578712059,794.868184909031,794.868184909031,7103
2017-02-10,795.2736206054688,802.8561309319679,794.7464730437662,797.2604471901392,4862
2017-02-13,797.3009643554688,809.3437854522587,793.935436831424,803.6670254340564,6721
2017-02-14,797.7066040039062,807.6814743826909,794.7870971508331,794.7870971508331,9663
2017-02-15,797.9091796875,806.9108792449333,788.4614093928507,796.4494018155541,14580
2017-02-16,799.6121826171875,801.4773938333424,793.3677368088273,793.3677368088273,6896
2017-02-17,824.427734375,831.2398662485905,800.4637071548294,805.1672984497278,45706
2017-02-20,872.68017578125,890.4403445284628,827.9959852127145,834.4837108559091,141652
2017-02-21,919.3919067382812,938.2874498641689,873.5723380975505,873.5723380975505,176349
2017-02-22,885.6962890625,933.4216050197538,881.5197955312532,924.5009815139177,67789
2017-02-23,881.6818237304688,912.1742116654323,868.5442196695343,887.8452419267899,29591
2017-02-27,887.8858642578125,909.0520513126424,871.9098779929218,883.9527000245624,43619
2017-02-28,831.361572265625,858.8127435616143,821.3055769990791,858.8127435616143,163529
2017-03-01,830.3479614257812,846.5266906875469,827.1851747820552,834.4838675007204,39955
2017-03-02,811.6956787109375,838.8630326659289,807.7219265424319,838.8630326659289,24732
2017-03-03,817.0075073242188,840.1605710774969,803.7076483691959,819.0754602203397,25255
2017-03-06,811.2901611328125,827.1850701324677,807.1136676954299,827.1850701324677,17022
2017-03-07,818.7510986328125,826.2931206014115,810.925307914404,818.264538923999,16213
2017-03-08,815.7098999023438,825.4009507526964,805.370086335518,822.1570876729079,18351
2017-03-09,807.7218627929688,816.1559261391725,803.7075725512908,811.8983560792698,9739
2017-03-10,811.5335083007812,823.1303096605532,807.8030358196278,823.1303096605532,20185
2017-03-14,817.4535522460938,824.3873001558388,809.5060970542975,814.2096889435298,12971
2017-03-15,810.8441162109375,816.7642060092784,802.856123068268,811.0063192665975,6753
2017-03-16,819.3593139648438,823.5358078261528,812.5877690219646,819.0754957207429,9549
2017-03-17,821.913818359375,827.225634321019,813.6014191110439,827.1850959314875,10261
2017-03-20,819.3997802734375,822.3192370557327,809.5870653990743,816.6830154229773,9475
2017-03-21,814.939453125,819.2780998284651,808.5328042850579,811.0062397748113,11997
2017-03-22,831.8076171875,839.349639049363,809.7088476858007,815.0206640044539,19925
2017-03-23,846.0806884765625,857.1908807291317,832.0509400454958,832.0509400454958,32119
2017-03-24,843.5665283203125,858.4072410512083,831.6859593523692,848.2701692390779,27135
2017-03-27,846.6484375,850.7032671815134,836.9168462643678,844.9859177326334,12468
2017-03-28,852.324951171875,863.6784709781607,842.5527748835302,852.4060279429526,18477
2017-03-29,835.173095703125,867.7333918407933,833.6728287965752,863.5974861272505,25246
2017-03-30,835.4973754882812,844.2152563778702,831.2398057515053,836.91656540054,7501
2017-03-31,845.8372802734375,856.3798350611218,833.7133818655378,856.3798350611218,11184
2017-04-03,861.3672485351562,864.7732649186664,837.889731837578,837.889731837578,19451
2017-04-05,893.684326171875,909.9036424363372,853.1360355107191,853.1360355107191,44966
2017-04-06,889.3861694335938,907.3490820291795,883.9527380727382,907.3490820291795,15479
2017-04-07,926.1637573242188,956.9398773407453,873.4103795728666,873.4103795728666,90401
2017-04-10,947.0051879882812,972.3478658941975,928.7584598960215,928.7584598960215,66821
2017-04-11,916.4722290039062,949.8028962466168,912.3363241334665,949.8028962466168,21455
2017-04-12,904.835205078125,926.89343801267,900.172151142029,918.0134009844836,20735
2017-04-13,904.7538452148438,912.3363542265607,892.062213021526,912.3363542265607,13243
2017-04-17,941.9773559570312,947.2080457211654,906.6191682051232,907.7951280012576,34517
2017-04-18,924.8657836914062,951.8303929459729,922.8789573442671,941.5311682572004,42336
2017-04-19,913.228515625,940.5986098178415,910.1469051572302,940.5986098178415,16440
2017-04-20,909.9846801757812,939.8687493119065,902.60491139105,915.1748809566936,12977
2017-04-21,922.7573852539062,939.0577774965619,917.4861077280077,924.500981465288,17063
2017-04-24,894.0897827148438,930.9887261284722,887.1965735057044,922.757403568001,26669
2017-04-25,886.466552734375,911.5254116983587,880.7087162850689,894.0896498197868,19110
2017-04-26,881.8442993164062,907.4708007908863,872.9236748224833,891.981372604955,19548
2017-04-27,893.2728271484375,906.0941614597252,884.7935753856268,884.7935753856268,8171
2017-04-28,894.6246337890625,915.8842176388636,883.9743405296689,901.1786604102277,30146
2017-05-02,886.1863403320312,906.8724881580918,882.376892123732,886.4321563484126,21895
2017-05-03,879.5912475585938,901.178550098285,861.1580499429471,901.1375474343179,29221
2017-05-04,907.4458618164062,935.095658377829,902.4484371058636,909.3710869090131,114546
2017-05-05,888.5619506835938,917.3177163830518,885.6126593309677,917.3177163830518,20083
2017-05-08,899.5400390625,910.5180522545439,883.1959772624605,892.1257573900327,17576
2017-05-09,888.7259521484375,911.0096002084917,886.2271897711654,911.0096002084917,10674
2017-05-10,888.4390258789062,907.9782932336957,885.1620133255143,907.9782932336957,11490
2017-05-11,870.41552734375,895.443752750302,867.5891437900913,884.793461089045,13321
2017-05-12,898.43408203125,903.2266934646608,863.4929114845827,870.0469373782039,41029
2017-05-15,901.7109985351562,925.4283371983997,885.2030275799158,897.041195581513,16986
2017-05-16,891.880126953125,910.9277662188485,889.709085702182,903.6773944996486,4673
2017-05-17,896.5496826171875,901.1784830084836,884.7934196810565,892.9859513447701,25962
2017-05-18,877.70703125,889.6681098143107,873.3240459549987,878.3214712448089,21997
2017-05-19,857.2255859375,885.6127299850357,855.4232688577979,885.6127299850357,19835
2017-05-22,855.8330078125,876.6010596448399,852.8427131684844,861.0762491051355,6338
2017-05-23,843.5030517578125,859.3965834064755,838.9152539639952,850.0570771794062,23397
2017-05-24,827.0361938476562,857.840097460691,821.7110474781567,857.840097460691,15002
2017-05-25,840.1229858398438,847.4532818867592,832.4200048609089,832.4614086806761,11072
2017-05-26,838.5492553710938,844.80274854492,832.5856394788844,840.702759459394,8686
2017-05-29,851.3461303710938,856.3158019219586,824.1371988517541,824.1371988517541,20902
2017-05-30,855.2803955078125,858.0965627500647,839.9572426015613,846.1279278016574,3994
2017-05-31,866.2552490234375,885.4299209475508,842.3594290024876,842.3594290024876,14244
2017-06-01,910.8992309570312,931.8132619474064,863.4802894045966,863.5217437706337,54616
2017-06-02,913.1358032226562,925.9741229440243,894.5409870372606,909.4500034878815,46009
2017-06-05,904.6456909179688,926.6779787759792,893.1740545022244,901.0426998491681,21168
2017-06-06,908.9529418945312,915.2478389361573,891.2277599052536,891.2277599052536,10960
2017-06-07,897.7711181640625,921.0042702468799,891.6003824556113,900.6286386469686,11758
2017-06-08,906.2611083984375,924.3175223688341,897.0257811958729,897.0257811958729,19676
2017-06-09,903.0305786132812,911.1062934873738,897.9366459325963,898.6821167580006,6769
2017-06-12,894.3338623046875,902.8237183719466,890.3995387613235,902.7822639966182,7073
2017-06-13,886.5479125976562,898.5579513941993,882.1166426426447,890.8963749205426,10126
2017-06-14,888.0802001953125,897.8124729312793,882.1166352174121,882.9449137481326,7205
2017-06-15,900.5458984375,906.965057520407,888.7429285108645,890.3994856935502,9127
2017-06-16,916.65576171875,927.6719060463358,900.3387159574705,900.3387159574705,35898
2017-06-19,915.6204833984375,923.5305840006555,894.5408347270924,923.5305840006555,36489
2017-06-20,921.6668701171875,927.6718890417884,911.354843579606,923.5304966799947,17526
2017-06-21,914.8749389648438,926.0152429017313,906.9233855095373,926.0152429017313,14836
2017-06-22,911.2308349609375,919.3065523119424,906.3854247719826,914.2540724473207,16695
2017-06-23,896.1146850585938,908.5802179843704,891.269275213417,908.5802179843704,7362
2017-06-27,892.2215576171875,910.2780693171745,883.5246333880425,894.4993234867255,4820
2017-06-28,885.6782836914062,898.2680770621753,877.975252822412,889.1984674880998,4940
2017-06-29,882.4065551757812,906.965035021525,879.6318421852598,886.2580707516271,10919
2017-06-30,884.85009765625,890.316716372735,862.2380506961424,862.2380506961424,5409
2017-07-03,899.2619018554688,925.0214433715785,882.9448563051225,882.9448563051225,16166
2017-07-04,886.258056640625,915.8275607039438,883.1520120495949,892.2216218121141,12705
2017-07-05,886.2166137695312,898.5166313962012,880.4601181627444,895.3691323931578,7070
2017-07-06,887.0862426757812,898.6821412728502,882.9448503196851,886.2165098377163,5478
2017-07-07,889.4468383789062,900.338720769937,884.6428837904166,900.338720769937,5344
2017-07-10,886.2166137695312,898.682246666583,884.725773011424,898.682246666583,1108
2017-07-11,885.015625,893.6710953487099,882.1994577264139,889.5711569957886,8787
2017-07-12,911.6447143554688,923.5304901278487,882.3650907869591,892.8013792429948,18004
2017-07-13,943.5336303710938,952.4376257264961,903.6105393684436,911.1065014830286,73940
2017-07-14,945.107177734375,972.150388581345,940.9243310658421,948.3788372098496,35417
2017-07-17,928.500244140625,950.0354861991943,920.2589131038068,945.8940934956233,13310
2017-07-18,921.21142578125,935.0850924412582,913.5913030441191,913.5913030441191,7927
2017-07-19,968.42333984375,983.9950186289828,921.2943663869103,944.237644138923,69426
2017-07-20,1015.0138549804688,1058.49847655601,968.4231890066744,968.4231890066744,228921
2017-07-21,1001.2645263671875,1031.2068168119256,996.0049776838075,1011.3281311866353,32942
2017-07-24,1022.9656372070312,1050.6715189626323,986.0657810997349,1013.2333625930692,63177
2017-07-25,1007.0211181640625,1033.111892919947,998.4898085148808,1031.0825497739997,12713
2017-07-26,1070.01171875,1088.3581104685088,1002.2171336886572,1027.0654923751529,59330
2017-07-27,1063.4267578125,1091.6710336823353,1041.9743250169786,1068.4792363051688,77539
2017-07-28,1033.5260009765625,1063.2197663656877,1026.319917025335,1053.570301168717,16867
2017-07-31,1022.054443359375,1051.9967380568658,1018.0787663345793,1032.0352419612846,8629
2017-08-01,1034.147216796875,1056.0551438475215,1018.7826093587855,1020.4806208176718,10933
2017-08-02,1031.1241455078125,1037.046358271669,1018.7827729954078,1037.046358271669,6962
2017-08-03,1040.1934814453125,1054.3156696000442,1020.4390604400908,1039.4894649775276,19704
2017-08-04,1040.4835205078125,1042.8027409946176,1017.1261047985626,1035.348233711892,15188
2017-08-07,1042.5128173828125,1049.3874686842228,1035.3481877022687,1039.5310348238743,9883
2017-08-08,1015.5110473632812,1041.9745089558717,998.0757418853937,1017.9544288607044,37396
2017-08-09,989.2958374023438,1015.4694171663929,985.0301830058179,1002.216961477435,24752
2017-08-10,941.173095703125,994.7212309764832,923.9448588773572,994.7212309764832,32365
2017-08-11,923.1578979492188,944.0719313277345,898.2680870891223,919.3891901050492,9274
2017-08-14,933.9668579101562,949.4142728437175,907.0478054631151,907.0478054631151,4092
2017-08-16,911.1064453125,956.2061739121783,906.9650523792614,956.2061739121783,47627
2017-08-17,934.7539672851562,943.4094392564609,919.8034963075503,919.8034963075503,9763
2017-08-18,943.4921264648438,953.3486619578166,926.8437469424821,932.6831514750887,12611
2017-08-21,955.0050048828125,968.2574594171793,940.3030631337492,948.958532058226,9673
2017-08-22,962.3768920898438,973.1858667789674,950.0355211574354,956.6617497269729,9983
2017-08-23,969.872802734375,974.0556501788599,963.3708358353541,965.6900563981193,7172
2017-08-24,973.3101196289062,994.7625546425935,969.0859191772144,977.3272504397485,8437
2017-08-28,1001.6787719726562,1008.263647949909,958.3184045717193,958.3184045717193,13255
2017-08-29,986.769775390625,1003.3768032028926,979.1081976767596,985.6930737822668,9920
2017-08-30,976.167724609375,1014.6412227766798,973.3101029496834,996.6261643314612,9883
2017-08-31,983.1251220703125,993.9341969049397,964.613117874601,974.0555129668409,4394
2017-09-01,994.05859375,1010.499903932502,973.2273664923687,973.2273664923687,12152
2017-09-04,1006.1514282226562,1011.2453618285942,968.2576823151144,1006.3170434991797,9148
2017-09-05,1002.0513916015625,1014.6411846329041,989.8342834600642,993.9342216812122,6047
2017-09-06,1027.8109130859375,1059.2854992160392,1014.6827177770007,1027.8937207225295,115368
2017-09-07,1009.13330078125,1031.8281566375501,998.07580072105,1023.7524395777741,20914
2017-09-08,976.7890014648438,1019.1968256906812,973.2273630122311,1019.1968256906812,18245
2017-09-11,954.7567749023438,989.7101951643925,952.5204629543538,989.7101951643925,16218
2017-09-12,942.2496948242188,973.2273340180116,934.2982406572911,973.2273340180116,54751
2017-09-13,936.5760498046875,952.5618676180707,931.8134477384687,948.3790201427081,13404
2017-09-14,943.2849731445312,954.1354015448281,932.6830687437492,937.1143386081652,7160
2017-09-15,925.8084106445312,947.5507240235686,917.1529396664534,938.8537986719537,9760
2017-09-18,916.904296875,947.467793659143,907.9588486573238,928.5001958418022,13445
2017-09-19,908.9114990234375,927.6720294842055,904.6458440233602,920.6316614032986,6056
2017-09-20,912.9285888671875,925.1043443705025,907.0478313097499,907.0478313097499,14124
2017-09-21,907.9175415039062,917.7740763478729,902.0781373557968,914.7093850860842,5483
2017-09-22,884.7258911132812,905.1015263931403,878.2239237053828,903.1136373420776,9165
2017-09-25,850.8491821289062,887.1278248377077,846.5421233472923,878.8035845595225,8520
2017-09-26,853.2511596679688,865.0541288832385,843.5602906225042,850.8491316761996,5698
2017-09-27,837.3896484375,873.8339061340876,829.1068625973664,873.8339061340876,6082
2017-09-28,847.2874755859375,851.8844110085117,830.224908679069,830.224908679069,5955
2017-09-29,861.6995849609375,866.379379075293,853.0441143991247,853.6238689513925,3144
2017-10-03,866.0895385742188,873.2955219531125,853.1269582586434,861.4511986344581,5614
2017-10-04,884.2703247070312,902.8237879095733,865.5097918283632,865.5097918283632,5878
2017-10-05,886.051025390625,893.0913934353274,873.8753705095482,873.8753705095482,12351
2017-10-06,879.507568359375,897.7296966720203,876.4015237606286,895.3276686273452,4523
2017-10-09,867.9530639648438,885.3882657970937,865.7995600775716,873.8752754860039,4532
2017-10-10,861.451171875,873.2954948257313,859.7531603539398,870.6863970943418,3577
2017-10-11,850.2694091796875,866.793526260426,848.1572583761837,864.0601665274474,4854
2017-10-12,864.3915405273438,869.1955969272702,844.844185477165,850.2694508370012,4886
2017-10-13,857.0198974609375,868.0360441902338,848.9028271782986,860.6229905538502,7214
2017-10-16,849.3168334960938,866.3793511654715,845.6723877054936,857.0197632382734,4900
2017-10-17,881.5369262695312,887.9146308425546,841.1168914371401,841.1168914371401,14596
2017-10-18,950.6153564453125,955.750744687763,873.833966818401,873.833966818401,55739
2017-10-19,970.079833984375,977.3687259431736,950.6152873236424,950.6152873236424,15711
2017-10-23,960.4718627929688,976.5404881633586,931.8548972780557,960.8031944609805,18159
2017-10-24,948.9586181640625,965.9797814443741,946.7223067017532,955.1293535314647,5278
2017-10-25,932.6417236328125,960.8446510118923,929.3286091616479,958.4839760646039,7357
2017-10-26,936.0789794921875,940.924388560225,920.2174257838116,939.3092859069513,4044
2017-10-27,932.0204467773438,949.9940510308496,929.3285414656118,935.9962242964214,4925
2017-10-30,929.6183471679688,939.3092662090355,925.269885076112,939.3092662090355,3622
2017-10-31,921.1285400390625,944.1960770544123,915.2477826527116,929.6183950365198,7955
2017-11-01,921.0042724609375,927.6719550813725,911.1891920864078,911.1891920864078,12368
2017-11-02,926.1397094726562,934.9608965239065,918.602394656798,924.3174359415119,6831
2017-11-03,918.0640869140625,934.2983284275033,915.2479192485737,934.0912587625149,5332
2017-11-06,915.6204833984375,923.7376536383238,915.2477984939231,917.7326341459428,5454
2017-11-07,919.59619140625,931.7718447379448,904.6457242528696,917.7325648080388,22343
2017-11-08,931.2750244140625,951.2365184679721,919.5963163666072,919.5963163666072,9449
2017-11-09,926.5951538085938,948.2961120237169,921.8740066169162,931.026524843777,18489
2017-11-10,918.9750366210938,935.8719389942206,915.2477832053255,921.8740115000246,16563
2017-11-13,939.226318359375,972.9786655715169,912.0173911965051,912.0173911965051,31077
2017-11-14,954.3838500976562,967.8433749959743,941.5869884068471,948.3373769308203,30982
2017-11-15,953.6798706054688,1002.1341621179351,947.5920439447759,968.0090277724322,40684
2017-11-16,975.0908203125,993.9341553408367,954.1767891272033,954.1767891272033,26929
2017-11-17,967.5120849609375,1001.305887831626,958.4838291888366,976.7059559879264,20114
2017-11-20,967.8019409179688,985.6513824467387,944.2374588145227,960.0575574203868,13268
2017-11-21,960.388916015625,977.3686251819211,954.2182816643302,969.3757174746802,8387
2017-11-22,961.755615234375,971.4464333895888,940.1375662747478,960.8445290920567,26508
2017-11-23,952.1061401367188,977.2858268743744,948.3788868695459,960.7202567980504,7916
2017-11-24,950.325439453125,961.6314626595274,944.3204195527964,961.6314626595274,3884
2017-11-27,945.6456298828125,959.1466114019686,939.3093795282668,958.401140446073,11270
2017-11-28,947.1365356445312,969.044463166085,944.2375606775389,952.3547310284068,13771
2017-11-29,951.5263671875,962.4181484150362,946.7637658828523,956.5788457412225,7300
2017-11-30,928.251708984375,947.5091848246473,923.5720161721314,941.7526894791224,10809
2017-12-01,928.458740234375,937.5284504362328,925.1870806163944,927.671916105964,3424
2017-12-04,915.703369140625,928.0446383491069,915.2477755059092,921.7083884821797,10842
2017-12-05,907.2135009765625,920.0931712632366,906.136698460151,912.804380971632,8707
2017-12-06,900.3802490234375,917.6911900395548,895.410577663812,902.8236303319643,7586
2017-12-07,912.431640625,936.9486657565333,900.3387938819013,936.9486657565333,7613
2017-12-08,925.2699584960938,927.6719865400295,906.468075640759,912.7629724706361,17825
2017-12-11,938.06689453125,953.3485930468805,921.915463111255,936.9486376232901,30147
2017-12-12,947.1365356445312,960.8031319174956,935.9547750575605,942.498195918988,33077
2017-12-13,948.5033569335938,972.3991767889139,942.249812414697,949.2073735946298,15909
2017-12-14,980.6817016601562,985.6513724455963,935.9546645911964,953.6798439475746,38100
2017-12-15,1000.891845703125,1064.1308943953422,965.6071987901198,976.3333658443353,214430
2017-12-18,997.702880859375,1021.888571967416,948.3788570639849,1010.3341276455984,31348
2017-12-19,1014.5997314453125,1031.206756195197,1003.0867409173378,1013.8129072955189,34025
2017-12-20,1049.0146484375,1056.0550152055368,1023.0066850962867,1035.3480541230754,38417
2017-12-21,1065.456298828125,1076.7623234459559,1050.2574047149783,1064.1310731132244,41638
2017-12-22,1077.3006591796875,1090.8429950468915,1065.9946352508348,1068.4794712304404,30346
2017-12-26,1089.2691650390625,1126.4588943461051,1076.720724045841,1093.2449427565161,73425
2017-12-27,1074.1116943359375,1114.1174887627787,1066.4501175326473,1089.18632392723,41320
2017-12-28,1079.70263671875,1091.62976797314,1073.8632319981061,1076.8036615455965,45083
2017-12-29,1068.2720947265625,1097.2618394952617,1062.267076167332,1088.0679692331153,34850
2018-01-01,1094.2802734375,1122.3174833345822,1081.5662173719231,1081.7318326457303,41588
2018-01-02,1081.152099609375,1116.519555470682,1076.7621825755834,1116.519555470682,21591
2018-01-03,1093.534912109375,1103.267186464448,1079.4956291213086,1103.267186464448,39498
2018-01-04,1127.287109375,1149.5678226474802,1102.480207183622,1115.6912096459405,61783
2018-01-05,1115.2357177734375,1138.8416586618305,1107.4085251853153,1138.51042809735,51392
2018-01-08,1117.2650146484375,1134.74167274424,1110.0175769575528,1126.3346248011683,11265
2018-01-09,1106.2486572265625,1125.6303928212858,1094.4043362746036,1125.6303928212858,13816
2018-01-10,1106.952880859375,1125.630603502056,1081.8974535187297,1125.630603502056,19606
2018-01-11,1110.6800537109375,1130.6001927890802,1101.610444256027,1113.9518145674563,9899
2018-01-12,1164.3111572265625,1188.579760017243,1106.7872503993315,1121.737719182908,93936
2018-01-15,1365.872802734375,1397.1403184412902,1192.7211289525264,1192.7625833239042,512366
2018-01-16,1262.0894775390625,1336.3446719437275,1251.5289257171605,1335.1850617181092,139390
2018-01-17,1271.034912109375,1316.1346395212995,1246.6420477100785,1258.1551399829164,77211
2018-01-18,1228.87548828125,1283.6661344673353,1217.5694658764671,1283.6661344673353,48323
2018-01-19,1231.981689453125,1254.8421600683673,1212.0201941251694,1217.569620660396,46389
2018-01-22,1206.9261474609375,1238.2764713466304,1201.8322139959603,1238.1108560746898,11277
2018-01-23,1197.525146484375,1222.3735025372403,1187.585804063229,1201.0038758884884,70082
2018-01-24,1234.0107421875,1273.0640949242231,1184.3554849790585,1196.8624705045559,55671
2018-01-25,1261.7166748046875,1275.5074308918681,1225.8521754446756,1242.417745383117,32349
2018-01-29,1225.8109130859375,1284.7844119692488,1217.5695811939374,1261.7168724383432,22267
2018-01-30,1239.39453125,1258.9833382810825,1210.2391680699352,1210.2391680699352,13187
2018-01-31,1202.204833984375,1236.1642537725413,1193.7149790373333,1221.7522882124315,17183
2018-02-01,1201.5836181640625,1232.0643083879734,1200.1755851120495,1232.0643083879734,9965
2018-02-02,1183.89990234375,1210.3220077998265,1153.419312957675,1189.407974816459,31206
2018-02-05,1157.6435546875,1180.2969531812998,1128.1154036722319,1128.943682235868,22784
2018-02-06,1182.574462890625,1196.7794573994822,1118.217272889779,1126.4586023682366,25848
2018-02-07,1187.1717529296875,1225.8523229469524,1176.6525540881119,1194.3362819035729,9999
2018-02-08,1223.3675537109375,1232.478618769042,1188.5798507618113,1188.5798507618113,11124
2018-02-09,1240.222900390625,1258.155151708043,1188.6212059855063,1209.3281702993318,20538
2018-02-12,1284.5771484375,1316.9628176305453,1242.4177524816464,1242.4177524816464,23814
2018-02-14,1236.9925537109375,1320.2760019296502,1226.5149109937438,1320.2760019296502,20888
2018-02-15,1227.6744384765625,1273.4368288154653,1217.5694805101753,1243.246115813451,12698
2018-02-16,1200.1341552734375,1250.7834084348503,1179.3443840512846,1216.0371639750592,23824
2018-02-19,1203.985595703125,1221.7107756528842,1170.3575091508646,1197.6906993858106,18270
2018-02-20,1203.820068359375,1221.0482015855007,1195.8686144774538,1201.2524250684096,5076
2018-02-21,1214.2564697265625,1221.710977385184,1194.0464509637648,1209.3282523288774,6348
2018-02-22,1197.773681640625,1241.4240251961935,1181.6637030664067,1219.22611793186,19266
2018-02-23,1233.4310302734375,1258.9834034709233,1201.0039046268678,1201.0039046268678,93056
2018-02-26,1241.0511474609375,1249.209670971848,1225.8937106329008,1225.8937106329008,11878
2018-02-27,1249.748291015625,1254.6351555467138,1240.0160163315688,1246.6422459036921,14620
2018-02-28,1307.35498046875,1332.6174781167078,1242.4593714865434,1249.7481626020005,92786
2018-03-01,1280.932861328125,1333.5285526920668,1263.207678977529,1325.245766650501,27861
2018-03-05,1258.4449462890625,1279.69031050057,1242.4592315542125,1279.69031050057,17306
2018-03-06,1242.003662109375,1317.915409995123,1232.4784589654885,1261.4682076642735,26424
2018-03-07,1220.05419921875,1253.185338369293,1208.5411081422938,1251.528781411766,30802
2018-03-08,1238.1109619140625,1260.143153701462,1219.226168320158,1220.0544469671147,20320
2018-03-09,1242.5421142578125,1263.9530950232925,1238.1108441397623,1238.1108441397623,9723
2018-03-12,1256.04296875,1261.468233704625,1234.176495880962,1261.468233704625,10140
2018-03-13,1245.0684814453125,1269.2956330320885,1242.41803009108,1259.646267218305,5246
2018-03-14,1236.247314453125,1255.6704079587992,1227.5917420710557,1242.417949827308,7348
2018-03-15,1233.306884765625,1253.2683796029792,1225.9766390838624,1227.757458366789,6405
2018-03-16,1246.5174560546875,1250.7003021442101,1229.1650651536474,1229.2893271271555,9570
2018-03-19,1250.2449951171875,1275.5489448230362,1242.4178033990613,1242.459257769129,8742
2018-03-20,1249.2926025390625,1258.1551427590528,1239.9744686641188,1250.2450420041446,6098
2018-03-21,1250.7835693359375,1256.8300439251618,1243.2462538414236,1244.571479459981,11516
2018-03-22,1251.0733642578125,1263.1248582668625,1242.4178933772419,1244.0744505684115,8668
2018-03-23,1252.5640869140625,1260.5983474415616,1221.7935222527728,1234.1348913882975,23521
2018-03-26,1242.6248779296875,1249.3753682430677,1229.248159305401,1246.5592009892882,13496
2018-03-27,1243.121826171875,1256.4985448105863,1239.1046954757,1243.2460881744826,8776
2018-03-28,1244.9024658203125,1250.6589603986213,1222.538948470247,1247.387301081431,8894
2018-04-02,1257.161376953125,1323.4650223018966,1229.9937967565554,1229.9937967565554,11632
2018-04-03,1283.2105712890625,1296.7943600239496,1257.3268660427927,1263.9530945858378,20996
2018-04-04,1263.74609375,1294.5994720834015,1254.8420986604947,1275.5490639849254,11123
2018-04-05,1261.3438720703125,1283.8316531848382,1258.983298607067,1273.8508569861478,8404
2018-04-06,1257.326904296875,1273.892476158494,1252.3572327383893,1252.3572327383893,8545
2018-04-09,1266.313720703125,1283.8318333606267,1254.0138036825736,1267.349068955835,10553
2018-04-10,1265.11279296875,1300.3974421978219,1263.9531826712587,1278.4480586193235,11711
2018-04-11,1257.40966796875,1272.8156290397353,1254.8834790131184,1256.4985817698628,11605
2018-04-12,1260.8470458984375,1275.5489904310027,1254.8834806721793,1255.6703048658442,7815
2018-04-13,1259.3975830078125,1267.2662295310445,1254.8835051825115,1266.272335676663,7168
2018-04-16,1258.652099609375,1263.1248241262867,1255.3389853165847,1258.9834312602989,8100
2018-04-17,1257.69970703125,1272.2360381447531,1254.8836404375706,1259.0250337909065,7838
2018-04-18,1251.0322265625,1261.0129246941683,1249.4999311182785,1259.4806292499468,11973
2018-04-19,1483.654052734375,1501.2135187351696,1283.8318390723134,1283.8318390723134,717129
2018-04-20,1459.095458984375,1495.042767919428,1437.1875319974865,1490.90137521051,108590
2018-04-23,1576.048583984375,1673.1227969061322,1462.740029374371,1477.6490443963069,402355
2018-04-24,1556.252685546875,1619.2846669385403,1534.1375862081486,1574.5576224297522,99919
2018-04-25,1536.415283203125,1601.890744188342,1509.123544938552,1542.6688268101277,60312
2018-04-26,1551.489990234375,1573.7292491387173,1509.123522068812,1540.5981070515866,40818
2018-04-27,1576.1312255859375,1598.577553393813,1551.4484850954295,1551.4484850954295,48795
2018-04-30,1757.3587646484375,1799.6838843907472,1656.5572937660656,1656.5572937660656,416952
2018-05-02,1724.310546875,1750.8154638727012,1682.2339506978553,1739.3851779741487,68969
2018-05-03,1667.3662109375,1738.4738046355387,1635.8501709972757,1738.3910981086476,39129
2018-05-04,1793.0989990234375,1822.1714564064569,1623.508855423342,1652.4157986387174,225909
2018-05-07,1819.6866455078125,1875.2227665596845,1781.627283953128,1790.7383486316423,143205
2018-05-08,1812.480224609375,1830.4952799665116,1774.3379635133977,1818.0711038581414,42153
2018-05-09,1763.7777099609375,1810.5754478265078,1747.6677326788215,1808.9188907339212,27409
2018-05-10,1775.4566650390625,1805.233240795168,1747.6678770717158,1763.4051707515084,49279
2018-05-11,1773.8414306640625,1798.9795634272793,1761.582867631725,1768.540326592986,18641
2018-05-14,1810.7000732421875,1855.344212468113,1755.950772514464,1772.5163458400723,39584
2018-05-15,1775.291015625,1838.7784893364537,1756.0335382028952,1821.1775691119494,22159
2018-05-16,1763.8193359375,1808.2151512247656,1739.5921861013073,1774.1728187734795,16792
2018-05-17,1712.3004150390625,1777.485901360482,1698.1367698872118,1760.092050508399,24299
2018-05-18,1651.0076904296875,1746.0112006077,1640.240069173568,1691.344815768939,18417
2018-05-21,1649.8392333984375,1709.092905372066,1619.4195054645318,1664.9447265829422,21189
2018-05-22,1648.587646484375,1700.831012458723,1647.6696520832415,1660.2297022132318,20287
2018-05-23,1628.2659912109375,1706.6727499001752,1620.2959139027826,1666.8225671091075,42759
2018-05-24,1545.1856689453125,1664.944860678314,1527.2426541560474,1636.569860546453,54383
2018-05-25,1658.7274169921875,1667.8240265949373,1556.410424558088,1556.410424558088,38267
2018-05-28,1700.24658203125,1719.9838149677844,1658.768951033627,1664.277018408354,20852
2018-05-29,1681.5941162109375,1706.6726474527868,1669.952062373118,1679.2574128307763,21366
2018-05-30,2017.87939453125,2017.87939453125,1712.4309110425238,1712.4309110425238,477889
2018-05-31,1951.82421875,2153.161511223944,1922.2809213749424,2054.683581640834,313732
2018-06-01,2142.688232421875,2210.746552272549,1922.4899862998345,1989.5884411543059,322382
2018-06-04,1884.725830078125,2175.6946560734564,1857.2269563312962,2143.9814236489105,156182
2018-06-05,1847.08740234375,1982.0772983469587,1810.992731542274,1890.2758234761523,141571
2018-06-06,1914.7283935546875,1956.0808249603756,1810.992688657235,1841.871365837105,78326
2018-06-07,1963.925537109375,1994.595573649806,1895.4499453895723,1911.1396919071365,57376
2018-06-08,2034.2371826171875,2065.950418694912,1934.507400741186,1944.5221068709936,79443
2018-06-11,2058.564453125,2119.779424704441,2034.237144770502,2034.237144770502,63249
2018-06-12,2061.694091796875,2102.9214210418727,2050.511084759612,2053.849320143836,23604
2018-06-13,2019.63232421875,2073.8786469766915,2004.026115190638,2059.6911471784606,17934
2018-06-14,2005.987060546875,2036.3233526487124,1982.1188025156457,2025.724497259865,21371
2018-06-15,1994.1781005859375,2044.6689041370776,1982.0769989083917,1994.595379954129,18236
2018-06-18,2031.691650390625,2043.834521802973,2000.4374637655071,2000.4374637655071,15354
2018-06-19,2059.316162109375,2111.434332450949,2007.1144543654277,2007.1144543654277,65286
2018-06-20,2124.786865234375,2226.6030465221183,2076.132042770698,2086.3971575357177,157390
2018-06-21,2083.43408203125,2160.2552531871675,2061.3600445711045,2125.6210662034828,43044
2018-06-22,2079.302978515625,2119.779075026967,2068.578817836975,2090.5695208435245,28495
2018-06-25,2079.845703125,2136.3870637607306,2069.6641261663685,2128.1250128577567,28688
2018-06-26,2057.980224609375,2119.779344274078,2030.1478109806394,2075.5477280352884,22363
2018-06-27,2015.2509765625,2094.742706769593,1982.0772623815872,2064.2813088424655,25106
2018-06-28,1934.3824462890625,2013.7906448804993,1911.1398992027946,2013.7906448804993,30046
2018-06-29,1984.080078125,1998.7683950120306,1934.3822628688356,1934.507365193272,27824
2018-07-02,1946.1912841796875,2000.8131214527102,1940.5162431156682,1994.5539299298339,13860
2018-07-03,1949.529052734375,1972.854926806326,1938.679790026521,1938.679790026521,19020
2018-07-04,1925.8695068359375,1976.235211223201,1911.5569051126442,1952.8675651445483,16396
2018-07-05,1911.0145263671875,1952.8675681767343,1897.2025376457402,1926.9962456923417,16705
2018-07-06,1920.5286865234375,1985.9580233933161,1909.0117328461586,1909.0117328461586,34776
2018-07-09,1951.94970703125,1984.4975037530912,1931.1692721625814,1931.1692721625814,23740
2018-07-10,1943.9794921875,1981.826608984922,1940.3490801505666,1959.5439312660346,29785
2018-07-11,1898.1624755859375,1947.8604995176654,1890.0255261984923,1947.8604995176654,32576
2018-07-12,1883.849609375,1943.4370258593594,1873.5844954428994,1902.794053278312,46644
2018-07-13,1836.3214111328125,1889.2323539239471,1797.3891235332221,1880.2608474392725,54408
2018-07-16,1923.2825927734375,1939.514721269923,1752.5735433161956,1833.5257498408007,80780
2018-07-17,1907.05029296875,1975.1083964541738,1894.4483742656068,1923.657930697015,61490
2018-07-18,1854.3480224609375,1927.9560733310566,1843.5822946422459,1907.050536840102,38124
2018-07-19,1865.1553955078125,1890.233928397931,1795.595041222405,1854.3478997114883,41865
2018-07-20,1887.7305908203125,1915.3128050813457,1842.9565843059995,1860.1068116112522,32307
2018-07-23,1919.3182373046875,1936.1762831581084,1866.073348767901,1866.073348767901,36502
2018-07-24,1945.7320556640625,1992.9263961211436,1921.1543399794275,1921.1543399794275,48929
2018-07-25,1922.53125,1984.5390080379145,1906.1322514903427,1969.558718702806,14050
2018-07-26,1910.1800537109375,1937.9291347236808,1902.752357896796,1911.1397148626206,12793
2018-07-27,1914.4359130859375,1942.8526779266838,1902.7938598251026,1910.304888219149,9780
2018-07-30,1922.030517578125,1940.3072722053578,1896.492939023933,1902.7938981647235,16281
2018-07-31,1890.2337646484375,1941.183616131315,1878.591711053994,1915.3122953660222,17041
2018-08-01,1854.13916015625,1906.7998995204584,1844.3748633941032,1886.9373602416595,32746
2018-08-02,1856.7261962890625,1891.9445319162173,1832.1484838564077,1855.223949911668,38633
2018-08-03,2004.735107421875,2022.9702965869399,1856.0585559444532,1856.0585559444532,122308
2018-08-06,2045.1697998046875,2069.497106409184,2011.3284009884537,2022.9704550603337,46370
2018-08-07,2386.504638671875,2454.187241134114,2002.8995298140867,2045.1700590511791,547891
2018-08-08,2464.326904296875,2524.5402370458755,2345.276975496778,2376.8233372253403,318144
2018-08-09,2487.1103515625,2564.599218428839,2411.8749564787977,2454.3123533893895,117073
2018-08-10,2489.238525390625,2523.705845042771,2411.8749643431247,2420.2205524550386,94201
2018-08-13,2393.347900390625,2488.6544798969635,2366.8088883258847,2476.970656047682,29119
2018-08-14,2356.41845703125,2453.6027850992728,2336.7645572374026,2403.529258872757,32162
2018-08-16,2342.56494140625,2420.2624524430885,2320.908179830911,2357.6287695153987,23151
2018-08-17,2348.03125,2416.8823529411766,2328.5859886618223,2346.779411764706,21780
2018-08-20,2457.984130859375,2465.411622151162,2353.455648594665,2354.41530964652,41958
2018-08-21,2469.45947265625,2503.9685603049447,2412.7094746364373,2457.984289233126,48257
2018-08-23,2577.326171875,2592.932380429378,2460.2793020926088,2482.8123893234438,60275
2018-08-24,2697.252197265625,2706.1819354252493,2551.246180050305,2611.3344119651306,90949
2018-08-27,2658.654052734375,2749.287224152458,2620.5147545408417,2703.9288697515217,28780
2018-08-28,2617.009521484375,2721.4962423225297,2603.8652204060004,2666.1649532236206,34740
2018-08-29,2746.57470703125,2747.8265451982247,2607.9961811972144,2633.032944536708,46790
2018-08-30,2819.84912109375,2877.4752440149186,2731.093710011077,2731.093710011077,56189
2018-08-31,2931.01220703125,2960.8059147576246,2808.2902975574398,2825.5238548820944,174496
2018-09-03,2832.200439453125,2966.355768889925,2812.4632049892125,2933.432464406388,39022
2018-09-04,2690.617919921875,2857.5297015547458,2690.617919921875,2846.680435748609,48835
2018-09-05,2556.087158203125,2620.4732988240044,2556.087158203125,2585.8391028679166,39632
2018-09-06,2584.2529296875,2649.724022662885,2441.084335839036,2477.8049207200334,96437
2018-09-07,2492.034423828125,2606.786262435399,2470.294125654768,2599.6507437211494,33689
2018-09-10,2427.7314453125,2527.5447550211707,2420.220416433912,2508.683645448393,25633
2018-09-11,2448.052734375,2532.426492911899,2406.032624214295,2406.032624214295,28140
2018-09-12,2470.04345703125,2488.904566016972,2385.6696908377507,2411.874753720862,17320
2018-09-14,2512.314208984375,2543.7352668535978,2473.1315096398635,2487.4860842504854,20310
2018-09-17,2569.314453125,2637.9153517544028,2497.292189301934,2514.4422102095705,62521
2018-09-18,2580.205810546875,2696.9607274392856,2553.7503331397866,2577.9525421793464,34445
2018-09-19,2472.96484375,2622.350883951637,2451.2245440768556,2582.1251865020354,37235
2018-09-21,2446.0087890625,2527.044546065353,2349.325255215363,2478.6401260944845,49500
2018-09-24,2328.043701171875,2461.9486290780574,2323.745600806872,2428.5662747854735,21058
2018-09-25,2272.54541015625,2336.7646698876856,2211.7477192987526,2312.562464378135,32290
2018-09-26,2237.118408203125,2311.686114980733,2212.8326655426567,2311.686114980733,22828
2018-09-27,2164.59521484375,2282.4766505736375,2149.281182434157,2238.286800903067,35266
2018-09-28,2163.259765625,2211.580634594182,2094.408670397068,2164.8453457121914,35411
2018-10-01,2271.41845703125,2271.41845703125,2115.606382729659,2115.606382729659,28113
2018-10-03,2384.960693359375,2384.960693359375,2271.5857854425913,2311.64461259026,34955
2018-10-04,2336.72314453125,2403.5296250325346,2265.827406931712,2378.492858105112,43234
2018-10-05,2244.003173828125,2370.0630986340193,2220.844170606633,2343.440758412607,21628
2018-10-08,2172.732421875,2324.3301748977883,2138.348634450738,2157.4599525913613,44317
2018-10-09,2281.35009765625,2281.35009765625,2180.8690923418817,2213.7508324716346,25100
2018-10-10,2395.39208984375,2395.39208984375,2236.61729841695,2343.858090523882,35318
2018-10-11,2417.55029296875,2511.1877619878414,2315.942745603506,2336.7649496729664,36543
2018-10-12,2517.655517578125,2527.8788639244685,2428.6081252542044,2507.0148917890738,21513
2018-10-15,2515.1513671875,2628.8599939081296,2501.172508489735,2535.1390079785465,18544
2018-10-16,2558.590576171875,2587.1324482379755,2517.321681578152,2543.7353878159192,59126
2018-10-17,2462.99169921875,2575.86577878481,2453.686449944796,2558.590452089152,12798
2018-10-19,2345.2353515625,2462.9916808089815,2339.8524880036853,2462.9916808089815,17917
2018-10-22,2231.735595703125,2344.734992748053,2227.980080661929,2308.3899119883126,36053
2018-10-23,2193.0537109375,2219.9264642282146,2142.312493862341,2219.9264642282146,23772
2018-10-24,2283.1025390625,2302.672902778179,2159.671370222706,2203.2353001808856,84810
2018-10-25,2269.12353515625,2312.7709997352026,2211.5807485063733,2274.1308877943775,11302
2018-10-26,2382.123291015625,2382.540570467955,2240.790659011593,2265.8274261513875,14443
2018-10-29,2442.086181640625,2478.598133055288,2353.4560683280056,2417.7171028178127,18416
2018-10-30,2426.020751953125,2499.4619290486617,2391.3032268487,2420.220608830182,17323
2018-10-31,2592.5986328125,2668.585250893337,2571.275615117975,2668.585250893337,139664
2018-11-01,2592.640380859375,2627.191032763693,2558.3399335886597,2627.191032763693,11246
2018-11-02,2587.75830078125,2644.4665327195553,2570.4412050008063,2620.5147349683543,23175
2018-11-05,2532.96923828125,2678.933476085867,2489.9059270723315,2586.2974586885052,29626
2018-11-06,2492.11767578125,2612.1690405002914,2478.63963267919,2545.4461052796264,11313
2018-11-07,2515.736083984375,2536.2245461253647,2495.3311592348928,2536.2245461253647,1927
2018-11-09,2466.663330078125,2603.8231333626622,2449.930591211229,2532.051085455871,26291
2018-11-12,2428.27392578125,2499.461832020539,2420.220514878176,2466.538528180155,10766
2018-11-13,2425.603271484375,2456.1482036535504,2399.3564391865175,2420.220408222922,9780
2018-11-14,2495.2890625,2512.8565661250436,2457.775684901446,2470.2940669977183,31754
2018-11-15,2503.42578125,2562.0953007100075,2478.514325413106,2503.6761896189,12216
2018-11-16,2523.455322265625,2540.563777119552,2487.026913308241,2496.0817537494017,11835
2018-11-19,2457.525146484375,2578.7865753910523,2441.042610929691,2578.7865753910523,20788
2018-11-20,2434.15771484375,2478.6397415275032,2423.725729399611,2478.6397415275032,21490
2018-11-21,2422.72412109375,2489.02977494281,2411.874857030981,2452.7682369598797,12736
2018-11-22,2431.1533203125,2465.286693712015,2420.220518539216,2448.5955177220894,10072
2018-11-26,2428.899658203125,2453.644446918784,2399.3981292027674,2425.2276812729942,13289
2018-11-27,2420.88818359375,2445.2572595602455,2398.313327529439,2445.2572595602455,19732
2018-11-28,2452.8935546875,2495.2891848828003,2422.09841472019,2451.9338935129354,15195
2018-11-29,2428.441162109375,2470.294207125481,2403.5294988247924,2444.1307055602606,10569
2018-11-30,2352.24560546875,2453.5609562148366,2328.41891240726,2450.2644899024067,43656
2018-12-03,2376.281005859375,2457.775588613522,2357.6703044554174,2406.867503416434,36474
2018-12-04,2389.216552734375,2420.2203281974416,2374.403135208339,2386.8379788429943,10477
2018-12-05,2408.0361328125,2418.551656296288,2376.448201166266,2390.343525145095,8284
2018-12-06,2406.199951171875,2429.4007271380447,2370.313921880588,2378.492639073661,16547
2018-12-07,2425.77001953125,2438.0797606387823,2405.865916329222,2432.738666336067,7670
2018-12-10,2364.263427734375,2406.992799641343,2355.125049175858,2399.3566677464887,12082
2018-12-11,2362.34375,2376.3643783779407,2332.6335794190604,2363.4704858628456,9885
2018-12-12,2361.425537109375,2393.472508695756,2353.4972297052245,2378.4504525615757,13440
2018-12-13,2371.23193359375,2403.4457806761943,2351.0356516016996,2386.0035834443565,11273
2018-12-14,2378.576416015625,2449.430385531621,2357.6289060057343,2357.6289060057343,27062
2018-12-17,2439.958251953125,2463.618080260403,2373.694351212958,2389.6345090451655,18052
2018-12-18,2509.225830078125,2603.739602710859,2411.916408054409,2467.6232011955567,41384
2018-12-19,2459.278076171875,2569.0225656716657,2449.472009619612,2541.2317150331814,23817
2018-12-20,2419.92822265625,2459.444661372273,2406.2833092041897,2458.860510991245,13472
2018-12-21,2422.056884765625,2449.430458406797,2396.8532458413356,2421.05545480004,21234
2018-12-24,2399.3564453125,2445.3822796244417,2383.1243181106734,2422.1399403083637,10326
2018-12-26,2442.837158203125,2457.7756793041053,2363.5123030837926,2380.2034791741435,10342
2018-12-27,2451.098876953125,2503.59253714898,2437.745937889029,2477.762986396806,8710
2018-12-28,2546.239013671875,2598.148532623797,2445.2573943161565,2466.955924095071,34752
2018-12-31,2569.356201171875,2586.9654737928663,2486.150727477537,2549.5771978663565,32090
2019-01-01,2634.409912109375,2682.2719400187384,2532.9276859129377,2569.3560954466025,45932
2019-01-02,2533.6787109375,2620.5145935534397,2522.120193976904,2620.5145935534397,24618
2019-01-03,2475.802001953125,2570.440880130792,2466.3296788982216,2548.742353220597,14039
2019-01-04,2548.61767578125,2565.350418053617,2491.1582163268863,2491.1582163268863,18245
2019-01-07,2650.18310546875,2658.0696449841485,2545.404212622183,2607.161560731705,52063
2019-01-08,2638.332763671875,2685.3600337197586,2620.5566190010536,2668.9192647400664,17336
2019-01-09,2709.687744140625,2745.6988804804655,2638.040778479864,2638.040778479864,30818
2019-01-10,2794.019287109375,2837.4163441205405,2731.46914664803,2737.3528268581385,37522
2019-01-11,2753.376220703125,2812.463021670959,2729.8417044171233,2795.688309092271,17181
2019-01-14,2659.48876953125,2759.0099169960354,2649.7244712846505,2745.6987434729135,16824
2019-01-15,2672.424072265625,2703.928666065618,2663.5361027994145,2694.79028821662,9976
2019-01-16,2673.3837890625,2712.3158723144606,2596.562617221317,2664.829562080585,15302
2019-01-17,2656.10888671875,2706.0155512883052,2622.6014273096607,2683.6493313014766,5556
2019-01-18,2661.65869140625,2710.605488488177,2620.514897645501,2661.2831806581253,10937
2019-01-21,2753.918701171875,2801.613650995924,2657.234990995241,2657.234990995241,30441
2019-01-22,2773.822998046875,2795.7719348826104,2737.352819825362,2758.216789488665,12124
2019-01-23,2757.591064453125,2799.9449258501127,2733.472395324974,2774.9081604922876,9028
2019-01-24,2759.21826171875,2789.679657895662,2733.1800679284265,2733.1800679284265,6504
2019-01-25,2682.021484375,2822.853277126294,2628.8601313574886,2782.752687388504,14781
2019-01-28,2585.42138671875,2682.188438567138,2526.2094807688077,2682.188438567138,18475
2019-01-29,2596.855224609375,2613.004021476749,2563.180893883624,2570.4832845536725,8283
2019-01-30,2716.113525390625,2741.4840327380675,2590.0533713055124,2645.551534409046,16318
2019-01-31,2758.25830078125,2770.9853210881975,2740.690799214182,2740.690799214182,8729
2019-02-01,2751.498779296875,2804.1177559129837,2717.3236348966293,2758.3421211655277,10669
2019-02-04,2713.10888671875,2745.6984485679554,2662.409439682123,2745.6984485679554,12808
2019-02-05,2725.2099609375,2744.7803238193924,2682.9396397102023,2713.108858478584,4948
2019-02-06,2730.55126953125,2741.525636163957,2683.690671034667,2683.690671034667,5254
2019-02-07,2754.461181640625,2787.342715216232,2719.8687618606436,2729.841698271924,9736
2019-02-08,2757.799560546875,2790.76463321796,2741.525663911782,2758.258608637806,5435
2019-02-11,2738.187744140625,2811.6289271593314,2691.494214550837,2691.494214550837,21987
2019-02-12,2701.007568359375,2754.0438165461333,2697.7111021167807,2737.3526419003992,7330
2019-02-14,2655.566162109375,2734.849249915909,2639.7930819298545,2734.849249915909,8386
2019-02-15,2605.325927734375,2670.5466220906687,2566.268531769211,2655.566331086058,9420
2019-02-18,2576.32470703125,2660.573374614864,2566.2682330428815,2660.573374614864,6526
2019-02-19,2491.7001953125,2599.6504487366406,2472.1716024944185,2576.282804253615,13945
2019-02-20,2481.936767578125,2536.0580017605143,2473.2156665311313,2491.7010674046583,15887
2019-02-21,2439.457275390625,2486.1090333790853,2411.875064782186,2481.1434489956537,27120
2019-02-22,2423.47509765625,2478.9316901662955,2412.709371169933,2441.293008652662,24780
2019-02-25,2433.656982421875,2464.0348410452943,2412.709475177628,2428.5660922749557,29328
2019-02-26,2425.68701171875,2456.1066403678587,2387.297305481264,2400.5249407067427,27112
2019-02-27,2633.199951171875,2837.4999912950616,2436.9117572298765,2436.9117572298765,197156
2019-02-28,2627.942138671875,2645.551410951276,2562.095530479627,2578.786706573957,104366
2019-03-01,2719.534912109375,2773.2806202884735,2645.5513570777293,2645.5513570777293,75474
2019-03-05,2793.351806640625,2805.786651107878,2719.868864454025,2752.37488856448,30812
2019-03-06,2929.17626953125,2944.991117954121,2795.7719645868287,2816.6359344718053,57782
2019-03-07,2883.609375,2956.0073529411766,2845.9291256175325,2954.3382352941176,23335
2019-03-08,2843.1328125,2944.2812848123667,2820.891904947806,2899.2568843105596,27357
2019-03-11,2892.121826171875,2937.647050618187,2850.978035536854,2862.536756710336,29721
2019-03-12,2896.586669921875,2936.311545813284,2887.656931677883,2936.311545813284,22726
2019-03-13,2867.836181640625,2929.885505473263,2857.529299076609,2897.754992034463,19959
2019-03-14,2858.697509765625,2911.7755286755837,2831.657887301879,2895.000816013085,22188
2019-03-15,2810.669189453125,2874.2207663022227,2791.5576689604554,2872.5516485517564,17763
2019-03-18,2787.051025390625,2827.401823207084,2762.389770825607,2795.772124551596,16994
2019-03-19,2756.214111328125,2808.3740389197997,2750.705941474557,2787.0510197703798,20787
2019-03-20,2817.511962890625,2837.4160657983375,2756.213666625046,2756.213666625046,14782
2019-03-22,2817.17822265625,2843.3417215232425,2795.7718717648554,2837.4998101494057,14719
2019-03-25,2795.020751953125,2817.3034295158977,2771.5695699069115,2771.5695699069115,13427
2019-03-26,2811.294677734375,2826.1080954993704,2737.3526912216207,2737.3526912216207,11570
2019-03-27,2894.125,2920.8724482400207,2815.8433388353005,2829.154511791277,32316
2019-03-28,2968.31689453125,3018.3486518630275,2895.9189214939024,2920.955684503936,59546
2019-04-01,3151.3359375,3171.3235808980858,3088.7440247191166,3105.3934327688885,50820
2019-04-02,3162.93603515625,3202.9115233174716,3100.636303184609,3171.9493108089696,31547
2019-04-03,3120.24853515625,3190.8938572755737,3104.7674284035165,3146.2867294083076,15301
2019-04-04,3090.24609375,3157.4696412129197,3071.176343918991,3120.248441468507,17227
2019-04-05,3150.62646484375,3187.1801824704157,3071.1765047109534,3108.7316521870384,15741
2019-04-08,3175.913330078125,3198.029137001544,3155.3415383454644,3179.6688444613474,21177
2019-04-09,3294.879638671875,3333.227571611357,3176.330530183481,3188.014352417472,79973
2019-04-10,3222.31494140625,3324.0475737502456,3213.885816347526,3296.5071343995655,34896
2019-04-11,3237.962890625,3279.6908286783414,3222.2313764790115,3239.2147287666003,19704
2019-04-12,3242.1357421875,3279.8159894210444,3223.065992657525,3250.6064322633506,17964
2019-04-15,3251.8583984375,3285.6580301933627,3242.302740826834,3254.779354268254,17495
2019-04-16,3253.19384765625,3288.161781035909,3246.4338396522044,3252.275751445923,26112
2019-04-18,3157.177978515625,3264.8778415964034,3125.506510102802,3250.6903407856776,42420
2019-04-22,3151.210205078125,3179.6269703859116,3126.2987494115864,3171.3231518303987,19123
2019-04-23,3145.994384765625,3171.5737333072857,3138.3582535225896,3158.6798410650904,27973
2019-04-24,3119.330322265625,3154.6321995341623,3112.9042603868847,3130.429994828741,12117
2019-04-25,3100.63623046875,3144.5756680894515,3088.7855367170323,3108.7314097657168,15283
2019-04-26,3098.132568359375,3119.2885109682406,3090.412899722576,3119.2885109682406,15096
2019-04-30,3103.598876953125,3146.286475350913,3054.4850132053957,3096.212950544267,16069
2019-05-02,3076.434326171875,3122.2097567949495,3071.1765646726276,3120.331999384484,20287
2019-05-03,3062.99755859375,3086.1983331624883,3047.0158396393135,3067.0034814418996,11606
2019-05-06,3013.7587890625,3053.6089729691084,3004.3700022782205,3046.97427105816,13942
2019-05-07,3082.94384765625,3117.0772222175956,3008.5845745902097,3037.7523648754755,29992
2019-05-08,3098.2158203125,3169.3619537112463,3079.772194197363,3087.867373318015,29863
2019-05-09,3067.21240234375,3128.761117308134,3049.478026845538,3103.640814514308,18522
2019-05-10,3096.50537109375,3120.4153995691686,3058.7415848325827,3063.289889610229,19202
2019-05-13,3257.366455078125,3376.4579522107947,3143.0319022405806,3187.9727702849327,202720
2019-05-14,3366.234375,3379.962825231559,3238.1296111301126,3283.3626531277187,84541
2019-05-15,3447.938232421875,3463.4191356791757,3379.9214842003894,3395.819870621341,65186
2019-05-16,3512.53271484375,3627.82692591701,3455.073262778105,3496.8012007343623,171068
2019-05-17,3628.244384765625,4214.5219420509275,3538.4457763420432,3538.4457763420432,81463
2019-05-20,3793.862548828125,3806.3809301977894,3664.505941341594,3672.058535101534,83106
2019-05-21,3597.157470703125,3880.5317799908526,3492.6289692924024,3813.9341432894335,105724
2019-05-22,3675.188720703125,3727.432188843043,3450.0664595825647,3594.403582956031,108795
2019-05-23,3635.65087890625,3750.9914726391817,3604.546219888665,3640.397129465545,84275
2019-05-24,3572.1513671875,3645.328096864645,3475.519689197951,3630.2595267251454,55719
2019-05-27,3390.454345703125,3535.332906788494,3373.127851628229,3502.1546000511667,92462
2019-05-28,3482.155517578125,3550.078839787006,3295.2971362783287,3389.7170230365023,73561
2019-05-29,3685.695068359375,3709.519025894053,3491.141298674988,3538.8351147221974,97791
2019-05-30,3756.060791015625,3778.6404718842014,3675.4190736278524,3677.4004658246067,47368
2019-05-31,3770.391845703125,3824.62902324137,3715.970164244178,3753.7565672040023,47705
2019-06-03,3691.362548828125,3770.3914192506104,3636.7565946294985,3755.5993815933225,36057
2019-06-04,3659.290771484375,3760.208121812429,3623.8545414158025,3718.6891121331246,25679
2019-06-06,3623.57763671875,3723.3429522079864,3598.9243139535115,3657.4010289321604,17219
2019-06-07,3687.90673828125,3724.264584359979,3534.457083914525,3617.356717053432,28807
2019-06-10,3681.22509765625,3732.4670108039063,3654.221599223454,3709.1040896805903,16940
2019-06-11,3678.136962890625,3719.6559625779296,3632.1021180672997,3719.6559625779296,7313
2019-06-12,3652.239990234375,3686.478065263605,3641.3187089641256,3681.040600119247,6587
2019-06-13,3666.018310546875,3695.694415214224,3598.924361948016,3695.694415214224,12058
2019-06-14,3646.89453125,3684.634805227048,3617.356580919501,3662.6540898863072,4681
2019-06-17,3549.89404296875,3636.89483395967,3512.2919222844585,3603.6245049387876,10300
2019-06-18,3634.867431640625,3657.907919924351,3518.7894966681665,3518.7894966681665,12058
2019-06-19,3641.226806640625,3695.6946152867913,3634.821595388155,3634.8677213693527,22900
2019-06-20,3650.53515625,3663.4378303695407,3640.3512148904065,3663.4378303695407,7595
2019-06-21,3638.5078125,3672.6538614068827,3610.1218857095023,3641.3187970937497,3891
2019-06-24,3640.99658203125,3650.2589045191885,3596.1598760389875,3596.1598760389875,3902
2019-06-25,3665.281005859375,3686.4782558303996,3608.2787458266866,3666.2026254233324,7577
2019-06-26,3617.310791015625,3677.2621907810703,3602.8414083485964,3636.710928526843,14165
2019-06-27,3662.838623046875,3681.8699761004063,3614.315220399038,3628.4160440318647,7688
2019-06-28,3785.506103515625,3815.4587365395532,3640.396936754359,3667.9993951093047,26258
2019-07-01,3945.268310546875,3962.963583761887,3801.680182097159,3801.680182097159,34791
2019-07-02,3903.5654296875,4053.2827027003345,3851.2635212340565,3972.180183865039,26095
2019-07-03,3915.177734375,3961.0283038611883,3875.409943505968,3884.6261383775636,13193
2019-07-04,3928.310791015625,3990.6123580156473,3893.8423123824737,3907.666604615784,11956
2019-07-05,3888.12841796875,3953.747910614944,3863.567346707749,3939.9236172211854,16525
2019-07-08,3754.21728515625,3893.888549749319,3695.6944429793944,3893.8426487750476,12664
2019-07-09,3737.581787109375,3797.072371326129,3700.302323027769,3727.9509082558716,10253
2019-07-10,3778.824951171875,3800.483012271931,3717.813552239375,3743.618901635186,20319
2019-07-11,3857.945556640625,3874.4888085076104,3751.9134013878406,3751.9134013878406,9488
2019-07-12,3929.509765625,3958.356279813991,3861.5862194227293,3861.5862194227293,11633
2019-07-15,3984.76025390625,4026.5557902547025,3944.485749813983,3957.4343244114657,16140
2019-07-16,4345.11328125,4396.125010524977,3974.0232799546543,3993.976252107439,65687
2019-07-17,4523.9541015625,4597.775468105036,4262.490453115672,4317.787626561497,99192
2019-07-18,4386.171875,4541.741072646915,4373.084697587177,4502.111432605556,36005
2019-07-19,4329.814453125,4469.854720719181,4285.530814710143,4387.830582545159,31512
2019-07-22,4091.161376953125,4328.846965558304,4056.0475825893323,4328.846965558304,22437
2019-07-23,4273.82666015625,4317.649944901105,4079.0886064193724,4079.0886064193724,24207
2019-07-24,4297.0048828125,4376.77086802829,4253.273858907256,4331.611513946718,17453
2019-07-25,4259.91064453125,4373.039459710329,4188.7614255716035,4297.005836473881,19216
2019-07-26,4382.0244140625,4469.808671385589,4165.720137536603,4225.625405001178,32046
2019-07-29,4481.697265625,4718.691618945736,4368.660729247273,4377.69241992036,54284
2019-07-30,4320.6455078125,4579.5283976665905,4308.572199454882,4496.536721721584,26664
2019-07-31,4348.89306640625,4419.166570260762,4276.315513245033,4308.572203538907,30375
2019-08-01,4365.71240234375,4493.310826405961,4303.226768355846,4349.998966882116,41441
2019-08-02,4367.32470703125,4393.268207744809,4285.530970761343,4345.436242395641,25532
2019-08-05,4336.4501953125,4386.908863437118,4248.665937068301,4386.908863437118,40258
2019-08-06,4344.7451171875,4385.7571886124015,4286.452678589184,4309.815825009552,40676
2019-08-07,4249.12646484375,4468.932703183461,4211.754976232558,4375.756886992275,29008
2019-08-08,4252.9521484375,4330.137796313135,4207.193821519717,4285.531493990511,20420
2019-08-09,4263.50439453125,4377.6929695671,4119.6394892557755,4276.314816587651,43624
2019-08-13,4202.53955078125,4306.221757650286,4185.07467904259,4263.504598418328,11519
2019-08-14,4134.47705078125,4286.452006104359,4119.638887827668,4211.800831626945,14050
2019-08-16,4103.326171875,4216.316808502318,4082.774237769938,4134.38492790879,19577
2019-08-19,4038.44482421875,4141.620318161053,4022.869543023163,4091.0693932370723,18188
2019-08-20,4042.6376953125,4123.325295738274,3894.7636789874714,4022.8687786986065,30812
2019-08-21,3985.820068359375,4115.031309873673,3922.5509759597558,4091.806317101922,29934
2019-08-22,3840.7119140625,4009.0456608308664,3713.205739652313,3976.7889716057903,23476
2019-08-23,3785.2294921875,3889.234344214185,3695.694246516323,3812.647672694697,29483
2019-08-26,3872.5068359375,3944.5313070681636,3778.6398034998765,3944.5313070681636,20749
2019-08-27,3977.01904296875,4040.656697370108,3833.9375977637446,3910.155719915427,22102
2019-08-28,3978.262939453125,4068.9961118623773,3962.963965306083,4007.201702593221,18564
2019-08-29,3884.71875,4024.7126730591567,3858.5448441432254,4024.7126730591567,10294
2019-08-30,3792.00390625,3920.5698425537735,3778.6404218313282,3909.5104071728038,19694
2019-09-03,3768.2255859375,3860.6640663294384,3743.664516386365,3778.6399312367384,29678
2019-09-04,3719.979248046875,3796.151015642153,3692.4688138310967,3767.5808089208845,13455
2019-09-05,3722.88232421875,3813.9845104575793,3711.362079373414,3762.9727762805187,14316
2019-09-06,3734.6787109375,3769.4237207710394,3704.956482332398,3732.881597929771,16214
2019-09-09,3871.308837890625,3915.039865735582,3724.2646180408397,3746.383487338781,26516
2019-09-11,4038.53662109375,4054.019648582954,3881.9535591276417,3915.9153274698706,31755
2019-09-12,3950.75244140625,4145.444563234458,3912.1366738715783,4055.218103049468,32868
2019-09-13,3989.091552734375,4009.0445234064427,3895.6394324665225,3950.9824992743497,8864
2019-09-16,4084.341552734375,4101.207010549219,3942.6425464710173,3981.396468668006,15740
2019-09-17,3935.08447265625,4119.45425547344,3870.801518860882,4093.8334159000087,13178
2019-09-18,4046.693359375,4101.207066675073,3931.629066614801,3931.629066614801,12619
2019-09-19,3949.047607421875,4095.6314701077767,3939.9236636763253,4090.1017526850733,9809
2019-09-20,4292.53515625,4331.611733804114,3948.2180143865585,3979.829383844338,54325
2019-09-23,4344.23828125,4480.223066738018,4285.5309355272375,4344.23828125,32830
2019-09-24,4271.615234375,4371.472823006076,4230.234598133746,4330.691149592695,8364
2019-09-25,4272.259765625,4303.041769238977,4193.461292446604,4270.462427460969,8240
2019-09-26,4248.9892578125,4353.731241388871,4224.428184058489,4303.917879141002,9630
2019-09-27,4276.1298828125,4329.768316546187,4244.057704915962,4279.954963661673,9768
2019-09-30,4325.068359375,4368.891639623412,4280.968773261371,4281.015124245276,14999
2019-10-01,4182.263671875,4373.084822205786,4148.670458832317,4324.054481497782,10973
2019-10-03,4092.958251953125,4255.993107544724,4082.7745361050306,4200.741836471045,12323
2019-10-04,4145.537109375,4221.109914690265,4091.9909219484916,4093.649657183296,16378
2019-10-07,4033.37548828125,4197.976820921252,3870.8018985442936,4147.287748440315,14595
2019-10-09,4098.44287109375,4154.385367777472,4019.3217285882497,4059.6889420961406,16828
2019-10-10,4023.42236328125,4123.325831650122,4008.9991074482627,4123.325831650122,9514
2019-10-11,4071.94580078125,4131.620669926406,4033.007372651785,4033.007372651785,7040
2019-10-14,4082.2216796875,4146.3664924894265,4060.2409626916174,4075.494036753966,8551
2019-10-15,4040.196044921875,4124.2479370734445,4023.7913951424935,4118.718219168988,6770
2019-10-16,4048.076416015625,4138.026589553456,4036.970628524117,4048.675378824134,8515
2019-10-17,4093.28173828125,4110.423955091404,4065.2645887686513,4073.3746623084776,6248
2019-10-18,4072.95947265625,4137.97955229384,4047.7530878110724,4137.97955229384,11645
2019-10-22,4025.8642578125,4119.639039070995,4009.9663219234676,4073.5580654795967,15974
2019-10-23,4009.091552734375,4078.167128508092,3982.5490856645406,4033.9293833852926,12548
2019-10-24,4059.96435546875,4095.67711156078,4009.044877427856,4020.1043115724847,16015
2019-10-25,4062.083984375,4119.593403124388,4045.9097416076947,4059.9644394572433,13309
2019-10-27,4180.55859375,4220.095983038845,4092.1290165912155,4122.219805350217,9443
2019-10-29,4535.98095703125,4597.637214065537,4216.36348154699,4216.4093825200325,58879
2019-10-30,4383.68359375,4585.057474804215,4360.458600004451,4562.016984981078,26581
2019-10-31,4305.345703125,4422.806294102441,4285.530882913678,4414.465367217065,21385
2019-11-01,4252.537109375,4340.7358303408,4239.357679798814,4308.571398034388,14996
2019-11-04,4293.7802734375,4330.552809398079,4239.496513199444,4263.412724374392,15641
2019-11-05,4307.51171875,4357.417328481009,4259.817905985852,4312.99508518768,12164
2019-11-06,4349.21533203125,4432.990467284247,4291.245546691759,4330.644786291842,13513
2019-11-07,4290.27783203125,4469.855519555952,4262.4910882363465,4367.463481466881,17557
2019-11-08,4016.2802734375,4193.23124587107,4009.045469198063,4188.899453521202,56166
2019-11-11,4027.5234375,4094.7557653961594,4001.487684546491,4022.8694386572665,15974
2019-11-13,3968.8623046875,4069.8259954944106,3962.9640296220637,4064.342179217047,16753
2019-11-14,3956.466796875,4050.5178912283745,3896.745580486658,3968.493751906571,16410
2019-11-15,3964.06982421875,3998.3078973533193,3939.047495727831,3946.3745504808912,9431
2019-11-18,4015.450439453125,4068.9502738082138,3953.7478311749123,3994.253190008598,13429
2019-11-19,3987.986328125,4045.910212397807,3976.7887395208513,4019.183242885384,12277
2019-11-20,3938.77197265625,4017.9390104580566,3916.883506005045,3995.083023179794,13041
2019-11-21,3931.168212890625,4017.339641305881,3917.298018588032,3922.412827115813,10987
2019-11-22,3911.0302734375,3962.9636192403746,3890.155682979912,3944.6234822602078,8826
2019-11-25,3904.947509765625,3949.1393423872696,3893.9803283149204,3921.4907588933097,9411
2019-11-26,3949.462646484375,3981.3966756517507,3870.8023235503133,3925.1778800001866,15143
2019-11-27,3912.874267578125,3979.2772315091015,3893.8429123398478,3962.964384156531,10000
2019-11-28,3910.20166015625,3944.0711813419766,3897.5293903248557,3912.8742670642278,5170
2019-11-29,3995.313232421875,4009.0452745096604,3910.431976952756,3910.431976952756,19872
2019-12-02,3992.40966796875,4055.125693289572,3971.7650317043954,3995.2204273659763,10039
2019-12-03,3952.8720703125,4029.3205904297984,3939.9234959028795,4002.9162808626725,6851
2019-12-04,3940.0615234375,3989.690823615354,3912.274785457884,3987.847584611605,26764
2019-12-05,3965.22216796875,4007.201757991733,3920.984430070037,3962.8717681371563,24705
2019-12-06,3921.906005859375,3998.4922287345435,3884.7185678512005,3964.807214943337,5485
2019-12-09,3929.83154296875,3962.0423252680075,3907.7590254215106,3907.7590254215106,14574
2019-12-10,3853.66015625,3949.140038070851,3834.8592061640165,3922.4130693184466,6758
2019-12-11,3807.348388671875,3888.1746005505142,3795.874495657735,3853.7520214890324,12421
2019-12-12,3814.2607421875,3852.3698013970106,3802.7404975660975,3810.8969207599616,5698
2019-12-13,3812.094970703125,3841.310492021029,3797.0727512299995,3841.310492021029,42280
2019-12-16,3741.63720703125,3833.937314640211,3729.1030911930175,3828.361696385958,14704
2019-12-17,3655.41943359375,3732.558940019876,3649.613185797212,3711.2235387967276,23338
2019-12-18,3618.969482421875,3672.100758221616,3486.486675240836,3659.8433985001584,60794
2019-12-19,3752.6044921875,3774.032147235909,3608.1406242804846,3608.186750260039,35575
2019-12-20,3798.270263671875,3821.9560648152424,3738.0886903522123,3773.110231336774,22231
2019-12-23,3850.06591796875,3868.959119959979,3815.5974345817885,3822.878139493567,25187
2019-12-24,3877.02294921875,3912.1826442082724,3861.5858221255276,3868.8665263944536,28143
2019-12-26,3835.27392578125,3906.745343173778,3787.856419071533,3893.28960749828,11930
2019-12-27,3929.140625,3986.004733807508,3834.8591207798936,3834.8591207798936,17241
2019-12-30,3993.193115234375,4001.6721953296383,3947.9878550767708,3948.0337560517055,13134
2019-12-31,4024.4365234375,4147.288237216094,3911.3536174989113,3995.2210018515034,22312
2020-01-01,4062.822021484375,4075.402039542102,4018.26162198181,4018.26162198181,13727
2020-01-02,4055.033935546875,4091.9909710303914,4009.0452081040994,4069.0427332893637,12843
2020-01-03,4037.292724609375,4071.66940496175,4010.151297974133,4050.5180555891493,8877
2020-01-06,3967.018798828125,4009.044737108684,3892.9665836246863,4009.044737108684,15330
2020-01-07,3943.4716796875,4021.947489953595,3927.020681643508,3953.7476470900374,9166
2020-01-08,3924.6708984375,3973.97754368077,3861.585861108417,3930.70732640272,16130
2020-01-09,4008.6298828125,4055.1257662038033,3926.0990372791366,3926.0990372791366,15577
2020-01-10,3960.66064453125,4041.302367951025,3953.748496809555,4041.302367951025,7733
2020-01-13,3938.4951171875,3986.004423432929,3931.7211237145575,3986.004423432929,4928
2020-01-14,3940.66064453125,3972.1343117931674,3930.7073335146774,3972.1343117931674,5569
2020-01-15,3997.10986328125,4009.0450163798073,3920.5695401562525,3961.9965186626614,8556
2020-01-16,3951.16748046875,4001.349394524957,3939.923542052526,3997.5247634275634,6404
2020-01-17,3957.75732421875,4002.3636240397627,3934.854986549483,3974.9454402126526,16102
2020-01-20,3988.308837890625,4024.7128122630525,3937.1589498483536,3962.96429877058,6826
2020-01-21,3981.396728515625,4027.477709169741,3940.8454655400033,3986.9264461941193,7739
2020-01-22,3993.515869140625,4007.1561091901704,3967.5723674713845,3982.3182810322537,4720
2020-01-23,4091.899169921875,4110.423815685069,3981.397059138901,3999.8294529312107,24311
2020-01-24,4068.76611328125,4127.012653196203,4036.924335453923,4096.645106751367,21187
2020-01-27,4085.907470703125,4140.052611947186,4038.3518183489973,4082.681802714117,11541
2020-01-28,4088.350341796875,4118.717886842421,4064.3423318359983,4085.9081399213796,7678
2020-01-29,4063.697265625,4105.815462834567,4044.0669474563592,4101.207364672015,8532
2020-01-30,3990.56689453125,4082.774753832375,3972.1804038414307,4073.5585579997964,7363
2020-01-31,4077.61328125,4095.9534195475053,3963.977775358467,4026.4174973325917,10834
2020-02-03,4011.810302734375,4058.812904489361,3194.471832998944,3981.3968545399725,20301
2020-02-04,4080.701171875,4122.404458652109,4004.9902119600188,4044.988412480238,12940
2020-02-05,4078.120361328125,4122.403998025666,4046.094083901031,4080.4703110347946,10284
2020-02-06,4055.5869140625,4106.644548191724,4038.168394207399,4078.166593506775,11425
2020-02-07,3980.797119140625,4081.760351349806,3944.5313032548274,4055.125638860103,30065
2020-02-10,3976.373779296875,4022.869669455121,3939.0022834481524,4022.869669455121,32009
2020-02-11,4021.302490234375,4110.42328266733,3957.158128162727,4004.4370321052797,22496
2020-02-12,3886.654052734375,4044.988107610365,3861.90847841045,4026.0949072900157,40603
2020-02-13,3940.845947265625,3976.7891165694978,3890.2027633323414,3932.551369733962,10841
2020-02-14,3960.7060546875,3972.1803984874196,3913.1967452384183,3961.996682109971,18002
2020-02-17,3883.105712890625,3968.4477708466525,3870.802002238745,3962.963954673001,21937
2020-02-18,3905.408447265625,3915.730765444889,3782.050039881696,3877.9902677370615,9965
2020-02-19,3890.20166015625,3934.716150291951,3873.1980510439716,3932.5502545487357,6697
2020-02-20,3833.38427734375,3915.915578290432,3824.7211435506288,3881.124440177411,17405
2020-02-24,3785.4140625,3866.193924216222,3715.5091312223362,3825.181855175073,29657
2020-02-25,3797.027099609375,3850.757345803184,3764.8163124767557,3785.0919450041706,11538
2020-02-26,3825.043701171875,3849.6047716112994,3737.1671891031406,3797.2569623818067,20413
2020-02-27,3845.3193359375,3856.8854810350053,3792.4643658909163,3852.3696353399832,11433
2020-02-28,3853.7978515625,3869.8802918886377,3783.2480586336883,3820.1128387421772,13618
2020-03-02,3705.83203125,3889.2343128264115,3668.1378834806724,3833.9371425018653,8712
2020-03-03,3689.058837890625,3861.5859753691707,3662.516149431285,3709.5187472221746,19075
2020-03-04,3662.6083984375,3723.3430376889814,3610.9054509072844,3720.578178997628,23685
2020-03-05,3679.75048828125,3797.0727069708946,3649.613572719598,3703.067508885693,12996
2020-03-06,3735.923095703125,3760.207861477076,3595.6526415578037,3647.7702734623203,11356
2020-03-09,3609.983642578125,3769.423818775729,3594.3161108130425,3645.143337096096,23558
2020-03-11,3636.5263671875,3680.9483832969404,3570.169761379443,3612.7485384386596,14485
2020-03-12,3336.631103515625,3617.356489491851,3304.0058636505187,3567.8194420242876,50936
2020-03-13,3436.12060546875,3465.2897764843146,2909.5531447768567,3154.01274935464,48474
2020-03-16,3292.578125,3381.329908487843,3192.2136200673103,3363.911388832511,24019
2020-03-17,3235.80615234375,3389.6243610676115,3204.471088493084,3277.279030969631,18070
2020-03-18,3015.63134765625,3316.5401235567856,2995.2634660849653,3315.987061838063,23603
2020-03-19,3163.597412109375,3249.630691286441,2684.9082845689804,2951.118194530647,49931
2020-03-20,3159.772705078125,3298.4764507728187,3060.2377912241254,3177.744286746208,15286
2020-03-23,2866.23681640625,3129.4973523228114,2664.8168176350105,2764.8586653436496,22634
2020-03-24,3070.606201171875,3132.585121267563,2895.9592813483378,2895.9592813483378,11489
2020-03-25,3145.027099609375,3224.74720044929,3057.012421803457,3224.74720044929,10087
2020-03-26,3176.223876953125,3227.4657929765503,3089.3151015244684,3133.50671743558,11773
2020-03-27,3033.741455078125,3254.4693592297804,2999.733780306782,3236.728181129908,15775
2020-03-30,3195.4853515625,3225.668391511645,2966.831453579438,3024.755331697491,23236
2020-03-31,3348.244140625,3400.3156501062313,3200.370314895631,3257.9254162150773,9697
2020-04-01,3375.984375,3386.951556705526,3256.5424015289727,3271.749122803977,16235
2020-04-03,3545.56298828125,3594.316576977307,3349.488410908962,3428.286889711926,13291
2020-04-07,3989.87548828125,4008.0311231940013,3617.4028165879313,3730.7158939081246,42168
2020-04-08,4126.228515625,4197.976681288439,3944.5313273138354,3986.0042034187704,43082
2020-04-09,4089.9169921875,4372.57787671588,4053.467120466672,4193.368782480565,38491
2020-04-13,4008.538330078125,4164.798744711582,3829.32922865161,4164.798744711582,12351
2020-04-15,4028.860595703125,4128.856335068054,3912.2757014205117,4009.045771773669,15478
2020-04-16,4006.18798828125,4101.207055225578,3916.88314263117,4101.207055225578,8478
2020-04-17,3922.13623046875,4091.990521903412,3907.6666245203755,4059.7338398613806,14279
2020-04-20,3871.677734375,3996.5108293794738,3852.369625268465,3962.9639685776074,11317
2020-04-21,3779.193115234375,3945.913997349854,3739.333070767393,3815.5048345272444,16777
2020-04-22,3802.648193359375,3810.8968683987855,3691.316730871641,3760.207792761075,7003
2020-04-23,3837.89990234375,3905.0399728943703,3802.602055511377,3870.6637455616365,11844
2020-04-24,3832.92333984375,3898.358325902333,3788.7778547441612,3788.7778547441612,4505
2020-04-27,3860.572265625,3893.8428233005593,3833.937549095935,3838.637899073905,17448
2020-04-28,3919.417724609375,3986.004740211756,3840.3888444999743,3870.802291072688,22991
2020-04-29,3983.51611328125,4032.085644939545,3893.842708541618,3893.842708541618,10427
2020-04-30,3977.571533203125,4078.1662097073367,3967.387367916679,4009.0447485258564,14578
2020-05-04,3901.215576171875,3953.747890804948,3853.3372602875625,3912.2750108314694,8367
2020-05-05,3844.99658203125,3944.531488756891,3826.748695802026,3901.3076238936796,5386
2020-05-06,3896.561279296875,3933.471959645412,3815.550566605845,3844.996489137924,7765
2020-05-07,3850.01953125,3908.7727739320057,3827.8084114655653,3896.561315649079,13540
2020-05-08,3755.322998046875,3889.2343587655128,3725.1860848649767,3869.8803489233146,9225
2020-05-11,3775.782958984375,3824.675145011655,3758.3644398852935,3778.640069526656,9638
2020-05-12,3795.828857421875,3823.800105097869,3723.7121164664863,3777.719120461838,11462
2020-05-13,3705.140625,3861.5855279522416,3678.183255860954,3861.5855279522416,11601
2020-05-14,3707.7216796875,3746.3374499143615,3669.474467289073,3700.302597100825,5364
2020-05-15,3673.298828125,3750.069778144241,3658.8294468499967,3750.069778144241,6906
2020-05-18,3594.869384765625,3695.6944757223227,3571.2758337715713,3663.437790772128,7881
2020-05-19,3561.36865234375,3676.571106000467,3530.7247996710635,3622.0112689496045,5572
2020-05-20,3530.125732421875,3606.896465262456,3511.6010884202897,3578.6489144638763,5982
2020-05-21,3549.525390625,3604.454004967502,3538.0973983815497,3573.1189407463576,5206
2020-05-22,3591.090576171875,3603.5324400954787,3534.7795316712873,3566.667658099617,9705
2020-05-26,3654.544189453125,3730.7159556101024,3602.610837569143,3603.5324571233946,23451
2020-05-27,3734.171875,3777.4879922641453,3650.2122470669533,3727.950943265256,19636
2020-05-28,3751.2216796875,3797.072248710153,3732.605011236037,3752.8806397485673,6466
2020-05-29,3788.178955078125,3797.07249361101,3750.8992647911623,3755.59961443322,14760
2020-06-01,3949.8310546875,3999.7366641807366,3825.688719152813,3865.1343065803794,32582
2020-06-02,3979.830078125,4023.745615818313,3962.9646180103346,3966.6510967247627,20944
2020-06-03,3992.962646484375,4064.342261442555,3935.315522984061,4045.863969259998,14691
2020-06-04,3939.186767578125,4051.393956534461,3917.805012348116,4040.380422049904,11449
2020-06-05,3912.64306640625,3972.3179249301643,3900.3393569249038,3957.4338610299587,8681
2020-06-08,3908.035400390625,3991.1656627530406,3889.372604739165,3991.1656627530406,8341
2020-06-09,3907.11376953125,3949.139710359858,3893.842538219463,3949.139710359858,8449
2020-06-10,3842.186279296875,3903.059074948378,3824.721407564526,3903.059074948378,13480
2020-06-11,3802.970947265625,3870.8481393727557,3797.9942915324546,3859.7428034307013,6535
2020-06-12,3724.172607421875,3778.6404165996537,3709.5189455642944,3778.6404165996537,11031
2020-06-15,3674.681396484375,3739.471295351807,3663.852366855199,3734.4023878658095,22805
2020-06-16,3631.50341796875,3704.172979162982,3614.77588935807,3685.5563106169307,12835
2020-06-17,3635.32861328125,3686.478502503486,3622.886748335301,3686.478502503486,54345
2020-06-18,3608.00244140625,3694.6346804529585,3594.3624268532594,3644.5445671298926,10738
2020-06-19,3647.77001953125,3676.8010340879036,3603.532283063969,3640.811747231798,8332
2020-06-22,3833.70703125,3859.5582803528687,3640.397325184807,3675.4188690726605,23619
2020-06-23,3806.841796875,3870.802103536286,3760.2077577209634,3833.9373215978453,8377
2020-06-24,3781.865966796875,3825.8733019777083,3749.1945975117465,3801.6807878730615,8229
2020-06-25,3870.3408203125,3916.882601816437,3686.477742886058,3778.6396864582093,63321
2020-06-26,3823.154296875,3915.961567933399,3810.8969365508597,3915.961567933399,8536
2020-06-29,3726.246337890625,3822.878246638949,3705.8786789564906,3820.1133877334723,36206
2020-06-30,3750.8994140625,3806.288840459476,3714.1730090430165,3727.0295570988183,18077
2020-07-01,3758.088134765625,3774.0321985786472,3714.1269255853354,3714.1269255853354,33380
2020-07-02,3745.692138671875,3777.718417030452,3711.9607741973373,3757.442787566029,21687
2020-07-03,3744.07958984375,3778.640324519231,3716.200597205529,3769.3780026252457,26527
2020-07-06,3919.417724609375,3973.2402188452343,3740.8539284438193,3744.079597019713,48207
2020-07-07,3912.135986328125,3961.1199647596873,3862.6911982217416,3918.725474676173,12115
2020-07-08,3867.622314453125,3953.7478407788017,3788.777942527192,3912.1368084004857,23187
2020-07-09,3838.73046875,3907.667440767239,3829.5142719557375,3870.8026535901895,16182
2020-07-10,3832.370361328125,3870.709824275566,3810.3900952600147,3870.709824275566,24086
2020-07-13,3787.99462890625,3853.2455652133863,3761.129508135764,3848.683368285947,13717
2020-07-14,3739.287353515625,3806.1509023818976,3718.7351908551695,3806.1509023818976,34590
2020-07-15,3744.263427734375,3769.423684615523,3716.8913740964313,3743.7105910475543,9886
2020-07-16,3793.892333984375,3827.4855426492763,3709.518254072559,3743.6181734267666,8402
2020-07-17,3803.52392578125,3824.7211756705083,3769.9309378055327,3823.7995561101056,9844
2020-07-20,3818.730712890625,3859.6968830448013,3806.2888486154898,3823.7996205582726,7920
2020-07-21,3767.30419921875,3852.3697289033844,3760.2077736664614,3852.3697289033844,12389
2020-07-22,3728.227783203125,3785.967385686371,3719.6566759903963,3770.345753586896,8353
2020-07-23,3730.347412109375,3792.4644803024553,3715.0484374481643,3740.8537850662615,16034
2020-07-24,3706.5234375,3752.2358573334504,3690.0724384760542,3730.347392948388,7315
2020-07-27,3739.195068359375,3751.8673381042004,3686.5245972037087,3713.9889068152693,8670
2020-07-28,3863.521728515625,3871.7240531943626,3737.3057405886857,3749.1486427980644,19380
2020-07-29,3850.2041015625,3916.883370830196,3836.840617120844,3889.1425303666356,8801
2020-07-30,3826.287841796875,3884.395771019662,3804.537531687951,3849.60463504339,8577
2020-07-31,3827.53173828125,3880.0181495479487,3807.210208024365,3852.369564159246,9814
2020-08-03,4067.106689453125,4162.033494124249,3845.9639193441167,3891.9989915160995,52372
2020-08-04,4055.402587890625,4110.377557607829,4011.3493505580564,4101.207262488995,17621
2020-08-05,4061.346435546875,4082.4514305563853,4042.222832316014,4042.222832316014,11774
2020-08-06,4065.725341796875,4089.272545332164,4045.910518075095,4055.1267151549923,11841
2020-08-07,4298.8486328125,4377.693007930455,4054.2045351339093,4073.5585463268653,46988
2020-08-10,4159.130859375,4479.116895833335,4125.169089093136,4373.084747039082,41759
2020-08-11,4149.0859375,4280.9234539632025,4138.072402216314,4166.642612565692,19739
2020-08-12,4319.07763671875,4412.62201817619,4128.855457431833,4128.855457431833,34158
2020-08-13,4319.07763671875,4479.07087569614,4287.37401517252,4287.37401517252,24886
2020-08-14,4317.51123046875,4419.165685525083,4303.963243253835,4340.689871851817,14119
2020-08-17,4319.03173828125,4384.881183143084,4313.087112358672,4324.238798580277,8538
2020-08-18,4333.82373046875,4381.379389783412,4303.963346716141,4308.571444517765,8057
2020-08-19,4419.02734375,4469.854569106075,4339.906219777425,4362.025087748259,18517
2020-08-20,4383.26806640625,4536.671806005715,4336.265473799589,4412.713988248931,24367
2020-08-21,4334.10107421875,4444.050122675118,4327.050323618264,4382.57790965957,14169
2020-08-24,4341.93408203125,4455.984498140923,4313.179372874937,4345.436056219087,26220
2020-08-25,4491.32861328125,4515.936036586478,4349.122889112569,4350.044508711872,46077
2020-08-26,4634.04150390625,4698.416722998284,4506.719846108594,4562.017022134465,83420
2020-08-27,4638.55712890625,4746.3407160443185,4571.233000306761,4746.3407160443185,88396
2020-08-28,4590.86328125,4680.076323634297,4527.640540171171,4646.206805195119,36564
2020-08-31,4420.96337890625,4608.098061166386,4308.5716871905715,4595.2876385582595,30728
2020-09-01,4582.5693359375,4598.882184209983,4377.693461923331,4377.693461923331,21499
2020-09-02,4562.2021484375,4652.151873702939,4515.614001274369,4603.905441046207,18790
2020-09-03,4591.37109375,4617.268696765224,4534.368826528406,4562.017416934068,10936
2020-09-04,4442.57421875,4580.448575739966,4400.732786550973,4526.073029267399,24360
2020-09-07,4352.90185546875,4469.855298959186,4327.004253322346,4386.909530524892,24932
2020-09-08,4413.68212890625,4494.001636390232,4372.163346273144,4372.163346273144,21560
2020-09-09,4436.67626953125,4468.932952006031,4330.690027114114,4414.557401548544,17690
2020-09-10,4512.06494140625,4562.016902442882,4406.5394999255,4435.755020496484,14665
2020-09-11,4509.39208984375,4584.089622449665,4386.079577239223,4429.349343989568,17333
2020-09-14,4838.54833984375,5041.258731548492,4479.0708291271785,4498.424838882666,102844
2020-09-15,5206.1357421875,5239.40629255195,4849.8839428797755,4883.6612039107795,86242
2020-09-16,4999.6005859375,5220.97373895026,4907.623152676105,5220.97373895026,71083
2020-09-17,4964.99560546875,5103.008152114802,4891.404184250219,4999.786748279357,44174
2020-09-18,4859.7919921875,5047.71012274952,4838.3643382977925,4967.529224323519,143474
2020-09-21,4753.5751953125,4954.626397849835,4701.181037096727,4906.702184180156,37039
2020-09-22,4603.6279296875,4770.994134495893,4562.846263497044,4764.773202365146,14289
2020-09-23,4572.93798828125,4700.259637277355,4492.895241515119,4672.611051175723,16588
2020-09-24,4432.068359375,4543.584323501508,4423.77378353088,4543.584323501508,10736
2020-09-25,4502.5263671875,4562.016728563231,4432.989992805887,4433.91161234701,13653
2020-09-28,4625.7939453125,4674.455287226142,4533.447468033398,4533.447468033398,15332
2020-09-29,4621.830078125,4736.110909417296,4590.5872634429725,4651.414157517905,13819
2020-09-30,4607.3603515625,4671.643311229291,4571.23268741621,4626.529857022051,8141
2020-10-01,4824.17138671875,4947.253491321113,4614.226193962859,4645.008195356283,29950
2020-10-05,4875.73681640625,4977.668046179977,4843.111568723529,4868.916920564492,21254
2020-10-06,4918.4990234375,4965.686124295799,4879.975506337464,4879.975506337464,17053
2020-10-07,4923.5224609375,4951.447355680525,4884.584031628761,4886.703576770728,4964
2020-10-08,4933.01513671875,5064.300037438348,4884.584203534712,4940.111788112631,32640
2020-10-09,4925.50341796875,4996.099565284961,4907.946745598711,4930.66457743489,7022
2020-10-12,4874.03076171875,4982.966369639782,4843.617317376379,4967.529242587216,7030
2020-10-13,4742.79248046875,4897.440514982899,4727.8161623921005,4884.583741922506,15959
2020-10-14,4735.74169921875,4777.675385569719,4718.69173883429,4773.988907648754,10205
2020-10-15,4695.97509765625,4804.588070905069,4681.828145050677,4748.783727241259,9113
2020-10-16,4696.7119140625,4771.224953159051,4675.699165935756,4771.224953159051,5885
2020-10-19,4683.02587890625,4783.206117675277,4664.317179490285,4725.1440780965595,7613
2020-10-20,4697.07958984375,4733.345406453554,4673.993201829056,4698.969179787099,3360
2020-10-21,4686.3896484375,4753.068464831032,4675.191610568424,4715.927375878843,30005
2020-10-22,4690.02978515625,4727.908439851711,4677.219363011195,4699.338232905238,3357
2020-10-23,4669.38525390625,4730.857455312517,4653.256912458829,4726.986473361326,6416
2020-10-26,4662.1962890625,4699.337371279253,4649.569923142543,4691.042796589802,17259
2020-10-27,4708.6005859375,4836.659813401732,4654.179126844273,4654.179126844273,37203
2020-10-28,4716.2509765625,4770.580191497695,4677.220289660644,4722.379657974609,6047
2020-10-29,4784.21923828125,4828.641029678133,4686.573468949509,4736.2027707051575,23497
2020-10-30,4737.90771484375,4864.3077397541765,4707.632424150121,4828.180075211079,11852
2020-11-02,4814.9091796875,4856.88922100369,4755.556969527096,4779.519078288279,15610
2020-11-03,4815.693359375,4866.152038179991,4787.8143633229265,4845.876404687575,16287
2020-11-04,4820.11572265625,4873.52375087549,4799.794193373592,4837.995500358065,11841
2020-11-05,4871.7724609375,4893.799074869575,4811.77494724935,4832.235078187624,22200
2020-11-06,4894.81396484375,4919.052380405499,4861.5434071643695,4893.293382500296,27706
2020-11-09,4858.501953125,4930.48007984475,4847.7188244052995,4898.407899565431,10577
2020-11-10,4906.8876953125,4933.43016217408,4845.5536354145825,4884.584318984237,23849
2020-11-11,4967.759765625,4984.072611618626,4908.545709701544,4936.194296124948,16480
2020-11-12,5236.50390625,5289.911486882998,5041.258722929518,5207.15023483579,67102
2020-11-13,5541.1455078125,5566.582298383183,5141.439363445922,5253.231639202673,68450
2020-11-14,5580.40673828125,5692.844330695835,5466.171807623421,5566.5824441319155,13511
2020-11-17,5496.078125,5666.1169300746205,5309.496069183951,5662.430451915821,53197
2020-11-18,5465.587890625,5529.955625207557,5347.108821218653,5429.714737741559,24062
2020-11-19,5447.30322265625,5482.619389397826,5364.7435366039335,5387.947444634227,13719
2020-11-20,5604.30078125,5684.95747503099,5401.869796682508,5448.27761280521,30938
2020-11-23,5795.0380859375,5982.896873227922,5568.939069092077,5568.939069092077,35696
2020-11-24,5890.17333984375,6013.711045628596,5810.258984260218,5810.258984260218,33639
2020-11-25,5954.02978515625,5981.039224248661,5890.0336799026245,5890.1728127079905,11534
2020-11-26,5898.5732421875,6018.955312371975,5778.70192996007,5983.870727416695,14458
2020-11-27,6374.67138671875,6474.819376748071,5903.075005177427,5949.064975863308,70272
2020-12-01,6190.24609375,6542.574347582545,5946.094738340007,6404.975163722549,40353
2020-12-02,6281.11279296875,6357.778604306053,6192.659666956,6247.792067954991,24605
2020-12-03,6260.97265625,6348.497634026742,6218.648628674261,6284.547741007973,10452
2020-12-04,6334.43505859375,6357.871006464294,6276.518192912359,6290.115592818762,8678
2020-12-07,6279.5810546875,6357.871135145216,6180.732401272468,6357.871135145216,6505
2020-12-08,6211.26904296875,6310.535554227928,6094.275106495157,6283.619017814836,15242
2020-12-09,6231.82763671875,6334.667180507847,6199.156351444968,6232.569980528966,4669
2020-12-10,6170.56982421875,6305.7090392894515,6126.806885522065,6231.828149244158,5860
2020-12-11,6145.416015625,6288.259185297242,6079.424009401761,6230.806398657819,6859
2020-12-14,6214.146484375,6267.979557771546,6144.209806141106,6172.240311845379,10948
2020-12-15,6158.78173828125,6240.923578962117,6147.179783382822,6240.923578962117,4305
2020-12-16,6322.18359375,6357.778482603959,6174.050193732113,6255.774184099932,13815
2020-12-17,6381.400390625,6397.968073512177,6300.372062505045,6319.817120960531,7956
2020-12-18,6350.07470703125,6532.364527326899,6286.867167639777,6394.069228297102,32915
2020-12-21,6118.638671875,6424.698226966324,6020.950216459195,6385.715660434601,17013
2020-12-22,6255.125,6292.9011513187215,5876.669182234483,6079.4251535601215,16126
2020-12-23,6541.6005859375,6705.93050796989,6279.906687463567,6311.464007501073,13348
2020-12-24,6599.88818359375,6821.9496043897,6543.502681761549,6627.964914958755,28721
2020-12-28,6422.84228515625,6729.087670481205,6367.431166820237,6682.726077041185,43789
2020-12-29,6403.07275390625,6535.938252256854,6359.72766863776,6467.8116629674705,14321
2020-12-30,6364.97119140625,6534.174362967173,6350.027783792829,6454.956129242515,10603
2020-12-31,6327.70654296875,6414.489170290727,6293.828832837711,6390.450009084596,8150
2021-01-01,6479.27392578125,6504.519960790892,6288.259522596788,6365.296502726018,14637
2021-01-04,6502.06005859375,6545.126421808472,6448.691069441556,6497.094331571497,12224
2021-01-05,6484.2861328125,6511.016854655852,6426.786665124843,6468.321662166305,7529
2021-01-06,6434.8154296875,6641.84098710344,6406.2746203219995,6515.657942953306,8207
2021-01-07,6386.876953125,6501.643414383559,6358.80021883515,6497.0026318563105,7723
2021-01-08,6454.95654296875,6468.321904390929,6403.490089683831,6414.070981926333,7727
2021-01-11,6473.9833984375,6545.312304034431,6406.088852590066,6495.238088051072,6097
2021-01-12,6312.99462890625,6497.094533947739,6218.647625349979,6497.094533947739,13906
2021-01-13,6312.06640625,6389.938633563029,6228.857279911566,6375.413077290674,12915
2021-01-14,6295.82373046875,6365.853309197772,6265.055437737023,6313.597834144431,5942
2021-01-15,6314.01611328125,6355.040808502051,6287.377842632256,6337.452062986936,29950
2021-01-18,6230.9453125,6334.38851393889,6209.365678415819,6311.462871932373,27172
2021-01-19,6304.50244140625,6356.943278791521,6218.647973120629,6218.647973120629,5672
2021-01-20,6429.33984375,6488.741857608814,6315.222824907861,6348.590231160676,9821
2021-01-21,6603.322265625,6708.528427568334,6325.431885978587,6487.766797598535,24740
2021-01-22,6586.1044921875,6681.797501624473,6553.619020239054,6636.31784089665,8313
2021-01-25,6589.91015625,6682.725792253521,6566.70624724912,6586.1046245335865,20348
2021-01-27,6667.08642578125,6935.184487404775,6543.502494138606,6557.424839870816,20521
2021-01-28,6532.08642578125,6767.095352477534,6479.598909856494,6685.649629023147,15862
2021-01-29,6599.93408203125,6656.227127985177,6532.086214484873,6553.712076453359,18643
2021-02-01,6631.58447265625,6679.987737552922,6541.321264104614,6599.191905420408,42427
2021-02-02,6590.4677734375,6729.134256299448,6560.488048209289,6674.512158627001,7495
2021-02-03,6574.54931640625,6682.77198487605,6516.678677011478,6653.070981505654,12705
2021-02-04,6581.232421875,6838.146398387688,6569.073481776076,6636.318597658076,12690
2021-02-05,6656.97021484375,6686.439182646223,6608.4740394837745,6663.189044447981,6111
2021-02-08,6672.79443359375,6750.435076784969,6654.881196868773,6656.969548708795,5684
2021-02-09,6789.4638671875,6913.326516421039,6659.5219749925245,6681.287423215725,11204
2021-02-10,6810.34716796875,6954.6292527941905,6747.696614805153,6789.463650247551,7150
2021-02-11,6862.23193359375,6961.173503632324,6702.821060360569,6961.173503632324,24528
2021-02-12,6849.28369140625,6930.079521963508,6822.92368799286,6886.920250849693,27480
2021-02-15,6896.75927734375,6956.532460951004,6859.076035547421,6865.573130574327,6454
2021-02-16,6835.826171875,6917.4110349103385,6816.381112556849,6914.76569833177,7198
2021-02-17,6722.63623046875,6961.172404875829,6661.285007033512,6849.793646397815,7799
2021-02-18,6556.07861328125,6784.822927316528,6538.861494246914,6765.238737665811,21908
2021-02-19,6635.5751953125,6659.52144655058,6499.600297483977,6580.628161121061,10880
2021-02-22,6496.77001953125,6682.726249631765,6469.250272212973,6660.450495466326,8453
2021-02-23,6471.06005859375,6566.706392327962,6450.68684476033,6552.784046619847,59897
2021-02-24,6371.4228515625,6566.706877826053,6311.41762776441,6488.880868923482,3697
2021-02-25,6241.61962890625,6497.094673012937,6212.196890320777,6422.842162464218,17258
2021-02-26,6217.85888671875,6302.181986709921,6125.832269850586,6264.127574124486,13375
2021-03-01,6125.27490234375,6338.379690136658,6104.716329909405,6274.336902229287,14078
2021-03-02,6289.466796875,6314.248757049177,6023.735768521116,6162.031088938627,19469
2021-03-03,6316.89306640625,6357.871079144701,6265.983599314726,6292.900133810375,11832
2021-03-04,6218.13720703125,6338.379680250114,6199.017095683243,6297.540801068534,12074
2021-03-05,6244.40380859375,6274.151037972861,6199.109960539162,6218.647470191093,4987
2021-03-08,6219.529296875,6300.278897014789,6201.012396941724,6246.49205679057,3295
2021-03-09,6253.36083984375,6298.747597171635,6187.740454272775,6237.211009121121,3797
2021-03-10,6132.97998046875,6267.748034416522,6102.629081172312,6265.0564711654915,12468
2021-03-12,6093.9033203125,6172.239624302478,6033.016174130242,6172.239624302478,12052
2021-03-15,6060.2578125,6136.551993279211,6014.453205548953,6079.888228850064,6681
2021-03-16,6017.28369140625,6080.862399773307,5986.608306095086,6065.501593849827,5274
2021-03-17,6033.48046875,6088.705772632874,6023.873959703213,6045.360688977035,6977
2021-03-18,5950.08642578125,6079.4251257768,5940.201649613973,6048.517695349221,11060
2021-03-19,6005.8212890625,6044.339776393538,5826.037228359747,5893.792639809526,12077
2021-03-22,5900.7080078125,6065.362860337612,5881.077137653058,6045.082552627646,9351
2021-03-23,5850.4013671875,5943.402812417929,5836.24698320311,5929.990772214483,10450
2021-03-24,5655.35009765625,5875.323174031623,5632.610264866391,5835.319540810002,26376
2021-03-25,5662.91455078125,5697.117206665747,5584.717369727643,5624.628097149662,11488
2021-03-26,5741.99267578125,5796.382271948992,5640.266655504883,5640.266655504883,9787
2021-03-30,5838.150390625,5893.793551974993,5708.162258999402,5782.414776189638,17320
2021-03-31,5756.5654296875,5799.121493515629,5717.954030767733,5799.121493515629,17055
2021-04-01,5726.0751953125,5806.3144987473415,5680.317265289331,5773.1329068790255,6755
2021-04-05,5738.79052734375,5758.977927306507,5645.139645283226,5745.287621584637,6961
2021-04-06,5789.05078125,5800.931455463574,5717.907681598173,5773.132989130856,6556
2021-04-07,5749.13916015625,5802.833091865678,5735.959612834476,5802.833091865678,6963
2021-04-08,5849.798828125,5879.8710059286195,5712.80284790697,5772.993883256713,9131
2021-04-09,5898.85107421875,6008.883821111341,5856.666189560173,5911.705676273454,11627
2021-04-12,5752.759765625,5903.074880376782,5723.522838151436,5898.851949911153,6479
2021-04-13,5781.48583984375,5847.338713424319,5734.381905605177,5778.701370824721,4098
2021-04-15,5919.36328125,6056.637966412738,5726.724614281879,5801.53410588019,21187
2021-04-16,5899.27001953125,6002.156261890807,5876.901356437789,5919.364517837488,12926
2021-04-19,5883.90869140625,5992.085144547088,5814.2502778009375,5877.086650847505,12794
2021-04-20,5829.98291015625,5950.17917473181,5794.898776371515,5898.434450792911,11190
2021-04-22,5868.96533203125,5970.552237795392,5847.385694349721,5854.0219223942995,10088
2021-04-23,5860.47216796875,5922.565737861775,5830.121273692116,5868.9647080292225,4348
2021-04-26,5776.47412109375,5930.919251654625,5754.569539946585,5921.637687880519,7510
2021-04-27,5943.03125,6038.260180778855,5789.839227919191,5828.821794057794,13275
2021-04-28,5972.3154296875,6039.6529971167165,5914.6305984489045,5940.20112670597,7372
2021-04-29,5915.9296875,6103.556410795605,5881.587901125389,6101.700098018599,9258
2021-04-30,5915.46630859375,5984.7531005458595,5859.451973285672,5921.638458666654,4541
2021-05-03,5834.66943359375,5967.117534006787,5823.995634925049,5940.20099823354,7076
2021-05-04,5827.33740234375,5929.0172140129935,5800.977849635286,5886.739415524015,5200
2021-05-05,5842.001953125,5908.272226710476,5810.258824274145,5837.50030413046,6743
2021-05-06,5826.1767578125,5909.942871506272,5818.519467641047,5860.565223776022,6067
2021-05-07,5442.24462890625,5521.6019949455585,5336.898885684478,5503.9670247146005,72852
2021-05-10,5425.0732421875,5476.121835569932,5327.663063170871,5448.370054535013,30068
2021-05-11,5385.81298828125,5448.602674192173,5374.025221454519,5392.588348298921,12512
2021-05-12,5365.34716796875,5438.9964684678835,5350.914517323583,5438.9964684678835,9561
2021-05-14,5346.7841796875,5411.198144468184,5332.908513156693,5374.025661201048,11553
2021-05-17,5417.9267578125,5457.559214340026,5342.467829547822,5342.467829547822,10282
2021-05-18,5428.5546875,5449.809378196552,5391.66047098739,5438.71818125383,6628
2021-05-19,5418.11279296875,5475.194409545637,5392.588492873394,5475.194409545637,7419
2021-05-20,5410.13037109375,5457.559250458237,5401.591604731521,5418.11260621598,4457
2021-05-21,5455.42529296875,5466.795209367712,5401.963391342331,5426.605763563201,5371
2021-05-24,5602.02734375,5635.765921088494,5457.559884058028,5476.123012915368,28224
2021-05-25,5611.6337890625,5661.754236401132,5587.501721825381,5646.903733485982,5491
2021-05-26,5552.97412109375,5634.744793408022,5523.551834114856,5611.633788887317,16682
2021-05-27,5601.51611328125,5660.8252095387625,5523.458078695716,5531.811485301037,20273
2021-05-28,5533.2041015625,5639.1068321404155,5517.889521729273,5639.1068321404155,6302
2021-05-31,5494.63916015625,5568.937891917046,5449.994750749116,5568.937891917046,12911
2021-06-01,5427.81298828125,5539.145088593359,5408.275022025229,5539.145088593359,8128
2021-06-02,5461.318359375,5470.5536966245645,5392.588560805687,5428.786659578737,8033
2021-06-03,5418.29833984375,5507.7258388681685,5402.797947992616,5464.984421539344,7538
2021-06-04,5383.724609375,5442.151778902456,5365.996732687684,5418.298432948433,19719
2021-06-07,5406.3251953125,5452.918827682349,5379.640698921714,5404.561788799991,5082
2021-06-08,5410.7802734375,5420.200969618865,5374.025191847807,5413.750101795439,6041
2021-06-09,5389.0615234375,5452.918498359025,5384.234929188205,5420.154760832398,7407
2021-06-10,5420.5263671875,5437.140276367467,5378.712648791709,5415.792678833078,6439
2021-06-11,5390.8251953125,5429.714857239464,5383.353264485569,5429.714857239464,8764
2021-06-14,5371.93701171875,5419.505025515232,5367.482042438839,5419.505025515232,7726
2021-06-15,5389.01513671875,5427.858572306186,5374.675392404593,5394.955246978402,7099
2021-06-16,5385.67431640625,5418.577645603335,5377.970798738802,5418.531419058914,5051
2021-06-17,5355.0908203125,5393.516401505364,5342.467803659418,5374.0251186914575,7561
2021-06-18,5442.755859375,5473.338796863236,5328.546385075774,5383.353844282708,17096
2021-06-21,5441.36328125,5464.985043603874,5389.758146456421,5441.781132922812,14498
2021-06-22,5399.3173828125,5499.094187772291,5389.803780479125,5440.852378365529,14655
2021-06-23,5377.8779296875,5452.780341017419,5369.385388296166,5451.063160840688,5831
2021-06-24,5389.38671875,5438.068706422755,5354.534624910884,5425.028289422849,9339
2021-06-25,5433.8916015625,5452.918807614602,5350.821604408201,5350.821604408201,7179
2021-06-28,5391.93896484375,5452.919023545053,5378.666509181887,5435.284051383801,5040
2021-06-29,5363.44482421875,5416.581779709244,5355.462588299552,5392.681751693869,22125
2021-06-30,5150.9892578125,5400.013414646378,5100.2189263461405,5400.013414646378,38458
2021-07-01,5239.349609375,5268.6794402268715,5186.119752876015,5216.238607253592,33551
2021-07-02,5287.33544921875,5400.013537234424,5239.349585594625,5239.349585594625,12827
2021-07-05,5242.13427734375,5327.199718109088,5220.879587087256,5324.322795919953,7744
2021-07-06,5231.60009765625,5285.851023861249,5188.394595853271,5242.134764085963,7795
2021-07-07,5222.8291015625,5267.2877036099635,5213.222591938548,5267.2877036099635,3552
2021-07-08,5245.0576171875,5307.1049581312645,5220.925552746348,5225.520107833946,6038
2021-07-09,5193.91748046875,5251.973487514426,5156.419595791233,5236.658905461941,7537
2021-07-12,5300.1904296875,5336.898830799687,5151.267567119698,5151.267567119698,14088
2021-07-13,5322.466796875,5346.181012272148,5313.695537371189,5341.633136426291,5281
2021-07-14,5297.26708984375,5363.816088137536,5291.419885529001,5363.816088137536,5208
2021-07-15,5258.0517578125,5338.708904251406,5244.08318653421,5338.708904251406,5545
2021-07-16,5218.18798828125,5290.39837216968,5170.155896411145,5260.7902747779435,8330
2021-07-19,5162.82373046875,5270.582325572131,5155.908784032301,5230.16129577354,7920
2021-07-20,5123.609375,5197.444038717883,5111.589567789466,5188.672779055993,7482
2021-07-22,5107.08740234375,5165.143853874571,5103.792628586468,5129.781006349544,8918
2021-07-23,5097.34228515625,5143.193122858504,5058.452620785352,5143.193122858504,8784
2021-07-26,5053.06884765625,5151.221379060172,5025.9665016760055,5117.714845075399,8844
2021-07-27,5022.857421875,5144.677947688316,5016.685272540731,5084.440688802612,18455
2021-07-28,5010.7919921875,5073.025157360107,4993.481964123155,5035.249006573999,5908
2021-07-29,5014.4580078125,5072.374878270871,4999.050520469699,5002.763146181152,4668
2021-07-30,4972.5048828125,5029.679406268072,4956.3550524952025,5025.966780760585,11200
2021-08-02,5050.2373046875,5062.582054771507,4987.029773226492,5012.97192177485,16267
2021-08-03,5103.0966796875,5132.704777547003,5053.857711844648,5062.443158353203,7003
2021-08-04,5115.20947265625,5146.627660012749,5077.108830592623,5123.423748110077,7819
2021-08-05,5126.99755859375,5163.334796242678,5077.2945043002865,5137.346413302755,13700
2021-08-06,5078.8720703125,5156.373133519936,5067.734192965323,5126.997072657036,6770
2021-08-09,5065.2744140625,5104.256982815417,5049.170809901676,5095.578629845625,3309
2021-08-10,5027.126953125,5072.235443473902,5012.972568442765,5049.170666974383,5551
2021-08-11,4963.734375,5045.365461326279,4933.847556589749,5026.895238957829,6541
2021-08-12,5036.77978515625,5057.060092926087,4928.55665939894,4962.109875471872,4959
2021-08-13,5094.9287109375,5097.434914481174,5002.716735779417,5013.900839043573,10403
2021-08-16,5077.943359375,5177.256088209422,5036.362136433273,5036.362136433273,8244
2021-08-17,5045.96826171875,5096.042478462921,4966.564666652416,5077.943429500162,7014
2021-08-18,5053.11572265625,5077.0157511006455,5022.300747420202,5072.65323453121,5636
2021-08-20,4996.82275390625,5058.452246600711,4974.918172803635,5053.811464723095,5289
2021-08-23,5017.24267578125,5053.951082676346,4961.924459849716,5013.530049922777,5052
2021-08-24,5048.52099609375,5064.021389471839,5003.32005070019,5026.663093847528,14520
2021-08-25,4987.40185546875,5058.452041858726,4971.298252364951,5051.490869324059,12927
2021-08-26,5089.220703125,5197.675869725529,5014.225846856651,5032.464029580682,31216
2021-08-27,5144.259765625,5197.674976288303,5104.859351711726,5179.111851372988,29193
2021-08-30,5096.36767578125,5187.466136090572,5084.115829981755,5187.466136090572,11185
2021-08-31,5048.6142578125,5132.70532539322,5016.685765596809,5132.70532539322,21595
2021-09-01,4982.8076171875,5073.8598503715175,4971.483927863796,5044.530017586674,19661
2021-09-02,4946.98046875,5007.4035381358935,4931.155584168589,5007.4035381358935,30033
2021-09-03,4967.67919921875,5035.248808399291,4928.51081522585,4965.63707372096,9203
2021-09-06,4948.46630859375,4998.2618134624345,4942.433291430501,4998.2618134624345,8771
2021-09-07,4967.3076171875,4988.052004941977,4929.6710535919665,4965.63711682128,8209
2021-09-08,4960.7177734375,5008.610281899151,4947.073692853957,4992.553357197267,18506
2021-09-09,4957.88671875,4993.527835130136,4934.311635996566,4960.996133440234,35903
2021-09-13,5096.83203125,5178.138627211813,4965.683252457784,4990.697250158608,59934
2021-09-14,5105.833984375,5151.267416109318,5061.282482397838,5141.98585319741,7160
2021-09-15,5141.1513671875,5151.268181624649,5114.141924459786,5114.141924459786,9612
2021-09-16,5092.46923828125,5151.26803705621,5071.771531773265,5149.411724250064,6411
2021-09-17,5011.7197265625,5141.058414431708,4980.301541080464,5127.136068120736,16640
2021-09-20,4989.8154296875,5036.780237902019,4970.834901719149,5011.116802041753,7431
2021-09-21,4942.154296875,5022.254008579195,4927.582060903151,4981.090183826843,9614
2021-09-22,4985.59228515625,5011.116587090867,4955.984185552371,4956.355357485688,5321
2021-09-23,4976.12451171875,5053.301075615865,4956.354962530768,5012.044344132237,16910
2021-09-24,4999.7001953125,5029.63323881827,4985.313771301975,5012.044493989374,14917
2021-09-27,4981.693359375,5049.170506803443,4971.205373977801,5010.187940390621,10371
2021-09-28,5005.45458984375,5012.044590964737,4975.846491141103,5006.475652530332,6062
2021-09-29,5061.28271484375,5086.29670932067,4993.481075938906,5008.888561720545,16204
2021-09-30,5015.38671875,5099.013712786667,4987.913194807462,5095.486446049979,12201
2021-10-01,5122.123046875,5137.344718363227,5014.828096353481,5037.892869243299,12658
2021-10-04,5357.3193359375,5369.385370477899,5137.346244700981,5141.987027216519,55706
2021-10-05,5333.69775390625,5431.340002650198,5309.055379187274,5383.30790197311,17275
2021-10-06,5318.939453125,5388.876129427061,5309.054677974989,5343.3964652276245,9561
2021-10-07,5339.544921875,5375.278945185627,5322.049082159259,5336.435507128473,8595
2021-10-08,5334.7177734375,5378.666067406796,5319.264060795228,5339.683500567955,9043
2021-10-11,5288.44970703125,5383.307478712572,5276.615712142701,5364.744349475633,9596
2021-10-12,5228.2119140625,5325.761238968293,5188.394096520174,5313.648979647834,17188
2021-10-13,5196.14404296875,5289.562886264708,5179.112283796644,5266.26607191059,11789
2021-10-14,5231.92529296875,5267.056107192848,5219.7201256136,5227.423643295931,5156
2021-10-18,5164.8193359375,5267.287714671629,5156.837100037987,5231.924864220077,13419
2021-10-19,5145.69921875,5208.628043066716,5132.705028803662,5208.628043066716,10825
2021-10-20,5092.09765625,5164.865021750084,5057.52383302005,5132.704495614035,10884
2021-10-21,5101.6572265625,5148.1579468946475,5063.742405033457,5080.727483700269,8937
2021-10-22,5032.00048828125,5130.338851196678,5016.685905959634,5127.182756520786,10486
2021-10-25,5000.1171875,5067.779692030916,4961.9236458865735,5067.2693873396465,8589
2021-10-26,5197.2119140625,5206.91133000721,4999.050516856973,5002.763142565742,51830
2021-10-27,5100.080078125,5239.720930914979,5095.485522850985,5233.873727112914,8643
2021-10-28,5048.3818359375,5151.175158123593,5030.607731364558,5151.175158123593,5825
2021-10-29,5034.0888671875,5087.272053888466,4979.605898812411,5069.405041084896,6649
2021-11-01,5108.24853515625,5136.325269856012,5059.752357038479,5077.0161589321715,10782
2021-11-02,5024.28955078125,5136.530303370869,4984.366936412367,5046.401063953998,16589
2021-11-03,5087.4453125,5100.160744982923,5025.458206859813,5030.0393781866405,4904
2021-11-04,5090.0634765625,5127.274366123209,5053.413192723549,5090.81125520439,1837
2021-11-08,5050.93505859375,5076.786374889473,5006.6650161202815,5006.6650161202815,5593
2021-11-09,5052.291015625,5086.1364444254095,5026.299545079228,5076.786928902568,3826
2021-11-10,5005.96484375,5048.177819205303,4992.641782812719,5042.194219982957,8081
2021-11-11,4837.7197265625,5031.629047416769,4814.345937309991,5030.03944713987,21008
2021-11-12,4828.884765625,4878.577350863565,4815.000643339854,4878.577350863565,8060
2021-11-15,4810.4189453125,4852.211002507071,4786.951571888643,4828.884237020468,9210
2021-11-16,4784.146484375,4819.674638841729,4777.601824341656,4814.064930241719,7209
2021-11-17,4760.91357421875,4805.6510984134875,4735.529730245976,4784.1472121754505,9561
2021-11-18,4682.42431640625,4764.512876050742,4674.7575314469605,4741.139088393507,9177
2021-11-22,4675.271484375,4693.269300533106,4616.790451362477,4684.106958551237,11367
2021-11-23,4676.25390625,4707.481197667504,4650.682889274594,4707.481197667504,7507
2021-11-24,4679.666015625,4711.641539671081,4656.058490147845,4707.480822870361,8787
2021-11-25,4700.18798828125,4735.201645250205,4628.009555634164,4702.805669664615,5387
2021-11-26,4676.76708984375,4731.789071456872,4656.245180368913,4656.245180368913,4898
2021-11-29,4636.98583984375,4676.160218832616,4584.067490340161,4660.733518120682,6414
2021-11-30,4978.33544921875,5000.119632248955,4633.197806096754,4659.797353614209,31362
2021-12-01,4991.37890625,5020.643163120464,4892.321065321532,4985.161569864514,23056
2021-12-02,4953.41943359375,5018.913057721885,4887.9262659848855,5001.990344877418,4109
2021-12-03,4906.158203125,4958.515489332718,4856.559206566304,4931.775784001344,2143
2021-12-06,4865.11376953125,4889.141749430583,4808.1282923797635,4868.152361939245,3382
2021-12-07,4888.81494140625,4898.818648775645,4772.272869025083,4889.422568591422,3691
2021-12-08,4991.14501953125,5011.807539081297,4896.153855385183,4899.145882806827,4804
2021-12-09,4956.87939453125,5002.037371918971,4923.454876522198,4997.316049185558,5072
2021-12-10,4914.94580078125,5025.410214632507,4872.358948181029,4919.714144106179,4006
2021-12-13,4905.3173828125,4950.568951042234,4899.146610663137,4939.536704259553,3220
2021-12-14,4959.73095703125,4978.944485904311,4873.014198020257,4898.211325699106,5851
2021-12-15,4924.29638671875,4978.617164835184,4888.908378102395,4978.617164835184,2001
2021-12-16,4882.22314453125,4936.590482929955,4873.434691738735,4935.608966463075,1740
2021-12-17,4784.146484375,4906.671687105845,4768.252310008305,4906.671687105845,3181
2021-12-20,4777.041015625,4812.709323395269,4674.757414695322,4768.252562989228,5756
2021-12-21,4750.53515625,4796.3012149732995,4730.854609700759,4786.390637728171,4062
2021-12-22,4882.41064453125,4936.54424868168,4729.873388453974,4750.535452764252,5290
2021-12-23,4853.5205078125,4911.721239867516,4805.650807434231,4882.316831988629,3370
2021-12-24,4771.29150390625,4861.748066489492,4758.903395852214,4831.362141073932,4365
2021-12-27,4656.66552734375,4795.1784838153235,4642.033629463085,4795.1784838153235,11590
2021-12-28,4683.7333984375,4773.8160720118685,4670.083014438781,4693.456803299836,12267
2021-12-29,4696.02783203125,4720.19642056432,4682.985075483587,4683.639724167148,5485
2021-12-30,4782.6044921875,4795.272903054704,4684.107255305507,4684.107255305507,5504
2021-12-31,4991.14501953125,5118.859486329652,4685.041988310117,4805.463559462996,19169
2022-01-03,4909.8984375,4980.1599605116835,4871.097945229934,4955.243591116824,6327
2022-01-04,4879.46484375,4945.799372376905,4873.901700252891,4910.364805242314,4131
2022-01-05,4849.40625,4903.820609822523,4832.810860900982,4880.4468223591175,4968
2022-01-06,4801.25634765625,4842.955276661854,4779.565746350776,4817.898758587807,5056
2022-01-07,4753.85400390625,4825.237634962919,4726.17935102174,4786.951192330625,6041
2022-01-10,4781.0615234375,4809.296783971261,4754.321820043039,4757.453998777087,2805
2022-01-11,4829.4453125,4837.392400092385,4732.817985587559,4804.014449596657,4056
2022-01-12,4830.00634765625,4860.813184317306,4769.187930987224,4829.959782685748,5294
2022-01-13,4854.50244140625,4880.213610386686,4777.602672364762,4838.374526318521,4804
2022-01-14,4819.0205078125,4854.502101126127,4787.933369315231,4854.502101126127,2698
2022-01-17,4730.2001953125,4843.095594998991,4720.570376953178,4819.020592581375,10039
2022-01-18,4723.6083984375,4794.384404838903,4721.5047577038695,4730.85427207556,6091
2022-01-19,4724.5439453125,4758.80982849945,4721.505352758744,4747.263085491317,3835
2022-01-20,4736.09130859375,4768.159968522529,4721.505971121658,4743.944811380454,16876
2022-01-21,4762.41015625,4772.320735437311,4696.4960623082825,4721.50601993865,4896
2022-01-24,4726.31982421875,4753.293265386174,4696.261225813288,4712.155400776223,8232
2022-01-25,4720.9443359375,4744.879187279661,4673.1216547429685,4698.131609079862,4609
2022-01-27,4725.0576171875,4747.449887789413,4712.155469343437,4722.439935645576,4736
2022-01-28,4760.96044921875,4839.309206232801,4700.4223365635,4744.785513547537,5321
2022-01-31,4729.68603515625,4796.254766457447,4702.806178766678,4760.960346328531,3934
2022-02-01,4752.45263671875,4816.263084324456,4740.204679281039,4740.204679281039,4536
2022-02-02,4761.98828125,4835.5225817691435,4713.511411303349,4756.238420842251,4790
2022-02-03,4764.373046875,4798.077868348698,4734.594748081719,4768.25300458467,3123
2022-02-04,4744.271484375,4768.206335335295,4725.9463427091805,4768.206335335295,2263
2022-02-07,4719.91552734375,4768.15911658424,4698.131339759151,4754.228430383141,7005
2022-02-08,4697.4775390625,4756.286364897998,4686.024380992628,4743.523909261784,11147
2022-02-09,4680.97509765625,4768.252916360555,4674.757761137799,4701.871356152398,14987
2022-02-10,4625.0185546875,4680.975501216389,4618.801217633035,4675.693115794756,8433
2022-02-11,4600.4755859375,4636.424655011279,4585.93727219809,4619.128051640094,3130
2022-02-14,4534.56103515625,4598.231319330221,4483.092141148679,4581.262042049745,14002
2022-02-15,4483.13916015625,4557.234069054811,4446.629485445501,4512.543568440435,10317
2022-02-16,4477.3427734375,4507.588547059042,4459.718845605408,4505.578036032684,13876
2022-02-17,4345.60791015625,4469.722719014363,4325.08554258104,4453.173895225571,11437
2022-02-18,4371.64599609375,4412.971034576095,4270.998559458599,4343.78462428825,6314
2022-02-21,4277.076171875,4393.524665558367,4258.7044645557,4393.524665558367,5110
2022-02-22,4268.333984375,4289.557566450553,4196.06241460987,4253.935822295393,7390
2022-02-23,4319.80322265625,4360.613764028171,4207.281719152395,4268.053566206819,5887
2022-02-24,4247.43798828125,4288.38868030093,4197.932125045222,4288.295093849523,11472
2022-02-25,4308.63037109375,4338.174929590507,4218.594724882591,4273.195800795995,4965
2022-02-28,4272.12060546875,4338.68887645056,4254.96415463128,4338.174835747998,8361
2022-03-02,4261.04150390625,4295.120669030123,4215.742920670063,4293.484503888744,6147
2022-03-03,4247.8115234375,4300.776428805793,4221.352124974826,4295.166720420395,5049
2022-03-04,4209.24609375,4260.528285236939,4197.933087000088,4247.485526557105,7229
2022-03-07,4127.15673828125,4190.219407424556,4114.722064389016,4189.518193712152,4707
2022-03-08,4190.0322265625,4202.607508388887,4113.787104985785,4123.13662113348,12050
2022-03-09,4204.14990234375,4242.81024121799,4172.034224485051,4215.883818504635,10337
2022-03-10,4264.08056640625,4277.403626883428,4230.001397525311,4254.029836572589,2703
2022-03-11,4093.872802734375,4276.234931898557,4082.933686275157,4248.46668643706,50223
2022-03-14,3999.582275390625,4142.676416631221,3978.3121292452547,4095.087477658182,32507
2022-03-15,4030.482177734375,4065.8701819759212,3973.5437248399344,4020.2912980733454,12422
2022-03-16,4037.400634765625,4077.8372846860557,3975.600709582409,4041.7950891565893,9743
2022-03-17,4076.5283203125,4128.6518616924095,4010.941569862078,4047.404675042642,23746
2022-03-21,4059.74755859375,4106.6818612272955,4021.2273649568765,4068.909902881266,80332
2022-03-22,4010.380859375,4080.034745891896,3999.7225036145264,4059.793137288494,15783
2022-03-23,3983.454833984375,4021.3669383352153,3957.6500788073495,4021.3203733634673,15924
2022-03-24,3988.5029296875,4020.2912793380806,3937.5946400658495,3999.7223472112346,21493
2022-03-25,3951.2451171875,4019.356424003961,3944.700456808801,4006.2671032465623,14019
2022-03-28,3866.491943359375,3961.8569967320404,3854.7584845962383,3954.8448604546384,50877
2022-03-29,3772.856689453125,3875.0937289789777,3758.505092386051,3856.675001515537,22812
2022-03-30,3756.588134765625,3837.8821177321,3741.675704782548,3786.5533744051277,15259
2022-03-31,3742.050048828125,3821.661311466571,3739.806256378162,3756.5885913017273,15195
2022-04-01,3895.382080078125,3931.5178664921755,3731.9992953121396,3760.375166402255,38941
2022-04-04,4093.40478515625,4195.734951550957,3926.796247477013,3932.40595640198,51101
2022-04-05,4129.6806640625,4215.649634775383,4095.0874594959814,4134.542594339018,17071
2022-04-06,4111.63623046875,4225.466571062033,4053.01459114483,4137.160222794896,13642
2022-04-07,4069.0029296875,4145.107898250003,4053.99668266957,4118.46177778082,7398
2022-04-08,4115.04931640625,4123.089991470982,4060.35464780037,4093.825732476234,5915
2022-04-11,4087.934814453125,4205.832276413284,4072.0406407722585,4188.535675642928,8941
2022-04-12,4037.260986328125,4087.9355434730155,4002.3404542684857,4087.9355434730155,9632
2022-04-13,4018.749267578125,4061.8971922536593,3998.97513270725,4061.5233029206515,8183
2022-04-18,4020.759521484375,4033.8488444237496,3970.7396088231926,3987.5687383166746,5847
2022-04-19,3980.182373046875,4068.8626197201975,3942.2232484483357,4020.759179402838,9115
2022-04-20,4016.972900390625,4113.7869539374915,3938.109643276617,4000.096750452081,18518
2022-04-21,3983.548583984375,4060.4949203602055,3950.1706282573955,4060.4949203602055,8419
2022-04-22,3923.43017578125,4018.0004237004596,3915.5766749004883,3983.547827963128,6933
2022-04-25,3993.177734375,4072.6486094445095,3880.3759306537213,3923.430263304258,19903
2022-04-26,4128.044921875,4159.599537381094,3993.1781578230284,3993.1781578230284,25394
2022-04-27,4167.82666015625,4195.080861897901,4045.4886202445664,4119.069030196225,16133
2022-04-28,4172.548828125,4206.01991270711,4072.649158630215,4197.93267269276,16031
2022-04-29,4148.23974609375,4197.978893085475,4040.299410416738,4139.030382310613,13636
2022-05-02,4127.85791015625,4148.3802805390205,4063.3462492688955,4081.2509377596252,4488
2022-05-04,4130.89599609375,4186.712782795454,3987.194225629335,4095.0875365440124,16499
2022-05-05,4167.40625,4174.464951370016,4051.1449371555696,4142.7701861380865,9517
2022-05-06,4044.97412109375,4095.0876133278302,3937.408132488369,3937.408132488369,14716
2022-05-09,4103.03466796875,4148.519967253175,3998.6474240376274,4044.9740883702907,61932
2022-05-10,4058.6708984375,4123.556895706117,4040.860255532047,4103.034528320775,16057
2022-05-11,4061.05517578125,4131.5504232216645,4020.1040286999482,4131.5504232216645,5621
2022-05-12,4058.601318359375,4085.9262720482293,3997.2503681981284,3997.2503681981284,16027
2022-05-13,4160.06591796875,4209.618603321753,4039.7706907973393,4049.162288845363,6776
2022-05-16,4105.88916015625,4175.545906273727,4066.9074306776497,4160.0666805664605,9683
2022-05-17,4242.041015625,4266.250953752808,4090.739847977924,4105.889090828796,8384
2022-05-18,4208.06201171875,4309.668537607353,4131.420328191406,4233.215810593294,15260
2022-05-19,4099.8955078125,4213.205816866209,4059.5454570593524,4177.150609440097,16548
2022-05-20,4121.2265625,4131.797526595202,4099.989695189241,4099.989695189241,1658
2022-05-23,4134.7236328125,4198.434235448315,4105.794392085845,4121.509581895442,4858
2022-05-24,4097.44091796875,4155.44134420482,4067.331852840195,4155.44134420482,3852
2022-05-25,4006.3115234375,4122.406398348074,3987.8117601396348,4117.970068373603,3342
2022-05-26,3964.5458984375,4026.3687823186683,3917.0224138450144,4026.3687823186683,2769
2022-05-27,4010.606201171875,4051.6641477636736,3966.6221937984747,3973.654141413166,3230
2022-05-30,3987.575439453125,4038.826890435781,3974.5973550002036,3974.5973550002036,3556
2022-05-31,4028.72802734375,4055.344623330584,3964.2620631506807,3991.775972045699,2235
2022-06-01,4091.96728515625,4112.40178066916,4016.127972629625,4044.3493202633804,3771
2022-06-02,4106.3134765625,4162.426186255643,4072.7594090007033,4092.580486078111,3972
2022-06-03,4080.829345703125,4149.825665201045,4058.6016072947145,4126.890031163455,2801
2022-06-06,4113.86376953125,4131.183705128687,4039.770706384216,4058.6009112387983,2291
2022-06-07,4111.92919921875,4133.3550217674565,4072.758979600346,4079.460482841489,1257
2022-06-08,4136.4697265625,4223.776845719838,4115.232859740445,4126.18173658705,8226
2022-06-09,4034.86328125,4136.516809063764,3980.3553221007564,4136.516809063764,6079
2022-06-10,4005.55615234375,4049.068226025142,3975.1166425039123,4035.004792722655,1536
2022-06-13,3938.87255859375,4011.4083523866943,3928.443081225355,4011.4083523866943,3156
2022-06-14,3893.000732421875,3938.872457756973,3880.306081659261,3938.872457756973,8099
2022-06-15,3921.505859375,3992.531388207774,3797.388157826697,3912.4921726217854,45630
2022-06-16,3802.8623046875,3959.542963029919,3785.9670585404306,3941.137677902479,9841
2022-06-17,3767.98681640625,3803.806287912698,3699.603916652852,3802.8151879792867,43041
2022-06-20,3730.656982421875,3791.630250718111,3682.0481521170723,3724.474648208778,10387
2022-06-21,3761.993408203125,3784.88203396965,3729.1942434449093,3729.1942434449093,4667
2022-06-22,3764.8720703125,3785.7312560927994,3744.720549709687,3775.443265368578,2741
2022-06-23,3778.322021484375,3799.0397199571885,3756.3300187576697,3769.92152210361,4310
2022-06-24,3824.524169921875,3917.022533360262,3780.162709905506,3797.246683489976,4573
2022-06-27,3856.94580078125,3868.460626403247,3822.589128255502,3843.684510012383,1558
2022-06-28,3833.34912109375,3880.353204203855,3794.367624283666,3872.33038746907,4180
2022-06-29,3864.260498046875,3869.82918445548,3797.1046655240657,3833.018614164318,1646
2022-06-30,3955.57861328125,4146.332948416786,3860.8621021009194,3864.2600927145063,16144
2022-07-01,3910.32080078125,3958.7881448447133,3871.811464640378,3956.6644580530583,3956
2022-07-04,3969.31201171875,4019.667076247881,3905.7428963372627,3934.1531978437315,52606
2022-07-05,4043.169189453125,4099.140410940112,3975.7306123868375,3989.1806286727588,6206
2022-07-06,4054.826171875,4089.890509935065,4016.6942860824884,4042.5559809452106,10968
2022-07-07,3997.439208984375,4141.660946379223,3988.566549291514,4079.366137249544,5136
2022-07-08,4032.975830078125,4058.554550684393,3955.3902856882446,3998.2889446578597,4882
2022-07-11,4052.324951171875,4072.7594457885393,4032.9758043262977,4032.9758043262977,2277
2022-07-12,4036.798095703125,4072.6177968107213,4011.408332782477,4072.570327249798,2877
2022-07-13,4082.76416015625,4107.681991829845,4001.4506485626557,4052.9380682254955,3521
2022-07-14,3984.177978515625,4104.567701732312,3950.0575023004853,4045.387444410963,4587
2022-07-15,3978.84521484375,4023.2066725824893,3965.1592332009473,4004.140500015048,1500
2022-07-18,4001.308837890625,4029.3416875276284,3940.6187738177205,4003.527002907277,4255
2022-07-19,4041.375244140625,4060.3939436218843,3964.214637797775,4019.6194410119183,2579
2022-07-20,4153.60107421875,4228.496523340668,4033.16433999612,4040.621209257469,12842
2022-07-21,4153.78955078125,4174.4129997318105,4088.851656582927,4155.818759159746,14946
2022-07-22,4171.5341796875,4186.0225347494315,4136.044922393737,4163.369876162287,3017
2022-07-25,4098.99853515625,4247.373638612943,4068.9839457911994,4161.482305032104,4823
2022-07-26,4057.27978515625,4126.7950350444535,4043.216352595249,4124.6713484234115,1888
2022-07-27,4108.0595703125,4128.494064043574,4040.7150114263436,4082.1033988396625,4802
2022-07-28,4146.71142578125,4152.988008665885,4084.0861621584736,4096.450832267282,3056
2022-07-29,4184.041015625,4223.777652868362,4131.892699352156,4152.988083267216,4671
2022-08-01,4137.8388671875,4221.842480999869,4105.794607683166,4184.13505651942,3992
2022-08-02,4159.9716796875,4196.31031770916,4106.124609512293,4136.894561413624,4372
2022-08-03,4193.33740234375,4200.180392871462,4149.589363830613,4159.5943800864125,3171
2022-08-04,4185.6923828125,4238.879033331597,4140.009610320802,4194.706530358127,6654
2022-08-05,4181.5390625,4236.471942166914,4157.706578706055,4202.068033688844,2999
2022-08-08,4160.962890625,4206.83415198648,4152.9870833557625,4203.955561196946,1835
2022-08-10,4158.509765625,4227.506091699136,4143.54947772853,4186.731115224221,4415
2022-08-11,4113.81689453125,4195.4608457477125,4102.632052971051,4179.3207354720635,2762
2022-08-12,4125.14306640625,4138.92352438944,4106.737783304792,4116.270868264569,2188
2022-08-16,4143.87939453125,4179.415661812455,4125.190673993294,4145.814124841682,5948
2022-08-17,4148.50439453125,4169.694254928722,4140.434568624082,4169.552307105798,5389
2022-08-18,4115.46875,4173.374697987786,4058.459654053952,4169.268811636374,5702
2022-08-19,4130.33544921875,4170.449538933512,4106.974891090742,4136.093093092905,2200
2022-08-22,4088.23876953125,4151.005515688011,4081.301300150539,4151.005515688011,13050
2022-08-23,4055.58056640625,4117.120469835495,4049.1624978437126,4078.422180229063,30940
2022-08-24,4002.48876953125,4086.492381538003,3992.2007788863525,4075.873947436026,6376
2022-08-25,3971.955322265625,4027.3126676752145,3923.8184200191045,4011.4085205433867,9679
2022-08-26,3979.317626953125,4057.6580830814714,3938.778616211163,3971.95569614673,6874
2022-08-29,3936.324462890625,3978.278798984146,3920.8922466163995,3959.496061213322,4982
2022-08-30,3971.671630859375,4009.426061554337,3934.011678415053,3956.0509195071404,13665
2022-09-01,4025.80224609375,4035.004888822644,3945.6685569668266,3978.1842847538683,5224
2022-09-02,3978.42041015625,4035.0050513054157,3972.899192992206,4035.0050513054157,9092
2022-09-05,4034.20263671875,4041.9424798003315,3964.215449001361,4003.2441861315087,5087
2022-09-06,4064.87841796875,4105.794879806948,4026.1801214004545,4052.9386698600083,3742
2022-09-07,4062.5654296875,4082.1975479982875,4034.107660744017,4058.6010303798002,1634
2022-09-08,4038.072509765625,4082.905898233776,4006.689137837919,4051.145074156035,5805
2022-09-09,4049.4453125,4058.2705020786284,4003.6210605911274,4058.2705020786284,5141
2022-09-12,4028.869873046875,4069.7388618284804,3999.9406313543454,4069.7388618284804,14774
2022-09-13,4054.826171875,4067.0963628047894,4013.7682253022435,4028.869998754292,13698
2022-09-14,4058.884765625,4080.2161137274275,3999.6574952925125,4035.005269663475,41992
2022-09-15,4058.601318359375,4118.630955614129,4021.790748262627,4063.3206222179324,53698
2022-09-16,3914.66259765625,4078.8473652137773,3869.8292104618745,4068.134453152374,13045
2022-09-19,3846.9404296875,3953.5496851346584,3836.793926683356,3931.0385142027258,11647
2022-09-20,3868.932373046875,3879.220824316653,3856.615174129294,3860.390617275774,9760
2022-09-21,3865.72314453125,3892.528697352021,3856.6149805713976,3892.528697352021,7918
2022-09-22,3867.280517578125,3886.771611018023,3856.5205970602656,3883.9400287307176,4573
2022-09-23,3864.44921875,3882.052360471805,3844.4394163987677,3867.2805706413983,2938
2022-09-26,3779.832275390625,3883.7984562461256,3775.44341459507,3883.7984562461256,4710
2022-09-27,3716.923828125,3798.75651334796,3709.420180856546,3798.75651334796,10902
2022-09-28,3743.163330078125,3745.9004343144165,3681.5764108486064,3732.025726184146,5314
2022-09-29,3778.699462890625,3803.7590131460715,3704.7008685556843,3761.8986946116124,7380
2022-09-30,3876.389404296875,3916.927950258211,3775.443304592515,3797.6240340069958,7322
2022-10-03,3908.197021484375,3936.8432881476774,3844.8168626875004,3844.8168626875004,6411
2022-10-04,3959.118408203125,3983.045370474614,3927.7820468438854,3927.7820468438854,4348
2022-10-06,4088.191650390625,4109.570005766236,3936.8434758959506,3968.8402654848987,14852
2022-10-07,3997.39208984375,4081.915103434927,3954.7768656727603,4072.7594690639526,4260
2022-10-10,3988.0009765625,4020.8001405143746,3942.3177435425246,3984.0365767154617,1937
2022-10-11,3981.44091796875,4028.350985235561,3956.428606150775,3995.6458390118955,4783
2022-10-12,3906.54541015625,4001.308943204974,3869.9237951152386,3981.4408575235416,3623
2022-10-13,3900.74072265625,3937.7402503778753,3871.9529682455027,3893.614757961402,3028
2022-10-14,3905.412841796875,3929.953221499047,3875.3033149282173,3928.3484738630236,2549
2022-10-17,3928.962158203125,3935.8996274181663,3884.9781517276133,3890.8772818646307,1510
2022-10-18,3869.8759765625,3955.7202937464317,3851.706888062716,3915.511734735597,4416
2022-10-19,3781.106689453125,3917.9665172041746,3766.004915356458,3871.8118122951487,6927
2022-10-20,3865.1572265625,3874.5485954633327,3781.106375986872,3791.4888448175902,3034
2022-10-21,3778.510498046875,3869.8290244157092,3728.249913766354,3856.284530656354,8395
2022-10-24,3809.2333984375,3816.9257716537677,3728.250097077324,3814.2829153714188,1072
2022-10-25,3784.220947265625,3828.299198159455,3766.0043887219495,3787.288494700048,4530
2022-10-27,3799.700439453125,3829.715259477574,3748.165777179797,3794.320478890905,6412
2022-10-28,3798.142822265625,3822.635962158431,3776.905955809189,3799.9833046048993,2498
2022-10-31,3806.44921875,3885.167119349551,3779.218741785752,3798.143197406374,7226
2022-11-01,3871.8115234375,3879.078975157588,3813.2449140512836,3825.5151045894045,5965
2022-11-02,3993.521728515625,4064.453230559133,3856.048506356543,3871.8111647816545,9130
2022-11-03,3981.58251953125,4012.0220319595383,3945.338355046362,4012.0220319595383,3644
2022-11-04,4002.724365234375,4030.285282662676,3961.6664238302,4000.6951568561135,4344
2022-11-07,3987.15087890625,4015.3726847136454,3918.7684424263375,4002.7245816602426,3635
2022-11-09,3976.15478515625,3987.1506704124477,3954.776431940304,3987.1506704124477,1954
2022-11-10,3995.2685546875,4001.970058988492,3929.339781235204,3931.180494265818,1612
2022-11-11,3988.660888671875,4011.408023993595,3917.9658135523327,3995.2679136525703,3924
2022-11-14,4117.87548828125,4134.110077499598,4033.1169774328278,4060.724904320239,12114
2022-11-15,4095.352294921875,4145.035944946924,4041.0315966453254,4145.035944946924,3092
2022-11-16,4062.419921875,4115.8414057881255,4029.4393444862885,4115.8414057881255,3717
2022-11-17,4012.92529296875,4080.6372982008324,3992.6733800926013,4041.0322328141565,16007
2022-11-18,3964.0927734375,4048.507848426713,3936.8379264738487,4017.2781244907424,6763
2022-11-21,4009.32861328125,4021.06332557949,3880.434847616892,3974.691919847931,3853
2022-11-22,3935.51318359375,4021.063609004918,3922.642659290512,4021.063609004918,3987
2022-11-23,3904.283447265625,4020.1172414666476,3887.4856409953723,3955.1971766469237,13110
2022-11-24,3871.302978515625,3945.0239646353916,3848.827039937187,3923.8256981410277,10642
2022-11-25,3862.927490234375,3925.3398052234575,3837.4706258490855,3880.05661306566,27829
2022-11-28,3866.382080078125,3920.135109244814,3861.129761766965,3880.0568684422933,5673
2022-11-29,3845.183349609375,3898.03738422375,3832.786234112468,3880.0095010399586,12563
2022-11-30,3940.62353515625,3967.12148399976,3846.9817228626735,3863.9687545732395,59921
2022-12-01,3925.62353515625,4005.353966944659,3919.803542642022,3955.7650430332333,5228
2022-12-02,3955.150146484375,3976.679729728186,3936.8380788682825,3936.8380788682825,4066
2022-12-05,3895.52978515625,3975.6386699856525,3880.056783370906,3944.9768502614033,4457
2022-12-06,3873.62158203125,4067.4351993979153,3856.3979612718717,3905.608438323685,6931
2022-12-07,3926.002197265625,3932.106373944679,3873.668932647186,3908.25803492833,3432
2022-12-08,3972.04248046875,3974.6920903606456,3889.5201169957745,3926.0019274187157,3665
2022-12-09,3971.994873046875,3991.9159284519533,3928.3678032976304,3974.6920779458437,3270
2022-12-12,3957.89453125,3991.7267338902507,3914.220325713734,3938.8255639975523,5422
2022-12-13,3965.65478515625,4010.6537952156373,3942.5633459715164,3951.1281387612594,4424
2022-12-14,3963.146484375,4004.029217590998,3951.128049487746,3968.06771670032,9293
2022-12-15,3994.7548828125,4012.5461763064,3964.8023701047296,3982.9254424342384,3213
2022-12-16,3897.185791015625,3984.2028822063376,3866.618469105766,3984.2028822063376,4463
2022-12-19,3862.312744140625,3916.681043438349,3813.622807945453,3916.681043438349,9557
2022-12-20,3920.27685546875,3936.8380733252866,3843.196261996653,3862.3125929708717,3656
2022-12-21,3914.030517578125,3971.8529147589766,3872.5803431883414,3927.37421878717,19819
2022-12-22,3883.03759765625,3932.1062116316652,3837.61254394787,3927.374435203709,10516
2022-12-23,3844.662841796875,3911.4756133130295,3823.227757255827,3907.642597387015,7136
2022-12-26,3846.129638671875,3921.033565105968,3725.9898845873818,3856.870863293622,10271
2022-12-27,3892.974365234375,3916.964564370121,3837.328858746619,3846.1771421249123,6406
2022-12-28,3879.820068359375,3954.8187244768164,3865.8613279463493,3873.290309329434,5483
2022-12-29,3919.8505859375,3946.301400060687,3879.1101771819554,3898.037282218218,9328
2022-12-30,3740.9423828125,4008.8080571869673,3662.4896233364684,3903.7154892743642,59949
2023-01-02,3787.0771484375,3827.486471689179,3742.9297681306703,3761.7621453211877,18926
2023-01-03,3853.27490234375,3865.9088382573873,3783.102747926974,3808.9854272496987,7686
2023-01-04,3806.7138671875,3866.7600596047396,3784.474519548244,3853.558450512741,9706
2023-01-05,3809.316650390625,3830.4204196734026,3761.8570247739526,3830.4204196734026,6091
2023-01-06,3796.635498046875,3828.338399722806,3766.541354127835,3809.3165662997403,5380
2023-01-09,3790.2001953125,3815.609695518074,3766.5886776905545,3796.872046130729,5370
2023-01-10,3815.751953125,3838.417116467377,3780.3109931671615,3791.1940791729244,4542
2023-01-11,3814.14306640625,3822.707396790658,3792.045578367361,3797.723710004547,4136
2023-01-12,3862.78564453125,3877.217562477989,3801.1306907697385,3813.9064869848844,5537
2023-01-13,3854.410400390625,3872.438515024334,3833.7326757578217,3861.1296154232095,2285
2023-01-16,3891.696533203125,3902.7690745298914,3824.410813148715,3861.082079307307,8083
2023-01-17,3855.640625,3883.8420584754617,3843.1961455196147,3881.996480849504,2694
2023-01-18,3866.050537109375,3878.0692029362963,3839.268636521912,3861.176899843125,3151
2023-01-19,3866.996826171875,3903.7154565537885,3863.0221802794094,3868.605583908853,3410
2023-01-20,3865.766357421875,3910.2926479096977,3834.7260909472434,3861.1766732172828,4918
2023-01-23,3845.56201171875,3888.9522623134003,3766.493982534923,3885.11970829684,6041
2023-01-24,3849.158203125,3864.7730650932776,3811.7771699282143,3811.7771699282143,2617
2023-01-25,3832.880615234375,3864.9148327963844,3823.275201884768,3836.0509977326506,2816
2023-01-27,3826.019775390625,3852.091910287726,3792.0457123122505,3837.470767014269,4278
2023-01-30,3805.57861328125,3851.6660701725946,3792.2822751103513,3826.019749130594,5781
2023-01-31,3874.23681640625,3917.91102197525,3796.8722690520285,3796.8722690520285,4479
2023-02-01,3879.204833984375,3897.0908554981283,3845.088681573412,3893.63675130986,4392
2023-02-02,3869.078857421875,3891.129212829976,3842.9122261912426,3842.9122261912426,2838
2023-02-03,3882.375244140625,3889.4253134351343,3849.3473075961087,3888.384230252298,2928
2023-02-06,4450.4248046875,4502.710929732017,4116.645139251573,4116.645139251573,173972
2023-02-07,4461.970703125,4594.034868162639,4259.592521113483,4427.050283473219,76695
2023-02-08,4434.76318359375,4495.188067188102,4398.849274077927,4456.387496502899,14181
2023-02-09,4424.92041015625,4439.162871350835,4396.861070362635,4424.210643742816,6705
2023-02-10,4450.6142578125,4471.528802406345,4378.833115730964,4447.822786923845,11653
2023-02-13,4479.47021484375,4528.057380887185,4457.445706269678,4490.840547600729,5881
2023-02-14,4439.81689453125,4505.793841755583,4396.293682715473,4479.47005969517,9581
2023-02-15,4442.158203125,4481.238448198449,4396.246706578776,4439.817512738515,5680
2023-02-16,4460.07373046875,4485.92023334367,4433.5110705889565,4435.039960820208,5054
2023-02-17,4388.984375,4471.73059426404,4376.180795241304,4471.73059426404,3010
2023-02-20,4381.57958984375,4410.961155217686,4355.016930370305,4410.961155217686,3307
2023-02-21,4398.634765625,4423.955461028294,4366.625584643478,4371.403074342213,11237
2023-02-22,4371.73828125,4395.816553197153,4361.848782703936,4361.848782703936,2746
2023-02-23,4354.82568359375,4393.571410247031,4347.516216671683,4352.293707019673,2302
2023-02-24,4470.7275390625,4500.825725963817,4319.806443836623,4319.806443836623,22780
2023-02-27,4470.583984375,4519.601313116031,4413.1108713321455,4469.819772573721,8983
2023-02-28,4468.8642578125,4574.351146341466,4437.858160316014,4469.819755836407,11255
2023-03-01,4668.611328125,4700.7161577551815,4455.583305600613,4468.864635946367,23114
2023-03-02,4825.88623046875,4872.944510382448,4703.200371679232,4776.487260216308,67619
2023-03-03,4755.80029296875,4895.972044565611,4732.29541400559,4864.488196963547,28224
2023-03-06,4860.2841796875,4918.808436658418,4771.566090299595,4918.808436658418,29823
2023-03-08,4865.634765625,4930.322167844471,4834.8199546492215,4911.212207549414,16815
2023-03-09,4873.89990234375,5015.409256638712,4868.262557167886,4873.040047410445,22764
2023-03-10,4885.69970703125,4972.411142696059,4813.846077303196,4873.899214487184,13052
2023-03-13,4856.31884765625,4922.72596224791,4828.705047273096,4901.752593392852,12056
2023-03-14,4663.54638671875,4880.587641919019,4591.263063719042,4880.587641919019,16110
2023-03-15,4646.87353515625,4777.49030676389,4624.610616947445,4663.5471629475705,6902
2023-03-16,4635.6943359375,4711.465143100353,4589.495912873864,4662.830386680779,5504
2023-03-17,4649.6923828125,4758.380285929874,4586.486280156138,4662.973712388574,10531
2023-03-20,4697.658203125,4777.489872269932,4596.948343376153,4777.442283991908,4191
2023-03-21,4602.68212890625,4716.3388192859065,4548.171146637138,4706.783837885408,4754
2023-03-22,4718.583984375,4729.715443573254,4582.855203684414,4594.1303608345115,7408
2023-03-23,4668.802734375,4757.090668213523,4662.735227943474,4718.584280222778,6135
2023-03-24,4683.13525390625,4907.342798918578,4663.499953769975,4697.08562004641,23424
2023-03-27,4657.001953125,4738.028469445357,4648.498113606766,4691.447938502226,4946
2023-03-28,4629.19677734375,4709.506668573782,4590.021357197915,4657.001863977126,10327
2023-03-29,4368.20263671875,4662.830558450898,4292.861520962931,4624.610635840644,22577
2023-03-31,4477.51123046875,4573.061030771552,4397.154221655501,4397.154221655501,13435
2023-04-03,4508.70849609375,4548.1703759704415,4465.949961571759,4499.917728074117,5100
2023-04-05,4549.69970703125,4579.128860989877,4478.0849400072275,4531.258314334546,4276
2023-04-06,4524.6650390625,4610.277751340753,4514.7279533855035,4572.392349761846,6643
2023-04-10,4702.197265625,4758.2847221276315,4584.479717358075,4758.2847221276315,15486
2023-04-11,4636.984375,4741.133660802108,4624.610488827571,4720.160292315744,8721
2023-04-12,4613.52685546875,4678.071030973938,4605.500764873521,4636.984613361996,5711
2023-04-13,4643.6728515625,4672.815541565633,4605.596161641495,4613.526608693769,4129
2023-04-17,4539.61865234375,4653.17968460674,4519.505605771751,4643.672759299441,11128
2023-04-18,4547.31103515625,4623.559595811129,4526.194434141746,4539.618995631578,6037
2023-04-19,4499.58349609375,4605.548135286058,4483.196798038725,4547.310809752405,6577
2023-04-20,4444.73828125,4520.509093866795,4428.733688094534,4499.583778812697,7755
2023-04-21,4472.92529296875,4537.660286527871,4443.113566878743,4459.739606362663,8057
2023-04-24,4479.47021484375,4508.995009388902,4419.178198436887,4463.417568699998,15742
2023-04-25,4567.28076171875,4583.858746496853,4443.066012969077,4501.54268130887,9797
2023-04-26,4480.330078125,4584.479359105087,4471.730596209213,4567.280395273512,12294
2023-04-27,4435.23046875,4507.46621149506,4419.178288829658,4480.330161366977,10748
2023-04-28,4451.47412109375,4500.491450905851,4428.542167933033,4442.731407261583,11070
2023-05-02,4446.50537109375,4499.105346829506,4437.141211215511,4481.142171918842,33991
2023-05-03,4491.22265625,4533.837959889342,4452.620630787004,4452.620630787004,5453
2023-05-04,4483.67431640625,4525.381710343877,4477.750042249754,4513.676859970733,6628
2023-05-05,4539.76220703125,4552.900304307863,4487.066119985834,4508.994985333681,4145
2023-05-08,4506.224609375,4539.571399211871,4484.009278911587,4495.618487327269,4111
2023-05-09,4461.31591796875,4531.401791352072,4435.613114428895,4501.446834983946,8050
2023-05-10,4510.61962890625,4523.327565780451,4461.889230542329,4465.997685352308,4326
2023-05-11,4505.65087890625,4533.217089883116,4371.403408121322,4510.619655193017,28550
2023-05-12,4526.14697265625,4552.51834733162,4481.333737918464,4481.333737918464,9359
2023-05-15,4471.826171875,4586.3902859149,4443.5433384681755,4554.333515433006,9402
2023-05-16,4611.52001953125,4636.840717677454,4481.285822856577,4489.885305245854,27241
2023-05-17,4756.99462890625,4775.5792525943825,4595.037709475529,4611.520050833522,21912
2023-05-18,4818.3857421875,4834.820496503853,4755.51415239124,4776.535111071692,18658
2023-05-19,4780.166015625,4873.040623541466,4728.95168741121,4848.293314469534,11930
2023-05-22,4802.189453125,4815.709655772825,4672.3849636367295,4804.100449020148,16386
2023-05-23,4810.7890625,4851.636600844312,4777.537453109724,4821.29954020263,6368
2023-05-24,4857.6083984375,4885.461070667925,4779.018691208391,4820.487209372126,9860
2023-05-25,4903.85498046875,4917.327596595536,4795.74046692246,4853.930206202202,7065
2023-05-26,4939.97216796875,4963.812029301882,4884.601339699984,4920.814620000903,7307
2023-05-29,4960.1337890625,4986.744504031661,4919.955281221727,4964.7204598001235,7225
2023-05-30,4990.2314453125,5002.223224924692,4873.039711061728,4937.058075893324,9016
2023-05-31,5001.5068359375,5045.98508249042,4931.229676094078,4990.2316792835845,7872
2023-06-01,4991.85595703125,5032.177691790837,4978.144467730127,5032.177691790837,4580
2023-06-02,5047.1318359375,5080.287337353471,4947.66439858605,4992.429574205004,9901
2023-06-05,5082.19873046875,5088.027362165817,5013.59415378365,5049.807438318562,11620
2023-06-06,5042.736328125,5088.026839924967,5016.364490066869,5016.364490066869,9947
2023-06-07,4978.76513671875,5130.068325453869,4916.036791667007,5054.583989877252,12749
2023-06-08,4852.6884765625,5009.055650200169,4841.604605087779,4978.766173250982,5847
2023-06-09,4776.869140625,4865.63481376339,4733.537211916901,4852.6880021561055,4639
2023-06-12,4769.84619140625,4777.49017568735,4748.825234633226,4754.558222844051,2480
2023-06-13,4824.0703125,4873.03958281753,4772.712297288933,4772.712297288933,4400
2023-06-14,4884.8408203125,4930.370211611301,4810.932948733121,4853.834720248601,4393
2023-06-15,4884.505859375,5121.469367419797,4863.484903016188,4884.840376991062,27330
2023-06-16,4872.89697265625,5052.912717472261,4844.4709047992465,4901.705146434585,15146
2023-06-19,4861.86083984375,4950.244414897887,4836.970300733012,4882.54774713841,4693
2023-06-20,4926.59521484375,4944.510802120339,4831.093470865729,4873.039739232299,4203
2023-06-21,4921.10107421875,5011.586919811062,4913.21821586061,4928.411007028606,22013
2023-06-22,4906.0517578125,4945.704922295069,4873.039490629028,4945.704922295069,8287
2023-06-23,4919.7158203125,4959.0344685009595,4873.087239405953,4900.366986403609,29038
2023-06-26,4936.62841796875,5053.533701352083,4920.815111367501,4950.1966773237245,6221
2023-06-27,4952.8720703125,4966.6792047031295,4913.792290696284,4961.328321945607,2485
2023-06-28,4961.61474609375,5001.984537365677,4884.601512510797,4952.871565985162,3920
2023-06-30,5020.85546875,5036.429899347924,4932.376261670039,4932.376261670039,7335
2023-07-03,5009.34130859375,5110.003112430377,4968.589413731855,4975.27789948111,10574
2023-07-04,4959.99072265625,5046.224427668719,4913.218903233747,5011.587620946259,10894
2023-07-05,4955.6904296875,5058.358877499745,4930.035214804389,4959.990170733214,11891
2023-07-06,4927.78955078125,4984.594092372292,4853.97733174914,4955.690278447097,9481
2023-07-07,4924.7802734375,4961.089200018298,4877.435530792992,4958.175117531871,15728
2023-07-10,4839.45458984375,4924.637151175867,4826.220847999477,4924.637151175867,4623
2023-07-11,4847.576171875,4915.846228272674,4789.0519157499375,4842.416575665759,28611
2023-07-12,4909.25341796875,4930.847767561812,4849.1526829524655,4849.1526829524655,15989
2023-07-13,4917.5185546875,4982.779354778953,4884.219819179473,4939.351779559566,6013
2023-07-14,4882.83349609375,4942.121958449642,4787.331287471278,4907.628855010055,11577
2023-07-17,4916.61083984375,4988.655299216972,4882.833890600178,4882.833890600178,8845
2023-07-18,4900.17626953125,4964.529158652658,4883.55069621782,4941.215098766439,6717
2023-07-19,4933.57080078125,4957.5538944223035,4893.105366275472,4899.793852423476,4424
2023-07-20,4923.728515625,4997.25426936377,4911.30704229771,4911.30704229771,9472
2023-07-21,4929.3671875,5013.45102162853,4920.48077509851,4948.381506680066,5931
2023-07-24,4923.87255859375,4973.0807063769935,4920.814778324377,4930.369758476462,5712
2023-07-25,4929.080078125,4957.458557727726,4892.102582352251,4923.872893518976,10622
2023-07-26,4974.9443359375,4992.477820252965,4925.879412757279,4930.37044067087,5525
2023-07-27,5009.2939453125,5045.029477467543,4935.147206651488,4935.147206651488,7057
2023-07-28,5077.18212890625,5102.359595877914,4987.69982967841,4987.69982967841,8541
2023-07-31,5139.193359375,5159.593334104505,5102.406687963405,5108.426605034527,10958
2023-08-01,5179.27734375,5204.502399757046,5068.964903769639,5159.6896331058015,14600
2023-08-02,5188.87939453125,5255.191327915167,5075.175134344513,5159.689117717456,14646
2023-08-03,5206.4609375,5255.238923065205,5169.291692602738,5188.879401315981,11137
2023-08-04,5078.7587890625,5238.279381114769,5022.145527476281,5232.498804316137,12687
2023-08-07,5081.7685546875,5178.799190538979,5066.146068985024,5178.799190538979,6821
2023-08-08,5052.86474609375,5111.914336292272,5021.189613927465,5078.471906054846,3604
2023-08-09,5014.21484375,5107.137028220428,4979.100290749607,5084.205075240579,5766
2023-08-10,5139.5283203125,5234.122626387843,4997.350398407847,4997.350398407847,12590
2023-08-11,5070.20751953125,5188.307179941578,5058.120561678064,5178.799787069683,2538
2023-08-14,5044.9814453125,5095.527192130338,4892.6747031404575,5070.206497170096,6822
2023-08-16,5062.89794921875,5081.291287571556,5003.08367508316,5003.08367508316,8134
2023-08-17,5034.662109375,5159.689113898995,5025.919396131243,5072.738797349956,2832
2023-08-18,5008.578125,5086.498813353614,4996.538754869562,5063.948963459622,3044
2023-08-21,5173.87841796875,5205.55308323203,4978.144560139294,4978.144560139294,10004
2023-08-22,5119.4150390625,5191.9848320393985,5103.410447604854,5161.839056839879,4272
2023-08-23,5105.560546875,5160.597327305855,5056.686915424703,5131.120119452663,5766
2023-08-24,4860.5703125,4917.947775759704,4811.983150140233,4914.460301675153,40754
2023-08-25,4691.017578125,4863.484972534118,4672.385366540636,4860.570890163426,23706
2023-08-28,4607.7939453125,4679.982106717115,4570.959680168767,4634.165786189631,40693
2023-08-29,4565.84716796875,4717.723760856823,4551.036949049943,4627.429200351843,16074
2023-08-30,4624.7060546875,4714.235939129291,4557.725550250819,4572.058020534627,10334
2023-08-31,4658.0537109375,4671.430685697115,4541.482930889423,4541.482930889423,10831
2023-09-01,4622.8427734375,4699.043742531708,4601.67858504959,4681.940420835339,5387
2023-09-04,4781.12060546875,4787.044879565158,4610.3253415521285,4610.3253415521285,15511
2023-09-05,4856.12744140625,4882.594923404316,4749.876340616655,4821.538692721416,13960
2023-09-06,4848.626953125,4901.609036642729,4838.641812527027,4853.929780339118,7080
2023-09-07,4805.77294921875,4915.081829726577,4709.697343086482,4878.53403035118,9628
2023-09-08,4830.95068359375,4863.103100538267,4801.377831523153,4805.773215982767,5891
2023-09-11,4839.8359375,4882.594470287745,4822.398100106116,4839.597063015152,35622
2023-09-12,4872.27587890625,4947.473296061559,4766.024308346457,4864.05850230564,11905
2023-09-13,4882.6904296875,4901.704746602762,4784.32172383429,4823.927302608344,5323
2023-09-14,4819.3408203125,4944.463475083792,4739.365914415359,4844.42264382493,8707
2023-09-15,4709.5546875,4918.904423220548,4648.4984496829775,4826.221103668801,21055
2023-09-18,4705.01513671875,4777.442161252657,4670.091873270383,4733.059094858835,5916
2023-09-20,4712.994140625,4752.456023544644,4671.477563652506,4695.3174266662445,19246
2023-09-21,4713.08984375,4735.591636536261,4690.826458927947,4712.994200633243,9629
2023-09-22,4646.3955078125,4733.823575189452,4635.598566986651,4729.71512039244,3976
2023-09-25,4739.0791015625,4755.513854850571,4634.213189251901,4643.6249384735065,6153
2023-09-26,4752.93359375,4762.5366287406105,4684.376611110915,4758.380119061198,7268
2023-09-27,4830.568359375,4924.637336404937,4739.223111863581,4767.935643900007,13212
2023-09-28,4882.6904296875,4956.168132676125,4764.256265807262,4853.929846538407,22143
2023-09-29,4885.36572265625,4907.151357396525,4839.262943290256,4906.14780454662,3091
2023-10-03,4873.375,4909.253768303187,4805.34334625323,4909.253768303187,6384
2023-10-04,4857.751953125,4875.90641557767,4780.691130813888,4831.18929468338,6328
2023-10-05,4833.578125,4882.069650564424,4782.363336709288,4882.069650564424,4299
2023-10-06,4862.5771484375,4915.081952729772,4816.331136282824,4833.5781559586,5021
2023-10-09,4843.61083984375,4858.707522220302,4778.063581140216,4825.265090897252,3840
2023-10-10,4877.1005859375,4901.752247309588,4811.98349162349,4872.944076395808,4306
2023-10-11,4789.72021484375,4928.028551125265,4767.982635220921,4896.92727767023,10679
2023-10-12,4790.81982421875,4825.074057426893,4777.490439272459,4777.490439272459,6282
2023-10-13,4898.69482421875,4916.03701893438,4791.583409271368,4791.822283762083,8345
2023-10-16,4937.91845703125,4953.11078326276,4870.3169675603485,4872.992642127732,6296
2023-10-17,4901.84814453125,4967.634277465279,4879.537172132837,4967.634277465279,3820
2023-10-18,4937.82275390625,4956.168503524397,4864.966025856562,4926.404831867571,4592
2023-10-19,4902.8037109375,4965.723350647731,4892.150001022972,4965.723350647731,3169
2023-10-20,4933.52294921875,4949.479953450008,4873.0401086090815,4873.0401086090815,5729
2023-10-23,4785.27783203125,4954.2577684167345,4768.891132529975,4941.693061407969,3325
2023-10-25,4788.908203125,4848.960876868772,4721.211079124136,4809.212534842339,4638
2023-10-26,4774.81494140625,4795.597023555571,4714.95261659449,4788.000627597524,5800
2023-10-27,4844.279296875,4862.481814006602,4777.537667162657,4780.356572929904,2913
2023-10-30,4773.85986328125,4896.927833730673,4681.940758103473,4868.4541765572185,4621
2023-10-31,4875.5244140625,4886.847159197595,4778.30248805683,4796.60018229447,5601
2023-11-01,4828.89599609375,4887.515896442284,4807.110826553581,4875.524582193743,3586
2023-11-02,4863.34130859375,4887.371988599784,4827.271261170556,4827.271261170556,1678
2023-11-03,4908.966796875,4921.770377230902,4828.083981539928,4863.437408827356,2997
2023-11-06,4869.60009765625,4987.652159942296,4836.731058526206,4878.868615226724,5105
2023-11-07,4897.978515625,4930.369805338089,4825.265022666152,4893.965237302273,5783
2023-11-08,4925.06640625,4968.589149583841,4865.395374938639,4908.345192765823,8229
2023-11-09,4938.72998046875,4968.780577321266,4875.953579150734,4925.2097779196265,7720
2023-11-10,4977.71484375,5011.491794240655,4919.238641094543,4938.730708646362,4141
2023-11-13,4870.69873046875,5007.573821418925,4789.242524510618,4968.589688941781,5480
2023-11-15,4884.1240234375,4920.480538346898,4858.75526977122,4919.859557912328,3461
2023-11-16,4890.23876953125,4928.0285288532905,4872.992217232446,4873.039805511797,3731
2023-11-17,4908.91845703125,4930.369573287668,4885.079062378281,4885.079062378281,9638
2023-11-20,4943.79443359375,5046.940633347722,4909.062453177051,4909.348915967549,11298
2023-11-21,4929.080078125,5005.6631559428515,4914.030983361815,4968.542428768431,5265
2023-11-22,4935.33837890625,4973.3670120898105,4901.704663212436,4944.70207253886,4642
2023-11-23,4954.68310546875,4984.158710582527,4915.414020204328,4950.63059843316,14031
2023-11-24,4973.8837890625,5006.302435311246,4939.969832578864,4968.914968316631,10018
2023-11-28,4986.13720703125,5014.74455408415,4949.666054879673,4995.9302166518,3619
2023-11-29,4973.49755859375,5048.127855281338,4949.6178234804665,4985.316821427597,59099
2023-11-30,4948.60498046875,5007.46008576583,4868.619550642465,4996.894923501227,12990
2023-12-01,4947.93017578125,4996.413282364004,4930.321883340747,4948.605750785522,6373
2023-12-04,4989.03173828125,5013.056105788903,4952.12669164767,4972.677548779129,9616
2023-12-05,4949.2802734375,5013.972932514841,4922.699179703482,4989.0317804221695,42628
2023-12-06,4902.0517578125,4963.077750640752,4885.93877758529,4949.618074449553,6865
2023-12-07,4828.0966796875,4920.62500686833,4806.5329305188425,4914.884033186401,12218
2023-12-08,4776.4775390625,4857.958278979036,4766.29868880962,4824.18895628504,8986
2023-12-11,4794.85791015625,4823.995728350411,4751.826051085403,4780.771184391507,6056
2023-12-12,4791.8193359375,4814.299870370425,4775.030779731211,4814.299870370425,8612
2023-12-13,4831.71435546875,4863.747157607849,4775.994974720515,4775.994974720515,3793
2023-12-14,4806.7255859375,4855.884262791262,4800.068299001532,4855.884262791262,3599
2023-12-15,4885.50439453125,4923.085016369098,4807.401055037862,4829.061381604725,23404
2023-12-18,4860.94970703125,4947.158063873428,4838.613804839071,4915.366468004693,14457
2023-12-19,4827.56591796875,4890.376952784729,4820.281581045258,4890.03916533329,6624
2023-12-20,4787.4775390625,4835.719433384466,4756.650780145864,4824.1894321966165,5259
2023-12-21,4769.048828125,4785.59570291566,4754.335051014221,4775.947324482362,3843
2023-12-22,4778.2626953125,4792.928418528594,4758.869361030763,4792.928418528594,4703
2023-12-26,4777.4423828125,4811.452914996729,4761.522559236903,4778.262589158532,4744
2023-12-27,4769.5791015625,4798.958601111412,4756.698422668835,4777.924854336769,5395
2023-12-28,4764.8037109375,4791.384805495303,4754.335125949925,4769.579375669918,6085
2023-12-29,4773.7763671875,4807.256428289941,4758.676749390039,4758.676749390039,29113
2024-01-01,4791.04638671875,4819.123258925011,4765.622818273847,4773.775885549071,5865
2024-01-02,4778.6484375,4815.023010777324,4733.253007738876,4815.023010777324,5623
2024-01-03,4816.22900390625,4822.259240050771,4771.26746899026,4785.643457736359,4196
2024-01-04,4824.71923828125,4857.861509325845,4805.567585770128,4824.092187964112,7699
2024-01-05,4855.35302734375,4875.22878006136,4805.9050905535805,4825.1537929294645,9202
2024-01-08,4837.89013671875,4895.539198265829,4819.3650615507795,4862.782764807994,10070
2024-01-09,4889.6533203125,4911.02438327859,4821.294468220651,4821.294468220651,16476
2024-01-10,4920.3837890625,4939.969809040168,4848.3582664217665,4877.255348573838,13601
2024-01-11,4954.20068359375,4994.965078916178,4887.192512778636,4949.617704237974,32870
2024-01-12,5027.09423828125,5040.8431770335,4925.88284653099,5012.284354830876,102484
2024-01-15,5011.17431640625,5091.979481176029,4979.624403396296,5037.659302139852,32667
2024-01-16,5054.2548828125,5074.950371450457,5010.402815308156,5017.156680069789,9936
2024-01-17,5029.65087890625,5055.749550258043,4938.03935080547,5055.749550258043,10778
2024-01-18,5023.283203125,5060.574088602175,4900.411019258427,4988.2112560673495,7180
2024-01-19,4985.02783203125,5082.717662854236,4970.651371395668,5060.526392642594,7592
2024-01-23,5049.3818359375,5079.870803357678,5041.277292980792,5045.81221889495,12913
2024-01-24,5079.24365234375,5108.767781419208,5041.180615044246,5049.381735836752,8228
2024-01-25,5090.0498046875,5152.281842021434,5041.18086494151,5041.18086494151,5380
2024-01-29,4992.939453125,5120.828996841045,4973.06369856605,5115.522388498775,10119
2024-01-30,4993.71142578125,5016.336590592618,4930.321390882159,4997.715408617935,10485
2024-01-31,4952.0302734375,5046.873645806812,4835.3329468392185,4970.9411895516905,11878
2024-02-01,4989.27294921875,5017.15666801663,4922.168196116697,5017.060090012109,5148
2024-02-02,5004.99951171875,5021.980751228728,4943.394523938969,5019.472078725173,8285
2024-02-05,4955.98583984375,5057.583069732773,4896.262475425462,5056.52165395129,13463
2024-02-06,5085.0810546875,5133.901941664732,4974.365916967893,4992.553203748196,12293
2024-02-07,5208.00146484375,5248.66975638137,5128.113080741991,5248.66975638137,116932
2024-02-08,5331.548828125,5412.73983137316,5229.4206570485785,5259.3786810393785,24867
2024-02-09,5301.83154296875,5378.005672541569,5247.028946662932,5345.201188711929,47567
2024-02-12,5364.98046875,5444.434954052659,5310.660290251146,5403.0915610107,32150
2024-02-13,5310.4189453125,5417.563989464244,5229.8549928422835,5399.232072135691,23091
2024-02-14,5125.27294921875,5209.107159830198,4957.118161873485,5165.973188356144,43422
2024-02-15,5001.615234375,5160.472014913652,4973.5248568555,5160.472014913652,74637
2024-02-16,4969.28955078125,5019.775118529498,4928.979162391956,4970.652612141035,22102
2024-02-19,4895.337890625,4980.389207067518,4878.15247847669,4936.621960226863,13938
2024-02-20,4904.8798828125,4941.052113125341,4879.758574800195,4895.3375036396355,6308
2024-02-21,4915.25,4934.577705595651,4879.613101657115,4904.880369548452,12206
2024-02-22,4947.2353515625,4979.269430559793,4895.873567887533,4939.835264894653,74500
2024-02-23,4938.423828125,5009.600166588831,4907.363428495181,5009.600166588831,12626
2024-02-26,4957.31298828125,4986.2315689237785,4911.257964001472,4965.589295318128,14393
2024-02-27,4946.69970703125,4973.42749927604,4926.836666151193,4956.047160219283,9964
2024-02-28,4955.31689453125,4976.007661148883,4917.099831484563,4964.810305096988,17840
2024-02-29,4957.0693359375,5011.839012299682,4934.236751672796,4956.047158817893,28929
2024-03-01,4972.9892578125,5004.731423796757,4929.027558388158,4957.994632290483,7697
2024-03-04,4958.140625,4980.681295144549,4941.442053835354,4980.681295144549,6564
2024-03-05,4965.78369140625,4981.216663258917,4939.542742315461,4939.542742315461,6119
2024-03-06,4998.15869140625,5003.757369139769,4936.573236337542,4979.415292037513,7144
2024-03-07,4965.24853515625,5049.569112301915,4948.3550380785255,5049.569112301915,5152
2024-03-11,4962.37646484375,4988.714405422553,4944.801673128597,4965.784356068502,5461
2024-03-12,4943.8759765625,4977.3220863794,4917.148185098706,4939.494402580317,10253
2024-03-13,4754.25146484375,4946.310468774001,4699.968628498445,4945.288291625191,10238
2024-03-14,4803.568359375,4819.683100773788,4592.863420702496,4754.251402890633,5886
2024-03-15,4728.78955078125,4845.047220594317,4687.31055465053,4820.705142516572,15185
2024-03-18,4772.556640625,4780.784453737228,4749.626591716945,4749.626591716945,4285
2024-03-19,4742.275390625,4795.389617433418,4715.645060810468,4772.556556899743,68743
2024-03-20,4696.755859375,4751.476570158537,4669.784644462796,4724.408367270973,57203
2024-03-21,4744.4658203125,4761.21288433414,4693.249994287486,4720.269700248531,24963
2024-03-22,4753.326171875,4799.23571235979,4717.689749227036,4757.4158312434,4352
2024-03-26,4655.61767578125,4722.363468237135,4624.99514930441,4626.309716696251,76969
2024-03-27,4614.08935546875,4692.1789314689595,4532.8842787590775,4683.756667609941,84573
2024-03-28,4585.9501953125,4659.073895317947,4574.460924259338,4614.089543397558,72052
2024-04-01,4655.71435546875,4673.192157732348,4573.924972981092,4585.95005465927,13027
2024-04-02,4635.21875,4701.91604742149,4624.946582686412,4684.633171082344,26271
2024-04-03,4638.1396484375,4665.84112400897,4627.964469427776,4637.263428695657,7882
2024-04-04,4645.88037109375,4672.413235302764,4615.257847733252,4670.75778387688,6664
2024-04-05,4637.798828125,4673.727641485159,4609.026681045695,4673.727641485159,9775
2024-04-08,4657.564453125,4686.141670772643,4624.9945643885685,4627.039393913798,9835
2024-04-09,4699.38427734375,4709.607950456321,4659.073889871856,4685.80168261007,3700
2024-04-10,4680.2998046875,4712.528810864253,4632.3459112975415,4699.384088818274,4995
2024-04-12,4651.3818359375,4708.634214554037,4626.990787954871,4688.284331958468,5063
2024-04-15,4563.896484375,4639.6003516020855,4523.732053209505,4625.968787085311,13464
2024-04-16,4610.14599609375,4624.79973638037,4543.692125407146,4563.896049462048,6047
2024-04-18,4576.7978515625,4624.167443845364,4551.968930125452,4578.258376352915,9099
2024-04-19,4571.150390625,4587.9949186385165,4520.372434938982,4551.968642749377,8445
2024-04-22,4577.3818359375,4622.950016034066,4552.114568660701,4594.031912468204,6568
2024-04-23,4602.01611328125,4698.021370466567,4577.333149440322,4577.382118858347,7406
2024-04-24,4604.7421875,4632.930027256645,4590.915697665415,4625.043099264556,3971
2024-04-25,4596.6123046875,4644.420243592429,4514.530527902997,4596.514841283903,11382
2024-04-26,4610.43798828125,4654.740569483063,4576.310585681786,4610.341000315879,4362
2024-04-29,4648.94775390625,4673.679211313202,4578.35572415204,4658.44116480423,9061
2024-04-30,4780.58935546875,4857.461830587344,4607.56614440168,4648.9476784131975,23164
2024-05-02,4687.7001953125,4780.589475372489,4625.968776936784,4780.589475372489,10658
2024-05-03,4625.5791015625,4669.832713883943,4559.7580278971745,4654.156796076199,32440
2024-05-06,4575.5322265625,4629.86355827257,4523.780584782765,4607.566308356833,11626
2024-05-07,4623.7294921875,4672.705565811697,4552.991029042713,4576.310931301308,12728
2024-05-08,4619.34765625,4646.269899479395,4595.054072190531,4607.565995390912,49841
2024-05-09,4539.7001953125,4633.368703933934,4517.159525616073,4629.765886128793,9933
2024-05-10,4585.4150390625,4604.547818714618,4529.574212869614,4556.837342267798,2429
2024-05-13,4594.908203125,4604.547571129087,4566.573928652024,4566.573928652024,6478
2024-05-14,4626.650390625,4644.225181221113,4579.1833373025975,4583.808332241703,6497
2024-05-15,4662.6767578125,4675.626553721744,4592.133222405284,4654.692365694877,4030
2024-05-16,4644.22509765625,4670.709468898236,4615.306518595376,4651.332794314917,7466
2024-05-17,4666.37646484375,4673.679088419405,4634.877720067846,4644.4685941167845,5314
2024-05-21,4648.7041015625,4679.277656460728,4607.906873898765,4659.122225693386,6919
2024-05-22,4656.83447265625,4670.027688829063,4615.258013041388,4660.972625937986,2952
2024-05-23,4632.73583984375,4668.713146248521,4625.384246951477,4630.934430966506,4231
2024-05-24,4670.70947265625,4693.152678591969,4606.543374153765,4634.731690891654,6467
2024-05-27,4687.0185546875,4698.994666711569,4625.919939822985,4694.0287877877345,3397
2024-05-28,4684.9248046875,4698.994715880388,4631.810580904063,4698.994715880388,6212
2024-05-29,4661.11865234375,4676.551625191589,4625.043406765327,4659.073822664487,4457
2024-05-30,4648.265625,4659.998791535461,4610.389447748873,4656.6878886725835,3558
2024-05-31,4577.18701171875,4669.638416720556,4538.872484789076,4648.265881466408,16268
2024-06-03,4623.43701171875,4648.850237225266,4576.65172615584,4648.850237225266,5618
2024-06-04,4669.83251953125,4702.889250084756,4519.009106369428,4619.152505673309,9778
2024-06-05,4848.60107421875,4883.8970874701445,4600.798719115857,4674.75014256954,14489
2024-06-06,4805.66162109375,4946.2618465516,4775.9157914033685,4946.2618465516,6572
