Price,Close,High,Low,Open,Volume
Ticker,RECLTD.NS,RECLTD.NS,RECLTD.NS,RECLTD.NS,RECLTD.NS
Date,,,,,
2014-06-02,55.5340461730957,56.061984828783196,53.88319319119222,54.0005113769816,8067015
2014-06-03,54.930694580078125,56.028471838740664,54.04241653796813,55.84410980032004,9579434
2014-06-04,54.930694580078125,55.92790948694106,54.31895618578109,54.394377949630794,4931661
2014-06-05,56.49775695800781,56.7994372414011,54.40276446171697,55.19048368621343,10366522
2014-06-06,59.32182312011719,59.64864067904258,56.90001246597901,56.90001246597901,11106663
2014-06-09,63.176597595214844,63.77157687744706,59.83299065768358,59.85812784186958,13273975
2014-06-10,61.96150207519531,63.461515468584935,60.34417045577545,63.35257857719348,6875327
2014-06-11,59.58997344970703,62.51458188157996,59.00337549639462,62.0117836358836,7375442
2014-06-12,59.38046646118164,61.44194036447176,58.71006888740513,59.6653840661093,6151570
2014-06-13,56.6821174621582,60.33578222902476,55.94467944183977,59.61510346625071,6158213
2014-06-16,57.436317443847656,58.27431450844899,55.91954480281052,56.64860156704992,6968701
2014-06-17,58.19051742553711,58.72683420713455,55.91116598901956,57.70448183401021,5657122
2014-06-18,58.676544189453125,60.48661199219977,57.008928354522304,58.48380081552114,7607058
2014-06-19,56.79106521606445,59.32181588443331,56.3888259088822,59.17936046311801,4609741
2014-06-20,57.64582443237305,58.307840838165916,56.59832796129621,57.30224422593214,5883479
2014-06-23,57.61228942871094,58.994984374999994,57.335753167307736,57.82178866299716,4125959
2014-06-24,59.078773498535156,59.548053063301644,57.82177831771526,58.32457639004322,5114562
2014-06-25,61.72687530517578,61.99503031821471,59.50618271836737,59.50618271836737,8127677
2014-06-26,59.8245964050293,62.27993137596832,59.58157867170204,61.90283277678033,4689423
2014-06-27,59.41399002075195,60.63746706070619,58.65979268621491,59.98382527899167,4510053
2014-06-30,60.21847152709961,61.3078677309978,59.68215475987727,59.7156732791466,4195381
2014-07-01,59.732425689697266,61.157020643539,59.154209101771315,60.53690420402947,2380554
2014-07-02,62.00339889526367,62.346979041543726,60.26874913468052,60.26874913468052,7043634
2014-07-03,61.902862548828125,63.645894184416555,61.542519622294,62.388898249240455,7558469
2014-07-04,62.80788040161133,63.268778790148836,61.05646788909632,62.50620009245925,5646743
2014-07-07,63.821861267089844,64.25761567254506,62.84978325547754,62.99224549204513,6494959
2014-07-08,59.598350524902344,64.1319089272076,58.40839203394557,64.02297204294752,10790933
2014-07-09,58.29105758666992,60.41956805146292,56.58992343529627,59.59833393201559,6295207
2014-07-10,61.584388732910156,63.73804342087983,55.65975153237763,58.6597810148131,13867751
2014-07-11,55.14857864379883,62.38887066534625,54.620639902477656,61.84417266759642,9788629
2014-07-14,55.39997863769531,57.553626665011635,53.807784464042925,55.74355533453987,7391570
2014-07-15,57.62067413330078,57.88882907709453,55.5759594411434,55.87763972009368,7038341
2014-07-16,54.6290283203125,58.32459680968103,53.81617183409537,57.65419914520194,9992546
2014-07-17,54.48656463623047,55.69328237049748,54.142987909736796,54.469805378077844,9394434
2014-07-18,52.55079650878906,54.12622823911203,51.64575901042521,53.88321045789505,12650599
2014-07-21,52.59270095825195,53.673715886177085,52.35806108115732,52.55917902734184,5314559
2014-07-22,53.1038818359375,53.95863829723163,52.38320629045471,52.961422994025035,8231226
2014-07-23,53.89997100830078,54.35249147323347,52.79381555483001,53.32175439234208,6351759
2014-07-24,53.48096466064453,54.80500052344995,53.26308749956156,53.9670035735501,5879226
2014-07-25,51.34407424926758,54.03404591724673,50.447418163214,53.346889076057,5842506
2014-07-28,50.32172393798828,52.29101704796784,49.76026658434085,51.13458041205864,4296525
2014-07-30,52.03961944580078,52.416718137437016,50.11222613299334,50.154125987619594,9897479
2014-07-31,51.28541564941406,52.24073085150518,50.66529924241717,52.031231604571296,9079922
2014-08-01,51.11781692504883,52.29101272332864,50.61501872578605,50.76585886752859,5443255
2014-08-04,51.08430099487305,51.94743521944385,50.849661141376096,51.285418920831184,5839077
2014-08-05,51.008880615234375,51.41111988800896,50.36362355777243,51.285420328380575,5444117
2014-08-06,51.0256462097168,52.11504252841836,50.69882867803401,50.91670930570201,4677927
2014-08-07,50.31333541870117,51.68765245998708,50.154117362430306,51.18485429094016,7339207
2014-08-08,48.38593673706055,49.810531381530225,48.15967826960836,49.76863153904582,4239989
2014-08-11,49.123382568359375,49.41668151304742,48.69600615199073,48.92226465592925,4833146
2014-08-12,50.061946868896484,50.44742691021109,49.20719048361087,49.215571818786024,5294023
2014-08-13,47.06192398071289,50.40553143517855,46.3328636909521,50.40553143517855,6067021
2014-08-14,47.866390228271484,48.21834830300065,46.36637689105538,47.17923333764431,9384087
2014-08-18,48.142921447753906,48.603819738376444,47.76582284633547,47.76582284633547,4931535
2014-08-19,47.57308578491211,48.90550297053062,47.34682729220505,48.38594213787657,7733666
2014-08-20,47.24628448486328,48.10104097705614,46.80214527122971,47.271425083714135,7603797
2014-08-21,47.71554946899414,48.16806991056108,47.11219229005685,47.39711332581796,5119615
2014-08-22,47.05354309082031,47.9837213528925,46.802143929159655,47.95019941877946,4215594
2014-08-25,45.01720428466797,47.46415517572287,44.765805150453716,47.19599678119147,7356810
2014-08-26,44.715518951416016,45.033955066950504,43.08980281032771,44.413838683225265,6538943
2014-08-27,44.531166076660156,45.33564468452764,44.14568944316373,45.03396435412257,4066693
2014-08-28,44.97529983520508,45.32725790519236,43.676404441100146,44.254624436625136,8189981
2014-09-01,46.74348068237305,47.045157603856076,45.084245679849715,45.151286132341184,6197778
2014-09-02,45.90861892700195,47.03862743697584,45.613467988265,46.95429859733671,6164629
2014-09-03,45.26771545410156,46.136303066803265,45.03159404996681,45.90861248664014,6772085
2014-09-04,45.37734603881836,46.431456442699584,44.72801128494835,45.073760869960985,4832453
2014-09-05,46.21220016479492,46.53265041425125,44.94726767853229,45.24241859199357,3602293
2014-09-08,45.77369689941406,46.616985333701905,45.58817413014062,46.25437062068825,5079677
2014-09-09,45.85802459716797,46.23750438311692,45.50384414988548,45.86645542249057,2015847
2014-09-10,45.200252532958984,45.87488316777927,45.04002912972871,45.84115300857779,2116714
2014-09-11,47.75542068481445,47.89034476409021,45.25928575769786,45.29301935102865,10635050
2014-09-12,47.68796157836914,48.37945741719673,47.266317355748726,47.87348435005223,5452245
2014-09-15,48.18549346923828,48.784229551922465,46.78563690996312,47.44340248906782,4743573
2014-09-16,45.4616813659668,48.87699956246799,45.183395493315324,48.185500293652375,5024333
2014-09-17,44.19674301147461,46.10257258983354,43.77509884395949,45.723092839069935,5142586
2014-09-18,45.436378479003906,45.65563139840729,43.6823379670309,44.179876737358946,6274810
2014-09-19,45.5628662109375,46.15316800377976,44.82077184223748,45.66406011772642,7663301
2014-09-22,44.2220344543457,45.14965152928036,44.061811059396454,45.14965152928036,3792551
2014-09-23,41.90299606323242,44.82077507971994,41.574114984575594,44.356966494699314,7044869
2014-09-24,41.970462799072266,42.50173517502999,39.31410435063289,41.97889705557527,7216186
2014-09-25,40.562171936035156,42.40054132959309,39.55866011514697,41.82710453279301,7596229
2014-09-26,43.03300857543945,43.26069576159905,40.14052862089893,40.157393702957165,6153490
2014-09-29,41.93673324584961,43.04143900230343,41.5825528005083,42.99927458187353,2830431
2014-09-30,42.15599060058594,43.235400563223166,41.21994242754598,41.60785307743067,5448290
2014-10-01,42.46800994873047,42.7884568315092,41.88613882880924,41.995767019346545,2877154
2014-10-07,40.38507843017578,42.687256353058956,40.17425633891082,42.29934576394092,3710495
2014-10-08,40.25858688354492,40.629635838723935,39.7357487612942,40.01403461984114,5353722
2014-10-09,42.1644287109375,42.45114545363188,40.4778515625,40.4778515625,6943247
2014-10-10,42.41740798950195,43.31129509700935,40.8994888169154,41.70061282466941,6195999
2014-10-13,42.32464599609375,42.49330368634533,41.068147576259285,41.995764872642965,6920855
2014-10-14,43.73293685913086,44.27264005102269,42.164419096212086,42.34151102895586,7267159
2014-10-15,43.73293685913086,43.73293685913086,43.73293685913086,43.73293685913086,0
2014-10-16,42.82218551635742,44.356969713718115,42.51016949551557,43.31972429840124,6842533
2014-10-17,43.690765380859375,44.23046848555065,41.89456073130608,43.17635817845936,5145730
2014-10-20,46.262794494628906,46.74346810802361,44.205169117957915,44.52561933733727,8776655
2014-10-21,48.10116958618164,49.922673926302686,45.97608347693997,46.78564172396029,16679887
2014-10-22,47.873470306396484,48.742057836464774,46.83622513675566,48.742057836464774,3944274
2014-10-27,48.2360954284668,49.23117640504417,47.98310891398183,48.2360954284668,5869818
2014-10-28,48.81796646118164,48.961328241184894,47.50243855245623,48.23609880961937,4139501
2014-10-29,49.68655776977539,50.14193561891556,48.48908878517662,49.26491351946951,9320253
2014-10-30,49.59380340576172,50.39492756715537,49.264918796484814,49.720296694402826,7451882
2014-10-31,50.93463134765625,51.26351252851995,49.24805415071399,49.77932665402082,5963738
2014-11-03,50.791255950927734,51.25506452465448,50.09132596248849,51.07797260578287,3837095
2014-11-05,51.1117057800293,51.65140892523917,50.453940212752386,50.631028698829574,5060735
2014-11-07,50.96836471557617,51.90441649112439,50.51299021638263,50.93463454206195,3139445
2014-11-10,50.78282165527344,52.5284277814745,48.168627878143184,50.96834439834838,13900906
2014-11-11,50.20094680786133,51.626102481273406,49.669674560083116,51.18759330725034,6564469
2014-11-12,51.06954574584961,51.84537037040284,50.276852608590424,50.479243878919014,7675541
2014-11-13,50.52983093261719,51.95499012486962,49.838335258281326,51.271925274170975,8327919
2014-11-14,51.356266021728516,51.57552238877814,50.04073468212968,50.74066477395022,6033645
2014-11-17,56.567787170410156,56.91353335934203,51.356264115744544,51.668280140851124,19991143
2014-11-18,56.78704071044922,58.153170693046405,55.32815449200671,56.989431989631825,15050639
2014-11-19,56.68584060668945,58.49047968375134,55.40404303700421,56.820768111434845,11015514
2014-11-20,56.27263259887695,57.93390997146876,54.85590747662362,56.83763511029104,11027805
2014-11-21,57.36891555786133,58.33869387136446,55.918460069221105,56.5003277435929,9107157
2014-11-24,57.647193908691406,59.28317196154868,57.40263822443599,57.95077909212946,9448445
2014-11-25,55.75822830200195,57.79898554301004,54.43426620074025,57.680926539591525,9323653
2014-11-26,55.73292922973633,56.63525056680299,55.302854202645456,55.81725807010896,6251285
2014-11-27,55.699195861816406,56.466589637599846,55.34501543889679,55.57270260853446,6049357
2014-11-28,56.888240814208984,57.8158581190687,55.91002482927166,55.91002482927166,9219925
2014-12-01,57.84959030151367,58.18690569685778,56.719585099650786,56.83764411548136,11132058
2014-12-02,57.36891555786133,58.32183221950826,56.44129823669787,57.51227391213486,9765634
2014-12-03,58.111000061035156,59.5024258023792,57.37733647052002,57.37733647052002,6243445
2014-12-04,56.921966552734375,58.676003665872564,56.17144125517136,58.254359469185644,7885679
2014-12-05,56.2304801940918,57.765264641358655,55.72450707314559,57.17496266692142,6819341
2014-12-08,53.970455169677734,56.21360358520712,53.63313982486725,56.163004910945894,4806554
2014-12-09,52.19955062866211,54.9486721150861,51.66827826394224,53.624706615774116,8061069
2014-12-10,54.712562561035156,54.98241421446808,52.148963275047535,52.45254852975329,8728810
2014-12-11,53.49821853637695,54.79688482374486,52.73082809649319,54.59449353451049,4994559
2014-12-12,53.1440315246582,54.60292106724198,52.722387346532784,53.616274376698314,5296309
2014-12-15,52.78141784667969,53.54881163796819,52.14895156749109,52.62119442849158,3915575
2014-12-16,50.03229522705078,52.722383515476885,49.534753074207075,51.97185830548996,5895522
2014-12-17,52.545291900634766,53.78492493409381,49.53475012192881,49.53475012192881,12626442
2014-12-18,55.52210998535156,56.2304743397358,53.51508622630323,53.76807276043701,13739679
2014-12-19,55.6148681640625,56.643679292199884,54.91493812864677,56.6183799547561,8275903
2014-12-22,56.314796447753906,56.5762137762769,54.98240017443491,55.65703085142184,3704893
2014-12-23,55.184791564941406,56.80390803923788,54.84747620468785,56.3316651623432,5399162
2014-12-24,54.68724822998047,55.5727009769578,53.835525643681734,55.488372143912336,7253730
2014-12-26,56.525634765625,56.753321998218574,54.53547232449961,54.96555087711528,4540119
2014-12-29,56.222049713134766,57.512281944493864,56.07869133883933,56.75332221208852,2950095
2014-12-30,55.960609436035156,56.896657331271776,55.488366645238344,56.55091120885684,2769703
2014-12-31,56.525634765625,56.96414414531448,55.75824077765587,55.9943622686733,2961775
2015-01-01,56.618385314941406,56.92197053030952,55.99435323277855,56.43286254170511,2048687
2015-01-02,56.48346710205078,58.09414615482852,56.33167447856312,56.65212481007043,3836530
2015-01-05,56.32322311401367,56.837630339776695,56.112401043020434,56.500315026187515,4518095
2015-01-06,53.945167541503906,56.17145135928402,53.67531589335325,56.17145135928402,4128829
2015-01-07,53.60783386230469,54.52702012211983,52.368200809603145,54.037912246324,5979365
2015-01-08,54.12225341796875,55.049870713152124,52.32604833284378,54.13911850070219,7959559
2015-01-09,53.16090774536133,54.33308086498789,53.000684296638546,53.98733119393369,4003538
2015-01-12,53.1524658203125,54.0126192580586,52.81515047756116,53.970454840214686,3925183
2015-01-13,52.4356689453125,53.63313768535085,52.2670112796353,53.57410818863363,5424194
2015-01-14,52.6380615234375,53.46448484613019,52.28388107981186,52.78985412251972,3912738
2015-01-15,55.277549743652344,56.41598898322413,53.287387922676146,53.633137508715315,12690349
2015-01-16,55.024566650390625,55.91845370338109,54.24030777278188,54.98240223150143,4620018
2015-01-19,55.513668060302734,56.47501532525977,55.03299442782422,55.03299442782422,4186066
2015-01-20,54.282470703125,56.070241328732095,54.18971104292198,55.84255415924401,3673055
2015-01-21,54.788455963134766,55.43778745510154,54.32464726439423,54.4427097192472,5930301
2015-01-22,53.70904541015625,55.066741323756645,52.87419113322422,54.40054475378865,5808951
2015-01-23,53.658451080322266,54.99927850122162,53.12717860797256,54.223453722105326,6465986
2015-01-27,55.049869537353516,55.31972114937326,52.95851353933903,54.10538717960971,8273586
2015-01-28,57.461666107177734,58.46517785910046,54.89807092646903,55.277550679416976,14049794
2015-01-29,57.38576126098633,59.013304720664436,56.90508767952989,57.647181972113586,12694509
2015-01-30,56.17987823486328,58.86153630584055,55.682339400806484,57.858024380329546,7427485
2015-02-02,58.22062683105469,58.69286968380889,55.65703159671532,56.17986969211161,5573493
2015-02-03,56.73644256591797,59.308468678756164,56.222035284540816,58.97958758498991,5808322
2015-02-04,55.817256927490234,57.25928144088279,55.53054024863228,56.921966086297324,4556333
2015-02-05,54.22343444824219,56.685835450757324,53.80179032345026,55.825682122451525,3597695
2015-02-06,55.2944221496582,55.82569455144791,53.9704599893152,54.476433051715034,4130895
2015-02-09,53.278953552246094,54.94866501209345,52.891039575744124,54.476422208643115,3743730
2015-02-10,54.754722595214844,55.6570405974182,52.67180070155109,52.78985971815727,5970183
2015-02-11,54.97397232055664,55.404050799761244,54.00419060944971,55.184794431666845,3562461
2015-02-12,54.82218933105469,55.47152082026628,54.14755849938553,55.34502753932831,3111458
2015-02-13,54.93181610107422,56.871379812915066,54.21502081626347,55.0667436448727,7676090
2015-02-16,57.06531524658203,57.52069296083294,54.91493020699622,55.23538042857678,9034111
2015-02-18,54.50874328613281,58.386800049310395,54.15462075579529,58.386800049310395,9214391
2015-02-19,54.672855377197266,55.260179013048415,53.11817702523905,54.88014441834671,7369549
2015-02-20,54.914695739746094,55.769767440077985,53.99916151328408,55.104711282659196,4744239
2015-02-23,54.47418212890625,55.31198002038616,54.163248676776306,54.95786107370112,7400239
2015-02-24,55.34652328491211,55.51062673697755,54.00777312882384,54.60373146995002,6398405
2015-02-25,55.07014846801758,55.74383942541635,54.88876797059802,55.45017944472688,4312445
2015-02-26,55.640201568603516,55.94250009072432,54.81104201659645,55.45018605758806,6187266
2015-02-27,57.76493453979492,57.97222356644579,55.726577215130675,56.08933476899247,6967530
2015-03-02,62.58443832397461,63.22358242357128,57.17761142678168,57.626739997939794,13348525
2015-03-03,62.15256881713867,63.98362967640426,61.23703487306113,63.033548740432934,8306181
2015-03-04,60.37333679199219,64.21684678804891,59.595997691666106,62.68807707918461,14432863
2015-03-05,60.597900390625,61.28886845202576,59.57008680506949,60.37333436489163,4814698
2015-03-09,59.07776641845703,60.68426849000014,58.70637040036425,59.872382462542085,3406938
2015-03-10,59.630550384521484,60.84838316376913,58.671834177904586,58.905035227381894,6319501
2015-03-11,60.114219665527344,61.30613672664974,58.52499457440068,59.768735644461096,7153626
2015-03-12,60.29558563232422,60.9779150034978,60.027834174831405,60.684255062233206,4660159
2015-03-13,56.98759841918945,60.8570207311878,56.59029033033299,60.8570207311878,4291591
2015-03-16,56.57300567626953,58.04131269382157,56.26206866677462,57.3330711882443,2483218
2015-03-17,59.0864143371582,59.371435882674525,56.99623290706724,57.17761344916462,9753775
2015-03-18,59.984676361083984,60.42516999068027,58.29180287945643,59.07778060616479,6062389
2015-03-19,58.758201599121094,60.960658944375545,58.386805535576684,60.42516287425374,5171930
2015-03-20,57.713111877441406,59.57009222588449,57.03941725338111,58.9050325947103,4694994
2015-03-23,56.918495178222656,58.73228637510077,56.3570836172842,58.04131830009958,3226101
2015-03-24,57.99814224243164,58.481821379494626,57.022148974628855,57.17761751971667,4625058
2015-03-25,57.462623596191406,58.45589003730516,57.108501111407726,58.45589003730516,2813810
2015-03-26,56.54708480834961,57.773552127852014,56.22751285751682,57.177593719932624,8424445
2015-03-27,55.34652328491211,57.67853968584006,54.93194188852499,56.8148299077186,6653445
2015-03-30,56.54708480834961,57.40215969319051,55.7438339217819,56.14114187002448,2679946
2015-03-31,57.55764389038086,57.99813747954809,56.50391819379049,56.7457577424618,3868151
2015-04-01,58.31769561767578,58.40406661341121,57.091228181121586,57.52308315979875,3871751
2015-04-06,58.05859375,58.78411236179771,57.03941510223722,58.490448811387154,5564818
2015-04-07,55.49336242675781,56.659370820160504,55.277434946498055,55.89930538675722,15208234
2015-04-08,57.05668640136719,57.69583042242437,54.89741131070759,54.93195830638009,29079138
2015-04-09,58.10179138183594,59.87240101749052,57.60947721199895,59.19870276379285,45899519
2015-04-10,59.44053649902344,59.82056756669017,57.85994267622417,57.95495220036369,21072847
2015-04-13,58.93093490600586,60.096939909429906,58.65454840465924,59.37142490408938,7470773
2015-04-15,57.88585662841797,59.19005691560656,57.52309904901603,58.87048836044697,8119338
2015-04-16,57.14305877685547,58.10177483145762,56.70256524200771,58.01540382575769,6398583
2015-04-17,57.11713409423828,57.618086518992925,56.65936716274792,57.1775930819194,5619493
2015-04-20,56.14115524291992,57.34171084925962,55.96841322678786,57.324437350535476,4018165
2015-04-21,55.90795135498047,56.78029638301372,55.79566834736764,56.27934737349439,3983805
2015-04-22,56.30526351928711,56.65074758080001,55.20835232687276,56.14979850316279,4599895
2015-04-23,55.76976776123047,56.83213202631365,55.62293772788144,56.668028491590476,5505021
2015-04-24,55.605648040771484,55.95976701642474,54.36190358717525,55.88203452564459,9045431
2015-04-27,54.24099349975586,55.78703315073828,53.809138455968,55.536558631119455,7053325
2015-04-28,54.78512191772461,55.00968439231266,53.869587980215265,54.206436963764425,5274687
2015-04-29,54.05097961425781,54.92332472036335,53.420470528414114,54.78513321084879,6989722
2015-04-30,53.817771911621094,54.53464840547112,53.37727840252131,54.2150764059502,14217069
2015-05-04,55.10469436645508,55.44153983846585,54.04233043361723,54.094154435978005,3849325
2015-05-05,55.0615119934082,55.51927899208553,54.47418849592286,54.99241449115494,5114151
2015-05-06,53.05772399902344,55.493386322263106,51.425309436673594,55.27745874902473,14867973
2015-05-07,49.81878662109375,53.43772961540746,49.14509221126657,52.37536575926974,9677941
2015-05-08,51.166194915771484,51.61532706708537,50.440679695788575,50.57887474456916,5206877
2015-05-11,51.45121765136719,52.3753868937366,50.34566785508455,51.32166111698514,6698322
2015-05-12,49.5510368347168,51.632579123632695,49.04144939358533,51.56348162794251,9408514
2015-05-13,50.915706634521484,51.26982915514523,49.274657565724354,50.26792410736472,5073709
2015-05-14,51.58076858520508,51.73623711247223,50.11246135496797,50.78615596349528,4364685
2015-05-15,50.98481369018555,52.0471779366013,50.45794906363388,51.94352990128597,3616269
2015-05-18,51.641231536865234,51.94353010736072,50.69978882310046,51.269838961813136,5137365
2015-05-19,51.60667419433594,52.11626170528858,51.062536173581954,51.459844192404255,4460327
2015-05-20,52.30628967285156,52.82451577853591,51.649868533206444,52.047176620009395,4894085
2015-05-21,52.77268600463867,52.919516015674134,51.166183846509846,52.38401646777963,5730434
2015-05-22,53.56729507446289,53.791861086853494,52.4876575426717,52.9972485663442,8175205
2015-05-25,52.83313751220703,53.54137897600727,52.72949301997075,53.22180699392672,3130493
2015-05-26,52.85906219482422,53.031804228140636,52.25446507821675,52.686320161507794,2536050
2015-05-27,52.0989990234375,52.548127628533905,51.64987041834109,52.32356508320862,4020378
2015-05-28,52.11628341674805,52.39267355252155,51.4944126401508,52.09900991187384,4267493
2015-05-29,51.174827575683594,52.66904687276568,50.803431499671355,52.073084746761204,6535365
2015-06-01,51.37348556518555,51.589413124290694,50.535687338746776,51.304388043382716,3694783
2015-06-02,49.93107223510742,51.37346710884849,49.66332075223056,51.37346710884849,6314949
2015-06-03,49.775596618652344,50.18153952291966,48.635500382294126,49.922426582181686,6316335
2015-06-04,48.90325927734375,50.38883976777867,48.11728528954284,50.25064827706669,6222165
2015-06-05,49.34376525878906,49.4905952923694,48.195029970579625,48.713256099295535,4827391
2015-06-08,48.808265686035156,50.04336848270298,48.229577030065585,49.70652290442009,5103205
2015-06-09,48.91190719604492,49.404221285687996,48.15184155029905,48.67006764770137,3856450
2015-06-10,49.257381439208984,49.92243742870937,48.88598544057008,48.96371793390255,6045039
2015-06-11,47.39176559448242,49.63741152801925,47.23629709619474,49.490581535253895,5352178
2015-06-12,47.10675048828125,47.6768005968479,46.83036394133357,47.331316534551895,4126970
2015-06-15,47.0549201965332,47.71997617518068,46.467596709949696,47.31403318933962,2510018
2015-06-16,47.06357192993164,47.48679207740457,46.20850015526684,46.985839410215256,2779311
2015-06-17,47.339942932128906,47.90135438974847,47.10673843817731,47.331304427003026,3865927
2015-06-18,47.08946990966797,47.61633443125048,46.942639908152465,47.50405142499329,4766807
2015-06-19,48.60097122192383,48.713254248435256,47.24494693952852,47.31404445695445,5130623
2015-06-22,49.4128532409668,49.723786749511156,48.21229416584431,49.058730715586776,4400210
2015-06-23,49.89653778076172,50.164289349772375,49.145110606192404,49.42149716857532,3616575
2015-06-24,49.78425216674805,50.56159130996931,49.34376209425671,50.267931261641756,4704133
2015-06-25,49.266021728515625,49.89653079199435,49.09327971191572,49.40421674757368,6642503
2015-06-26,48.95509338378906,49.56832549889439,48.54051179722258,49.12783541865463,2609751
2015-06-29,47.21902847290039,48.19502154763217,46.42441591729801,48.02227953491664,3537826
2015-06-30,47.529964447021484,47.78907746034585,46.89945541170983,47.3313104339171,4992621
2015-07-01,48.37639617919922,48.670056159298156,47.17583722827103,47.26220822411716,5309490
2015-07-02,48.488677978515625,49.10191348409498,48.0222759844447,48.367759984332785,3333522
2015-07-03,49.274658203125,49.44740021260134,48.41958666199521,48.59232867147154,3685154
2015-07-06,49.81016540527344,50.0951904677203,48.3764086143475,48.70461567137253,3185770
2015-07-07,49.22282791137695,50.406113336803635,49.09327142080715,49.74969237880539,3726637
2015-07-08,48.566429138183594,48.97237226180315,47.504064804218224,48.88600123488639,4231002
2015-07-09,49.34376525878906,49.6546988273511,48.471416536338936,48.626885077842886,2945181
2015-07-10,49.08464050292969,49.827429001829714,48.71324449625716,49.5251304987501,3723333
2015-07-13,49.499229431152344,49.74106545831698,49.08464786188425,49.08464786188425,3463749
2015-07-14,49.231483459472656,49.870627628431286,48.8946378731599,49.74107109301162,2340285
2015-07-15,48.41094207763672,49.44739400436578,48.3418445796325,48.721879061433334,3161685
2015-07-16,51.19209671020508,51.40802423430282,48.454136407534705,48.739161442232806,5356949
2015-07-17,50.62205123901367,52.029895914715006,50.475217707927364,51.4857613538957,6467621
2015-07-20,50.21611022949219,50.93299040705068,49.70652261110799,50.90707839784817,3450378
2015-07-21,48.82553482055664,51.123001679747006,48.540509772031044,50.21610603454002,3697250
2015-07-22,50.4752082824707,50.7515982791778,48.54049939218981,48.713241382909345,5013639
2015-07-23,50.00880813598633,50.74296162330219,49.792880639716955,50.61340512554057,2563165
2015-07-24,49.2401123046875,50.319749887982304,49.110555794692125,50.0088128582153,4080178
2015-07-27,48.91190719604492,49.45604530120649,48.47141360747469,48.5405111233508,5622730
2015-07-28,47.676795959472656,49.1278295828674,47.24494092360787,49.0155465706535,4674802
2015-07-29,47.21902847290039,47.86681102058362,46.65761693157493,47.676795509485586,4207271
2015-07-30,47.59905242919922,48.19501083481974,46.9512700255054,47.590413924705516,16406023
2015-07-31,46.813079833984375,48.03091228341393,46.130750371333384,47.789072791714716,5880279
2015-08-03,46.977195739746094,47.391777333053554,46.528067144682076,47.10675226800181,4422383
2015-08-04,48.23820877075195,48.59233131522318,46.92537013019353,47.14993264606338,5987079
2015-08-05,47.34859085083008,48.71325362330835,47.1413018156581,48.41959357107377,4023397
2015-08-06,46.43305587768555,47.711344000251714,46.20848984834536,47.50405498428027,5797637
2015-08-07,45.96665573120117,47.03765847831794,45.86301121101459,46.294866307163495,4024093
2015-08-10,46.52806091308594,48.03955354029878,46.26894789127802,47.184481974110774,8910114
2015-08-11,46.78717041015625,47.41767941861149,46.45032491296052,46.89081490818224,7089245
2015-08-12,43.988746643066406,46.683520873092334,43.22004271058737,46.640335377372544,6994378
2015-08-13,43.47052764892578,44.77472771964502,43.142317126058714,44.47242920124421,4679701
2015-08-14,44.8265495300293,45.258404535135554,43.55689651790591,44.04921052083804,2775069
2015-08-17,45.500240325927734,46.260305775746716,44.18740192048299,44.843819365982995,3727213
2015-08-18,45.68163299560547,46.191224143728824,45.03385031833116,45.465705436514035,3364442
2015-08-19,44.43788528442383,45.767997451784865,44.18741075759787,45.69026494744452,2149623
2015-08-20,43.902381896972656,44.835189440105836,43.56553287377296,43.97147940284273,5009370
2015-08-21,43.764190673828125,44.04057720678963,42.55499651698179,43.53098964646828,4126042
2015-08-24,38.21916961669922,42.49453435348252,37.93414459802463,42.49453435348252,11012613
2015-08-25,40.387081146240234,41.27669963777825,36.48310912110662,39.02241863860508,12191957
2015-08-26,41.39761734008789,42.96956869811492,39.022415050242344,39.90339846940521,10659319
2015-08-27,43.72100830078125,44.03194536916959,41.630830382791636,41.630830382791636,9120005
2015-08-28,43.08186721801758,44.697004654328275,42.39089903012458,44.56744811909834,5901037
2015-08-31,43.746917724609375,43.9973922544706,42.0281359858274,42.28724902269577,8083234
2015-09-01,43.10777282714844,44.18741046042259,42.19223870835379,43.012763309642146,5978797
2015-09-02,42.12314987182617,44.04922450913442,41.82948978087707,43.45326581861282,4996402
2015-09-03,43.669185638427734,43.85920116439905,42.0885953954724,42.49453845423965,3803695
2015-09-04,40.95713424682617,43.32370214550237,40.62028869709219,43.280516638385414,6923829
2015-09-07,41.069400787353516,41.803554113731025,40.04158753620267,41.0953127841145,4738077
2015-09-08,42.01948928833008,42.598174254982354,40.7671098542483,41.03486134593336,3242762
2015-09-09,43.73137283325195,44.26415112442879,42.62214956957638,42.7968305104353,5606911
2015-09-10,43.8973274230957,44.08947577161546,42.16798517863129,43.14619786064458,5863405
2015-09-11,43.1549186706543,44.124395553629675,42.796821396595334,44.124395553629675,2419143
2015-09-14,44.03705596923828,44.648439144089764,42.8666953132223,43.40820541445519,2780973
2015-09-15,43.32086944580078,44.61350900294592,43.1461885206161,44.03706052827947,3307941
2015-09-16,44.24667739868164,44.368952618198485,43.49554803910009,43.98465602495212,3299639
2015-09-18,45.86247634887695,46.05462464750641,44.281612622645675,44.779452527151385,5417959
2015-09-21,47.99357223510742,48.38660421883442,45.076402933001496,45.76639099398779,6588314
2015-09-22,46.94549560546875,48.43901884070662,46.56993092984654,48.124591774164244,6599218
2015-09-23,46.46512985229492,46.90183220053078,45.976021800713646,45.976021800713646,2818626
2015-09-24,46.75334930419922,47.68789152252516,46.211839158861125,46.44765769187534,3092967
2015-09-28,45.42576599121094,47.242444369110444,45.2423496386866,46.81447761840929,2391210
2015-09-29,46.107032775878906,46.80575653715848,44.74452357371943,45.06768260253267,3355018
2015-09-30,47.87131118774414,48.124597119447316,46.115766386693615,46.80575465160412,4566898
2015-10-01,47.91497802734375,48.68357123623659,47.425870027237,48.21193417133485,4614554
2015-10-05,51.31251525878906,51.97630411177874,48.604961262155086,48.631164108384795,9087183
2015-10-06,49.01545333862305,51.530858676312896,48.535080927233686,51.530858676312896,10077098
2015-10-07,47.38219451904297,49.43469511111211,47.19877815096083,49.26001420965942,8538018
2015-10-08,46.81447982788086,48.159521296901275,46.47385350442133,47.60927932114232,6828621
2015-10-09,46.00221633911133,47.44333382785859,45.696524750589184,47.23371816014313,5427623
2015-10-12,45.8886833190918,46.622345428247996,45.49565118865228,46.080835203754376,5969631
2015-10-13,46.02842330932617,46.412719919194295,45.347166997384974,45.88867714906914,7408266
2015-10-14,44.596046447753906,46.0720990037579,44.45630027092468,45.941088295690335,5062543
2015-10-15,45.23362731933594,45.48691681090811,44.84933067860317,44.98034138165654,3862266
2015-10-16,44.83185958862305,45.390837120540056,44.31654873355372,45.251094514507045,5672997
2015-10-19,44.92792892456055,45.591717808462874,44.648440177509336,45.36463120241938,4843562
2015-10-20,45.36463928222656,46.51753634422793,44.98034263082135,45.111353337513066,7780213
2015-10-21,45.58298873901367,46.07209678041977,44.927935230287325,45.504383739523604,4004255
2015-10-23,45.38210678100586,46.072095029078625,45.120085387475555,46.072095029078625,4676802
2015-10-26,44.01959228515625,45.6965284233361,43.9235163566277,45.59172058105469,5673613
2015-10-27,44.683372497558594,44.88425267531072,43.84490281499795,44.0195837027071,3077050
2015-10-28,44.220458984375,44.81437459987464,43.92349939967964,44.403871749086676,4003701
2015-10-29,43.00644302368164,44.26414783678778,42.884167795719314,44.194274754855336,8718973
2015-10-30,43.60035705566406,44.438826895806464,42.98897383377885,42.98897383377885,6242789
2015-11-02,43.451881408691406,44.26414844530075,43.14618978069056,43.53048640576314,4616738
2015-11-03,44.989070892333984,45.19868656790357,44.045793244486234,44.19427131083905,7044597
2015-11-04,46.4127197265625,46.64854181525405,45.32969942768915,45.530583199515206,9284815
2015-11-05,46.49132537841797,47.30359232892786,45.635388199965526,46.639803442644194,6203375
2015-11-06,41.62646484375,45.55678556133012,40.49977077237491,45.55678556133012,20453583
2015-11-09,41.01509475708008,42.01077490286711,39.8010598364906,41.050029530868066,6476493
2015-11-10,41.154823303222656,41.7312717504426,40.17661087954269,40.875334547013004,10466983
2015-11-13,41.81861114501953,42.185440350330914,40.88406897433103,41.399376244424126,7602610
2015-11-16,41.181026458740234,42.06316651705917,41.05001577011222,41.626464221632446,4971546
2015-11-17,41.26836395263672,41.57405553747106,40.87533191499256,41.41684201163498,4481826
2015-11-18,39.88838577270508,41.740002739723536,39.72244032691226,41.68760059815899,7851010
2015-11-19,39.82725524902344,40.66572520213899,39.495360744502996,40.20281998956255,8448386
2015-11-20,40.08927536010742,40.525977706078095,39.67004039719702,39.91459442171916,4749266
2015-11-23,39.442955017089844,40.4910405865017,39.329411702958375,40.263953958238766,3368261
2015-11-24,39.53902816772461,40.167878810878534,39.3643472360767,39.3643472360767,3785362
2015-11-26,39.68750762939453,39.96699997286756,39.3905514568204,39.82725380113105,6731626
2015-11-27,40.8491325378418,40.91900561680266,39.827249863953064,39.87092009406705,5583663
2015-11-30,40.80546569824219,41.50418943812268,40.613317380553596,41.050019717978905,7178442
2015-12-01,40.43864059448242,41.303309889740255,39.91459773580662,41.032556545093605,8241018
2015-12-02,40.36001968383789,40.857859492633246,40.21153808927274,40.4910303468836,2547589
2015-12-03,40.23773956298828,40.71811197780425,40.06305868487338,40.36875022157445,4029911
2015-12-04,39.469146728515625,40.124200083517934,39.38180628118199,40.124200083517934,4547154
2015-12-07,39.207122802734375,39.774835672990314,38.91890218864085,39.50408243643402,3140135
2015-12-08,37.512725830078125,39.20712925393104,37.38171514615469,39.20712925393104,9005301
2015-12-09,37.58259582519531,38.03676544812589,37.03235028703875,37.556392979779865,7289183
2015-12-10,36.394771575927734,37.93196520349879,36.097815412232094,37.69614665540018,8890127
2015-12-11,36.85768508911133,37.53894159063663,36.246301687159246,36.351109559572336,6789759
2015-12-14,37.89701843261719,38.14157239435589,36.53450959531619,36.68298764404944,5554333
2015-12-15,37.53019714355469,38.106645634784996,37.207038133455775,37.99310231937386,3584319
2015-12-16,37.84463119506836,38.56955789943022,37.556406896479515,37.90576882109793,3047719
2015-12-17,38.75295639038086,38.866499684507254,37.94942497285034,38.22018178546774,3092743
2015-12-18,38.49967575073242,39.09359159370621,38.342462210843415,38.770429046309516,4135093
2015-12-21,39.294471740722656,39.60016335234297,38.438538071299725,38.4996756828453,2962522
2015-12-22,38.796634674072266,39.96699906250198,38.67435944200757,39.36434770874478,5245650
2015-12-23,39.145992279052734,39.52155695648955,38.9538439836339,39.25953558440233,2329999
2015-12-24,38.9887809753418,39.46042160441399,38.70929220657264,39.46042160441399,1169621
2015-12-28,39.093589782714844,39.381810446285165,38.97131101118015,39.19839761982153,2412749
2015-12-29,39.03245162963867,39.59143272712894,38.971314016103385,39.1197920929441,3564703
2015-12-30,39.34687423706055,39.59142821723691,38.98877695674243,39.303204010382345,5780357
2015-12-31,39.5739631652832,40.0892704488421,39.22460133130637,39.56522769787684,30789698
2016-01-01,39.853450775146484,39.966994078700914,39.5040889512204,39.573962026784066,1388205
2016-01-04,39.04991912841797,40.24648265960775,38.953843205681146,39.79231300117198,2181629
2016-01-05,39.80978012084961,40.132939093742216,38.94510748355661,39.119788393649074,4767407
2016-01-06,39.8796501159668,40.40369280577508,39.55648761413814,39.82724442542919,4209519
2016-01-07,37.43412399291992,39.460422030754614,37.20703736677694,39.460422030754614,5390778
2016-01-08,37.5738639831543,38.04550458445118,37.390451155337985,37.55639660248974,2544757
2016-01-11,37.18956756591797,37.63500176745109,36.82273835468707,37.53892939640307,3996671
2016-01-12,36.85768508911133,37.75729280561952,36.50832314513871,37.311854905497036,4749079
2016-01-13,36.709205627441406,37.364259248366864,35.76592770253008,37.19831019872974,4175615
2016-01-14,35.94933319091797,36.438437613267794,35.634906127063445,36.333629776613705,2589346
2016-01-15,34.11518478393555,36.228823185726355,33.93176839806473,35.96680180813512,4006735
2016-01-18,32.3421745300293,34.14138595609658,32.05395028805033,34.06278096005349,3936413
2016-01-19,32.184959411621094,33.014693779084865,31.84433304021924,32.40331056095366,4927466
2016-01-20,31.075733184814453,31.931670315619712,30.90105228276816,31.914199382301444,6299271
2016-01-21,30.455612182617188,31.75698693356881,30.33333698229046,31.311549246579588,5706221
2016-01-22,32.062686920166016,32.281038088094434,30.673971359805652,31.067003462076805,5373850
2016-01-25,32.586727142333984,33.18937489652979,32.473183833225264,32.49065121449759,5148183
2016-01-27,32.66532897949219,33.18937169039313,31.99280821128106,32.65659351275367,7025757
2016-01-28,32.78761672973633,33.57368109670927,32.50812788781352,32.6653414719868,13879661
2016-01-29,33.67848587036133,33.88810157192957,32.6653350203651,32.84875142465687,5371373
2016-02-01,33.8182258605957,34.41214170744172,33.28545117969414,33.949236552375304,3558501
2016-02-02,32.44698715209961,33.95797811249148,32.31597643681523,33.713424066515344,5559797
2016-02-03,31.25042152404785,32.14129362572133,30.979664639882714,31.96661268210328,5370821
2016-02-04,31.8967342376709,32.56052313351099,31.390158875465804,31.582310724293194,3911647
2016-02-05,33.30291748046875,33.451395548889,31.914202060333512,31.984075137793734,3808501
2016-02-08,33.63481140136719,34.79643663597726,33.503800715909605,33.70468092383073,4889893
2016-02-09,32.2286262512207,33.85316005292035,32.027742504188076,33.4513925588551,5221981
2016-02-10,30.088783264160156,32.27229438637788,29.643347350616924,32.141283719044814,19925277
2016-02-11,29.040708541870117,30.72638045522947,28.82235734982598,30.19360212508454,12223197
2016-02-12,28.307048797607422,29.660826217759997,27.477314249771972,29.643358832794725,14102975
2016-02-15,29.861709594726562,30.429422731918272,28.839826658560153,29.066913334994172,7480813
2016-02-16,29.564748764038086,30.813718181835092,29.3988015175065,30.211066813245765,11752303
2016-02-17,30.373193740844727,30.645810226597035,28.62469084048711,29.292129883158022,12001653
2016-02-18,29.301530838012695,31.078236216663772,28.812702715204576,30.73981659990831,10416738
2016-02-19,29.99717140197754,30.119379385172284,28.887907030681603,29.010113101328482,8064250
2016-02-22,29.87495994567871,30.36378796523941,29.621143852310738,30.091171529791225,2939594
2016-02-23,29.35794448852539,30.10058706804695,29.23573646497075,29.874975197712978,5572810
2016-02-24,28.812694549560547,29.480133420890812,28.66228608613431,29.32972495746457,6725589
2016-02-25,29.367334365844727,29.649351017413245,28.756298287446267,28.840903665426385,11211866
2016-02-26,29.414337158203125,29.89376508363871,29.000712353152647,29.89376508363871,5960333
2016-02-29,29.310930252075195,29.92196630616713,28.784497660050103,29.498941345641946,13322807
2016-03-01,29.99717140197754,30.17578233412837,29.329732362143464,29.517743467029,7808047
2016-03-02,30.82442283630371,31.38845618404011,30.45780077776546,30.514203730029504,7531327
2016-03-03,31.181638717651367,31.397852237600038,30.551802327006026,31.17223854559876,6185981
2016-03-04,32.29091262817383,32.78914290390437,31.040637807973443,31.322654512149633,11471821
2016-03-08,31.39785385131836,32.47891768152842,31.115837199959213,32.4319149063019,8290917
2016-03-09,31.886680603027344,32.055891351721215,30.927824793889386,31.247444034451284,6256479
2016-03-10,31.501258850097656,32.4131138160575,31.313247753513906,32.08409439703595,6764165
2016-03-11,31.275650024414062,31.943091051311484,30.974832988032073,31.726877491535127,5245981
2016-03-14,31.47305679321289,31.877279483561324,31.256843277701446,31.77387376800929,5772906
2016-03-15,31.426055908203125,31.820878450397203,31.219242552134197,31.54826197481186,4780703
2016-03-16,31.03122901916504,31.802075610782488,30.50479836668706,31.285045129991182,5868871
2016-03-17,31.64225959777832,32.14988981954374,31.06882627298013,31.379045273099916,10686831
2016-03-18,31.74567222595215,32.04649112169254,31.43545507063742,31.90548280221828,6873082
2016-03-21,32.01828384399414,32.23449542025005,31.67986431101504,31.79267018449226,5698687
2016-03-22,31.811473846435547,32.22509858840508,31.510654982936096,31.980682664140677,6864309
2016-03-23,31.604660034179688,32.11229221714767,31.416648964583025,31.961881831432343,4446519
2016-03-28,31.07823371887207,31.84908035832853,31.021830772703982,31.773875155072563,4062162
2016-03-29,30.54240608215332,31.06883682281395,30.36379513999669,30.984231438366283,4529778
2016-03-30,31.350852966308594,31.444858522429456,30.692814073462536,30.871425012601765,4319957
2016-03-31,31.247440338134766,31.567059540888327,30.984224074091237,31.379048470156526,6092959
2016-04-01,31.08763885498047,31.416658324802057,30.73981903761688,31.303852414453885,4807085
2016-04-04,30.956022262573242,31.3790471539762,30.692806009570205,31.3790471539762,3645549
2016-04-05,30.081771850585938,30.946622026271264,29.81855558187429,30.871418744173326,4775719
2016-04-06,29.987773895263672,30.241588144404997,29.61175165206287,30.08177945606387,3975903
2016-04-07,30.232189178466797,30.937230912631357,29.743361007798608,30.072380483742073,5713959
2016-04-08,30.27918815612793,30.55180464159326,30.11937948148336,30.26978798336317,2471743
2016-04-11,30.410795211791992,30.45779798646246,30.128778563769192,30.401395039367458,3737063
2016-04-12,30.166379928588867,30.80561649035702,30.119377155846454,30.45779673708227,6169442
2016-04-13,30.580005645751953,30.918425237329817,30.41079489368913,30.457797667867936,7089402
2016-04-18,30.072378158569336,30.702214627371976,29.93136982263908,30.62701132907128,5916786
2016-04-20,29.968976974487305,30.222791252647312,29.85616914110088,30.222791252647312,6599159
2016-04-21,31.454254150390625,32.09349069211403,30.081773611859084,30.081773611859084,19516967
2016-04-22,32.26271057128906,32.77034293982029,31.585871238343834,31.792682725480375,16021082
2016-04-25,32.394317626953125,32.76093778228316,31.773879398598872,32.24390720035329,8316901
2016-04-26,34.500038146972656,34.575243354819,32.196902085390015,32.49771909167961,24904346
2016-04-27,34.2744255065918,34.913660194843736,33.926601906983585,34.6504477114909,11120663
2016-04-28,33.85139465332031,34.706842725999685,33.63518115799432,34.34962092829956,11067967
2016-04-29,33.541175842285156,34.02060177843345,32.930139861337196,33.80439210678943,7071498
2016-05-02,33.541175842285156,34.011203519937425,33.14635335807625,33.16515370016334,3186853
2016-05-03,32.55412292480469,34.08641416399218,32.33790939349186,33.65398710136653,6816223
2016-05-04,32.149898529052734,33.155757162457185,31.9054844783005,32.56352142453444,8449522
2016-05-05,31.557659149169922,32.4037090128211,31.416650838561395,32.18749550486898,8234103
2016-05-06,31.144041061401367,31.529463453462167,31.02183307517696,31.482460676075533,5687781
2016-05-09,31.92428207397461,32.18749644728863,31.2474429282555,31.266243271868046,6364290
2016-05-10,31.43545150756836,32.08409008613919,31.350846142963903,31.961882124760802,4681170
2016-05-11,30.927820205688477,31.661064124520134,30.824414502403872,30.984223142703037,8810053
2016-05-12,30.862031936645508,31.491868542475668,30.49540980095477,31.078243617915568,10710471
2016-05-13,30.909029006958008,31.623470883082028,30.344995644878836,30.64581267296852,14220117
2016-05-16,30.523601531982422,31.209842816767836,30.23218470746795,31.134637611226374,6598085
2016-05-17,30.138181686401367,30.730417470241953,30.091178907129827,30.683414690970412,5024754
2016-05-18,30.439001083374023,30.551806990319076,29.903168244015006,30.175784750438226,8661199
2016-05-19,29.583553314208984,30.457805915697396,29.480147565523378,30.439005565953938,6175607
2016-05-20,29.1887264251709,29.762159959548715,29.094720865025423,29.68695665896114,7550397
2016-05-23,28.981914520263672,29.630551345435094,28.906709308263626,29.273331369804858,4846965
2016-05-24,29.066513061523438,29.160518604300098,28.728093490037004,28.953707175210518,9990658
2016-05-25,29.169923782348633,29.40493766421561,28.981912676855046,29.29212985339074,7448162
2016-05-26,29.151126861572266,29.611754536877786,29.047721117127733,29.40494304798872,9595266
2016-05-27,29.2169246673584,29.771555862622012,29.09471669167958,29.329730558332887,15450677
2016-05-30,30.194583892822266,30.739816883917033,29.987772434157595,29.987772434157595,15517415
2016-05-31,30.10057830810547,30.55180574255312,29.621150354347304,30.269789074160325,87202437
2016-06-01,31.021825790405273,31.585858986594463,30.476592935736747,30.476592935736747,22345042
2016-06-02,31.050039291381836,31.34145616419078,30.645814591565856,31.153445031727188,7810855
2016-06-03,30.54240608215332,31.46365940017243,30.457800697705657,31.115839601668434,14612490
2016-06-06,30.260391235351562,30.739819226092933,30.17578584579765,30.514205491465205,8133735
2016-06-07,30.363792419433594,30.702212014354252,30.24158444034245,30.24158444034245,9086549
2016-06-08,30.344993591308594,30.636410426151855,30.250988037323804,30.382594282864194,6781325
2016-06-09,30.73982048034668,31.20984831643761,30.363798211473938,30.50480656230122,11713797
2016-06-10,30.664613723754883,31.097040841311305,30.598810595021376,30.72101859129568,6708805
2016-06-13,30.203983306884766,30.514200467442492,30.00657012624612,30.38259231786599,4769719
2016-06-14,30.533004760742188,30.674013092003225,30.269788444035765,30.269788444035765,4435031
2016-06-15,30.937231063842773,31.078239411364894,30.504805847284576,30.645814194806693,7721293
2016-06-16,30.58940887451172,31.06883683652951,30.18518421116552,31.06883683652951,10383991
2016-06-17,30.72101402282715,30.9654280664813,30.60820621706907,30.739814367512935,7982535
2016-06-20,31.1346378326416,31.27564615962376,30.307390128541638,30.382593422070087,10815885
2016-06-21,32.027687072753906,32.3003054368734,31.22863997377806,31.294445000045823,20953538
2016-06-22,31.63286590576172,32.591721700144625,31.41665238715199,32.24390194851789,16026887
2016-06-23,31.407262802124023,31.773884933870665,31.22865182383224,31.623476393616453,5436114
2016-06-24,30.54240608215332,31.01243387069816,29.1417228897801,31.01243387069816,19024925
2016-06-27,31.181638717651367,31.30384669197848,30.4201941806263,30.45779678138447,6855991
2016-06-28,31.219247817993164,31.46366190498462,30.852625731231928,31.1158420787908,7078101
2016-06-29,32.356712341308594,32.41311720622146,31.256848076275386,31.294450682034636,10522367
2016-06-30,32.61052703857422,32.864345109130284,32.4225159197007,32.704532598010985,11764013
2016-07-01,33.78559112548828,33.92659944208063,32.7515301371444,32.79853290934185,19437010
2016-07-04,34.246219635009766,34.612839717908685,33.766789841900135,34.133413749894345,12603466
2016-07-05,35.129878997802734,35.84432282432891,34.255626475239346,34.38723656175535,30772082
2016-07-07,34.612850189208984,35.48710275725468,34.41544078680928,35.25208883170995,8733135
2016-07-08,35.36488342285156,35.51529381705922,33.87019686520453,34.565836331950706,13365239
2016-07-11,36.41775131225586,36.64336694448818,35.7127096335847,36.01353047656112,14794386
2016-07-12,36.10752868652344,36.66215983084952,35.7597051357444,36.5681542928217,11584626
2016-07-13,36.62456130981445,37.00058348414481,35.75030898947732,36.286139822878994,13158895
2016-07-14,38.091041564941406,38.420060933536824,36.492947488906545,36.61515544797526,20069831
2016-07-15,37.60221862792969,38.54227409362793,37.301401643925345,38.27905779821332,11281343
2016-07-18,36.56816101074219,38.39186725347608,36.361349554106766,38.12865475871965,12171663
2016-07-19,37.1321907043457,37.49881080404663,36.135730385785834,36.57755951247088,10072234
2016-07-20,37.87483215332031,38.062843241348894,36.78437013781174,37.226195429659846,9302474
2016-07-21,37.38600540161133,38.42946850683082,37.16979187777088,37.90303591183629,9549631
2016-07-22,39.284915924072266,39.63273950240708,37.414207099152804,37.43300744322877,16646389
2016-07-25,40.65739440917969,40.96761344367914,39.20030859798365,39.43532243849914,20752029
2016-07-26,40.1591682434082,40.873611918727384,39.90535403576167,40.62919597056676,10524583
2016-07-27,40.3753776550293,40.73259945634426,39.64213371024492,40.23436935122827,6621082
2016-07-28,39.877159118652344,40.70440883929701,39.670347644765215,40.49759736540988,19224271
2016-07-29,39.89596176147461,40.31898681993787,39.68915027568962,39.91476593526119,6449575
2016-08-01,41.40003967285156,42.09568298721255,40.05576346589486,40.234372467840124,16150778
2016-08-02,40.46939468383789,42.18969724377984,39.96176617603029,41.68206491087611,12705117
2016-08-03,40.00877380371094,40.93942745579015,39.78315813116987,40.49760202323837,7214346
2016-08-04,40.26258087158203,40.42238955363536,39.773752739673526,40.281381217983146,6137957
2016-08-05,40.85481262207031,41.23083481343738,40.50698903497935,40.50698903497935,7719615
2016-08-08,41.964073181152344,42.23669155296237,40.920613941052274,41.15562780032194,11294581
2016-08-09,42.894737243652344,43.80659039895474,42.70672612606027,43.61857928136266,24985130
2016-08-10,41.94527816772461,43.29896046419743,41.747868795909056,43.242555600766785,12850450
2016-08-11,42.452903747558594,42.92293145147268,40.95821335405464,41.832465648353896,33704159
2016-08-12,42.57511520385742,42.8195311819155,41.841874919875,42.65972250015256,8793882
2016-08-16,42.904136657714844,43.01694639137914,42.0956911253959,42.302502595286974,12071957
2016-08-17,43.81599426269531,44.06040643042439,42.8759386365924,42.960542112903205,13783250
2016-08-18,44.92525863647461,45.09446942095342,44.11681306078115,44.18261619221839,16738682
2016-08-19,44.39881896972656,45.12266088981493,44.22960822637068,45.00045291821928,12395591
2016-08-22,44.65824508666992,45.09060760683223,43.937640886399414,44.50451462680101,12411111
2016-08-23,44.55256271362305,44.98492530954688,44.18745573960386,44.48530709171841,9864018
2016-08-24,44.792747497558594,45.06177379465602,44.46607522149352,44.48529054781607,7979410
2016-08-25,44.437255859375,45.56139755002013,44.23548513382405,44.92726824455433,20123810
2016-08-26,44.283531188964844,45.10021599781405,44.02411444335368,44.62942278946521,8269938
2016-08-29,43.707035064697266,44.369993120980034,43.120946130057625,44.369993120980034,6389909
2016-08-30,43.630184173583984,44.10097735715856,43.5244939930127,43.860775955431116,7340173
2016-08-31,45.80159378051758,46.00336448337,43.65899690307607,43.69743146575273,15043711
2016-09-01,45.84003448486328,47.02182218710677,45.359631708495094,45.8304248655248,12080357
2016-09-02,46.14749526977539,46.31083144524928,45.542186939933934,45.9265091925916,4732149
2016-09-06,46.52219772338867,46.75279337024652,46.17631011739281,46.36847120167738,5256141
2016-09-07,46.061012268066406,46.791225982737345,45.79198986642415,46.65671478191622,12288303
2016-09-08,46.92573547363281,47.069856287629875,46.21474102172488,46.233956348352365,6751847
2016-09-09,46.435733795166016,47.23320319699722,46.11866717642254,46.973782566507566,8486607
2016-09-12,43.59174346923828,45.69590979798331,43.447622648482906,45.676690560927284,13757199
2016-09-14,44.37960433959961,44.523725164139805,43.62056956083228,43.62056956083228,9988277
2016-09-15,44.19706344604492,44.60060106951615,43.735875915137015,44.302753639836,4485946
2016-09-16,44.715885162353516,45.30197806486155,44.39882248379513,44.4660780850188,16939581
2016-09-19,45.35962677001953,45.609433840816855,44.52372290252469,44.811964536963636,18431519
2016-09-20,45.97454071044922,46.26278234499748,45.38844782305678,45.4941379862021,12845655
2016-09-21,46.3204345703125,46.80083731877238,45.984152646390584,46.099448524115445,13200631
2016-09-22,47.569488525390625,47.742430411968975,46.733584495797324,46.743194115953074,13937978
2016-09-23,47.88654327392578,48.42459590332932,47.213979441935095,47.463790429056914,12884711
2016-09-26,47.89616012573242,48.60715472025704,47.67517405137107,48.08832124960698,17759877
2016-09-27,46.93534469604492,48.309297226473284,46.502982257698555,48.29968760847691,23226215
2016-09-28,46.94496154785156,47.4253643311512,46.06101729895795,46.349258968937725,11107255
2016-09-29,44.90803909301758,47.848104936030175,44.216260044522514,47.848104936030175,17352666
2016-09-30,46.23395919799805,46.38768963954773,44.466078667814415,44.581374544212906,11195466
2016-10-03,47.61752700805664,47.809688127686364,46.40691039057819,46.73358273013753,5669211
2016-10-04,49.712066650390625,50.15403866991328,47.540648931087546,47.84810585750347,9780123
2016-10-05,51.46074295043945,51.69133470128101,49.615993305597016,50.30777637717668,13261181
2016-10-06,50.4807243347168,51.7489908461621,49.961890877873145,51.61447571731259,11772341
2016-10-07,50.44229507446289,51.30702013288225,49.9234616032225,50.3846451734237,5308561
2016-10-10,50.6536750793457,51.26859306526,50.077191666660745,50.57680984241537,4184498
2016-10-13,50.00031280517578,51.88349300394469,49.11637259516218,50.44228486494623,16004643
2016-10-14,50.154052734375,50.961127881231896,49.385408248024426,50.26934862542198,5699299
2016-10-17,50.69209289550781,51.15327634558166,49.78893350180455,50.34620139842536,8322899
2016-10-18,51.729759216308594,51.825839752675826,50.7497385272682,50.7497385272682,5723357
2016-10-19,52.190956115722656,52.72900878157115,51.5376075670574,51.8834991250354,7618683
2016-10-20,52.17174530029297,52.959605128815355,51.88350361355102,52.575282879826084,4680510
2016-10-21,53.51686477661133,53.80510641813706,51.499173285931185,52.38311353803794,5748389
2016-10-24,52.844303131103516,54.151000190520044,52.498411583161605,53.78589331425417,4523950
2016-10-25,52.72900390625,52.99803021430009,51.902709654994865,52.7674345604597,3350198
2016-10-26,51.537593841552734,52.728994738772315,51.11484108063635,52.171726892454025,4700934
2016-10-27,51.96036148071289,52.42154889603976,49.78893951787627,51.30701296812711,7557643
2016-10-28,51.84506607055664,52.26781892451745,50.98034112511426,52.22938826853104,2628023
2016-11-01,50.73052215576172,52.1717301715504,50.55757641196168,51.86427324342087,5031809
2016-11-02,49.135581970214844,50.307767575574104,48.96264014210449,49.76971503837553,4833863
2016-11-03,48.25165557861328,49.78894451084805,48.05949446208393,48.75127369968399,3642915
2016-11-04,47.636741638183594,48.19400965882741,45.926506916702074,48.0787098611213,8133082
2016-11-07,48.38616180419922,49.25088666949607,48.02105496805733,48.0402702942696,4902109
2016-11-08,48.19401550292969,49.05874063341626,47.96341978908289,48.57833778314594,4782879
2016-11-09,49.500694274902344,50.30777317045794,43.38997417183574,44.77353240774928,12170611
2016-11-10,52.65212631225586,53.22860944706158,50.25011325056535,50.34619377303297,9551331
2016-11-11,51.11484909057617,53.01724463186774,50.74974224373802,51.84506278425247,7552663
2016-11-15,48.2708625793457,51.7105467536178,47.905759648559865,51.46073969094998,10806994
2016-11-16,48.443809509277344,49.96188288658283,47.92497613541992,49.19323853448155,4733478
2016-11-17,49.596778869628906,50.922691234624644,48.52067749714235,48.73205392413528,10125271
2016-11-18,50.922691345214844,51.36466343768246,49.67364419901146,50.1732622755873,6276161
2016-11-21,48.42458724975586,51.422299011883005,48.09791501069123,51.403083687736874,6884197
2016-11-22,49.7504997253418,50.307767586953474,48.55909879542599,48.92420559506998,8833986
2016-11-23,51.17250061035156,51.82584519868244,49.38540088231668,50.2309104731023,6563523
2016-11-24,50.90347671508789,51.49917534953897,49.67364488005905,50.69210028473785,12697433
2016-11-25,53.190189361572266,53.76667261082546,51.07641744764389,51.268578530728284,10490242
2016-11-28,52.22937774658203,53.612935816752014,51.7105405381232,53.459205404721224,7091326
2016-11-29,52.325462341308594,53.42077890614902,52.11408203096475,52.363892992538155,4555505
2016-11-30,52.613704681396484,54.170208630142795,52.34467839048953,52.61370468139649,18423159
2016-12-01,52.15251922607422,53.267051172827195,51.92192357846765,53.2286205196564,4613326
2016-12-02,50.86504364013672,52.24860596117797,50.65366720358989,51.6913379669889,4123239
2016-12-05,51.26858901977539,51.5952613640419,50.11562228538339,50.576805851517754,4252129
2016-12-06,51.134071350097656,51.9603656992061,50.99956013490691,51.30701713357708,3040594
2016-12-07,50.32699203491211,51.768200260943225,50.000315824628544,50.749744884070225,7100766
2016-12-08,51.17250061035156,51.59525345098066,50.692097878033316,50.692097878033316,3741691
2016-12-09,51.88349533081055,52.57527448664919,51.36466194131342,51.422307923742295,8025755
2016-12-12,50.82661437988281,52.152526841263594,50.48072281273032,52.13331151187242,3415397
2016-12-13,51.153282165527344,51.63368490528446,50.365422454231165,50.88425975888536,7556233
2016-12-14,50.077171325683594,51.307002888435335,49.961875471884596,51.287787564389966,3762245
2016-12-15,50.384647369384766,51.1917264714687,49.13560000834062,49.13560000834062,4830570
2016-12-16,49.53913116455078,50.61523249965128,49.385400726881805,50.34620618849429,3253170
2016-12-19,49.596778869628906,50.44228848712819,49.00108024463881,49.57756354163456,3733942
2016-12-20,49.500694274902344,50.30777317045794,48.80891515694557,49.76972057342088,4689130
2016-12-21,49.92345428466797,50.65366410345976,49.769723844118374,50.346207131888086,5392858
2016-12-22,48.924217224121094,49.94267265844257,48.520679679975366,49.80815753737549,4851665
2016-12-23,47.175537109375,48.96263641297048,46.75278436915047,48.92420185779683,7103597
2016-12-26,45.11943054199219,46.88731120390195,44.96570008898794,46.88731120390195,6715318
2016-12-27,45.63826370239258,45.79199415446438,44.13940547803972,45.06178037141498,8036673
2016-12-28,46.291603088378906,47.42535419659478,45.56138944999525,45.56138944999525,5800827
2016-12-29,47.175537109375,48.001831176527,46.11865134928717,46.42610824304378,19493134
2016-12-30,47.982627868652344,48.3669500907786,47.11790286886826,47.31006397993139,5362169
2017-01-02,47.86733627319336,48.539900222181096,47.42536802386117,47.98263216825705,4068443
2017-01-03,48.57832336425781,49.42382900215013,47.809679031972266,48.00184011504365,4716569
2017-01-04,47.86733627319336,49.00108771196404,47.752040378129664,48.77049592183665,3662071
2017-01-05,48.962642669677734,49.05872320559976,47.9634027503724,48.05948328629444,7237283
2017-01-06,49.38539505004883,49.846582400515,49.154803329579245,49.27009918981404,4566701
2017-01-09,49.80815124511719,50.461499710473085,49.44304831434021,49.5391288560241,3977517
2017-01-10,49.270103454589844,50.038747802057614,49.02029247785189,49.96188258540538,5039309
2017-01-11,51.28779983520508,51.441526373874524,49.38540410902204,49.50069999040605,9023938
2017-01-12,52.70979309082031,53.03646540814636,51.23015022465902,51.36466534496153,10927627
2017-01-13,53.63215255737305,53.76666764883441,52.421540191382064,53.03645403669238,11326765
2017-01-16,55.034950256347656,55.2847573879937,53.267065455446065,53.76668753779481,9427337
2017-01-17,55.188663482666016,55.803581316365474,54.13177748769518,55.03493695638669,10732423
2017-01-18,53.28626251220703,55.476895427902356,53.07488222251125,55.18865384325542,9838125
2017-01-19,53.363136291503906,54.28551114197506,52.92116810402917,53.343920963270676,5665911
2017-01-20,52.74822998046875,54.28551901450791,52.536853520194,53.36314403027314,6613157
2017-01-23,54.20864486694336,54.53532107867563,52.72900597880068,52.82508652762884,3878775
2017-01-24,54.439239501953125,54.842777017506506,53.61294523382159,54.07413264139437,4664533
2017-01-25,56.264774322509766,56.745177095381166,54.208648108903496,54.65062022375629,12034763
2017-01-27,57.494590759277344,58.39775013680675,55.995736754324795,57.05262264261685,12049610
2017-01-30,56.456939697265625,57.975009446614884,56.11104811085325,57.39852607561296,4135822
2017-01-31,54.631404876708984,56.418500845483884,53.958840994911085,56.20712440739581,17712454
2017-02-01,56.87968063354492,57.12949160554369,54.74669339169244,54.78512404452583,10871218
2017-02-02,56.66830062866211,57.49459088837505,55.995736880056995,56.55300476794949,5559291
2017-02-03,56.99498748779297,57.43695962820669,56.36085813664529,56.495369357017466,5813197
2017-02-06,56.1686897277832,57.494598157914915,56.034174615338074,57.264006407333966,4789229
2017-02-07,54.20864486694336,57.436952871380605,53.82432267163071,56.30320161330279,12606743
2017-02-08,55.034950256347656,55.30397662925967,54.22787113761161,54.516112842261265,5221447
2017-02-09,56.303192138671875,56.49535320399157,55.16944107138027,55.34238681207337,10230025
2017-02-10,56.03417205810547,57.091058034168775,55.72671510151979,56.57222466427589,6158105
2017-02-13,55.64985275268555,56.47614703127121,54.30472507747098,56.18790538658237,5741889
2017-02-14,55.55377960205078,56.13026296819353,54.24708631784403,55.89967118554764,11273577
2017-02-15,53.862762451171875,56.07261528814885,53.55530153753535,55.88045417188999,8539774
2017-02-16,55.054141998291016,55.227087728882076,53.74744526663261,54.07412140431054,6305019
2017-02-17,55.41925811767578,55.86122627082303,54.88120551177,55.361608227926126,6519222
2017-02-20,57.840492248535156,58.032653352350884,55.72672010656211,55.72672010656211,13484754
2017-02-21,59.76210021972656,60.146422407634766,58.51305310902488,58.51305310902488,13787159
2017-02-22,60.742122650146484,61.47233639061616,60.011912819204376,60.30015446788542,16282947
2017-02-23,60.85741424560547,61.4723320652408,60.03112392324325,60.799768265641944,24153349
2017-02-27,60.937835693359375,61.8023463925099,60.19395743806771,60.31458579158195,13188730
2017-02-28,61.380157470703125,62.20445615778214,60.57596283153424,60.71669525725061,10569749
2017-03-01,61.66160202026367,62.345168056564525,61.400241302793184,61.400241302793184,8556727
2017-03-02,61.561092376708984,62.88801668257353,60.917738360198065,62.02350588818846,15205223
2017-03-03,62.08382797241211,62.32508472877239,61.27963333075052,61.50078603913836,5584383
2017-03-06,63.4710578918457,63.81284305494604,62.325082209930265,62.707075467350506,8097197
2017-03-07,62.50601577758789,63.93346013871673,62.3250712044094,63.89325205149688,6807385
2017-03-08,61.19919967651367,62.92821696022737,61.05846319076648,62.5663278144141,6512419
2017-03-09,61.09867858886719,61.802348783660854,60.8373137375202,60.89762996178329,5730598
2017-03-10,61.31984329223633,62.00340957651398,61.018270292438444,61.44047167408636,6581653
2017-03-14,63.531375885009766,63.792740776371076,62.304979890108726,62.90812586370059,11073659
2017-03-15,64.0741958618164,64.65723769885012,63.73241483166464,63.9133594142399,12282287
2017-03-16,65.13975524902344,65.32069983167301,64.09430402314,64.33556073977624,4208651
2017-03-17,67.67295837402344,67.91421914977043,65.22016707450004,65.5217399764256,14651777
2017-03-20,67.87401580810547,68.4570576457713,66.88887671554524,67.91422798780178,7586121
2017-03-21,67.45182037353516,68.09517440116852,66.74815011628516,67.77349738735184,7178263
2017-03-22,66.0645751953125,68.25600595417832,65.74289822390665,66.74814131601532,6840221
2017-03-23,66.96931457519531,67.311099785838,66.10480770430216,66.10480770430216,6872993
2017-03-24,69.90459442138672,70.76910501078106,67.15023032272975,67.21054653700159,14346507
2017-03-27,70.56807708740234,70.86965006640834,68.7586392133664,69.90461489745104,7883098
2017-03-28,69.44219970703125,70.34691862251151,68.47716865139276,70.34691862251151,8602646
2017-03-29,72.53834533691406,72.98065067456139,70.30670233326738,71.05058060758645,12404773
2017-03-30,73.28221130371094,74.5287109298038,71.39235782357223,72.71927361366278,17014265
2017-03-31,72.77960968017578,73.68432858503984,72.37751238912507,72.61876912761743,8292402
2017-04-03,72.29708099365234,73.46315634783335,72.13624047493091,73.1816915755873,6893983
2017-04-05,74.16685485839844,74.6292684590273,72.23679243676608,72.53836545708599,6383371
2017-04-06,74.70967102050781,75.15197635166304,73.62400355601117,73.78484408934654,9042817
2017-04-07,73.98590087890625,74.97103596072428,73.68432791336723,74.16684138595356,5434029
2017-04-10,73.4832763671875,74.72977627270905,73.20181154941132,74.58904386382096,4826805
2017-04-11,82.9727783203125,84.96316491413731,73.50339157389577,73.50339157389577,49880345
2017-04-12,83.13360595703125,84.90283548294391,80.62049815905569,83.01297351045264,31931614
2017-04-13,83.17383575439453,84.40023595217816,82.57068972545666,82.83205464080139,8799366
2017-04-17,80.98239135742188,86.95353414710846,79.65546710162936,83.39497496381563,34867795
2017-04-18,78.42908477783203,82.12837681368752,77.96667122817739,81.46491460598224,19357969
2017-04-19,79.67558288574219,81.3442883431564,77.08205035148907,77.84603686965721,15661159
2017-04-20,80.60039520263672,82.26910052383776,79.83641692752127,80.41945470183359,13012966
2017-04-21,82.38973999023438,82.99288595183097,80.62051020007952,81.0226075078106,12106527
2017-04-24,82.79182434082031,83.31454585064895,81.96752171670094,82.71139998344631,6828131
2017-04-25,83.15371704101562,84.03832774500292,82.32941438176722,82.83203595918948,8504574
2017-04-26,82.30929565429688,83.59601163532871,81.06279593883532,83.39496303023205,6137751
2017-04-27,81.96751403808594,83.4954866974698,81.58552496358428,82.32940316064408,8103601
2017-04-28,81.44478607177734,82.83201805330755,81.16331314085332,82.22887229078347,8081267
2017-05-02,85.54618835449219,85.76734511017554,81.46489970637737,81.84689699522232,12798487
2017-05-03,84.76211547851562,86.29008033472984,84.2997019399241,86.04882358697924,5745929
2017-05-04,85.14411163330078,86.08903874492289,84.50075752628307,84.68169805676916,4116771
2017-05-05,85.56629943847656,87.79793430319444,84.5811562518335,85.22451022596776,11224002
2017-05-08,87.05406188964844,87.73762399941579,85.46578089188242,85.96840249632612,7684638
2017-05-09,88.70266723632812,90.02959166580821,87.17470232735658,87.63710770122333,17587718
2017-05-10,87.85824584960938,89.58726723242657,87.45614861459973,89.38621861492175,5361654
2017-05-11,86.1694564819336,88.421199773346,85.14410507300485,88.2603592138114,9402009
2017-05-12,86.3704833984375,87.69739927408548,85.28481603033794,86.45089956762031,6846247
2017-05-15,88.05929565429688,88.52170911692991,86.31017429456172,86.81279584509994,5575741
2017-05-16,87.25511169433594,89.12486572392405,86.89322249817529,88.70266029828825,10478987
2017-05-17,88.52169799804688,88.86347897334517,86.55142013127849,86.6720525605312,9546425
2017-05-18,87.93866729736328,89.44653201906492,87.25510522913441,87.65720248825485,9070442
2017-05-19,87.23499298095703,89.06453869597166,86.49111472279445,88.05929559556567,6980498
2017-05-22,85.60651397705078,87.95878146817596,85.20441669033912,87.81804905396493,6112499
2017-05-23,85.80754852294922,86.8127915745754,83.99811103002207,85.84775660887648,12872798
2017-05-24,84.74199676513672,86.61175064306768,83.95791038762837,85.84776421996055,9834682
2017-05-25,82.53046417236328,85.32503690982143,81.52522100339418,85.04357209478603,17023355
2017-05-26,82.1685791015625,83.17382232076608,78.99200889274114,81.8871142724616,14245689
2017-05-29,79.25336456298828,83.23412888492699,78.67032683582852,82.67119111140315,7918035
2017-05-30,82.71141052246094,84.44043216769467,72.1563565014991,76.59953489498017,63809135
2017-05-31,77.70529174804688,84.01821515336151,76.59952433636704,83.53570173690422,139428222
2017-06-01,76.1572265625,78.99200748159835,75.59428873366448,78.30844537702744,16763209
2017-06-02,76.37837982177734,77.202682569404,74.87051492784367,77.202682569404,22992379
2017-06-05,75.75513458251953,76.63974538923497,74.89062373282131,76.53922106207682,7324025
2017-06-06,76.31806945800781,77.80582616933128,75.37313427522332,75.81544784192685,10118598
2017-06-07,75.57418823242188,76.57943153522446,74.81020986684466,76.39849101299637,15302342
2017-06-08,75.51386260986328,76.61962998567992,74.91071676850873,75.75511931026728,8443171
2017-06-09,75.53396606445312,75.89585522218022,74.81019592968838,75.37312552983116,8082378
2017-06-12,77.02173614501953,77.2629928734007,74.62925245512382,75.23239836642173,11151525
2017-06-13,75.67471313476562,77.42384303941743,75.27261581060493,77.18257810036822,8979991
2017-06-14,74.36787414550781,75.93605486750306,73.8049446079559,75.81543061546559,12017715
2017-06-15,74.70967102050781,75.23239252798604,74.16683319791483,74.3477818656756,4111670
2017-06-16,75.35302734375,76.47889475113834,74.06631121727669,74.52872469740477,10154535
2017-06-19,76.19744110107422,76.55933032027816,75.33293023872334,75.5540870339843,3470750
2017-06-20,75.8757553100586,77.16247154578316,75.47365802027409,76.29796073660843,3559315
2017-06-21,74.44830322265625,75.85564351729744,74.24725460913609,75.83553538366981,5516446
2017-06-22,73.06106567382812,74.89061139907454,72.8399170989156,74.42819793416388,5283486
2017-06-23,70.90985870361328,73.50339125133246,70.3670289733853,73.50339125133246,7964149
2017-06-27,68.05496978759766,70.50776174498593,66.92909813650706,70.50776174498593,11055751
2017-06-28,69.04009246826172,69.46229784029026,67.25076303206106,67.47191569481505,8262054
2017-06-29,68.29622650146484,69.9247238800543,68.07507379892348,69.36178600963507,16891955
2017-06-30,69.14063262939453,69.54272995944204,67.47193116390466,68.29622987243296,6397459
2017-07-03,69.34166717529297,70.10565358296105,68.41684841290694,70.0051292709176,4279141
2017-07-04,69.44219970703125,70.56807540746064,69.1205267788303,69.40199161359243,5307391
2017-07-05,69.26124572753906,69.86439155390369,68.63799176802007,69.36177003193316,3700111
2017-07-06,71.23152160644531,72.25686457228723,69.56281656710819,69.66334086850574,9874511
2017-07-07,72.67906951904297,73.08116672246783,71.4727779087684,71.8547669797466,10930357
2017-07-10,75.19218444824219,75.43344115792755,73.58379547608726,74.50862240735208,1712981
2017-07-11,74.48853302001953,75.95618996262515,74.20706815132976,75.19220337243537,6869241
2017-07-12,75.33292388916016,75.63449684962971,74.64936178437183,74.79009419645296,4429683
2017-07-13,75.33292388916016,76.05670226656316,74.70967801260377,75.69481307786165,3590533
2017-07-14,73.86527252197266,75.5339779934191,73.32244278999848,74.79009960658848,11860362
2017-07-17,74.99113464355469,75.59428049859669,73.80495106758111,73.92557533017599,7807126
2017-07-18,73.80496215820312,75.25251079168822,73.54359727893862,74.72978103315923,4079953
2017-07-19,73.32245635986328,74.38801606394472,73.08119956552407,73.9457105775408,5120993
2017-07-20,73.86527252197266,74.38800229687564,73.38275902259353,73.38275902259353,5867595
2017-07-21,73.38275146484375,74.24726222782783,72.94044610585117,74.06631354867868,5926183
2017-07-24,72.83992004394531,74.34778476395236,72.5182389647346,73.38274970700992,8902258
2017-07-25,71.4727783203125,73.34253196314194,71.29183785000487,73.00075097440052,7150081
2017-07-26,70.74901580810547,72.21667257151489,70.56807529756736,71.27174556406732,8903011
2017-07-27,70.12576293945312,71.45267897313191,69.94481426620857,71.05058171795235,5684206
2017-07-28,70.5278549194336,70.88974405816526,69.90460094824631,70.266490086978,4293417
2017-07-31,70.38711547851562,71.15109358516108,69.76386156973838,71.07067742046834,4068795
2017-08-01,70.30670928955078,71.61352547776062,70.08556068919098,70.52786607060087,7729578
2017-08-02,69.24115753173828,70.66860633743084,68.83906019838163,70.36703333741336,4437859
2017-08-03,69.76387786865234,70.68870488212664,68.11528066178474,69.32157249813031,8951217
2017-08-04,70.02523803710938,70.5881758257673,69.24114348768565,69.76387318730147,4928741
2017-08-07,72.90023040771484,73.20180332746983,70.12575790983115,70.36701460949733,9703453
2017-08-08,71.9955062866211,73.98588413649603,71.55319282603696,73.64410315569882,10151375
2017-08-09,70.4675521850586,72.9203440914532,70.16597920851768,71.95530893038418,6400673
2017-08-10,65.84343719482422,70.48766458679663,64.41599250424217,70.10566721832042,17281547
2017-08-11,66.42646789550781,67.7734920748022,62.20444668295874,64.23503701949672,9462551
2017-08-14,67.08995056152344,67.55236421460721,65.3408284813909,65.94397459044988,5109631
2017-08-16,66.0042724609375,67.87402242424679,65.32070624291623,67.15024811295464,6133870
2017-08-17,67.99464416503906,69.42209269215924,66.00426602563053,66.24552274242404,8836606
2017-08-18,67.11003875732422,69.08031709743956,66.62752119542401,67.55234413636474,8895621
2017-08-21,64.85829162597656,67.97454560267435,64.41598624606719,67.1502469817459,7502097
2017-08-22,61.48067855834961,65.8434326096281,61.19920963141497,65.6624880072883,13240515
2017-08-23,63.209693908691406,63.53137091805558,61.862665552107856,61.922981780889614,8043547
2017-08-24,64.65724182128906,64.91860668948917,62.76738378677115,63.04885270090702,11302054
2017-08-28,66.40635681152344,67.27086337110475,65.11964490316552,65.26037729252813,10654693
2017-08-29,66.12489318847656,67.23066061941984,65.6222716289569,66.2254175003805,9733323
2017-08-30,67.11003875732422,68.21580629527065,66.42647255216102,66.74814956331278,6298406
2017-08-31,67.77350616455078,68.1554994574552,66.98941552971446,67.85392645100629,12341691
2017-09-01,68.23590087890625,68.85915076852324,67.6327550327586,67.75338338391921,7257827
2017-09-04,66.10478973388672,68.03485572159146,65.4614316777553,67.93433140879074,6776105
2017-09-05,65.90374755859375,66.68783400290572,65.32070566921561,66.42647321825011,5142234
2017-09-06,66.18521881103516,66.56721209219549,65.11966334188277,65.42123633906006,7630281
2017-09-07,65.64237976074219,66.84867157870376,65.38101489737919,66.52699457864966,4834102
2017-09-08,65.58206939697266,66.16511131251573,64.737666685045,65.82333023634152,2932829
2017-09-11,66.1449966430664,66.506885798832,65.62227104389531,65.7026913107704,5307050
2017-09-12,66.16511535644531,66.64763297432857,65.66249368997224,66.34605997444473,5240907
2017-09-13,68.89937591552734,69.9046192413468,65.98417027065092,66.14501083892026,17566293
2017-09-14,68.9197998046875,71.55406438465472,68.5522258772232,69.32821343315972,13341567
2017-09-15,68.490966796875,69.73662754136478,68.20507642405809,68.91980027880122,6571989
2017-09-18,68.16422271728516,69.98165967938752,67.8783324032092,69.0014696584667,6597019
2017-09-19,68.89936828613281,69.3894653882216,67.93959392900112,68.36843148995229,5858237
2017-09-20,68.87893676757812,70.45132704263293,68.63388618075868,69.87954649465107,7290993
2017-09-21,67.93959045410156,69.16483106935749,66.79603337744885,68.89936476214378,10042053
2017-09-22,66.89813995361328,68.30716755929859,66.28551961675858,67.59244383296812,16599121
2017-09-25,68.3480224609375,68.61349299448173,66.28553436553497,67.36783219663256,11655261
2017-09-26,65.67289733886719,69.96124372470068,65.34616733312106,69.9203957227616,20617213
2017-09-27,62.01759338378906,66.02004933471191,61.7112832337448,65.75457887616797,21823314
2017-09-28,61.690879821777344,62.671074224871084,60.40437934164003,61.87466679168222,10457818
2017-09-29,62.446441650390625,63.24284485370812,61.976764344425625,62.03802804680298,6935230
2017-10-03,62.18095779418945,62.83441775777395,61.670440899327474,61.670440899327474,7783047
2017-10-04,63.181575775146484,63.67167285644135,62.09927822706187,62.28306515187212,6201986
2017-10-05,62.895687103271484,63.87588129139523,62.63021663223036,63.304100655890124,5302131
2017-10-06,63.52872085571289,64.12092127805383,63.07946765509402,63.222410722219,5750706
2017-10-09,62.14012145996094,63.91671868817674,61.833811306503215,63.52872499621083,8156110
2017-10-10,62.385189056396484,62.97738971796615,62.099298652059524,62.44645276968252,4172378
2017-10-11,61.89508056640625,63.508315125596624,61.11909721518669,62.71190777059398,8024918
2017-10-12,62.63021469116211,62.79358176898541,61.60918084125991,62.283064844034314,6440143
2017-10-13,63.32452392578125,63.99840798586966,62.119703049506874,62.69148371592114,6402783
2017-10-16,62.26265335083008,63.5899975337734,61.609189106468456,63.467474286267446,6702458
2017-10-17,63.344932556152344,63.56956330613487,62.160535892029976,62.405582331614745,4817978
2017-10-18,65.16239166259766,65.67290868307335,62.89569692260521,63.528737197075436,9054095
2017-10-19,64.1617660522461,65.4482703767163,63.73293266228849,65.34616699079318,1037583
2017-10-23,63.83502960205078,64.93774688958578,63.26325319137866,63.71250638223511,4956013
2017-10-24,63.77378463745117,64.59061182894156,63.2224237904364,64.59061182894156,3589643
2017-10-25,66.89813995361328,67.75581091796839,63.85545811631545,64.54976199567028,14289691
2017-10-26,68.2254867553711,69.02189405616951,66.65309615616727,66.91856248670159,24600423
2017-10-27,70.81891632080078,72.16667614713221,68.5726416343862,68.5726416343862,14752645
2017-10-30,69.6549301147461,72.02372787359418,69.4915671875206,71.10479738618434,6615975
2017-10-31,70.73721313476562,70.9822678760875,68.98104011351913,69.65491987916997,7528361
2017-11-01,70.88018035888672,71.98289370472773,70.4717667775833,71.06396314679503,6832770
2017-11-02,74.208740234375,74.43337101516329,70.71680929572392,70.94143176731708,11216262
2017-11-03,73.4940185546875,75.14809683589485,72.90182220221321,74.59674017855751,9265965
2017-11-06,67.96001434326172,74.73967740805509,67.3473940366383,73.51443679480829,20381686
2017-11-07,68.18464660644531,70.16545492137404,67.65370979430894,68.3684335445765,14612875
2017-11-08,68.04170227050781,69.08316024621183,67.22487509244843,68.75642605130977,5268251
2017-11-09,67.16361236572266,68.61347970718714,66.44888861877278,68.08254289751534,5656395
2017-11-10,65.69331359863281,67.0002377048616,65.36658361072492,66.97981785960434,6554877
2017-11-13,65.71373748779297,66.89813421128864,64.28429015783125,65.9587839396618,7726314
2017-11-14,65.44827270507812,66.28551966851376,65.20322623198395,65.71374317976147,4608778
2017-11-15,63.09990692138672,65.22365866487087,62.834436395476814,64.97860798989286,12135347
2017-11-16,63.54914855957031,63.957562121404564,62.89568852247455,63.610412255684494,6594173
2017-11-17,65.81585693359375,66.8981505405565,64.22304214386217,64.30472569928911,10625623
2017-11-20,65.10111999511719,66.26509692330235,64.91733307103601,65.81584369074602,6652979
2017-11-21,66.38761901855469,66.57140593949114,65.18279826419045,65.65247548940614,8636630
2017-11-22,66.18341064453125,66.97981784618274,65.59121020460593,66.71434739409985,7066890
2017-11-23,67.16361236572266,67.38823899813022,65.97921135179524,66.2038379842028,4137681
2017-11-24,66.7347640991211,67.42906368941787,66.14256372392965,67.42906368941787,4378939
2017-11-27,65.75459289550781,66.48973658143237,65.55038608527332,66.48973658143237,5752922
2017-11-28,64.97859191894531,65.59121222297533,64.73354545917223,65.36658560908378,6884914
2017-11-29,64.75396728515625,65.18280068017104,64.52934066439589,64.95817405941068,3576878
2017-11-30,62.91610336303711,64.54975748037451,62.69147675282267,64.44765409804093,14565785
2017-12-01,62.7119026184082,64.08009056577603,62.58937937876571,63.26326342869589,7142403
2017-12-04,62.26265335083008,63.14074008678767,61.833819907260285,63.01821683928172,4947198
2017-12-05,62.16055679321289,62.54855058184727,61.81340270670912,62.40560331519335,4238338
2017-12-06,61.91548156738281,62.67104899400668,61.67043514256232,62.07884862032763,6220094
2017-12-07,62.221797943115234,62.40558485754126,61.81338442421169,62.242221942738134,3663599
2017-12-08,62.487266540527344,62.81399651504859,62.262639942706286,62.40558300824777,4278787
2017-12-11,61.75214767456055,62.814021553683155,61.62962440460005,62.814021553683155,4733129
2017-12-12,60.036800384521484,62.07886842481133,59.87343327945907,61.85424177129906,5775785
2017-12-13,59.52628707885742,60.17974723057674,59.036189887768785,59.52628707885743,8494191
2017-12-14,58.811561584472656,60.077642151187995,57.89263093471527,60.077642151187995,10678585
2017-12-15,59.89384841918945,60.424785200166006,59.42417117759627,59.73048133830553,5316813
2017-12-18,61.81340026855469,62.32391729804258,57.34127441391933,59.3833425318709,9772603
2017-12-19,64.08008575439453,64.83564913762396,63.50830513953087,64.52933898421786,20263833
2017-12-20,63.590003967285156,64.26388397404448,63.18159033121344,64.26388397404448,5345775
2017-12-21,64.12093353271484,64.8560771626799,63.36537005420035,63.50831314864432,5304325
2017-12-22,63.97798538208008,64.46807832692606,63.75335460199519,64.20261200756741,3128423
2017-12-26,64.42723846435547,64.63144524237245,63.467468269514704,63.977985214557144,4659905
2017-12-27,63.97798538208008,64.93775557943395,63.71251490812387,64.5293420223306,3761943
2017-12-28,63.09990692138672,63.998417753775975,62.895700102870904,63.998417753775975,5239409
2017-12-29,63.61040496826172,64.18218555116358,63.099888074455436,63.099888074455436,4723862
2018-01-01,64.69271087646484,65.50953801301314,63.63083310619345,63.67167695577946,6061265
2018-01-02,64.38639831542969,65.24406511519894,63.794197832447345,65.03985833862554,4650711
2018-01-03,64.46808624267578,65.03986695466591,64.22303974016462,64.5293499456026,3457506
2018-01-04,66.142578125,66.36720475633267,64.24345337321049,64.59060739854067,6112743
2018-01-05,65.93836975097656,67.04108718817761,65.83626636150606,66.53057024082506,5400301
2018-01-08,66.95940399169922,67.10234707585758,65.91795024463771,66.12215702463399,4920313
2018-01-09,66.7347640991211,67.53116705911995,66.18340340997179,67.18401726397157,4572961
2018-01-10,66.30594635009766,67.22487695081745,65.89753274977775,66.61225655033759,4455987
2018-01-11,66.30594635009766,67.04109415435187,65.59122254953782,66.0813197008413,4991331
2018-01-12,65.89752960205078,66.93898755679761,65.28490923083395,66.6530972193102,4697282
2018-01-15,65.46868133544922,66.44887536908637,65.34615811989379,66.02004203734393,3387581
2018-01-16,62.875267028808594,65.87710496784317,62.711899946513896,65.50953526457631,6141227
2018-01-17,63.48788833618164,63.67167526795267,61.81339025788709,62.895687846962815,5100510
2018-01-18,62.46684646606445,64.05965664396375,61.67043929981629,63.916713578948674,5648338
2018-01-19,63.89630889892578,64.69271625418294,62.446441441948785,62.52812083871526,7013705
2018-01-22,63.56957244873047,63.87588261956355,63.01821164847238,63.75335522755225,3200753
2018-01-23,64.42723846435547,64.52934185336396,63.58999150540538,64.1617679910944,4853747
2018-01-24,65.44827270507812,65.63205963719754,63.99840540430948,64.14134848784816,5895335
2018-01-25,64.46808624267578,65.71375106846871,64.14135618779488,65.3461771601039,16834122
2018-01-29,64.36597442626953,65.03985845197516,63.91672117886413,64.89691536996366,2275185
2018-01-30,64.03924560546875,64.6722857948069,63.54914850080136,64.12092914867958,2831006
2018-01-31,63.508304595947266,64.34555151050492,62.52811045159855,63.71251136313681,4392853
2018-02-01,62.67106246948242,64.8152336887881,62.078861968468956,63.63083268676115,8129203
2018-02-02,59.383331298828125,62.32390550875624,59.21996421845548,62.078859042794704,9701566
2018-02-05,60.32268524169922,61.037408990642106,58.137670145029496,58.811554198729006,5152741
2018-02-06,59.03617858886719,59.50585583931052,57.25958128511594,57.99472485375102,6106707
2018-02-07,60.87404251098633,61.323299936157554,59.19954851565122,59.62838193839824,10892438
2018-02-08,61.48666763305664,62.078868193453275,60.62900072117053,61.26204098038152,5590619
2018-02-09,61.24162292480469,61.9155029025687,60.383951833198445,60.85362915631126,4079981
2018-02-12,62.91610336303711,63.36536073806325,61.772546311820385,61.772546311820385,5710282
2018-02-14,63.201995849609375,64.12092632238236,62.671059074037785,63.81461616479137,6578830
2018-02-15,61.44340133666992,63.45934626713601,61.12170813595437,63.437900926403636,8618821
2018-02-16,60.564117431640625,62.001012219435246,60.04940735310804,61.80799539458003,6194067
2018-02-19,60.113739013671875,61.464847864833104,59.234440757467716,60.86435649650924,4744625
2018-02-20,59.47035598754883,60.56411208076914,58.82696953703764,60.349649930598744,4368033
2018-02-21,59.08432388305664,59.96361784859494,58.80552133540716,59.792050742016876,3108255
2018-02-22,58.61251449584961,59.59903963363817,58.333711921515295,58.9985437950308,7840817
2018-02-23,60.17808151245117,60.26386724951206,58.76263212230001,58.76263212230001,3326859
2018-02-26,62.83742141723633,63.86684167039325,60.478337336725744,60.88581636873555,13196529
2018-02-27,62.344146728515625,63.4807978955923,62.00100815308009,62.96608785081713,12937191
2018-02-28,61.8937873840332,62.472837917063174,61.20751011886188,62.19403532376233,5727574
2018-03-01,60.971588134765625,62.04389883454523,60.82146201885044,61.67931057867412,7481139
2018-03-05,60.135196685791016,60.735688177248164,59.51325548554548,60.45688995868586,3049950
2018-03-06,59.57758712768555,61.443406090907814,59.19155351165988,60.47832641408728,5488921
2018-03-07,58.18358612060547,59.62048085637893,57.947674252521125,59.62048085637893,4180819
2018-03-08,53.915794372558594,57.96913055605986,53.14373137647367,57.90479015503431,15407657
2018-03-09,54.96665573120117,55.54570184295367,53.80855914445218,53.80855914445218,7960186
2018-03-12,54.23748779296875,55.69582804199793,52.88637427385522,55.69582804199793,5853435
2018-03-13,55.867393493652344,56.61801106458434,53.83000294397981,54.04446510710323,6034775
2018-03-14,54.816532135009766,55.52425907172088,54.108809561542856,54.92376322461786,5431686
2018-03-15,55.309783935546875,55.97461566272369,54.75218327285803,55.07387646632196,4448511
2018-03-16,55.116756439208984,56.61799105039366,54.58060122092874,55.2883278543556,7622806
2018-03-19,53.508304595947266,55.417018538351186,52.13574601021615,55.331232808634844,10541321
2018-03-20,54.51627731323242,54.81652519879202,52.97215156355972,52.97215156355972,7059149
2018-03-21,55.80305480957031,56.14619777167893,54.83797504593885,55.20256335236825,5425382
2018-03-22,54.21603775024414,56.12474755254463,54.1088066663736,56.12474755254463,5204326
2018-03-23,52.95071029663086,53.6155421465999,52.3287691350815,53.6155421465999,6804442
2018-03-26,53.76567459106445,53.95869145375222,51.7926239937436,52.95072080662534,9736621
2018-03-27,54.451942443847656,54.945202786176154,54.04446347358064,54.15169455190124,16614855
2018-03-28,53.48686599731445,54.43050041666947,53.208063431399104,54.43050041666947,8254573
2018-04-02,54.92375564575195,55.41702033518185,53.74421382282652,54.237478512256416,2980950
2018-04-03,54.795074462890625,55.11676765934595,53.61553274255443,54.902305528375734,6776034
2018-04-04,54.85940933227539,55.73870310820624,54.494821128333385,54.9023000088602,8503091
2018-04-05,55.867393493652344,56.23197742566462,54.945204446924066,55.331238085843786,4549726
2018-04-06,56.553672790527344,56.83247535833756,55.652933416938104,56.03896707033009,3500761
2018-04-09,56.27486038208008,56.746675294255276,55.824490808959595,56.55365851627708,3161714
2018-04-10,55.116756439208984,56.12472650427891,54.8594036797314,55.76014270114528,5758130
2018-04-11,56.081871032714844,56.61802658752091,54.859438113055035,55.33125325598634,4248193
2018-04-12,55.28834533691406,56.832471108527514,54.773635291961675,56.403546798274476,4469465
2018-04-13,54.730751037597656,55.82451173506153,54.409057741459954,55.33124693568588,3469745
2018-04-16,55.309783935546875,55.54569140477179,54.08734718243803,54.68784288886797,3157811
2018-04-17,55.09532928466797,55.67437536619978,54.55917388945564,55.37412747223212,2268275
2018-04-18,54.96665573120117,55.50281115439571,54.66640782156343,55.22400858903695,2074318
2018-04-19,55.352691650390625,55.610048902307305,54.73075041231431,54.98810766423099,2032646
2018-04-20,55.54570388793945,55.845951808631206,54.55917874559013,55.331241710765944,2804510
2018-04-23,54.94520568847656,55.888840100190954,54.709298176358956,55.374130024415464,2149614
2018-04-24,54.64495849609375,55.224004565659506,54.559172761983795,55.03098775472303,1756546
2018-04-25,54.2803840637207,55.22401865316156,54.065921855358916,54.473400923895284,2827629
2018-04-26,53.829994201660156,54.62350233104872,53.615532073366694,54.28036379842781,5383303
2018-04-27,54.04446029663086,54.62350634022594,53.89433854110428,54.087350980140315,8384015
2018-04-30,54.68785095214844,54.945203799566904,54.15169555065679,54.28037197436602,2654211
2018-05-02,53.358184814453125,55.39557524514837,53.14372266385362,54.859419868649624,4031818
2018-05-03,53.079376220703125,53.61553153606376,52.58611158527408,52.972145157631,3327454
2018-05-04,52.6933479309082,53.40107476343183,52.39310441480102,53.07938154196537,1917275
2018-05-07,53.05793762207031,53.55119795692794,52.371656113266596,52.757689734671416,3192402
2018-05-08,52.50033187866211,53.37962575089416,52.32876042704662,53.16516361799642,2967570
2018-05-09,52.58612060546875,53.036494638219686,52.41455349307,52.50033923089131,1659089
2018-05-10,51.44947814941406,52.71480589131224,51.21357062271134,52.71480589131224,2749671
2018-05-11,51.08489227294922,51.72827884748634,50.48440075466125,51.64249746147695,2675383
2018-05-14,49.66943359375,51.34224012677592,49.49786648987789,51.34224012677592,2933890
2018-05-15,49.412086486816406,50.50584271760617,48.747254610316276,49.56220826552011,3207987
2018-05-16,49.347740173339844,50.07691236087932,48.16819834042833,49.11183267940627,3380122
2018-05-17,49.583641052246094,50.355708185016816,48.96170438664298,49.49785969370984,3126385
2018-05-18,48.12531280517578,50.26993454904953,47.76072449077078,49.62654802588741,4678513
2018-05-21,47.03154373168945,48.275421385157635,46.81708161592843,48.03951393046909,3353999
2018-05-22,46.709861755371094,47.61060111219614,46.19515168150937,47.05300035019759,4503707
2018-05-23,46.3881721496582,47.567714161789425,46.19515531138787,46.70986542569399,3814045
2018-05-24,48.66145706176758,48.897364526748,46.34526436520332,46.75274327557484,6346025
2018-05-25,48.70436477661133,49.92680193529251,48.03953282886084,49.00461272944064,6457017
2018-05-28,51.17068099975586,51.7497315684801,48.940273205593876,49.09039936633485,8284035
2018-05-29,51.29934310913086,51.83549846923149,49.626541003562984,50.39860384945919,7279721
2018-05-30,50.6345100402832,51.55669898136881,50.37715721931407,50.97764858932319,3181501
2018-05-31,50.67741012573242,51.492363715342854,50.484393309188654,50.72030081241157,13839070
2018-06-01,50.269935607910156,52.22154056329407,48.768700355577266,50.69885996571955,9593487
2018-06-04,48.725799560546875,50.78463972603665,48.48989206419724,50.35571541876689,3875735
2018-06-05,46.709861755371094,48.854483427091644,46.32382810916381,48.5971262085388,5130778
2018-06-06,47.48192596435547,47.65349308477111,45.91635035650382,45.91635035650382,5544303
2018-06-07,50.18415069580078,50.39861287826147,47.69639025190567,47.69639025190567,7883627
2018-06-08,49.283416748046875,49.86246295970033,48.532799026072894,49.75523185656119,6383906
2018-06-11,49.69087600708008,50.9347581622341,49.49786357200738,49.71232571163784,5563558
2018-06-12,49.948238372802734,50.269931615611796,49.1332804123889,49.948238372802734,3116839
2018-06-13,50.527278900146484,51.12777463255685,49.733770733901636,50.11979996481398,5709585
2018-06-14,49.96968460083008,50.29137784933328,49.32629810382369,50.29137784933328,3816323
2018-06-15,48.66145706176758,50.31281367987366,48.51133095623959,49.96967515233458,6247142
2018-06-18,48.36121368408203,49.02604546074887,48.16819688098688,48.61856651271322,2120593
2018-06-19,47.31034851074219,48.72579780096919,47.18167209585674,48.25398282530803,3521913
2018-06-20,47.78217315673828,48.2539881848032,46.752752996831546,47.095891595719124,6456627
2018-06-21,47.39614486694336,48.29688433631144,47.203128019723195,48.29688433631144,4036519
2018-06-22,47.546260833740234,47.82506339704752,46.88142898651976,47.18167689394822,4300826
2018-06-25,46.409603118896484,47.56769942652539,46.19514100130754,47.26745158925227,2740026
2018-06-26,46.13080978393555,46.83853665785571,45.89490228037677,46.28093591401392,2752825
2018-06-27,44.05052185058594,46.34526486898843,43.750273999509304,46.30237418879598,7468865
2018-06-28,42.763755798339844,44.35077666321586,42.463507900134566,43.32135654458173,8495694
2018-06-29,44.886932373046875,45.616100235219804,43.17123507241622,43.36424752814208,9347277
2018-07-02,43.53580856323242,45.079934018207574,43.321346452083496,45.03704334127492,5580459
2018-07-03,43.75027847290039,44.500895995719766,43.278463489568516,43.857509547588876,4038555
2018-07-04,43.21412658691406,43.964744170309594,42.80664759756485,43.64305092028294,5019394
2018-07-05,42.8066520690918,43.60016478665989,42.57074453374511,43.21413110100575,4140082
2018-07-06,44.7368049621582,45.3373007455068,42.76375486814495,42.89243128936429,6341071
2018-07-09,44.200653076171875,45.423090082804784,43.964745558021555,45.20862790935102,4998643
2018-07-10,44.458011627197266,44.99416707681014,44.02908726750697,44.264994792687794,4431543
2018-07-11,43.47148513793945,44.80115336356289,43.1069011521001,44.350783627160006,5559377
2018-07-12,43.064002990722656,43.96474230733145,42.91387686245868,43.70738946351287,5043045
2018-07-13,41.369754791259766,43.2784690380695,41.17673795942613,43.10689755127423,10776630
2018-07-16,40.16877365112305,41.19818964047973,40.018647486277715,41.176744292143205,4884757
2018-07-17,41.090946197509766,41.605656219262755,39.804173324749065,40.469005103026724,7871834
2018-07-18,39.05355453491211,41.43408339880338,38.90343278331054,41.21962126037636,8924898
2018-07-19,39.50393295288086,40.53335319194221,38.62463886210664,39.11790363566612,9097539
2018-07-20,39.28946304321289,39.58971091752051,38.71041699959665,39.46103450374395,9077645
2018-07-23,39.16078567504883,39.63260499838881,38.17426070914653,39.43958820080624,7627143
2018-07-24,41.562767028808594,41.948796286560636,39.24657402932165,39.24657402932165,11004793
2018-07-25,42.120365142822266,42.50639437663953,40.46900404788877,41.99168873154985,9771033
2018-07-26,45.91634750366211,46.75275079885927,41.82012112741999,42.12036902354766,33324314
2018-07-27,47.48192596435547,48.12531248321328,44.908379888924216,46.10936718480998,15369830
2018-07-30,48.8544807434082,49.433526817666895,47.52481276203665,47.52481276203665,14480606
2018-07-31,50.16270446777344,50.484397735805445,47.867956537865254,48.68291456217736,13073621
2018-08-01,49.540771484375,50.741759011347234,48.76870838583892,50.570191857919724,8449733
2018-08-02,48.747257232666016,49.62655133361243,48.16820670527858,49.197626956248875,6247218
2018-08-03,49.11183166503906,50.055465984526954,48.833029128630066,48.89736951803016,5553001
2018-08-06,49.66943359375,50.355715098969405,48.61856817496416,49.326295022762125,5656746
2018-08-07,50.48439407348633,50.806087318181554,48.6400203432158,49.755221846195035,7579826
2018-08-08,47.632049560546875,50.570184060234894,46.92432698070168,50.48439831512644,11981145
2018-08-09,49.6051139831543,50.20560559030883,47.65350426097805,47.82507578487655,7296255
2018-08-10,49.30485534667969,50.184149399405044,49.004607426342105,49.733779700520756,5582775
2018-08-13,47.8250732421875,48.98317005881769,46.64553107702144,48.89738430142937,7648141
2018-08-14,48.18964767456055,48.44700489555024,47.26746296493511,47.78217304367052,4313219
2018-08-16,46.6455192565918,48.082413966554824,46.345271363440844,47.3961368078473,6807314
2018-08-17,47.2031135559082,47.56770179188475,46.10935757446487,47.03154647125144,5657578
2018-08-20,48.55424118041992,48.83303941229701,47.2460226808188,47.567715969077,5980783
2018-08-21,48.404109954833984,48.83303429422372,47.86795453059682,48.682912520734924,4060071
2018-08-23,47.9537353515625,48.747247915973674,47.05299607654827,48.64001684212705,4839775
2018-08-24,47.80361557006836,48.232539883190114,47.2031197864004,47.953737334363474,3863915
2018-08-27,51.25645446777344,51.47091662035827,47.953736445318384,48.18964394051296,18556998
2018-08-28,49.1976203918457,50.69885551230943,48.661464991680084,50.548729382316765,11226434
2018-08-29,50.69886779785156,51.385145131067354,48.68292213206848,49.58366167731981,10067757
2018-08-30,51.3208122253418,51.68539626281045,50.03403887440046,50.91333312489468,10379081
2018-08-31,51.38513946533203,52.11431177850318,50.613076459780864,51.47092521333647,10366250
2018-09-03,51.19211959838867,52.650464138563024,50.934766732825736,51.85695583370718,6081278
2018-09-04,48.833038330078125,51.40658457910979,48.51134504894916,51.23501744712097,7350031
2018-09-05,49.3906364440918,49.60509860083863,47.88940134686401,48.8973717382766,6250285
2018-09-06,50.4200553894043,50.93476547102345,48.55423625218442,49.54076136339543,5988543
2018-09-07,49.176177978515625,50.18414844558662,48.53279145998247,50.18414844558662,8360578
2018-09-10,49.49787521362305,50.93477014179919,48.661471799698305,49.09039617983977,9911513
2018-09-11,47.88939666748047,51.320790840140255,47.31034628289814,49.79810618542782,13612815
2018-09-12,46.624080657958984,47.46048406585492,45.59466040774178,47.353252971592475,11953578
2018-09-14,48.18964767456055,48.38266449949182,47.01010574394542,47.35324870526502,7130930
2018-09-17,49.714637756347656,50.651418451153056,47.64500990565538,49.01750172692231,12196226
2018-09-18,48.60356903076172,50.32462864579738,48.124288626095584,49.671062040007804,7740383
2018-09-19,49.49677658081055,50.01963075973591,48.51642665743134,48.93035306709235,7887530
2018-09-21,46.381446838378906,49.97606336353964,44.72574556779166,49.77999248480165,12398479
2018-09-24,42.721473693847656,46.904303033185826,42.3729056903068,46.425018150069846,14083778
2018-09-25,43.8761100769043,44.355390529507545,41.915410063428475,42.612546073084594,10540610
2018-09-26,44.55146408081055,44.791104321439,43.28790000144896,44.39896695466959,9003690
2018-09-27,42.67790603637695,44.52967833741995,42.41647669921296,44.09396720776277,8887402
2018-09-28,42.6561164855957,43.375037107900745,41.043984603869305,42.917541360564385,13609514
2018-10-01,44.442535400390625,44.660390966078815,41.218271255292294,43.026474223417395,10074697
2018-10-03,45.85858917236328,47.27465012067854,44.00681716302795,44.442528224048026,15630510
2018-10-04,45.33573532104492,46.01108658376319,44.39895919284931,44.70395339181216,8821014
2018-10-05,43.96324920654297,45.85859060841986,43.571107466432174,45.0960962277573,9646562
2018-10-08,43.8761100769043,45.44466831477189,43.00468784869282,43.96325318618197,8208443
2018-10-09,43.20075225830078,44.61681316679812,42.35111482674598,44.006815925609544,7759718
2018-10-10,45.40109634399414,46.68644494254022,43.57110888439315,43.57110888439315,13982970
2018-10-11,43.571102142333984,45.20501847267151,42.9393202748138,44.224668674468994,8203678
2018-10-12,44.55146408081055,45.18324612049133,43.549329344911484,44.39896695466959,6310774
2018-10-15,45.07431411743164,45.85859320986113,44.00682103749144,44.878243236253645,5877857
2018-10-16,45.793235778808594,46.141808211802875,44.96538733115369,45.270385993882385,3835234
2018-10-17,44.747528076171875,46.795371005390365,43.81074749646357,46.795371005390365,7146463
2018-10-19,45.37930679321289,45.74965940596748,43.87610281198901,44.442526280082696,5810838
2018-10-22,45.37930679321289,46.14180111664568,44.6168124697801,45.74965940596748,5176361
2018-10-23,45.1832389831543,45.70609315520416,44.61681547688454,44.98716811460032,4222867
2018-10-24,47.100372314453125,47.49251411214547,45.35752775987898,45.74966955757132,7806246
2018-10-25,46.62108612060547,47.906434708517885,45.98930416055201,46.81715699541963,22080385
2018-10-26,46.62108612060547,46.88251099883611,45.18324042577224,46.64287078841097,6145415
2018-10-29,49.19178771972656,49.80178063454237,46.207163858092315,46.751802763615046,10676394
2018-10-30,48.60356903076172,49.95427600876284,48.18964262730521,48.99571076714835,7400262
2018-10-31,50.71677780151367,50.97820270916033,48.16786500668594,48.66893458400536,7689993
2018-11-01,51.304969787597656,52.61210277581671,50.10676454839686,50.97818654054289,8422050
2018-11-02,51.740684509277344,52.5031788073088,51.3049734818308,51.936755358084646,7655621
2018-11-05,50.97820281982422,51.675338863250545,50.01963743590086,51.392129284732356,8210278
2018-11-06,51.566402435302734,52.93889405406163,50.6731956443038,50.803908076499376,19328397
2018-11-07,51.89319610595703,52.089267009588205,51.67534053131862,51.87141143494979,779785
2018-11-09,53.9410285949707,54.37673965701777,51.21783445717652,51.827831716955274,12559809
2018-11-12,53.35282516479492,55.37887912359016,53.047826507862,54.398529147058824,10137415
2018-11-13,54.11532211303711,54.856031905171484,52.63390252876835,52.721045639422286,7410283
2018-11-14,54.420318603515625,55.16102393368658,53.85389062310365,54.420318603515625,6678026
2018-11-15,55.00852584838867,55.313524501925336,53.396393907365535,54.42031764193275,7370154
2018-11-16,52.742820739746094,55.29173299443358,51.501046043144804,55.11744680474691,8677338
2018-11-19,54.2242546081543,54.57282264879577,51.50105986520041,52.02391414230418,10380751
2018-11-20,53.54889678955078,55.095670331971924,53.00425790614315,53.78853701179362,8756467
2018-11-21,54.333168029785156,54.68173597824988,53.06960423028334,53.548889037669035,5400770
2018-11-22,52.721046447753906,54.48567562835027,52.54676022377384,54.46389095842346,6815394
2018-11-26,53.35282516479492,53.85389027120809,52.50318763201126,52.72104318235156,5964897
2018-11-27,53.156761169433594,54.463894640813116,52.50319443374384,53.1567611694336,6557302
2018-11-28,48.2985725402832,53.50532095080549,47.427150360523235,52.80818497991048,17359110
2018-11-29,46.250736236572266,49.34428335383331,45.422883352204174,48.36393335342603,31985310
2018-11-30,43.52754592895508,47.122162938838414,43.24433190677833,46.79537957430357,29408745
2018-12-03,46.032875061035156,47.86285795922381,43.78896133891428,44.11574463248826,27936307
2018-12-04,46.425010681152344,46.904295487160354,44.96538046202861,45.858587212490086,16847281
2018-12-05,45.77144241333008,47.383574096637545,45.09609120921366,46.294296531197595,20662585
2018-12-06,45.24858856201172,46.425009226073236,44.87823596049318,46.185369046721135,13592089
2018-12-07,45.59717559814453,46.31609636745718,44.70396415607597,45.33574623743548,18022774
2018-12-10,43.72360610961914,44.74752983051276,43.02647013851565,44.37717274463457,29388793
2018-12-11,44.72574234008789,45.53180603282797,43.222538287954364,43.2443229546237,18070717
2018-12-12,44.442535400390625,45.66252568178792,44.1375367219706,44.70396030630332,19972209
2018-12-13,44.29003143310547,46.07644502277785,43.85432036906028,45.09609512867619,19303030
2018-12-14,45.31394577026367,45.81501521275137,43.87610030054818,44.44252373622014,18432134
2018-12-17,46.032875061035156,46.730010981080156,45.29216537581103,45.510020904860355,12823630
2018-12-18,46.96965789794922,47.16572878860782,45.096100966474914,45.74966764714846,15336109
2018-12-19,46.62108612060547,47.55786672678292,46.337872142286976,47.01322787023379,9740859
2018-12-20,47.86286544799805,48.27679190441242,46.33787650604822,46.44680428761606,18043901
2018-12-21,47.66679382324219,48.40749911183646,46.99143810485684,48.14607423730698,14419050
2018-12-24,49.5621337890625,50.06320328819446,47.40536312453258,48.36392835679945,29941374
2018-12-26,50.41177749633789,50.673202395559024,48.276791234328705,49.496781484498506,17695810
2018-12-27,50.62963104248047,51.9149796824677,49.73642416800884,50.32463238399972,46309879
2018-12-28,53.156761169433594,53.592472326560106,50.869277594519446,50.89106226591915,16545621
2018-12-31,53.222110748291016,53.94103137839662,52.41604258254051,53.59246339722884,11124906
2019-01-01,52.56854248046875,53.243893753951895,52.35068694500437,52.960679784935316,7199881
2019-01-02,51.871395111083984,53.091385058673126,51.69711336558932,52.28532145909145,8350071
2019-01-03,52.873538970947266,53.57067937395228,51.76247657848456,51.80605034683123,9948617
2019-01-04,52.960689544677734,53.505328483706265,52.198195030037795,53.15676044918461,6965269
2019-01-07,52.24175262451172,53.67959809176912,51.71889851852312,53.35281482956145,11668794
2019-01-08,52.98246383666992,53.1567500359301,52.285327904193544,52.45961410345372,5155595
2019-01-09,52.65568542480469,53.28746741541256,51.93676475876063,53.11318563225759,6889263
2019-01-10,53.52710723876953,54.31139077011472,52.65568503263713,52.72104347101008,12254421
2019-01-11,54.2678108215332,54.44209701582856,53.24389161882357,53.527101144200984,10372903
2019-01-14,54.2678108215332,54.65995254255674,53.614244241348665,54.02817062858861,7971006
2019-01-15,54.921382904052734,55.117453784207996,54.311390027470516,54.46388713854545,7095681
2019-01-16,54.65995407104492,55.444233102741215,54.37674010546579,54.856024937039535,6436931
2019-01-17,55.923519134521484,56.48994712272907,54.81245669169123,54.877815131032904,15002965
2019-01-18,54.96495819091797,56.337445525339255,54.57281641977897,55.945308186482855,8819649
2019-01-21,53.48353576660156,55.50959408790308,53.287464891591355,55.50959408790308,6699663
2019-01-22,53.5706787109375,54.006389795317176,52.416042564418426,53.37460783651018,6009147
2019-01-23,52.69926452636719,54.68174937419411,52.52497829329718,53.72318395687514,6818297
2019-01-24,53.374595642089844,53.63602046007734,52.72102916483976,52.76459849041056,5243209
2019-01-25,52.59033203125,53.89746536542051,51.98033470239071,53.5488973627649,7940531
2019-01-28,51.82783508300781,52.851754372405864,51.28319622007642,52.72104193175881,4653879
2019-01-29,53.65781021118164,54.333161359474175,51.675321660126116,51.80603850299939,11175605
2019-01-30,54.5946044921875,54.8996031740555,53.41818353771545,53.810325333300426,14804862
2019-01-31,54.333168029785156,55.182805451361766,53.505315273934734,54.81244840488892,18944982
2019-02-01,54.48566818237305,54.85602524964724,53.287462745033736,54.20245864746216,4600741
2019-02-04,52.851741790771484,54.20244850866797,52.3071030574942,54.20244850866797,4479953
2019-02-05,50.89106369018555,53.178547329118516,50.65142343351587,52.54676524714705,5485107
2019-02-06,51.89319610595703,52.54676282987227,50.34642241248089,50.36820708348813,8812953
2019-02-07,54.5074577331543,54.834241063526406,52.02390796815236,52.19818975164793,8516757
2019-02-08,51.914974212646484,54.7253069843725,51.23961852849446,54.02817106610973,10676966
2019-02-11,51.93675994873047,52.50318344802031,50.782123851027116,52.00211394925497,6844430
2019-02-12,53.17853546142578,53.59246186636226,51.93676067889857,51.93676067889857,7027809
2019-02-14,52.48139572143555,54.02816902895323,50.78212089035409,51.958541586311874,11866182
2019-02-15,53.52710723876953,54.00639211151188,51.28319771734813,52.39426014371043,15299101
2019-02-18,52.15462112426758,54.83424181044969,51.631766902093645,53.59246691103392,11560211
2019-02-19,54.35497283935547,54.943181193360914,52.19820148752954,52.28534461501127,11331265
2019-02-20,55.66210174560547,56.16317136202127,54.246040448750534,54.46389603288206,10277299
2019-02-21,55.923519134521484,56.77315668455025,55.226383132195764,55.6403095727003,11313706
2019-02-22,58.01493453979492,58.298144094458266,55.9670914903317,55.9670914903317,12945386
2019-02-25,57.66635513305664,59.08241603176764,57.012788564420795,58.38528013146885,13397179
2019-02-26,58.53778839111328,58.77743305781943,56.64244675343084,56.64244675343084,12638213
2019-02-27,58.450660705566406,59.71422055759908,57.79709388932355,58.777444113687835,11882911
2019-02-28,59.40919494628906,59.86669505650867,57.64456622722455,58.82098685069477,37553505
2019-03-01,59.8231315612793,60.302416417972175,59.38742047280343,60.28062731772247,10161550
2019-03-05,62.74238967895508,63.13453138736131,59.38741378883235,59.47455688317616,19313297
2019-03-06,62.58990478515625,64.00596593927939,61.958122768398596,63.788110377106605,13387195
2019-03-07,63.04738998413086,64.04952451526016,62.41560807354434,64.04952451526016,13489249
2019-03-08,62.263118743896484,63.04739784727741,60.84705765113444,62.91668540209435,20619515
2019-03-11,63.3724365234375,63.67926960800613,61.97989412734296,62.73517371938881,25867566
2019-03-12,62.971187591552734,64.71776086382474,62.617151690105295,63.726462260539584,9926342
2019-03-13,63.5848503112793,64.00969052155907,61.69665879380653,62.7823679559695,13467585
2019-03-14,64.97740173339844,65.23702714349714,63.2072219346526,63.726472754850036,13157354
2019-03-15,68.42333221435547,69.06059484821276,64.85937214702285,65.04818839316785,34536390
2019-03-18,68.65934753417969,69.24940723316385,67.59724007600822,68.09288926277128,9262237
2019-03-19,70.05191802978516,70.99601393421935,68.25813196982412,68.89539958646925,14677046
2019-03-20,68.39974975585938,70.80719237587097,68.06931523105463,70.40595353984239,10916054
2019-03-22,66.53515625,67.408442993906,65.99229921335369,66.0867097591078,12237571
2019-03-25,73.35624694824219,74.0879202464978,65.70906986530302,66.46434459861469,86569563
2019-03-26,72.08171081542969,75.48045644481374,71.51525241021247,73.63946782833759,78309559
2019-03-27,70.42955017089844,71.86929535724417,70.14631853957026,71.49165798405967,18243559
2019-03-28,70.45314025878906,71.39723594064888,69.3202235197897,70.68916417925402,22133735
2019-04-01,68.65934753417969,72.27051001081183,68.23450263014385,72.22330715566035,17587549
2019-04-02,69.55626678466797,70.61837472214494,67.80969312901985,69.34384903870881,19096497
2019-04-03,71.27922821044922,71.86928804662844,69.7922755025099,69.91028746974574,14311035
2019-04-04,71.46804809570312,72.08170935478704,70.50034613885329,71.63326292633063,10727901
2019-04-05,72.83699035644531,73.04941287284072,71.37364378024509,71.37364378024509,8333094
2019-04-08,70.94880676269531,73.28544510318075,70.38234825562004,72.83699858499949,7833927
2019-04-09,72.45935821533203,72.60097163582492,70.61836934316474,71.27923837469145,7065238
2019-04-10,71.06681060791016,72.45935287766949,70.66557181241728,72.41215000828899,7109326
2019-04-11,71.56244659423828,72.01089297737435,70.57114810681635,71.20841073417064,6215343
2019-04-12,73.23823547363281,73.49786086487038,71.63327065193202,72.01090802117936,9983645
2019-04-15,72.17611694335938,73.59226046898249,72.01089731755197,73.23822458757671,4023850
2019-04-16,71.01960754394531,72.69537662923533,70.42954766870801,72.64817375998418,5900182
2019-04-18,72.31773376464844,73.02580556103483,71.16121553683347,71.46804856936859,10563599
2019-04-22,69.67426300048828,71.94009659556042,69.20221513516812,71.94009659556042,4251130
2019-04-23,69.4854507446289,70.57115993712384,68.7065698011437,70.24072545195074,4500286
2019-04-24,71.13761901855469,71.60966691542376,69.36743940529563,69.86308873662425,8167786
2019-04-25,70.47676849365234,72.69539515017831,70.1463339189492,71.4680722177618,16029783
2019-04-26,68.89540100097656,70.99601539185487,67.64447198115012,70.87800340137765,10585983
2019-04-30,69.65066528320312,69.81588492603055,67.80968139139655,69.1550159585598,6127743
2019-05-02,68.25812530517578,69.81588723693011,67.45564770629582,69.81588723693011,6491231
2019-05-03,67.26683044433594,68.80098622639973,67.10161558857394,68.80098622639973,5081115
2019-05-06,66.9599838256836,67.73886467829215,66.32272116585399,66.67675704396353,5516334
2019-05-07,65.94508361816406,67.59725104337689,65.7326611316815,67.59725104337689,4480954
2019-05-08,64.97740173339844,66.34633789660987,64.59975953479663,65.59106310324631,4277991
2019-05-09,64.5053482055664,65.47304545143083,63.96249119348851,64.78857502809076,5422978
2019-05-10,64.29291534423828,64.93017799335477,63.537635935817036,64.50533782791673,6096902
2019-05-13,63.60845947265625,64.78857931444949,63.443244615573164,64.19851939355287,3277805
2019-05-14,63.868072509765625,64.57614427772737,62.59354236705069,63.49043519390316,8675697
2019-05-15,63.89168167114258,64.45814011442485,62.82957389070816,64.45814011442485,5455719
2019-05-16,63.98609161376953,64.38733520822284,63.34882887223482,63.773669099284774,3887522
2019-05-17,64.34013366699219,64.52895476494984,62.735173542032086,64.43454421597102,4823565
2019-05-20,68.70657348632812,69.29663338367193,65.75627399960912,66.0867085025056,6281083
2019-05-21,66.25190734863281,69.10780040341935,65.49663278325104,69.10780040341935,6068371
2019-05-22,66.93639373779297,67.36123878428978,65.23702315564523,66.251923297068,3419778
2019-05-23,67.45563507080078,70.80717265573824,67.03079011409886,67.85687379508248,8283115
2019-05-24,68.16371154785156,68.58855173224289,66.98359192134387,67.85687852419194,4055685
2019-05-27,69.46183776855469,70.33512430390958,67.29041494245057,68.70655838481116,8012062
2019-05-28,68.04570007324219,70.2407197131383,67.64445651620032,69.43823740097366,7533375
2019-05-29,68.51775360107422,69.36743884823116,67.21962189510906,68.069307142266,6840150
2019-05-30,67.8332748413086,69.17860925012096,67.1252030888981,68.51774516235584,11721089
2019-05-31,68.23452758789062,68.65937264731957,65.80348362003797,67.97490218575955,10704338
2019-06-03,68.56495666503906,68.91899258585681,67.90408769207811,68.37613558650179,6426497
2019-06-04,70.169921875,71.37364305308427,68.42334369409367,68.54135566845329,10699910
2019-06-06,70.45314025878906,72.10530770204376,69.91028332095209,70.14630724141705,12988691
2019-06-07,71.60967254638672,72.1053219166903,69.48545684344003,70.64197524209499,8921647
2019-06-10,72.01089477539062,72.93138899493374,71.350030701248,72.38853207517481,7282122
2019-06-11,73.56865692138672,73.8754899505753,71.01960136334903,72.22332244369342,7310670
2019-06-12,72.60095977783203,74.27672871745254,72.15251335124987,73.40344209878131,9371163
2019-06-13,73.33262634277344,73.59225648327813,71.7984709397705,72.55375032701548,5207363
2019-06-14,73.9463119506836,74.51276563890119,73.0494189411391,73.16743092650442,6748353
2019-06-17,71.72769165039062,74.01712243674015,71.42085854207062,74.01712243674015,5234087
2019-06-18,72.93140411376953,73.63947599836924,71.65687376110611,72.19973079340046,4834357
2019-06-19,73.26183319091797,74.2531318351252,72.48295225481269,73.12021978487685,4365427
2019-06-20,73.73387908935547,74.13511786263145,72.05811009226271,73.30903408077677,4146663
2019-06-21,72.97859191894531,73.80467561376742,72.45934123153893,73.16741296995788,6839974
2019-06-24,73.5450668334961,73.96991189299635,72.41215467802856,72.41215467802856,4904241
2019-06-25,75.95250701904297,76.66057885028854,73.33263740189881,73.3562436378092,16093513
2019-06-26,77.41584777832031,77.79348509978196,75.52765636909298,75.52765636909298,10172495
2019-06-27,76.94380950927734,78.59597719812686,76.49536303334854,77.60467850558501,14663355
2019-06-28,77.79349517822266,79.20963891860991,76.873000786587,76.96741132966342,8612647
2019-07-01,76.56616973876953,78.52516562722509,75.8816993287638,77.88790288800017,5403458
2019-07-02,77.98229217529297,78.4543399429377,75.7636667069791,76.66055938627137,7716646
2019-07-03,79.06803131103516,79.44566870915162,77.41586349259562,77.41586349259562,8663315
2019-07-04,79.02082061767578,80.03572072456677,78.3835530696135,79.2568445683834,3813927
2019-07-05,78.6667709350586,80.03570672862348,78.2183245467506,79.02080679920931,4580401
2019-07-08,75.7400894165039,78.26554385747013,74.44195764178075,78.26554385747013,6670566
2019-07-09,64.81217956542969,71.91649992269681,63.53764919922127,71.91649992269681,44654563
2019-07-10,67.55005645751953,68.32893745812096,65.37863791329708,65.6854709867267,32000589
2019-07-11,68.42333221435547,69.36742785083662,65.23700944123156,67.80967101102647,41345509
2019-07-12,70.24073791503906,71.60967896711584,67.29043806308077,68.14012346006069,81646781
2019-07-15,70.68917846679688,71.65687577590828,70.02830943515401,70.94880387139946,8569086
2019-07-16,72.76617431640625,73.26182357344332,70.57115000420363,70.6891619607324,9603458
2019-07-17,72.43574523925781,73.19101989617799,71.56245381515477,72.76617970238007,9957673
2019-07-18,69.67426300048828,72.50655019240925,68.11650600531559,72.45934732664492,15371999
2019-07-19,69.69786834716797,70.80717889576734,68.871784593384,70.33513103646222,11967871
2019-07-22,70.61836242675781,70.87799260780633,67.38483630086417,69.69787288274742,11189630
2019-07-23,69.6270523071289,71.46804069567808,68.91898058875132,70.68915988469529,7766282
2019-07-24,67.45563507080078,70.09910092918085,67.21961116194832,69.86307702032839,7633538
2019-07-25,69.155029296875,69.36745184895597,67.59727191814859,67.92770646561671,7791774
2019-07-26,67.03079986572266,69.83948575005759,66.65316251700388,68.6829674680468,6813987
2019-07-29,66.67676544189453,67.90408805315451,65.897884491186,67.03080136459485,4669774
2019-07-30,63.868072509765625,67.21961509260262,63.561244291466934,67.03079403371189,5650378
2019-07-31,66.2047119140625,66.88918226678422,63.27801424161317,63.27801424161317,6801838
2019-08-01,64.34013366699219,66.55875995935467,63.301627232065066,65.9923014674017,5771003
2019-08-02,63.51404571533203,64.71776693274873,62.263121627396906,63.72646823650431,10640982
2019-08-05,63.06560516357422,64.52895671210251,60.75257305435746,62.87678886183905,9228462
2019-08-06,65.35502624511719,65.99228892625919,62.45193002676118,62.687953953394384,7569119
2019-08-07,64.17491149902344,66.62956148331999,63.655655939736405,64.90658476692121,9806481
2019-08-08,66.55875396728516,66.84198078680365,64.41093698049781,64.41093698049781,8838266
2019-08-09,67.55005645751953,68.5885628576815,66.86559080465625,66.95999654855476,6894731
2019-08-13,66.46434783935547,68.91899804518437,66.06310901807954,67.83328876239078,7291482
2019-08-14,68.04570007324219,68.42333739604935,66.1575086572873,66.79477133940443,6741966
2019-08-16,69.9574966430664,70.31153255239172,67.5972572475643,67.97489459046076,8101881
2019-08-19,69.41463470458984,70.6655634156477,69.24941987947005,70.35873039537493,7254714
2019-08-20,68.42333221435547,69.95748762363735,68.14010064225988,69.95748762363735,7279243
2019-08-21,67.00720977783203,68.39975223882524,66.51156037359247,68.39975223882524,9822017
2019-08-22,65.40222930908203,67.00719393584883,64.78856805834853,67.00719393584883,5485806
2019-08-23,67.00720977783203,67.80969228094001,64.05690998840582,65.26063134210767,6650557
2019-08-26,67.50283813476562,68.37612467937797,65.00098565379093,68.02208881503479,6719334
2019-08-27,68.49414825439453,68.9661961536031,67.76247497100516,67.76247497100516,6033762
2019-08-28,66.51154327392578,68.82457483301907,66.15750739021486,68.49414038117175,4380211
2019-08-29,65.5202407836914,66.2755202267342,64.55254364915191,66.0158900670488,3188538
2019-08-30,68.0929183959961,68.44695436685916,65.28423206676507,65.82708914285651,8580058
2019-09-03,65.99227905273438,68.16370173403091,65.70905230391752,67.4320238294037,5012075
2019-09-04,68.39974975585938,68.6357737304456,65.14261698580128,66.27553398458325,7602498
2019-09-05,67.31402587890625,69.1550145347282,66.81837656446784,68.39973984624292,6718594
2019-09-06,71.11402130126953,71.49165867812023,68.18732322731697,68.49415149516827,15616441
2019-09-09,71.16121673583984,71.60966317482435,70.21712099141742,71.53885407322495,9327233
2019-09-11,70.38232421875,71.75126474316998,69.62704966853666,70.68915720585332,10280194
2019-09-12,69.7214584350586,70.59474491190905,69.43822688440991,69.86307180942376,6209534
2019-09-13,69.39102172851562,70.50033205987087,67.99847985589307,70.28791440631815,9981889
2019-09-16,67.62085723876953,69.76867408247924,67.21961847086041,68.4941438757102,6778559
2019-09-17,64.5289306640625,67.71525308907955,64.2929067807279,67.62084257536208,8291947
2019-09-18,62.42833709716797,65.1426126231318,61.791074329231314,64.95379153534033,11927226
2019-09-19,59.45442581176758,62.286712823346,58.88796744906811,62.21590372728898,17368755
2019-09-20,60.91778564453125,62.499149123331165,58.36872965186268,59.666861485752776,21422602
2019-09-23,62.05068588256836,62.546335125062484,58.793554057175,62.074287312797864,15060867
2019-09-24,60.91778564453125,62.56995343311865,60.06810031364173,62.54635199652282,7619614
2019-09-25,59.90287780761719,61.602248252433824,59.38362225920368,60.91777786702291,6167551
2019-09-26,60.705352783203125,61.20100687698703,59.242006340189214,59.85566759687507,7534742
2019-09-27,59.596046447753906,60.610951337730974,58.58114155777684,60.422130259900996,8745433
2019-09-30,58.1326789855957,59.38360256990827,57.54261933207531,59.053168203553305,7667699
2019-10-01,58.345123291015625,59.31282540669524,57.165003444498964,58.250717544830245,8728431
2019-10-03,58.93516159057617,59.312803644438105,57.4718154385748,57.943863203984044,6814730
2019-10-04,58.982383728027344,60.16250343126151,58.08549083280164,59.24200910235499,9005261
2019-10-07,57.96747970581055,59.14759942621353,57.8022648657219,58.98238458612489,6074323
2019-10-09,58.982383728027344,59.407223940040026,56.38612038091219,57.967478862478224,8545129
2019-10-10,59.50163650512695,60.37492799644285,58.439528736008356,58.67555268470138,8408101
2019-10-11,58.08549880981445,59.54885032394181,57.61345086369337,59.194814364351,8892262
2019-10-14,58.982383728027344,60.18610486494232,58.392323876410266,58.79356265474213,5107881
2019-10-15,58.179901123046875,59.28921171862121,57.92027574981878,59.28921171862121,5002807
2019-10-16,59.218406677246094,59.360020078879444,57.94387645870737,58.27431093046471,7411549
2019-10-17,58.769962310791016,59.43083127762392,57.75505742642323,58.65195033827939,6058394
2019-10-18,61.60224914550781,61.83827308859404,58.793563262397704,59.0059857715592,12058582
2019-10-22,63.159996032714844,63.91527541004658,60.9649765968413,61.507828697319894,9417658
2019-10-23,64.76495361328125,65.23700137314202,61.79105368654203,63.15998930898738,8269418
2019-10-24,63.34882736206055,65.14260837132176,62.90038090926539,64.9065844279474,4054271
2019-10-25,64.36373138427734,64.57615390672414,62.687962243943204,63.53764753181068,3497951
2019-10-27,64.127685546875,64.78855432413614,63.77364973089611,64.24569748553462,394935
2019-10-29,64.34013366699219,65.09541325690282,63.25442435853565,63.773675175039216,6028054
2019-10-30,64.85939025878906,66.322736983202,63.56125839612852,64.4109437458496,9840598
2019-10-31,65.99227905273438,66.25190437280288,64.93017154179363,65.1661954331138,7145237
2019-11-01,66.84197998046875,67.07800392786012,65.68546647978663,65.99229473024371,6585737
2019-11-04,66.51154327392578,67.47924039568517,65.77986527272135,66.84197292385412,4739817
2019-11-05,64.85939025878906,66.93639835789388,64.26933032121609,66.46435040783551,5727295
2019-11-06,65.00099182128906,65.61465308399293,63.44323483075796,64.10409895908552,4945533
2019-11-07,67.40843963623047,67.97489808061955,65.14261066059373,65.59105712914841,10467925
2019-11-08,65.49663543701172,67.5028386846319,65.35502205050463,67.26681477314716,6737582
2019-11-11,66.32272338867188,66.60595017988433,64.85937696420902,65.26061571874652,3586910
2019-11-13,65.11900329589844,66.93638563748475,64.97738989817677,66.44073634449931,4542086
2019-11-14,63.77365493774414,65.14259545873125,63.01838038942479,65.14259545873125,7928174
2019-11-15,63.27801513671875,64.31652139671934,62.82956870604586,63.82087210046791,5257174
2019-11-18,66.25190734863281,67.33762113900715,62.82956077076925,63.39601909576486,10150279
2019-11-19,67.47924041748047,67.78606863564431,66.08669831405061,66.60594902289341,6683565
2019-11-20,68.44694519042969,69.24942757718415,67.57365850014719,67.9512958580553,9629186
2019-11-21,65.35502624511719,68.3053253280322,65.09540088620447,68.3053253280322,6127075
2019-11-22,65.94508361816406,66.88917928971425,65.21341043309646,65.47303578238898,4653487
2019-11-25,65.803466796875,66.84196813989844,65.37862184606094,65.87427108739824,3918217
2019-11-26,65.11900329589844,66.18111098168973,64.74136596800092,65.80347365379221,5736401
2019-11-27,64.2457046508789,65.33141844917196,63.372418128166956,65.18980026545123,4910142
2019-11-28,65.37861633300781,65.61464021868655,63.60843719041735,64.15129404824572,3600478
2019-11-29,65.09540557861328,65.61465633386894,64.4581380496147,64.90658450292791,5055433
2019-12-02,65.09540557861328,65.54384723000706,64.19851267198688,65.1190070125941,3730237
2019-12-03,61.72026062011719,64.83577472300354,61.48423667893127,64.48173881122466,7176971
2019-12-04,62.829566955566406,63.08919711477245,60.9177741221925,61.17739947947949,4697335
2019-12-05,63.325225830078125,64.19851249844359,62.61715400105117,62.90038081189419,4378298
2019-12-06,60.89418029785156,63.797276860726306,60.351323281405186,63.25441984427992,6792766
2019-12-09,61.2246208190918,62.168716730559915,60.56375176029606,61.17741314236631,3083441
2019-12-10,61.08298873901367,62.45192451143987,60.89416769361485,61.20100069190828,7689034
2019-12-11,63.06560516357422,63.23082482975265,61.22462101157559,61.43704355270778,4977290
2019-12-12,63.72645568847656,64.12769441463651,62.45192561432329,63.15999734419525,4902989
2019-12-13,64.26933288574219,64.5761611843714,63.325236947953364,63.773678676866844,3990045
2019-12-16,64.17491149902344,64.78857279461772,63.72646504388628,64.22211436717706,2678031
2019-12-17,65.14261627197266,65.37864024397255,63.750073876789244,64.29293093315701,3878691
2019-12-18,64.5997543334961,65.42583817306468,64.03330068504191,65.26062332591881,2453909
2019-12-19,64.85939025878906,65.49665307059985,64.22212264505822,64.64696772087878,2152479
2019-12-20,64.78857421875,65.09540727425143,64.0096932636584,64.67056224385246,3112073
2019-12-23,64.41092681884766,65.37862390177537,63.962480423758585,64.3401177241793,3235371
2019-12-24,64.83576202392578,65.09539214991325,64.1984994283092,64.34011280489972,2552435
2019-12-26,65.35502624511719,65.61465160402989,64.4817348354229,64.76496642853418,2210926
2019-12-27,66.81836700439453,67.38482534067182,65.44943122713629,65.49663408769328,6719591
2019-12-30,66.67676544189453,67.05440279905764,66.08670557072732,66.79477741612797,1954747
2019-12-31,67.55005645751953,68.30533602214634,66.18112034987314,66.34633520361535,4770817
2020-01-01,67.95130157470703,68.11651643209129,66.81838460375236,67.64446849451349,2890349
2020-01-02,68.65934753417969,68.8717699861976,67.73885344338079,67.95127589539871,3444722
2020-01-03,67.50283813476562,68.89538016156587,67.17240370099492,68.4469337730141,3914475
2020-01-06,65.56745910644531,67.71527621801839,65.07180494061167,67.03080576217558,3722915
2020-01-07,66.44073486328125,67.92768751100685,65.4730377315178,66.13390184012547,5335773
2020-01-08,65.42583465576172,66.3227275541298,64.52894655931301,65.66185859723548,3418026
2020-01-09,67.24322509765625,67.52645192018333,66.01589766222644,66.01589766222644,3309451
2020-01-10,67.14879608154297,68.28171266379151,66.77115882143289,67.50283191325585,4769207
2020-01-13,67.69166564941406,68.16371351363057,66.84197565228901,67.52644601578677,5338915
2020-01-14,67.14879608154297,68.14009448957172,66.86556933693998,67.97487968887303,4207445
2020-01-15,67.21961212158203,67.50283889548088,65.59104616686675,67.03079107103694,6015735
2020-01-16,66.58235931396484,67.73887769846901,65.77987687561992,67.24322833423004,4434098
2020-01-17,66.55875396728516,67.03080186776235,65.77987301072996,66.48794486144575,3268230
2020-01-20,64.76495361328125,66.46432362801276,64.52892973335086,66.46432362801276,4389937
2020-01-21,63.44322967529297,65.14259992652167,63.27801005519761,64.19850427541266,4125210
2020-01-22,64.00968170166016,64.29291327140618,61.224602478295715,63.91527598033017,9429809
2020-01-23,65.56745910644531,65.9922993604058,63.72647026685706,64.10410764879522,5985386
2020-01-24,66.77117919921875,67.26682855449954,65.18981578713655,65.61466083561709,5654259
2020-01-27,68.02210998535156,69.01341359518413,66.3699421042175,66.48795409572708,7087981
2020-01-28,68.42333221435547,69.01339198715618,66.74756341998516,68.06929635067503,6845187
2020-01-29,69.41463470458984,69.81587825432491,68.42333615003311,68.54134811138124,6727885
2020-01-30,69.86309051513672,70.24072788186163,68.75377985002234,69.67426943081443,6855935
2020-01-31,67.8332748413086,70.47674079620685,67.19600738298782,70.33512740610854,9384174
2020-02-03,65.04820251464844,66.51155395002817,64.24572008904275,65.6854700887705,6234290
2020-02-04,67.14879608154297,67.40842139774875,65.28420640747147,65.28420640747147,5918053
2020-02-05,71.25560760498047,72.45932838652283,67.59723760500945,69.57983908150636,29261334
2020-02-06,72.08171081542969,72.43574671845055,70.8543834704725,71.96369884775606,13756842
2020-02-07,73.19102478027344,73.4034472923071,71.42084518319209,72.45935150719704,8511051
2020-02-10,72.62456512451172,73.87549393946206,71.56245738416801,73.63946999716346,15533206
2020-02-11,72.14158630371094,73.97181470188764,71.81112595629986,72.87875832662206,13928954
2020-02-12,72.14158630371094,72.57372198415437,70.43845207182468,71.91280646101752,11201810
2020-02-13,71.5315170288086,72.34495082076788,71.12480013282895,71.96365276109584,3975770
2020-02-14,70.99769592285156,73.13296077359867,70.66723555840063,71.68403031463662,5602587
2020-02-17,70.20967864990234,71.83655135910877,70.00632279355516,71.09937409709647,3362370
2020-02-18,69.62503051757812,70.00632859799018,68.17609470900061,70.00632859799018,4285135
2020-02-19,69.75210571289062,70.54012043840622,69.29454610623802,69.82836219954312,2678910
2020-02-20,71.15021514892578,71.88739239238156,69.26914378787212,69.59960415718578,4946007
2020-02-24,69.24372100830078,71.70944611931624,69.09120283564674,70.33677222205918,4457902
2020-02-25,68.04899597167969,69.65044999274205,67.76937841115557,69.39625127014081,3532991
2020-02-26,65.96456146240234,67.99815102579046,65.73578160218403,67.36265428723168,5176909
2020-02-27,64.21058654785156,66.26959485403596,63.77845085370025,65.96455850189214,5823579
2020-02-28,59.88921356201172,62.837917490822456,59.329978482502845,62.78707981875287,13012942
2020-03-02,59.863792419433594,63.346312457537415,59.02493466080548,61.49066509489334,10295101
2020-03-03,60.88057327270508,61.71943083949965,59.20286331080041,60.85515444346255,9949893
2020-03-04,59.660430908203125,61.33814641175269,58.51653679488421,61.33814641175269,8514579
2020-03-05,60.16881561279297,61.61775095401392,59.660418336227984,59.99087863466904,9690090
2020-03-06,58.618221282958984,59.6350161193388,57.44890825545939,58.71990180093416,8229369
2020-03-09,54.70354080200195,57.70308657826842,53.940944944139375,57.55056844103274,6345865
2020-03-11,53.30546188354492,55.56783120197715,53.0258443659152,54.70355464337899,6898994
2020-03-12,47.33179473876953,50.839738783505695,46.391261639948944,50.839738783505695,19877978
2020-03-13,51.271873474121094,51.65317150740911,42.705379728257874,43.51881346393142,15697114
2020-03-16,48.119815826416016,50.25508076231109,47.71309377035431,48.80615024557004,7699275
2020-03-17,47.28096389770508,50.71264676124819,46.84882812430384,48.22149713237196,8011462
2020-03-18,48.75530242919922,49.72125418213207,46.64545159622732,47.662246181431186,12084857
2020-03-19,45.34904098510742,47.40804905167427,42.40033504218415,46.721714753380276,16222683
2020-03-20,46.5946159362793,48.39942536817252,45.19652332159392,45.62865897018634,16880975
2020-03-23,41.25644302368164,51.17019359531074,40.90056644236407,43.72217060398168,7564993
2020-03-24,41.40896987915039,43.16293938368644,40.163395196319755,41.71400625500505,9947634
2020-03-25,42.654541015625,43.59507671557866,40.49385208219982,41.43438778215347,8968255
2020-03-26,44.61186599731445,45.908278162899386,40.03628999758989,42.959574664080584,17307209
2020-03-27,43.213775634765625,47.07759350519993,42.70537827435662,45.5524014239729,9757751
2020-03-30,43.23918914794922,44.561025225374465,41.00224155457026,42.19697572169021,7357602
2020-03-31,45.12026596069336,45.78118149817488,43.391712858032065,44.230570575552925,9892277
2020-04-01,44.20515060424805,46.36583934113271,43.773009753859945,44.993165462186575,5575117
2020-04-03,43.23918914794922,44.840642704855945,43.03583074597702,44.840642704855945,4684849
2020-04-07,44.23057556152344,44.942334018544194,42.959582010904946,44.738972981770836,8809858
2020-04-08,44.53560256958008,46.59461582547742,43.74758776842284,44.23056625032079,11339715
2020-04-09,45.247371673583984,45.85744962936279,44.255995641904185,45.14569115233982,8691445
2020-04-13,44.68812561035156,45.857438388822985,43.51880766019526,45.247360582585976,6676491
2020-04-15,45.93370056152344,47.50973552013644,44.58645062668169,45.349046685843796,10608553
2020-04-16,46.264156341552734,46.82339132755684,44.815226041288,45.37446102729211,6359607
2020-04-17,48.55195236206055,50.33134328632455,47.026760141262834,47.53515754819541,13222425
2020-04-20,48.043556213378906,49.899208865956304,47.58599646648185,49.263712090647054,8433434
2020-04-21,46.492942810058594,47.204696060092644,45.52698569082256,47.02675904050557,6341829
2020-04-22,45.93370056152344,46.34042259709164,45.24736617695174,46.26416092250122,7073505
2020-04-23,46.69629669189453,47.61141610163297,46.00996230627622,46.26416099305123,5551178
2020-04-24,45.42531204223633,47.48432594062851,45.29821267427071,46.086232893006745,8047227
2020-04-27,45.14569091796875,46.28958513973326,44.916911039278624,45.9337059030693,7293275
2020-04-28,45.2982063293457,45.90828424446428,45.14568814348751,45.70492838721528,5673279
2020-04-29,47.40805435180664,47.94187055145772,45.88286225469758,46.26416027897484,13286783
2020-04-30,48.57736587524414,48.93324505543894,47.408053001762916,48.11981136215251,11517447
2020-05-04,45.78118133544922,47.25553575140134,45.247365140599456,47.25553575140134,16668974
2020-05-05,45.832027435302734,46.95049757201494,45.62866640770828,46.23874431880588,6170067
2020-05-06,46.51836013793945,46.64545948257863,44.99316800226931,45.908282249334285,9487758
2020-05-07,46.56919479370117,47.20469147577507,45.83202277984364,46.06079744804205,7641257
2020-05-08,44.510189056396484,47.1792752697186,44.179733866329826,47.1792752697186,7587482
2020-05-11,45.32362365722656,46.56919296790942,44.76438349591596,45.19652432579484,8354003
2020-05-12,45.47615051269531,46.03538560921032,44.35767514797926,44.9931719266036,9651254
2020-05-13,51.144775390625,52.1107325007771,46.721722232785645,47.535155988513736,36914577
2020-05-14,50.76346969604492,53.28003743278909,49.84835556587019,51.348128675379144,37554103
2020-05-15,49.77210998535156,52.03447438966987,49.46706842728369,50.66180547926561,13868047
2020-05-18,46.03537368774414,50.10255201769057,45.755756211897264,49.822934541843686,14475295
2020-05-19,44.40851974487305,47.255548859972926,44.179745006251174,46.95050725566571,12852354
2020-05-20,44.53560256958008,45.14568037978355,44.07804809069115,44.61186423523735,6223477
2020-05-21,45.12026596069336,45.32362697454248,44.43393158940204,44.73896793849031,6874841
2020-05-22,43.67134094238281,45.39988908699177,43.46797990340009,45.09485270020374,9834129
2020-05-26,42.807064056396484,43.900115412974266,42.527443922205016,43.23919979732719,8257919
2020-05-27,43.84926986694336,44.02720686439605,42.78163495301449,43.213773202205054,8348841
2020-05-28,44.68812561035156,45.22194175142712,43.46796999787754,44.154304297591125,9060133
2020-05-29,45.018592834472656,46.56920401131406,43.90011741830162,44.23057782706338,20170285
2020-06-01,47.71309280395508,48.37401354582592,45.65408441651119,46.00996362251418,11405761
2020-06-02,47.941871643066406,48.882409894043775,47.331793755994575,47.687672954426944,6516937
2020-06-03,47.484317779541016,49.568744987253844,47.2809567570729,48.50111254851032,9981021
2020-06-04,47.53514862060547,48.679042571368704,47.00133247791961,47.78934727633064,7041825
2020-06-05,50.73805618286133,51.85653142439117,47.814771323153,47.814771323153,21607255
2020-06-08,51.52607727050781,53.07669356359921,50.534706423037676,51.57692011633069,14904806
2020-06-09,49.21287155151367,52.186999702327356,48.85699230632833,51.83112045714201,35989633
2020-06-10,51.297298431396484,51.60233479500798,49.61958291647627,50.22966081538492,20118731
2020-06-11,51.75484848022461,53.991798857976015,50.68721612865725,51.34813164018396,20552397
2020-06-12,53.91553497314453,54.39851346346557,48.806142920492476,48.88240458747974,22707197
2020-06-15,53.22921371459961,54.70356320731622,52.72081626779672,53.83929168510033,12621054
2020-06-16,54.62728500366211,56.15247673849669,53.7884274808294,54.09346893080684,26312178
2020-06-17,53.91553497314453,55.796606099208844,53.63591748033288,54.601874460974955,21076945
2020-06-18,54.50019836425781,54.856077552801466,51.932792714676054,52.87332576783354,20889405
2020-06-19,54.195167541503906,55.262805317887015,52.77165567801286,54.50020912262184,21534141
2020-06-22,58.16065979003906,58.923255826595415,54.576454280875886,54.65271595320567,27330507
2020-06-23,57.1947021484375,59.27912922472865,56.88966580565329,59.27912922472865,11929851
2020-06-24,57.3980598449707,58.71989081631771,56.4321028624352,57.3980598449707,9024779
2020-06-25,58.23691177368164,59.68584723376685,57.06759897599382,57.32179763512964,11941113
2020-06-26,57.27096939086914,58.97409861850509,56.991346682484476,58.669062246049215,6951867
2020-06-29,55.77118682861328,57.37263527758016,54.906910353526335,57.27095995131048,9623986
2020-06-30,54.957763671875,56.965934684706006,54.678146101611894,56.355856694876955,7529197
2020-07-01,55.211952209472656,55.796611252547116,54.19515747138524,54.90691585672062,9802978
2020-07-02,55.186527252197266,55.898285558560296,54.75439160513144,55.69492456483231,7372262
2020-07-03,55.05943298339844,55.99997120120939,54.65271613025455,55.46614983654232,6019863
2020-07-06,56.73714065551758,57.14386266185631,55.26279148343766,55.389890817497225,7780063
2020-07-07,55.13570022583008,57.1184470245873,54.906920356673425,56.965928835711495,8480553
2020-07-08,54.77981948852539,56.305011678461135,54.500201954707656,55.51699674799816,9177319
2020-07-09,54.24599838256836,55.313630750925974,53.7884386980235,55.313630750925974,6095787
2020-07-10,53.25462341308594,54.6527161518543,52.924163060702895,54.4493551393593,5997141
2020-07-13,53.12752151489258,53.68675651479634,52.36492551228646,53.508819516195636,5671739
2020-07-14,52.5174446105957,53.280040626737026,52.00904726650148,52.873323785798696,6248661
2020-07-15,51.62775421142578,53.432563921770644,51.37355551499169,52.72081067476664,5131511
2020-07-16,52.41576385498047,52.746224195724146,50.73805366188724,52.1615651841577,5675011
2020-07-17,53.17835998535156,53.330883325531545,52.05988996859977,52.4666068084809,4978575
2020-07-20,53.8138542175293,54.70354952693747,53.203781571283095,53.38171856449074,6323470
2020-07-21,55.05943298339844,55.41531216928136,53.0512623796241,53.890120091227736,10874949
2020-07-22,54.72896957397461,56.05080044086772,54.16972945976244,55.44072266703836,11600611
2020-07-23,54.72896957397461,55.36446617761256,54.27140995068144,54.90690655431939,5279490
2020-07-24,54.118900299072266,54.85607750939682,53.025843900485654,54.65271649562266,7244794
2020-07-27,51.271873474121094,54.22058240223021,51.06851762604549,53.8901220380397,13150342
2020-07-28,50.99225997924805,52.059897659812265,50.73806127030694,51.348139206102786,8090287
2020-07-29,52.13615417480469,53.48340940100444,50.07714566650878,50.83974179340993,17561186
2020-07-30,51.297298431396484,52.82249059282529,51.04309973782502,52.41576854576241,7392393
2020-07-31,50.9160041809082,52.03447437852606,50.66180546841578,51.62775747287539,6337626
2020-08-03,51.06852340698242,52.1869987989087,50.50928312517621,51.1702039283732,6971046
2020-08-04,50.941410064697266,51.67858717781687,50.81431074076922,51.348126866930066,5181270
2020-08-05,51.57691192626953,52.28866510959357,51.14477107798344,51.57691192626953,8988699
2020-08-06,54.24599838256836,54.80523339995848,51.60233112320035,51.98362913642597,22932846
2020-08-07,53.76302719116211,55.262800615229125,52.56829532225513,54.57646099488355,15827627
2020-08-10,54.90692138671875,56.88967339435799,54.39852396647135,56.88967339435799,17257003
2020-08-11,53.76302719116211,55.41531880696615,53.63592783610026,55.364481133615804,9903749
2020-08-12,55.13570022583008,55.66951647273833,53.17836709158527,53.407146960741926,15492859
2020-08-13,56.15249252319336,56.43211005217783,54.474782177600886,55.161116582534184,13282885
2020-08-14,54.90692138671875,56.635474684234296,54.678141513270226,56.15249610066207,10521530
2020-08-17,56.177913665771484,56.6863110745115,54.80523962783627,55.64409742093165,10858701
2020-08-18,56.27959060668945,56.58462696388164,55.61867505164934,56.203328931548626,7830641
2020-08-19,57.753936767578125,58.46569512472717,56.53378623320368,56.53378623320368,21636906
2020-08-20,58.26234436035156,59.22830156179348,56.6608955327225,57.29639233059582,22286415
2020-08-21,57.2963752746582,58.92324762726513,57.11843312121164,58.56736849205664,8055058
2020-08-24,56.533790588378906,57.83020289363535,56.33042956447427,57.448904852578416,5493197
2020-08-25,57.347225189208984,57.93188426282192,56.482948582353856,56.686309609267674,11473681
2020-08-26,57.11845016479492,58.31318724865802,56.762576095081755,57.4489105685985,8864938
2020-08-27,56.30500411987305,57.6014162729462,56.17790478777401,57.220118276649096,6572497
2020-08-28,56.71171951293945,57.77935697856162,55.567825552998876,56.07622286852802,11951886
2020-08-31,53.966392517089844,58.00814819193951,53.635932098990224,57.39807537650391,20359114
2020-09-01,56.63547897338867,57.042195906051134,54.44936576341595,54.62730797699017,16701383
2020-09-02,57.245548248291016,57.67768916453019,55.593256609479845,56.63547547284806,10200937
2020-09-03,57.01677703857422,57.90647259093556,56.559217257256684,56.864253663677445,6357905
2020-09-04,55.89829635620117,56.76257298896645,55.415317781565946,56.432112603246054,13641749
2020-09-07,55.87287521362305,56.68630896871509,54.9577557745374,56.43211027378812,15426411
2020-09-08,54.856082916259766,56.25417580162455,54.50020369292064,55.87287774197961,5276887
2020-09-09,54.118900299072266,55.26279436525972,53.17836207497356,54.65271649562266,10021941
2020-09-10,54.5256233215332,55.18653893351762,53.63592783610026,54.39852396647135,6536955
2020-09-11,54.576454162597656,55.110275524378494,53.813858127694,54.52561649561155,5996483
2020-09-14,54.5256233215332,55.94913506388871,54.29684344808468,55.364481133615804,8792359
2020-09-15,55.31364059448242,55.61868216235896,54.14432751350454,54.75440547757141,6963769
2020-09-16,55.339054107666016,56.30501122213769,54.85608072211589,55.567833968639384,9127097
2020-09-17,55.23738098144531,56.025395937120045,54.95775826699557,55.13570046452595,5989066
2020-09-18,54.90692138671875,55.54241816202799,54.37310512979619,55.491580488677656,8668777
2020-09-21,52.13615417480469,54.779821782399196,51.856536629278125,54.779821782399196,6124519
2020-09-22,51.90736770629883,52.36492739296978,50.53469898965662,52.13614754963431,10199961
2020-09-23,50.83973693847656,52.33951021249872,50.178821392613465,52.11073036193848,8066502
2020-09-24,48.45026779174805,50.48385724929622,48.297749616769025,50.30592024043492,7463959
2020-09-25,50.35676574707031,50.788906677080504,48.88241626385205,49.00951562473395,6961251
2020-09-28,51.90736770629883,52.23782805463733,50.50927498464187,50.81431649965094,6068631
2020-09-29,50.9160041809082,52.339515936528606,50.76348081606391,52.212416580282394,7223074
2020-09-30,50.38217544555664,51.14477147251271,49.89920209916603,51.14477147251271,5585426
2020-10-01,52.0853271484375,52.41578243463139,50.661815121579394,50.81433334379865,5528279
2020-10-05,50.2805061340332,52.771650350741155,50.077145100483776,52.41577112787261,11651841
2020-10-06,50.99225997924805,51.47523856057334,49.924627470369806,50.53470540616564,6533121
2020-10-07,50.40760040283203,51.14477243880221,50.127977716983594,51.093934771385435,6461787
2020-10-08,50.35676574707031,51.75485871677118,50.05172934962825,50.738063829716005,14916115
2020-10-09,49.84836959838867,51.14478207872198,49.59417087002189,50.5347092679908,7660217
2020-10-12,48.70446014404297,50.356751363560036,48.551941988886036,50.077133883824864,7783750
2020-10-13,47.07758712768555,48.95865814071072,46.6708703287926,48.80613998758645,13512169
2020-10-14,48.526527404785156,48.67904557328871,46.74713670497826,46.97591654357619,11244289
2020-10-15,47.509735107421875,49.21286422274805,47.33179292548518,48.50111101005769,7198009
2020-10-16,47.78935241699219,48.22148810953549,47.43347322635835,47.63683424148782,4781086
2020-10-19,48.80615234375,49.00951338052336,47.58599646648185,47.94187569499223,5280513
2020-10-20,49.5433235168457,49.746679356810404,48.24691128971128,48.70446580839589,6025965
2020-10-21,50.509281158447266,50.763479866183154,49.2382876197678,49.51791033562605,7319405
2020-10-22,51.52607727050781,51.80569999331844,49.924628474965694,50.000884986170895,9987778
2020-10-23,51.01767349243164,51.80569354527291,50.687218308300714,51.44981435555192,5853462
2020-10-26,50.22966003417969,51.27187362727638,49.924623675312326,50.839737923600005,8789866
2020-10-27,51.958221435546875,52.136158477835366,49.87378874696792,50.02631212228537,11456062
2020-10-28,51.246463775634766,52.31410156218774,50.94142736329762,51.75486124398766,6461711
2020-10-29,51.01767349243164,51.32271501434339,50.483857293692886,50.585537800996796,7758706
2020-10-30,52.28865432739258,53.610490261028,51.14476053165948,51.34812149735237,16367433
2020-11-02,53.02583694458008,53.30545442307539,51.95820469153081,52.61912014207011,7974297
2020-11-03,53.280052185058594,53.71219312429642,52.69539821552932,53.33089503350876,4952010
2020-11-04,53.17835998535156,53.53423915962951,52.28866463549932,53.381720991134735,4658461
2020-11-05,55.211952209472656,55.8220300866622,53.30546207555875,53.68676010234153,10736899
2020-11-06,54.98316955566406,55.54240451182318,54.34767293653565,55.3136246946,8387701
2020-11-09,55.542415618896484,56.78799027580843,54.652720174200205,56.35584938537307,12516621
2020-11-10,56.88966751098633,57.09302335504319,55.1102767241401,55.92371044373848,12143223
2020-11-11,59.22829055786133,59.431651564073135,56.88966484485162,57.11843951223338,18426701
2020-11-12,60.29591751098633,60.728058317561356,57.55057520311889,58.999505434630755,18960491
2020-11-13,61.79529571533203,62.11658622379098,59.62656571781111,61.045610599242856,16473946
2020-11-14,61.20625686645508,62.116587251839974,60.88496635267867,61.95594199495177,1334951
2020-11-17,61.848854064941406,62.03627265592927,60.001419672249945,61.20626747870985,10417371
2020-11-18,62.27722930908203,62.57174650612283,61.04560847319828,61.313352370010556,9910611
2020-11-19,61.259803771972656,63.18755758725475,60.61721735112418,61.581094258765226,14731539
2020-11-20,60.80464172363281,62.25045994734654,60.18883399036147,61.55432686104404,12541334
2020-11-23,61.875614166259766,62.65207256528222,60.831411867385675,60.831411867385675,8155387
2020-11-24,62.62530517578125,63.00014776040663,61.76852134702839,62.27723589421539,9066191
2020-11-25,62.571746826171875,63.910466317080676,62.00948572944289,62.91981607271359,11048546
2020-11-26,65.27598571777344,65.62404962989221,63.02693515446276,63.10725508159848,21155693
2020-11-27,65.0350112915039,66.1863070921808,63.26790218197158,65.65081915309433,26353414
2020-12-01,64.68692016601562,65.30273326746881,63.723043289741085,65.06176268658439,10557455
2020-12-02,65.11531066894531,65.7578970825544,64.39240435817466,65.03499077178374,7670309
2020-12-03,67.71244049072266,68.11405638278238,65.4366171023842,65.4366171023842,12115450
2020-12-04,68.14081573486328,68.67630348130622,66.96274160323622,68.30146096934355,12172490
2020-12-07,69.82760620117188,70.09535008162536,67.95339903799754,68.1408175754097,7011409
2020-12-08,68.51567077636719,70.55052349551363,68.03372953753016,70.12213430947186,8517454
2020-12-09,72.74601745605469,74.08473699295128,68.67631224279458,68.67631224279458,26954877
2020-12-10,70.65763092041016,71.72860674202376,67.20373280625336,71.72860674202376,23021454
2020-12-11,72.90667724609375,73.52248504146823,69.98826720242731,70.14891247742655,13396730
2020-12-14,74.7005615234375,75.28959603037957,72.82635388664875,72.96022586070508,12616362
2020-12-15,75.9053955078125,76.52120865556438,73.20118321233079,74.6737746595723,13873190
2020-12-16,75.69119262695312,76.84249348879152,75.2895768073253,76.03926184953585,8115225
2020-12-17,73.76345825195312,75.93218315829266,73.36184232680638,75.396695258097,8571951
2020-12-18,73.76345825195312,74.4328181271977,72.21054116247986,73.84378361588833,10625821
2020-12-21,69.58663940429688,73.76344307710492,67.57856019167151,72.85311274459539,7838854
2020-12-22,70.2292251586914,70.57728895046954,67.09661834910767,69.18502288883016,9535773
2020-12-23,70.65763092041016,71.56796145823466,69.07794049407715,70.92537487581356,5673831
2020-12-24,71.70182037353516,72.61214529825494,70.95213525607491,70.95213525607491,5291482
2020-12-28,72.55858612060547,73.17439917802494,71.942773063186,72.29084226038184,4608702
2020-12-29,72.37117004394531,73.41536677630755,71.72858366823266,72.90665778249537,3553030
2020-12-30,71.00567626953125,72.53181968553662,70.33631655565081,72.34439569729213,6159635
2020-12-31,71.70182037353516,72.2908547892084,70.6843913494482,71.00568185849475,6206486
2021-01-01,72.13021850585938,72.55860772029013,71.75537590050833,71.75537590050833,2896781
2021-01-04,73.5760269165039,73.736672169273,71.86246484335165,73.06731241001538,5187391
2021-01-05,74.4863510131836,74.78087366183308,72.6656957563577,72.9869862583671,7813811
2021-01-06,75.53056335449219,76.25347525099205,74.21861697693109,74.72733154544633,9539782
2021-01-07,76.60151672363281,77.45830033802986,75.98570911827463,76.30699956913432,6912098
2021-01-08,77.5118637084961,78.28832215461429,76.78895731395455,77.53863701065247,8456626
2021-01-11,76.06604766845703,77.9938071883359,75.39668785890133,77.53863924947957,6668233
2021-01-12,77.32444763183594,77.53863950323628,75.53056006799744,75.61088542431264,7775655
2021-01-13,76.76217651367188,78.18122140994976,75.1289397586017,77.99380285259853,7355049
2021-01-14,76.86927795410156,77.96702693110147,76.03927289574864,76.94960330860124,4735299
2021-01-15,77.85992431640625,79.19864374793137,76.762170024745,76.84249536954184,12191305
2021-01-18,75.45024108886719,77.9134830475472,74.62023055426069,77.64573911954876,8744059
2021-01-19,78.98445129394531,79.25219519663666,75.34313530679582,75.45023395732508,9159091
2021-01-20,78.18121337890625,78.93089842582845,77.1102378531678,78.90411967987441,5585629
2021-01-21,76.30702209472656,79.46640273229116,75.87863288470027,78.28832831927058,6535347
2021-01-22,75.0218505859375,77.11025551846848,74.325717424182,76.46766896636169,5484174
2021-01-25,73.79022216796875,76.49443463040261,73.36183299177613,76.09281875636003,4522517
2021-01-27,73.12085723876953,74.56667537315963,71.7821377527164,73.57602513238571,8409242
2021-01-28,74.00440979003906,74.40602561149666,70.76470991973376,70.76470991973376,9887235
2021-01-29,70.95216369628906,74.27219055870067,70.28280366141841,73.97767323281077,8087543
2021-02-01,73.87055206298828,74.37926662416899,70.41665424443573,71.80892051446945,11068062
2021-02-02,76.94960021972656,77.35121608157559,74.48635299869427,74.48635299869427,7647873
2021-02-03,79.46640014648438,80.1089812169823,76.17314764749375,77.35122202218022,9399401
2021-02-04,81.50125122070312,81.8760938022182,78.50251601584665,79.49317179894105,12474962
2021-02-05,79.03801727294922,83.00063018318127,78.47575602890323,82.73288621484843,9483531
2021-02-08,79.84122467041016,80.05542195823384,78.55605728525803,79.19864370146576,4491135
2021-02-09,78.4757308959961,80.48381001537811,77.96701642963335,79.06477070603943,8336106
2021-02-10,78.609619140625,79.600274980003,77.85993938226626,78.28832859379473,5329331
2021-02-11,78.20800018310547,79.22542928715909,77.91348295212073,78.5560694679828,2171102
2021-02-12,78.87735748291016,79.57349058316592,77.75283520151729,78.6631656159736,6075838
2021-02-15,81.79576110839844,82.41157425473206,79.25219406902107,79.35929271802651,10226555
2021-02-16,82.30448913574219,83.6967554598966,81.66190258333843,82.43836110719029,7058930
2021-02-17,81.23351287841797,83.13449377216104,80.93899563244614,82.17061667295118,6647854
2021-02-18,82.54544067382812,84.07157861630157,81.2870411650351,81.39413980686521,8863614
2021-02-19,78.02058410644531,82.54545771816026,76.84250969758693,82.43835905421598,10137479
2021-02-22,74.7005615234375,77.96703551150635,73.92410298445782,77.83316353745002,13106886
2021-02-23,74.7808837890625,76.25347544268176,74.21861716350548,74.96830236607194,9144262
2021-02-24,74.03118133544922,75.8518418618447,70.30954038862681,74.78086636332102,5897313
2021-02-25,76.86927795410156,77.37799248898365,73.46893236619022,75.23604113980764,19742653
2021-02-26,72.55858612060547,76.22667482676418,71.96955180701858,76.22667482676418,13511854
2021-03-01,74.4060287475586,74.9147432322988,72.9869839396933,73.1208558858216,6590665
2021-03-02,74.96829986572266,76.1999208454924,74.11152147473435,74.7541025443435,10524489
2021-03-03,78.31509399414062,78.6363845085444,75.07539375939133,76.46765991815941,18320162
2021-03-04,78.04735565185547,80.72479495380591,77.16379850330614,77.51186779146538,20051770
2021-03-05,76.60151672363281,78.71669429237014,75.98570911827463,78.15443327973432,11641462
2021-03-08,78.42220306396484,79.0112375676945,76.9496113573762,77.35122727735492,4682339
2021-03-09,79.03801727294922,80.48383579139956,77.91349478485726,78.82382536664193,12257342
2021-03-10,80.96575927734375,81.28704978966002,79.51994107739293,79.51994107739293,14928127
2021-03-12,80.88544464111328,82.70610564480508,80.02866619659038,81.04608991855326,12750971
2021-03-15,81.76898956298828,82.11705337064708,80.0018808818931,81.26027505474144,10226166
2021-03-16,82.73287200927734,83.24158655121438,81.92964024219698,82.33125612573717,8816213
2021-03-17,80.93898010253906,82.73286198611584,80.59091086673419,82.5186646952723,7425175
2021-03-18,78.22533416748047,82.21275055796336,77.42231191124898,81.71432139654438,11527619
2021-03-19,79.2775650024414,79.9975137993892,76.17623887414102,77.58844721308141,18132675
2021-03-22,77.09002685546875,79.0560429078896,76.8408122835004,78.08687950971932,6616306
2021-03-23,77.28387451171875,78.14227544332134,76.67468820764572,77.14542256682724,8543250
2021-03-24,74.87480163574219,77.56076670824508,74.73634971172403,76.70236590605718,5751695
2021-03-25,72.41035461425781,75.04094111076049,71.46888042562698,74.90248918989192,7541933
2021-03-26,72.71493530273438,73.98869163060061,72.35496375008854,73.07491248900232,4180362
2021-03-30,71.19197082519531,73.71179445445084,70.77661509618761,73.10260830535526,6930230
2021-03-31,72.63186645507812,73.24105254033913,71.27503675577276,71.44117790324194,6047163
2021-04-01,73.5179672241211,73.71179765261877,72.60418232720829,73.21337413635779,4777317
2021-04-05,72.10574340820312,73.57333002070231,70.99812831939393,73.57333002070231,6240833
2021-04-06,73.0472412109375,73.9887098369252,71.93962576048278,72.63188541701699,5397027
2021-04-07,74.15484619140625,74.34867661441935,72.6595644176878,73.13029866421829,4770471
2021-04-08,73.2410659790039,75.04094094635184,72.8810887320851,74.68096369943302,4603399
2021-04-09,73.15797424316406,73.98868555841705,72.54878819876053,73.10259574226252,2847083
2021-04-12,69.25365447998047,72.24421843096052,67.64761546703625,72.24421843096052,12192874
2021-04-13,72.54878997802734,72.96414564584047,69.47515916293452,69.58592180107571,9417731
2021-04-15,70.94275665283203,73.15798721977289,70.05666667950474,72.41034915687942,8427582
2021-04-16,70.3889389038086,71.44117552546182,70.16741925909655,70.88736796324893,3341110
2021-04-19,69.5305404663086,69.77975500376071,68.72751834946155,69.22594742436578,6921966
2021-04-20,69.5582275390625,70.88736794141272,69.19825600390811,70.33356037937044,4404886
2021-04-22,69.41979217529297,69.66900676426678,68.69984329996443,69.14288832834944,4143543
2021-04-23,69.97360229492188,70.44434223121871,69.22596413570561,69.22596413570561,3347490
2021-04-26,71.05352783203125,71.27505316875028,69.8074604886392,69.8074604886392,3400381
2021-04-27,70.94275665283203,71.30273387340898,70.05666667950474,70.88737814210756,3374749
2021-04-28,71.19197082519531,71.82885186312284,70.91506700585684,71.38580687890581,2983185
2021-04-29,70.8042984008789,73.62872050093544,70.55508949131635,71.77346168711335,7664217
2021-04-30,70.94275665283203,72.54880106731322,69.8351413693616,69.91821476907094,5363241
2021-05-03,70.52739715576172,71.52425536455657,69.83513764055549,70.6104705510354,3549053
2021-05-04,71.55195617675781,73.35183120704114,70.88738580808239,70.88738580808239,5822227
2021-05-05,72.02269744873047,72.49343742090119,71.33043775461806,71.99500818769073,2473310
2021-05-06,72.32727813720703,72.65956611335619,71.80116536714418,72.07806919712372,3265194
2021-05-07,72.65956115722656,73.3241314305715,72.10575353504287,72.9918434770878,3224213
2021-05-10,75.04092407226562,75.48396899172438,72.93645647962018,73.10259762021448,6290865
2021-05-11,78.30840301513672,78.9175891693104,74.32098685669966,74.73634258916972,13385611
2021-05-12,77.3115463256836,80.2467314018469,76.75773867110529,78.72376035175654,7197162
2021-05-14,76.9792709350586,78.52993138112647,76.3423898213552,77.64384130726577,5703522
2021-05-17,78.3914566040039,78.6406711251389,76.86848586038326,77.50536678843692,4477087
2021-05-18,78.77913665771484,79.9421304463129,78.16995050818684,79.13911387655943,4300410
2021-05-19,78.52991485595703,80.10826986201636,78.0868699122573,78.69605600564167,4196443
2021-05-20,78.0038070678711,78.88990270870589,77.25616897638747,78.88990270870589,3467543
2021-05-21,79.85906219482422,80.66208439331535,78.00380323505196,78.55761087075307,6560429
2021-05-24,80.0805892944336,80.93899571626444,79.11142584209061,79.96983226392146,4465123
2021-05-25,79.24987030029297,80.66208427617805,79.0560398815281,80.30210706004605,4073778
2021-05-26,78.30840301513672,79.6375379788673,78.1976403597535,79.4713968126038,2903771
2021-05-27,79.11143493652344,79.47141222793923,77.53308510042851,78.6407006018632,6979478
2021-05-28,80.93898010253906,81.60354469190493,78.75143903394735,78.8068175385205,7638201
2021-05-31,80.80055236816406,81.96354638093048,79.91445659468248,81.96354638093048,9579194
2021-06-01,80.55130767822266,81.68661200650398,79.58214448492515,80.8005221975092,3494014
2021-06-02,82.12966918945312,82.32350523726424,80.52363046634329,80.74515013489855,4559409
2021-06-03,82.0466079711914,82.79424606684081,81.57586807491857,82.26812765741724,2979169
2021-06-04,83.4311294555664,84.53874481835588,81.74201152041401,81.74201152041401,6386461
2021-06-07,85.06484985351562,85.39713781223199,83.51418961370693,83.98492948014946,4852483
2021-06-08,85.6463623046875,86.7816669529712,84.8710292780618,85.72943007878249,9926473
2021-06-09,90.79676055908203,92.92891764576466,84.59411407924742,85.64635081224186,32299617
2021-06-10,90.4367904663086,91.35057536598252,88.83075161978425,91.35057536598252,11713290
2021-06-11,89.38455200195312,91.156731876686,89.07995330446238,90.9352122091556,6754807
2021-06-14,87.7231216430664,89.27378171767364,85.5078913554498,89.19070832843924,7924445
2021-06-15,86.61552429199219,88.11080053639847,86.39399896427557,87.88928084230496,7790191
2021-06-16,86.42168426513672,88.581536393807,86.0617126661069,86.92011341286766,8444833
2021-06-17,83.23729705810547,86.03402484577464,82.65580009371854,85.56329054927649,6013909
2021-06-18,81.43742370605469,84.23415155182599,80.30211901226119,83.62496531621683,7562706
2021-06-21,81.79737854003906,82.43425386010502,80.21902359840387,80.30209698666641,2608525
2021-06-22,80.30210876464844,82.51733935125944,80.19134610859335,82.18505701671687,3751027
2021-06-23,80.27442169189453,81.07744392810166,79.83137668924942,80.82822935360664,4077458
2021-06-24,78.28070068359375,80.57900443820091,77.80996648499813,80.38517403492557,9371995
2021-06-25,79.38832092285156,80.08058045525739,78.5853043721588,79.05603860074577,4993877
2021-06-28,78.94527435302734,80.35748264386419,78.80682244934485,79.66522312545177,3869739
2021-06-29,79.19448852539062,80.02519994348913,78.77913281634137,79.05603662237421,4610966
2021-06-30,82.26811218261719,83.59725258444976,78.66836303074429,79.33293323166058,27242699
2021-07-01,80.60669708251953,83.07114209128548,79.88674831111953,83.07114209128548,12489001
2021-07-02,79.99751281738281,81.13281732558977,79.91443941991443,80.60669895340922,3857093
2021-07-05,80.77283477783203,81.02204932014834,80.0805752900768,80.24672207403576,2480899
2021-07-06,80.05290985107422,81.35436145537737,79.85907939029178,80.60671760602267,2660337
2021-07-07,79.74830627441406,80.30211395687526,79.05604667133754,79.99752085824622,3463845
2021-07-08,79.44371032714844,81.6589409775611,79.19449575225245,79.85906607410081,5846198
2021-07-09,80.49594116210938,80.66208796707897,79.19449541399977,79.52677775669329,3435153
2021-07-12,81.49279022216797,82.07428707279422,80.60669468603167,81.04973963728871,5852854
2021-07-13,82.32350158691406,82.51733199250799,81.49279019101634,81.71430984974907,3294939
2021-07-14,81.93583679199219,82.489644400409,81.35433992987899,82.46195514671263,3504709
2021-07-15,83.48650360107422,84.7325708190007,81.96353255694186,81.96353255694186,8312401
2021-07-16,83.98493957519531,84.56643653081707,83.26498506158212,83.87417690897611,3110625
2021-07-19,83.84648895263672,85.56329058800827,83.29268124656548,83.48651169024109,5061299
2021-07-20,83.84648895263672,84.95410436477923,82.5450374631953,84.40029665870797,3731926
2021-07-22,84.53873443603516,85.56327626734078,84.17875723388866,84.64949145181343,3992983
2021-07-23,84.67717742919922,85.72940840372809,84.48334140473895,84.84331856900675,3626146
2021-07-26,83.48650360107422,85.09254804651746,83.23728903076437,84.59411890589776,3089465
2021-07-27,80.38518524169922,83.70803124879188,80.30211183807273,83.56957933182969,3147193
2021-07-28,80.4405517578125,81.79738146840364,79.33293658730906,80.41286250527433,8597631
2021-07-29,83.84648895263672,84.17877132283014,80.05290278587466,80.99437701292045,8150298
2021-07-30,83.68032836914062,84.81563848673548,82.79423843863098,83.40342456165357,4935599
2021-08-02,86.75396728515625,87.05856035420217,83.81878234628856,84.40028486329378,8128066
2021-08-03,86.11709594726562,87.39085250979315,85.59097751411075,87.11394866430355,3467566
2021-08-04,85.50789642333984,86.94779394218185,84.92639393147839,86.28322368978466,2590577
2021-08-05,85.89556121826172,87.22470178461921,84.42797437793213,85.9509453614731,9024491
2021-08-06,86.64320373535156,88.88612348152537,85.61865625274307,85.70172964963272,9855658
2021-08-09,84.92639923095703,87.11394053285863,84.34490233643196,86.64320629291515,4103937
2021-08-10,82.18505859375,85.28637922106694,81.68662944874919,85.28637922106694,3714406
2021-08-11,82.32350158691406,82.93268769045686,80.71745730139624,82.18504968759778,5826506
2021-08-12,83.62494659423828,83.95722889679301,82.0742864596126,82.3788795092248,5839975
2021-08-13,82.41827392578125,84.74742735874112,82.1657199348203,83.59688395697731,4478833
2021-08-16,85.2244873046875,85.44898610359886,81.96928897592252,82.47440841885228,6124230
2021-08-17,82.83922576904297,85.4490004812308,82.36217287763954,85.22450164454531,3796070
2021-08-18,83.09178161621094,84.13008155038456,82.6989115251518,82.89534942530253,4720377
2021-08-20,80.79070281982422,83.62497082333012,80.25752233380004,83.11985126620344,10165571
2021-08-23,78.88246154785156,81.60448520850889,78.62990182748766,81.37998641057618,4154245
2021-08-24,81.04325103759766,81.26774414599672,78.15285587936765,78.7702190640177,5507139
2021-08-25,81.52029418945312,81.88510329740542,80.48200012719109,80.84680352590196,3448527
2021-08-26,80.87488555908203,81.96930745938599,80.5381429940237,81.38000511591244,3077809
2021-08-27,82.10961151123047,82.55860346659635,80.95906784146713,81.37999887010561,3732019
2021-08-30,84.10200500488281,84.55100260418045,82.69890178018179,82.72696841206913,4734422
2021-08-31,85.14030456542969,85.36479765517431,83.76526226743255,83.98976106641881,5838105
2021-09-01,85.64542388916016,86.43116402765381,84.77550097748347,85.56124111597713,3974318
2021-09-02,85.84186553955078,86.40310688899636,85.1403138527438,85.33674604135285,2280681
2021-09-03,86.57147979736328,87.44140276368928,85.72961775719443,86.0102384372507,3434655
2021-09-06,85.7296142578125,87.10465667580914,85.5612429984999,86.57147626361753,2725558
2021-09-07,84.66325378417969,85.72961461298073,83.96170210976904,85.30868360833433,3020761
2021-09-08,88.4235610961914,88.8164311277041,84.41068943444981,84.57906067388626,8887327
2021-09-09,88.28325653076172,89.65829887602963,87.66589337618845,87.66589337618845,6018682
2021-09-13,88.70418548583984,89.0409336882062,86.48728122991767,88.25519359192639,5911625
2021-09-14,88.36743927001953,89.5179827338413,87.97456923843025,89.37767241607666,3988073
2021-09-15,90.5282211303711,92.24000596453186,87.72201461232338,87.83426401489365,12412889
2021-09-16,88.66194152832031,90.50551999100625,88.29322929803234,90.30698308011391,3948801
2021-09-17,89.08739471435547,89.51283595536998,86.44966248231519,88.8037672203458,9419281
2021-09-20,85.82567596435547,88.69031241402718,85.6555006271265,87.92452051128879,2638633
2021-09-21,86.16602325439453,86.93181507577025,84.86133234328723,85.88239579900866,1850957
2021-09-22,86.5631103515625,87.58417396388181,86.05258431581909,86.25112125687215,1816095
2021-09-23,88.15142822265625,88.6619542541198,86.59147699186573,87.04527983219428,3532363
2021-09-24,86.5631103515625,89.20084839936032,86.05258431581909,88.26487534487303,4412819
2021-09-27,85.99584197998047,88.06632470801293,85.59876815962605,87.1303517990853,4286771
2021-09-28,90.36371612548828,91.89530570803879,86.05258063500594,86.47802186513574,14143965
2021-09-29,92.09384155273438,94.16432448974145,88.94557764104609,90.53389039401878,12576163
2021-09-30,89.54119110107422,93.00144974100098,89.05902670415432,92.0938383632952,11558010
2021-10-01,88.54850769042969,89.71138511584122,87.07364692366772,89.56957135863655,7635189
2021-10-04,90.10844421386719,90.59061437138712,88.77539742334423,88.83212060873923,3260442
2021-10-05,91.69676208496094,92.74618140121208,90.10844365869946,90.39207112475822,8279009
2021-10-06,89.22918701171875,92.60435453316673,88.49175685864631,92.60435453316673,6735775
2021-10-07,89.71137237548828,90.81751490826272,89.37101594428283,89.79645715547784,3415690
2021-10-08,89.4844741821289,90.33535666246611,88.66195329705306,90.13681972522055,3286333
2021-10-11,90.3069839477539,92.20728561169074,90.02335648923108,90.93096204833797,5005618
2021-10-12,90.56226348876953,90.95933737432452,89.05903542345553,90.27863598742094,5129422
2021-10-13,90.76080322265625,92.32075452804565,90.50553730950924,91.18624448776245,6888073
2021-10-14,93.45526123046875,95.78100442181619,90.59062463515069,91.32805498091332,28658122
2021-10-18,93.6537857055664,95.4122794333673,92.91635545796656,95.27046570227444,10446510
2021-10-19,89.28593444824219,94.36286180556685,88.71867947911845,94.16432487453991,9119558
2021-10-20,87.13035583496094,89.90990732868266,86.33620238705159,88.26486570661623,6240486
2021-10-21,87.69762420654297,88.77541105790458,86.90347063696497,87.98125171791007,8089525
2021-10-22,85.62713623046875,88.49177258639386,84.71952484425627,88.20814511015541,7939197
2021-10-25,84.26571655273438,86.25110875720331,83.44319577108558,86.02421025322754,6899531
2021-10-26,86.0525894165039,87.04528572144284,83.95374464626398,84.63445183801971,9404410
2021-10-27,88.57687377929688,89.90992076960711,86.13767257426143,86.19440153857416,8728597
2021-10-28,85.1166000366211,88.86048599043085,84.43589297498154,88.49176798233825,6381133
2021-10-29,84.32245635986328,86.25111985876912,83.18794638271297,85.2584236287626,9355967
2021-11-01,85.20169067382812,86.19438679007015,83.44319694852152,85.54204131980205,9074795
2021-11-02,85.76896667480469,86.87511520167516,85.48533914332083,85.68387610719277,5231263
2021-11-03,86.67656707763672,88.26488000109802,85.65550918186992,86.50639172341168,5571269
2021-11-04,86.96017456054688,87.32889255178216,86.70490870280054,87.30053096101373,595251
2021-11-08,87.75434875488281,88.29324215344413,87.01691841652236,87.13036479902689,4271967
2021-11-09,86.64820098876953,88.09470008032532,86.27948293171465,87.78271098534917,4084763
2021-11-10,87.32889556884766,87.78269834806636,85.93911986902782,86.279470510838,4604093
2021-11-11,86.37747192382812,87.47304969655886,84.82060040782534,87.24239989208876,5676507
2021-11-12,83.98451232910156,87.0117603717372,83.49438293613089,87.0117603717372,8843363
2021-11-15,81.93753051757812,84.12868668712045,81.76454604779053,84.12868668712045,6113538
2021-11-16,80.72662353515625,82.28349530503951,80.38065463770181,82.16817038399832,7735005
2021-11-17,79.80403137207031,82.02401104711305,79.63104106748511,80.72661895673693,5783695
2021-11-18,78.56430053710938,80.38065184992296,78.47780538291103,80.03467709879854,4693974
2021-11-22,76.9209213256836,78.96791612239213,76.37313249864869,78.8525912326478,10634843
2021-11-23,77.87236785888672,78.7949614593788,76.20017685631257,76.63264095682361,8809554
2021-11-24,77.64170837402344,78.88143502884935,77.26690388205945,78.47780077573474,7746349
2021-11-25,77.09392547607422,77.7282037336453,75.911858251145,77.61287881435901,6366957
2021-11-26,74.98926544189453,76.63263235885718,74.61446678290486,76.40198251819498,10451838
2021-11-29,74.32615661621094,75.53705360250252,72.74045510928818,74.72978503452877,6847174
2021-11-30,77.58405303955078,81.53389506773642,73.72070617169386,74.96043885283542,148766733
2021-12-01,77.52638244628906,78.73727932407243,76.86326862018433,78.30481531548287,5770227
2021-12-02,77.55521392822266,78.67962154864288,77.00742499871858,77.61287345104681,8193455
2021-12-03,76.43081665039062,77.98768849967325,76.17133703123194,77.20925550786666,16718095
2021-12-06,76.57496643066406,77.69937413111268,75.96951793524374,76.45964151113898,9322681
2021-12-07,77.58405303955078,78.10301227018431,76.40198575385148,76.83444982415631,12173799
2021-12-08,78.50663757324219,78.70845176997464,77.58404414298413,77.8723534901269,10525678
2021-12-09,78.85261535644531,79.34273895572038,77.87236229222583,78.70846066657978,10422967
2021-12-10,78.56430053710938,78.96793481392005,77.3822333351894,77.93002229188468,12160343
2021-12-13,78.93910217285156,79.97701465704324,78.24715856150085,78.56429767254988,10149927
2021-12-14,78.91027069091797,79.45805965641806,77.90118791550638,78.21833290888526,8731150
2021-12-15,77.87236785888672,79.28508509369006,77.55522869164591,79.1121006266196,5701374
2021-12-16,77.1515884399414,78.39132111257769,76.60379944817957,77.87236188550452,9325779
2021-12-17,75.71002960205078,77.61287002494231,74.78744208357865,77.58404026480288,15167111
2021-12-20,72.91343688964844,74.90277260783539,72.16383374145781,74.70095254038522,9841995
2021-12-21,73.34590148925781,74.64329359390624,72.97109697942517,73.43239077683305,4785247
2021-12-22,74.4991455078125,74.72978949409098,72.99993320149008,73.5188924355381,6478953
2021-12-23,76.43081665039062,76.8344509617853,74.64330081293207,75.01809949334398,5549313
2021-12-24,75.76769256591797,76.92092985997658,75.59470227927461,76.92092985997658,4010054
2021-12-27,75.88301086425781,76.37314022886346,74.61445454567414,75.39288736532032,3032223
2021-12-28,76.22900390625,76.48848353044217,75.71004465786565,76.11367897709019,3245167
2021-12-29,76.0848388671875,76.9785966817444,75.85418904022562,76.57496241739551,3249737
2021-12-30,75.56587982177734,76.45963763790046,75.07575627071044,76.2001639141996,3531202
2021-12-31,77.1515884399414,77.55522274259062,75.59471662439122,75.59471662439122,3185170
2022-01-03,78.0165023803711,78.33364146558502,76.86326507728899,77.49754911338509,5494089
2022-01-04,78.53548431396484,79.19859243635403,78.04535479845637,78.30483444011733,4885165
2022-01-05,78.67962646484375,79.11209051005285,78.39131710137102,78.88144067300705,2491817
2022-01-06,78.91027069091797,79.05442537311963,77.69937370669169,78.93910631989353,3340823
2022-01-07,78.65079498291016,79.68870749559717,78.01651087772944,78.99676386524953,4452871
2022-01-10,80.7842788696289,81.01492869973912,78.79494901402092,78.79494901402092,6685729
2022-01-11,79.5733871459961,81.18791846567956,79.25624800804083,81.15908870144168,4069530
2022-01-12,80.23649597167969,80.5248053271429,79.34273227720864,80.00584614104157,2879038
2022-01-13,80.75545501708984,81.59155338034026,79.97702204842143,80.15000650082894,4413423
2022-01-14,80.26533508300781,81.01493832138853,80.06351499127523,80.75545869811495,2828831
2022-01-17,80.61129760742188,80.98610212970782,80.09234426772102,80.26532871428797,2211889
2022-01-18,78.65079498291016,81.41856363863184,78.42014515090464,80.7266200082842,3664375
2022-01-19,79.48687744140625,79.8616819049168,78.0741664612545,78.91025879949349,3162527
2022-01-20,79.60221099853516,80.43830929335613,79.02559229392328,79.51572171224466,2926350
2022-01-21,76.63263702392578,79.57339041020921,76.20017294560944,79.40040595201656,3844671
2022-01-24,74.52796173095703,77.09391593854144,73.9225133116922,77.09391593854144,5594007
2022-01-25,75.85419464111328,76.11367424918753,73.72070411402494,74.67212738840746,6732153
2022-01-27,77.49755096435547,77.7281949110797,75.30639534363077,75.82535448867996,6043766
2022-01-28,77.95884704589844,79.54454842274832,77.72819722663466,78.24715638714387,4826314
2022-01-31,79.94818115234375,80.35180952987213,77.55521131927351,79.0544175189549,10509363
2022-02-01,80.4671401977539,80.81311494483371,79.11208856894739,80.40948067274171,9770014
2022-02-02,81.90869140625,82.19700077822952,80.52480994014978,80.72662415426777,5238479
2022-02-03,81.07259368896484,82.62946548297441,80.69779502185926,82.39882150298696,5476739
2022-02-04,81.07259368896484,81.9086920473838,79.22741838638825,81.59155290885778,28956586
2022-02-07,79.11209869384766,81.47623337261571,78.67963460390206,81.3032489097714,10684595
2022-02-08,78.0165023803711,79.34272410578187,76.92093046184404,79.1120801645664,8497857
2022-02-09,79.77519226074219,79.94818255777362,77.95884693292916,78.42014070511968,5328593
2022-02-10,81.21673583984375,81.41855589005866,79.77518919117298,80.00583900122763,6287827
2022-02-11,80.12117767333984,81.3032449552288,79.9481932189094,80.87078088631802,5977837
2022-02-14,77.12274169921875,79.40038645898349,76.74793724375908,79.25623180160177,8892293
2022-02-15,78.11886596679688,78.36034254024686,75.94553995878373,78.36034254024686,9860857
2022-02-16,78.4810791015625,79.99033062274638,78.23959640170901,78.4810791015625,5442447
2022-02-17,76.57942962646484,78.9942323724776,76.36813684265312,78.9942323724776,5808171
2022-02-18,76.21719360351562,76.94163548382055,75.4927517232107,75.97571092969416,6130407
2022-02-21,75.7644271850586,76.94164461258039,75.07016902132105,76.06627749256879,3556129
2022-02-22,74.70795440673828,75.28147124455747,73.40999557068227,74.88906337100737,5583067
2022-02-23,75.43238830566406,76.3681229715499,74.97961287302641,75.1607218178495,3587586
2022-02-24,70.63297271728516,74.1646188966853,70.39149001221493,74.10425129099788,8936817
2022-02-25,72.776123046875,74.22500728069554,71.96112950357688,72.11205468871813,5895191
2022-02-28,73.9835205078125,74.43629603863285,71.17631590142305,71.23668351573463,7189902
2022-03-02,73.77222442626953,74.85888442354036,73.04778238103535,73.65148306187035,4452767
2022-03-03,74.10425567626953,75.2814731861206,73.7722215430194,74.10425567626953,3089573
2022-03-04,74.58721160888672,75.46257875062605,73.4703678998416,73.59110925407468,3459053
2022-03-07,72.86666870117188,73.89296102057214,71.93093393451535,73.6514783073625,5249878
2022-03-08,74.3155517578125,74.82870102400487,72.53463965260869,72.86667380063851,5603921
2022-03-09,74.8890609741211,75.40221018781365,74.16461899907063,74.73813581853392,4744151
2022-03-10,74.79850769042969,76.12664411337505,74.28535848960067,75.61350105370617,5451014
2022-03-11,75.88516998291016,76.06627894263674,74.25517706305016,74.25517706305016,4285499
2022-03-14,74.70795440673828,76.18702220706338,73.8325872480838,76.06628085049715,4368282
2022-03-15,73.68165588378906,75.28146490597904,73.28925418443906,74.67776431513904,5331370
2022-03-16,74.49665832519531,74.70795108391806,73.98350911790257,74.22499182029448,5318215
2022-03-17,75.91535186767578,76.63979382943633,74.8588757979467,74.88905960027834,6844035
2022-03-21,75.22109985351562,76.33794976031045,75.10036463432543,76.06628323481114,3176026
2022-03-22,75.82479858398438,76.00591369048075,74.61739729353137,75.3720231000645,2676033
2022-03-23,76.24739074707031,76.60961482119802,75.67387390223853,76.03609797636624,3128263
2022-03-24,75.52294158935547,76.60960756769093,75.34183264001956,75.94553323191259,3695230
2022-03-25,75.00980377197266,76.06627988143707,74.85887861347774,76.06627988143707,2973326
2022-03-28,74.28535461425781,75.28146302066168,73.59110263687437,75.00979653335519,4240135
2022-03-29,74.10425567626953,75.13054802181048,73.7420377383895,74.52684736457,3056973
2022-03-30,74.5268325805664,74.79849905066585,74.1042409760961,74.79849905066585,5702629
2022-03-31,74.28535461425781,74.82868758887079,74.01368812695132,74.82868758887079,6672771
2022-04-01,76.57942962646484,76.79072855143754,74.19481682770602,74.31555205207789,9326033
2022-04-04,79.2658920288086,79.44700099080585,76.73034813736577,76.73034813736577,8676633
2022-04-05,79.92996215820312,80.26199626105839,78.72256095424936,79.83940461144255,4920641
2022-04-06,80.59403991699219,81.3788495643562,79.44700618081036,79.6583051012443,7099523
2022-04-07,80.3223648071289,81.98254148204242,79.7488480002904,80.5940313094377,5871309
2022-04-08,80.775146484375,81.04681300760468,80.05070446948271,80.29218718816702,3423786
2022-04-11,80.83551788330078,81.25810341696528,80.26200104897836,80.83551788330078,2657746
2022-04-12,78.96404266357422,80.74496078386157,78.42071577103331,80.74496078386157,4456422
2022-04-13,78.7829360961914,79.5979295303774,78.54145337583077,79.08478642606188,3122287
2022-04-18,78.96404266357422,79.29607678809818,77.72645757698825,78.99422646741085,3012578
2022-04-19,78.14904022216797,80.17143468057223,77.27367316511247,79.44699276641734,3609411
2022-04-20,77.60569763183594,78.6319897045805,77.18310605586359,78.36032325280121,3108583
2022-04-21,78.4810791015625,78.69237185806418,77.8471946908973,78.05848744739897,2994037
2022-04-22,77.57553100585938,78.54144955802849,77.39442204497271,77.9981226753685,2006563
2022-04-25,76.06627655029297,77.48497052155263,75.76442624652196,77.27367776537699,3879475
2022-04-26,77.39441680908203,77.87737605249342,76.3983083798536,76.73034247587643,3406898
2022-04-27,76.70015716552734,77.3944152863189,76.42849067734109,77.24349014189985,2476378
2022-04-28,76.97183227539062,77.39442395533077,76.27757407683465,77.21331498997371,2480205
2022-04-29,76.66999053955078,78.29998369263961,76.42850779792235,77.84720815795724,3700807
2022-05-02,76.36813354492188,76.63980007034938,75.55314010980003,76.03609940991522,2118795
2022-05-04,74.5268325805664,77.06237606622888,74.25516611046696,76.911450931858,3894841
2022-05-05,74.436279296875,76.30775475470818,74.28535415388005,74.88905472585984,2863121
2022-05-06,73.9835205078125,74.28537086169273,72.65537772250725,74.07407807044103,3720034
2022-05-09,73.62128448486328,74.43627778400788,72.14221688534191,73.95331856447183,4999449
2022-05-10,72.6553726196289,74.91925011472944,72.53463739948548,73.65148117393744,3026913
2022-05-11,71.5988998413086,73.37981811657647,70.27076322763455,73.04778396315795,6323694
2022-05-12,69.9688949584961,71.59888150161242,69.15389554577847,71.26684743324277,6555770
2022-05-13,68.8218765258789,71.41778818414919,68.52002619023908,70.66316234504964,8043958
2022-05-16,69.75761413574219,70.30094721814842,68.36910376434531,69.57650515532713,4935810
2022-05-17,71.71964263916016,71.90075162271427,69.66706392361161,70.33113224369707,4148009
2022-05-18,71.26685333251953,72.47425451101596,70.934819236665,72.17240421639185,4295745
2022-05-19,70.15001678466797,70.57260846805934,69.54631613444047,70.39149336006263,3615695
2022-05-20,71.08575439453125,71.38760473166302,70.51223752574873,70.8140878628805,2532203
2022-05-23,71.84037017822266,72.56481211413421,71.17630198598039,71.810186376968,3728799
2022-05-24,71.29705047607422,72.32334289808557,70.90464870432592,72.20260152940875,2890658
2022-05-25,70.30093383789062,71.78000148856712,70.08963494998834,71.47815119827231,2374086
2022-05-26,71.65926361083984,72.11203906818572,69.27464497391951,71.11593060556072,5252889
2022-05-27,72.41389465332031,72.83648633922282,71.53852747705669,72.02148677187643,4043779
2022-05-30,72.4742660522461,73.0477829315941,71.96112292613316,73.0477829315941,4712957
2022-05-31,71.93092346191406,72.71573295384232,71.53851564537013,72.44406647632418,12336197
2022-06-01,71.84037017822266,72.71573726156745,71.56870368461082,72.08185287057984,3812158
2022-06-02,72.95721435546875,73.31943839669897,71.68944556406302,71.81018691113975,5179774
2022-06-03,71.93092346191406,73.53072624523712,71.8403659223548,73.53072624523712,4255277
2022-06-06,69.75761413574219,71.71964139608764,69.214287194497,71.44797485488452,8843911
2022-06-07,70.18020629882812,70.51224045523553,69.21428763634094,69.42558042464718,3482814
2022-06-08,71.68943786621094,72.11202946502257,70.15000274447365,70.6027781415234,4443819
2022-06-09,71.2366714477539,71.62907929778609,70.96500494705163,71.41778040116871,2006634
2022-06-10,71.11593627929688,71.53852796810007,70.42168420734083,70.93482731014142,2495693
2022-06-13,69.03316497802734,70.48204895476067,68.91242976426658,70.24056624491831,4884247
2022-06-14,68.52001190185547,69.87833812898477,68.18797783012243,68.82186217455086,3772003
2022-06-15,68.64076232910156,68.9426126417703,68.0370617037641,68.67094613213636,2848885
2022-06-16,67.64466094970703,69.30483784385548,67.3428106053164,69.09354505924642,4167937
2022-06-17,68.09741973876953,68.88222921317153,66.40705945363614,67.61446053461134,6852998
2022-06-20,67.13150024414062,68.82186050192084,66.19576564975866,68.82186050192084,6389374
2022-06-21,69.938720703125,70.21038723495505,67.52391800447711,67.55410795113887,5000902
2022-06-22,69.60667419433594,70.39148370373918,69.12371496863854,69.9688982194788,3914105
2022-06-23,70.57259368896484,70.7537026178737,69.30481890428422,69.75759429713602,3784051
2022-06-24,71.20648956298828,71.6592650292966,70.75371409667996,71.1159320132625,3955377
2022-06-27,72.05167388916016,72.44408178864634,71.65927213083486,72.20259905955317,3023646
2022-06-28,72.5648193359375,72.92703726936197,71.87056113218657,72.0214862946402,4964942
2022-06-29,72.44407653808594,72.65536930485783,71.56870938501864,72.11204241551846,2959094
2022-06-30,74.70795440673828,74.85887956715594,72.80629492901166,73.16851899871031,10286142
2022-07-01,75.88516998291016,76.06627894263674,72.50444278965232,74.13443570951232,25435899
2022-07-04,77.90756225585938,78.23959636211978,75.85498387278398,76.33794313108642,8936519
2022-07-05,77.42461395263672,78.78294051320928,76.66998808565195,78.36034879946561,35671303
2022-07-06,78.26978302001953,78.36033442274768,76.91145670865818,77.21330700007181,3545326
2022-07-07,78.4509048461914,78.93386416351035,77.90757177598205,78.78293899302562,3349231
2022-07-08,78.96404266357422,79.23570918042492,78.36034202219955,78.87349125206431,4014009
2022-07-11,78.7829360961914,79.38663675593234,78.33016060138571,78.84330370570123,6949966
2022-07-12,77.81145477294922,78.87693069358829,77.65476638748268,78.62623310224187,5494322
2022-07-13,76.55795288085938,77.96814844568814,76.21323330892307,77.90546926185101,4113181
2022-07-14,76.02522277832031,77.02803252693259,75.58649391178172,76.46395164485891,4283942
2022-07-15,76.21324920654297,76.3699376353193,75.27311863388495,76.08790356405669,2430447
2022-07-18,77.49809265136719,77.74879029010262,76.24458533068623,76.77732339170846,3435763
2022-07-19,78.97096252441406,79.15898735052906,77.05936510352018,77.40407834734235,2864850
2022-07-20,78.40686798095703,79.59770229788508,78.0934912002567,79.59770229788508,4035749
2022-07-21,78.90827941894531,79.03362503623312,78.03082184392744,78.46955063143638,4781237
2022-07-22,79.0649642944336,79.3156618935096,78.81426031969067,79.12763710028587,2891418
2022-07-25,80.28713989257812,80.66319590740666,79.15898459942815,79.22166378973348,4189914
2022-07-26,79.31568145751953,80.78855651501652,79.22167222555281,80.6945409073813,2964979
2022-07-27,81.03925323486328,81.13326884140675,79.37835973271993,79.37835973271993,4694373
2022-07-28,81.16460418701172,81.72868506753628,80.75721173155861,81.50931744703524,3612602
2022-07-29,82.10472869873047,82.44944193340073,81.32128663099449,81.57199064293715,4047243
2022-08-01,83.26421356201172,83.35822915267642,82.41809874869887,82.73147555002471,3930194
2022-08-02,84.204345703125,84.51772251091582,82.85682925502498,83.35823087235678,4258578
2022-08-03,83.82829284667969,84.51771924692756,82.73147406176986,84.23568523134166,3081570
2022-08-04,83.17019653320312,84.26701523479787,82.38675460349259,84.26701523479787,3071194
2022-08-05,83.67161560058594,84.14168085676901,83.2328867530148,83.35823876313056,3529711
2022-08-08,83.6402816772461,84.23569896123705,83.07620080279818,84.23569896123705,3878742
2022-08-10,83.73428344726562,83.98498745261514,82.91950499338125,83.6716106337621,3712661
2022-08-11,84.8937759399414,85.08180074379976,83.45224394280422,83.9849819496808,4575851
2022-08-12,85.92790985107422,86.39797501738352,84.89377031059387,85.23848349075398,6812255
2022-08-16,86.1159439086914,86.83670669582528,85.33250193854562,86.83670669582528,6514294
2022-08-17,88.16334533691406,88.58118109680464,85.90703478377198,86.53378842360786,11144403
2022-08-18,88.12156677246094,88.95723836395196,87.57838533852639,88.41405693001741,5286338
2022-08-19,87.66194152832031,88.33047490218145,87.24410577878177,88.33047490218145,3209778
2022-08-22,86.36666107177734,87.57838875206981,86.24130905303419,87.57838875206981,3119733
2022-08-23,88.07978820800781,88.28870610870248,85.65633928481593,85.7816913003664,3954118
2022-08-24,88.24691009521484,88.45582797251208,87.16054095866986,88.03799221791762,2277452
2022-08-25,90.08539581298828,90.83749510889592,88.45583246196314,88.58118446983707,4611081
2022-08-26,90.75392150878906,91.67315886222201,90.50322389003503,91.0046255032105,6251906
2022-08-29,89.62576293945312,90.00181254137976,88.58117362780449,88.79009149013422,7070586
2022-08-30,90.8792724609375,91.46423994030418,89.41684738685345,90.25251885775863,7042420
2022-09-01,89.75112915039062,90.58680073209693,89.33329335953748,90.25253082428077,6817616
2022-09-02,89.54219055175781,90.5032139236538,89.29148658494434,90.37786194024707,3236786
2022-09-05,88.79010009765625,90.29431140251896,88.58118221507353,89.96004151525305,3723607
2022-09-06,90.21073150634766,91.29710695400779,88.24690485157797,89.3332802992381,5284384
2022-09-07,90.12716674804688,90.96283821789555,89.83468300873331,89.96003500434408,4119501
2022-09-08,88.95722198486328,90.62856486011232,88.53938626605103,90.62856486011232,4552160
2022-09-09,88.03799438476562,89.41685368399823,87.70372449772927,89.41685368399823,3424316
2022-09-12,88.5811767578125,89.08257836998739,88.03798902142829,88.16334101838886,3073061
2022-09-13,88.62295532226562,89.33327474356034,88.58116920162075,89.16613663664774,3262485
2022-09-14,87.87086486816406,88.66475029139549,87.53659497261,87.7455128603728,3184879
2022-09-15,88.91543579101562,89.33327147953011,87.70370846892364,88.16333027655622,4457007
2022-09-16,86.95161437988281,89.9600302367688,85.82345285484195,89.3332766675981,14638356
2022-09-19,86.1577377319336,87.53659709980883,85.9070400859269,87.24411332496696,2917515
2022-09-20,86.5337905883789,87.07697198929098,86.19952069697064,87.07697198929098,2623827
2022-09-21,85.94880676269531,86.99339606796791,85.61453690987466,86.53378059904826,3635123
2022-09-22,86.61735534667969,86.90983910700238,85.40562780296023,85.90703582141947,4735736
2022-09-23,84.65353393554688,86.49200886847422,84.40282991029851,86.03238694740827,4448206
2022-09-26,81.77046203613281,84.3192628807216,81.56154414315564,83.56715719087015,6219141
2022-09-27,80.93478393554688,82.89861069598484,80.64230018410592,81.8540213153617,9330496
2022-09-28,79.9319839477539,80.89300749234397,79.80663194182166,80.30803358988277,6793224
2022-09-29,78.76203918457031,80.72586594215552,77.96815380671701,80.30803019051324,8961792
2022-09-30,78.5531234741211,79.1380909922783,77.59209994371903,78.7620413557012,13253472
2022-10-03,76.71464538574219,78.6784721134776,76.38037551437567,78.6784721134776,9460434
2022-10-04,78.26062774658203,78.55311146093086,77.29960436315005,77.63387419769163,6252237
2022-10-06,79.80662536621094,80.01554323366176,78.6366840333529,79.22165788761559,6223294
2022-10-07,79.5141372680664,79.80662099133056,78.88738370007167,79.80662099133056,3603038
2022-10-10,77.71745300292969,78.92917418227812,77.55032124566365,78.5531245405956,7257911
2022-10-11,76.9235610961914,78.05171630163369,76.79820910099397,77.92636430643626,4162842
2022-10-12,77.2160415649414,77.59209115894313,76.54750186930828,77.00712370701443,4886498
2022-10-13,76.84000396728516,77.46675769091935,76.38038839535456,77.46675769091935,6193522
2022-10-14,76.79820251464844,77.88457150330026,76.58928466579229,77.80100563889117,5376042
2022-10-17,76.58929443359375,76.9653440592275,76.08789280752622,76.79821230909418,5555192
2022-10-18,78.46955108642578,78.80382094435494,76.75642204933088,77.00712603669456,8152180
2022-10-19,78.30239868164062,79.13806998614336,78.05170111568945,79.05450413082632,7192398
2022-10-20,78.26062774658203,78.46954559621217,77.38317022786875,78.13527576167058,4971659
2022-10-21,78.26062774658203,78.84559517527968,78.00992377675915,78.55311146093086,4485275
2022-10-24,79.0963134765625,79.34701111614248,78.72025745369059,79.34701111614248,1462832
2022-10-25,78.88739013671875,79.4723576309762,77.84280077149648,79.34700563201604,9001250
2022-10-27,80.64229583740234,81.06013156712982,78.80382117686837,79.555920389844,17893756
2022-10-28,83.4417953491211,83.81785133757523,80.85121505655111,81.39440278942887,23243795
2022-10-31,85.69811248779297,86.15772797458794,83.31644367861011,84.61173701779141,18175401
2022-11-01,86.19952392578125,86.65913946497423,85.65633612885489,86.0741719148493,9274933
2022-11-02,86.40843200683594,87.11875148723387,85.86524427159021,86.90983361795992,8339979
2022-11-03,87.03519439697266,87.16054640631918,85.86525293585177,86.07417082620664,13117383
2022-11-04,86.90982818603516,87.45301588733128,86.57555834095547,87.0769599207415,12081873
2022-11-07,89.14842987060547,89.41178900471031,87.2609926033331,87.96329032528402,13065969
2022-11-09,88.53390502929688,89.45567867204663,87.9632835693885,89.14842302368699,6004697
2022-11-10,87.48046112060547,88.13886899652924,86.9098396219373,88.13886899652924,10072926
2022-11-11,87.6999282836914,88.79727471692661,87.04152042375028,88.13886685698549,10433369
2022-11-14,87.87549591064453,88.31443445834772,87.17319825292185,88.00717881448963,3900469
2022-11-15,88.00719451904297,88.49002968674489,87.6121524346846,88.27056037372982,4061038
2022-11-16,87.52434539794922,88.53390541640586,87.12930337656962,88.00718048867613,4992320
2022-11-17,88.05107116699219,89.32399021581524,87.0415112156823,87.48044974254135,10292615
2022-11-18,87.83160400390625,88.88505381449126,87.34876893374697,88.22664600845799,7268505
2022-11-21,87.48046112060547,88.05108261927366,86.95373615940072,87.87550316709122,5618444
2022-11-22,87.52434539794922,87.96328395400246,87.3048761199226,87.91939411699964,7762721
2022-11-23,87.43656921386719,88.09497712466087,87.30488629217412,87.87550782106297,7302106
2022-11-24,90.68470764160156,91.07974965985309,87.52434470490618,87.74381398119498,18875982
2022-11-25,95.73249816894531,96.52258218211456,90.50912552893288,90.86027770015843,29877176
2022-11-28,96.78595733642578,99.90242394786898,96.08365292611792,96.34701875440118,29859790
2022-11-29,96.08364868164062,97.7077267215253,95.77639302733061,97.26878815889073,8830643
2022-11-30,96.87373352050781,97.44435495663483,96.08364281646045,96.43479498466712,11415274
2022-12-01,97.40045928955078,98.32223290207598,96.25922310482547,98.32223290207598,9937044
2022-12-02,97.44437408447266,97.88331270647478,96.74206961020052,97.88331270647478,6129727
2022-12-05,98.19055938720703,99.24401600189461,97.00542655614584,97.79551734274371,11813355
2022-12-06,97.3565673828125,98.45391370881879,97.0054152189564,98.14665807707112,6283354
2022-12-07,99.24401092529297,99.63905294954881,97.13710450136304,97.26878740867195,16848824
2022-12-08,100.34136199951172,100.9558733320295,99.3756917660249,99.77074050636165,13925336
2022-12-09,98.01497650146484,101.57037462711527,96.25922235615485,100.91196682262402,10866022
2022-12-12,98.8050765991211,98.93675281440049,97.04932228690336,97.75161999318776,7912674
2022-12-13,98.2783432006836,99.2001168772843,97.57604550688067,98.9367510560638,9509178
2022-12-14,99.46348571777344,100.12189359313997,98.36613925882921,98.58560855061805,7451278
2022-12-15,100.2535629272461,101.48259221641983,99.06843017248495,99.63905163149462,14198423
2022-12-16,97.3565673828125,100.38524056352169,97.13709811761125,100.03408839966559,9252067
2022-12-19,99.46348571777344,99.90242430135113,97.44436555424755,97.44436555424755,7003000
2022-12-20,98.54171752929688,99.46349128547699,97.44437100892608,99.46349128547699,5323451
2022-12-21,96.61038208007812,99.15622043173617,96.39091279475097,99.02454421867674,9464490
2022-12-22,98.76118469238281,99.59516535071656,96.69817461834289,97.97109387530945,17816529
2022-12-23,95.4691390991211,98.71728184227564,95.03020052855042,98.32223980783046,12678874
2022-12-26,100.07799530029297,100.60472025181292,94.81073238975124,95.51303679022526,11744504
2022-12-27,99.59516143798828,101.35091576354239,98.58560805893165,100.51693513797268,7594964
2022-12-28,99.50737762451172,100.7803035619312,99.02454919114963,99.59516400351653,5763285
2022-12-29,99.9463119506836,100.12189139886944,97.88330199261561,99.20011771448937,6321264
2022-12-30,102.27268981933594,104.02844415099835,99.72684469889118,100.16578328180678,16350601
2023-01-02,105.6964111328125,106.00366679849128,102.71162745692322,103.41393186219288,19310744
2023-01-03,107.97888946533203,108.76898023997843,105.12578872742691,106.44260445261389,27524213
2023-01-04,107.27658081054688,108.72507939032543,105.30135730112269,107.84720227502581,14375149
2023-01-05,108.7250747680664,109.0762269387918,106.26702296832978,107.89109422305535,9774790
2023-01-06,108.59339141845703,110.70029773643948,107.62772797620231,109.1640128563209,15575269
2023-01-09,110.21746063232422,110.83197185661965,109.12011437631807,109.69072907130526,8916789
2023-01-10,108.11058044433594,110.43695640528907,107.18880668885608,110.30527348341028,8123881
2023-01-11,106.88153839111328,108.59339608052684,106.22313055708179,108.50560970885681,7187284
2023-01-12,105.91587829589844,107.23269400608945,104.77463533466447,107.10101109553614,6547602
2023-01-13,107.8033218383789,108.37393665494494,105.60862885875125,106.22314021397841,5902262
2023-01-16,108.37393188476562,109.20791919891828,107.32048197998151,107.97888984488937,6285534
2023-01-17,108.06668090820312,109.07624101772033,106.44260944385184,108.59340588344254,6968664
2023-01-18,108.59339141845703,109.1640128563209,107.93498361269192,108.41781868265456,7636685
2023-01-19,108.46171569824219,108.6811849678075,107.53994208699967,108.4178191652609,3815492
2023-01-20,108.94454193115234,110.17357115609305,108.2861341353988,108.81285903246754,9653692
2023-01-23,109.16400146484375,109.69072631495696,108.68117314293575,109.69072631495696,3611592
2023-01-24,107.89110565185547,109.60296345618016,107.40827052875296,109.51517707861734,3929827
2023-01-25,105.7842025756836,108.15446833607014,104.99411175633091,107.89110919473359,10632753
2023-01-27,101.08755493164062,106.17923837143324,98.36613711237736,105.78419633390205,17188911
2023-01-30,101.78986358642578,104.07234977500987,100.73641357451915,101.2192487369516,7768757
2023-01-31,106.88153839111328,107.18879404079382,100.0779907727878,101.96542790321226,13672983
2023-02-01,103.1066665649414,107.9788873308915,101.7898508657842,107.89110095714855,14504365
2023-02-02,103.37004089355469,105.5647339061567,102.05322508599347,103.06278521132471,7459937
2023-02-03,104.24791717529297,104.46738647460937,101.39481628417968,103.80897857666015,6938807
2023-02-06,106.31092071533203,106.66207291219033,104.46738005391481,104.77463571453917,8742504
2023-02-07,105.87197875976562,108.28614082670654,105.52082657413096,106.61817296819501,9355097
2023-02-08,106.09143829345703,106.66205970548958,105.12577489491669,106.4425904468363,7409779
2023-02-09,105.82080841064453,106.94848110520482,104.60291639430508,106.04634294955659,6545269
2023-02-10,105.5501708984375,106.63273400069875,105.09910179203392,105.5501708984375,3526586
2023-02-13,102.88886260986328,105.77570204475795,102.25736175157698,105.36974261517743,5926426
2023-02-14,102.43779754638672,103.11440121080733,99.64116356056684,103.11440121080733,11217322
2023-02-15,104.5127182006836,104.87357488868228,102.0318379344997,102.21226971988348,5573008
2023-02-16,105.05398559570312,105.64037677411783,104.2871695390537,105.09909525664575,4019208
2023-02-17,104.28717041015625,105.14420579584969,103.61056678697258,104.51270495121747,3000421
2023-02-20,102.43779754638672,104.64803343038668,102.16715332751112,104.60292376631794,7418836
2023-02-21,102.79863739013672,104.10674181122081,101.58075228846842,102.43778764354443,4220675
2023-02-22,101.0845947265625,102.34758278360356,100.5884159307473,101.94162331995017,5557791
2023-02-23,101.76119995117188,102.07694697017948,100.362882874864,101.03948657963836,3623161
2023-02-24,101.94161224365234,102.66332552591813,101.40033072333699,102.30246888478524,3476646
2023-02-27,100.94927215576172,101.94162286014748,99.91181178549851,101.85141041116125,4467937
2023-02-28,103.1144027709961,103.74589678090288,100.99437241751936,101.21990697573871,9034566
2023-03-01,103.79100799560547,104.24207711878016,102.70843797032502,103.5203637685932,7363118
2023-03-02,104.42250061035156,104.738247615773,103.61057482300463,103.97143149324421,3413410
2023-03-03,106.58763122558594,107.26423488522855,105.09910179781853,105.09910179781853,7553470
2023-03-06,109.56466674804688,110.28637996307988,106.67782765344946,107.12889669215326,9315446
2023-03-08,112.45152282714844,112.94769468463431,108.39190111413058,108.97829229367564,12807032
2023-03-09,113.71451568603516,115.879641723169,112.4966236866876,112.72215822245303,13020658
2023-03-10,110.42171478271484,113.714520521462,109.3842544975249,113.714520521462,10105366
2023-03-13,107.94084167480469,111.36896285340394,107.35445044289065,111.14342829364996,7017652
2023-03-14,105.59527587890625,107.94083375162285,105.32463167396016,107.85062131089683,7954918
2023-03-15,105.32463836669922,107.89573094599214,105.00889136271036,106.09145448574891,6316701
2023-03-16,105.73059844970703,106.31698967934801,103.65568463767468,105.36974866171428,8218711
2023-03-17,106.7680435180664,107.30932500536395,104.33227338384368,106.45229655737346,17093755
2023-03-20,104.7833480834961,107.26422800983352,103.7909974895147,107.26422800983352,4336995
2023-03-21,107.03868865966797,107.21911352945705,104.82844614953012,105.50504973539053,6321736
2023-03-22,106.90338134765625,108.34680115385571,106.63273712278261,107.26423801989826,4909359
2023-03-23,105.91102600097656,107.26423330026645,105.5952790076959,106.45230754413886,4117362
2023-03-24,103.88121032714844,106.00123362305598,103.5654633482291,105.91102118376016,4063763
2023-03-27,103.79100799560547,104.55782412844873,102.66333518766872,103.88122044368669,4746510
2023-03-28,102.93397521972656,104.19697017414879,102.12204940025737,104.15186050754598,3499631
2023-03-29,104.42250061035156,104.64803516890524,102.6633338067403,102.88886836529397,3240893
2023-03-31,104.15185546875,105.68549458305515,103.79100568446027,104.64803424630105,7157701
2023-04-03,105.64038848876953,105.82082026978057,104.33229076959077,104.78335989796534,3774391
2023-04-05,106.1816635131836,106.54252017016644,104.64803132446681,105.68549163225441,4746533
2023-04-06,107.12892150878906,107.94084734309367,105.2795352685824,105.7306044117773,5950739
2023-04-10,111.91024017333984,112.27108992684417,106.94848035220902,107.44465220466138,13996876
2023-04-11,112.18087768554688,113.30855037414861,110.60213592150446,112.13577490766353,6856892
2023-04-12,111.233642578125,112.45152776899856,110.96299836558944,111.91024622669568,3505826
2023-04-13,109.47444915771484,111.32383488235233,108.25656418716265,111.32383488235233,5447261
2023-04-17,110.8727798461914,111.50427379714242,108.70764691286703,109.38425052435791,6166859
2023-04-18,111.18854522705078,112.22600564629106,109.88044744807543,111.32386734830281,8159668
2023-04-19,110.82767486572266,112.18088214584813,110.55703753935846,111.18853151697641,2394983
2023-04-20,110.69235229492188,111.45917525664431,110.28639286570139,110.82767439891808,2099290
2023-04-21,109.97063446044922,111.18851950443108,109.6548875057528,110.69234080221713,3961253
2023-04-24,111.82003021240234,112.00046198702591,109.20383486666084,110.10597309147334,4726202
2023-04-25,112.81238555908203,114.97751175006321,111.86513768845153,112.22599434787116,9397015
2023-04-26,113.03791809082031,113.66941207144328,112.18088267966836,112.76727388040007,4179866
2023-04-27,112.85749053955078,113.48899142653616,112.27109931691021,112.94770298547199,3724514
2023-04-28,119.21755981445312,119.44309436859741,112.90259918118159,113.1732365164937,24029372
2023-05-02,123.09674835205078,124.85591499912726,120.02948413486799,120.79629330639578,20740058
2023-05-03,122.82611846923828,125.036368216445,122.46526867181622,122.8712281353004,10032855
2023-05-04,123.5027084350586,127.02105551374436,122.91632413804557,123.3222835564035,12035888
2023-05-05,119.35289001464844,124.2244309272721,119.17246512261366,123.63804658677482,12581014
2023-05-08,120.52566528320312,122.01418776076139,119.5333077878069,119.89415755038586,8158248
2023-05-09,119.03712463378906,122.19460811885261,118.63116522453086,120.61586637632084,6029220
2023-05-10,118.58606719970703,119.48820542681098,117.90946352937907,119.17246530664674,5728123
2023-05-11,118.72138977050781,120.52566612710802,118.4958552259328,119.39799340423289,7647215
2023-05-12,119.84907531738281,120.30014445479782,117.59372963030776,118.54096380644917,6697676
2023-05-15,123.00655364990234,123.41251310188963,118.8116026046018,120.39034451330332,8845743
2023-05-16,119.66863250732422,124.08911816028647,119.30778271609908,123.54782970791162,18848790
2023-05-17,120.0746078491211,121.11206134136098,118.49586589495064,120.34523831454895,9026909
2023-05-18,116.82689666748047,121.2022724349868,116.42093723139574,120.0745996872312,11351018
2023-05-19,117.0975341796875,117.77413778962537,114.93240125133275,117.50349359254308,7924933
2023-05-22,116.37582397460938,117.63881190687908,116.19539909364742,117.09753726399323,7575592
2023-05-23,117.72901916503906,118.63115724293208,115.78942780378291,116.82688108714603,9958429
2023-05-24,118.08988952636719,118.58606830902325,117.09754572659207,117.72903973836479,4991702
2023-05-25,119.984375,120.3001288614775,117.72902960526315,117.99967380573875,7354404
2023-05-26,120.39034271240234,120.75120625974394,119.12735471054877,119.98438326648775,6649980
2023-05-29,122.55548095703125,124.31464770800262,120.88651976745987,121.3375888710698,11395309
2023-05-30,126.61508178710938,127.2014660178574,121.96906253493796,122.69077573353621,15899557
2023-05-31,127.69766998291016,128.69001378259736,126.07381840596916,126.70531241768593,13591196
2023-06-01,126.84061431884766,128.5095614386408,126.66017569786754,128.23891727270475,6036123
2023-06-02,130.1334228515625,130.9904513061434,127.60743338105945,127.87807756817321,11032233
2023-06-05,131.03555297851562,132.79471943923392,130.49426463727875,130.81001846392266,10772251
2023-06-06,131.8474884033203,132.07302294644302,128.9155393427251,131.2611040974157,5730697
2023-06-07,132.2083282470703,132.9300414088783,131.84746478339952,132.25343790072085,3927043
2023-06-08,131.53175354003906,133.06538574123752,130.8100402201996,132.25346685987853,6645263
2023-06-09,134.46371459960938,134.82456440864817,130.990476684075,131.62197073266185,8270232
2023-06-12,139.47056579589844,139.92163487833596,134.23816168651592,134.95987497152316,14649620
2023-06-13,139.74118041992188,140.91396265465545,136.94456068459422,139.9667149356193,12418368
2023-06-14,138.65863037109375,140.68844120082343,137.98202676118385,140.1922624671157,7737722
2023-06-15,136.7190399169922,139.96672901029353,136.22286117945654,139.51565993354035,7666988
2023-06-16,137.66627502441406,138.61350898573554,135.81688922732084,136.8994521584986,7403920
2023-06-19,138.79397583007812,139.4705795203147,137.17012422040287,138.02715280826175,7123074
2023-06-20,144.1616973876953,145.24426055174368,138.2977986697678,138.88418303534553,15061901
2023-06-21,147.81536865234375,152.32606023446547,144.88341912396464,145.3344882821768,24747224
2023-06-22,143.4850616455078,147.860422990891,141.18460683219584,147.860422990891,14009571
2023-06-23,140.7335662841797,145.1540381804807,140.23738749609598,144.34211926582532,8520782
2023-06-26,140.9591064453125,143.8008365250349,140.01185849689244,141.63571015624998,10223521
2023-06-27,145.24424743652344,145.78553585243927,141.2748449382615,141.63569470518124,13863522
2023-06-28,150.43154907226562,151.5592218539168,145.42467916862705,146.6876809433985,22329032
2023-06-30,148.53704833984375,152.9124240929662,147.95066401915312,152.46135499534682,15082058
2023-07-03,149.98046875,151.55921052631578,147.63490403325935,149.9353590889981,9381695
2023-07-04,148.53704833984375,151.46899747436964,147.95066401915312,151.46899747436964,10877690
2023-07-05,150.2060089111328,150.65707800696205,148.31151320243552,148.9430209490255,5621375
2023-07-06,149.43919372558594,151.55922409262018,149.1234536013819,150.11579740457086,7090232
2023-07-07,149.6647186279297,150.4766512496428,148.22130579855562,150.11578771814712,6167119
2023-07-10,150.5668487548828,152.19070014591665,149.07832634299749,149.75492994213363,10949947
2023-07-11,152.82220458984375,154.40094642967907,150.20600933290265,151.51410696137322,17100113
2023-07-12,152.46133422851562,153.76943168032793,151.55919615615755,153.76943168032793,6928972
2023-07-13,149.12344360351562,153.00264052272544,147.72512667425514,153.00264052272544,10748152
2023-07-14,148.52120971679688,150.3742503517224,147.77999063531104,149.91099019299102,10445961
2023-07-17,149.35508728027344,150.0036487398261,148.1042932091889,148.89182707522446,5152924
2023-07-18,148.33590698242188,150.46689238099785,147.45570137966106,149.40139968170988,8351483
2023-07-19,150.42056274414062,151.30075412195117,148.24323458119866,148.33589225784252,5377036
2023-07-20,149.86468505859375,151.1618080532187,149.67938379330167,150.88386322407072,2955365
2023-07-21,149.9573211669922,150.83751265357208,148.61385537752057,149.30874562549073,6078651
2023-07-24,160.24166870117188,162.74327045953373,150.42056288360746,151.11545304635112,37880425
2023-07-25,159.50047302246094,161.44617141767674,158.43498027215335,161.44617141767674,12870386
2023-07-26,160.79762268066406,162.6506635317519,158.71295172319023,160.2417047703058,11027961
2023-07-27,174.37112426757812,175.06601451901977,160.56597692730182,160.98290825065115,59887084
2023-07-28,179.97657775878906,182.47817987309435,174.18582557864784,175.85356503404424,35054688
2023-07-31,188.0372772216797,188.871153908435,178.86473263040818,180.3934853497612,28733969
2023-08-01,185.30406188964844,189.51973212515352,183.45102127075194,188.08362281799316,16275497
2023-08-02,181.87594604492188,187.71302702969513,177.3823167291446,184.37754814194514,20258835
2023-08-03,184.88711547851562,186.1379093115739,179.4206376166616,180.67144558729666,17437906
2023-08-04,184.74815368652344,187.57404360527158,182.8951129709612,185.58203049107368,8719652
2023-08-07,196.46864318847656,197.34883469410354,183.77531721172363,184.74815226987113,43892393
2023-08-08,201.0548858642578,204.48300781875983,192.71620396205358,197.48777739550653,52495107
2023-08-09,201.84246826171875,203.3248923711875,197.44149650417106,202.30572844672378,21739954
2023-08-10,200.68429565429688,202.16671960018456,197.07085812744236,201.4718293993561,16597765
2023-08-11,207.81851196289062,213.70190755082803,205.68751238543578,210.3201140157384,58045332
2023-08-14,208.61669921875,209.97837722356107,204.10912488982143,208.33498657011395,19733602
2023-08-16,209.5557861328125,211.9034871395849,205.28298176387057,206.5507317099898,15393266
2023-08-17,220.77781677246094,221.76383976927576,208.75758429656875,209.8844779566645,32482447
2023-08-18,220.35523986816406,224.25243265167967,218.10145233567752,221.34127728708881,23001607
2023-08-21,224.3463134765625,225.89580481455127,217.35016699916247,221.38821579466742,18895677
2023-08-22,223.829833984375,228.38436563028324,222.70292596591088,225.23845467822449,17249691
2023-08-23,225.42625427246094,226.22446401983294,223.21940958719458,224.6749870819939,12598059
2023-08-24,228.6660919189453,230.9198792903556,225.89580742889459,227.3513850071611,15816126
2023-08-25,224.7219696044922,230.40340957342585,221.15346078959928,228.05570829115834,21513620
2023-08-28,228.4313201904297,229.37040064342222,224.58108460146815,225.80189205620454,16039839
2023-08-29,229.46429443359375,231.95285168557317,226.83486652839727,229.1356105719832,18658395
2023-08-30,230.16860961914062,234.06578751100207,229.6051556527182,230.63814981474945,13806303
2023-08-31,224.11155700683594,233.87800286597414,220.54306254771353,232.8919654689087,158351032
2023-09-01,224.25242614746094,226.13058714646942,216.50501202655087,223.45420199118982,14221473
2023-09-04,228.75999450683594,229.88688813741925,222.56205804478293,225.56711250274836,10478574
2023-09-05,225.66104125976562,229.5582195036653,223.50115329901303,229.08867926564216,15883425
2023-09-06,220.35523986816406,226.13059370516234,219.4161593414227,225.66105344179167,16847543
2023-09-07,230.59120178222656,231.48332532228793,221.20039750951713,222.5151043760044,21384056
2023-09-08,253.6925506591797,256.18110785340264,229.51123166208572,231.38939236088913,63796670
2023-09-11,253.97434997558594,267.3562480114478,252.65961425932616,256.2750801621116,30479843
2023-09-12,233.22064208984375,255.8524873070664,231.20161046766248,255.6177171879219,49300899
2023-09-13,229.51126098632812,237.6343156440584,225.28539887408962,232.89195640781125,31677735
2023-09-14,231.4833221435547,235.70918400824434,225.94275343043137,230.40338539871487,19465778
2023-09-15,229.9807891845703,239.70027726572462,228.1965421178103,232.8919442189998,21570264
2023-09-18,235.19268798828125,237.35257581705196,225.00367404332664,231.95286340974022,22803288
2023-09-20,238.8081512451172,241.06195282775246,232.7510854635141,235.09878648965716,18170640
2023-09-21,243.31578063964844,247.91726968622254,236.17876259880668,239.46554458328313,28152219
2023-09-22,254.39691162109375,255.42990594299712,243.55054288726737,245.99215801400345,28891418
2023-09-25,253.97434997558594,256.74462044407164,249.5137172969653,255.24208581010652,15387154
2023-09-26,251.0161895751953,256.13418942488806,249.60756891841314,252.61263778293267,13775707
2023-09-27,267.02752685546875,268.5300612799621,250.9223031611972,252.33092381069838,44789295
2023-09-28,264.1632995605469,268.5769888121013,262.566880108837,266.88665559065345,17643718
2023-09-29,269.8916931152344,274.16452600186665,265.57191767339697,265.9945153040773,23448560
2023-10-03,274.023681640625,276.37138291807537,267.919658319254,270.4082446001217,20802588
2023-10-04,265.900634765625,275.57318099874703,263.0833932982333,273.8358763621631,17320364
2023-10-05,262.2851257324219,269.51605576511275,260.78262012530564,268.71783174979635,11888870
2023-10-06,268.1074523925781,269.3282454409645,261.25217698217614,263.5998779663493,11040241
2023-10-09,263.3181457519531,268.06051909892807,261.53389867401995,265.05545027196456,10063388
2023-10-10,273.17852783203125,273.88283824857575,262.660842806712,265.1494005468097,16215694
2023-10-11,273.83587646484375,276.32443403028043,271.0186349963957,275.15058341842706,12689010
2023-10-12,272.1455078125,278.43735840338087,271.4411974624071,275.05666299124283,9982500
2023-10-13,275.3853454589844,278.8599546314848,271.5351098334069,272.3333339577339,9635780
2023-10-16,276.1365661621094,280.9728529037756,274.774916846193,276.88784763911036,9744816
2023-10-17,276.18359375,279.75208835417504,274.21151887570795,278.43738132413495,8283781
2023-10-18,271.3942565917969,277.4513371036836,269.7508657646839,276.08965895497676,6449758
2023-10-19,277.0287780761719,277.873944887762,267.0275753790134,270.17350113292747,11059767
2023-10-20,270.3143310546875,277.5452338005063,267.45011829860533,276.84092341665274,9900926
2023-10-23,261.3460693359375,273.4132584606273,258.6697130665932,270.31430453903914,16531193
2023-10-25,256.6506652832031,266.41712450036437,253.08217117894333,261.53389489178375,14751988
2023-10-26,249.56063842773438,255.80551790975574,243.64444284654823,253.55173048161157,22159911
2023-10-27,256.4158935546875,260.68872659972567,250.64055478588085,250.7344685582313,9403379
2023-10-30,261.4399719238281,262.5199086285726,251.6735417086183,258.99835720541097,7839191
2023-10-31,270.07952880859375,271.2533793087541,260.5008972639012,262.19125917920786,14086055
2023-11-01,265.618896484375,274.1175626285987,256.5098051542738,271.3472926477139,19583321
2023-11-02,283.9779052734375,288.6733072411149,269.6099867157284,269.6099867157284,58777830
2023-11-03,285.3395690917969,287.73421251262727,281.4423913844744,285.4804254121179,14619611
2023-11-06,285.6683044433594,288.57943111631914,282.1936950706188,288.29771842489174,9262299
2023-11-07,289.65936279296875,293.32177064592713,283.6961964811411,285.48044352145826,15973268
2023-11-08,291.3027648925781,292.94615566788787,289.1428626785231,292.52355800513817,8658346
2023-11-09,298.6275939941406,302.05523202999103,291.866203044096,292.05403060433247,20491696
2023-11-10,305.8585205078125,306.9853998766082,297.82936529514313,298.5336756475635,11467991
2023-11-13,316.5853576660156,327.64448055814574,307.757051933702,311.6490826302416,23410469
2023-11-15,316.9176025390625,324.9864944735643,311.2219141147083,319.8603806855994,13163544
2023-11-16,313.59515380859375,319.29084289013707,312.0762975928943,316.91763910616066,7127417
2023-11-17,322.56585693359375,323.75245886311666,313.83248411416946,314.2596434269335,10484434
2023-11-20,329.163330078125,330.3499318448089,321.853851607444,323.1828687619458,10306588
2023-11-21,321.9013671875,333.1978114100102,315.3987830227233,332.1061434628778,18413395
2023-11-22,320.192626953125,324.55932749148707,318.29406402077376,323.4202071139391,6725503
2023-11-23,323.94232177734375,325.3187915823289,318.7687258562871,321.75898584851194,7836758
2023-11-24,320.8096923828125,324.93904370457676,320.1926362360917,324.89159121780074,7468477
2023-11-28,321.8538818359375,325.03398066327907,315.01907239977504,321.8064293487213,9994686
2023-11-29,325.5086364746094,329.0684422736969,322.0437646241189,324.1796481035715,8756635
2023-11-30,331.01446533203125,334.14708264390913,321.42671654176013,325.5560967945242,27118028
2023-12-01,355.0312194824219,363.2899786893049,333.29268269309335,336.8999401801415,39839613
2023-12-04,370.0299377441406,374.7763455087898,357.07225034060315,365.94803865445186,26066333
2023-12-05,372.2132873535156,375.6307065971372,366.707437191633,375.6307065971372,17979133
2023-12-06,380.28216552734375,387.30684266406115,372.21327297184246,372.6404322546825,19441163
2023-12-07,374.58648681640625,382.797766022057,373.06763061790053,381.0415894478401,10437035
2023-12-08,384.88623046875,388.4460364147437,375.06116026385234,375.9155078969359,15781777
2023-12-11,387.63909912109375,391.10397073780194,383.55717136502545,386.5474312103188,9038725
2023-12-12,387.4967346191406,391.48369968884725,382.94016586405286,391.48369968884725,12696174
2023-12-13,422.24041748046875,424.1389805608122,388.82572464828854,389.2054314704025,43470874
2023-12-14,419.6773681640625,431.68577366615375,412.03563450289676,424.32884184446556,23742544
2023-12-15,409.9471740722656,422.1928982095153,402.16305508622867,420.5316557769877,20631949
2023-12-18,413.0323486328125,419.2026778179483,402.068130929671,409.9471840402446,13171236
2023-12-19,413.0798034667969,416.9244105935882,403.72937570060714,414.83597988497786,10186585
2023-12-20,383.9368896484375,416.87693820476375,380.66185709549325,414.6936024826479,16918062
2023-12-21,391.2938232421875,394.33150648452136,369.46035000577695,377.8140151344084,20536948
2023-12-22,385.9778747558594,397.7489598992575,378.5260089733387,395.85039684484576,13716584
2023-12-26,397.7489013671875,401.26125408888646,384.6962822889087,387.54412645144225,13481039
2023-12-27,389.6800231933594,400.07466633782593,387.4017535776567,400.07466633782593,9149448
2023-12-28,389.4427490234375,395.7554654257189,386.4050365290687,392.8126868786316,8028672
2023-12-29,391.9108581542969,394.3789957543233,385.59814221348967,393.0025260437976,6932668
2024-01-01,403.3022155761719,410.70659903663704,389.8698893272439,392.7177335766182,12660166
2024-01-02,398.4134216308594,405.01091008602043,391.10394314437934,404.393882959965,11435302
2024-01-03,402.06817626953125,409.947230268599,394.2840851862055,399.6475199810705,10747906
2024-01-04,413.6968994140625,415.5005575850721,403.6819903707865,404.39395155309825,11523818
2024-01-05,412.27294921875,417.8262518598585,406.9095144680174,417.6838654269629,7441404
2024-01-08,412.88995361328125,422.240352161687,410.51675012997646,413.4120467917007,9463209
2024-01-09,407.0519104003906,420.57917226683946,403.9192929244908,415.31067133834244,11682652
2024-01-10,399.4576416015625,406.19754601159406,390.8192031708589,405.4381324033252,11436427
2024-01-11,401.45111083984375,409.709870866423,398.03369189885336,400.5967633470387,7460083
2024-01-12,406.8145446777344,408.04862791689516,397.13189148694556,401.7359122100522,6411181
2024-01-15,418.0635986328125,422.14552677542906,407.95375568211466,408.1910760751816,11016779
2024-01-16,415.7378234863281,425.0882226125994,408.99791938325467,420.4842307462713,13609749
2024-01-17,404.7736511230469,416.73460456511197,402.82763551424017,410.5642744291821,7584545
2024-01-18,402.7801208496094,407.71639613932126,390.72426342129927,402.49534799318326,8956008
2024-01-19,428.69549560546875,430.8313788031568,407.4790500478138,411.9881367984885,22121350
2024-01-23,412.7001037597656,457.55365155194255,395.0909447329673,457.55365155194255,39365502
2024-01-24,443.7890930175781,449.24746154132373,413.4120855810808,417.6363997656274,35198592
2024-01-25,446.3046875,450.813774585284,439.09014236959115,449.9594270367636,12311262
2024-01-29,474.35595703125,479.95671184989476,448.53548973780045,452.9971241865928,27272127
2024-01-30,467.0939636230469,485.84227377530044,463.6765733027584,478.43788945497795,17607741
2024-01-31,473.7389221191406,475.590032636473,459.45224709791,467.09395160326176,11483576
2024-02-01,469.1824035644531,480.14659382008324,462.72730064707525,477.9158053653985,13618703
2024-02-02,471.6979675292969,487.74081894838923,468.94505699675216,474.64074594812973,14700875
2024-02-05,474.5458068847656,484.9404506967831,469.70446553437705,474.16610008605846,10632549
2024-02-06,477.441162109375,479.33972518928937,465.76498178603754,476.6817194955451,9819635
2024-02-07,483.1842956542969,485.79481984496346,472.9320667843153,473.88134830819405,8628913
2024-02-08,483.99114990234375,497.42347653779774,479.8617698279709,486.55419241867236,13436922
2024-02-09,457.93341064453125,480.1940744204227,439.8021273755038,477.488616228355,24572692
2024-02-12,430.5466003417969,463.9613197677071,426.32231517027606,457.9333766222951,23580970
2024-02-13,440.893798828125,444.5010568957503,423.37954378110976,426.7494814766605,14626501
2024-02-14,457.1739807128906,460.116759185933,430.1669101830303,433.82164978811005,9168453
2024-02-15,458.835205078125,464.57834639322505,455.0380791918383,461.30334269816564,7358984
2024-02-16,449.627197265625,462.2526591755002,444.3112148282972,462.205177716463,8695716
2024-02-19,444.358642578125,456.27211292066204,442.83978649821785,450.908678642344,6309404
2024-02-20,443.50433349609375,450.3391429929522,439.5173395622635,444.35868106197944,8232269
2024-02-21,430.9737854003906,449.6746418613998,427.8886206370618,444.0264055529355,6738300
2024-02-22,438.140869140625,440.13436610461514,418.9654000297654,431.92308684104216,9483457
2024-02-23,440.419189453125,444.88079538404537,435.7676866533386,438.6630127807336,7543070
2024-02-26,436.19482421875,443.504302937201,435.29299525759296,439.5173092780876,5906306
2024-02-27,420.7215881347656,436.7169588326259,414.693644590196,435.2455840404639,11612298
2024-02-28,404.9635009765625,423.664329481003,403.06493794241993,423.42700910173517,10456948
2024-02-29,419.6298828125,422.4302748742949,403.3022581093348,407.43163850037513,17584650
2024-03-01,436.33721923828125,439.0426772052843,421.8132244235068,423.71178735196213,9312316
2024-03-04,441.3684387207031,445.2130171529854,430.02451336951464,441.22602332191553,8549034
2024-03-05,441.3684387207031,446.1622986394523,434.5810529166471,440.4666097206508,10459135
2024-03-06,445.7825927734375,456.6043959478948,439.51732915566583,447.1115810633231,20162210
2024-03-07,448.91522216796875,454.7058451972114,446.35217946208195,447.8710067086344,7147710
2024-03-11,459.5946044921875,462.67976917963966,446.39959823826933,450.386591883808,15406212
2024-03-12,458.97760009765625,467.1414266999661,450.76632100878805,460.3540698451134,19398756
2024-03-13,425.75274658203125,461.0660294583493,419.10777617829837,458.50295785757214,22269570
2024-03-14,440.7513732910156,443.978953452808,421.05378286190154,425.2780969755719,14650115
2024-03-15,424.0440368652344,442.8397980565762,408.52327930659635,441.36842339156345,32430198
2024-03-18,414.1240539550781,431.6383092002276,411.65591626362635,418.6331410755059,9735909
2024-03-19,407.2891845703125,416.30735812468396,398.271011015941,412.0830731573931,20288936
2024-03-20,401.5460510253906,412.3204012144705,393.5246112314196,410.1370365102478,14832362
2024-03-21,427.41400146484375,429.5024323825089,408.19105081595296,408.19105081595296,18429233
2024-03-22,436.7644348144531,441.1785881053612,421.48099649011374,425.2306700963472,12531582
2024-03-26,437.9984436035156,439.4698471938,430.4991261416395,432.1129161516882,10475524
2024-03-27,422.99981689453125,442.8872457482099,418.4432485851941,439.5173082126733,28138339
2024-03-28,432.49359130859375,436.90483999983746,426.739796302271,427.6987621366581,12637899
2024-04-01,441.6517028808594,449.13165394081574,434.4115225445757,434.4115225445757,11296547
2024-04-02,444.7683410644531,446.7821751642134,433.8841022862218,442.94631183717087,9639474
2024-04-03,454.5977478027344,455.70058193840214,440.2132601060085,440.2132601060085,14035202
2024-04-04,454.4538879394531,462.60509726048366,450.37828327893783,458.67333161727674,8469182
2024-04-05,452.248291015625,457.3307982055161,446.15885214563616,453.4949348877675,7448407
2024-04-08,434.8910217285156,454.6936610765414,434.0279582992069,453.0634366579173,15289897
2024-04-09,422.80804443359375,439.5899470872941,421.6573029536723,439.20636659398696,14262840
2024-04-10,430.0482482910156,434.79511170204654,424.6300678117445,425.20545317634935,9265502
2024-04-12,421.22576904296875,430.3838816267917,420.2668031487332,425.8287936291728,10809891
2024-04-15,411.49224853515625,418.540653324862,404.9712632522706,413.31427778136145,9341527
2024-04-16,411.7320251464844,415.08840587904984,402.9095269433282,407.56051752580385,12115039
2024-04-18,411.0606994628906,422.2326455914697,408.56738243795905,413.3142750289887,9425546
2024-04-19,408.27972412109375,410.9648168836439,397.77903601067845,403.7246361831602,7628906
2024-04-22,416.670654296875,418.49268352589274,409.86199103182634,409.86199103182634,6226067
2024-04-23,417.9173278808594,422.76012323930206,414.4650740500813,419.54758161841767,6371166
2024-04-24,421.753173828125,427.1233885010876,417.15014940290877,420.4585933284374,7201124
2024-04-25,432.73333740234375,435.178688600098,419.979103374506,420.9380692191649,11531272
2024-04-26,438.24737548828125,442.80246308908943,433.7402244718823,435.9458633956726,10542423
2024-04-29,444.00115966796875,446.11089610685764,436.4732723820906,442.08322809272914,8445427
2024-04-30,486.33953857421875,490.6548850198912,444.19300584734106,444.96016684266755,72903180
2024-05-02,531.1712036132812,534.9590718669394,489.6959016566961,491.949477239805,83160192
2024-05-03,534.9110717773438,543.8774364593074,530.6436625783875,535.1028766292136,45105471
2024-05-06,495.4017639160156,518.0333944291833,462.0297620738966,509.2108963827157,73134272
2024-05-07,486.2436218261719,505.9983534256967,480.39395356196803,500.5322363825543,34608626
2024-05-08,512.0877685546875,521.1020710388764,484.2777586519049,488.11362208677144,48742004
2024-05-09,490.3192443847656,515.6359671140527,489.0726004427048,514.4851963480611,19107231
2024-05-10,492.7645568847656,497.9429956587058,476.89368447312216,495.8332591755958,19170559
2024-05-13,496.8882141113281,499.62124356695494,479.482959277308,492.9084821370726,13436096
2024-05-14,500.6280517578125,505.80649015465207,492.5247795665421,497.7032179633817,11963864
2024-05-15,507.0052795410156,513.7180407947403,500.5801963491811,502.3063232511551,14366755
2024-05-16,518.8964233398438,521.4856429672986,509.21089119453626,513.0467547816891,15105099
2024-05-17,521.6294555664062,525.1776407117871,517.1702412102262,520.8142995227956,7680252
2024-05-21,524.5064086914062,531.1712333768686,517.601842531867,522.5884768987917,7571632
2024-05-22,514.197509765625,525.8969050531125,510.2657145912148,525.51329529393,7138229
2024-05-23,515.30029296875,524.7940786070603,513.7180343827865,514.964678322506,7812219
2024-05-24,531.3150024414062,540.3772411734217,514.9646468680168,516.8825785137077,20225424
2024-05-27,555.2412109375,567.1324105425408,532.8013872904687,534.143962853519,28217127
2024-05-28,556.3920288085938,559.9402143569803,535.534520411526,557.1591898251178,17209174
2024-05-29,545.4118041992188,558.8373255333534,543.7336140324519,549.7271503423334,15012657
2024-05-30,525.2734985351562,548.6722866471011,522.6363426776087,545.4117796291558,11582851
2024-05-31,515.6838989257812,535.0070847059643,504.03244014031,532.3219334333096,25890354
2024-06-03,579.69482421875,582.8593996423547,545.2199921145037,554.28223060122,42463764
2024-06-04,433.6443786621094,569.625727491937,427.698778554552,569.625727491937,103902126
2024-06-05,440.644775390625,452.6318476264962,391.5457158063714,452.6318476264962,80984751
2024-06-06,469.9891662597656,493.19612213832846,447.0698884284373,449.7549810870098,54149649
