Price,Close,High,Low,Open,Volume
Ticker,RELIANCE.NS,RELIANCE.NS,RELIANCE.NS,RELIANCE.NS,RELIANCE.NS
Date,,,,,
2014-06-02,241.6291961669922,242.98002167632168,237.85583638930402,239.96579328342781,8806299
2014-06-03,244.57644653320312,246.05007031380325,240.54631181824195,241.87481038769113,10874352
2014-06-04,240.57980346679688,246.00541764529805,240.30071652086616,243.96244158304592,8826406
2014-06-05,243.3484344482422,244.46481203662998,237.62140639047564,240.80308698873375,19974435
2014-06-06,250.6049041748047,252.97162108980314,246.5189520581268,247.25575649848244,29319340
2014-06-09,250.66070556640625,252.90463912015585,248.30515213949465,252.3017815117093,13497804
2014-06-10,249.689453125,252.40225258231374,245.70397256500863,252.40225258231374,15760599
2014-06-11,246.0723876953125,250.06901691692275,243.92894042674834,250.06901691692275,15164409
2014-06-12,244.29736328125,248.61776365191218,242.05344445844437,245.27977920976957,11767348
2014-06-13,241.5622100830078,247.1664396924795,239.50807062151247,245.67048900599843,14646904
2014-06-16,237.8893280029297,242.03109746817464,236.03614599009654,242.03109746817464,14371376
2014-06-17,243.38192749023438,244.10756845911106,236.2482564404746,236.2482564404746,15824961
2014-06-18,238.17958068847656,245.97191128185312,236.817591767012,242.92419260261082,19212704
2014-06-19,232.67581176757812,240.01042455576533,230.33142206390573,239.79831850039793,23126286
2014-06-20,231.4254913330078,234.30574305130585,230.92311994086742,233.52428472159266,12855084
2014-06-23,231.74923706054688,233.30100517965536,228.63453734459196,231.53713098352523,14768300
2014-06-24,236.63900756835938,237.2976677101053,233.3233500934137,233.3233500934137,11890148
2014-06-25,234.6630096435547,236.52737016671392,234.02667646604016,236.1477969940957,10564797
2014-06-26,225.9329071044922,229.28205484484036,224.7718755804291,228.85782777521845,24480677
2014-06-27,225.97755432128906,228.52290175909624,224.88350369781637,225.50867335344225,9225499
2014-06-30,226.71437072753906,227.7414404715432,223.27591530928322,226.07803760244093,20656550
2014-07-01,225.06214904785156,227.86425665701913,224.8277010962537,227.11628869751578,9653273
2014-07-02,227.3507080078125,229.3825205778468,225.95522857450624,227.07160615934737,12293489
2014-07-03,224.7272186279297,228.8578246789522,224.05739505072626,227.74144708210986,11575392
2014-07-04,230.40960693359375,231.49249416314444,224.01275486334893,224.39231313446226,12957117
2014-07-07,229.34902954101562,231.53713079390675,227.96471358911057,230.6440227665803,14019093
2014-07-08,222.17071533203125,230.97895305833987,221.0431742184315,229.0811021355614,17484768
2014-07-09,223.488037109375,225.48634431245327,221.60134977773976,223.72247013887525,14903156
2014-07-10,222.65074157714844,228.0763406140439,219.04483406173114,223.33172859997043,18600100
2014-07-11,215.79617309570312,223.7224655949871,215.15983998118855,222.2041879593414,17783841
2014-07-14,214.73561096191406,217.67168000537882,214.00995513061548,216.26505206086316,13764770
2014-07-15,217.06884765625,218.8104098106197,215.02587160136156,215.10403085045024,15345123
2014-07-16,220.97618103027344,221.71298545907828,217.4707447194837,217.4707447194837,13957671
2014-07-17,219.3686065673828,222.87402814993266,218.8773986219761,220.59661897864447,9426887
2014-07-18,218.08474731445312,219.60302496221365,216.4213444597439,218.81040315821525,9332698
2014-07-21,222.75123596191406,225.06215053531474,222.17072017506493,223.27593435623064,16987269
2014-07-22,230.18630981445312,230.844984822463,223.52153462479103,224.169031250342,28489939
2014-07-23,230.69984436035156,232.16230468301578,227.9758812223149,231.10174447042516,13721398
2014-07-24,232.44140625,232.92145070500953,228.63454104367943,229.9742031074407,9673900
2014-07-25,228.1544952392578,232.94376106573333,224.85000167919893,232.63116880177208,13532588
2014-07-28,224.5262908935547,228.53408404879048,223.63318279513805,227.96473173479035,9372911
2014-07-30,224.64907836914062,225.73196555204595,221.71299420670078,224.16903390713506,18616706
2014-07-31,224.71604919433594,227.7191140910468,223.72246988048724,225.05096842631613,17722817
2014-08-01,217.98428344726562,223.05265143085958,217.6940330234751,222.15954339479225,15826199
2014-08-04,219.92677307128906,220.97616972485844,217.92845105777764,219.0336650966955,14672155
2014-08-05,219.67001342773438,220.56312146426274,216.80092509931356,219.94911527834066,12233949
2014-08-06,220.63011169433594,222.96335318526866,218.69877032734763,219.90447069918085,16358373
2014-08-07,220.8868865966797,222.53912610119136,219.55838796337363,220.81989082226465,10844144
2014-08-08,218.92202758789062,219.59185110820377,217.2697882887136,218.7099066217106,9118453
2014-08-11,218.92202758789062,220.42914168697666,218.22986220920873,219.9602607514049,6696796
2014-08-12,219.79281616210938,220.36216840964735,217.99543669647198,220.15004743616672,9556263
2014-08-13,221.07664489746094,222.51677817824694,218.8103993945135,219.54720379855036,14113750
2014-08-14,223.93458557128906,224.3923030763316,221.43390686741304,222.15954784593796,12062077
2014-08-18,226.18968200683594,226.72554385675792,222.7177360081174,223.5215362352554,7643510
2014-08-19,225.3523712158203,228.41125334970323,224.63789378124898,226.6250523110205,14559347
2014-08-20,222.90750122070312,227.39535324898625,222.2376776762386,225.73195041290302,13022078
2014-08-21,222.18186950683594,224.16902817251108,221.06549191824558,223.27592013983488,16449220
2014-08-22,222.89634704589844,224.83885180087552,222.226523473479,223.298247151154,8571614
2014-08-25,222.33815002441406,225.17376270736568,221.81345168279017,223.27591193380766,7455233
2014-08-26,221.7911376953125,222.59493792307623,219.48023812338437,222.3828169358422,9548209
2014-08-27,221.86927795410156,223.6778209809963,220.33985168203745,222.65075121139208,8391614
2014-08-28,222.9856719970703,224.16903046453422,222.07023699944284,222.07023699944284,15914040
2014-09-01,226.42410278320312,227.96470738135943,222.29349689993663,224.24716506732145,16197464
2014-09-02,228.5898895263672,230.32028823991425,225.6426568024375,227.4065310455811,16556769
2014-09-03,230.25331115722656,231.30270791883913,227.98705055620516,228.89132210096992,21922291
2014-09-04,229.0587615966797,230.84497763091042,227.31721437736326,229.75092701697338,9346763
2014-09-05,229.00294494628906,230.744492171215,227.87540389591658,229.46066243392224,9078852
2014-09-08,231.69342041015625,232.06183008119328,229.5276461040478,230.8449811948564,13886787
2014-09-09,230.64402770996094,232.49722467070637,229.57230401600285,230.44308510653502,9166689
2014-09-10,226.81483459472656,229.77324547672086,226.08919367296804,229.56112450563128,9459033
2014-09-11,227.60745239257812,229.9741840376169,225.06212002016156,227.80840988295904,10619105
2014-09-12,226.759033203125,228.63454221660047,225.83243472210816,227.40652983023523,8749882
2014-09-15,223.88992309570312,225.9552260761766,223.49920137848562,225.3077294688495,8738403
2014-09-16,218.67642211914062,224.20250729893246,218.02892553513428,223.58850114662425,13242995
2014-09-17,220.74172973632812,221.1659567847341,218.5759554889236,219.9044540214964,10887270
2014-09-18,224.36997985839844,225.50868444869056,219.63653094075553,219.9267962797076,9089107
2014-09-19,222.260009765625,226.80367928554037,221.2664304510523,224.6155780597661,17169819
2014-09-22,221.38925170898438,222.38281615539898,220.5296340940469,221.7129925709533,7900222
2014-09-23,215.65106201171875,222.26001990077475,215.0258774291236,221.42274413879827,17694403
2014-09-24,215.47242736816406,217.4930764838735,213.31781651780247,216.24273715143366,15393998
2014-09-25,207.6131134033203,216.08643151205905,206.0055278891746,215.706873267469,33092058
2014-09-26,208.37225341796875,210.24776234232718,204.8109997813148,207.42332802608948,15904980
2014-09-29,208.3499298095703,210.48221365393118,207.5572930891957,209.19836901355907,12481132
2014-09-30,211.1520538330078,211.7660600551979,206.54140307056457,207.2000632067677,17642155
2014-10-01,207.02142333984375,211.12970218467194,206.75349988709877,210.68314819225466,8656245
2014-10-07,206.7869873046875,208.74064049933799,206.18412973578026,207.03258379945743,12404189
2014-10-08,209.14254760742188,210.21427124782488,205.67061670577698,205.67061670577698,9827783
2014-10-09,213.15036010742188,213.73087585053779,209.4774716239032,209.4774716239032,11164671
2014-10-10,214.49002075195312,216.35438125760987,209.00860382769338,211.4423166346771,15465656
2014-10-13,213.87599182128906,215.4054329089242,211.67672719814863,214.74677285060218,13881865
2014-10-14,214.62399291992188,218.58713198980337,214.03231367419917,218.58713198980337,19077913
2014-10-15,214.62399291992188,214.62399291992188,214.62399291992188,214.62399291992188,0
2014-10-16,207.86988830566406,213.65273374662394,207.20004982969255,212.48053877043836,19017182
2014-10-17,209.41049194335938,210.02449812294762,206.5748791732112,208.98626488515904,15313270
2014-10-20,208.77413940429688,210.01333011900465,203.52715593979366,209.54444915999488,21187302
2014-10-21,207.50148010253906,209.20953692888165,206.99910869426068,208.59553074198803,17621790
2014-10-22,211.140869140625,212.29073711995207,208.34992527266965,208.78530089055351,13384016
2014-10-27,210.18080139160156,215.22684272012023,209.16489503879595,215.22684272012023,10072622
2014-10-28,208.55087280273438,210.32591046196424,206.7758351435045,210.1249678643377,22023470
2014-10-29,212.4693603515625,212.87126045617427,208.5732022745607,209.12022759032044,17516848
2014-10-30,218.6429443359375,219.1564792228593,211.46463430142092,211.66557690323427,32745121
2014-10-31,223.3987274169922,224.10205635554354,219.22346731671163,219.22346731671163,14086084
2014-11-03,223.80062866210938,225.28541598988264,221.07666543372986,224.16903835060467,12376151
2014-11-05,221.33340454101562,225.17375995065748,220.68590795607915,223.72246319479302,15730002
2014-11-07,218.92202758789062,222.23766966317476,218.3750023138083,221.14361911501013,11633677
2014-11-10,216.43252563476562,220.99852242886374,215.9636446386973,219.4355907434728,10482542
2014-11-11,218.29689025878906,220.5519725501984,215.74037914118136,217.1135168156685,10100100
2014-11-12,217.48191833496094,219.48024054386005,216.28739636269006,219.2457925979642,9286081
2014-11-13,216.41021728515625,218.76578594640208,215.10406039449114,217.47077763055543,7041533
2014-11-14,216.38787841796875,218.30805637514865,215.47244335424242,216.35438798182102,8424014
2014-11-17,219.971435546875,220.49613389409532,215.68454094907668,215.68454094907668,10224348
2014-11-18,220.74172973632812,222.7623787766101,219.97143488632219,220.02725227367702,13410579
2014-11-19,218.3973388671875,221.4897115397934,218.02892920779317,220.74172874358402,8099318
2014-11-20,218.97784423828125,219.63650427945575,216.64460304517604,218.3638381046773,11342020
2014-11-21,222.76239013671875,223.4992094963963,218.85506849105582,218.85506849105582,11739875
2014-11-24,220.0049285888672,224.20251541641719,219.18996491235455,223.32057087408316,12426216
2014-11-25,221.71298217773438,222.1372092263172,217.31445281626614,219.9491080230587,14606201
2014-11-26,220.38449096679688,221.7129745497077,219.39091169663226,221.47854153078535,13155281
2014-11-27,220.74172973632812,221.71298208532073,219.49139045056137,221.0431585325535,12279963
2014-11-28,221.40042114257812,227.14977641629181,219.52489717026725,220.9761940626973,20881173
2014-12-01,214.70213317871094,221.47855803691644,214.0211312163564,220.81988303040893,17382184
2014-12-02,214.9365692138672,216.8567470615423,213.89833594347473,214.79144399883666,9453044
2014-12-03,216.209228515625,217.47073121974955,214.02111251130285,214.02111251130285,9789854
2014-12-04,214.02114868164062,217.6828740709412,213.38481548356185,216.15344766158967,10775294
2014-12-05,213.7532196044922,215.90783058130168,213.250848165554,214.56816844262963,10048267
2014-12-08,210.90643310546875,214.9812218156435,210.3817496389415,214.34488866449405,10238784
2014-12-09,209.8458709716797,212.26842020057148,207.86989066818413,210.10264586810604,10598750
2014-12-10,208.21597290039062,210.0914969370739,207.6466205830784,207.9703763693783,13242754
2014-12-11,202.32147216796875,207.42333046562214,201.69630251916325,207.42333046562214,22620658
2014-12-12,197.0074920654297,203.40434306021632,196.33766855980232,202.5112351163743,17874849
2014-12-15,196.2148895263672,196.88472805296328,194.69661171966595,196.0251103897211,12647964
2014-12-16,193.0443572998047,197.20845374273085,191.950306669683,195.76833530185232,20886278
2014-12-17,194.13839721679688,195.3440974625577,193.01085621559716,193.1894867545111,20779949
2014-12-18,196.50515747070312,197.5545542844524,193.05553819805456,196.82891325965127,14970699
2014-12-19,201.07113647460938,202.82384719909982,197.04100176109833,197.6215175100029,20073537
2014-12-22,202.0424041748047,202.4666163624998,198.9388676903912,201.39489260561677,8305143
2014-12-23,199.55287170410156,201.8749348500689,199.117481138105,201.47303471957127,10583206
2014-12-24,197.40939331054688,200.31197178862,196.48279493111056,199.5528404649727,22479751
2014-12-26,198.4587860107422,199.3072251316323,196.50511799972497,197.9564146623237,4890141
2014-12-29,200.2784881591797,200.73620562606445,198.0345696377892,198.38065233336278,6931660
2014-12-30,196.51629638671875,200.5910848658935,195.83530936212964,200.30081954954696,11627412
2014-12-31,198.9723358154297,199.5863419753874,196.27069976891036,196.4828058389744,8464992
2015-01-01,198.24668884277344,199.16212383721663,197.2977634147172,197.88945755090086,2963643
2015-01-02,197.72198486328125,200.06638967216628,197.4428979244315,198.29133712304417,7331366
2015-01-05,195.55621337890625,198.9165245019781,195.16547675445423,197.59918941835778,10103941
2015-01-06,186.68099975585938,194.91988498009403,185.7655647521644,194.25006139655358,18627980
2015-01-07,190.74462890625,191.74937175450734,186.88196111272327,186.90428806915074,20720312
2015-01-08,188.00950622558594,192.6648108804583,187.5852791399182,192.0396262781529,19872227
2015-01-09,192.08425903320312,192.46383216325356,188.66814557627637,189.42727693186822,13392787
2015-01-12,189.85153198242188,192.2405909829268,187.90904194569615,192.12895619423756,10100113
2015-01-13,188.25509643554688,190.88975178426182,187.6634171929575,190.45436123474997,9948711
2015-01-14,186.42422485351562,189.11469735500887,185.58693426266734,188.22158937870523,11380041
2015-01-15,192.96621704101562,194.49565824091675,187.55178116460175,187.55178116460175,16927085
2015-01-16,194.1830596923828,195.36641804071303,190.24223315086627,192.01727067336157,19136963
2015-01-19,196.40467834472656,197.82246990157884,191.7382102624513,194.29472132243177,13339962
2015-01-20,201.62930297851562,202.18749171016063,196.2260163822414,196.8177104480227,13361320
2015-01-21,202.45542907714844,203.49366227607496,199.17327732070618,202.06470737126895,17084297
2015-01-22,197.3201141357422,202.55593453746573,196.3711886650739,202.09821701969008,23721627
2015-01-23,198.02342224121094,200.45712007145966,195.81299397171531,198.71557278405552,18080494
2015-01-27,198.50347900390625,200.21153596305695,196.5944645231131,199.36308177059087,17939876
2015-01-28,202.47776794433594,203.13644295344628,197.8447904471781,197.8447904471781,19298126
2015-01-29,207.51263427734375,208.65133877718924,202.48892041977942,202.53357432922363,36117653
2015-01-30,204.35328674316406,207.92570393490996,202.95780731862794,207.6466020881989,21746801
2015-02-02,202.74571228027344,205.39153115893285,202.2210138958599,204.53191352113453,19302710
2015-02-03,209.343505859375,210.0691467981646,203.8955649139451,203.8955649139451,17092333
2015-02-04,207.37867736816406,210.72781008136272,206.73118076166716,209.67841337601934,14072894
2015-02-05,206.239990234375,209.85704671549664,204.87800113629038,208.98628048315734,12365643
2015-02-06,203.15875244140625,207.64658943460213,201.61814790080695,206.32926933866707,9045844
2015-02-09,200.21151733398438,204.9672929708516,199.16212062202996,201.2162601351756,8839692
2015-02-10,196.92935180664062,201.95305055963894,192.30753822263603,200.5017687514779,13651008
2015-02-11,201.1046142578125,202.00888570987306,197.15262413733214,197.82244766631723,9781008
2015-02-12,202.99131774902344,204.06304152167522,198.10157989936351,202.73455773690384,8709626
2015-02-13,204.8556671142578,205.5924715784439,202.96897968431958,204.07419383285384,7393680
2015-02-16,201.57350158691406,206.35160406683244,200.94831704190779,205.12357683618586,12266698
2015-02-18,201.3167266845703,202.7345330313793,199.6979777440679,200.94831702495648,9835036
2015-02-19,201.40603637695312,202.64522709644731,198.1685384658414,202.500086984032,9550637
2015-02-20,194.94219970703125,200.05522134798255,194.5402996203148,199.88775428422042,18717199
2015-02-23,190.10829162597656,195.75717542939327,189.13703923339693,194.23889771167808,14104463
2015-02-24,187.87550354003906,191.30279528120087,186.88193919105308,190.73344305457601,19946218
2015-02-25,188.25509643554688,191.23583450915794,187.78621545180414,189.51661417177456,15274116
2015-02-26,187.99835205078125,189.78455340494898,186.79265160481944,188.91377223361735,21459750
2015-02-27,191.02371215820312,192.24057597344043,188.5788508587512,189.23751096510276,18659378
2015-03-02,192.96621704101562,195.47807411417517,191.02371225050425,194.026777260293,14579511
2015-03-03,201.12696838378906,202.38847127266334,193.66955602734947,194.02678734199804,20636925
2015-03-04,198.23553466796875,203.1029602932563,196.49398732483067,202.28799656140657,14476047
2015-03-05,197.5880126953125,200.6692217645096,196.06973511464255,199.27374243044687,10716702
2015-03-09,194.17189025878906,199.10629627065828,192.9438779467265,197.62150907617735,14065391
2015-03-10,191.82749938964844,195.5450416425176,190.99020878754345,194.01560054695173,15234060
2015-03-11,191.11302185058594,194.16072565851442,190.32038515782352,192.22939938318763,11635873
2015-03-12,192.86573791503906,193.66953810764647,191.03486797882735,191.57074471023859,11782380
2015-03-13,189.80686950683594,194.16074530544873,189.11471894366701,194.02678356506323,12936157
2015-03-16,188.0206756591797,190.66649465853953,187.61877551768566,190.11946929257942,13839990
2015-03-17,191.31394958496094,191.99493654797615,187.7750232444416,189.90730684894683,19070082
2015-03-18,193.94862365722656,194.75242384407673,190.8339240160734,191.34745888419732,9269885
2015-03-19,191.15769958496094,195.7460085368376,190.69998205673383,195.4892485284114,13934612
2015-03-20,190.69998168945312,192.2740768863929,189.47195432929084,191.54842096799908,10405717
2015-03-23,187.9871826171875,192.91041084259047,187.12756495208868,191.2358443315051,13251683
2015-03-24,189.32681274414062,190.74461911806102,188.02065605113856,188.02065605113856,9238431
2015-03-25,188.6458282470703,189.67289801289846,187.77504717032173,189.56126323498447,10264941
2015-03-26,185.16270446777344,189.61706590127378,184.00167305859586,187.7973595445265,20621346
2015-03-27,181.23306274414062,186.4353922222635,178.94447537015407,186.1897808166241,23326922
2015-03-30,181.02093505859375,182.572703062635,177.82809123522978,182.32710657061094,17330588
2015-03-31,184.42591857910156,185.96652326270518,182.63970247401966,182.63970247401966,20235395
2015-04-01,186.66983032226562,187.32849040680802,181.54564504606722,184.1803002887463,14588531
2015-04-06,184.12448120117188,187.10521912730675,183.39884025756095,186.65866512181182,12334096
2015-04-07,185.95535278320312,186.68099373325254,184.43707511285265,184.43707511285265,21275454
2015-04-08,193.33462524414062,194.1384105587114,185.9665211554439,186.10048289045406,24821205
2015-04-09,199.85427856445312,200.72505966568897,191.749369892333,193.24532067197734,27276420
2015-04-10,201.91957092285156,202.91315023054997,198.5146208542527,199.82077753232224,25323219
2015-04-13,205.97203063964844,206.474402027726,200.6692298235572,202.4665944005182,20177342
2015-04-15,206.22882080078125,209.79005978625958,202.5559321283971,205.63712664506446,22231264
2015-04-16,207.27821350097656,209.43282437701342,205.19058349306397,206.41859588436193,20177302
2015-04-17,206.9432830810547,210.8394410314624,205.99435769151572,208.7741380911161,23958678
2015-04-20,197.7443084716797,209.30999892107806,196.14788649494935,209.2765084889829,37628162
2015-04-21,195.690185546875,199.94360492279606,194.79709237772894,198.74906803031462,17707007
2015-04-22,196.42701721191406,197.9899489863285,193.58024063824237,196.9070617136958,14761313
2015-04-23,195.8241424560547,198.58159584277504,194.03792648875537,197.34242006645556,13337818
2015-04-24,196.23721313476562,197.47640395466362,193.94864043739824,195.8130009542078,12709854
2015-04-27,195.4334259033203,198.1573891379944,194.57380826301508,196.49398615353618,11042925
2015-04-28,193.17832946777344,196.92936224204402,191.69354224567462,195.29944981234053,14687371
2015-04-29,189.78453063964844,194.37285410049336,189.20401489656598,192.46383980176347,16387960
2015-04-30,192.54200744628906,193.33464426543608,189.32683606266036,189.78455360682096,34802149
2015-05-04,198.9276885986328,199.58634869023751,192.12893689185663,193.40160316407656,15078502
2015-05-05,199.19561767578125,201.350228559757,197.62152255553133,199.5417004002084,17846755
2015-05-06,196.5386199951172,200.2226717988138,194.69658664101442,198.71555766486853,22438208
2015-05-07,194.41751098632812,196.13673128655503,192.01728872910402,195.36643641138207,16735535
2015-05-08,198.64857482910156,199.55284628139083,192.26288708670702,194.473315166073,17104443
2015-05-11,200.0440673828125,200.82552573432767,197.24194502434875,199.35190194930246,14214007
2015-05-12,193.9597930908203,199.80961941427793,193.16717126160947,199.80961941427793,16650201
2015-05-13,197.6215057373047,198.41414242125967,191.392106654818,194.99801409348908,16701434
2015-05-14,196.08090209960938,197.8671180638875,194.3170279941682,197.8224492507225,12329713
2015-05-15,195.13197326660156,198.03456670475634,194.2723706357278,196.90702572219524,8331715
2015-05-18,199.06166076660156,199.6086861094081,194.74127541581197,195.3441181502814,9847540
2015-05-19,199.9547576904297,202.00889720710236,197.95643556230686,198.99466879835316,14513036
2015-05-20,202.92431640625,203.40436085021224,200.4347863651453,201.0376439678957,8708891
2015-05-21,200.22268676757812,204.38678330619018,199.63100752785581,203.46018482127164,10759523
2015-05-22,201.80795288085938,202.19868953073103,200.27851162119998,200.27851162119998,8349048
2015-05-25,199.7202911376953,202.73451926548248,199.24024673640292,200.9483033803457,6617337
2015-05-26,197.5098876953125,200.05523521493697,197.08566062462342,199.83195074928005,9510249
2015-05-27,197.66615295410156,198.9165070618203,196.52744851822987,197.8224416283758,8078236
2015-05-28,195.5450439453125,199.66448633188415,194.69658985597474,197.78896251524662,26538868
2015-05-29,195.81298828125,197.9229451870899,194.9422072105984,196.46048489312724,29277517
2015-06-01,201.45069885253906,202.04239299587096,196.036262974585,196.4828169993304,19594976
2015-06-02,200.64691162109375,205.14591245070687,199.03932609002342,202.23217019636493,20178960
2015-06-03,200.1333770751953,203.2815672753182,198.38066632843524,200.72505630939446,15546279
2015-06-04,203.78395080566406,204.5654092109556,199.28493479628634,201.88609982858193,15931395
2015-06-05,202.67872619628906,204.73286576791426,201.94190683870045,203.15877065516952,13066337
2015-06-08,197.6996612548828,203.18109277628668,197.17496289645362,202.46660039171735,10846953
2015-06-09,197.30894470214844,198.8606979580867,195.8911382781247,197.27543936353223,9153355
2015-06-10,202.2433319091797,203.1587668979762,197.59919100289392,197.8224605589371,13509379
2015-06-11,195.8464813232422,203.06946016305656,195.06500806388655,202.28798690370093,14676438
2015-06-12,198.6820831298828,199.31841628503707,196.09208169242964,196.25954876816192,21543824
2015-06-15,201.3390655517578,202.06472143649188,198.71557367854962,199.8096243401845,12858570
2015-06-16,201.8302764892578,202.0647244370954,199.4300690466754,200.72506233312288,13929305
2015-06-17,207.91452026367188,210.4040500688631,199.608655198304,202.07585805028762,26232634
2015-06-18,218.57595825195312,219.2569452907997,208.2047894601376,208.21595293774968,49366799
2015-06-19,222.5279541015625,224.70489190814206,219.36860043164765,219.36860043164765,45710935
2015-06-22,221.42274475097656,225.2184316468891,220.2616983118828,222.59493976369055,19394187
2015-06-23,222.15956115722656,223.87878159528057,221.2664530497521,221.63486275237474,16007498
2015-06-24,221.24411010742188,224.716056073385,220.2951846748539,222.15954510621754,18603004
2015-06-25,224.29183959960938,225.28541899079403,219.92680028907614,220.37335433163773,27175118
2015-06-26,223.4322052001953,226.4240915238225,222.24883193847958,223.2535746657713,20966796
2015-06-29,221.23294067382812,221.9027791402614,217.02419037366582,220.57428058952794,20168946
2015-06-30,223.29824829101562,223.91225447757688,220.59661212744024,221.0208391904583,23184864
2015-07-01,224.53744506835938,225.60916878024764,223.49921179093573,223.49921179093573,14824266
2015-07-02,225.69847106933594,227.6856297502013,224.86118041923788,225.28540748322743,15931202
2015-07-03,224.88351440429688,226.35713824418613,223.95691590218732,225.45286669853655,13831096
2015-07-06,226.74786376953125,227.49583167877861,222.20419421210508,222.40515171490244,12237733
2015-07-07,224.0015869140625,226.98231015322148,223.2759310129838,225.73197077019327,11294999
2015-07-08,222.51678466796875,225.218420767576,221.4115705774253,222.34931759959193,15190654
2015-07-09,220.46263122558594,223.49918636532968,219.51370588135248,222.38279396331419,16245867
2015-07-10,223.67782592773438,224.1690338677349,221.09898796885918,221.28876709620772,16110573
2015-07-13,224.83885192871094,226.0668792007728,222.1930331664146,223.67782042798785,9860248
2015-07-14,222.78472900390625,225.84361157754108,222.20421321026538,225.2630957839002,9942927
2015-07-15,225.76544189453125,226.49108282903236,223.1754406187834,223.22009452832137,13532911
2015-07-16,228.56756591796875,229.4830009393099,225.76545836746035,225.9552374968439,14854295
2015-07-17,228.12098693847656,230.2309437053925,227.2948747375805,228.91362361294665,10195142
2015-07-20,228.80201721191406,229.96304877061922,227.27257596274094,229.48300429652778,6348354
2015-07-21,225.0174560546875,229.62810629265056,223.8899150450991,229.52763499755022,7923338
2015-07-22,234.52903747558594,235.321659316496,224.3029935580275,224.39230138184723,17309440
2015-07-23,233.39031982421875,238.42518225028812,232.47488487238462,235.22117482337782,18642915
2015-07-24,228.8689727783203,234.3615525704404,227.9870282761817,233.99315782521268,13099664
2015-07-27,224.47044372558594,229.95187531324137,223.66665841386757,228.83549771643203,20118553
2015-07-28,225.5644989013672,227.00461729042956,223.29823847379083,225.12910837963543,13382878
2015-07-29,222.38279724121094,226.11151781179638,221.5120311268453,225.39702547161426,14790821
2015-07-30,223.3094024658203,225.06212803415164,221.5566918019982,223.29823898842992,11701228
2015-07-31,223.68898010253906,225.0398056074869,221.04316138522807,223.27591652627325,16634259
2015-08-03,223.82293701171875,226.36828437565563,223.14194998736374,223.4991961678576,9887787
2015-08-04,220.5966033935547,224.53743015659222,218.8104022938678,224.03505876847572,12006872
2015-08-05,220.540771484375,223.45452832448825,219.72580787783494,220.65240625115905,14345010
2015-08-06,218.57595825195312,221.4897153357639,218.2522174012027,221.26643087901274,8708037
2015-08-07,219.78164672851562,221.9362574098185,218.1740464207886,218.58710997473213,8608888
2015-08-10,216.33206176757812,220.77524554786106,215.34964582818137,219.81517147048382,9288894
2015-08-11,215.68455505371094,217.39261193712363,213.89833891814627,216.8009326861837,8762464
2015-08-12,210.52687072753906,215.68454651275061,210.00217236678395,215.14868467420303,9650325
2015-08-13,208.39459228515625,212.99407939616972,207.5126477075356,211.442311229026,9340350
2015-08-14,215.8966522216797,217.0241932858093,208.60669257253426,209.9351911410942,12739366
2015-08-17,212.26840209960938,215.6845303801519,211.23016893354853,215.6845303801519,10857430
2015-08-18,210.7947998046875,213.45178211255384,210.37058763728413,213.45178211255384,6630334
2015-08-19,213.13919067382812,214.56814558410161,209.75655270413654,210.77245895232846,8877298
2015-08-20,204.5877227783203,214.33372212876614,204.01837050336061,214.33372212876614,19008087
2015-08-21,202.723388671875,203.6053332808312,200.27851236216048,203.18110619407338,20050521
2015-08-24,185.21853637695312,196.4828133764103,182.6396984825946,196.4828133764103,35635706
2015-08-25,189.3714599609375,192.16241869956198,183.80073576995284,187.74154756945333,49504268
2015-08-26,190.54368591308594,195.32178871949782,187.55178433079158,189.29333164214444,18955515
2015-08-27,194.06027221679688,196.761908478963,191.35863595463076,193.53557383393166,26997546
2015-08-28,194.78591918945312,197.15263609079977,193.37927627924108,195.36643493703835,10770215
2015-08-31,191.1018524169922,194.886375413546,190.63297148319236,194.886375413546,20708942
2015-09-01,187.51829528808594,190.65532211015028,186.45773504303247,190.65532211015028,21645696
2015-09-02,189.68405151367188,191.3697812850361,188.13228346875826,189.78452280850985,19652369
2015-09-03,190.64414978027344,192.1847544240903,188.53419286640576,190.68880369129627,11659978
2015-09-04,186.63632202148438,189.71753097879602,184.2249365622163,189.71753097879602,16199949
2015-09-07,186.0334930419922,188.44487867831222,184.8054807213296,187.16103406624754,10234633
2015-09-08,189.471923828125,190.44317611949268,184.22494068298445,186.658653149808,12900468
2015-09-09,195.15431213378906,196.19254536400322,189.8961651168348,192.24056994530685,17340694
2015-09-10,193.58023071289062,194.3617040122854,191.01255615053873,192.24058349180044,11074406
2015-09-11,192.22940063476562,195.612023686302,191.16884048143797,194.6965887379851,10634833
2015-09-14,192.8769073486328,193.28997093524177,190.20876160928117,192.40802637255098,7964072
2015-09-15,193.58023071289062,194.2500692279463,191.03488310740653,192.46385306047858,11509788
2015-09-16,194.81942749023438,195.89115126168448,193.17835139673338,194.71895618125677,13424811
2015-09-18,199.92127990722656,200.83670004187638,195.84649104918074,196.13674148800538,34261453
2015-09-21,196.05857849121094,198.31366053486286,195.600861015166,196.48280553519228,12732187
2015-09-22,189.31565856933594,197.57687090168997,188.55652714794337,196.48282023010378,15745524
2015-09-23,189.86268615722656,191.30281957427832,187.551786526559,188.22161013038126,15221260
2015-09-24,186.9600830078125,189.33796319981633,186.37956730590292,189.33796319981633,29076982
2015-09-28,186.2679443359375,187.75273168644333,185.02876841635904,187.5071351600266,11624639
2015-09-29,187.71923828125,189.84035877569855,184.44824971320213,185.31903082937947,15853471
2015-09-30,192.5308380126953,193.08902685073483,187.21687312039407,190.00783221510247,17292020
2015-10-01,193.0666961669922,195.13199929922897,191.70472198644822,195.13199929922897,8663393
2015-10-05,198.26901245117188,198.71556646298333,192.43034967359424,192.6424706540722,16015412
2015-10-06,200.512939453125,201.05996474625164,197.76663460566388,199.97707763731705,12330294
2015-10-07,204.029541015625,204.97846647477758,198.9388607990303,199.76497309306723,11515191
2015-10-08,198.51461791992188,204.27513618121557,197.8782848065629,204.27513618121557,10753149
2015-10-09,198.1239013671875,202.16519981248382,196.8177445761836,199.6198521968363,9327873
2015-10-12,199.10630798339844,201.30557275898948,198.26901732759507,198.26901732759507,6212395
2015-10-13,199.5193634033203,200.12220609283193,197.1303046957646,197.61034913277575,6162561
2015-10-14,201.60699462890625,202.0647121139029,199.59750904775385,200.01057262245908,8002587
2015-10-15,201.7744598388672,203.4043723834201,200.9706744971406,202.66756791146153,9048478
2015-10-16,204.2528076171875,204.2528076171875,201.77444114285927,201.95305677902383,15246935
2015-10-19,215.12637329101562,215.57291243503755,210.1026588756609,210.1026588756609,33505855
2015-10-20,213.6080780029297,215.8408331583205,212.7819508450901,215.46126001246097,18091895
2015-10-21,213.228515625,217.64937224828552,212.7819615904692,213.34015040750512,14404450
2015-10-23,213.3736114501953,217.25862058229905,210.13611377644773,215.22680820254516,12153422
2015-10-26,210.5157012939453,215.01470195309915,210.16961858766066,214.76910544861343,10938775
2015-10-27,209.77886962890625,211.7213742135867,209.29882522114605,209.61141747660912,11601798
2015-10-28,209.1983642578125,210.9734167778295,207.6242692349817,209.18720078044157,11958727
2015-10-29,210.1026611328125,210.9957692394727,208.7518354941017,208.9862834517427,13280382
2015-10-30,211.59857177734375,213.42942665305313,209.90167862081864,210.34821768476618,13366359
2015-11-02,214.30023193359375,214.67980508549238,211.04040697013696,211.88884619233937,7222044
2015-11-03,215.95245361328125,216.67810942381467,214.62397004764205,215.0705240300068,11373522
2015-11-04,212.40235900878906,217.6940109162785,211.26365457592095,216.1310794641339,10033187
2015-11-05,209.12022399902344,212.33539497168286,208.3164387081133,211.88884096361747,10767454
2015-11-06,212.64797973632812,213.17267806897942,209.4104819228641,209.75654971589418,8367190
2015-11-09,214.62399291992188,215.4612686846384,206.1841500723684,208.42808370027242,17031699
2015-11-10,206.02784729003906,214.23324163113014,204.58771399543153,213.67505285798532,11486238
2015-11-13,208.32760620117188,209.55561856863926,204.1858366997833,204.3086349556281,13682323
2015-11-16,208.606689453125,210.32590971804441,206.474405612258,206.75350745692836,15346549
2015-11-17,207.14422607421875,209.63375606575707,206.79815827359653,209.44397694928682,8588142
2015-11-18,203.62765502929688,207.9368768485113,203.16993751880622,207.11074965308717,11249222
2015-11-19,208.7071533203125,209.5890978288371,204.79983196561884,205.168241618023,12183206
2015-11-20,211.40879821777344,212.73729677503204,206.65302258618786,208.53970993187616,11304265
2015-11-23,212.94940185546875,213.8760003074638,211.26367202038136,212.1121261289929,10499517
2015-11-24,216.06410217285156,216.9348832392651,212.34655978087005,212.7819503140768,14806176
2015-11-26,220.74172973632812,221.47854905843047,216.18691169209976,216.80091785751216,23805828
2015-11-27,218.59828186035156,221.6013467190809,217.49306778465754,220.8198734891807,10891864
2015-11-30,215.93014526367188,219.79282785600043,214.8584215754615,218.47549274929898,29919205
2015-12-01,215.6622314453125,218.54248339708533,214.62399814436324,215.2380043613044,12981379
2015-12-02,218.3527069091797,218.7434435626975,215.3496417540324,215.7403784075502,7573628
2015-12-03,218.1852264404297,220.80871825964587,217.4930759087141,217.67169155444464,11361395
2015-12-04,215.56173706054688,217.9619593497612,214.65748043929355,217.09117825795136,13443688
2015-12-07,212.56983947753906,217.2474706524384,212.05630461222182,215.5617259456622,14483909
2015-12-08,210.08033752441406,212.9159356871747,209.00861374114106,211.86653886169861,7532164
2015-12-09,204.4984130859375,210.64966818024809,203.81742603868398,209.03091919298367,9174419
2015-12-10,212.1902618408203,212.96055667020448,205.41383743873664,205.9720262018508,18592203
2015-12-11,212.7707977294922,214.12162330890533,210.52687898713418,212.50287425196183,18155513
2015-12-14,213.25083923339844,215.12636316807954,211.21902660566394,211.5762728085818,10563900
2015-12-15,217.8949737548828,218.35269124682708,212.92707711445945,213.67505993221337,15718833
2015-12-16,218.50900268554688,220.49616154861167,217.35913454935002,217.89499644128233,12097338
2015-12-17,225.44171142578125,226.62508487476245,218.3638722117209,218.82158974032038,19369032
2015-12-18,221.46739196777344,225.28540570451503,221.04316490713333,224.12437420503346,16016139
2015-12-21,221.51202392578125,223.05262842204823,219.78164032584314,220.5742620750956,12331769
2015-12-22,220.44032287597656,223.85643651811128,219.70350353037196,221.66833524597115,11579277
2015-12-23,224.12437438964844,224.8165249178884,221.04316508921025,221.4450651945956,12919467
2015-12-24,223.3987274169922,224.88351473731015,222.4498168615278,224.1467102685296,11901877
2015-12-28,225.5980224609375,226.3459904587142,223.27594430555695,223.4099060536045,12885935
2015-12-29,226.71437072753906,227.4511751506249,224.87233731306037,225.59799316310142,14913870
2015-12-30,224.28065490722656,226.84832923070533,223.72246613294936,226.62505968279814,8151610
2015-12-31,226.53573608398438,227.67445548743964,223.0749686777371,224.03505753904747,18483713
2016-01-01,226.70323181152344,227.49585370825466,225.10680963478632,225.4640409552236,5416562
2016-01-04,222.2265167236328,226.35712261969198,220.30633898257568,224.39229096879717,30170947
2016-01-05,224.42578125,225.50866837185274,222.6060897118127,223.34289412814726,14946239
2016-01-06,230.4654083251953,231.84972428432198,223.36522778947852,224.97281330434672,26759864
2016-01-07,226.2343292236328,229.5276445719062,225.07329773391382,227.9758764582113,19739943
2016-01-08,229.0252685546875,230.6216905470009,227.00461951385185,227.74143883615608,21313199
2016-01-11,234.79698181152344,236.85112155995162,225.73198351161952,226.83719773861992,29016443
2016-01-12,233.42381286621094,237.87815961530228,232.4525605167601,235.55609668220865,23373377
2016-01-13,240.43467712402344,243.31494381953996,233.81454103905708,235.13187613118342,71802356
2016-01-14,237.04086303710938,241.36126285239405,235.12070024593626,237.53207093822553,27823189
2016-01-15,239.64202880859375,243.25909976757148,237.92280859932023,238.84940701968213,28767318
2016-01-18,227.03811645507812,242.0199358854926,225.08446312758795,240.02161374231642,27254669
2016-01-19,233.01075744628906,234.39505851078633,226.424111746276,229.7509324821377,21489315
2016-01-20,224.29183959960938,231.06826477817097,221.0431779432248,231.06826477817097,45114225
2016-01-21,219.74815368652344,229.02527188344303,218.07358732755296,227.19441683756466,31768619
2016-01-22,224.2025146484375,225.73195579298223,221.94743255547044,221.94743255547044,23682648
2016-01-25,224.15786743164062,227.46234632657593,223.2759228659918,225.50867807043403,13099564
2016-01-27,223.13079833984375,225.5086787647231,222.59493649294743,225.08446660200056,17251028
2016-01-28,227.04928588867188,228.143351454718,222.6284293301803,223.4992104299784,23074633
2016-01-29,231.1798858642578,232.2069556299379,227.29489126184302,227.50699733984902,19177163
2016-02-01,230.0411834716797,232.6088579098889,228.98062326271346,232.19579432329462,9918809
2016-02-02,223.53268432617188,230.59935919098027,221.15478914704113,230.04117042342295,14771279
2016-02-03,219.1230010986328,221.9362871091176,217.69404604088982,220.59662497490902,15691478
2016-02-04,217.25863647460938,223.49919926762936,215.61756056426657,220.5966056829417,18203784
2016-02-05,216.77859497070312,219.25694663380418,214.65747459337686,218.60945002382775,20998404
2016-02-08,214.57933044433594,219.88213139246366,213.88716501849996,216.82324907818355,12078110
2016-02-09,213.78671264648438,216.30973335047727,212.11214613111204,212.75964279900094,19603494
2016-02-10,214.9365692138672,217.24748369882693,211.81070592461055,212.49170789646632,16883350
2016-02-11,206.4297637939453,215.6733920747115,204.40911461077835,214.98122661354833,17114833
2016-02-12,202.4107666015625,208.51736728626153,198.29132441213014,208.51736728626153,29319458
2016-02-15,211.38648986816406,212.41355971399653,204.9673107839666,204.9673107839666,19283523
2016-02-16,207.76942443847656,213.89833790995405,206.97678767854094,212.35773320732068,13024856
2016-02-17,212.69265747070312,213.77554468889312,204.61006060432504,208.78532077885455,15442221
2016-02-18,209.90170288085938,216.28739108745276,208.9862678849464,215.0035464166948,14433087
2016-02-19,210.8506317138672,212.72615578009874,209.28769996017797,209.87939414868782,10235503
2016-02-22,214.85842895507812,216.19809106360864,210.7948036208304,210.7948036208304,12770834
2016-02-23,212.0339813232422,215.95246629306632,210.49337670065512,215.0370313206937,18989787
2016-02-24,212.70382690429688,214.0211472067142,210.32593140637567,210.97344298333778,15186204
2016-02-25,210.7947998046875,213.57459527604914,210.06915882435584,213.04989690132962,24826958
2016-02-26,212.1902618408203,214.0657856237696,210.83943638946886,212.78194103545079,8349402
2016-02-29,215.8296661376953,222.0702289162689,208.7629762148434,212.4023742125527,31032353
2016-03-01,219.1006622314453,219.93795288287492,215.3831197595765,215.3942832374753,16453192
2016-03-02,223.61083984375,224.55976526738027,220.42915923829062,221.69066204085152,20105967
2016-03-03,226.14501953125,227.29488753375767,222.71772757443094,225.50867149864993,15880459
2016-03-04,224.70489501953125,226.62507286122982,224.0573983884387,226.40178839582927,8987660
2016-03-08,229.30438232421875,230.17514851699832,224.9504917422807,224.9504917422807,13222993
2016-03-09,232.58653259277344,233.0777405280877,227.42885672422858,227.74144901197764,11854901
2016-03-10,225.8994140625,233.52429303610919,225.2854078734691,232.66467542876,20706353
2016-03-11,226.513427734375,229.87373902496665,225.64266152486965,226.6027504650387,15319044
2016-03-14,227.6856231689453,229.17039549322658,226.1673455074795,227.54048305617715,11880095
2016-03-15,227.8530731201172,229.49414901879192,226.6473877465009,228.63453144612498,10487788
2016-03-16,228.1321563720703,229.03642783993334,224.49277335509692,227.96470421302496,11064129
2016-03-17,226.84832763671875,231.5147952957723,225.95521964234715,229.30436716898618,16832997
2016-03-18,229.34902954101562,230.0076896315268,226.78135514083428,227.35070740951474,14030979
2016-03-21,231.60409545898438,232.54185733162737,228.35543424008628,229.5164656516878,12708074
2016-03-22,233.9596710205078,234.94207192751912,231.23569313196995,231.53712192361039,15333442
2016-03-23,229.79559326171875,233.74756887623508,228.27731551293243,233.74756887623508,16806372
2016-03-28,227.8307647705078,230.35378540278631,226.77020451713295,229.97421223398075,18070240
2016-03-29,231.3696746826172,232.65350440856096,227.7860940612,228.58987934847983,15871250
2016-03-30,233.7810516357422,234.8304483611491,232.8097992551726,232.8097992551726,14453294
2016-03-31,233.36798095703125,235.77936661839863,230.57703706084953,232.43023394298055,30833349
2016-04-01,230.9677734375,233.6135921235015,228.85781657518856,232.00600665243132,12381116
2016-04-04,231.1017303466797,232.6981523069667,228.92479266488002,232.20694440345463,8632568
2016-04-05,229.293212890625,232.742816947001,228.23265269395128,230.27562874294526,10259495
2016-04-06,230.8114776611328,231.470137716898,228.32194773638236,230.443068011006,6990781
2016-04-07,231.59295654296875,233.9931788638646,228.21033324196105,231.0682581662622,8789163
2016-04-08,231.3920135498047,235.4332969583456,230.24214549512723,231.29152734227594,13411752
2016-04-11,232.27394104003906,233.43498746641683,230.64402853731895,231.53713658699107,10308361
2016-04-12,233.85919189453125,236.10312542248911,231.77156195802692,232.273933356285,11164859
2016-04-13,238.02330017089844,238.88291780101753,235.00908653540418,235.00908653540418,16038542
2016-04-18,237.73304748535156,238.19076499156458,235.64541746442228,237.96748052524816,19065716
2016-04-20,231.60409545898438,238.72660241488163,231.269176246038,238.72660241488163,21687934
2016-04-21,232.46372985839844,234.88626414988934,231.09057738065454,232.51954724718766,11380697
2016-04-22,231.9725341796875,233.88153369059478,229.8179232406307,231.9836976580347,11705087
2016-04-25,227.04928588867188,233.20054116867271,226.02221609565723,233.20054116867271,61157544
2016-04-26,227.06044006347656,228.61220816750523,224.95048317346348,226.71437225696215,26429236
2016-04-27,227.60745239257812,229.06991259217443,226.84832105255205,227.27254808279102,14502641
2016-04-28,222.5391082763672,227.5628072574211,221.2552636591636,226.4017757963827,61949033
2016-04-29,219.41323852539062,222.9521650929473,218.55362098081588,221.8134457167348,23479680
2016-05-02,220.3621826171875,221.57903153191813,218.36386043105387,218.58712999173468,10620873
2016-05-03,217.8726348876953,222.14836586531018,217.19164787813637,220.59659783043998,17571826
2016-05-04,218.38616943359375,219.6365086796361,217.24746495871432,217.48189797815644,13546285
2016-05-05,217.74984741210938,219.58070246585777,216.77859504455904,218.81040760113382,21665684
2016-05-06,216.34320068359375,218.0959113625496,215.90781015709914,217.24747216904333,14748329
2016-05-09,219.5025634765625,220.1500601025544,217.2028273994661,217.6940353340658,15347096
2016-05-10,219.37977600097656,219.8598204812126,218.36386964797828,219.50257426453422,7248302
2016-05-11,217.78334045410156,218.97786238964702,216.57764013622835,216.9795402421861,12339923
2016-05-12,221.66831970214844,221.98091196389592,217.70518101988182,217.9172870837224,12786216
2016-05-13,218.3973388671875,221.16595579008214,217.6940248851704,220.8087096081086,14648291
2016-05-16,217.9061279296875,219.3685881650228,216.82324082589543,218.14056095226744,9327335
2016-05-17,216.38787841796875,219.50257840677264,215.76270870536698,218.86624521545497,12157600
2016-05-18,216.70045471191406,217.13583034965927,215.26032135045796,215.66222145904032,8228838
2016-05-19,212.3800506591797,217.00186456024278,211.12971134974165,216.95721064951354,9134784
2016-05-20,208.58436584472656,213.11687196625022,207.9480327064401,212.55868317246265,18544619
2016-05-23,207.64659118652344,210.0356498088877,206.67533886963497,209.28766703403852,18365734
2016-05-24,209.9798583984375,210.77248027523515,207.2112263076106,207.2112263076106,12283217
2016-05-25,212.3800506591797,212.73729684952323,210.1361320269968,212.07863676175728,9240115
2016-05-26,211.40879821777344,212.64798895360482,210.79479204095173,212.11212712053194,14190024
2016-05-27,217.6270294189453,218.11823733065145,211.83302067990746,211.9000015445252,13401594
2016-05-30,216.28738403320312,219.14530880210998,215.46125688734594,218.0066042855572,9633652
2016-05-31,213.86485290527344,217.24749121184442,213.5634389867094,216.35438312559634,23332727
2016-06-01,212.91590881347656,215.70686761288704,212.51402362385753,213.8871611640746,9042808
2016-06-02,213.50758361816406,213.7085411133352,211.01806857136972,213.11686191409888,10253825
2016-06-03,214.26673889160156,214.99237984846218,213.41828477521807,214.3448832357009,8643295
2016-06-06,213.18385314941406,215.0147082224923,212.68148174380855,214.56815420589743,8672842
2016-06-07,213.2396697998047,214.55698998491235,212.46936002510654,213.73087772590662,18954268
2016-06-08,213.02757263183594,213.89833883831392,211.9223435734999,213.89833883831392,12135516
2016-06-09,216.83441162109375,218.01777006021433,213.49642747442937,214.34488158427592,15643495
2016-06-10,218.07357788085938,219.79281298040922,216.1980690056807,217.4707352101052,16316760
2016-06-13,219.05601501464844,219.58071339643766,215.02588013393427,216.55532136634204,10214469
2016-06-14,217.97311401367188,220.01609002026183,216.42134592304652,219.02251071079954,10923848
2016-06-15,219.8374786376953,220.26169079216854,217.41492944354988,218.8104088757408,11129082
2016-06-16,217.98428344726562,219.62535940299526,215.9189804291785,219.03368017306633,9372207
2016-06-17,217.6716766357422,218.50896722673775,216.59995302579281,218.14055757815865,10534878
2016-06-20,221.08782958984375,221.62369145452047,216.13111106771194,217.05769467417653,10758608
2016-06-21,220.3956756591797,221.9697707941356,218.74343617706083,221.95860731596946,13933068
2016-06-22,218.92202758789062,220.12771290535602,218.16288134762829,219.92677032061465,12788710
2016-06-23,218.91087341308594,219.25694121262367,216.57763211301125,218.7992386390415,9837526
2016-06-24,212.43588256835938,215.43894769722908,208.40576251800454,215.43894769722908,24985097
2016-06-27,213.3736114501953,213.9876175739049,209.99098857918196,209.99098857918196,9163399
2016-06-28,213.85366821289062,214.69095882375424,213.228498576337,213.5410908468684,7604977
2016-06-29,215.885498046875,216.34321555981683,214.34489333423306,214.7914473689205,7523987
2016-06-30,216.38787841796875,218.25223898156912,215.91899740738967,217.02421160928643,12758283
2016-07-01,217.3479461669922,218.0959140724108,216.57763640181304,217.19165748023505,6610193
2016-07-04,220.30633544921875,221.84694002743757,217.80565692037868,217.80565692037868,7803505
2016-07-05,221.73532104492188,223.92342236573123,218.87739613508128,220.1723894008423,11359882
2016-07-07,220.57427978515625,223.38755065858447,220.18354316524668,221.60134953179838,12029091
2016-07-08,218.4531707763672,220.81988776493708,217.99545326717916,220.3733486384222,7140617
2016-07-11,221.60134887695312,222.14837418140627,220.03841730644277,221.26642964594754,8266601
2016-07-12,224.03506469726562,224.39229598395113,221.26643279839536,222.21535821267292,9767494
2016-07-13,225.22958374023438,227.0046213867773,224.20251399513157,224.4369470240203,14915296
2016-07-14,224.36997985839844,226.4241194740275,222.88519253791546,225.08447227527571,10758372
2016-07-15,225.9998779296875,227.96470959356415,224.05738812538655,225.2854004630548,13992989
2016-07-18,224.67140197753906,231.92787128539237,223.66665915617415,229.52764901112954,32106850
2016-07-19,227.25022888183594,228.400096860352,222.22651501855026,224.6155736990817,16649300
2016-07-20,228.41127014160156,229.59462860303108,226.97113678504502,227.73028308806343,12265316
2016-07-21,224.6937255859375,228.85782202225576,224.39229678221466,228.63453756277337,6711097
2016-07-22,226.59158325195312,227.2502433634879,224.41463050279566,224.6155880128387,6899519
2016-07-25,228.35545349121094,228.57872304899183,224.91699796981626,226.40178524258874,8241568
2016-07-26,228.6457061767578,231.04592846918067,226.6697258573325,228.41127313877024,10516399
2016-07-27,226.20083618164062,229.08108791732056,225.27423773428833,228.4224278361645,11030767
2016-07-28,229.15924072265625,230.08583920422578,226.18968105675478,226.61390812460073,15610838
2016-07-29,226.60275268554688,228.83550797930067,225.95524113056945,228.6345504639761,9629597
2016-08-01,225.39703369140625,227.8084193445692,224.40345438875403,227.29488447705825,7978251
2016-08-02,226.13385009765625,227.7414355442064,224.68255333348333,225.0621264666228,7710138
2016-08-03,221.9251251220703,226.49110709764747,221.37809976710707,226.49110709764747,11872282
2016-08-04,221.71298217773438,223.27591373784892,219.56953488437836,223.05264418833656,10187608
2016-08-05,226.90415954589844,227.5181657421364,222.61726474575417,222.82937082835107,12109001
2016-08-08,229.80674743652344,230.8673076316475,227.4400156312993,227.71911747952075,13556347
2016-08-09,230.1304931640625,230.97894729993098,227.96471881696192,229.30438088867373,13290768
2016-08-10,224.09088134765625,230.99010430766887,223.72247167996576,230.25329987679746,13471958
2016-08-11,226.42410278320312,228.37777095058794,223.1866049029427,223.71130324641965,14169454
2016-08-12,231.26919555664062,232.8544690336483,227.07160863765992,227.07160863765992,16365425
2016-08-16,228.8354949951172,233.2786783737603,226.73670156099217,231.36967896581234,13367575
2016-08-17,226.2454833984375,229.70625076989455,224.88349446162928,228.65685410031563,15486572
2016-08-18,227.30606079101562,228.55640014577824,226.8483432849391,226.8483432849391,7749690
2016-08-19,226.60275268554688,228.18801132883377,224.86119044044966,227.29490324952803,8177802
2016-08-22,225.92173767089844,227.67446329332842,224.88350443252628,225.95522810410336,6684236
2016-08-23,225.60916137695312,226.62506766473038,224.3922975844723,225.95522918839808,7320433
2016-08-24,227.8530731201172,228.17682887067585,225.73195278658406,225.88824147088377,8719596
2016-08-25,226.11154174804688,229.75093998299602,225.28541454991614,228.0093777608848,14960746
2016-08-26,229.50531005859375,230.15280664832454,226.53573566138445,227.27255497427564,9639663
2016-08-29,236.1031494140625,236.61668434214218,229.1034395600918,229.36021447638717,16193208
2016-08-30,238.10145568847656,238.57032176535859,235.1095541517882,237.11903981360845,18170724
2016-08-31,236.6724853515625,239.79834861873522,233.76989164439786,237.76653600462194,23295502
2016-09-01,229.79559326171875,239.51925105545905,229.01411997866964,235.1095579302157,42621045
2016-09-02,226.25665283203125,230.54354744112234,223.78944977449333,230.21979168812996,28124615
2016-09-06,227.7191162109375,228.85782074395732,226.6250655886628,227.7191162109375,11510431
2016-09-07,227.2167510986328,229.3155445797748,226.18968131405225,228.18800349323726,12927438
2016-09-08,230.7333221435547,231.30268929590594,227.78608960846174,228.4224227202254,12206479
2016-09-09,233.2228546142578,234.41737650937728,229.97419325210532,231.09057080514341,15269894
2016-09-12,233.65826416015625,235.77938466450274,229.7844328414898,230.0635198002141,33684893
2016-09-14,233.26751708984375,236.4491977041897,232.4079143908739,233.99317295912184,18604842
2016-09-15,237.7888641357422,238.9498956625417,233.76989279965608,233.76989279965608,31371009
2016-09-16,240.14442443847656,244.2303767588498,236.4715357223917,238.23542492326894,39324529
2016-09-19,241.67385864257812,242.92421289735927,239.1285260298485,239.47459384930187,16678060
2016-09-20,239.84300231933594,242.19855579338463,238.693134277288,242.0311036235262,11531268
2016-09-21,239.40762329101562,242.23205788106057,238.6819822822087,239.79835994399355,10943394
2016-09-22,243.1363067626953,244.66574789179435,240.91471512495986,241.80782313285212,18761415
2016-09-23,246.22866821289062,247.71345536426475,243.1474591403794,243.1474591403794,31085948
2016-09-26,247.2111053466797,252.20132903116334,245.65933719942637,246.3626512141851,38213411
2016-09-27,247.94790649414062,251.39752546338397,247.0771403218682,249.39920332060763,19374535
2016-09-28,243.51588439941406,247.38971549014255,242.54463203118152,247.36738853475836,24820234
2016-09-29,239.45225524902344,248.00371748925295,238.32471421209866,244.4871326484303,21260295
2016-09-30,241.96414184570312,244.38669128333584,238.07913196239375,238.45870514852984,11199883
2016-10-03,243.5270538330078,247.3785580625477,240.3007192740252,242.7009266545682,18125170
2016-10-04,244.78855895996094,247.45670474133237,243.81730655881762,244.05175450280572,13113580
2016-10-05,243.23678588867188,247.0548145478149,242.43300057930637,246.4966257510442,10789932
2016-10-06,248.014892578125,251.46449650811968,243.8172909517648,243.8172909517648,21111045
2016-10-07,247.61300659179688,250.75001842999114,247.05481778770604,248.72938419997854,15280380
2016-10-10,244.78855895996094,250.51560206418736,244.26386058614295,248.72938595488608,11553662
2016-10-13,236.0361328125,243.1586249503295,234.88624995938244,243.1474614732461,21938040
2016-10-14,240.61328125,241.58453357979468,237.04086419833885,237.34229298860612,15265659
2016-10-17,236.81761169433594,241.31662749053226,236.3933846237886,241.1379969371644,9826781
2016-10-18,241.38360595703125,241.75201563364476,237.13020162484682,238.01213128681684,11073137
2016-10-19,242.77906799316406,244.42015885175095,241.4505843227487,242.13157137469668,17073242
2016-10-20,242.82374572753906,245.15697229708695,242.04227244193726,244.25270075087954,10125508
2016-10-21,237.61024475097656,244.93369490342758,236.31523660336114,244.93369490342758,43608816
2016-10-24,237.40928649902344,239.79834528040047,236.81760726872912,238.90523724378158,10513017
2016-10-25,236.8622589111328,237.84467476110072,235.37747165844286,237.78885737241046,7658966
2016-10-26,235.34397888183594,236.54967917906905,234.90858834987753,235.7905328914212,10945927
2016-10-27,234.1494598388672,235.31049133532468,232.96610138688206,234.68532167604062,12842476
2016-10-28,235.54493713378906,236.22592417570792,233.05540709251548,234.43972303618764,8127969
2016-11-01,234.6630096435547,235.76822382147745,233.85920938442322,234.7299905143972,10223897
2016-11-02,228.57870483398438,232.8432871883515,227.96469869450607,232.43022363486324,7039997
2016-11-03,228.62338256835938,231.0347683740902,227.87541462693696,228.60105561203363,7311872
2016-11-04,224.51510620117188,229.28204526100114,223.2759154781913,227.79725803164263,11535892
2016-11-07,223.53268432617188,226.97112474960335,223.06380337670228,226.40177250478507,9506040
2016-11-08,224.05738830566406,224.54859622202846,222.8963419277513,224.54859622202846,13432073
2016-11-09,224.302978515625,225.28539432077832,207.64659354595148,212.11211857805674,21640144
2016-11-10,225.5980224609375,229.73979240749765,224.83887607964547,227.42887773112108,9764091
2016-11-11,223.66665649414062,227.183256327064,222.18186923559477,222.79587541811892,14775330
2016-11-15,220.01609802246094,223.27592300773767,218.70992639005644,222.49446464749076,14487470
2016-11-16,220.27285766601562,222.56144516245428,218.96670094019083,222.15954505277358,16550762
2016-11-17,218.3080291748047,222.86284715946968,217.56004638501275,220.15004764695382,12628378
2016-11-18,220.48497009277344,221.64600156055377,219.25694285555522,219.92678131385946,18163751
2016-11-21,221.37808227539062,221.8357848610334,219.52488535938394,220.4961377281817,13232434
2016-11-22,223.5996856689453,225.01747721995966,221.77997909070726,222.76239498866846,17646355
2016-11-23,225.285400390625,225.62031962102202,223.1754435194954,224.39229237923922,13107911
2016-11-24,220.4514923095703,224.51511758447708,219.3016242532999,224.51511758447708,18913793
2016-11-25,221.86927795410156,222.3604858832388,219.78166288590555,221.04316568999107,10454964
2016-11-28,220.29518127441406,223.40988099421824,219.72582900456368,221.71298766241893,8312777
2016-11-29,222.76239013671875,224.2360139515638,220.6077792569075,220.8198853396725,9885281
2016-11-30,221.0543212890625,223.26474943914167,220.29517501449416,223.26474943914167,27596098
2016-12-01,222.77354431152344,226.625063310652,222.15953814044033,223.27591570686587,12627845
2016-12-02,222.1037139892578,224.3922864402896,221.4450539279354,222.3604739656427,12481430
2016-12-05,221.90280151367188,223.20895833634233,220.26171051950547,222.1595615249019,3987213
2016-12-06,224.4369354248047,224.73836420802135,222.07021868506266,222.38279604075987,6726369
2016-12-07,223.0861358642578,224.97280828168172,222.46096621762914,224.16902299444752,4930865
2016-12-08,227.75262451171875,228.14336116590238,224.2471879116498,224.40347661151895,8750556
2016-12-09,229.73976135253906,230.3872579517551,227.8084201278766,228.18799326721398,8239158
2016-12-12,229.34902954101562,232.586527509437,227.85307881182217,227.85307881182217,9023848
2016-12-13,232.1623077392578,232.43024611767072,229.42718108728292,229.52765238999646,10365823
2016-12-14,236.56085205078125,237.66606618875204,231.80507625228176,232.16230755052842,24139260
2016-12-15,235.098388671875,238.3693771312355,234.13829976122415,234.97559041468963,19331986
2016-12-16,236.0361328125,237.1190198986083,234.88624995938244,234.88624995938244,14942206
2016-12-19,237.2418212890625,238.2242370944333,235.41095140509623,235.55609151361188,15009634
2016-12-20,236.20359802246094,236.89574854439257,235.14303783190798,235.4891205451286,11688169
2016-12-21,237.39813232421875,238.30240387411877,236.04732164302038,236.69481828791342,20367894
2016-12-22,235.18768310546875,237.26414949951527,234.65182129102155,236.225916302492,28892834
2016-12-23,236.0696258544922,238.67079056623734,234.88625255703724,234.88625255703724,10265033
2016-12-26,233.870361328125,238.01213087369516,233.24519165991836,235.41096599505028,15321770
2016-12-27,237.7218780517578,238.2577398911784,233.76988767071236,233.95968169800304,17442849
2016-12-28,234.3727264404297,238.80476119740126,233.79221069951697,238.43635153132817,9637310
2016-12-29,237.8893280029297,238.63731081829462,234.3280742829403,234.43972396451642,8772325
2016-12-30,241.67385864257812,242.2543893100362,237.3646368804007,237.74421003850478,15711974
2017-01-02,242.27670288085938,243.3707534780301,239.42992670912207,242.0310914728874,7097888
2017-01-03,243.23678588867188,244.93369413918427,241.38360385283625,243.33727209378864,6434204
2017-01-04,238.26890563964844,244.04058767236094,237.63257249386794,244.0182607165269,10392483
2017-01-05,240.55746459960938,241.11565336834119,238.62613831587143,239.12850969818098,8734164
2017-01-06,240.01043701171875,242.25437044696938,239.59737345163708,239.84298485405412,7845839
2017-01-09,240.6244659423828,242.4776629473605,239.12853004993156,240.46817724709902,5228980
2017-01-10,243.33726501464844,244.35315637351889,241.13798542057262,241.13798542057262,11349916
2017-01-11,242.4888153076172,244.6434261261402,242.03109781647612,244.48713743802216,11475958
2017-01-12,241.87478637695312,243.4488813013215,241.09331320085113,242.70089855523747,4371992
2017-01-13,243.46005249023438,245.0453109414927,242.15388096463317,242.15388096463317,7234429
2017-01-16,240.30072021484375,244.2526957615425,239.7871853219272,243.35960261632545,12013154
2017-01-17,232.48606872558594,238.4586935816529,231.87206251293557,237.78886997735344,39234251
2017-01-18,230.54356384277344,233.99318297773056,229.69510968081667,232.78748260476405,15867619
2017-01-19,230.80032348632812,233.39032480972725,230.19746588745576,231.1240643364346,15284274
2017-01-20,229.03643798828125,231.63760282991908,228.61221092872694,230.85614448190614,8784907
2017-01-23,226.8260040283203,230.19746365482132,226.1338535199514,228.14333908467782,13708502
2017-01-24,229.37135314941406,229.7062574763922,227.07160224828354,227.07160224828354,9419288
2017-01-25,227.1385955810547,230.57703606152685,226.8818206952838,230.42074737728063,23856654
2017-01-27,228.88015747070312,229.72861162010193,227.51816842130194,227.797270279884,21861796
2017-01-30,233.27867126464844,233.64708092352052,228.8131610666004,228.8466514988152,15678126
2017-01-31,233.36798095703125,235.2881587041295,232.27393035354766,233.7363906188604,15125194
2017-02-01,234.361572265625,234.64067412179173,231.13523767741384,233.5689504184101,11312284
2017-02-02,232.98843383789062,234.6183463433832,231.81623883602086,234.43973069494896,9099129
2017-02-03,230.78915405273438,234.5401867576964,229.99651735528977,233.5466074688197,13219481
2017-02-06,232.57534790039062,233.30098880694473,230.43190070708334,231.53711473460064,9991907
2017-02-07,230.17515563964844,232.73166671584346,229.3490433335242,232.65352236704217,9905562
2017-02-08,228.89129638671875,231.81621677858192,228.1879824334196,230.17512604670284,16230826
2017-02-09,230.5882110595703,230.86731291417794,229.2597273680856,229.52765084017932,9861688
2017-02-10,230.00770568847656,231.21339117638001,228.98063585670377,231.09059291279016,12518554
2017-02-13,229.94068908691406,230.8672874681291,228.18797851995365,230.64400302815125,8565757
2017-02-14,234.39505004882812,235.08721546059851,229.95186678218565,231.09057129250562,18244623
2017-02-15,234.72996520996094,236.1142811050057,233.37913974672708,235.08721138711968,15236663
2017-02-16,238.3470458984375,238.78243643424642,235.0090766314185,235.0090766314185,19655195
2017-02-17,240.1332550048828,240.73611263106142,236.32640464273803,238.12378423415802,14847356
2017-02-20,240.11093139648438,240.88124120483604,238.1237875542445,239.0280441970999,11650581
2017-02-21,242.96885681152344,243.5828629833461,239.5862187709409,240.0662632117134,14186476
2017-02-22,269.60565185546875,270.532235322036,243.81727556552298,244.04056000305746,127323130
2017-02-23,264.0795593261719,272.84314162064595,263.320413126821,270.9676179794334,62249698
2017-02-27,276.6165466308594,280.61316102814067,265.77649691524454,265.8099724434465,83422197
2017-02-28,276.4267578125,278.64836441339946,274.29445903384584,275.0759322875113,36111716
2017-03-01,275.6341247558594,277.8445528844126,274.62938198751533,276.8844640253719,24385665
2017-03-02,276.1365051269531,280.1442979489288,273.9707308372177,276.3932502092942,18063590
2017-03-03,281.00390625,287.5347345872703,277.2082343327899,277.2082343327899,84305639
2017-03-06,291.4532165527344,292.9380038127273,282.49986889062455,283.33714462960626,66724743
2017-03-07,291.3638916015625,296.2871191594167,289.399060007472,294.4674276726118,42071555
2017-03-08,288.29388427734375,291.9779214586626,287.15517970791643,291.9779214586626,43336972
2017-03-09,287.3003234863281,289.8121808612129,286.128143250731,288.0259943572021,31094457
2017-03-10,286.16156005859375,289.3655823042849,281.59556380345356,288.08173772969616,24785585
2017-03-14,287.9142761230469,294.50093637203673,286.96536565108295,294.4451040812068,27765035
2017-03-15,291.3638916015625,293.8980754341324,288.1152452322453,288.2603555305132,24107889
2017-03-16,289.7340087890625,292.5807701254852,288.82972238171465,292.49146230387345,15924023
2017-03-17,290.4150085449219,294.7130519796815,289.8233292963364,292.04490616969673,22727289
2017-03-20,285.9718017578125,291.65417564456885,285.4247764664259,291.5983433536437,12869337
2017-03-21,282.1761169433594,286.6639543128545,281.1713741193957,286.2843960627646,22596181
2017-03-22,281.2607116699219,282.6450128902849,278.32464213782885,279.54147626682465,20291685
2017-03-23,284.29718017578125,285.24609051461397,280.8810671851668,282.0309200865626,11807911
2017-03-24,287.3003234863281,288.4725335309489,283.2143708104505,284.4758886898206,16282523
2017-03-27,279.34051513671875,285.51411244178826,278.4697340137343,283.8060257264613,32452615
2017-03-28,278.1459655761719,282.2207388957989,277.33098706503324,280.8810918852254,21707345
2017-03-29,280.5797119140625,281.3276798862074,275.3773818313799,279.474482817011,18924345
2017-03-30,283.7055969238281,284.62103204940087,279.76478433929657,280.21132351810087,27862325
2017-03-31,294.9251708984375,298.6650403974258,282.6673142235547,282.6673142235547,45390562
2017-04-03,306.92626953125,308.23244125559467,298.53109505795965,299.6363241652564,44886623
2017-04-05,315.9354248046875,316.6052632832776,308.14310861887975,311.5145683494436,40323877
2017-04-06,321.1824035644531,323.50446653517406,313.07751012224406,314.5957728926327,50620850
2017-04-07,314.0599060058594,320.17767080795045,313.1556493827624,317.3420877760699,31875272
2017-04-10,308.4222106933594,318.14585326369695,307.5179242752521,314.8190474420182,30768410
2017-04-11,306.4127197265625,312.68677301424196,305.91034832826216,309.8734872219563,32249647
2017-04-12,302.31561279296875,309.56093391206105,301.6792796135249,308.74595526747424,27448279
2017-04-13,304.7269592285156,306.6471069983788,300.8307717836664,302.31555887389203,12713918
2017-04-17,310.7665710449219,311.59269813496104,304.7716200695321,304.7716200695321,11837502
2017-04-18,305.9326477050781,314.81901357744164,305.21815539152044,312.575110060592,16016414
2017-04-19,305.62005615234375,308.69011671482974,303.10819925904354,305.66471006115717,11572557
2017-04-20,305.7875671386719,309.63907165862855,304.57070323518695,307.8975391557306,8393496
2017-04-21,313.14447021484375,317.27507591004206,307.79700082221393,308.23239132646864,30230907
2017-04-24,316.4713134765625,320.4009770555562,312.63095772354404,314.60693808677746,25512511
2017-04-25,319.90972900390625,327.71322325145593,318.41379322763726,325.98283954595934,36764315
2017-04-26,316.2591857910156,321.5284964571218,313.1668278595277,320.40097027354057,16763153
2017-04-27,314.7073974609375,317.97840063994045,313.07749996684714,316.38197867322606,12571594
2017-04-28,311.5145568847656,317.1187715923517,310.5767949728598,314.76323314419017,11848658
2017-05-02,306.01080322265625,313.0328243822944,305.061892723415,313.0328243822944,18591411
2017-05-03,305.91033935546875,308.2882047365275,304.7716348605904,307.4286020789672,9500038
2017-05-04,303.19757080078125,308.0314911111286,302.32678967249757,307.00442128451573,14365934
2017-05-05,296.5662536621094,305.2963620258597,295.84061266377984,304.0125173001868,15598448
2017-05-08,295.03680419921875,299.07810249145587,294.35581713331214,296.9569820428362,16066733
2017-05-09,297.03515625,297.7719458387736,294.78004414214297,295.61734975200915,21106150
2017-05-10,303.4543151855469,304.45905805288777,297.10213201166465,298.02871562551456,22906024
2017-05-11,303.55474853515625,305.8321573554708,301.79085963300344,304.570639799506,13783848
2017-05-12,301.52294921875,304.548325998503,300.0939943583569,303.6663964138483,7523427
2017-05-15,300.1051330566406,302.85143772644545,297.73841640013546,302.85143772644545,6738085
2017-05-16,302.82916259765625,307.4286349786345,299.4130189384223,300.54057498116345,12655992
2017-05-17,302.1146240234375,304.9837120841111,300.92008729209095,302.09229706983336,9844573
2017-05-18,296.3653259277344,301.42251602217766,295.6396848929809,299.24559291791724,9790379
2017-05-19,294.4674377441406,298.22963399943933,292.4914575098387,297.62680621344055,12813204
2017-05-22,295.6507873535156,297.7607590641367,293.6524802237683,296.1754856857473,8801430
2017-05-23,291.4978942871094,296.9235237920244,290.705272394521,295.99691034595037,9223001
2017-05-24,289.74517822265625,293.31761058040297,289.1646773403863,291.9332796277165,14326531
2017-05-25,290.8056945800781,293.0272710668397,289.46601781235586,290.2586693394464,25922008
2017-05-26,298.5868835449219,300.1721271002775,290.25869116596317,291.14062076033605,21430443
2017-05-29,302.963134765625,304.87213436955216,298.2073437128658,298.51995093084156,24022633
2017-05-30,303.5101013183594,304.7046380417602,301.08755234588256,302.739806519632,9658309
2017-05-31,299.3460388183594,305.43032837858874,298.2519881129052,305.21820738191246,16423338
2017-06-01,296.5662536621094,299.18974560077686,295.394073529122,297.55984795025466,9534069
2017-06-02,295.7847900390625,298.8995049367201,294.05440612215136,298.0733777015692,11495005
2017-06-05,296.8118591308594,299.41302419118233,293.7976602630412,296.1197234512816,10835031
2017-06-06,293.1165771484375,297.83886171382414,292.71469200589974,297.83886171382414,9591064
2017-06-07,298.9664306640625,299.63626907341956,292.26816580655776,292.7593587801408,11199223
2017-06-08,297.3365478515625,300.2614686035288,296.52159902828123,299.18974487393257,7903123
2017-06-09,298.2296447753906,302.08114899000395,297.18024804171534,300.3284382427412,13836547
2017-06-12,294.6014099121094,296.9011757894566,294.05438458981257,296.1866833939396,8432435
2017-06-13,293.4626770019531,296.2871111638569,292.71470914947145,294.85815631990613,6025338
2017-06-14,303.0970458984375,303.6552197497881,293.80876473080644,293.80876473080644,52939271
2017-06-15,309.0027160644531,311.4699192245005,303.4543035499736,303.65524615393264,28290813
2017-06-16,310.0856018066406,311.6485184529986,305.7316965718169,310.15258267109806,32710880
2017-06-19,314.651611328125,316.1140717818365,310.39822152320494,310.39822152320494,15236956
2017-06-20,315.34375,317.52070272919815,314.2496993486645,314.59578207064163,10142474
2017-06-21,317.49835205078125,318.8379991176445,313.5351835224084,314.3278351134936,19992472
2017-06-22,319.8762512207031,322.72301245189834,318.77102225558247,319.16175886520034,22118609
2017-06-23,320.5907287597656,321.96388124403416,319.41854868511257,320.62423409770804,31143289
2017-06-27,320.8809814453125,322.18715307192525,318.16818179559044,319.7311283181739,32591540
2017-06-28,312.25140380859375,321.50618078074876,311.5927436783497,321.50618078074876,15567803
2017-06-29,310.95635986328125,314.81904236776705,310.37585902525444,312.58628721885634,12898245
2017-06-30,308.12078857421875,310.8893907552478,307.01555953110824,310.8000829306353,7814271
2017-07-03,308.355224609375,311.4029586327699,306.1113206721958,309.9516467805269,9195278
2017-07-04,317.4871520996094,318.6370348813324,310.13022739980886,310.3534969276146,18816782
2017-07-05,322.1090087890625,323.1807324261009,317.944897587527,319.1617613349523,27209010
2017-07-06,322.08673095703125,323.75013405315707,321.07080964741755,323.4598537881115,13590313
2017-07-07,332.9378967285156,334.41150562539895,321.5173458028655,322.1871544791671,35845310
2017-07-10,333.31744384765625,335.11483825825974,332.4801681257292,333.8198152426162,3504540
2017-07-11,333.65240478515625,335.89630866961113,332.01132873766574,335.1371921341745,20995547
2017-07-12,337.3922119140625,340.4957477788488,334.3556569076447,334.779869010645,17104482
2017-07-13,339.8482971191406,340.4958086748558,336.2870431807491,336.86757386611663,23010262
2017-07-14,342.4494323730469,342.9518037615456,338.38580735536914,339.37940155945387,20530867
2017-07-17,346.4684143066406,348.22112503018496,343.1750840326874,343.1750840326874,18749450
2017-07-18,339.3570861816406,346.47956387396056,337.3699275146986,345.36318628465847,19640167
2017-07-19,342.2708435058594,343.3983995272025,337.7271736991325,337.7271736991325,11790198
2017-07-20,341.3665771484375,346.07768409106257,340.20551582072767,343.7890965831056,13626050
2017-07-21,353.8923645019531,355.38830039105864,344.95016507939727,346.0776912830761,97142371
2017-07-24,360.646484375,362.8010805132062,353.8923858913445,357.2415189837059,43429394
2017-07-25,357.72149658203125,362.8121910463695,356.70557548001455,362.756358757878,20063064
2017-07-26,362.3210144042969,363.91743650306114,357.48709419513045,358.17925965369284,21954323
2017-07-27,356.0804748535156,364.27467672971034,354.64034141453016,363.4932332352782,18409364
2017-07-28,356.00225830078125,358.5699473677082,352.3293701365292,355.2877659832771,14331863
2017-07-31,360.63525390625,361.4390540788528,356.3483593977258,357.67685790662216,16567422
2017-08-01,358.0452880859375,362.3210044577847,355.34363700418555,362.3210044577847,12311920
2017-08-02,363.7611083984375,365.2123902186214,359.04997205556384,359.4742139909222,20786240
2017-08-03,368.4275817871094,371.73209040406164,361.0483293097049,363.2364305448096,19707381
2017-08-04,362.1870422363281,371.3078570548101,360.6129471393275,371.3078570548101,18579866
2017-08-07,360.89202880859375,364.29696389929614,360.0435747268545,364.29696389929614,9537088
2017-08-08,357.81085205078125,361.9414582517214,354.2942520599384,361.2604711719237,10961296
2017-08-09,356.9735107421875,361.7069741057547,353.8923314262746,357.57636831818127,10436651
2017-08-10,353.7471923828125,358.7262522590155,352.31823749221945,355.68969703361455,10188164
2017-08-11,345.2403869628906,352.77592788983895,342.2819611504271,346.2897836368318,16996281
2017-08-14,351.22418212890625,353.7806931123258,348.5337094095459,348.5337094095459,13440617
2017-08-16,349.6724548339844,351.8828831649044,346.1223494832781,350.98977508805393,13576650
2017-08-17,349.89569091796875,356.71676929441577,348.5671924081704,350.31990305459317,15828719
2017-08-18,351.7488708496094,352.2847475876917,346.7809891375007,349.20353831852134,7935890
2017-08-21,349.2928466796875,353.70255451416847,348.36626312557473,352.1061324886728,7573558
2017-08-22,348.32159423828125,352.7535990285962,347.4284862511772,350.98973981785826,9533641
2017-08-23,353.2336730957031,354.2384159393817,346.78100386344283,349.39334718061525,8320052
2017-08-24,350.1077880859375,355.7008542485297,349.3151662809845,355.00871864532536,12654347
2017-08-28,349.77288818359375,353.21132871519757,348.5783513655636,352.563847013692,12316426
2017-08-29,342.09222412109375,349.9850267573271,341.61217965512816,348.7235090102044,15164812
2017-08-30,349.22589111328125,350.27528790269434,344.124047291419,345.53067539330584,10334911
2017-08-31,356.01348876953125,356.6721488954187,351.4363136097734,351.65958317634187,25104625
2017-09-01,359.49658203125,360.94786401729874,357.01823023397617,357.2079944603079,15431918
2017-09-04,360.2221984863281,365.31289328254195,356.31486211671796,360.7022429243861,21560532
2017-09-05,364.520263671875,365.02263505422934,361.9414258963905,363.93973304401345,25216776
2017-09-06,367.3782043457031,368.96347787148363,362.3321929525914,363.13596338468454,48745984
2017-09-07,365.32403564453125,371.75440725238354,363.9397346460237,367.51216662916585,16205339
2017-09-08,364.7881774902344,367.62379007288587,362.64473029001425,366.17247844607977,13248413
2017-09-11,365.2347412109375,369.2313854792627,364.6319134127772,366.7530338021206,12690592
2017-09-12,367.8470764160156,368.40525029104055,364.8328480638249,367.40050750697696,6500191
2017-09-13,379.1225280761719,383.98992364992097,367.06561430214686,367.958722338262,29377106
2017-09-14,376.82275390625,384.7044075587523,375.9966565644002,382.1590750496096,11867640
2017-09-15,375.9073486328125,380.84172496334685,372.75915852558074,375.99665645352667,28595395
2017-09-18,377.5818786621094,380.037933019488,376.4878281114011,379.5690371783174,5061995
2017-09-19,374.4783935546875,379.01091486015576,373.7639309323645,378.9885879032082,7718697
2017-09-20,378.2964172363281,389.61651215261384,377.3809822050207,382.293061711175,24942703
2017-09-21,375.7063903808594,380.3282193220273,373.4289812488149,378.22942583814006,12950541
2017-09-22,365.011474609375,375.0589027502005,363.1359507152183,375.0589027502005,12294087
2017-09-25,366.8646545410156,369.7225941611005,359.56353171288123,363.9397340570316,14229631
2017-09-26,366.2171630859375,369.32069937680205,362.6894146338334,366.93165548230814,10564143
2017-09-27,356.8619079589844,368.71787948047375,355.23201033759705,368.6732255678062,18448855
2017-09-28,351.1907043457031,358.53648148245423,348.3997454377879,357.0851995433894,29547622
2017-09-29,348.7123718261719,354.2942601402798,347.90857156241435,353.5574407477502,16666208
2017-10-03,356.50469970703125,358.9607246805807,350.69951183079485,355.0087637269287,18345748
2017-10-04,365.65899658203125,368.3829448694154,355.2766638094938,356.8842344725529,18907611
2017-10-05,368.02569580078125,369.9458735684427,365.56967110764344,368.4052540396603,10631751
2017-10-06,373.7862243652344,374.81329410172935,367.33352572295894,367.95871027044143,12997688
2017-10-09,370.9283142089844,375.0142665250175,369.7449556937486,374.65700540845995,8850408
2017-10-10,376.5325012207031,378.3633711528929,371.0845751432538,371.0845751432538,14732024
2017-10-11,375.1705322265625,383.3201094023919,373.3173353142636,377.47026824591217,15420644
2017-10-12,389.7281494140625,391.53669253153663,376.0413373887415,376.0413373887415,18642942
2017-10-13,391.38037109375,397.74373258340404,389.99606997454396,392.6530672388975,21509701
2017-10-16,391.53668212890625,398.32425566476127,384.6151170468915,392.5190980102827,32009221
2017-10-17,390.4425964355469,394.75181782965194,387.2497227507772,392.07249390019416,13898844
2017-10-18,408.37164306640625,409.8899057440055,390.732842692822,391.80456629142657,36671941
2017-10-19,406.3175048828125,411.67612289163236,403.2362958016139,408.9521450746826,8014767
2017-10-23,419.6470642089844,421.8575221366229,405.9602535517682,407.6571617157074,27455320
2017-10-24,417.1910705566406,423.1972006308737,414.4894492373604,423.1972006308737,13857773
2017-10-25,419.7140808105469,422.3933750125935,415.06992515317097,419.80338863001384,10011782
2017-10-26,423.0632019042969,427.7073276257193,415.73975224504153,419.75872324728203,16840049
2017-10-27,415.2262268066406,427.2161596528059,413.37302987677987,424.22425818015563,11498547
2017-10-30,420.8751220703125,422.23709615790835,415.5611576432289,417.0794204185303,7823263
2017-10-31,420.1383056640625,422.32640692524046,416.27562311917796,421.96917563656467,9504986
2017-11-01,425.36297607421875,427.7073661000757,422.326420595129,423.219528654746,17571371
2017-11-02,422.7059326171875,427.1268185191982,421.65653597849627,425.47456431827277,10277678
2017-11-03,422.12542724609375,426.8811875949243,419.82569140921214,426.8811875949243,4798537
2017-11-06,416.4095764160156,420.87511647908855,414.8466597507042,420.87511647908855,9757496
2017-11-07,404.8885498046875,417.52596440948065,403.25865223339093,416.78917487310883,20447574
2017-11-08,396.4487609863281,404.5760121114432,394.7965362973133,403.01309525377934,17752793
2017-11-09,402.11993408203125,406.3175208378533,398.3465594691624,399.55224484236385,15007224
2017-11-10,394.68487548828125,402.32090322853384,392.6084089282193,402.32090322853384,13923102
2017-11-13,390.8445129394531,398.27959794271703,390.0630396712609,395.198388590921,9088619
2017-11-14,395.9574890136719,399.6638527032569,389.83972493105034,390.7328328756176,12481463
2017-11-15,394.6178894042969,397.6990689601026,392.05020002909856,394.9751207014291,15272059
2017-11-16,403.61590576171875,404.5759947164843,395.4216741154058,395.4216741154058,15160866
2017-11-17,407.2106628417969,413.0158206435713,405.6923701643182,410.3588531715152,12219276
2017-11-20,411.207275390625,412.77022197349163,404.12945128150716,404.6652982408757,9231195
2017-11-21,416.43194580078125,419.6024631736423,413.28375538528496,413.86428608579047,13082246
2017-11-22,415.6281433105469,419.15589172942293,412.36828855038425,418.6200149849375,11058315
2017-11-23,422.8846435546875,424.1796368860034,413.79730366015184,415.73980856163655,16031638
2017-11-24,424.7154541015625,428.46650189801596,423.0632295695206,424.2242610757991,13987125
2017-11-27,424.82708740234375,427.573392372981,421.54493549637414,422.9962472309385,10237135
2017-11-28,421.2546691894531,424.8270713840286,418.9102793177311,424.1572627401186,10153618
2017-11-29,422.4380187988281,424.2242347633992,420.20526374762323,420.584821971262,8038351
2017-11-30,411.51983642578125,420.4062026438823,410.60440149720495,420.4062026438823,20637767
2017-12-01,406.4068298339844,415.8514000619264,405.3351061870339,412.8148447607303,11114967
2017-12-04,402.6111145019531,408.05904037043086,400.7132637774092,407.9250786452655,10103208
2017-12-05,408.0144348144531,411.16262515597236,399.8648869046642,402.36556568879905,18306627
2017-12-06,413.7972412109375,415.42713865548745,405.8262801924272,406.3621568953182,24078081
2017-12-07,415.9853515625,417.9725101228379,412.1673231226794,415.31551312124543,12095301
2017-12-08,411.2742614746094,418.3967693963267,410.4035101545963,417.0124682580539,12224184
2017-12-11,409.10845947265625,413.50701873533626,407.94742798183825,411.92174528253406,10792248
2017-12-12,408.8628845214844,414.8466877434601,405.4690976917603,409.0191732176596,15782031
2017-12-13,408.43865966796875,413.03813182015205,406.6747705335591,409.44340249264235,9147866
2017-12-14,411.49755859375,413.01582146522804,405.80400575540983,410.381180944687,10983157
2017-12-15,410.7160949707031,416.61059055908976,409.80065991128555,415.7398094143256,24408414
2017-12-18,411.2742614746094,416.47659148287073,385.217987328477,407.232992844408,18581421
2017-12-19,413.4847106933594,413.9535767786094,410.8277134498808,412.43531393163636,8891691
2017-12-20,410.0015563964844,414.1321622732668,409.48803643574763,413.46235362882754,10443493
2017-12-21,407.67950439453125,412.5915836303797,406.3621842161739,410.13552910794584,9071450
2017-12-22,411.0063171386719,411.89942517931684,406.04958390805336,408.43865760471,10658428
2017-12-26,415.2038879394531,419.26751297162076,410.00155839716376,412.99345978398054,11596338
2017-12-27,412.50225830078125,418.6423198237135,410.38113800858156,416.63286411285617,9520350
2017-12-28,412.7032165527344,417.2580346724939,410.42580749285463,413.17208261429,15511891
2017-12-29,411.29656982421875,416.3202839498168,410.15786526361916,413.7302974458311,11089700
2018-01-01,406.25054931640625,412.033379811596,405.24580651412754,412.033379811596,9453202
2018-01-02,406.8757019042969,410.6267496285973,404.75458153398915,407.70182905893677,9499419
2018-01-03,408.505615234375,413.5070020920725,407.724142017137,413.06043319264313,13507800
2018-01-04,410.961669921875,411.6315084155257,408.90753033763457,410.00158099821783,9008932
2018-01-05,412.27899169921875,413.90891912267506,410.93934451588416,411.6315099683002,7441284
2018-01-08,414.6457214355469,415.7397720552651,412.3906393301493,413.5516708158287,8827020
2018-01-09,420.1829528808594,421.5002730458834,412.61390640949423,414.4670734989949,14294571
2018-01-10,420.8081359863281,423.06321807044134,417.7492537092484,421.0983864027537,11727682
2018-01-11,418.7539978027344,420.9420990283351,417.5259556498398,420.56251098126955,7849171
2018-01-12,423.7776794433594,425.47458764496366,418.97726487219404,421.09838521969004,15071161
2018-01-15,423.8446960449219,428.01995622680977,422.0808366384759,424.22428412174344,11120925
2018-01-16,412.1449890136719,423.1971591529144,410.8276689174565,423.1971591529144,10825151
2018-01-17,412.83721923828125,414.846705033757,405.02254563164837,413.50705777311384,13204016
2018-01-18,410.69378662109375,415.114643608173,408.6396468359223,414.84672010811323,9381821
2018-01-19,415.8736877441406,417.2579886297624,411.7654091839565,412.16729433522914,9973533
2018-01-22,433.82513427734375,435.07547364672934,419.7587642059694,423.3311666626455,45700733
2018-01-23,439.0721130371094,442.5105537156466,435.38807584060953,435.38807584060953,22526810
2018-01-24,431.5253601074219,438.4022409373544,429.8731058588307,438.4022409373544,14289485
2018-01-25,431.324462890625,434.04841124017764,426.9705572664659,432.2175411632514,13669901
2018-01-29,430.6992492675781,436.41509887232303,428.37718629718233,431.45839555717566,9897064
2018-01-30,424.40289306640625,431.27980435507897,423.7777084732466,431.27980435507897,9182956
2018-01-31,429.2702941894531,430.6992491379545,420.45087856303894,424.22425324556076,12551686
2018-02-01,421.4779357910156,434.31629241776403,418.2404379410274,430.1410624728571,16524809
2018-02-02,403.8391418457031,421.5225969800169,402.3432060499083,417.5259527941968,28965593
2018-02-05,402.85675048828125,407.4785795046294,393.76944076830574,399.2173671708186,19191099
2018-02-06,398.368896484375,401.0035666552546,388.94665300072035,391.6259770825122,24062503
2018-02-07,399.39593505859375,404.30801392048903,397.43110351383564,403.0353477498439,15532284
2018-02-08,403.9284973144531,406.6524755760723,398.4805706002371,400.9589523275933,13825894
2018-02-09,400.93658447265625,402.78975157844945,395.64491719281295,396.98459413382045,11580639
2018-02-12,408.8182373046875,410.0239227896661,402.8121070277356,403.23634901903813,11877059
2018-02-14,416.9231262207031,420.87511650796074,411.2742277284595,412.16733574113533,22247829
2018-02-15,417.8161926269531,422.3263563423712,414.46703046067586,418.70930055069266,13363743
2018-02-16,411.4082336425781,420.9197851250273,409.9792488487607,419.58010815469595,9628162
2018-02-19,413.95355224609375,416.18630737586085,407.9474224654286,411.2742282049619,8941900
2018-02-20,411.3188781738281,415.0922527885687,410.29183824827396,414.8466562846318,8458450
2018-02-21,415.0029602050781,416.4095882246497,411.7877891539004,415.2932106294777,11917390
2018-02-22,412.77020263671875,415.7397771578349,410.8276978819654,411.72080591476157,11196908
2018-02-23,417.1910705566406,418.86565189032564,412.05572158356296,413.2390800716386,10610664
2018-02-26,419.17822265625,421.94685460944527,418.24046070128094,419.3121843913856,8435611
2018-02-27,424.4475402832031,426.8142572610029,419.02194087563487,419.3121913065487,14021366
2018-02-28,426.2560729980469,427.39477754682974,421.18770501321825,422.41571738472766,56650480
2018-03-01,423.509765625,428.64511444780646,422.41571499377295,424.1126232340114,8956590
2018-03-05,412.6585693359375,424.29124114148544,411.54219174320076,421.0983970529957,12325694
2018-03-06,406.7417297363281,418.0618236756184,404.17407032616086,414.8466527697217,16019726
2018-03-07,397.31951904296875,406.0272705654232,396.5603727116152,406.0272705654232,15853546
2018-03-08,407.0096740722656,408.37167799773727,398.90478043211385,400.8472554009137,13283967
2018-03-09,407.7464904785156,410.5374493678518,406.83105548586906,408.5502906926711,10638527
2018-03-12,415.42718505859375,416.67755423533293,409.7336621301337,410.82771280301506,8315150
2018-03-13,416.119384765625,417.97258191783857,411.43060429850664,416.14171172386796,11148731
2018-03-14,414.8689880371094,416.2086351558208,410.47045863421005,414.75735326130166,14724464
2018-03-15,407.16595458984375,415.0476083222038,406.3621841950352,413.0604496725553,12711836
2018-03-16,401.91900634765625,406.2282280372592,395.6672798925703,405.91562084819117,30814962
2018-03-19,399.8872375488281,404.97790324600385,398.32429085939685,402.3432625647654,12630833
2018-03-20,397.341796875,403.6828306022974,396.11378460814586,398.904743257554,15192983
2018-03-21,400.5123291015625,402.94602677484403,398.90475855880436,399.59689415249795,14715126
2018-03-22,405.53607177734375,407.23298006832863,399.99883758895027,400.11047237006505,22129723
2018-03-23,399.17266845703125,401.89661644805597,397.0292212668078,397.6990298831169,23469999
2018-03-26,402.38787841796875,403.81683341423195,398.5475227411726,399.1950342756622,13227705
2018-03-27,401.8073425292969,406.69709488594214,400.5570031976899,405.11185121792784,15179544
2018-03-28,394.1712951660156,400.04346308972373,392.96560980658546,400.02113613508646,19160609
2018-04-02,398.7484436035156,402.3208756129137,395.86820681198606,398.7707705583489,12494499
2018-04-03,401.6956787109375,402.655767548251,395.3099909709568,397.8776801248475,13922126
2018-04-04,399.6192626953125,407.16598281054684,398.34659633963776,403.9954654953288,14214534
2018-04-05,405.55841064453125,406.3622109011848,403.4596170798931,404.174109509032,8527915
2018-04-06,406.8086853027344,410.1578177286476,404.1293912856103,405.4690382941723,9664888
2018-04-09,409.0414733886719,410.3811503147739,407.5008836753791,407.5008836753791,7813897
2018-04-10,409.5103759765625,412.56925830723617,408.2153827484942,410.1132037750853,8455132
2018-04-11,415.6727600097656,416.5211842483003,409.06377306753535,411.63146216383564,13140816
2018-04-12,414.71270751953125,418.26278288719857,412.7032218973741,415.2262274983615,10822592
2018-04-13,419.2452087402344,420.51787504887744,414.71271740900545,416.4989037087244,12616816
2018-04-16,418.4413757324219,419.75872565915995,414.62337710556983,417.28034429539514,8934275
2018-04-17,421.65655517578125,422.9739051293405,417.9725182002312,419.75873420541706,9599816
2018-04-18,418.8656311035156,423.42044918011015,417.54828113454346,422.10312902015687,7360987
2018-04-19,420.78582763671875,421.9915130749698,417.52597281049526,419.3568428284788,9802587
2018-04-20,414.35546875,420.5848685525781,411.36359692015674,418.8656630696116,7326696
2018-04-23,417.9725036621094,421.70119441764496,414.6233711256409,415.2931797475241,7674482
2018-04-24,433.1776123046875,435.70064774818246,417.52596908513124,417.88323018851366,19921115
2018-04-25,433.37860107421875,438.42461253362546,430.2750646602449,434.7852291578828,14079382
2018-04-26,435.5443420410156,441.19321070753193,429.6945009702521,434.4949453458037,34096999
2018-04-27,444.8996276855469,451.4639316595429,440.076856103395,441.99703395377975,25518647
2018-04-30,430.16339111328125,443.24734429235497,428.6897524831689,438.5139106538567,19406069
2018-05-02,434.3609619140625,437.2635255403819,430.9448187297812,431.81559974128396,13381914
2018-05-03,429.4042663574219,436.6830626266957,428.3548696235912,436.6830626266957,8634812
2018-05-04,425.9881591796875,430.78857399605977,424.22427002284235,429.96244680810565,8302649
2018-05-07,433.6018371582031,434.60657994295275,427.0598604843317,428.1762380441625,7683268
2018-05-08,431.86029052734375,438.51393202379046,431.0118363972981,436.50444638226855,10792648
2018-05-09,436.14715576171875,439.54094224318993,429.69448711335707,431.3244143956854,9831044
2018-05-10,438.13433837890625,439.6749579286367,435.0531290884648,437.6208184016757,8781584
2018-05-11,441.75146484375,442.6668701043375,436.61611555631947,438.17903239561286,8774740
2018-05-14,440.5680236816406,442.9570972829856,436.1471673753862,442.9570972829856,5642499
2018-05-15,437.15191650390625,446.5518329344515,436.1248467545756,438.98278645032593,10501479
2018-05-16,426.9705505371094,434.94151246684066,425.3183259497697,434.94151246684066,18840763
2018-05-17,422.1477966308594,428.68977354175877,420.4285614142802,428.3995231160313,10353948
2018-05-18,417.012451171875,425.7871833554205,416.18632399053627,422.2594348789994,11440117
2018-05-21,415.89605712890625,417.8385618429405,411.76545119444734,415.6281336673895,14491208
2018-05-22,413.8419189453125,417.07941687591415,413.06044570440343,416.6998586375675,11310073
2018-05-23,407.3669128417969,413.5070042206686,405.9825820363595,413.5070042206686,9991028
2018-05-24,408.9745178222656,411.2742539614078,406.4291851614525,408.14839062216987,11632489
2018-05-25,411.1849670410156,412.34599864787424,408.34938380133235,409.04151948850404,17782410
2018-05-28,411.0063171386719,413.95356473009423,409.97924736328315,413.01580277786803,11369679
2018-05-29,409.6889953613281,414.4001022510994,408.3270212543215,411.4975383914485,17878384
2018-05-30,409.086181640625,412.25669911792835,404.843940365487,408.52800768811886,13105124
2018-05-31,411.4305419921875,411.85475413456226,408.3939867039234,411.2742234991362,37080158
2018-06-01,415.5388488769531,417.8609119568299,410.135546582789,410.82771203908754,19174278
2018-06-04,420.1383056640625,421.5449336722428,415.53883358628417,416.8114998612111,12250151
2018-06-05,423.1748352050781,426.45698689643126,420.2052608722298,421.0090610316883,17436812
2018-06-06,426.1890869140625,426.90354948712906,420.94210334800863,422.88460808657186,9164022
2018-06-07,433.75811767578125,435.83458407123004,426.2113983592626,426.4123409506251,14999572
2018-06-08,439.56329345703125,440.5456794340654,428.9576623966759,431.52535153643095,14289325
2018-06-11,438.80419921875,446.5295348896188,437.19659872048845,440.7913579803967,15018718
2018-06-12,445.27911376953125,446.5517798751094,437.7547220899032,439.13902295833776,16285583
2018-06-13,447.6682434082031,449.1865360930787,441.8630855781468,446.5518657559223,12962502
2018-06-14,450.1019287109375,451.8211340365415,440.9252820230619,445.4131191660667,11997529
2018-06-15,452.8929138183594,457.0458471547827,446.2169746631508,449.23120335658916,24705890
2018-06-18,453.4957275390625,455.6838287829009,449.6776989355184,450.4814991376886,12363932
2018-06-19,444.7879638671875,453.16081036400743,443.7162104219926,452.7588953698048,13881382
2018-06-20,455.1479797363281,456.7779071951987,444.2521267649629,444.7656467696075,15735681
2018-06-21,460.8192138671875,462.6277570122999,456.0634229546012,457.0235119199682,22988909
2018-06-22,452.13372802734375,459.5911393631282,450.3251851264177,459.23387828835445,35370008
2018-06-25,448.53900146484375,453.9199468376982,447.5789125600004,451.6425377365422,11369371
2018-06-26,437.15191650390625,449.23115698840854,435.4996920082989,449.23115698840854,17649122
2018-06-27,434.18524169921875,442.9736778454549,432.7691807797408,439.87187155708614,19595831
2018-06-28,424.7898864746094,435.37647823601606,422.69953956609515,432.4544818030676,18770484
2018-06-29,437.15216064453125,438.52326915406076,426.6105205092501,426.65547291885537,17425606
2018-07-02,431.8251647949219,437.1072231451407,430.2068479856448,437.1072231451407,14570004
2018-07-03,436.6352233886719,439.8494108140677,431.71278432124365,433.80313145844514,11084063
2018-07-04,445.0865173339844,445.9406431561023,436.5003667181214,436.8599860081562,10938521
2018-07-05,433.5783386230469,453.3130158947202,430.92608653417227,448.1882913407089,40946479
2018-07-06,439.44482421875,441.89479056248325,433.57835470675116,433.690735730933,20039239
2018-07-09,448.2332458496094,449.5368956961544,442.1195382825447,443.7378849948843,11309207
2018-07-10,461.0899963378906,462.3486937806942,449.53689729421313,450.77311853282885,22846197
2018-07-11,466.9789733886719,467.92300403653263,457.56117312405365,460.775360564607,18953870
2018-07-12,486.5562744140625,494.041060751693,468.687181263277,469.47387844810015,52736376
2018-07-13,494.40069580078125,498.53643744288905,485.4998487851775,485.72464083742705,39301408
2018-07-16,483.7916564941406,498.491515174278,482.375595514969,494.400725693623,14427529
2018-07-17,491.0516357421875,492.6699524156847,480.82466298335254,484.73564245741824,14150770
2018-07-18,491.1415710449219,496.55848651032636,484.28611843790753,493.7713470557062,10241565
2018-07-19,496.67083740234375,501.23362678964304,488.35440196148943,491.47868430273854,11885426
2018-07-20,507.369873046875,511.79777548797597,499.84010425246225,500.5144204155053,17538801
2018-07-23,503.6162109375,507.8868100711345,500.3795772868714,507.8868100711345,12779803
2018-07-24,499.41302490234375,506.51568533486125,497.81715442001786,504.38041597098356,9775749
2018-07-25,501.30108642578125,504.8299706605841,496.3786774743974,498.9859772832793,13014255
2018-07-26,499.2781677246094,504.1556842801514,497.9969940258521,499.0309294685532,14053674
2018-07-27,507.9093322753906,511.30332948170013,499.952515108216,503.2566074885268,14610585
2018-07-30,517.5968627929688,520.2491152556282,507.07769775443705,507.9767460412455,30344461
2018-07-31,533.1508178710938,535.1287841171641,515.6863547886228,517.4170527477189,30350826
2018-08-01,536.0053100585938,540.7479391356433,532.8810276832556,535.128708095857,21227054
2018-08-02,525.2164916992188,535.6233054053935,524.137633786646,535.6233054053935,13668930
2018-08-03,529.0824584960938,532.0269312358922,525.7558602811868,528.2058565345052,14536058
2018-08-06,536.1177368164062,537.6461187305531,528.3632361645858,528.9700636810367,8785462
2018-08-07,532.3416137695312,540.0736682157547,529.1049202750204,537.1516415855442,8879612
2018-08-08,547.401123046875,549.5588988308307,532.7012642655694,532.7012642655694,17307566
2018-08-09,547.5134887695312,553.6945949246978,544.8387304627315,549.1093292653646,14976885
2018-08-10,541.3323364257812,546.1873766742995,540.4782406500639,544.3892202878003,7833494
2018-08-13,533.9149780273438,539.421797883771,531.6672976781197,538.34288010753,10211072
2018-08-14,544.20947265625,547.1763920212458,532.3866275774878,534.9489752131535,11592139
2018-08-16,539.8038940429688,546.6369003092602,537.4213563382359,540.9053180934815,13086024
2018-08-17,541.130126953125,546.3672331206526,539.4668276518695,543.4901586491368,8379864
2018-08-20,555.1331176757812,555.9872134076422,542.8831966769466,542.995607702579,16639535
2018-08-21,560.662353515625,562.5953669263287,551.5817277373621,556.1894992415467,15923396
2018-08-23,570.6646118164062,572.709976295367,556.706499661583,560.2577997481166,17429373
2018-08-24,574.283447265625,575.3848113668398,566.439041321252,568.7766267595507,14550512
2018-08-27,580.5769653320312,582.5324252615703,574.8453827627911,575.137543432394,12188510
2018-08-28,592.939208984375,594.7373653900627,582.1503305668173,582.599854664097,19018790
2018-08-29,581.7907104492188,597.4346307583238,579.9926138772062,591.7254940924605,24230135
2018-08-30,572.9122924804688,583.1167887199413,571.1141362248471,581.520888282932,21545859
2018-08-31,558.1675415039062,570.9118800204549,555.897354740133,570.9118800204549,33479841
2018-09-03,552.5482788085938,565.4724862520135,551.1546941401739,559.6734455542787,26686176
2018-09-04,558.3023681640625,564.0789026604799,552.4808812594349,555.245484372641,19333815
2018-09-05,551.581787109375,563.112410199695,543.2653513126887,558.5495906088856,22584608
2018-09-06,567.0458374023438,568.97885102575,550.8400436672647,552.9978193379778,24487897
2018-09-07,574.7778930664062,576.0141143373949,563.9440622813181,568.6192329079553,23389269
2018-09-10,564.5509033203125,574.0586072322208,561.9660499590658,573.1594990986482,15440786
2018-09-11,556.391845703125,570.1926562536227,554.8409574864022,565.9670095076368,23787332
2018-09-12,563.0449829101562,565.8320921646603,552.4134085485235,562.7302560441467,17642490
2018-09-14,563.337158203125,573.4292439259782,560.8647157337446,566.146773742536,17233514
2018-09-17,551.0872802734375,562.2582834740523,549.1542667610623,562.2582834740523,14773803
2018-09-18,547.15380859375,557.1560494707653,545.8951411690074,551.1322467455127,16660044
2018-09-19,544.2767944335938,550.2331385381964,539.8938446263992,550.2331385381964,24642640
2018-09-21,547.3111572265625,556.2569262481419,532.0269187949864,547.9854433287223,41713856
2018-09-24,553.8519287109375,557.3807825827206,541.4671508347227,545.940065242632,22098277
2018-09-25,553.2000732421875,559.6733995294519,537.1965371334564,555.4028010757032,21250513
2018-09-26,562.5504760742188,563.6967925230565,551.649246712044,556.9762572713313,13992341
2018-09-27,563.60693359375,567.7651818463365,556.3019564080415,564.168868765706,23642923
2018-09-28,565.4949951171875,571.6761619772724,560.7074130799625,566.3715971810416,24220992
2018-10-01,553.6946411132812,565.3826282936791,541.2424629314354,565.3826282936791,16039441
2018-10-03,541.7369384765625,557.2460006691377,539.4668116739862,552.705687047414,16135428
2018-10-04,504.4927978515625,535.1287356682407,497.18782113007944,534.7241639761089,50774608
2018-10-05,471.4967956542969,501.3685123095854,466.68673774636505,494.2658514850326,47998260
2018-10-08,498.7162780761719,502.1327513816587,461.02260066199284,472.0137953862136,53983473
2018-10-09,490.0177307128906,504.96482720412195,486.03932238137827,504.22308242834396,24042005
2018-10-10,495.43463134765625,501.6157676081224,487.4328625139977,491.7484137924659,20784941
2018-10-11,489.0062561035156,501.1212603495183,468.8670068315165,478.3072827410427,28926389
2018-10-12,506.4258117675781,507.52717582722977,495.34474255567153,496.7158210768825,19814528
2018-10-15,512.3597412109375,515.5739287653466,502.649749928209,507.9317784889367,19406012
2018-10-16,523.171142578125,524.7894294954853,512.4721078583518,515.1693727537679,16358598
2018-10-17,517.5518188476562,530.1612989312713,512.4720168758467,530.0039955171868,27967162
2018-10-19,495.074951171875,499.43548459529654,481.1168390011713,494.49056989387327,55606079
2018-10-22,477.7004089355469,501.143750947989,475.3178711874348,498.98597525002253,28798142
2018-10-23,474.1265869140625,478.6219478041056,469.15919572576047,473.24998493868173,23128845
2018-10-24,470.103271484375,483.6792902843924,463.6524201851724,483.20725994077793,29869514
2018-10-25,463.3826599121094,467.81062247218716,456.90933262700884,465.7202753275223,30833933
2018-10-26,469.7210998535156,475.1605213287355,459.42672823810574,464.32666079505447,20085933
2018-10-29,489.0062561035156,491.7259368487301,470.21560910193926,470.21560910193926,16781215
2018-10-30,475.1605224609375,487.9723190063458,472.9577644155456,487.9723190063458,19263668
2018-10-31,477.0710144042969,479.1388851487777,470.66511633877565,476.0595552356208,35999348
2018-11-01,474.8233642578125,480.0604700630935,472.0137786168558,480.0604700630935,20552752
2018-11-02,483.20721435546875,485.9494013078245,477.9251562979551,479.6558840474557,36739798
2018-11-05,490.1300964355469,491.20898425377356,478.75680693127737,482.5554055035863,16585905
2018-11-06,496.333740234375,499.8850707745441,490.7145087363827,491.7933966227378,18886485
2018-11-07,499.3006286621094,501.23364225782797,497.5025023011268,501.23364225782797,2808599
2018-11-09,491.546142578125,500.6942281167977,487.7475738961831,497.30023112614333,23712291
2018-11-12,485.4998474121094,493.95114030759606,483.04988112324224,493.4566638122695,12690610
2018-11-13,494.24334716796875,495.83918763932536,481.0269492815971,482.8026293908785,14899604
2018-11-14,493.56903076171875,500.1772146969233,487.97230600094616,496.76074171086,17034346
2018-11-15,493.0745849609375,495.8392182036672,488.4218604657323,493.11953737111895,14943663
2018-11-16,506.8078918457031,507.95420821288803,493.1869226498967,493.5690181028644,24131016
2018-11-19,516.9674682617188,517.731659215733,508.4262704741129,509.2803662462465,15987574
2018-11-20,511.3033447265625,519.6197814456922,507.9767460322808,514.7198482495235,12511640
2018-11-21,500.28961181640625,514.9445472196102,497.6598358832177,511.34823447998497,16422494
2018-11-22,495.77178955078125,505.88638192369075,494.5355682626,501.00889537794825,12670591
2018-11-26,498.8736267089844,502.35752873794775,493.3218536674639,498.536483611813,13969873
2018-11-27,507.1675720214844,507.97671543085346,496.94059829243713,498.04196238569716,14896607
2018-11-28,518.15869140625,520.4513240826402,506.3134025727134,509.07800549431647,17507771
2018-11-29,525.2838745117188,530.4085688899269,521.4627999230485,521.9123239884063,27640198
2018-11-30,524.8568725585938,533.150802822086,522.4967808492462,526.9921421861791,23443212
2018-12-03,519.8670043945312,528.1609341748788,516.2931377247761,528.1609341748788,12182825
2018-12-04,518.0014038085938,520.5637512906452,513.461090196267,520.5637512906452,11358720
2018-12-05,519.2825317382812,520.923384644522,512.1573650583655,514.1578372262812,12729759
2018-12-06,505.1221923828125,516.517898469822,502.6946722014609,516.517898469822,12831451
2018-12-07,509.6849060058594,511.1009368108355,498.2441885255943,507.72944632595215,15779984
2018-12-10,490.1076354980469,500.9189902214616,486.8934481476186,498.985976568533,20521072
2018-12-11,493.3892822265625,495.43467703239145,474.26149036689094,479.2063758246119,29518062
2018-12-12,499.21075439453125,500.5593867581545,488.9838106881482,494.0410770227365,27572962
2018-12-13,497.6598205566406,507.07761999127297,492.26538162162063,507.07761999127297,20337275
2018-12-14,499.97491455078125,501.1886595236968,490.8043536323453,495.8841255627772,15795834
2018-12-17,507.93170166015625,509.32528626895976,499.6602488611471,501.66069095366794,11077711
2018-12-18,510.853759765625,512.0225223993133,503.7060866702618,504.96481413849347,12841994
2018-12-19,511.0335388183594,515.7536615127557,509.4151921750749,513.1463619309196,16118419
2018-12-20,507.2799987792969,509.1006015150827,501.75067192754324,503.93089396752646,12609700
2018-12-21,494.58050537109375,508.53861840723516,492.69244418546026,505.7290028331785,18115814
2018-12-24,489.6131286621094,495.9291223335195,488.4443359907339,494.89518689250065,9065704
2018-12-26,493.74884033203125,494.49058506206774,479.04898300313454,488.10716316455097,15771193
2018-12-27,503.57122802734375,506.6281118630678,496.2887577420609,497.72726483391614,27294221
2018-12-28,505.97625732421875,510.3367608910889,504.0207375703225,505.95375111215384,16768547
2018-12-31,504.0432434082031,509.7074268067992,501.77308681132473,508.4037469718362,15799099
2019-01-01,503.9308166503906,506.7629382695639,499.03088434934244,505.84138393566394,9746670
2019-01-02,497.3676452636719,506.62811155814285,494.940125161755,501.0088804041217,15628818
2019-01-03,491.2314453125,501.05381639556583,490.04017650913346,497.86210544804027,16288287
2019-01-04,493.8836975097656,496.4910271623623,485.9943399574783,493.32179241757837,18516544
2019-01-07,496.6258850097656,502.7845448775877,494.94010971451615,497.63734418525877,12060290
2019-01-08,496.5809326171875,498.9634702276977,492.6924293411091,496.7832184506357,12304389
2019-01-09,499.3231201171875,502.13273577894364,493.90620464781676,499.8850552528525,12614237
2019-01-10,497.86212158203125,499.4355159072428,495.8392031686356,497.97450260407726,8925160
2019-01-11,493.614013671875,500.69422833041887,489.3658908784056,497.90708887550664,14139060
2019-01-14,493.0520935058594,494.7153626394139,488.37689295016634,492.24292013933587,8994060
2019-01-15,507.8194274902344,508.87583920409025,496.7383275938551,496.7383275938551,22011407
2019-01-16,510.62896728515625,514.7197562923726,508.1340187101795,510.2243356118144,13961606
2019-01-17,509.9772033691406,516.0234529599231,507.97673096550005,514.4725647029186,16379077
2019-01-18,532.4090576171875,534.9040065638609,510.3368226656795,516.4280246693787,56181172
2019-01-21,556.391845703125,557.4033049777827,534.3420575222158,536.7471015804463,48206814
2019-01-22,555.2455444335938,560.5501092258831,548.255234142794,554.2116389329232,36207430
2019-01-23,551.26708984375,559.3138107405706,549.3340763315755,554.41381834154,19313542
2019-01-24,560.7748413085938,563.3596949469265,548.4800268994378,550.6827550387977,28775487
2019-01-25,560.1229858398438,568.5293264685496,555.3579104076811,562.1234580840985,18703992
2019-01-28,552.7281494140625,564.5959465674473,549.513961853759,562.1459500295572,18744303
2019-01-29,544.2318115234375,553.6721167622264,540.0511177783802,553.3798961181649,20405845
2019-01-30,537.5112915039062,550.6827682622503,535.4434205468986,546.1874070542458,17164298
2019-01-31,551.6492309570312,552.7955473731304,539.8938461347842,540.3433702162807,22279301
2019-02-01,561.8986206054688,564.1688072439925,551.6042790633337,554.7285614574973,20187323
2019-02-04,580.3072509765625,583.0269619269268,558.3473675445416,560.5725419464242,25528059
2019-02-05,580.599365234375,586.3759597715599,574.7778783053583,580.8016810804514,20479210
2019-02-06,589.0057373046875,592.3323357379671,581.8131715249458,582.7122197411999,20586783
2019-02-07,580.0824584960938,593.9281607629214,578.1494448652431,589.0057218665257,20150710
2019-02-08,574.3733520507812,584.6228020589813,571.9233555744715,577.565033316034,14230054
2019-02-11,563.3821411132812,573.6091446310974,562.3706818649948,573.5641922204306,16457901
2019-02-12,564.7981567382812,571.9682761031413,562.595428658787,562.595428658787,13998153
2019-02-14,550.3230590820312,557.8753039121741,547.5359496883203,557.8753039121741,14496604
2019-02-15,559.4262084960938,561.876204900335,545.7378093512668,552.8180240836351,20994460
2019-02-18,548.47998046875,563.0449804085778,546.1873477021309,561.9211102204179,21106139
2019-02-19,546.681884765625,557.2909540440963,544.4791565686082,547.5359805906957,13658461
2019-02-20,554.8859252929688,557.4258266571824,547.9855198262754,550.1658018858017,13776558
2019-02-21,560.5275268554688,565.4275192643712,552.6381693750972,555.627594463131,23142949
2019-02-22,553.9868774414062,559.8083649817747,551.1323091834778,559.4936980899404,19152470
2019-02-25,553.9642944335938,558.7743820202712,548.7271889897654,555.6275935050032,17176522
2019-02-26,548.5474243164062,555.0882101125685,542.1415557685283,543.7148901385345,22160532
2019-02-27,550.0083618164062,559.6284769595898,543.4900827772158,552.0537863517503,24308835
2019-02-28,553.4024658203125,557.3583984207268,551.3795471045682,554.6162410563894,24688859
2019-03-01,551.1547241210938,558.4822071102111,549.4465325194502,556.077163119885,17329606
2019-03-05,556.369384765625,557.3358916028383,547.8056804626486,549.9634561903144,15577500
2019-03-06,568.57421875,572.3053883708134,555.2229944633538,557.3358174994507,26332276
2019-03-07,571.0243530273438,575.3173987372559,565.5849306960363,568.2147370305896,17738092
2019-03-08,569.6082763671875,572.9123686707054,567.3156433409331,569.1362460333788,13211934
2019-03-11,586.2411499023438,589.7924504692589,570.0128490270617,570.9344034819557,21258869
2019-03-12,598.490966796875,599.6822356334317,590.8038648575993,591.9951336941559,24561597
2019-03-13,605.6610717773438,611.3701475701291,597.0299694602658,601.0308537659104,24577591
2019-03-14,603.0762329101562,612.2692705524078,600.6262366142073,606.7624504520991,22753310
2019-03-15,594.1304931640625,610.8307639327176,589.4328161849855,604.6271511806538,34764353
2019-03-18,606.8973388671875,610.4486993657067,597.4345862867701,598.3336345058535,22104063
2019-03-19,618.81005859375,620.3609467065817,603.7730277167032,611.3701648582493,21448030
2019-03-20,618.3155517578125,623.9572293778672,613.1683506585939,619.3719634242473,21639437
2019-03-22,603.1660766601562,620.7654530032643,600.8959502451883,616.9893310263453,25078643
2019-03-25,595.3890991210938,600.9633775445091,591.9051976126707,598.1537621296816,17394088
2019-03-26,614.62939453125,616.5848544189481,597.884111285085,598.0189685181481,20734876
2019-03-27,606.5376586914062,619.4393594395168,604.2899783527645,619.4393594395168,22079870
2019-03-28,611.3701782226562,615.7756944337547,603.638183685608,606.9872282413156,22930248
2019-04-01,625.68798828125,632.4085237762852,612.516571740975,615.86561638987,22088854
2019-04-02,624.721435546875,630.7452382362785,620.4058843688794,628.4526054240037,17526740
2019-04-03,618.203125,630.7002538222018,616.764588008148,626.0924822193216,17169813
2019-04-04,608.2459106445312,622.0242133376743,605.6385510356849,619.9113902166488,18320845
2019-04-05,608.6279907226562,613.1233515116423,603.7280582656432,611.7972254803824,14717266
2019-04-08,597.546875,610.2463198780936,595.0519864438993,609.5720337840885,19081843
2019-04-09,599.8845825195312,602.694138211566,593.8382731901066,597.3896336875064,20774977
2019-04-10,598.5134887695312,605.9758296105291,596.3107604519912,601.4579619313981,16651949
2019-04-11,605.4363403320312,608.223449757921,597.4345713164156,599.2102215128964,12558520
2019-04-12,603.7730102539062,609.9766225423747,600.873489943545,606.8747863898577,12948769
2019-04-15,602.4468994140625,606.4028314093463,600.1317603431812,604.6271212423945,9285737
2019-04-16,604.065185546875,611.370101262894,602.3793803663528,604.6270605904881,17360317
2019-04-18,623.0357055664062,624.7438971032482,613.6179058347911,618.1132667543517,39286534
2019-04-22,604.7844848632812,614.516951415828,602.9638222871199,611.3701627754899,23607922
2019-04-23,613.1009521484375,617.2141877790866,605.0767367283196,605.9757849481653,19807450
2019-04-24,624.6315307617188,627.0140683896274,614.1797658661311,616.0004284053078,16101112
2019-04-25,616.9443969726562,634.9258992936758,612.5389412074018,624.4516887456983,30469914
2019-04-26,626.1149291992188,627.5310199983896,616.1802075099137,618.1132209644462,15069884
2019-04-30,626.1149291992188,627.733275815012,614.4270036775177,627.733275815012,22348580
2019-05-02,631.6218872070312,635.6002656146594,621.3049787673485,625.755387499862,18992003
2019-05-03,633.3300170898438,637.2185503127652,630.5429078564742,632.9254454293398,14240262
2019-05-06,622.5636596679688,630.6103807193459,619.5067759086486,628.4526051313529,15832114
2019-05-07,603.952880859375,627.1040332555228,602.4693912446337,627.0141284313913,19417647
2019-05-08,584.1507568359375,602.3794695592145,580.8916170275404,602.3794695592145,31958919
2019-05-09,564.8206787109375,579.3631736806524,562.7078553913861,579.3631736806524,42670173
2019-05-10,562.4381103515625,574.3733048351785,559.6734472188455,568.6641689367125,24557430
2019-05-13,553.8519287109375,566.776075438911,551.8065042270393,560.9770950713254,17603659
2019-05-14,566.6188354492188,570.6197200368862,553.6047224366185,555.8524029894398,28438234
2019-05-15,565.0228881835938,574.5081461461243,562.1908265252208,572.2604657789182,24419559
2019-05-16,568.821533203125,571.7660059731664,565.5623935748188,566.3940431370875,14451308
2019-05-17,569.7431640625,574.036209658532,562.8202521851001,569.5633544050688,17276949
2019-05-20,596.041015625,601.345580292737,585.971375250303,590.5117489137486,26979100
2019-05-21,602.2894897460938,614.5169040627031,597.9065402132338,598.8730469335392,30343560
2019-05-22,602.559326171875,611.2353822002957,600.1767881967901,604.9194179480913,24689918
2019-05-23,599.6372680664062,625.7553370097446,595.6363837677586,616.7646154479396,38766006
2019-05-24,600.9634399414062,608.5830836481433,591.8153542472601,605.9757837989654,22269265
2019-05-27,589.1856079101562,601.2557215699484,587.5448147374372,601.075911908093,16076686
2019-05-28,595.074462890625,600.0418540770664,590.3992923680566,593.2988127445275,42594251
2019-05-29,590.2644653320312,599.3675986040022,586.2635807331178,593.8382720195716,15558515
2019-05-30,597.771728515625,603.2785486146311,591.7029733004183,591.7029733004183,23494381
2019-05-31,597.9514770507812,603.2335345668936,593.4785628073905,601.4353783887293,25724066
2019-06-03,611.4600830078125,614.6293176130314,593.9281047545469,600.1317167487986,18556942
2019-06-04,607.6165771484375,617.7761221020133,606.0207365520517,610.2238769990876,15442761
2019-06-06,596.6928100585938,612.2243173491942,593.8831944971391,612.2243173491942,16764835
2019-06-07,591.0961303710938,596.6479032975891,586.9154360196414,596.0635219412663,14722419
2019-06-10,593.0065307617188,596.5353844930254,588.9382481835638,593.7932278383195,11768468
2019-06-11,597.501953125,599.9069970080238,592.4896695452646,594.2203672832618,11492074
2019-06-12,598.8505859375,601.6602015001287,595.6363986974313,599.996902365197,10297599
2019-06-13,596.6478271484375,599.9968714417118,588.2864395126827,597.8840483296293,15686169
2019-06-14,592.287353515625,595.636397977459,588.6236421939402,594.2428132958385,14942768
2019-06-17,576.441162109375,593.388699757617,574.7329106190767,593.388699757617,14908257
2019-06-18,575.8568725585938,578.9811553818313,570.507355199421,574.9128118403517,16797371
2019-06-19,574.2159423828125,585.2970411285312,567.5853121119685,578.5090474202311,14492763
2019-06-20,582.9369506835938,584.3979939818846,574.5081640480669,575.4072122163382,10748848
2019-06-21,575.1824951171875,582.5998831512634,573.4068448378247,582.5773769370147,23236832
2019-06-24,567.4954223632812,573.8113859434792,565.1128846416938,571.8783723171784,11267228
2019-06-25,582.5324096679688,583.4989165080134,563.83166663456,565.9220437606624,14966899
2019-06-26,581.7681884765625,586.4658652005213,578.2617805846895,580.3521576022497,11593027
2019-06-27,572.7775268554688,583.0044709250398,571.361435815918,581.3187254230731,24905533
2019-06-28,563.3147583007812,576.688490956835,561.3142859451641,574.1036372461643,18942165
2019-07-01,570.3949584960938,572.1031501051808,560.3253184017843,565.5399180837159,13478857
2019-07-02,574.7329711914062,575.856841506506,567.9000245266395,572.6876064397989,10146746
2019-07-03,576.5535888671875,578.3292992098678,573.1820978674102,576.7109523213568,8806492
2019-07-04,577.2053833007812,580.352172003176,575.4072269017797,576.0366206521996,9351405
2019-07-05,567.9224243164062,580.1273932688065,566.4164886311504,577.6998431892104,10926753
2019-07-08,562.8426513671875,570.0577225575666,561.1119537352442,565.5174095376914,14009219
2019-07-09,575.4522094726562,576.9806514944033,559.8982548333975,561.4491430528174,17535754
2019-07-10,574.8902587890625,579.61038145324,570.3274395376383,575.4296876611826,12018196
2019-07-11,576.10400390625,579.8127276376092,575.0925447098006,578.5540001868802,8608376
2019-07-12,575.632080078125,584.3980404825461,574.5306559595022,576.755890377886,15692436
2019-07-15,573.654052734375,579.6777953316007,571.0691992958298,577.6548769912722,10659498
2019-07-16,581.251220703125,582.1053765020966,574.0811013139079,575.3847812088812,10070773
2019-07-17,576.2388916015625,583.0493918866554,575.407241994589,581.8356167801076,9482233
2019-07-18,567.2481689453125,578.2843158644987,565.517471124889,576.3063497769134,11942908
2019-07-19,561.4715576171875,572.237928588453,558.6394360955695,570.1026593626561,16336536
2019-07-22,575.632080078125,577.4301765577425,551.716676700355,562.3706984249459,29092589
2019-07-23,572.5078125,581.6558386390165,566.5963601095476,577.6549538333398,20316348
2019-07-24,566.0119018554688,574.8677661142233,563.5169532383195,572.4852285230278,15189179
2019-07-25,553.604736328125,570.4848771197879,551.5818177781681,568.2146902963538,21805071
2019-07-26,545.6478881835938,558.5495897475876,543.9396366142234,553.6047046931817,20387504
2019-07-29,544.3666381835938,549.3340287544345,541.736832584344,547.0413961858247,17626045
2019-07-30,530.8580932617188,548.4350243764353,528.6329191286306,545.7153137546039,20853117
2019-07-31,524.2723999023438,532.7011859373222,522.5416422768874,528.5429984304869,21229950
2019-08-01,530.5659790039062,534.1397856627956,517.1247881511088,522.9912277616089,22628222
2019-08-02,535.6048583984375,541.8909310509936,525.5426380432784,531.6930439723362,23766807
2019-08-05,517.063232421875,527.7585636551897,510.12140740733673,527.7585636551897,30399133
2019-08-06,510.2570495605469,519.8896879006503,507.4079882601194,513.1739744047075,29067994
2019-08-07,501.7098083496094,514.8924829308223,498.8607168433551,509.44305241109834,25349369
2019-08-08,521.1333618164062,523.688448546626,495.3333193698149,501.2349725898529,31198568
2019-08-09,525.5426025390625,531.6025635763939,521.1107024505465,525.429577132195,21970009
2019-08-13,576.4868774414062,589.1720460814506,554.4404045305308,557.6738848090533,104827144
2019-08-14,582.5921020507812,589.918285576303,579.0194245736243,589.7148156981825,31688983
2019-08-16,577.9566650390625,584.1975148032527,575.695492838427,583.9261813843946,21977767
2019-08-19,584.5592651367188,586.4586593559987,578.8610824788788,579.3359461279025,16317602
2019-08-20,577.0296020507812,584.5593160437106,575.514626879903,583.2930933717969,14969299
2019-08-21,574.7684326171875,578.2506657359021,572.7560128151957,576.8939382038582,10677848
2019-08-22,563.8243408203125,574.7910051946844,560.2743045838391,574.7684242641691,14031953
2019-08-23,576.984375,580.6700779545234,554.6665666370556,560.3195275056954,21307915
2019-08-26,572.8917236328125,585.1924753378721,569.3642680040415,585.1924753378721,19202504
2019-08-27,576.5321655273438,581.1223133427324,570.35911859619,581.1223133427324,28401906
2019-08-28,571.308837890625,579.3134155728764,568.0301350503361,576.0347127325874,11605488
2019-08-29,561.5631713867188,569.9295269385397,558.646246465419,568.2110215147329,18890222
2019-08-30,564.6383056640625,567.2838969774898,552.1792478457625,563.2589973077878,24735240
2019-09-03,545.57666015625,562.1284823912036,542.6823161509564,561.7892854154904,18730619
2019-09-04,543.202392578125,545.0565646931021,536.3736535827443,542.9310591530287,32949395
2019-09-05,542.0492553710938,548.6518839102094,539.6524161404471,545.7576000117888,22995486
2019-09-06,552.8576049804688,555.7971711354148,540.53421334094,544.0390272692672,23186819
2019-09-09,552.721923828125,557.6060460440173,548.62922092647,552.0209489854109,11747929
2019-09-11,558.2392578125,560.7717635738461,552.857630239921,552.857630239921,12127900
2019-09-12,547.3629760742188,560.9752322475224,545.260111776421,558.5105900384323,11880005
2019-09-13,554.2595825195312,555.5710274567031,545.8027822794483,548.1091768561234,12947715
2019-09-16,547.5438842773438,551.3200319244306,536.3962699212649,537.7077752726235,20547730
2019-09-17,541.5291137695312,547.656938321118,539.7428051848678,547.656938321118,15640772
2019-09-18,545.2601318359375,550.0538100905583,541.4161206333965,544.9209348432117,14933909
2019-09-19,533.2079467773438,547.0689542604028,530.3136633592216,546.2323127241173,13766222
2019-09-20,567.2612915039062,574.2935608113406,531.0598938725763,537.2328802836878,48165560
2019-09-23,560.4099731445312,579.3134120196155,558.5105787717409,576.2155981514339,21610844
2019-09-24,578.2732543945312,587.363165963284,562.0154066076869,562.3998258285477,34958974
2019-09-25,578.6576538085938,585.6447008310794,573.8187536356209,580.6700735685957,18192270
2019-09-26,586.4586791992188,587.3631239167094,580.4439406974552,584.2879515004242,18350457
2019-09-27,591.9985961914062,594.6894099827759,580.6700932256537,584.5141043023502,19058663
2019-09-30,602.490478515625,604.0733173158545,590.4157779961295,592.4282582711237,25263770
2019-10-01,590.121826171875,606.8997594098624,584.8758654567317,604.6385871430925,17920384
2019-10-03,592.903076171875,594.553718017148,579.4490681631863,581.5745736871992,13524851
2019-10-04,591.5689697265625,600.8398308600889,589.646994327907,596.9053752054732,14992253
2019-10-07,592.4734497070312,597.3123499606426,588.674660934722,591.5689445638614,10061584
2019-10-09,599.0986328125,601.4503098575713,584.5140691326445,591.8403129324657,17588647
2019-10-10,616.2836303710938,619.1100503527914,597.4027729721549,599.2117228166776,35006390
2019-10-11,611.6934814453125,617.572553913254,604.4351004367065,616.7132709563384,16597126
2019-10-14,614.135498046875,617.278534136365,610.9020174818667,617.278534136365,13394275
2019-10-15,616.916748046875,619.5623394859034,612.4622067446688,616.1705509453425,9672791
2019-10-16,620.6251220703125,623.9264059183727,616.7132474260376,619.5171470182669,19403660
2019-10-17,631.5465087890625,632.6771250493334,620.4667592471247,621.8234866840867,16038940
2019-10-18,640.5234375,645.7467569767082,632.5415011043582,634.9383401161294,28121951
2019-10-22,639.5285034179688,649.7941923212562,634.6443208832452,644.4352065050806,27786502
2019-10-23,629.6923217773438,644.8648341983379,625.5091745428915,640.5007980268379,18446160
2019-10-24,649.6133422851562,651.8519336280739,627.0468417883457,633.581606111727,22642488
2019-10-25,647.2391357421875,651.8745056320839,638.2170277023924,651.716257989895,13539957
2019-10-27,648.6184692382812,653.4800108794682,646.6964335129268,651.6710609401786,3014841
2019-10-29,663.4517822265625,669.3082130912535,652.1685015772264,653.7061180727322,25768505
2019-10-30,668.9011840820312,671.3658865546961,660.3991620500201,669.3081842135347,16341366
2019-10-31,662.2306518554688,673.6722393273734,661.032232465117,671.1170925391378,19463741
2019-11-01,658.861572265625,661.0775223369096,651.6710551878208,658.0023497310369,13904301
2019-11-04,659.2007446289062,665.2380642069672,653.5252029466365,662.9316697444801,14063434
2019-11-05,654.5200805664062,664.3109663935091,651.6710193106985,661.6654353889879,12685356
2019-11-06,648.9124145507812,654.135734353565,646.0181307359805,652.4398701194634,14625505
2019-11-07,659.63037109375,661.6201494754298,647.6913385427694,648.9576215261098,14084039
2019-11-08,653.7061157226562,660.1052134297607,651.8067213236998,655.2889544512567,12019353
2019-11-11,645.7015380859375,653.1408076594045,643.3272799926444,650.811771804741,11357841
2019-11-13,665.8259887695312,667.4540497641693,646.6964381187934,646.6964381187934,25225749
2019-11-14,661.5071411132812,670.0317441277801,658.3641050687613,667.499238472683,14258133
2019-11-15,665.1702880859375,672.3834464954273,661.6880549437222,662.8186712908591,15691605
2019-11-18,659.9017333984375,672.0215950469703,658.1832279803921,665.9842753416674,14076051
2019-11-19,682.7622680664062,685.091304087635,662.5247412524701,663.4291860897483,30176255
2019-11-20,699.9019165039062,711.0947524103781,697.8894967372685,703.2484828483064,43538120
2019-11-21,695.35693359375,703.6780668751851,691.2642304982968,698.7034999522131,14897371
2019-11-22,699.3818359375,709.7832525752365,695.3569359965834,697.3919970860713,22352865
2019-11-25,706.18798828125,707.6577411945093,701.4168912631511,701.4847548080924,15146156
2019-11-26,705.60009765625,712.8810590385848,703.6780619934759,709.1501338722388,35330983
2019-11-27,709.9415893554688,712.4967364745535,703.7233200515543,705.464466852598,9642739
2019-11-28,714.6674194335938,716.4085057483495,707.2733723573873,711.2077673573784,13747479
2019-11-29,701.4847412109375,715.413552409672,699.9923470193523,715.413552409672,18559594
2019-12-02,717.4712524414062,730.1111996619468,713.1750192045362,723.5764355217193,31225364
2019-12-03,714.0342407226562,720.862979580261,711.1851794398084,720.2977318111243,12990426
2019-12-04,702.1857299804688,713.4011468158992,693.615844239307,711.3660857422652,20987607
2019-12-05,701.3490600585938,714.418648488793,698.2512463355937,711.818279360472,19942460
2019-12-06,703.1806640625,709.1049587104558,696.9398137304038,702.3214414912616,13085234
2019-12-09,711.1852416992188,713.3559696230442,699.3818746514546,703.7459718077985,12642677
2019-12-10,706.3688354492188,711.6373767702399,702.8413803645951,710.936401939135,10173333
2019-12-11,706.5724487304688,712.0444605637015,701.2360432413947,703.4972156345758,12364641
2019-12-12,709.1953735351562,711.7505205869619,703.9720540232042,710.1224596169255,10326606
2019-12-13,715.8432006835938,719.0541002814816,711.0947450194452,714.5316954267291,12668303
2019-12-16,708.4718627929688,720.8178366278123,707.4543321690576,719.9586140378354,11892718
2019-12-17,706.7081298828125,714.0795363371371,703.4746490681565,708.5396608418749,20324601
2019-12-18,712.6549682617188,714.5317213638361,706.3915372341625,706.8437596230075,14742077
2019-12-19,728.076171875,730.3147632573766,710.8234349732679,711.6826575091419,20507816
2019-12-20,723.16943359375,731.5131475566759,721.8127061203365,730.3599503361606,21271510
2019-12-23,710.6425170898438,713.4237148469465,704.4921117424402,705.5322231908948,25107772
2019-12-24,699.3592529296875,710.9364477225796,697.5728839664215,709.511917039533,18048449
2019-12-26,685.3173828125,702.2987866536562,682.9431246619487,697.1885528116127,29761019
2019-12-27,697.5050048828125,699.2460910418374,687.9854531400067,690.563180797995,17677571
2019-12-30,698.3416748046875,699.901872095201,691.0380725585845,699.1330941028591,17123749
2019-12-31,684.7068481445312,698.1156345878595,681.993453401304,697.3467961405563,22203005
2020-01-01,682.6943359375,690.608468975997,680.8402242073281,686.4931246261241,14004468
2020-01-02,694.3168334960938,696.8719805447018,683.779750007975,683.779750007975,17710316
2020-01-03,695.1535034179688,697.1885646166648,688.7543450703095,693.2766898725623,20984698
2020-01-06,679.0313110351562,690.9702842172933,677.4484722665503,687.3976668990163,24519177
2020-01-07,689.4779052734375,693.9550274714292,684.4580558568877,686.9453392583476,16683622
2020-01-08,684.2998657226562,693.9324444803033,682.875334954967,685.1365073623897,16047902
2020-01-09,700.0602416992188,700.9646864756678,692.4853053775855,695.8092304962669,14982742
2020-01-10,699.9019165039062,704.5599277419831,696.2840167332282,701.8238917951181,12478359
2020-01-13,698.1156005859375,704.8991173020232,695.7187616355296,698.7261309770536,18282382
2020-01-14,691.6486206054688,700.9646427287678,688.2342512222318,696.4422983751188,15816535
2020-01-15,689.1387329101562,696.3971134964061,686.606227181478,694.5655826517415,15817859
2020-01-16,695.4926147460938,697.957317328206,691.0154923471086,691.467775112348,12847975
2020-01-17,714.9840087890625,716.7703174250523,702.4118640363116,702.5475307538493,29463471
2020-01-20,692.9827270507812,727.6465681775531,690.2919133647428,727.6465681775531,32545850
2020-01-21,693.6837158203125,699.0879242309518,688.3020883403786,691.2868768172563,18922720
2020-01-22,693.4349975585938,699.4949589111891,692.4174669597505,698.2513171100278,10322817
2020-01-23,690.4954223632812,697.3241611195116,687.7141642882185,694.859458695975,11247739
2020-01-24,688.0986328125,694.7917053407662,686.7419052604484,690.5632750359122,14628445
2020-01-27,681.3150634765625,689.4100858916706,680.6140885726699,685.0912714342766,13387750
2020-01-28,665.5772705078125,682.875289595899,661.8915675775182,682.2421178925655,24532236
2020-01-29,669.2403564453125,675.8203426047822,662.0950017809771,666.617346051743,24746565
2020-01-30,652.9146728515625,669.1725198770986,651.2188087758726,668.8559642181395,22402689
2020-01-31,638.3978881835938,657.210881458592,636.3854685244584,657.0977956819407,34750310
2020-02-03,626.5719604492188,633.106784965314,616.4192966235818,619.5171103999535,30712290
2020-02-04,645.0684204101562,647.8270373163007,632.1344980281415,633.1293872682256,25383901
2020-02-05,655.0628051757812,657.0074218795432,646.8321763359422,648.9123993833657,18472100
2020-02-06,659.2685546875,663.4291212862267,651.2640375289917,657.5953319019751,15538577
2020-02-07,648.3471069335938,656.8039067688446,645.9276266862977,656.1933763802873,12209212
2020-02-10,649.2289428710938,653.7060649002669,637.8552186693267,645.7919322493696,15142476
2020-02-11,656.9848022460938,663.0673441315444,653.5025692051543,654.5653219747531,13999816
2020-02-12,664.9215087890625,666.9792111373479,658.0023253990945,658.5224113128919,13533565
2020-02-13,666.6626586914062,668.2907197551677,661.439338878755,668.2907197551677,13565659
2020-02-14,672.7451782226562,679.0086088102815,657.1430238887992,668.0645258848175,21227841
2020-02-17,668.5167846679688,681.134151378946,666.7304760717549,673.3783262135354,13149130
2020-02-18,663.6099853515625,667.4539961440179,659.0876410228443,667.4539961440179,11127161
2020-02-19,680.0714111328125,681.2698306548838,667.0922662771445,669.014241623313,14084409
2020-02-20,671.9990234375,681.9707987344061,671.0267151201732,676.9962317397967,16892268
2020-02-24,653.4573364257812,667.9514557592025,651.015275263498,664.6727530283046,21370214
2020-02-25,640.5460815429688,656.3742876866586,637.6517375196689,656.3742876866586,27745062
2020-02-26,629.5115356445312,638.7145335154266,627.4086712195289,637.6517806483075,29362748
2020-02-27,626.9111938476562,630.325563479079,619.1100858749018,627.7025528467732,25054993
2020-02-28,600.8623657226562,613.6832622973384,599.2117238920046,612.733534948271,39315769
2020-03-02,595.2095336914062,619.110122526283,588.4033749568683,612.8240497627488,29500495
2020-03-03,607.2841186523438,612.2813268745532,597.8550103692035,601.3372434357146,27398798
2020-03-04,605.859619140625,612.2361361330828,591.4785241332723,611.4221358102756,22105261
2020-03-05,592.9483032226562,614.1129141602522,590.6192674240423,611.5125449363894,30510390
2020-03-06,574.791015625,582.5469012527451,561.2692040014896,574.3387932382915,33734039
2020-03-09,503.8579406738281,561.223980469802,495.1976404810289,560.7943390150084,88187018
2020-03-11,521.676025390625,532.9366648832911,501.07669157944446,501.07669157944446,59578576
2020-03-12,480.72607421875,497.91100691333213,474.25911334028166,490.67526802286176,55970485
2020-03-13,499.8556213378906,515.5481598017158,426.1865162030448,451.3307736468581,73297403
2020-03-16,459.33538818359375,488.2784365388271,454.4964576170223,479.61813617083897,38482258
2020-03-17,455.8531494140625,479.3693762444859,453.682421712436,473.60336003250967,45445979
2020-03-18,437.9898681640625,468.47053170120023,434.59810978652735,463.676823584426,44730415
2020-03-19,415.01629638671875,437.31149283949196,403.48429405757275,416.10166024634157,61404010
2020-03-20,460.3529052734375,468.01828595985086,420.5787996551297,424.8750330336465,63360475
2020-03-23,399.798583984375,429.6234935592477,395.9997954503734,414.33792514068836,40670949
2020-03-24,426.6387634277344,438.66821092685046,405.1123741592919,420.5788023455254,45734887
2020-03-25,489.4316101074219,520.7714960127045,435.6156383128136,435.86436061790414,73130298
2020-03-26,482.1732177734375,505.10155565675865,471.38741256273977,495.5593921291522,45744488
2020-03-27,481.9018859863281,500.76010192447285,473.1285306323514,495.19761591467176,41657940
2020-03-30,466.0058288574219,486.0624647528933,461.2799842887,470.5960369021585,30229866
2020-03-31,503.67706298828125,510.9354135710836,473.9425951899625,485.67809843308333,44292810
2020-04-01,488.61761474609375,508.58377610127127,472.67632311532645,507.5210233258868,41597459
2020-04-03,487.2608947753906,513.038325398293,477.6961196489534,513.038325398293,41367807
2020-04-07,545.4409790039062,549.0135961124214,497.45879676328076,498.4084939310018,54373624
2020-04-08,539.1322631835938,555.7971706866717,524.5929215687677,533.6376104573828,49880330
2020-04-09,551.7044677734375,557.5156767949256,539.5167415187584,549.0136538173376,33032857
2020-04-13,537.7755737304688,549.4658535575933,533.6375882834028,544.4686456450028,23673784
2020-04-15,520.0027465820312,558.9628231208537,516.9049325920952,541.3482475248474,35321842
2020-04-16,528.2333984375,537.0067538421011,517.8094012091675,520.0027098719089,37455706
2020-04-17,553.5359497070312,556.2494047320289,539.3583856898562,549.9181103017338,33269335
2020-04-20,562.4902954101562,568.4597519929647,543.5868552263992,554.4404949817198,36030932
2020-04-21,559.5733032226562,566.1985116961769,526.4018574888929,547.20462930673,61371628
2020-04-22,616.6680297851562,626.3006687188174,587.9059004568244,596.9505898979633,142683366
2020-04-23,619.9693603515625,626.7302963517751,612.0100048381533,618.3639406903255,65464502
2020-04-24,640.8173828125,676.0691122404604,609.2513562097446,610.5854423695566,134986308
2020-04-27,646.5833740234375,667.0470097000615,643.5307824824368,648.5053492706669,58482901
2020-04-28,645.8598022460938,658.2057744376455,629.5793144305034,655.7411324112992,78453401
2020-04-29,645.317138671875,657.391839017477,642.1741024254264,653.4348024507138,37494672
2020-04-30,662.9768676757812,676.0690972490636,650.3369208324749,657.5274373781648,71345899
2020-05-04,649.048095703125,662.5246848930987,641.020876759425,651.218823504759,53456868
2020-05-05,660.5574340820312,668.8559865431291,654.4748920612493,657.4144583176226,44903763
2020-05-06,660.6026611328125,671.5467438142522,653.7060590222321,662.0724139489652,40489094
2020-05-07,681.4959106445312,684.5259212728372,653.4799801528453,658.0023246000183,50026966
2020-05-08,706.3010864257812,714.4864927209733,695.1308312605024,698.7035088539981,84262770
2020-05-11,713.0845947265625,730.3599726317872,711.049533642727,714.5317063404403,67085063
2020-05-12,668.9690551757812,709.2632798224483,662.524734830577,707.6577996866042,100683202
2020-05-13,683.1624145507812,697.1091585876816,663.7830244319474,697.1091585876816,66430125
2020-05-14,655.5427856445312,683.2765162196699,652.8493152722449,670.6308325184776,49266771
2020-05-15,666.2482299804688,669.5808492312534,646.0242901018283,659.2177721037887,62152260
2020-05-18,657.7340698242188,676.5655994475495,651.9134426573794,671.0873692172088,62796089
2020-05-19,643.19384765625,667.2982668914216,640.6145498784447,665.1525954394635,42315854
2020-05-20,654.5156860351562,660.5189536541096,635.9352014370274,643.6960987819724,55320985
2020-05-21,657.9623413085938,667.1840548403643,650.5438417953903,655.1090536875718,39167981
2020-05-22,653.5340576171875,665.6090586513549,651.2286292568934,662.7786538718078,37828973
2020-05-26,650.110107421875,661.8198883491109,646.5720262012402,661.112272104984,33216635
2020-05-27,659.9254150390625,663.7830108823325,644.6090834807313,653.2829987069208,35667956
2020-05-28,672.114501953125,675.5384109530258,661.5003780157507,664.2394931403077,40126278
2020-05-29,668.5308227539062,672.0003765604058,663.1667047971561,670.1742797209804,40022527
2020-06-01,694.0732421875,702.2906478578684,673.8036576344093,675.6525769290831,39943702
2020-06-02,701.0808715820312,703.0439635916903,694.2786979955084,696.6526542828856,22153960
2020-06-03,703.7971801757812,712.1743430248467,700.0079914073342,705.326524994927,25381289
2020-06-04,721.2134399414062,725.6417171069352,703.500391656106,704.8699189650296,34202350
2020-06-05,722.0808715820312,738.652618259639,718.4286777096928,728.1526061592812,33076685
2020-06-08,716.5112915039062,738.8352586397003,714.456970184844,738.8352586397003,31414953
2020-06-09,701.7427978515625,722.6743541117436,699.848233657609,712.3112769502599,25857161
2020-06-10,717.7211303710938,721.0993946493797,703.066770206238,704.4591200806245,22132647
2020-06-11,701.9939575195312,715.803706785638,698.935267655585,714.9135109041925,20385805
2020-06-12,725.3222045898438,727.2395912876017,683.4134457446229,684.7830335473732,38548899
2020-06-15,737.07763671875,742.7385070954324,712.6765255707526,714.4569776504248,53107403
2020-06-16,738.515625,752.5993021633205,723.7242711797245,750.0656494688016,51187003
2020-06-17,737.4428100585938,746.6188787679677,731.3938982299496,734.2014806161491,41782053
2020-06-18,755.954833984375,760.1091820392156,732.9917772990159,733.6309263464753,40471557
2020-06-19,803.204833984375,816.6265404017482,758.7396013402719,762.3917347258493,105804173
2020-06-22,797.1559448242188,823.6570218548786,792.0656958487583,809.5961660327729,60198705
2020-06-23,785.6287231445312,805.190691738158,783.4374068767237,798.913494999988,37962078
2020-06-24,788.8015747070312,809.2766232247192,781.4287797470009,792.4765911559525,51586221
2020-06-25,784.2592163085938,798.4570682624188,782.0450773747433,788.4135645203479,39679374
2020-06-26,795.1015014648438,799.8265306871474,783.84822904161,789.2352296715899,30921913
2020-06-29,786.6558837890625,794.2341403085753,783.1863300198712,788.8928448462023,25621946
2020-06-30,777.9591674804688,794.8047827913738,774.0558665563566,792.9787462997211,30276420
2020-07-01,793.2526245117188,798.4569855514693,779.7623903467077,785.2178585764664,28464103
2020-07-02,806.9088745117188,810.2321403347325,795.3118474102263,798.955988221861,28789533
2020-07-03,819.5371704101562,821.8749564596307,810.4154218093651,815.8242838508609,29434266
2020-07-06,848.8276977539062,851.6696207450389,821.4623903068143,827.37551064972,47016185
2020-07-07,835.8325805664062,854.5803362405326,827.9714163800523,852.5864010549644,35189589
2020-07-08,824.1668701171875,841.1039525059666,820.499814095421,836.1076265653826,26204095
2020-07-09,836.19921875,841.1267983499372,818.7807950189424,829.2089581972454,36418942
2020-07-10,860.860107421875,863.8624979764214,836.199233068078,838.147398130084,43759967
2020-07-13,886.96484375,892.7862418610986,870.921519889883,872.4570881587463,69608392
2020-07-14,878.7140502929688,890.0360328418565,865.100172860522,886.5065292705797,67331128
2020-07-15,845.2523193359375,907.0419425957421,824.1668980523797,888.3171015613409,139669773
2020-07-16,844.9772338867188,856.7117515191795,830.7903538072194,846.6273786425686,60961724
2020-07-17,876.28466796875,880.0892159195847,842.502042643245,845.7107318699527,49726765
2020-07-20,880.0432739257812,885.5896883509943,870.7611183224751,879.0807096490378,36592938
2020-07-21,903.7186279296875,906.2168211609516,887.652448936031,888.7983963419516,42173371
2020-07-22,918.5930786132812,921.343340230338,898.7452067309448,908.9670720198112,59771457
2020-07-23,943.25390625,953.2923885715925,912.7945477554779,918.5701154181413,58333751
2020-07-24,983.7517700195312,991.4754423941085,943.2539282584995,943.3455895038911,120597372
2020-07-27,988.3584594726562,1007.8854568037684,975.386332288898,998.7178774688866,80304827
2020-07-28,998.213623046875,1005.685226906141,985.8144392147681,988.3584631011929,55114422
2020-07-29,961.0619506835938,1000.5513359018751,949.0523879135477,998.3053323327022,72663399
2020-07-30,966.6541748046875,980.795164282101,949.762863113244,962.1391312088373,72857444
2020-07-31,947.516845703125,975.8905479210216,940.9620360562577,969.2440770285029,74958061
2020-08-03,920.8849487304688,942.8871623225848,918.1804571843328,940.2743926384883,46715383
2020-08-04,985.79150390625,993.3089382351606,916.8741316177221,926.2021785970436,92041055
2020-08-05,974.7216186523438,1006.6019069434171,970.9858169218242,994.2256997045323,74549993
2020-08-06,978.2282104492188,993.62978425042,966.1728175015461,988.7251198310724,49322975
2020-08-07,983.8892211914062,989.09184536742,971.8568039334315,976.2572103779003,32984416
2020-08-10,971.6962890625,992.3921475893915,966.3103426642178,989.6877167356055,26958997
2020-08-11,978.0906982421875,990.1002603201475,962.7578706897712,978.54906505392,46828306
2020-08-12,975.248779296875,983.2246412113215,965.7144943686205,972.223473268125,30264617
2020-08-13,972.7047729492188,980.4284448557278,967.1812739113575,975.432119191954,24830322
2020-08-14,968.9231567382812,988.7251372439143,957.6699206852704,972.9339422731531,33224635
2020-08-17,958.632568359375,964.8894181914117,948.8919850475611,964.8894181914117,30979066
2020-08-18,971.1004638671875,978.3199383700347,954.5071119789246,955.7218052806868,30547672
2020-08-19,977.0593872070312,987.3500592147562,972.3839363208823,981.3911084302417,34087543
2020-08-20,961.2452392578125,973.5527612563341,957.0969013050257,971.7650639658618,22537845
2020-08-21,954.2779541015625,972.6819196757164,952.0548051586528,970.8483916494755,25280895
2020-08-24,960.6494140625,964.6601996727435,949.0753028246934,958.6554789127642,32717218
2020-08-25,954.3925170898438,967.7772411798499,952.5131584674807,965.3477938461768,19388008
2020-08-26,979.695068359375,984.5768176460978,938.3034092544697,955.721834075423,59870421
2020-08-27,967.4563598632812,985.5165347685125,964.087263551759,984.5997404631746,28085062
2020-08-28,970.0003662109375,977.6782076890348,965.4624072556715,971.7650876118646,27166900
2020-08-31,953.7507934570312,996.5176127664311,944.4227466139646,996.5176127664311,62076132
2020-09-01,956.753173828125,972.8651829213985,945.3623854476888,962.5974872222503,38616258
2020-09-02,975.5238037109375,980.0159320402927,955.7218230629769,958.9304515139365,26949439
2020-09-03,968.1439208984375,980.3597213059733,963.9726675429974,975.4321414595879,18586429
2020-09-04,952.1693725585938,961.1994601119133,949.8545623922631,955.0571867499652,28475945
2020-09-07,954.6445922851562,965.2331628441784,937.0427850988863,955.263426894844,21926473
2020-09-08,965.85205078125,972.2234772182792,953.6591047502961,958.930475011052,27397082
2020-09-09,990.7191162109375,993.6756763559544,954.0945682804347,955.7218584992718,55310877
2020-09-10,1060.6907958984375,1074.8776767259053,997.1363948005545,1000.6888741462925,140304404
2020-09-11,1063.326416015625,1071.6230920621038,1048.3604146934788,1059.774057929349,59470807
2020-09-14,1055.4423828125,1081.776319142843,1046.022613657557,1065.733055044207,44063445
2020-09-15,1062.9140625,1066.0768606733493,1048.841756665844,1059.7512643266507,27178393
2020-09-16,1065.526611328125,1086.0620022920011,1059.1093546966117,1063.4409544248736,33952295
2020-09-17,1053.7005615234375,1069.720910080593,1050.5376423758387,1063.4410236524918,25828669
2020-09-18,1056.88623046875,1063.1889106988601,1043.5244222860888,1060.8053547162556,33074915
2020-09-21,1034.0360107421875,1070.7750719016112,1030.1396806284333,1054.2733815499128,33627381
2020-09-22,1013.54638671875,1043.7306386427283,1009.1459198050662,1043.7306386427283,34792254
2020-09-23,1022.5535278320312,1043.6160928371828,1010.8649009154497,1035.938251444179,42988708
2020-09-24,999.8179931640625,1020.3533247784986,997.4572917774641,1012.0567091377676,29826318
2020-09-25,1009.2147216796875,1014.3027694085043,993.446502276567,1003.3933233804489,28374935
2020-09-28,1015.8841552734375,1025.8539521823873,1011.6670712795834,1020.8117351402121,19666849
2020-09-29,1029.0855712890625,1037.7718083290033,1015.8842296422029,1019.8950761344806,25842539
2020-09-30,1024.1807861328125,1039.146786047943,1019.8948960278193,1035.9381579187586,24465159
2020-10-01,1020.0095825195312,1037.6800756880398,1014.8527889017478,1037.6800756880398,20783227
2020-10-05,1014.0277709960938,1030.9648538885717,1011.1858479615951,1028.6042130267065,18922799
2020-10-06,1013.1797485351562,1023.9745575059519,1009.1918175515556,1020.0096024559933,18412175
2020-10-07,1034.7923583984375,1058.3988864359753,1017.6030871596363,1024.4787714061513,53170865
2020-10-08,1026.4267578125,1039.6052428145385,1018.5655944250032,1035.4797597505017,21077808
2020-10-09,1023.7683715820312,1032.7297136267703,1016.273852013747,1024.4788675079715,18545499
2020-10-12,1025.41845703125,1033.990117024484,1020.4680223943666,1024.478808036985,14226473
2020-10-13,1045.4268798828125,1047.7416902078278,1020.2846594413987,1022.4619778897869,23112012
2020-10-14,1048.543701171875,1056.106965782026,1039.8344285929015,1044.601661699771,26742011
2020-10-15,1011.4149780273438,1049.6896709194032,1006.1436076928819,1049.6896709194032,20036197
2020-10-16,997.3427124023438,1023.3327972897506,995.8988053258178,1015.3112260257516,21583600
2020-10-19,997.5260620117188,1021.5910189480918,987.8772002991607,1003.8746338853592,31200385
2020-10-20,988.220947265625,1005.2268356805964,986.547826485488,998.8095181537673,18482288
2020-10-21,973.8736572265625,1004.7684667829153,961.566134962547,993.7673597056041,34082321
2020-10-22,965.7832641601562,977.4948676553979,958.472127950902,975.1571421431612,30802210
2020-10-23,968.5794067382812,978.6408045818825,960.9473956269686,965.3478022431445,23422125
2020-10-26,930.098388671875,963.491331043018,925.2395547253416,963.491331043018,37324416
2020-10-27,932.5736694335938,944.1935506347045,919.0514537091684,932.7569919192058,36478896
2020-10-28,922.0079956054688,943.2080524475383,920.1515523626456,935.9197713377462,29924017
2020-10-29,929.0899047851562,936.0114802123842,912.634105485881,915.3843670353187,30655304
2020-10-30,941.7412109375,946.6000447043152,926.7521734384346,932.1152046430045,34021563
2020-11-02,860.5850830078125,929.1357486679719,852.1967457576546,929.1357486679719,99366895
2020-11-03,848.1859130859375,875.0469613347782,841.1727368299981,866.3377489801544,88691623
2020-11-04,876.97216796875,884.2146187198875,842.0436566135886,842.0436566135886,80180117
2020-11-05,896.1324462890625,898.8597926239651,885.5897059211898,896.109530978329,37205373
2020-11-06,930.121337890625,935.0947485716235,906.7439615985198,912.1757997538867,66674086
2020-11-09,939.9993896484375,948.3877271294061,933.2611970415887,945.2249292465045,35838510
2020-11-10,955.5155639648438,958.0137572704014,935.6448365676956,952.054806333395,36934242
2020-11-11,915.4760131835938,960.3055727507355,906.7209706160746,957.5553112466354,56724780
2020-11-12,907.5919189453125,920.632852520837,900.7162345304647,908.0503464043145,40046527
2020-11-13,915.1093139648438,933.5591087873024,908.3940976360835,908.5086741846509,45388670
2020-11-14,917.8137817382812,923.7727324633623,914.6280685800346,923.5894099782903,5226220
2020-11-17,913.6654663085938,955.721852085926,909.8838337351154,955.721852085926,46542562
2020-11-18,910.8922729492188,919.7390378547889,898.4701739576647,913.6654499124983,30402290
2020-11-19,904.4520263671875,921.5495759718646,902.1830468981045,910.8922591848112,27796343
2020-11-20,870.6923828125,909.3337799016967,868.6296411276237,905.3000183966716,57471248
2020-11-23,894.1614379882812,903.0081423634175,882.9540322195262,894.2989298544564,45327567
2020-11-24,900.2808227539062,904.8416972544782,885.5897436693822,900.2579074421959,30936268
2020-11-25,892.8320922851562,913.527952031178,890.2652137584138,907.591916615242,32637879
2020-11-26,895.0322875976562,900.7161937311712,884.6958461328904,895.238586007114,25838637
2020-11-27,884.5812377929688,896.6366309877594,880.7308594193696,889.4859023128548,47336811
2020-12-01,896.0866088867188,901.289233099085,884.6958808628691,889.4171623084422,19750687
2020-12-02,897.5763549804688,899.3411370227258,886.9648686611823,897.7367621558942,22188887
2020-12-03,900.2808227539062,908.096217120007,897.8055447315646,903.9249635410288,27785372
2020-12-04,892.350830078125,902.549780348608,889.2567780925041,902.549780348608,18464552
2020-12-07,897.5992431640625,900.7162103153938,889.5317809422304,889.5317809422304,18242188
2020-12-08,913.8946533203125,923.2914462012358,893.8405436116705,898.9515065754773,43403061
2020-12-09,929.1128540039062,932.25279718181,916.4157712952266,921.3204358923558,29175254
2020-12-10,919.9681396484375,929.8232989241242,917.2178781493535,926.6605012313032,16065507
2020-12-11,919.4181518554688,934.1779761057632,904.9562266418808,922.7184415498718,26944202
2020-12-14,912.7716674804688,923.6352832758723,910.5026878877748,920.4036787245273,17312747
2020-12-15,905.0020751953125,912.0381663970481,898.9284876123558,912.0381663970481,18551265
2020-12-16,906.010498046875,914.4447264972777,901.0370876531873,911.2589527847912,18561011
2020-12-17,910.1588745117188,919.0514701634703,906.2855807086694,909.6546770447438,20252358
2020-12-18,912.8861694335938,919.0055877382664,900.7161999987342,907.6377753921344,18466344
2020-12-21,889.1192016601562,926.8438650517388,850.4090586705522,921.3433418082055,44135540
2020-12-22,887.7440795898438,897.920114027886,865.6272287328953,893.3821551821042,28140001
2020-12-23,891.0215454101562,894.5052182501908,880.3870831588432,884.6729737434558,19501410
2020-12-24,914.0780029296875,916.209429843614,891.9611523485877,892.4653497843261,20776988
2020-12-28,918.2721557617188,925.0103479012905,914.605100048514,919.8306392842029,17221499
2020-12-29,912.1986694335938,922.3976193340502,908.7607666603935,920.8849663628478,18611939
2020-12-30,914.69677734375,920.0598085293933,905.5521138320104,914.5822007952356,22043630
2020-12-31,910.0213623046875,922.2142474641324,906.9502257042267,913.780079468165,18781189
2021-01-01,911.0298461914062,915.3844221885091,908.5087375893887,911.2589993045335,10015175
2021-01-04,912.5654296875,916.2553404727507,902.0914348132511,914.5135342940032,24513534
2021-01-05,901.220458984375,909.2420905023931,896.5907783033076,902.5497288228405,24123091
2021-01-06,877.4534912109375,901.1745962450914,873.2822378398361,901.1287656239547,46401468
2021-01-07,876.032470703125,891.5486209715637,873.2822091676186,880.3183004863528,32325918
2021-01-08,886.3689575195312,888.5233604873706,876.4679669878903,879.1723980419249,27540187
2021-01-11,869.6610107421875,888.7066649107422,867.4836925076194,888.7066649107422,33307825
2021-01-12,897.0721435546875,898.4243287369109,870.8757001705536,872.2966919065464,41161546
2021-01-13,888.7067260742188,905.2771641118618,879.378739109903,900.0516242382666,26619458
2021-01-14,898.6993408203125,901.5871548094593,888.8212661992793,891.5486123987446,21553242
2021-01-15,888.087890625,904.7499887590614,880.1120894934455,898.6993768232259,20593268
2021-01-18,909.4025268554688,915.3843928768127,881.6247449901952,893.4280092363157,35100458
2021-01-19,924.2769775390625,930.9692787327956,914.3071807456265,914.3071807456265,32006615
2021-01-20,941.8329467773438,943.3455998329347,917.401284149382,926.5689243518408,30924537
2021-01-21,962.3224487304688,971.7650720810956,951.1380193172832,954.3466477204263,39087742
2021-01-22,939.4951782226562,969.6336613958953,932.8715622687025,967.6396656430356,30532660
2021-01-25,889.715087890625,932.779865750421,885.589665300142,932.779865750421,54207104
2021-01-27,868.6296997070312,882.3811299993769,865.4210710330792,882.3811299993769,42370131
2021-01-28,860.1725463867188,881.6018169520127,857.1701557641024,861.8226912146397,34067814
2021-01-29,844.3126220703125,876.9263227277577,838.834953476118,868.3087715880192,43712383
2021-02-01,868.7672119140625,873.2134491027053,847.0858115681622,852.311351199574,34180952
2021-02-02,882.7477416992188,889.2567202255404,850.2715343740796,877.4534564524461,41470034
2021-02-03,884.970947265625,894.757300681565,870.9215578865657,883.8937457749086,30301696
2021-02-04,882.0601806640625,889.2567398843213,873.2134159991973,881.9226281805456,25626981
2021-02-05,881.80810546875,891.3882818889131,880.0892146112084,884.6959197062422,20248046
2021-02-08,894.5051879882812,902.5497348700424,884.2374923017217,886.0709595915429,21183400
2021-02-09,896.6595458984375,911.9923740772907,894.8948245077912,899.318206884634,19604141
2021-02-10,904.9791870117188,909.7692752407276,883.435338570784,895.5595389803343,21234156
2021-02-11,942.291259765625,946.1875293623832,904.0394840196232,907.5919027170206,42539278
2021-02-12,935.828125,952.5131385183562,923.8185623172772,942.1996119337159,30497029
2021-02-15,931.7026977539062,944.8582077715563,928.219024954576,938.7846805276043,15791099
2021-02-16,944.033203125,953.1549523010741,932.802881496031,934.9801998853753,21421660
2021-02-17,954.9196166992188,960.741014605222,939.9534948100977,944.2622398106619,23742994
2021-02-18,947.7918701171875,966.4479037179901,943.8497697894464,955.7218407720154,18646877
2021-02-19,953.5674438476562,964.8665108834765,941.1911753237282,942.8872114559131,23403483
2021-02-22,920.4723510742188,957.9678602579138,914.4447152431129,953.4299014353041,23804335
2021-02-23,927.508544921875,941.0078454501203,922.993501205196,938.7617812472287,25644108
2021-02-24,944.7207641601562,946.6688687651196,928.746185154422,930.5109672659854,10807663
2021-02-25,982.9266967773438,986.4332850134098,950.2212733511736,951.5964345210112,34855693
2021-02-26,956.0885620117188,978.1366075936179,949.1669861696281,970.390019922011,37481215
2021-03-01,963.3767700195312,968.0981121783849,945.4082563142088,967.2729791148116,17680764
2021-03-02,965.3477783203125,976.3488855219025,957.6011908445012,972.6818902030493,17150760
2021-03-03,1009.3980712890625,1017.5572553840722,965.8978411082835,972.2464125919131,31924461
2021-03-04,997.3656005859375,1003.828748665654,989.0460092615402,999.2678744511643,21435754
2021-03-05,998.6719360351562,1013.9131025982049,986.9145027920983,988.2667485623922,25511666
2021-03-08,1004.3558959960938,1023.0577591969392,993.7673254942332,993.9964785910192,19506841
2021-03-09,1004.3330078125,1014.7611720577193,983.9580827349095,1008.435515451042,15154484
2021-03-10,1000.1616821289062,1015.3570182008848,994.7986508670376,1011.6441317511255,11519358
2021-03-12,979.8326416015625,1011.3691415579558,973.5528157347838,1006.1436018764781,16864952
2021-03-15,966.6771240234375,985.0122827733788,953.6591055382644,980.9556664859143,16698099
2021-03-16,962.87255859375,974.5154157112887,960.5348331704779,969.0148318131353,13873801
2021-03-17,942.1309204101562,963.9727287934596,932.8487035121693,961.7037491764538,19210236
2021-03-18,920.9308471679688,955.6302061552235,917.2179604685966,950.175452664011,20647480
2021-03-19,954.3466796875,960.69525139846,908.8754280963202,912.6341453143424,41787429
2021-03-22,945.3624267578125,950.6796276311941,931.9777633302523,949.3045271020536,18572478
2021-03-23,956.8677978515625,967.0438328154761,942.4288481638185,945.1561945497228,17421165
2021-03-24,938.44091796875,953.3153192036881,935.2781200455706,953.3153192036881,16822814
2021-03-25,912.8403930664062,941.5120546663003,909.8838329438006,941.5120546663003,22001648
2021-03-26,914.3071899414062,923.0393175757829,904.7041592614006,922.2600757723222,20180202
2021-03-30,930.1900634765625,939.1743203153876,912.8862150619412,920.4265648198815,20441701
2021-03-31,918.1804809570312,939.6326670448957,916.3011223855142,925.0103953063369,16250796
2021-04-01,926.7750854492188,930.5108871557951,918.2033653028252,925.0103641121028,11723312
2021-04-05,913.3675537109375,928.2190394275535,899.3869710521047,928.1961241166916,14875099
2021-04-06,909.56298828125,919.0285270469295,902.549751465431,918.5930755264645,14009194
2021-04-07,918.06591796875,938.2575804112741,913.6884267557023,916.7595633848343,24266353
2021-04-08,919.2118530273438,926.8438638760107,913.550861994734,921.8017074720822,15369188
2021-04-09,908.5316162109375,919.6702151120933,907.5919066175142,916.0490504682668,14037885
2021-04-12,876.032470703125,899.0660550414589,871.0361450705765,897.9659383027537,20901482
2021-04-13,885.498046875,889.5318084217844,879.1036445817093,881.9226521665396,19411189
2021-04-15,891.227783203125,898.8827094513609,876.880495004118,882.9769376297801,19723716
2021-04-16,885.635498046875,893.7946820087101,883.0456436889467,887.6982396583276,15656948
2021-04-19,871.7008056640625,878.4389983879597,866.3377741074967,872.7550918508488,18478808
2021-04-20,871.4486694335938,879.630707999535,866.5440051069252,875.7344991586106,17203668
2021-04-22,873.8551635742188,877.5451347263307,860.241286961097,867.3691002316476,14490954
2021-04-23,872.91552734375,879.5849132644179,868.790104616964,873.6718538332856,11828857
2021-04-26,888.271240234375,899.3411542259464,876.1929313043806,880.0892010583416,20846778
2021-04-27,911.5569458007812,915.4760702037885,888.4546143578905,889.2567714872772,19992524
2021-04-28,915.5219116210938,920.4265763216893,907.6607474114031,915.7740406673798,17122437
2021-04-29,927.7835693359375,937.1574468537935,920.105727900506,927.2563959516302,17412606
2021-04-30,914.2384643554688,933.26120365448,911.0527511391041,920.655782032818,19828769
2021-05-03,897.9888916015625,907.1335555453037,890.6777556332297,901.1746047808554,23640186
2021-05-04,878.5306396484375,901.9997370917675,875.9637611075009,893.8405527635673,21849830
2021-05-05,880.135009765625,888.5691777775138,874.6115105629798,881.6247474474685,12393609
2021-05-06,885.1312866210938,886.9648144836806,873.94679697057,880.9371181577752,14624666
2021-05-07,885.4751586914062,896.4304356377996,882.8394735121533,888.2254204281215,12288548
2021-05-10,882.9310913085938,892.3737147417395,880.5246199852063,888.7983807222055,13941237
2021-05-11,886.1168212890625,888.5920384213001,875.5052750613311,877.7972303422154,13478264
2021-05-12,876.94921875,886.002221216367,874.1302112387264,884.7187819780459,13177961
2021-05-14,888.0191040039062,890.1734462060485,873.6718166242116,883.7790442829889,13291616
2021-05-17,898.5848388671875,900.0057700476099,884.8563242467998,888.0191828361669,11873078
2021-05-18,911.236083984375,917.9513614042411,904.1541009609921,908.0503707318024,12064918
2021-05-19,915.4072875976562,924.2998828426298,903.9248985804228,907.5918937932091,16317002
2021-05-20,910.0671997070312,921.7558874978663,908.050349246667,915.7969367373396,11422532
2021-05-21,917.9284057617188,921.1599494949313,910.3422256002594,913.0924871945388,10785605
2021-05-24,910.1817626953125,921.251676307845,908.508702543954,920.4265432648657,8551760
2021-05-25,899.8682861328125,915.3844376772581,898.424379005612,915.1093933143347,14780102
2021-05-26,903.0310668945312,907.3627881934681,900.8538092119478,905.3000464446839,7480204
2021-05-27,905.8042602539062,913.5508475324665,899.4556887616017,903.1456599197388,26819294
2021-05-28,960.2139282226562,964.8893789232424,912.1757395018311,912.1757395018311,56469931
2021-05-31,990.23779296875,1004.6309115586384,955.7447341604119,963.5142368379956,59124142
2021-06-01,994.1798706054688,1009.3522306492441,983.9121143470408,992.8505401421406,28013832
2021-06-02,1009.0084838867188,1012.7901164057838,988.7251601490005,988.7251601490005,24630162
2021-06-03,1012.8588256835938,1031.3544513913578,1006.6478067017579,1018.0613891560027,23974257
2021-06-04,1004.0808715820312,1015.9757968391475,1001.215972835257,1015.2194703597206,14468646
2021-06-07,1020.9950561523438,1027.6874180364794,1001.5597810627152,1009.3522597205107,16336573
2021-06-08,1015.1278686523438,1020.8805211708817,1007.5875187259974,1020.6284527446323,9674735
2021-06-09,996.9759521484375,1018.0613712553818,989.1605584884511,1017.1446376247586,11409161
2021-06-10,1000.64306640625,1022.1869142103144,998.1448731518816,1005.410178560161,14155653
2021-06-11,1014.463134765625,1021.2701336418213,999.313690003068,1000.5971898490566,13762778
2021-06-14,1029.016845703125,1035.1362041564505,1006.1665809596429,1015.3113062930896,20332436
2021-06-15,1031.3544921875,1042.768135715735,1026.9081943931424,1036.3967093115714,15174215
2021-06-16,1013.7526245117188,1030.0021857874945,1011.1169395499142,1029.016706229588,10797349
2021-06-17,1015.609130859375,1024.478811167181,999.2220767069317,1008.4354866801418,15745975
2021-06-18,1020.1929321289062,1024.478822809841,1001.26185387972,1020.1241861950441,29369026
2021-06-21,1025.5101318359375,1030.2084981144237,1008.5043034903338,1010.0398718348159,12186448
2021-06-22,1020.2387084960938,1036.3966694851442,1017.305063827188,1033.1879198503868,12871913
2021-06-23,1010.8878173828125,1031.6294468228025,1009.2146966181219,1031.3544630991662,16653951
2021-06-24,987.120849609375,1015.1278456666324,980.9327456903711,1011.575426865448,91461975
2021-06-25,964.6372680664062,987.1208249047892,953.934120686287,987.1208249047892,55355022
2021-06-28,956.18017578125,974.7445475203094,953.8882810293916,972.6818664926423,20277042
2021-06-29,957.0053100585938,966.722978383287,955.309334506487,957.7845518996997,27144063
2021-06-30,967.4793090820312,972.9798326167755,958.4950519364287,960.8786080933168,19762858
2021-07-01,961.6578369140625,973.2089718259205,960.3055911344238,970.8483311615644,12534407
2021-07-02,975.9133911132812,977.6781730742407,959.3658701052952,961.2223133051325,14086620
2021-07-05,985.608154296875,987.1437225552451,977.0364340484646,979.3054134710574,11702287
2021-07-06,973.96533203125,985.0122698833286,971.8568203263075,983.2017178411271,10070124
2021-07-07,967.2041625976562,975.3175157951662,961.6807243343485,975.3175157951662,10454892
2021-07-08,959.2055053710938,970.3670803736079,953.8883045657835,970.3670803736079,11185460
2021-07-09,949.3961791992188,958.7929721924675,947.0584537619383,957.0969360802638,9037675
2021-07-12,955.309326171875,963.2851276290605,950.9088589034208,953.3153303406908,8585292
2021-07-13,962.4600219726562,963.9955902768539,957.1198452514376,962.5975138366089,6717133
2021-07-14,956.18017578125,965.7373756840498,954.0028575802304,962.757900382131,8532544
2021-07-15,954.5071411132812,960.3056240781227,952.7423590707142,960.3056240781227,9448356
2021-07-16,968.2814331054688,969.3586345883135,956.9136201919634,956.9823661248548,8828185
2021-07-19,962.1162109375,973.5986000053203,959.0450743953488,962.5974930734681,8354449
2021-07-20,959.7555541992188,966.2645937934277,955.2634863507388,962.3683240368905,6741464
2021-07-22,972.0859985351562,973.5528209534349,961.749556295587,971.3067567032602,7972397
2021-07-23,965.2102661132812,978.388691291219,963.537145352944,978.388691291219,9937030
2021-07-26,951.9860229492188,972.2234551559545,949.3503378786515,966.2645650758799,12389668
2021-07-27,941.9703979492188,955.125908026662,936.0115078532206,951.9631101825355,10824523
2021-07-28,933.8800048828125,943.3455435715282,924.2081677794938,943.3455435715282,12897848
2021-07-29,941.168212890625,950.8629651756864,936.6531693645694,941.5120031620643,13765738
2021-07-30,932.9404296875,947.9064927305135,931.0151797406852,943.3456181635172,11350608
2021-08-02,949.9921264648438,953.1549244291817,935.6219225114104,941.64961939085,10925104
2021-08-03,956.9823608398438,958.472098534325,946.1875520050795,958.0137316950651,11817299
2021-08-04,964.3164672851562,969.0148334503069,956.6385651254377,960.0305767127345,13169800
2021-08-05,978.2969970703125,987.7166442031296,964.5455683548445,969.1522730286341,21252078
2021-08-06,957.5783081054688,984.118482405404,952.8569658425478,976.3260034205665,16620987
2021-08-09,952.1234741210938,957.9220174020351,947.2417250904157,953.8882560704036,7494143
2021-08-10,957.1198120117188,968.5564309312293,950.5650028081965,954.3466351607118,11919198
2021-08-11,970.5274658203125,971.7650744397419,954.9883999679868,961.1994189978675,9184963
2021-08-12,967.4105224609375,974.6070818749535,964.8894139170732,974.0111625495348,8137612
2021-08-13,983.5225219726562,985.4706871043652,966.7000166394256,970.5274797261686,12780901
2021-08-16,996.2883911132812,1009.8106064759563,975.5008706248092,985.2185382876655,21935444
2021-08-17,992.0484619140625,1001.6514930817065,984.5310272242286,994.157034326096,12658169
2021-08-18,995.8988037109375,1002.3848672668237,986.70830911607,996.5176383491639,10075860
2021-08-20,984.71435546875,995.6008253528368,979.5575619070668,982.3078235161245,9426282
2021-08-23,991.177490234375,996.5176062075203,977.4031458192651,996.5176062075203,9854395
2021-08-24,1000.9639282226562,1004.7684760203806,988.083401833506,992.415123021858,11864472
2021-08-25,1009.6272583007812,1017.6031201827858,999.3137315963152,1001.7431789073327,13380559
2021-08-26,1022.39306640625,1029.0166819300077,1010.7272947964817,1012.1024558301713,18589616
2021-08-27,1020.9950561523438,1028.0312689396699,1015.7924925661467,1025.3955232469832,10480636
2021-08-30,1040.6365966796875,1043.203596359389,1025.3038295110346,1031.3544412631513,14027062
2021-08-31,1035.09033203125,1046.8247903428185,1027.8020504319504,1043.6849076475653,26485463
2021-09-01,1039.1927490234375,1051.0189894852997,1037.3134510209886,1041.89724071651,11145486
2021-09-02,1051.70654296875,1057.8488161527025,1033.646368385473,1033.646368385473,9956770
2021-09-03,1094.840087890625,1097.8195632935938,1055.4194483236831,1058.8572299455507,30664428
2021-09-06,1111.8460693359375,1136.7819294497378,1105.6120133737113,1106.070440850872,33641710
2021-09-07,1118.8592529296875,1126.697501998687,1105.6120203273044,1113.862866252847,17349882
2021-09-08,1114.4815673828125,1124.8638997922849,1103.159586059122,1123.9471661870716,14301651
2021-09-09,1111.8460693359375,1117.461169394724,1107.4914326605322,1112.900294914862,8963249
2021-09-13,1087.0706787109375,1115.2380843558342,1085.4663643164727,1115.2380843558342,16311160
2021-09-14,1085.649658203125,1097.3612014720295,1084.5265654095783,1088.6520490966368,8908356
2021-09-15,1090.1646728515625,1098.1633290848004,1085.6725442883837,1085.6725442883837,9071075
2021-09-16,1113.0377197265625,1116.9568440002952,1084.9848939442843,1091.6543404252113,13448882
2021-09-17,1095.77978515625,1125.7120323701977,1088.9270156765465,1121.1969884449557,34882133
2021-09-20,1097.5216064453125,1108.5226525499063,1086.3600319275276,1087.3225961815488,11779819
2021-09-21,1102.265869140625,1107.720561900596,1092.7773541546824,1102.4033610072993,9915736
2021-09-22,1114.0921630859375,1119.3634123650652,1099.3093618080452,1103.7785751597316,10995912
2021-09-23,1141.31982421875,1144.5742832633498,1120.9677550447884,1121.8386580817216,15748397
2021-09-24,1138.0194091796875,1148.4475727647946,1133.1148053202687,1147.576669731021,15192163
2021-09-27,1157.15673828125,1159.6549921065296,1134.627471947925,1139.9905033215525,15373834
2021-09-28,1167.9744873046875,1175.6981587592984,1151.8165273382556,1161.5341943777294,18035258
2021-09-29,1158.71533203125,1178.0359697285317,1155.1399374014045,1178.0359697285317,9719875
2021-09-30,1154.773193359375,1161.8094062027037,1146.1098722094368,1157.40893907304,13590654
2021-10-01,1156.81298828125,1164.192930584725,1143.6575391165998,1146.8432522010417,8958928
2021-10-04,1171.6875,1180.259160043753,1162.932396222479,1170.2435929111411,10918552
2021-10-05,1196.0045166015625,1197.2880165038616,1167.6536696665046,1171.2061490862445,13533634
2021-10-06,1173.3834228515625,1200.9319903689466,1169.3726373653026,1200.9319903689466,10258881
2021-10-07,1179.1361083984375,1191.2144164433496,1176.98170556715,1189.495404493212,6336665
2021-10-08,1224.447021484375,1230.4747182037254,1183.307369994025,1185.0262607994205,15772493
2021-10-11,1215.9210205078125,1246.7929140180283,1212.5749002791815,1238.2670850319748,14768666
2021-10-12,1222.865478515625,1229.8329453409401,1210.6955087493109,1212.41452076771,6682011
2021-10-13,1235.310546875,1246.5637829204236,1223.5530527573792,1227.9993504307665,9959762
2021-10-14,1237.8087158203125,1245.6241705664743,1231.7581037562036,1237.785800509313,8623469
2021-10-18,1241.109130859375,1258.252450933328,1220.3444641655594,1223.2322783409943,13594479
2021-10-19,1252.2247314453125,1261.16315754236,1241.2924308309439,1248.5347602041966,8833409
2021-10-20,1237.8087158203125,1257.2211366076724,1233.7291842372517,1257.2211366076724,12710570
2021-10-21,1202.1009521484375,1250.4600176121505,1193.2541872404129,1250.185033882586,20831669
2021-10-22,1204.3470458984375,1221.5363180537763,1197.0587644358054,1200.954973592075,11027475
2021-10-25,1192.6124267578125,1228.4577922892026,1178.0359855640784,1228.4577922892026,17198417
2021-10-26,1219.7713623046875,1223.3696720798202,1193.2311906338466,1199.6256531158365,9750178
2021-10-27,1204.3470458984375,1226.991010872554,1200.9320582807156,1215.623197762777,9896298
2021-10-28,1191.1456298828125,1209.1828895875174,1187.432864506906,1200.9549592126311,9886181
2021-10-29,1162.5657958984375,1190.022704462386,1146.7287691799158,1190.022704462386,14233025
2021-11-01,1163.2762451171875,1171.6187520355577,1143.2449896416585,1162.5657492295359,15481114
2021-11-02,1146.3160400390625,1167.9516081501713,1143.7720769686077,1166.5764471004575,10569130
2021-11-03,1138.4320068359375,1155.1170200862193,1128.0725891739946,1148.722557322112,11989430
2021-11-04,1145.4222412109375,1148.1954786668587,1141.3656251658094,1142.717749684169,1705656
2021-11-08,1146.84326171875,1155.1170224299378,1125.9640191807732,1154.8419174613903,20337183
2021-11-09,1155.896240234375,1159.1965298282244,1140.0133843851806,1148.2413143050117,15682497
2021-11-10,1168.8226318359375,1172.5355185555284,1147.6225736580768,1153.6044399704713,10253470
2021-11-11,1170.9541015625,1178.265177085815,1162.2448283122387,1164.3075700680954,10722478
2021-11-12,1188.6246337890625,1191.2145490348018,1172.0771110729677,1174.7816028791312,8712341
2021-11-15,1181.6114501953125,1192.795941103066,1178.0360553057362,1191.7874248871383,4803269
2021-11-16,1154.1544189453125,1180.3278247420833,1143.6575097571767,1178.9755789906594,11337581
2021-11-17,1129.44775390625,1145.4681019657987,1128.07259279697,1145.4681019657987,10202029
2021-11-18,1133.710693359375,1140.9073137930552,1123.0533758261845,1127.6142503941094,8505625
2021-11-22,1083.4951171875,1122.5720244535148,1077.6507433306422,1116.6589046684608,24124307
2021-11-23,1093.6253662109375,1100.6844946407236,1058.398954977012,1069.4229172974653,25326999
2021-11-24,1077.834228515625,1104.6493851195241,1074.2359185764822,1090.9438471614171,16820296
2021-11-25,1142.7177734375,1146.8661720527546,1080.4698488587073,1087.7352146404376,42401936
2021-11-26,1105.8870849609375,1135.6817177057028,1100.7990372227516,1131.189589296319,15763138
2021-11-29,1119.13427734375,1145.9495578875785,1099.6989399021243,1118.0342210947147,24325354
2021-11-30,1102.586669921875,1134.9024717288598,1095.0004895867523,1131.2812463925254,32172299
2021-12-01,1130.8228759765625,1134.0315042907605,1111.6166942203856,1115.237919351135,10104610
2021-12-02,1138.088134765625,1144.2074924479061,1128.3475519065755,1132.0604383226262,12720411
2021-12-03,1103.89306640625,1145.2618702299037,1100.1114339582437,1145.2160396090205,19222481
2021-12-06,1082.968017578125,1111.5709329665058,1080.4698849484687,1107.4455707686775,10332254
2021-12-07,1091.7918701171875,1101.9449290843352,1081.776303016158,1089.1791609258444,11235122
2021-12-08,1108.4080810546875,1114.6878459117324,1102.9992192166824,1111.1584032158878,8744178
2021-12-09,1125.9869384765625,1134.444021700031,1111.570904595521,1116.1546941405727,13213547
2021-12-10,1127.1329345703125,1130.3644782790566,1114.0231947642246,1118.5611536405565,8364414
2021-12-13,1104.5347900390625,1134.0773530508366,1101.9448750407266,1133.8023693320863,12901733
2021-12-14,1091.0125732421875,1102.861728361951,1087.9185214305323,1090.9438273125975,12991523
2021-12-15,1087.826904296875,1102.403345616454,1082.2804291248574,1092.7773388982275,9366969
2021-12-16,1101.8990478515625,1107.216248479138,1085.7412081791317,1102.7241202554083,9761279
2021-12-17,1072.81494140625,1103.778497061196,1063.441003189058,1099.2176227833666,21049821
2021-12-20,1043.8912353515625,1062.455547224142,1030.0251684798482,1062.455547224142,14325846
2021-12-21,1059.43017578125,1075.3588621588585,1050.698109095437,1059.476006400623,12836561
2021-12-22,1084.5723876953125,1087.2310488836472,1064.3579300172785,1065.6871393664082,17658543
2021-12-23,1084.1827392578125,1090.9438469947117,1080.8824495978456,1088.1935247813874,9072401
2021-12-24,1087.6435546875,1096.4443675076675,1071.4855935910882,1086.3600548250688,7886494
2021-12-27,1086.4747314453125,1090.0272110819046,1076.321671896909,1082.48686087442,4017223
2021-12-28,1099.3779296875,1102.334489464229,1087.758049602114,1088.9268515806937,6374613
2021-12-29,1101.2574462890625,1108.8207112147352,1091.9064234068485,1095.9860761516231,15425312
2021-12-30,1081.36376953125,1102.3805058286177,1075.1756652331032,1100.111526169628,29333171
2021-12-31,1085.5120849609375,1092.731499004576,1081.7762831083144,1087.735233824033,9477290
2022-01-03,1101.8760986328125,1103.7555177273655,1083.4034494870864,1084.0681147007076,5421611
2022-01-04,1126.7432861328125,1128.07261664956,1101.9449187558637,1107.399732687683,10847728
2022-01-05,1132.0146484375,1135.406720638124,1115.215058343985,1128.5310362393254,11643813
2022-01-06,1107.6746826171875,1124.86395383207,1104.2367798762002,1123.5804539760977,14447422
2022-01-07,1116.6131591796875,1126.7203875803923,1105.4057533539212,1114.2983490188678,13112115
2022-01-10,1117.5299072265625,1126.2391805142242,1107.4685093188987,1123.947285635108,9246731
2022-01-11,1125.574462890625,1134.4669370112138,1116.1546941413678,1116.6131215938847,16205164
2022-01-12,1155.6212158203125,1157.3860585343637,1129.9061140816111,1132.7939283000276,14800442
2022-01-13,1162.1302490234375,1164.7430794903867,1149.799871630036,1155.6900765912824,11856712
2022-01-14,1163.826171875,1176.7982986423872,1157.798475318835,1161.9927045648858,19930176
2022-01-17,1169.8997802734375,1175.7441547533497,1162.9095189564061,1163.3679464382756,8036453
2022-01-18,1155.942138671875,1174.5293659051256,1153.1689010411296,1171.045753628355,6215029
2022-01-19,1155.8504638671875,1165.2013656520166,1150.0748355618337,1159.700842322413,9755485
2022-01-20,1135.613037109375,1150.5104149613796,1125.3223644863679,1145.9724556690803,16494486
2022-01-21,1135.79638671875,1146.9808780308442,1123.9473513360456,1123.9473513360456,13338594
2022-01-24,1089.981201171875,1148.126674861085,1079.5301230371658,1134.4897626111106,21868937
2022-01-25,1087.849853515625,1094.9088606650018,1056.5653610175182,1076.9861771859275,24510205
2022-01-27,1071.7376708984375,1079.9885163417791,1059.3385480455281,1070.775106616139,20020431
2022-01-28,1070.7064208984375,1089.0644954508907,1067.291554475014,1084.0682300301046,14667727
2022-01-31,1093.96923828125,1103.045156799277,1080.0344248902675,1081.8680135905472,12143683
2022-02-01,1090.3480224609375,1109.5540852680574,1075.8632414513975,1103.7785778610794,13200509
2022-02-02,1092.571044921875,1103.3200225612575,1088.69775137196,1103.3200225612575,10017691
2022-02-03,1078.4530029296875,1100.776153756922,1075.9090396095141,1096.4444323986227,9572839
2022-02-04,1068.62060546875,1076.4818899124477,1063.9451551044901,1073.0669027499628,11061241
2022-02-07,1062.11181640625,1080.3094832814866,1056.565341165564,1073.525459997656,10714467
2022-02-08,1079.965576171875,1081.776249387765,1058.8571809082614,1068.3227800755665,12060849
2022-02-09,1092.5482177734375,1094.2441933117877,1080.859590251658,1086.8871658817368,11486225
2022-02-10,1091.42529296875,1098.1404494751025,1084.1140958487797,1098.1404494751025,12464491
2022-02-11,1089.293701171875,1093.0065876584677,1074.487985846016,1087.8497941356986,15943370
2022-02-14,1071.9439697265625,1079.4614035694667,1060.2323068438277,1072.7232114818019,10719633
2022-02-15,1108.33935546875,1111.0667623701695,1070.6376078345702,1077.7424452213795,11212671
2022-02-16,1106.0474853515625,1115.2379799121732,1098.2550672382072,1113.8628187756915,10392840
2022-02-17,1120.0509033203125,1125.276442801767,1104.695220466274,1109.324840632864,12853252
2022-02-18,1111.2960205078125,1125.9641241180882,1109.3478552162337,1120.4636004198646,6775458
2022-02-21,1100.065673828125,1117.3007770202657,1093.052497178344,1105.6120280255943,11107193
2022-02-22,1095.0692138671875,1098.2321329243787,1075.8860679557888,1078.5216923842481,13494914
2022-02-23,1088.2164306640625,1103.1138071154621,1085.4433144095137,1100.6156745818523,7310110
2022-02-24,1033.9901123046875,1072.5628852107488,1028.329181808948,1056.5653308451497,24846650
2022-02-25,1046.9166259765625,1057.9176736242568,1043.3870615566975,1045.151783144109,14570089
2022-02-28,1081.5699462890625,1085.145341040957,1028.1458690354236,1028.1458690354236,21297446
2022-03-02,1099.44677734375,1100.5698700542646,1067.658149220437,1070.064620570787,21471786
2022-03-03,1090.1646728515625,1106.9184330941696,1086.3830401960822,1100.1114943143052,10186748
2022-03-04,1065.985107421875,1083.7472620952867,1063.601551341078,1078.5675530903663,10805667
2022-03-07,1026.564453125,1059.8199037179454,1018.5198453773746,1044.5099300311947,17983310
2022-03-08,1024.7078857421875,1029.5209494041858,999.2678307434895,1013.7067792394394,21289374
2022-03-09,1079.07177734375,1084.9848973608214,1024.0890970521439,1024.9372060232206,20414228
2022-03-10,1096.5589599609375,1102.4033341122677,1081.7762809984918,1100.1114393218481,17980493
2022-03-11,1099.7216796875,1105.1535778630591,1089.1331095335318,1089.1331095335318,12257423
2022-03-14,1108.7518310546875,1111.295915474005,1088.1935241329193,1094.1066441410262,8340678
2022-03-15,1083.357666015625,1112.9231448061764,1072.9982483480426,1112.9231448061764,15925769
2022-03-16,1101.6470947265625,1103.7327518869158,1089.6146158141908,1091.8606801611006,11149828
2022-03-17,1137.56103515625,1144.757533344728,1107.0328727035721,1115.123310427787,21422098
2022-03-21,1131.0062255859375,1138.6153209824492,1117.988268295583,1120.2801630385682,11999466
2022-03-22,1160.22802734375,1161.9698334791544,1124.6806812756272,1127.6600354567,22557065
2022-03-23,1163.9178466796875,1175.6753408957736,1156.4921948666654,1156.4921948666654,15462187
2022-03-24,1182.0008544921875,1184.522023454214,1150.5331642898968,1150.5331642898968,13168266
2022-03-25,1189.8851318359375,1199.1214568743046,1181.2446048684105,1183.7657739943877,14222488
2022-03-28,1201.848876953125,1205.4241503974265,1185.5992542989727,1196.3711477432732,9891424
2022-03-29,1202.123779296875,1209.2057010190558,1195.179349429393,1209.2057010190558,8684065
2022-03-30,1225.226318359375,1232.124918446874,1199.6257926348296,1210.0768722921507,15811550
2022-03-31,1207.716064453125,1223.7365342560029,1204.8971174609512,1221.5592159727573,13223718
2022-04-01,1217.3878173828125,1221.650792409233,1201.8717279898633,1208.2889845939128,7922880
2022-04-04,1220.9862060546875,1226.1659150383866,1210.8789777524678,1217.204573527322,7929162
2022-04-05,1203.7281494140625,1223.8281500596934,1201.2758474894724,1215.2105384908136,13149870
2022-04-06,1200.5196533203125,1207.6015761524088,1185.874464844214,1185.874464844214,12257215
2022-04-07,1179.3424072265625,1194.5376831347246,1176.6608308921666,1189.541296682488,15496499
2022-04-08,1198.9610595703125,1203.2469501237288,1173.4521965353247,1173.4521965353247,15152495
2022-04-11,1196.462890625,1209.4579325090012,1183.994900868912,1191.7873186883257,9254209
2022-04-12,1173.93359375,1192.979248872291,1171.343678551334,1185.8284591814092,13217742
2022-04-13,1169.624755859375,1188.3954267308752,1166.8056876207352,1180.0987504373015,10354235
2022-04-18,1166.04931640625,1173.360512799562,1155.9420884375718,1161.0759666300064,9974224
2022-04-19,1210.4892578125,1222.9572477242466,1169.3497287803332,1172.535441877599,26141820
2022-04-20,1246.0823974609375,1253.210271178324,1214.2937708370284,1217.9608265886548,25072240
2022-04-21,1275.2584228515625,1278.4212208156011,1252.2935221549972,1260.9569648339216,21708633
2022-04-22,1264.578125,1284.380105465392,1257.8857631886808,1264.6239556205894,15054154
2022-04-25,1235.33349609375,1264.3947176957165,1220.9632924694508,1257.060726984876,17063215
2022-04-26,1272.3017578125,1281.1714375635772,1241.1548810356055,1242.209106521705,12227666
2022-04-27,1273.53955078125,1296.2980927650976,1262.859196799698,1263.225963033782,19338945
2022-04-28,1292.562255859375,1306.8407983910722,1277.0918746553396,1288.0242967720633,25614076
2022-04-29,1278.9942626953125,1309.2014939179776,1273.0582268866956,1309.2014939179776,18214862
2022-05-02,1274.5020751953125,1285.984464730689,1264.2343183931405,1266.0449917049468,9467006
2022-05-04,1234.714599609375,1278.8795550641544,1226.7617746560575,1276.5876603483682,19247660
2022-05-05,1210.53515625,1251.3767885376742,1206.4556245815422,1248.3973130652491,17210669
2022-05-06,1201.2529296875,1218.8317611965022,1188.8307704289866,1197.379636049586,19649948
2022-05-09,1154.3377685546875,1190.4581169602636,1149.1580597674129,1180.3049371761954,18083752
2022-05-10,1134.3294677734375,1158.142355568326,1126.6974568162482,1143.6575754672483,19511677
2022-05-11,1122.7095947265625,1139.050878859728,1110.1728584444318,1133.412742393658,16643899
2022-05-12,1099.83642578125,1116.0859266686812,1086.3600411306854,1112.716891128553,20490321
2022-05-13,1112.3043212890625,1135.865019066684,1107.1475277140466,1112.029337563206,19308778
2022-05-16,1112.579345703125,1137.240097843629,1107.7433668250933,1115.902550463391,13437911
2022-05-17,1159.3111572265625,1164.2387977686785,1114.7795548410595,1116.2005466021342,16551828
2022-05-18,1163.5283203125,1178.0360159486409,1149.7311205681472,1164.1242396483597,17276788
2022-05-19,1136.7130126953125,1151.6791354222153,1130.3874170075692,1138.6153472107746,14699118
2022-05-20,1202.9947509765625,1212.139414776429,1146.8661836139381,1151.6791262733325,21793091
2022-05-23,1194.9503173828125,1216.3336978151426,1188.5787695978247,1206.2263480406389,15252755
2022-05-24,1199.052734375,1209.2057932734845,1190.733142835757,1194.9961181267854,13527818
2022-05-25,1197.2879638671875,1217.7775245561643,1192.474900067679,1207.8307038632186,12714544
2022-05-26,1185.874267578125,1207.784818988279,1167.9515861409743,1202.971755404979,17882023
2022-05-27,1180.373779296875,1194.148064171989,1164.330514806483,1188.6017099718772,16521973
2022-05-30,1221.490478515625,1225.7075020001473,1189.1288455758786,1198.6630699722127,13853398
2022-05-31,1206.75341796875,1227.9076434727126,1198.9839156072687,1210.7642033515904,70620653
2022-06-01,1207.1431884765625,1217.0900097063925,1199.2131571190735,1207.509833455158,9776989
2022-06-02,1248.7640380859375,1252.4998399589306,1207.372318443617,1207.372318443617,22126569
2022-06-03,1274.0665283203125,1291.4162069841407,1256.8772568297964,1257.7941117387797,23939791
2022-06-06,1268.5889892578125,1289.8807087038247,1261.3694536166279,1274.2958718356094,11093152
2022-06-07,1270.9725341796875,1279.3837872008557,1261.4841402723073,1269.666118933297,12358255
2022-06-08,1248.6495361328125,1274.7541989369083,1245.0970565333605,1270.972566216536,12479250
2022-06-09,1282.890380859375,1284.8384247443057,1242.209157440757,1242.209157440757,17278305
2022-06-10,1244.1573486328125,1278.833791459272,1238.312974365536,1270.5829458010678,18093057
2022-06-13,1220.619384765625,1225.1573435937296,1199.2589210886943,1214.7063860991764,17620803
2022-06-14,1204.6678466796875,1224.7220175090583,1197.9525693217622,1214.7293656835407,14714312
2022-06-15,1190.09130859375,1208.8848932974875,1184.6366162790735,1199.831891206755,11195535
2022-06-16,1173.4522705078125,1218.8547783812896,1170.7019480816518,1202.3301710023502,17111475
2022-06-17,1187.20361328125,1203.1781315644348,1171.6646071621985,1173.452243951725,24457187
2022-06-20,1165.6827392578125,1199.6257716149355,1155.6212200791051,1194.0792962718115,12066797
2022-06-21,1184.4991455078125,1188.7619993277563,1158.9215376080524,1173.4521475813492,11720049
2022-06-22,1148.5162353515625,1172.6728504220657,1146.4076632283175,1172.5811891877966,10617206
2022-06-23,1129.8831787109375,1157.408953297844,1120.7385146783233,1152.848078937041,19446323
2022-06-24,1145.972412109375,1150.991592767776,1131.2812726258912,1136.781917312954,14240234
2022-06-27,1142.580322265625,1166.553617423019,1137.4922745062001,1166.553617423019,15474529
2022-06-28,1158.646484375,1161.5113831891986,1137.7444474257538,1137.7444474257538,13572847
2022-06-29,1182.6885986328125,1190.412392504964,1146.4078398212273,1149.2498235014236,19205146
2022-06-30,1189.79345703125,1199.0756125846392,1176.202495698424,1182.6197525022405,23112959
2022-07-01,1104.099365234375,1188.120356156085,1084.0682304303639,1180.2821071014785,81997149
2022-07-04,1106.39111328125,1119.3632391518918,1084.5722233250567,1090.4624276125355,41857728
2022-07-05,1115.3525390625,1129.8602342114448,1107.9496813478086,1110.6541729570247,17647327
2022-07-06,1105.543212890625,1119.3404122074792,1094.6109123633412,1109.3248453442498,23943726
2022-07-07,1094.65673828125,1115.3525371676146,1088.6519570022003,1111.983501562055,23301033
2022-07-08,1096.16943359375,1108.3623191057948,1092.1126960301337,1108.3623191057948,19010108
2022-07-11,1111.0667724609375,1113.312715377174,1086.360066687017,1089.3395420283903,13847467
2022-07-12,1109.4852294921875,1118.3090787825315,1101.9448800519,1101.9448800519,10778989
2022-07-13,1089.82080078125,1115.696430763283,1087.735264967061,1112.6252940751017,14224132
2022-07-14,1098.8050537109375,1115.6735113679642,1089.5458130577802,1094.6109455416256,16970315
2022-07-15,1100.9365234375,1106.9871354480606,1092.364863504216,1106.9871354480606,9603210
2022-07-18,1110.3104248046875,1111.570888101605,1096.581850438588,1109.7374208088013,15160908
2022-07-19,1117.117431640625,1121.655390776058,1100.2489737845974,1100.2489737845974,16439888
2022-07-20,1147.324462890625,1165.4304675819465,1139.6466216282338,1164.2845808425725,23924246
2022-07-21,1139.6695556640625,1145.9494418815082,1130.9604040686318,1143.1991196697786,16523230
2022-07-22,1147.3704833984375,1153.4210955307888,1143.6575967494916,1145.9494916103813,10969995
2022-07-25,1109.46240234375,1131.0292268733538,1101.4866613796826,1131.0292268733538,23110452
2022-07-26,1109.966552734375,1120.2343088642726,1105.314017415992,1109.783230257597,11303288
2022-07-27,1108.9124755859375,1112.4877493414626,1101.0282743345629,1109.2562052758763,8655086
2022-07-28,1126.2850341796875,1131.2583843341515,1109.7375115906132,1116.6131963686305,12496073
2022-07-29,1150.281005859375,1153.7876544454252,1129.447715864083,1134.3523195776195,15130683
2022-08-01,1180.2591552734375,1186.1722754715254,1149.4330909330017,1154.7273764890751,15700044
2022-08-02,1184.751220703125,1195.3627065620303,1174.1626501540004,1179.181951711192,13917913
2022-08-03,1194.6981201171875,1196.3711803315723,1176.867219296224,1191.7873906029668,14250977
2022-08-04,1178.9068603515625,1199.923594523846,1161.9926941475471,1196.3711152416918,14467127
2022-08-05,1161.5343017578125,1182.0696937938956,1158.302757963788,1180.7863151475988,13942438
2022-08-08,1176.7296142578125,1184.247048863513,1160.1591766892423,1160.1591766892423,10165178
2022-08-10,1183.7657470703125,1187.157697914985,1172.0999144129687,1181.1987473818865,10724688
2022-08-11,1187.707763671875,1196.3252537216179,1182.7113774958657,1193.2082866558594,8198226
2022-08-12,1206.9139404296875,1210.741403702378,1183.6283464302796,1187.3411118996262,12650587
2022-08-16,1215.30224609375,1218.0525684006589,1204.301199356179,1212.9645206308903,6607378
2022-08-17,1221.65087890625,1227.0368257217128,1217.2504117116075,1221.5821329730554,6595965
2022-08-18,1223.8663330078125,1227.4072915585027,1214.1629388289355,1223.2684693432077,7410035
2022-08-19,1202.045166015625,1224.0501970750718,1197.952202504507,1218.6696676234765,9460724
2022-08-22,1198.7110595703125,1210.0699827064395,1189.237687751189,1203.4938472764775,9471680
2022-08-23,1217.1981201171875,1220.1413366546572,1191.6979879121764,1192.9167053236868,9678484
2022-08-24,1213.9559326171875,1227.8672411849495,1211.9325624419912,1214.1169848061954,10369622
2022-08-25,1210.4149169921875,1224.601984191342,1206.0690625467641,1218.1867795114865,7871946
2022-08-26,1203.95361328125,1218.669695572357,1198.895066429225,1210.8517312399736,10742038
2022-08-29,1194.59521484375,1220.9690914420707,1185.5816446792085,1188.777752048619,19838975
2022-08-30,1213.128173828125,1216.4853334846316,1184.9148468695348,1202.1142232828738,23139054
2022-09-01,1177.46484375,1197.9522879213223,1173.004038692285,1187.6971316167633,19909939
2022-09-02,1163.714599609375,1184.3399844690086,1161.5071871356324,1177.464856182464,12999345
2022-09-05,1181.7877197265625,1187.1682496136568,1163.9444993237394,1163.9444993237394,11327815
2022-09-06,1194.227294921875,1198.435209144808,1182.7994012608426,1183.259324472964,10899618
2022-09-07,1187.283203125,1193.3305669492804,1181.8796831450707,1184.1790559373944,7488501
2022-09-08,1188.961669921875,1194.7561426258621,1182.339554420887,1190.272347631705,7057077
2022-09-09,1181.5577392578125,1200.2745813868753,1179.1203045234124,1200.2745813868753,8314850
2022-09-12,1194.7791748046875,1201.1945014731086,1182.132563736509,1182.132563736509,7435419
2022-09-13,1204.7584228515625,1209.3341782138502,1196.1358055612113,1203.9536484815465,8888657
2022-09-14,1190.318359375,1200.2746446090127,1183.144360178343,1184.1790353426743,8678219
2022-09-15,1178.5225830078125,1197.308395694751,1175.7862772236242,1187.8580141575485,10365600
2022-09-16,1149.3204345703125,1174.061771963655,1145.5494536781116,1169.8078778060099,20217708
2022-09-19,1150.8150634765625,1160.1275047474742,1141.1116692393027,1149.32046512637,7580254
2022-09-20,1150.9990234375,1167.0257844336486,1147.2510323949336,1160.0125940026749,8411448
2022-09-21,1154.1722412109375,1164.8643306102217,1147.389073333468,1148.1938477161764,9207309
2022-09-22,1143.296142578125,1151.0680056896206,1136.8579473304376,1143.250162420106,10308170
2022-09-23,1121.865966796875,1147.8259014049443,1120.3023981655597,1142.7903443308387,9528051
2022-09-26,1093.28466796875,1111.8866824865881,1092.2729828743588,1100.9645705922296,12479523
2022-09-27,1101.976318359375,1115.6576038628718,1085.3518164035506,1100.9415216012353,16154822
2022-09-28,1072.63623046875,1093.583596690172,1070.1759272917916,1085.4667614092425,16997059
2022-09-29,1069.34814453125,1088.7548103288498,1063.6916125243051,1085.3058122529624,14671827
2022-09-30,1093.4686279296875,1104.6205181289397,1062.771888184244,1062.771888184244,18613024
2022-10-03,1089.6746826171875,1111.4956719154236,1086.6854860052724,1099.79189795872,11852723
2022-10-04,1109.771240234375,1111.9786527114156,1099.1711109850914,1102.6892012292622,8948850
2022-10-06,1113.864013671875,1126.6945446846935,1112.0475542855097,1117.037252539625,13352162
2022-10-07,1118.577880859375,1123.8894404321743,1110.4380550925769,1110.4380550925769,7714340
2022-10-10,1106.3681640625,1111.7946738356984,1098.1823584274014,1106.0002011819565,6329527
2022-10-11,1084.340087890625,1110.1390922221972,1081.2129505947532,1110.1390922221972,9215177
2022-10-12,1092.3189697265625,1095.2851764330599,1077.5339163513465,1081.6268801922415,7417103
2022-10-13,1095.791015625,1100.9415227814739,1085.3518175670768,1090.5484265187492,7328492
2022-10-14,1090.2264404296875,1111.219786867156,1089.4906363180887,1110.5989331416479,9106089
2022-10-17,1107.7247314453125,1110.1390545721003,1077.7639156418754,1083.0065049426328,16729355
2022-10-18,1127.2694091796875,1132.6729287813303,1112.9672700548763,1113.8180245480078,12415820
2022-10-19,1146.8831787109375,1162.4959964794803,1122.8776442355386,1128.7640774617862,19247142
2022-10-20,1149.96435546875,1158.4260425559296,1142.7903560819984,1142.7903560819984,8717053
2022-10-21,1136.6278076171875,1157.4142428345333,1134.5124772853271,1153.2293190428525,8243452
2022-10-24,1140.421875,1150.8380835670227,1129.1320434468116,1131.2933541148973,3370033
2022-10-25,1122.80859375,1149.2284495036315,1121.1760550104768,1149.2284495036315,12233241
2022-10-27,1127.2235107421875,1135.1794160405982,1118.784813789784,1130.3736380950343,12513059
2022-10-28,1161.7142333984375,1165.7840855740624,1131.0404808259343,1133.5927445102238,17609592
2022-10-31,1172.4981689453125,1177.71776783975,1164.4962842081236,1168.5432675504198,12419943
2022-11-01,1163.4156494140625,1195.6758364923362,1153.3674043930116,1195.6758364923362,13963166
2022-11-02,1170.681640625,1172.7741026203626,1156.5865334448672,1164.5423167459194,8981896
2022-11-03,1175.050537109375,1177.0740289608711,1161.2083201732248,1163.4157326546856,6693449
2022-11-04,1192.341796875,1195.6758446397953,1173.18802150413,1174.4755874711611,12575815
2022-11-07,1198.7110595703125,1200.412690263401,1183.7192175493633,1191.5370604720017,11789748
2022-11-09,1197.5155029296875,1205.7702793129001,1191.100176142227,1200.4127394375323,11254205
2022-11-10,1183.0294189453125,1194.089349664191,1178.6605741898684,1191.0771628204707,5966242
2022-11-11,1210.300048828125,1212.231458730222,1190.1574554852532,1195.6759258863383,12310132
2022-11-14,1204.4365234375,1214.9906718644565,1198.0441871961011,1209.8170529986085,9043112
2022-11-15,1199.0330810546875,1207.816629177383,1191.0771757663592,1205.931199440068,7086433
2022-11-16,1192.157958984375,1203.0109791716466,1187.099290152382,1200.2746732256614,9716161
2022-11-17,1195.239013671875,1201.6542182469723,1186.4783346923139,1188.7547172255126,6661451
2022-11-18,1194.59521484375,1199.8148139768198,1182.3855373097979,1198.780017196931,5303197
2022-11-21,1173.0960693359375,1190.1573828729279,1169.5090090557983,1190.1573828729279,6390268
2022-11-22,1179.603271484375,1181.1898301573008,1166.4738689756794,1170.3827904626432,6611488
2022-11-23,1175.9241943359375,1185.5126377883048,1173.7167820185534,1184.1789700389359,6413408
2022-11-24,1186.0645751953125,1192.9167132293242,1171.8543957688637,1180.040201612872,9389439
2022-11-25,1203.769775390625,1207.1268134711438,1187.444143284582,1190.6173823746062,7349922
2022-11-28,1245.1356201171875,1251.34391455544,1150.608200525044,1199.7688959350612,31527484
2022-11-29,1247.27392578125,1256.2185260683516,1238.9041991013291,1243.4799545988596,11058913
2022-11-30,1256.08056640625,1262.5648632555549,1240.8357116736101,1247.4119688361586,26164986
2022-12-01,1252.3785400390625,1266.9565606789845,1249.021502084867,1260.8862069553027,9485801
2022-12-02,1251.849609375,1263.7374256105527,1241.9393047126894,1255.459659720739,11589592
2022-12-05,1233.5926513671875,1249.3663999350263,1231.5462910652268,1247.1819775191307,14828536
2022-12-06,1237.1566162109375,1240.2837532348294,1223.7282217572451,1225.6137729867203,8594245
2022-12-07,1218.899658203125,1239.3641123447374,1215.0597068943023,1234.765366805541,8462111
2022-12-08,1218.32470703125,1225.5677976966701,1214.1169147346975,1223.26842507347,7757008
2022-12-09,1199.86083984375,1223.2685107419047,1196.5266702402077,1216.8301939616829,12655763
2022-12-12,1201.7001953125,1206.2529603671974,1188.7777042473674,1189.0077266562173,9479842
2022-12-13,1207.1728515625,1210.8517505533353,1198.7570234451896,1201.700239950356,8333348
2022-12-14,1202.803955078125,1213.5880040122663,1200.734483254578,1212.990140377826,7268947
2022-12-15,1185.7196044921875,1202.5740078498968,1182.3395764456466,1196.8256368348398,8688551
2022-12-16,1179.856201171875,1204.3216592588387,1176.4301928537343,1182.3396162552467,15837349
2022-12-19,1195.35400390625,1197.515436127094,1180.362040466857,1186.9382974399837,7729933
2022-12-20,1205.7012939453125,1207.6327038325517,1180.0402303987596,1188.2720165997373,7467588
2022-12-21,1188.5478515625,1210.8517545612222,1184.6849102968386,1205.3332844160805,8527550
2022-12-22,1185.4666748046875,1197.8142926021649,1180.3850162216318,1194.7561257495076,7451122
2022-12-23,1150.7000732421875,1191.3071181491375,1146.1243180381161,1178.7984482684913,10257115
2022-12-26,1160.748291015625,1169.003066578783,1146.1932613261781,1156.4715285561472,5990242
2022-12-27,1170.244873046875,1172.1303027727654,1156.701527224235,1163.4846951748516,5763271
2022-12-28,1170.1298828125,1172.5901860600757,1159.5757341288302,1167.1636762124735,7459393
2022-12-29,1169.6009521484375,1172.1762057030828,1161.415146661694,1162.104970614667,6930648
2022-12-30,1171.3944091796875,1185.0986845061402,1168.589254883622,1170.428704311882,7289476
2023-01-02,1184.5928955078125,1186.0185235441973,1171.854325127751,1172.6820895294234,5316175
2023-01-03,1175.9241943359375,1183.2592453168472,1171.670421881046,1179.6032148649108,7658932
2023-01-04,1158.2191162109375,1177.7638456801467,1156.1266541361451,1175.9012843913883,9264891
2023-01-05,1156.149658203125,1166.42792643199,1151.5279225041568,1160.4955129555144,13637099
2023-01-06,1166.65771484375,1171.7393732714932,1158.1040682768103,1161.9440192832972,6349597
2023-01-09,1194.2042236328125,1196.5956782044618,1169.6239388079453,1170.520673452004,10722753
2023-01-10,1176.5450439453125,1198.4351247857478,1170.8426533757943,1198.4351247857478,8047142
2023-01-11,1161.7142333984375,1176.3612248555285,1159.391748862924,1173.8319512501794,11509553
2023-01-12,1136.6278076171875,1164.6342216641813,1133.5926309386032,1161.1162533762147,17688773
2023-01-13,1134.7884521484375,1137.2257653956094,1119.61256749918,1130.5575478532269,20618583
2023-01-16,1123.9813232421875,1140.3298222427752,1116.117378957299,1137.1337150162838,13623855
2023-01-17,1139.9390869140625,1141.8704968023542,1126.970614661861,1130.3736328653408,10751000
2023-01-18,1138.053466796875,1145.5954285464745,1131.4543414964407,1137.5017049424803,13448286
2023-01-19,1136.8349609375,1141.0197635339396,1129.752800173325,1137.225792281928,11940054
2023-01-20,1123.3145751953125,1138.191467141172,1120.8312817980277,1138.191467141172,14930286
2023-01-23,1117.635009765625,1134.1445615711339,1115.1976966188936,1126.2347584728975,10954118
2023-01-24,1111.035888671875,1123.7743379576943,1097.8833747065337,1122.0958190056592,16488755
2023-01-25,1095.676025390625,1110.4610790036154,1094.5034097207258,1109.426403807748,12385018
2023-01-27,1074.8896484375,1097.8833753517445,1063.070802252017,1096.5268391270836,25830975
2023-01-30,1085.19091796875,1090.7783583936548,1058.1731973213864,1072.291416351224,21772103
2023-01-31,1082.4775390625,1098.021385299401,1076.568116250473,1095.423020080741,22691594
2023-02-01,1076.0623779296875,1094.480349406103,1060.012627720101,1094.480349406103,19347800
2023-02-02,1070.10693359375,1079.7872155492498,1062.7718827374076,1065.9909800303587,13662663
2023-02-03,1071.0496826171875,1080.247173257149,1054.4941508090087,1080.247173257149,24699575
2023-02-06,1062.9788818359375,1067.3707166843565,1060.380638036956,1064.611420694839,14837879
2023-02-07,1060.4266357421875,1070.313951014073,1054.4942222509303,1063.2319119352442,15135435
2023-02-08,1081.6038818359375,1085.2599125141492,1060.9325170038264,1063.6916913408597,21160332
2023-02-09,1083.4892578125,1090.2954154646166,1073.3490523865935,1082.2936521512727,13172763
2023-02-10,1074.5677490234375,1082.960465129827,1067.50857901645,1082.960465129827,10790445
2023-02-13,1068.451416015625,1080.707073246697,1063.944631101913,1076.200288332985,10352493
2023-02-14,1093.629638671875,1095.3771279153423,1068.5894290989459,1071.4866655461756,14321920
2023-02-15,1118.393798828125,1120.808243526792,1091.2842400486852,1092.663766338553,33503591
2023-02-16,1117.52001953125,1133.0408758062217,1115.2206469320636,1126.4416290067156,17264487
2023-02-17,1122.187744140625,1125.5449035800852,1108.57542904833,1112.8982933607886,11809520
2023-02-20,1110.3231201171875,1126.579660157565,1108.3456084336372,1124.3952377663982,8836937
2023-02-21,1119.3826904296875,1125.2230219870953,1109.3803030838835,1114.7379646223424,13311592
2023-02-22,1093.9974365234375,1117.4970666266183,1092.2269572717628,1115.6346270647914,11024335
2023-02-23,1088.7548828125,1101.2865433693742,1085.926738261362,1093.5836507370814,9851910
2023-02-24,1096.204833984375,1101.9303363384813,1088.9848549699923,1090.8243044292713,9434053
2023-02-27,1088.915771484375,1098.9411482005814,1081.488881717762,1095.4230581548861,11199715
2023-02-28,1068.08349609375,1088.5249595656444,1063.990654040058,1083.5122711182169,21994038
2023-03-01,1077.90185546875,1078.6376596094817,1068.4053718736234,1077.9478356250067,11551145
2023-03-02,1069.6929931640625,1081.4658586853557,1067.6465114157338,1074.7286714461184,9333535
2023-03-03,1096.9866943359375,1100.6887052291065,1076.821232554421,1080.3162110975811,14643807
2023-03-06,1107.7017822265625,1115.0138437516948,1103.7009002791456,1103.7009002791456,10171916
2023-03-08,1111.6796875,1112.4384816734234,1096.8026750293043,1107.7016743782517,15782657
2023-03-09,1084.9609375,1111.4727558170698,1083.052517675559,1111.0589343980662,16235128
2023-03-10,1068.1524658203125,1077.9478202917737,1064.6343757135955,1076.798194761085,13334091
2023-03-13,1050.585205078125,1077.9477755894006,1046.2163606333118,1071.049657769462,12771592
2023-03-14,1046.6533203125,1059.98963311346,1043.4802030644373,1048.515759865712,16027522
2023-03-15,1028.76416015625,1056.931506793517,1024.3263451979778,1050.4013514274593,21728555
2023-03-16,1023.636474609375,1036.55896592397,1012.7374750161365,1031.5004190815098,18363159
2023-03-17,1022.3489379882812,1035.6162808427193,1017.5662111154269,1032.3052230587475,34014213
2023-03-20,1012.3005981445312,1020.9232759477475,1002.5282340222402,1018.6239033095978,19524589
2023-03-21,1043.779052734375,1045.756564274943,1019.5436191168749,1020.4403537590024,21400360
2023-03-22,1046.9522705078125,1053.7814187871638,1043.9170934947674,1050.8152120116308,10920094
2023-03-23,1033.7078857421875,1043.8710817563363,1031.5234633651712,1042.9973371336553,16249370
2023-03-24,1013.2433471679688,1034.7195467210759,1010.806033984529,1032.5351243949688,12375945
2023-03-27,1028.9940185546875,1036.5589704145036,1011.8177546681874,1019.773598663546,14054323
2023-03-28,1033.7998046875,1037.7087260749838,1028.7411361410152,1032.4201567529476,12576424
2023-03-29,1027.6834716796875,1032.3281971929332,1016.8303912767553,1029.6608616321105,18804065
2023-03-31,1071.992431640625,1077.6949441381314,1036.8809868903531,1037.018927359043,28171201
2023-04-03,1072.1763916015625,1080.247247362887,1064.6114392179525,1078.4077977649556,10293043
2023-04-05,1069.60107421875,1079.7872599196542,1061.64529096604,1079.7872599196542,16262928
2023-04-06,1076.7750244140625,1082.5465067529303,1066.0599457733435,1066.0599457733435,18435046
2023-04-10,1069.14111328125,1080.8909887653906,1067.6235249325764,1080.7070681511557,12961408
2023-04-11,1074.4296875,1076.5681295724355,1068.773277101233,1073.3490322456475,10542367
2023-04-12,1079.16650390625,1088.8927661991409,1071.5325819090108,1074.429696543133,18179087
2023-04-13,1083.2364501953125,1087.9731363307803,1077.0281557170892,1082.0867029597594,12378208
2023-04-17,1088.7318115234375,1115.1746570025848,1080.2701252982338,1115.1746570025848,17929479
2023-04-18,1076.269287109375,1093.1236900087367,1069.6700401019905,1093.1236900087367,10405576
2023-04-19,1081.6268310546875,1084.3400251323076,1072.5213006411332,1075.671427833607,12273475
2023-04-20,1078.8905029296875,1084.8459060275125,1072.475298289556,1082.5925135483521,7007330
2023-04-21,1080.2471923828125,1085.765662536369,1074.452719655173,1081.00598659045,7647317
2023-04-24,1084.3861083984375,1094.917145083313,1079.78724147444,1092.2039510520551,12936186
2023-04-25,1092.686767578125,1094.7792295727213,1080.9370132526958,1088.065032112209,9236126
2023-04-26,1086.2716064453125,1097.308668805128,1082.5695955800606,1094.0434694341627,8617834
2023-04-27,1093.146728515625,1096.342835991864,1087.1453448979203,1092.20401365584,9167125
2023-04-28,1113.1282958984375,1114.6919861966308,1095.3081868899021,1095.4231372852184,15565210
2023-05-02,1122.5787353515625,1124.763157659207,1116.6233320906222,1120.348332888428,12981805
2023-05-03,1112.9443359375,1124.3952195158224,1109.7022483416235,1124.3952195158224,7061872
2023-05-04,1125.77490234375,1128.0053049250107,1110.4150967841426,1113.4272836907612,8635233
2023-05-05,1122.900634765625,1131.9142052367845,1120.2564108128306,1122.5557835876798,8746585
2023-05-08,1136.765869140625,1142.169388631954,1124.0043087229426,1126.6945126099856,9153782
2023-05-09,1140.283935546875,1143.6181051475696,1132.7879535157476,1138.1914734720428,6464721
2023-05-10,1148.1248779296875,1149.6194763039616,1141.0427173903377,1145.0897010244307,10872255
2023-05-11,1140.62890625,1154.0571800203934,1138.9042854360296,1149.2055436002206,10557860
2023-05-12,1142.4913330078125,1143.893971065478,1129.6837915030355,1135.8001254563378,6955341
2023-05-15,1144.7447509765625,1151.7808098585194,1137.3407291929939,1145.0437436417399,6833343
2023-05-16,1128.442138671875,1149.5043334434397,1126.7634981335725,1146.92907990457,8717229
2023-05-17,1121.77392578125,1133.5926499805787,1117.037240070709,1132.6729252590223,8798967
2023-05-18,1119.359619140625,1129.9137676173823,1116.1863802618932,1126.4876378876947,10525531
2023-05-19,1122.9925537109375,1124.8321248474272,1112.3694348527808,1119.3596348745693,8050447
2023-05-22,1128.993896484375,1134.0525648769071,1118.5778103408077,1119.796406054766,7434906
2023-05-23,1128.7869873046875,1134.9722911120414,1127.3613592565018,1131.592263247286,6092034
2023-05-24,1122.2108154296875,1133.1329273860515,1119.0836781741557,1124.8091808768409,8112254
2023-05-25,1122.0728759765625,1126.23481005526,1111.0819154149729,1119.2907115385099,11487863
2023-05-26,1152.6776123046875,1153.827237832122,1127.0395398476114,1130.3735876818564,12626260
2023-05-29,1159.1617431640625,1163.4846074574239,1152.9994294406767,1159.3456637789413,10010304
2023-05-30,1158.8629150390625,1167.0257306731078,1156.2875397730056,1159.1617860492977,11342504
2023-05-31,1135.8460693359375,1154.218182327998,1131.7532273257953,1149.6884072034493,27107927
2023-06-01,1132.7879638671875,1142.7443709624179,1130.3736406698395,1140.559948553209,14592692
2023-06-02,1129.0859375,1141.8015188005102,1127.1545276248446,1136.3520187118993,15800644
2023-06-05,1139.2261962890625,1142.215392875901,1130.5804676080938,1134.6044609461424,10908682
2023-06-06,1140.19189453125,1144.0318455894426,1132.2131214141684,1142.0774457651908,7493309
2023-06-07,1148.837646484375,1149.6884009904004,1137.0877706608783,1143.710007730157,10312545
2023-06-08,1149.52734375,1157.4372684025475,1145.5494521666944,1152.4475701349434,12071109
2023-06-09,1141.3876953125,1153.6203633016692,1139.5711141925142,1152.9075492288744,5877018
2023-06-12,1142.3992919921875,1144.7216546584948,1133.5926329371919,1138.421400523846,6391969
2023-06-13,1159.2767333984375,1160.4724607174894,1143.3650452114746,1147.3890386439825,11248016
2023-06-14,1173.532958984375,1174.9815772393838,1157.506319504115,1159.3457691012468,13277380
2023-06-15,1173.8548583984375,1178.4536037054318,1166.0139039867345,1173.5098855980716,11813494
2023-06-16,1185.2828369140625,1187.5822097333855,1177.3729116999634,1177.3729116999634,24171579
2023-06-19,1173.5098876953125,1188.3179303259199,1169.302095335797,1188.3179303259199,6798554
2023-06-20,1175.947265625,1179.1203830376844,1165.7840695448344,1171.5555524045922,6921096
2023-06-21,1179.2584228515625,1181.8106864524987,1171.762440955457,1175.9012632327351,6961603
2023-06-22,1166.013916015625,1183.397212380392,1164.4043673056347,1175.441429140654,7619166
2023-06-23,1156.4715576171875,1165.0481944689302,1155.2068600885727,1162.9787225968207,6628570
2023-06-26,1147.6419677734375,1156.770488592457,1144.4918404678187,1152.9075472152886,12641159
2023-06-27,1148.055908203125,1154.057170140608,1143.549122999952,1148.1018883598538,9689466
2023-06-28,1163.2547607421875,1167.094711959306,1148.699608601198,1155.666818619663,11354006
2023-06-30,1172.797119140625,1175.7403357190058,1165.0712364426881,1171.0266398341969,11151555
2023-07-03,1202.89599609375,1205.7932325129836,1175.142470969376,1176.3841784749407,12154387
2023-07-04,1190.5023193359375,1207.1728010479917,1183.3741791480722,1207.1728010479917,8061643
2023-07-05,1188.5478515625,1199.814814270939,1184.546969830319,1199.814814270939,10248062
2023-07-06,1213.49609375,1216.1173275220983,1184.6619140538073,1184.6619140538073,19117987
2023-07-07,1211.1278076171875,1225.544898141248,1208.5524322389842,1211.7716514617384,13375267
2023-07-10,1257.7821044921875,1267.4165288547981,1230.1666407413459,1236.558855784212,33240016
2023-07-11,1271.4173583984375,1273.8546715770758,1258.954789929894,1265.9908485310805,20069348
2023-07-12,1272.8199462890625,1288.5707034790769,1270.0146703340085,1272.1531124157816,18733835
2023-07-13,1261.4381103515625,1287.1911339270844,1258.7938864150976,1280.2470354883612,14682934
2023-07-14,1260.38037109375,1269.6698219044079,1253.2062506517982,1264.6571336258567,15124144
2023-07-17,1286.1334228515625,1294.572119366041,1254.5399473663306,1263.2776365298214,22220040
2023-07-18,1297.055419921875,1304.8732627451204,1284.4317993755742,1295.468861279529,25867313
2023-07-19,1306.896728515625,1313.4040151401095,1286.2713449346545,1301.4472287254182,39122156
2023-07-20,1305.3140869140625,1310.8444778206224,1285.4591746493725,1285.4591746493725,38717624
2023-07-21,1264.90673828125,1302.8476637737438,1257.3584513058045,1299.9080965734245,30249238
2023-07-24,1239.3221435546875,1253.0486800623623,1230.3040724211016,1236.1334561692279,23727866
2023-07-25,1238.5250244140625,1248.1908318209175,1235.6352080670708,1242.6105681126107,12026020
2023-07-26,1258.65380859375,1269.0172244683765,1238.1263458201474,1238.1263458201474,12911012
2023-07-27,1246.9451904296875,1264.3586536373386,1240.7919995780999,1262.565062669529,17226898
2023-07-28,1259.47607421875,1266.9496744653775,1245.8740974417622,1251.603857630843,20827852
2023-07-31,1270.1383056640625,1272.4550729816635,1254.5433695119561,1259.4760184406568,8551174
2023-08-01,1252.1767578125,1274.9961743983208,1248.240710424301,1273.0032143758147,9536632
2023-08-02,1238.799072265625,1251.5788796053453,1227.4641122691992,1250.18378327766,12748214
2023-08-03,1233.5924072265625,1246.0484076292728,1224.6988959234047,1233.293536201275,10168350
2023-08-04,1250.358154296875,1253.5717778093197,1231.4499715630498,1245.0020745625943,22885610
2023-08-07,1257.4830322265625,1259.7499268411789,1248.0911598722732,1256.0629996159682,5982870
2023-08-08,1249.90966796875,1262.7642836862365,1245.3757571685012,1259.5506601670197,9844072
2023-08-09,1258.1556396484375,1260.0489760006049,1236.1833283537992,1248.0165285040619,11486586
2023-08-10,1263.7608642578125,1270.512040802753,1249.8101438097824,1258.0311040738002,15470598
2023-08-11,1269.0919189453125,1274.9214240354968,1251.753264919044,1261.7678155527515,22179330
2023-08-14,1284.0889892578125,1286.6051254865097,1258.0559502865367,1265.0313100108976,9575812
2023-08-16,1283.042724609375,1286.854333704457,1271.0102769161458,1271.0102769161458,10203112
2023-08-17,1264.5330810546875,1284.512553095606,1261.967193789962,1279.0319132644,13673744
2023-08-18,1273.9000244140625,1284.2634404825606,1249.8599450163206,1261.1699684048542,18639978
2023-08-21,1260.0,1277.7249755859375,1257.824951171875,1269.9749755859375,9221746
2023-08-22,1259.699951171875,1268.9749755859375,1249.5,1258.449951171875,7713044
2023-08-23,1261.0999755859375,1271.425048828125,1258.4749755859375,1262.0999755859375,9517952
2023-08-24,1239.9000244140625,1269.949951171875,1235.5,1269.949951171875,14140020
2023-08-25,1234.175048828125,1252.5,1221.300048828125,1228.0,22222400
2023-08-28,1221.875,1242.0,1215.550048828125,1236.0,12580826
2023-08-29,1210.175048828125,1226.7249755859375,1204.074951171875,1226.0250244140625,16876644
2023-08-30,1209.0250244140625,1221.5,1207.5,1216.0,12168946
2023-08-31,1203.5,1212.5,1199.949951171875,1211.5,21638600
2023-09-01,1206.324951171875,1212.824951171875,1200.824951171875,1203.2750244140625,18112842
2023-09-04,1205.3499755859375,1211.824951171875,1202.6500244140625,1206.324951171875,9347626
2023-09-05,1211.800048828125,1216.9749755859375,1206.2249755859375,1210.0,8675876
2023-09-06,1214.3499755859375,1218.074951171875,1208.625,1210.550048828125,8200370
2023-09-07,1216.0,1219.125,1205.5,1210.8499755859375,13652572
2023-09-08,1224.0999755859375,1228.0,1211.4749755859375,1220.0,23109288
2023-09-11,1237.300048828125,1238.425048828125,1226.0,1226.0,13271074
2023-09-12,1219.425048828125,1241.5,1217.9749755859375,1241.5,16255666
2023-09-13,1225.5250244140625,1231.324951171875,1213.125,1220.0,12803338
2023-09-14,1226.6500244140625,1232.9000244140625,1222.5,1230.0,9209636
2023-09-15,1228.925048828125,1234.0,1224.75,1234.0,25468592
2023-09-18,1218.2249755859375,1225.5,1216.0250244140625,1220.0250244140625,7516300
2023-09-20,1191.074951171875,1213.800048828125,1177.5,1211.5250244140625,57081884
2023-09-21,1182.4000244140625,1195.050048828125,1180.0,1187.4749755859375,12226182
2023-09-22,1177.4749755859375,1191.2249755859375,1175.0,1188.0,19176786
2023-09-25,1170.2249755859375,1180.3499755859375,1167.550048828125,1175.199951171875,14254884
2023-09-26,1171.25,1175.0999755859375,1167.800048828125,1169.2750244140625,10087782
2023-09-27,1184.449951171875,1185.9000244140625,1169.25,1171.75,11722778
2023-09-28,1167.050048828125,1191.5,1162.5,1191.5,14518346
2023-09-29,1172.5,1184.550048828125,1167.050048828125,1170.9000244140625,12342014
2023-10-03,1159.074951171875,1167.800048828125,1158.0,1164.9749755859375,8859056
2023-10-04,1157.074951171875,1159.5,1147.550048828125,1154.5,10286386
2023-10-05,1157.050048828125,1164.699951171875,1154.5,1159.625,10953682
2023-10-06,1159.0,1162.4000244140625,1156.0250244140625,1158.5250244140625,5431026
2023-10-09,1149.125,1155.9749755859375,1147.5,1154.050048828125,7576878
2023-10-10,1154.199951171875,1158.949951171875,1151.875,1153.2750244140625,10236032
2023-10-11,1172.5250244140625,1174.8499755859375,1156.5,1157.2249755859375,9814118
2023-10-12,1174.699951171875,1179.675048828125,1169.074951171875,1171.925048828125,12554450
2023-10-13,1174.6500244140625,1178.75,1164.574951171875,1170.0,10150316
2023-10-16,1172.0250244140625,1177.2750244140625,1168.0,1172.5,5929036
2023-10-17,1177.625,1179.8499755859375,1170.6500244140625,1178.0,7928180
2023-10-18,1162.0,1183.5,1160.5,1177.625,8918320
2023-10-19,1153.074951171875,1160.9000244140625,1150.5,1156.0,12032556
2023-10-20,1149.550048828125,1157.3499755859375,1148.1500244140625,1150.0,8913312
2023-10-23,1131.5999755859375,1153.125,1127.625,1145.0,7853962
2023-10-25,1128.9749755859375,1140.5999755859375,1121.5,1125.0250244140625,11620688
2023-10-26,1113.25,1129.0,1110.1500244140625,1125.5,15222534
2023-10-27,1132.9000244140625,1136.75,1117.9749755859375,1120.0,11771084
2023-10-30,1156.25,1162.5,1134.9749755859375,1137.0,16813304
2023-10-31,1143.949951171875,1164.0,1141.449951171875,1164.0,12808438
2023-11-01,1148.699951171875,1158.75,1137.5999755859375,1144.574951171875,10309190
2023-11-02,1160.0999755859375,1162.1500244140625,1153.9749755859375,1156.9749755859375,10562104
2023-11-03,1159.8499755859375,1167.4749755859375,1157.875,1163.5999755859375,8850156
2023-11-06,1169.5,1170.0,1162.800048828125,1166.1500244140625,10647304
2023-11-07,1161.9000244140625,1169.550048828125,1159.7750244140625,1167.0250244140625,6960204
2023-11-08,1167.949951171875,1170.5,1160.875,1166.0,7884494
2023-11-09,1155.2750244140625,1167.949951171875,1152.0999755859375,1167.925048828125,14513610
2023-11-10,1157.449951171875,1158.175048828125,1149.0250244140625,1152.7750244140625,7734954
2023-11-13,1157.300048828125,1162.300048828125,1155.8499755859375,1161.449951171875,3854810
2023-11-15,1178.2249755859375,1180.9749755859375,1163.5,1170.0,12220648
2023-11-16,1180.3499755859375,1187.074951171875,1173.4749755859375,1175.550048828125,13134910
2023-11-17,1177.7750244140625,1186.625,1176.0250244140625,1176.449951171875,7758634
2023-11-20,1174.675048828125,1179.199951171875,1168.199951171875,1174.2750244140625,4490186
2023-11-21,1189.449951171875,1194.0,1180.0999755859375,1183.0,8214450
2023-11-22,1194.0999755859375,1197.2249755859375,1186.0999755859375,1187.5,8534814
2023-11-23,1197.75,1200.0,1194.0999755859375,1194.0999755859375,8531542
2023-11-24,1196.949951171875,1201.300048828125,1195.5250244140625,1195.800048828125,6749486
2023-11-28,1197.199951171875,1199.8499755859375,1187.625,1196.949951171875,13792174
2023-11-29,1200.3499755859375,1205.9749755859375,1199.0250244140625,1204.0,12531306
2023-11-30,1188.7249755859375,1200.3499755859375,1184.949951171875,1197.3499755859375,28439984
2023-12-01,1197.1500244140625,1198.199951171875,1188.800048828125,1189.0,14342842
2023-12-04,1210.0999755859375,1225.0,1199.300048828125,1225.0,15590990
2023-12-05,1218.875,1220.425048828125,1210.824951171875,1219.5,12693624
2023-12-06,1230.550048828125,1236.4749755859375,1217.5,1223.550048828125,16422442
2023-12-07,1228.5250244140625,1230.4749755859375,1221.0,1230.0,8142096
2023-12-08,1227.875,1238.3499755859375,1222.5,1231.925048828125,10204894
2023-12-11,1229.675048828125,1233.800048828125,1226.199951171875,1228.0,7066138
2023-12-12,1212.0250244140625,1232.4749755859375,1210.074951171875,1230.0,9197124
2023-12-13,1216.9749755859375,1219.175048828125,1203.1500244140625,1211.0,10031182
2023-12-14,1232.074951171875,1237.4749755859375,1221.324951171875,1227.0,16972354
2023-12-15,1247.800048828125,1250.0,1235.0250244140625,1239.0,15932152
2023-12-18,1260.5,1267.449951171875,1245.4749755859375,1247.800048828125,14165188
2023-12-19,1279.050048828125,1286.949951171875,1262.5999755859375,1277.5,16820604
2023-12-20,1263.574951171875,1299.425048828125,1260.0,1285.5250244140625,17736722
2023-12-21,1281.2750244140625,1286.75,1259.125,1263.5,13765454
2023-12-22,1282.5250244140625,1290.449951171875,1273.824951171875,1279.800048828125,16541784
2023-12-26,1289.0250244140625,1295.9749755859375,1281.3499755859375,1284.0,7465664
2023-12-27,1293.425048828125,1299.949951171875,1286.550048828125,1291.0,9204156
2023-12-28,1302.7750244140625,1306.0,1293.425048828125,1294.9000244140625,12302636
2023-12-29,1292.4749755859375,1307.0,1289.6500244140625,1305.550048828125,10864584
2024-01-01,1295.125,1303.425048828125,1286.574951171875,1290.2750244140625,4030540
2024-01-02,1305.8499755859375,1307.5,1286.5,1292.5,7448800
2024-01-03,1291.6500244140625,1317.0,1288.5999755859375,1305.0,9037536
2024-01-04,1298.324951171875,1304.925048828125,1289.550048828125,1294.0,9612778
2024-01-05,1303.8499755859375,1309.925048828125,1299.0,1301.449951171875,8086406
2024-01-08,1293.675048828125,1315.9749755859375,1284.4749755859375,1305.0,7734652
2024-01-09,1290.25,1303.4000244140625,1288.5999755859375,1300.0,5403074
2024-01-10,1325.050048828125,1329.5,1287.5250244140625,1288.5,11102740
2024-01-11,1359.9000244140625,1362.5,1328.5,1329.5,23725852
2024-01-12,1370.7249755859375,1373.324951171875,1345.75,1359.9000244140625,15012164
2024-01-15,1394.125,1396.449951171875,1366.0,1375.0,8610594
2024-01-16,1374.625,1396.300048828125,1370.5,1389.9749755859375,9069024
2024-01-17,1361.574951171875,1386.2750244140625,1355.0250244140625,1359.5,12197382
2024-01-18,1367.949951171875,1371.0,1351.25,1351.4000244140625,10279438
2024-01-19,1367.449951171875,1376.0,1359.0,1376.0,10422704
2024-01-23,1328.574951171875,1371.75,1322.550048828125,1371.75,20055420
2024-01-24,1343.875,1349.5,1323.925048828125,1335.2249755859375,21919128
2024-01-25,1353.074951171875,1364.1500244140625,1335.199951171875,1342.949951171875,11808872
2024-01-29,1448.050048828125,1452.5,1360.175048828125,1364.5,23893438
2024-01-30,1407.625,1459.9749755859375,1404.425048828125,1459.949951171875,14093978
2024-01-31,1426.625,1434.25,1402.5,1404.0,15130226
2024-02-01,1426.6500244140625,1443.3499755859375,1418.050048828125,1435.0,13349362
2024-02-02,1457.699951171875,1474.9000244140625,1433.175048828125,1433.175048828125,19652588
2024-02-05,1439.0250244140625,1470.5,1431.5250244140625,1460.75,8814432
2024-02-06,1427.800048828125,1441.8499755859375,1419.824951171875,1441.8499755859375,9047984
2024-02-07,1442.1500244140625,1449.5,1429.25,1435.925048828125,9296568
2024-02-08,1450.125,1459.4749755859375,1427.5250244140625,1450.0,14694634
2024-02-09,1460.75,1471.9749755859375,1450.949951171875,1454.0,12556798
2024-02-12,1452.3499755859375,1461.0,1442.3499755859375,1460.75,6674430
2024-02-13,1465.0999755859375,1479.0,1454.0,1455.5,7715594
2024-02-14,1481.375,1483.6500244140625,1457.5,1457.5,7117888
2024-02-15,1470.5999755859375,1484.7249755859375,1466.5250244140625,1483.3499755859375,10006782
2024-02-16,1460.574951171875,1477.0,1458.550048828125,1476.4749755859375,9767498
2024-02-19,1474.0,1479.5,1453.5250244140625,1462.050048828125,6729828
2024-02-20,1471.0250244140625,1475.5,1461.800048828125,1475.0250244140625,7117496
2024-02-21,1467.699951171875,1488.5250244140625,1457.550048828125,1474.0,12720292
2024-02-22,1481.75,1484.949951171875,1458.0,1468.1500244140625,18493728
2024-02-23,1493.625,1497.550048828125,1483.3499755859375,1489.5,14438584
2024-02-26,1487.324951171875,1494.5250244140625,1482.5,1493.550048828125,7513106
2024-02-27,1485.6500244140625,1499.949951171875,1478.050048828125,1483.0250244140625,10826044
2024-02-28,1455.625,1491.2750244140625,1450.175048828125,1483.0,8647950
2024-02-29,1460.800048828125,1478.9749755859375,1454.5250244140625,1465.0,23628976
2024-03-01,1492.125,1500.0,1462.5,1463.5,12132926
2024-03-04,1507.4000244140625,1512.449951171875,1487.2249755859375,1490.4749755859375,10024420
2024-03-05,1500.199951171875,1507.4000244140625,1486.050048828125,1505.7750244140625,7107668
2024-03-06,1503.0,1509.0,1478.5,1493.449951171875,7805676
2024-03-07,1478.925048828125,1503.0999755859375,1475.550048828125,1502.9749755859375,8315726
2024-03-11,1466.5999755859375,1489.0,1463.5,1489.0,11277130
2024-03-12,1475.425048828125,1488.0,1465.0250244140625,1466.5999755859375,9432678
2024-03-13,1432.175048828125,1483.0999755859375,1427.7750244140625,1479.7750244140625,13522134
2024-03-14,1431.4749755859375,1448.5250244140625,1425.5,1439.699951171875,18571102
2024-03-15,1418.2249755859375,1433.2249755859375,1412.9000244140625,1425.949951171875,19223818
2024-03-18,1439.4749755859375,1441.7249755859375,1416.5250244140625,1420.0,9169392
2024-03-19,1425.25,1437.5999755859375,1417.25,1428.75,8275764
2024-03-20,1443.75,1445.0,1424.0250244140625,1427.949951171875,8488806
2024-03-21,1450.9749755859375,1457.9000244140625,1444.675048828125,1452.5250244140625,13006936
2024-03-22,1455.0250244140625,1460.0,1447.3499755859375,1449.9749755859375,19527608
2024-03-26,1441.574951171875,1452.4000244140625,1439.0,1445.0,11415906
2024-03-27,1492.8499755859375,1500.0,1447.0,1448.0,16326644
2024-03-28,1485.8499755859375,1505.949951171875,1478.6500244140625,1492.875,21854364
2024-04-01,1484.7750244140625,1493.9749755859375,1482.5,1492.4749755859375,5013880
2024-04-02,1486.949951171875,1494.0,1475.0,1484.0,8910166
2024-04-03,1471.5999755859375,1484.449951171875,1468.9000244140625,1482.074951171875,7008292
2024-04-04,1462.925048828125,1479.75,1450.0,1479.75,14490272
2024-04-05,1460.0999755859375,1470.800048828125,1456.0,1460.875,7442298
2024-04-08,1485.9749755859375,1490.9749755859375,1461.0,1462.9749755859375,8357118
2024-04-09,1463.6500244140625,1489.800048828125,1462.5,1489.0,7071414
2024-04-10,1479.574951171875,1487.0,1466.3499755859375,1466.3499755859375,9138330
2024-04-12,1467.1500244140625,1486.4749755859375,1463.074951171875,1475.875,15551012
2024-04-15,1464.824951171875,1482.125,1446.324951171875,1461.0,12902062
2024-04-16,1465.75,1471.175048828125,1450.925048828125,1453.3499755859375,9366184
2024-04-18,1464.324951171875,1486.0,1459.3499755859375,1463.5,19005692
2024-04-19,1470.125,1474.0,1443.0250244140625,1456.7750244140625,15741778
2024-04-22,1479.8499755859375,1482.824951171875,1467.800048828125,1472.449951171875,10350362
2024-04-23,1459.324951171875,1493.5,1455.550048828125,1479.0,14605554
2024-04-24,1450.175048828125,1468.550048828125,1449.5,1463.5,10462776
2024-04-25,1459.9749755859375,1467.9749755859375,1441.5,1442.5,15943926
2024-04-26,1452.550048828125,1465.0,1450.0,1463.949951171875,9413848
2024-04-29,1465.0250244140625,1467.9000244140625,1450.0,1450.0,7247974
2024-04-30,1467.0,1483.074951171875,1462.875,1468.0,11474262
2024-05-02,1466.550048828125,1477.324951171875,1464.125,1472.0,14512646
2024-05-03,1434.0,1474.949951171875,1416.1500244140625,1471.0,17226958
2024-05-06,1419.5250244140625,1440.0,1418.0,1435.5,7394208
2024-05-07,1401.4749755859375,1420.75,1392.0,1415.9749755859375,14517472
2024-05-08,1418.550048828125,1432.949951171875,1397.5,1397.5,9439002
2024-05-09,1394.125,1423.75,1390.0,1413.0,11009612
2024-05-10,1407.425048828125,1410.0,1388.074951171875,1396.75,10505096
2024-05-13,1402.699951171875,1406.9749755859375,1384.0,1399.9000244140625,8456620
2024-05-14,1420.074951171875,1427.074951171875,1400.0250244140625,1400.9749755859375,7188300
2024-05-15,1416.2750244140625,1429.9749755859375,1413.0250244140625,1420.5,5046534
2024-05-16,1425.3499755859375,1427.5,1398.0250244140625,1418.550048828125,14711774
2024-05-17,1435.699951171875,1437.199951171875,1413.25,1423.050048828125,10916476
2024-05-21,1436.125,1441.824951171875,1425.5999755859375,1425.5999755859375,11176128
2024-05-22,1460.6500244140625,1468.7750244140625,1436.2750244140625,1436.2750244140625,10281604
2024-05-23,1486.050048828125,1492.2249755859375,1455.0,1458.550048828125,14608260
2024-05-24,1480.25,1488.5,1476.0999755859375,1483.625,7094776
2024-05-27,1466.25,1484.9000244140625,1461.550048828125,1480.2249755859375,6629010
2024-05-28,1456.199951171875,1478.5,1452.75,1468.0,7820162
2024-05-29,1440.7750244140625,1458.0,1438.449951171875,1446.5,7383556
2024-05-30,1424.8499755859375,1440.4000244140625,1420.0999755859375,1435.5,13206858
2024-05-31,1430.4000244140625,1442.25,1422.25,1431.300048828125,31069832
2024-06-03,1510.324951171875,1514.5,1459.0,1483.0,21527942
2024-06-04,1397.2750244140625,1498.050048828125,1359.300048828125,1498.050048828125,36709098
2024-06-05,1420.75,1431.1500244140625,1384.0999755859375,1422.0,17464890
2024-06-06,1431.5999755859375,1443.699951171875,1421.3499755859375,1435.0,17855722
