Price,Close,High,Low,Open,Volume
Ticker,SAIL.NS,SAIL.NS,SAIL.NS,SAIL.NS,SAIL.NS
Date,,,,,
2014-06-02,75.41365814208984,75.94850802805114,73.0274091508946,73.23312016258726,40746930
2014-06-03,78.62274932861328,79.11645448948931,76.40106668796857,76.40106668796857,96211735
2014-06-04,82.53126525878906,83.02497046034328,78.33475535107262,79.07531629230506,79162210
2014-06-05,88.12659454345703,88.41458869900458,82.11983687845903,83.3952413609701,106757770
2014-06-06,89.2785873413086,90.34828721227936,87.50947122138116,89.1140210278373,83638380
2014-06-09,90.4305648803711,92.94023553639843,89.77228711083491,90.3071370138578,68647390
2014-06-10,88.62030792236328,90.75970762545064,86.39863134183699,90.75970762545064,61000495
2014-06-11,85.12322235107422,90.67742020336826,82.49012365814471,88.78488247963844,76482555
2014-06-12,85.61692810058594,86.76890477777006,82.86039544043264,85.41121708283134,38683785
2014-06-13,79.77472686767578,85.16435782058213,79.03417225669476,84.75293580212521,59698980
2014-06-16,80.88558197021484,81.33814248331457,75.90737238149953,79.32217683904621,52332705
2014-06-17,80.35073852539062,81.54386012119465,76.85365062578205,80.30959380368574,65122290
2014-06-18,81.4204330444336,83.18954937270209,78.9930451069557,80.63873354668395,76155145
2014-06-19,77.88220977783203,82.11985893502712,77.42964292770115,81.29701468228258,47347965
2014-06-20,77.18277740478516,79.56902022040727,76.56564434326864,77.92333205636325,42094350
2014-06-23,76.60679626464844,77.67649627068135,75.66052414820443,77.34735732437866,40200940
2014-06-24,78.58161926269531,79.23989711842543,76.60679197330784,76.9359309011729,35701455
2014-06-25,77.55306243896484,79.32217864671398,77.14164035706052,78.95189500631844,24459495
2014-06-26,76.48336029052734,78.41704904148241,75.98965506216113,78.08791012997075,58411035
2014-06-27,76.48336029052734,77.79991593657401,75.49594983379492,76.48336029052734,20258270
2014-06-30,78.12904357910156,78.58161033824373,76.52450011996511,76.52450011996511,21080590
2014-07-01,81.00899505615234,81.46156179949253,78.58160759445997,78.58160759445997,50251370
2014-07-02,81.0912857055664,83.18953431986778,80.84442997315351,81.87298506187048,35965585
2014-07-03,78.78732299804688,82.49012146792897,78.25247307461454,81.70842207985255,39346230
2014-07-04,78.0879135131836,78.8284745267195,76.89478569198603,78.78732980682196,31081900
2014-07-07,77.05935668945312,78.78732816652659,76.93592881013302,78.2524782080079,23732300
2014-07-08,73.23312377929688,77.75876626003995,72.41027969188904,77.22391634766441,29013920
2014-07-09,73.35655975341797,75.08453127234422,70.76459933612715,73.23313187110833,38622755
2014-07-10,71.75200653076172,77.01821028480904,70.43545716170054,73.39769481153884,52535465
2014-07-11,67.34979248046875,72.08114634708045,66.69152092657828,71.62858583086876,49107085
2014-07-14,68.70748138427734,69.32461445060319,66.73265431647421,66.85608218529981,21643480
2014-07-15,69.81832885742188,69.98290146349787,68.09035729934355,69.32462359479993,20398415
2014-07-16,70.2297592163086,70.55889818937078,68.54293218079597,69.98290969486477,38811000
2014-07-17,72.1222915649414,72.57485208428555,70.10631961505403,70.18860905293725,34875635
2014-07-18,71.95772552490234,73.23313659469532,70.7646039004921,71.21717073888401,38208450
2014-07-21,71.9988784790039,72.90400598146488,71.4640284118848,72.41030064174107,19295920
2014-07-22,72.49256896972656,73.10970208742197,71.79315269189898,71.99886373113078,22399375
2014-07-23,71.91656494140625,72.86283677178028,71.13485939553146,72.36912536267985,18411115
2014-07-24,74.4262466430664,75.2079523079952,71.66972015217549,72.08114220388465,38315780
2014-07-25,71.95772552490234,75.66052456620717,70.7646039004921,75.16681928292718,45514220
2014-07-28,71.71086883544922,72.65714086228769,70.76459680861076,72.1222909099179,13231850
2014-07-30,71.83429718017578,72.410285577054,70.55888622991341,71.75200774250516,15277170
2014-07-31,72.28685760498047,73.10970175820233,71.17601925369148,71.75200764982571,44261755
2014-08-01,70.84688568115234,73.4799909367713,70.51774673947457,70.97031356900689,31594985
2014-08-04,71.340576171875,72.32799279230001,69.9005990934985,71.09372672512015,26986005
2014-08-05,71.54629516601562,72.12228982831527,70.31202896111965,71.91657879416596,18678320
2014-08-06,70.065185546875,71.99886817956556,69.9417576601494,70.97031291985749,16870960
2014-08-07,69.77718353271484,70.97030498953387,69.61261094286927,70.47659977560194,18974375
2014-08-08,66.73265075683594,69.53032176384079,66.07437928788306,69.53032176384079,24000560
2014-08-11,68.33720397949219,68.9543370451307,66.81493739534211,67.4732151764774,39669380
2014-08-12,68.46063995361328,69.07777314890836,67.63779569321984,68.91320680795108,15905500
2014-08-13,67.43207550048828,68.62520328323862,66.48580975136554,68.37834752741368,24475535
2014-08-14,69.57146453857422,70.0651696959822,66.85607675612775,67.06178776153122,20722040
2014-08-18,71.340576171875,71.66971504535,69.24232762435037,69.32461077326865,14214665
2014-08-19,71.75200653076172,72.20457331909647,71.09373498513241,71.54629549566458,13994925
2014-08-20,71.2994613647461,72.73943892032686,70.84689447901341,71.79316669967014,18337180
2014-08-21,69.03662872314453,70.72345554416893,68.78977295528587,70.31203344960645,14399640
2014-08-22,68.25492095947266,69.73604296724318,67.6789325552301,68.7897709221566,16572835
2014-08-25,66.8560791015625,68.99547237725213,66.48580178996691,68.04920046363885,20874620
2014-08-26,68.13150024414062,68.37834973011478,66.07438980534172,66.65037821708428,15708165
2014-08-27,68.09034729003906,68.70748034704847,67.34978636606733,68.13149200496052,9033570
2014-08-28,66.69151306152344,68.7486231957123,66.52694048410719,67.80235127842504,28114155
2014-09-01,69.65375518798828,69.85946621555009,66.69151764665872,66.73265608548968,18508990
2014-09-02,69.57146453857422,70.55887485339021,68.5017647993555,68.95433152236382,18220840
2014-09-03,70.97030639648438,71.21716214724533,68.74862975084588,69.61261232290417,35581520
2014-09-04,69.44803619384766,71.71085723745298,68.50176432005237,70.5177296477801,27979080
2014-09-05,69.40689849853516,70.10631472715943,68.9131932946711,69.07775960335836,12317210
2014-09-08,69.2423324584961,70.31202602471807,68.99547671670518,69.44804348405444,14041160
2014-09-09,68.41948699951172,69.20118637001146,67.8846370881056,68.99547534853235,11728635
2014-09-10,66.60923767089844,68.58406507144794,66.40352661412877,68.1315045132366,25081380
2014-09-11,65.08696746826172,66.23895047114647,64.63440697706571,66.03323944483856,33441950
2014-09-12,65.41612243652344,66.11553884223368,64.38756705230138,64.59327812914579,23195100
2014-09-15,65.53955078125,66.03325611345336,64.34642276080433,64.34642276080433,19342665
2014-09-16,63.482425689697266,66.32123541834001,63.23556994033595,65.82753019741985,15592860
2014-09-17,62.20701217651367,64.05841138580159,61.1784570602426,64.05841138580159,23015005
2014-09-18,62.4538688659668,63.112140383716564,61.42531373404311,61.713307915421275,18244510
2014-09-19,61.425315856933594,62.82414837357325,60.84932119646827,61.960165799579066,17968215
2014-09-22,59.615055084228516,61.71331014011339,59.36820561034959,61.384171230472276,19721005
2014-09-23,58.421939849853516,60.31448407442076,58.05166246051799,59.24478407309089,24328430
2014-09-24,56.73509216308594,59.532763061754345,56.20024857708598,58.504208045905784,51184335
2014-09-25,55.45969772338867,57.64023600624513,54.47228096321454,56.858530286381935,66657070
2014-09-26,58.9567985534668,60.026492434897044,54.966004737222406,54.966004737222406,40583295
2014-09-29,58.01051330566406,59.903057385622425,57.68137438595791,58.95678534564325,16693555
2014-09-30,57.26995849609375,59.40935228872706,57.22882005031053,57.599097451376586,32251905
2014-10-01,58.051658630371094,58.42193599527637,55.459698242625734,56.98195869961815,25278795
2014-10-07,59.0802116394043,59.94419421791353,57.557944961349925,57.68137283765198,20411295
2014-10-08,59.450496673583984,59.65620773473825,58.21623030665837,58.5865077056147,11435160
2014-10-09,60.52019500732422,60.80818922931179,59.03907289738356,59.6562060635583,14512745
2014-10-10,60.27333450317383,61.836739657110215,58.627646189094,59.90305714362695,32295555
2014-10-13,62.49501037597656,63.153288203880734,59.368206387938315,59.40934482855568,20011410
2014-10-14,63.729286193847656,64.1818530534227,61.877886586537386,62.741875581070275,19372185
2014-10-15,63.729286193847656,63.729286193847656,63.729286193847656,63.729286193847656,0
2014-10-16,62.82414627075195,64.6755455102307,62.33044106245141,63.11214045244373,31165880
2014-10-17,63.35900115966797,63.770423245120355,61.507601775132215,62.53615698876319,25623065
2014-10-20,64.4698486328125,64.75784287771036,62.330454742109424,64.22299911338736,19128460
2014-10-21,67.80236053466797,68.13149945663196,64.84012279259763,65.00468911467823,26930345
2014-10-22,68.58406829833984,68.87206253580692,66.85609659573389,68.21379088985412,17814385
2014-10-27,67.67892456054688,68.66633493055258,67.26750252674417,68.66633493055258,7660760
2014-10-28,66.9795150756836,68.04920870416368,66.65037616007332,67.51436502882497,11966815
2014-10-29,68.37834167480469,68.70748056179887,67.26750342427614,67.26750342427614,20747790
2014-10-30,68.62519073486328,68.78975702345323,67.3909247370341,68.41947973522508,25491900
2014-10-31,68.37834167480469,69.2011857533891,67.80235333091643,68.70748056179887,16021705
2014-11-03,71.340576171875,72.32799279230001,68.62519459076043,69.118899762072,28736005
2014-11-05,69.53033447265625,72.24572282708829,69.20119553911857,71.42287863214561,19993515
2014-11-07,68.70748138427734,70.8468747586465,68.37834249334313,69.94174751692903,12228180
2014-11-10,68.29605865478516,69.94174681514143,67.34978670701987,68.70748069487422,13723215
2014-11-11,67.96692657470703,68.62520441590335,67.3497934527615,68.50177653595371,14694305
2014-11-12,66.65038299560547,68.29607146463276,66.19781615550164,68.17264357389506,17952020
2014-11-13,66.07438659667969,67.02065233033295,64.63440935944772,66.85608601434174,19206040
2014-11-14,71.0114517211914,71.71086798392243,65.04583171223416,66.07438688619231,70258650
2014-11-17,70.4354476928711,71.01144228039212,69.11889850079721,70.76458656034,21616630
2014-11-18,71.87543487548828,73.3154121305465,69.90060767013362,69.94175238854206,25831070
2014-11-19,70.14746856689453,73.0685680095404,68.8309190927539,72.73942907155447,21673805
2014-11-20,70.35317993164062,71.05259625434778,69.11891361705044,70.31203521003305,12949660
2014-11-21,69.11890411376953,70.76459230695453,68.33720473312756,69.94174821036204,14203385
2014-11-24,71.79315185546875,72.49256812514774,69.57147516877015,69.57147516877015,24803520
2014-11-25,69.28348541259766,71.99887402999312,68.29607479416491,71.95772930514026,19155080
2014-11-26,71.87543487548828,72.20457378934783,68.78976932893495,69.32461927923138,15865310
2014-11-27,73.76799011230469,74.13826752294048,70.92917361215052,71.62859626437924,50117930
2014-11-28,73.27427673339844,74.71425404826633,72.94513780586806,73.31541517571293,28712385
2014-12-01,72.28685760498047,74.5496790263406,71.42287501077912,74.3851127068173,20949640
2014-12-02,73.56227111816406,74.1794042545953,70.14746650768397,71.05259385222253,25674620
2014-12-03,70.47659301757812,73.80910760041452,70.02402628615256,73.4799750078888,37598845
2014-12-04,70.14746856689453,71.29945171094373,68.13150277316073,69.11891330931543,53829910
2014-12-05,68.21377563476562,69.6537527778731,67.67892572605099,68.95433656392419,104795375
2014-12-08,67.67892456054688,68.37834076245109,67.39093039244538,67.76120771174702,100161715
2014-12-09,65.37495422363281,67.6789199676963,65.12810478678418,67.6377752559874,39077290
2014-12-10,65.7452392578125,66.1977997076676,64.88125051512279,65.21038938270942,23055185
2014-12-11,65.37495422363281,66.15665980149082,64.59325492357641,65.74523779560816,18666765
2014-12-12,64.84011840820312,66.1978061680702,64.63440738061087,65.25154046338766,17614030
2014-12-15,64.18183898925781,65.128110947865,63.64698907545356,64.63440574966192,10696955
2014-12-16,63.811561584472656,64.22298362878827,62.001300822802634,63.60585056231485,30521955
2014-12-17,62.371585845947266,65.00468447824909,61.79559120414214,63.44127941878136,21678145
2014-12-18,65.21040344238281,66.11553081504454,63.35900397556437,63.35900397556437,16752955
2014-12-19,67.39093780517578,68.58405932332138,65.33382740988839,65.58067689064123,45315015
2014-12-22,67.7200698852539,68.04920249302018,66.69151479147911,67.14407526605876,13250135
2014-12-23,67.7200698852539,68.29605822664696,66.65037007660727,67.51435886649895,16733095
2014-12-24,67.47321319580078,67.96691837825844,66.65036913243736,67.26750217995993,23206050
2014-12-26,66.56809997558594,67.349799488989,65.58068312529417,67.18523315284205,13619530
2014-12-29,68.13150024414062,69.36576650741996,66.48581189310151,66.5680950550929,23382055
2014-12-30,67.76121520996094,68.70748724797868,67.30865468938043,68.21378200834415,12203315
2014-12-31,67.92578125,68.46062487924554,67.47321449531303,67.51435921039443,10107010
2015-01-01,68.09034729003906,68.5429140429668,67.55549738507048,67.92578098595739,8588010
2015-01-02,68.1726303100586,68.95433594743795,67.96691929145383,68.04920244333532,10148290
2015-01-05,68.0492172241211,69.32462832762005,67.72008454510512,68.09036194789981,12748155
2015-01-06,64.7166976928711,67.92579133375288,64.18184770642362,67.80236344798762,24520775
2015-01-07,64.01726531982422,65.25153131227995,62.98871032611112,64.67553674911971,15258430
2015-01-08,65.12811279296875,65.53953484942743,64.34640711901584,64.42869655254948,11819935
2015-01-09,64.63440704345703,66.36237841065794,64.18184027399384,65.58067274320355,14950885
2015-01-12,65.82752227783203,66.40351058664237,63.441273339700274,64.55211152257834,17369710
2015-01-13,64.3875503540039,65.82752751847045,63.93498359119353,65.58067177915528,19089110
2015-01-14,63.40012741088867,64.55210389234257,62.37157249687556,64.18182663441824,20078225
2015-01-15,63.811561584472656,65.00468300186706,63.3589948246046,63.52356113120997,19014950
2015-01-16,63.31785583496094,64.01727839578885,62.700722712679436,63.77042263575514,14954790
2015-01-19,63.194435119628906,64.26412877991413,62.57730198868644,63.60585720692387,12368535
2015-01-20,64.14070892333984,64.63442051210842,63.19444302640853,63.19444302640853,14945985
2015-01-21,63.2767219543457,64.51098828787207,62.86529984317025,64.34641567671996,16576525
2015-01-22,64.09954833984375,64.26411462739912,63.3178427794521,63.358987490241674,18412560
2015-01-23,64.30526733398438,64.79897253583985,63.35899536837674,64.75782781993429,12210520
2015-01-27,64.79895782470703,65.16923507258502,63.68811980327222,64.18182489304316,22225330
2015-01-28,64.3875503540039,65.45725018729993,63.93498359119353,64.79897240099434,16083120
2015-01-29,64.75782775878906,65.41610554584297,63.646989486212554,64.18183940346857,20903905
2015-01-30,63.482425689697266,65.16925238432466,62.98872046877712,64.75783032059078,9699625
2015-02-02,62.1658821105957,63.35900369503024,61.8778816170122,63.35900369503024,13376275
2015-02-03,60.60248947143555,62.49502776716312,60.47906155963052,62.16589503942224,17264990
2015-02-04,60.972755432128906,61.50760543056402,60.60247804433709,61.26074965350068,16745170
2015-02-05,60.89046859741211,62.12473485276506,60.273335469735635,61.055034920338045,11145985
2015-02-06,60.60248947143555,61.09619484085125,58.586516986098566,60.76705583530599,8105755
2015-02-09,58.54535675048828,60.1499001735222,58.298501018728274,60.1499001735222,10224425
2015-02-10,57.35222625732422,58.99791431380758,56.81738266120851,58.010503991038256,13158955
2015-02-11,60.23218536376953,60.76703528215346,57.516803611500904,57.516803611500904,13862850
2015-02-12,60.31447219848633,60.972743680780475,59.57391128782867,60.43789378542762,9030225
2015-02-13,61.83673858642578,63.48242687201101,60.23218874129861,60.35561661827803,33143935
2015-02-16,61.67216873168945,62.70072395588576,61.096180317260675,61.83674133424259,17260735
2015-02-18,61.29304504394531,62.85169851206262,61.08241602317574,62.346190147793166,10674405
2015-02-19,63.02021026611328,63.48359028949042,61.33517797480424,61.58792896176775,17050255
2015-02-20,62.64106750488281,63.694212575334404,62.34618817073385,63.188704227095116,11381300
2015-02-23,61.924922943115234,63.18869688072983,61.58791527417401,63.18869688072983,7168810
2015-02-24,59.52375793457031,62.13555630379654,59.27100055811189,62.09342793175777,13508955
2015-02-25,59.01824951171875,60.32414548022381,58.84974245173007,59.81863715603195,10449920
2015-02-26,56.9962043762207,59.35524514112668,56.82769733222897,59.186744525021425,20444835
2015-02-27,59.228878021240234,59.39737865193488,57.37533894416395,57.417467315781124,12419040
2015-03-02,58.807613372802734,60.49264520093019,58.38635541577087,59.818629898524684,9407165
2015-03-03,58.42848587036133,59.56588123453899,58.21785686114742,59.18675158910885,11631440
2015-03-04,57.122581481933594,59.10249259223142,56.86982413683757,59.10249259223142,12258365
2015-03-05,56.32219314575195,57.459588456768344,56.02731383221243,57.29108782842775,10062455
2015-03-09,55.39542007446289,56.61706555057795,55.226919466683626,56.23793596913153,10978515
2015-03-10,56.448570251464844,56.95407855022897,55.142667920761326,55.69030458937528,14365425
2015-03-11,55.64818572998047,56.659202383512834,55.1005490310308,56.49070175055315,9914755
2015-03-12,57.838722229003906,58.34423052195615,56.364319291625954,56.6591985935242,22212495
2015-03-13,57.08045959472656,58.302105236300214,56.65920159033744,58.2178549209998,14141940
2015-03-16,56.86982727050781,57.375335560668326,55.985182941811914,57.29108525028935,8338830
2015-03-17,57.96510314941406,58.091475406621065,56.61707241226127,56.95408009654947,14875790
2015-03-18,57.33321762084961,57.96510463462288,56.869831239594376,57.96510463462288,10518465
2015-03-19,57.33321762084961,57.83872594629081,56.99620992792645,57.71234725795873,12558025
2015-03-20,58.00722122192383,58.42847919220343,57.12258334106858,57.29108395802581,16926935
2015-03-23,58.76548767089844,59.14461727826572,57.12258413512473,58.04935039704545,10194515
2015-03-24,58.68124008178711,59.10249807745265,57.71234540617899,58.47061108395434,13615135
2015-03-25,59.01824951171875,59.27100045987114,58.04935480741687,59.10249982776955,15073090
2015-03-26,59.6501350402832,60.15564335190182,58.38636104729319,58.72336230311432,22707235
2015-03-27,58.049354553222656,59.5658795191575,56.74345216254897,59.5658795191575,17450795
2015-03-30,58.13360595703125,58.2599846468631,57.29108992866848,58.17573432960426,12854340
2015-03-31,56.78557586669922,58.133600090466054,56.11156054087254,58.09147172214443,18180380
2015-04-01,59.14461898803711,59.818634340493155,56.06944081565921,56.15369112774452,14824715
2015-04-06,58.3863639831543,59.81863867607442,58.1757349737315,59.481630975420494,16397240
2015-04-07,61.335182189941406,61.84069062649655,58.04936771050017,58.428497430944404,21515710
2015-04-08,60.91389846801758,61.63003565425693,60.23988321750654,60.91389846801758,12225345
2015-04-09,61.88279342651367,62.59893712019142,59.81863193784137,60.661147880627865,21695105
2015-04-10,63.2729606628418,63.82059743798628,61.1666703183538,61.1666703183538,16425945
2015-04-13,63.94695281982422,64.41033266986273,62.851679669031995,63.188687286805425,10029120
2015-04-15,63.18869400024414,64.70522522740454,62.514678693087,63.44145134739966,8566965
2015-04-16,63.820587158203125,64.36822384513803,62.17768352528536,62.93594278485542,10186730
2015-04-17,65.0000991821289,66.55875222070756,62.97805985440367,63.94695436851012,18939265
2015-04-20,61.88279342651367,65.58986486035157,61.20878452901639,65.04222821196305,12094255
2015-04-21,62.3040657043457,63.31508892457547,61.798557308174814,61.924936014189534,9715380
2015-04-22,61.20878982543945,63.146572804793685,60.45052412574124,62.00917746918991,13090995
2015-04-23,62.34619140625,63.7363442569669,60.913916607261505,61.08241725612331,22732090
2015-04-24,62.34619140625,62.97807848131334,61.46154693000622,62.725321080132915,9623780
2015-04-27,62.34619140625,64.19972425528071,61.54580368232485,62.38831978240931,23645145
2015-04-28,62.261932373046875,63.104448355285975,61.67216732874741,62.34618268569342,14400080
2015-04-29,62.09342956542969,63.06232429682902,61.71429991865429,62.38831532168529,14511990
2015-04-30,58.512733459472656,62.009176134929156,58.13360383172488,61.967054191783255,52798875
2015-05-04,60.28202819824219,60.91391525932276,58.554867660133574,58.93399732562688,15878235
2015-05-05,61.88279342651367,62.0934224122103,60.36626858622989,60.576897571926516,14766595
2015-05-06,59.52375793457031,62.09342793175777,59.144621869882684,61.75642666699601,17171675
2015-05-07,56.574951171875,59.56587914085175,56.280071854917715,59.52375719722186,23131495
2015-05-08,56.86982727050781,58.007222530340634,56.532819601105246,57.670214860938074,16625855
2015-05-11,58.00722122192383,59.22887319246658,57.75447029648797,58.13359989858501,16048400
2015-05-12,56.448570251464844,59.06036848498512,56.36431993965195,58.007223517607045,18398180
2015-05-13,56.32219314575195,57.54384519882559,55.90093514701351,57.20683751425745,3142468
2015-05-14,56.40644073486328,57.08045607143712,56.23794011466314,56.448569103856634,3158294
2015-05-15,56.49069595336914,56.8276971847048,56.237938601980936,56.532817893342866,1509983
2015-05-18,56.70132827758789,57.20683658226104,56.364320598510176,56.53282122410562,1531770
2015-05-19,56.61707305908203,57.20683812029587,56.44857242895637,56.74345174561978,1228375
2015-05-20,56.49069595336914,56.996204228259096,56.28006696984112,56.8276971847048,1356790
2015-05-21,55.85880661010742,56.82769475052541,55.31116999081496,56.82769475052541,1592979
2015-05-22,55.64818572998047,56.28007274540998,55.52180704131714,56.28007274540998,881722
2015-05-25,55.35329055786133,56.111556132877105,55.10053965144675,55.943055528600716,1122411
2015-05-26,55.606056213378906,55.81668521418715,54.974169210954145,55.479677527316554,1488146
2015-05-27,55.85880661010742,56.02730721855764,54.84778367574761,55.43754866109571,1819018
2015-05-28,55.437557220458984,56.61707451749614,55.184799840872635,55.85881523451145,4969562
2015-05-29,55.52180099487305,55.858808651978684,55.016292723157804,55.563922934582244,1809404
2015-06-01,55.85880661010742,56.28006455911913,55.016290712084,55.31116999081496,1390851
2015-06-02,55.39542007446289,56.701322282353736,55.14266273490783,56.111557299354,1552643
2015-06-03,54.7635383605957,56.0273123227633,54.047401067611425,55.521804023473614,2129943
2015-06-04,52.44662094116211,55.269048252418344,51.772608784706954,55.22692630919777,2593843
2015-06-05,53.836769104003906,54.51077798991277,50.972213662203615,51.8147295905045,3711053
2015-06-08,52.78362274169922,54.84778413810257,52.2359861177903,54.76353383316725,2519506
2015-06-09,52.78362274169922,53.499759975478774,52.2359861177903,53.499759975478774,1747821
2015-06-10,53.036380767822266,53.331260070708176,52.65724793986656,52.69937309542978,1325230
2015-06-11,51.267093658447266,53.49976218480789,51.014339519260446,53.49976218480789,2196867
2015-06-12,50.76158142089844,51.3092180247094,49.96119069761434,51.26708965984471,1765061
2015-06-15,49.9190673828125,51.26709154554749,49.750563558984844,50.97221226430643,1418114
2015-06-16,50.46670913696289,50.67733813467318,49.750568616381834,50.382455609512704,1293933
2015-06-17,51.561981201171875,52.99425908169346,50.2560820095571,50.2560820095571,2669692
2015-06-18,51.47772216796875,51.983233655616644,51.140717723480044,51.646225997184715,1403211
2015-06-19,50.930091857910156,52.40449482939837,50.76158801837996,51.9411116811479,2399039
2015-06-22,52.741493225097656,52.9942505622777,51.09858981708571,51.35134394032269,2478505
2015-06-23,53.07850646972656,53.58401476957517,52.48874464394092,52.825752319802255,1355552
2015-06-24,52.109615325927734,53.37338937471121,51.73048568244758,53.20488873936163,1308051
2015-06-25,52.91000747680664,53.41551903688873,51.14072505137854,51.561983077808435,3654499
2015-06-26,52.61512756347656,52.95213205253671,51.47772897629646,52.48874887136422,1777662
2015-06-29,50.63521194458008,51.730485350996254,50.171828772450546,51.3513524960017,1870979
2015-06-30,51.77260208129883,52.90999724717789,50.55095339805717,50.635203701476705,1741836
2015-07-01,54.30015563964844,55.05842135330537,51.60410691096514,52.235993934364714,3085301
2015-07-02,54.59503936767578,54.974168996496836,53.96315236771605,54.46866068210644,2166429
2015-07-03,53.20488357543945,54.76353679874962,52.74149723137232,54.42652913287231,1407423
2015-07-06,53.79464340209961,54.3422800682093,51.646228321261404,53.078506113134665,2079479
2015-07-07,53.247005462646484,54.30014712251387,52.741493994851595,54.089518147751775,1881137
2015-07-08,50.045448303222656,52.61512128676091,49.70844064042215,52.61512128676091,5936600
2015-07-09,50.38245391845703,50.71946158905942,49.91907078183625,50.550957753758226,2087962
2015-07-10,49.792694091796875,50.97221777210056,49.49781477869269,50.593084931006985,2908134
2015-07-13,49.160804748535156,50.38245352756141,48.107659803502756,50.21394969356756,3230430
2015-07-14,48.86592483520508,49.961194921481365,48.73954615781258,49.118678976046795,2144476
2015-07-15,48.44466781616211,49.539937923999716,48.31828913628174,49.287183778182325,2210760
2015-07-16,48.6131706237793,49.07655375030684,48.318288114939385,48.781674455410204,1896348
2015-07-17,49.034427642822266,49.62418943509584,48.44466585054868,48.82379866086335,2391774
2015-07-20,48.6131706237793,49.413561413568665,48.52891710099221,49.28718273635966,1471308
2015-07-21,47.81277847290039,48.82379821996181,47.64427464606629,48.82379821996181,1943687
2015-07-22,48.86592483520508,49.07655382156372,47.22301809881901,47.77065474892879,1845622
2015-07-23,49.62419128417969,50.25607825360162,48.655296645488725,49.28718361491066,3000456
2015-07-24,48.992305755615234,49.83482173962276,48.78167675961335,49.62419274362088,2158902
2015-07-27,47.6442756652832,48.69742058809646,47.43364668072055,48.52891675765769,1527021
2015-07-28,48.86592483520508,49.03442866708065,47.18089294433594,47.93915858080436,3358870
2015-07-29,49.24506759643555,49.497821788310475,47.64428569132113,48.99231340456062,2630069
2015-07-30,49.20292663574219,50.12969277970581,48.8659190121502,49.287176934668736,5765532
2015-07-31,47.349395751953125,49.58206103069193,47.18089192372262,48.950174085284935,3966782
2015-08-03,47.686405181884766,48.149791561469,47.34940070412041,47.433651020075615,1341424
2015-08-04,49.666316986083984,50.63520842149726,47.265144547482315,47.81278121258709,3670139
2015-08-05,50.887969970703125,52.2359943456588,50.29820810143115,50.29820810143115,4680651
2015-08-06,51.64623260498047,52.32024479413653,50.76159140584166,50.97222041582441,2638806
2015-08-07,51.51984786987305,52.151734786278965,50.71945713297027,51.7726019936468,3090611
2015-08-10,50.46670913696289,51.51985412551434,50.21395176855579,51.51985412551434,4210068
2015-08-11,49.11302947998047,51.18584535039654,48.56310084654815,50.8474252471972,4832032
2015-08-12,49.155330657958984,51.312753144704686,48.09777188108884,49.07072724677467,7313294
2015-08-13,47.42094039916992,49.45145477679311,46.44798814826127,49.32454641791155,5536014
2015-08-14,47.843963623046875,48.43619724798089,45.51733406091679,47.251729998112864,9945772
2015-08-17,48.5630989074707,49.15532922330243,45.771141236089505,47.42093352533844,5583126
2015-08-18,48.35158920288086,49.23993794160662,47.082518654011686,48.64770437331834,5139154
2015-08-19,48.69001007080078,49.366847106865016,47.37863770828629,47.37863770828629,3721517
2015-08-20,47.59014892578125,48.39389430867715,47.2940337345418,48.35159259955916,3814969
2015-08-21,47.082523345947266,47.886265525062775,46.32107964977995,46.74410320822543,2444949
2015-08-24,42.59846878051758,46.23647377173089,41.54090994060986,46.06726371186297,7790649
2015-08-25,43.10609817504883,43.82523688212334,39.84881507100845,42.85228470357626,4660436
2015-08-26,41.49860763549805,42.936888282564155,41.24479416305424,42.72537651762542,6051705
2015-08-27,42.85228729248047,43.06379906938824,41.92163353763811,42.64077551557269,4013954
2015-08-28,44.036746978759766,44.84049229749949,43.19069995427864,43.656025172260605,3110731
2015-08-31,42.09084701538086,44.50208017655272,41.710125140613236,43.78294136775798,3241090
2015-09-01,39.7219123840332,42.2600537091802,39.42579395965124,41.794728445052634,3243560
2015-09-02,39.38349151611328,40.94868057391376,39.129678033809114,40.610260445899186,3360979
2015-09-03,41.28710174560547,42.00624378517725,39.764217466826786,40.01803097538759,3036698
2015-09-04,39.93342590332031,41.837031980229945,39.552704042455645,41.837031980229945,2575595
2015-09-07,40.314144134521484,41.0332828523079,39.67960883268167,40.06032743185481,1683311
2015-09-08,43.65602493286133,44.41746854168407,40.018023393025096,40.44104690294589,5799069
2015-09-09,45.77113723754883,46.65948908851684,43.402206498930866,44.24825342182392,6300425
2015-09-10,44.121360778808594,45.13661479103694,43.69833719790885,44.88280128797985,5706843
2015-09-11,43.190696716308594,45.1789090112326,42.80997493835182,44.75588553070575,4194356
2015-09-14,44.036746978759766,44.79819059175808,43.19069995427864,43.35991000465752,3254795
2015-09-15,42.55616760253906,45.052007141295405,42.34465583192265,44.67128530870317,4183510
2015-09-16,43.95214080810547,44.07904591736298,42.556162014381286,43.35990728266451,3962835
2015-09-18,43.95214080810547,44.67127944280394,43.23299894599392,44.20595425403357,3056522
2015-09-21,43.74063491821289,44.41747194039333,43.23300473101744,44.036750106850114,1842228
2015-09-22,42.89458084106445,44.33286129586636,42.725370806250176,43.952139524387476,2132996
2015-09-23,42.979190826416016,43.40221436452526,41.66781850376007,42.47156387165032,2442750
2015-09-24,44.84049987792969,45.517336966453406,42.38696180119065,42.8945920381438,6414990
2015-09-28,43.698333740234375,44.840496027323425,43.40221532058695,44.840496027323425,1859175
2015-09-29,42.59846878051758,43.40221414433013,41.92163176845933,43.14840066823497,2695218
2015-09-30,43.444515228271484,43.825237050651076,43.063796633305294,43.317610105753886,2033987
2015-10-01,42.85228729248047,43.99444959681701,42.725378935370365,43.99444959681701,2168987
2015-10-05,43.95214080810547,44.24825595711941,42.93688379697998,43.27530387649283,2258192
2015-10-06,44.75590133666992,45.09431830415869,43.867549131903246,44.332877706748334,2673444
2015-10-07,46.574886322021484,46.87100470603752,44.248257091128906,44.84049063174783,5179433
2015-10-08,46.321075439453125,47.378634239440636,45.94035362597495,46.8287023724818,3622394
2015-10-09,47.29403305053711,47.63244994600009,46.574891096278,46.574891096278,2675519
2015-10-12,47.59014892578125,49.197639691573045,46.82870525200334,47.75935898966673,4002252
2015-10-13,47.50554275512695,47.97086798329146,46.955610886214956,47.886261342543975,2195241
2015-10-14,48.35158920288086,49.155331301900695,47.16712206630431,47.37863382444917,2621681
2015-10-15,48.35158920288086,49.028426183461754,48.01316909888376,48.64770437331834,1655878
2015-10-16,47.251731872558594,48.901524454816126,45.9826611519626,48.56310753243878,3230226
2015-10-19,46.99791717529297,47.632452519407856,46.532591901758124,47.29403560566144,1783516
2015-10-20,46.828704833984375,47.801660272080625,46.61719306286898,47.04021660509978,1743662
2015-10-21,46.99791717529297,47.801662589987885,46.532591901758124,46.70180197233815,2553470
2015-10-23,46.99791717529297,47.97087266056792,46.78640539392134,47.37863902724463,2700540
2015-10-26,47.7170524597168,48.14007596298587,46.95560886286719,47.25172402419025,4838906
2015-10-27,46.405677795410156,47.8439583761132,46.19416604023069,47.37863316020102,3203887
2015-10-28,45.89805603027344,46.7018014357333,45.60194083072099,46.44798794648641,3397016
2015-10-29,44.71358871459961,45.94035767622366,44.544381873614455,45.855754255731085,5326190
2015-10-30,45.1366081237793,45.85575004153062,44.502072846158704,45.26351647026874,3489665
2015-11-02,43.61372375488281,45.2635161090117,43.2753068793008,45.009702645471855,2524043
2015-11-03,43.190696716308594,44.41746545531906,42.80997493835182,43.99444197479221,3536828
2015-11-04,42.640769958496094,43.65602377341153,42.47155991353913,43.359908615296725,2566388
2015-11-05,41.49860763549805,42.852284867554026,41.32939757806437,42.80997993263555,3066463
2015-11-06,39.806514739990234,41.710120682972466,39.42579290591109,41.37170378511262,10018303
2015-11-09,39.17197799682617,39.67960816621989,38.156720885452124,39.17197799682617,5764853
2015-11-10,38.3259391784668,39.256593075320204,38.15672908563762,38.91817288966186,5057223
2015-11-13,37.90290451049805,38.622046388521454,37.69139276297583,38.410534640999245,4224004
2015-11-16,38.15672302246094,38.49514315434367,37.6490960520504,37.7336994713143,4857059
2015-11-17,38.45283889770508,39.087374182395216,38.2413271361417,38.49514060453509,3182435
2015-11-18,37.43758773803711,38.62205508173152,37.22607594290696,38.49514671368787,3152317
2015-11-19,37.818302154541016,38.02981390794738,37.47988205812553,37.86060385973964,1825253
2015-11-20,37.56449508666992,38.114423802636246,37.0991665680804,37.902912013246016,2509648
2015-11-23,37.18376541137695,37.8606023498014,37.01455536991757,37.77599894277826,2120548
2015-11-24,37.18376541137695,37.64909060483044,36.972253666406,37.141463707865384,2091783
2015-11-26,37.18376541137695,37.81830064628983,36.92995196289443,37.437578859859485,8303599
2015-11-27,38.537445068359375,39.087376978731996,37.22607269833264,37.395282765171416,5763140
2015-11-30,38.74895477294922,39.29888665391416,38.368232949774516,38.706653065355006,2320351
2015-12-01,39.51039505004883,39.8488119093574,38.66434806065769,38.9181615119924,3417985
2015-12-02,40.22953796386719,40.821771564692575,39.25658575939514,39.76421271586634,6633389
2015-12-03,39.51039505004883,40.18723199607911,39.12967325934019,40.18723199607911,3540922
2015-12-04,39.51039505004883,40.35644203943997,38.9181615119924,39.256581598714114,2698929
2015-12-07,39.3411865234375,40.35644359533144,39.12967476793515,39.84881344567784,2700629
2015-12-08,37.60679244995117,39.46809662681362,37.3106740426018,39.12967651196103,4598779
2015-12-09,36.92995834350586,37.733700531332396,36.5915382021162,37.479887038996985,3675577
2015-12-10,37.479881286621094,37.818301376070366,36.887647743791455,37.05685778851609,3444583
2015-12-11,37.98751449584961,38.91816497605067,37.31067426216146,37.902907852931875,5555915
2015-12-14,38.62205123901367,39.12967820585393,37.73369920592291,38.368234528180004,4652930
2015-12-15,38.19902801513672,38.960468471861425,37.945211302148245,38.622051566899415,2628376
2015-12-16,38.19902801513672,38.833563342780764,38.07211965864248,38.45284150071162,2383799
2015-12-17,40.652557373046875,40.90637082549471,38.36822984619006,38.664348230223496,9534525
2015-12-18,40.14493179321289,40.864070470120524,39.93342003795615,40.69486042043248,4637299
2015-12-21,40.99098205566406,41.28709724547396,40.10263325882085,40.35644673971698,3244404
2015-12-22,40.22953796386719,41.7947269965781,39.89112106869088,41.244795104223066,3292201
2015-12-23,41.03327560424805,41.41399736358447,40.441042114992825,40.441042114992825,2724954
2015-12-24,41.329402923583984,41.540914715879524,40.73717248708751,41.07558941831209,2626085
2015-12-28,40.82176971435547,41.6678167550675,40.441047900552384,41.54090840799536,2004701
2015-12-29,40.483360290527344,41.07559402079691,40.3564551373787,41.07559402079691,1776898
2015-12-30,40.22953796386719,41.11788675139853,40.14493454692648,40.77946985622222,2565366
2015-12-31,40.906375885009766,41.54091120831859,39.63730523839213,40.314145498519046,12646392
2016-01-01,40.77947235107422,41.24479762754325,40.610262279427204,41.0332858448379,1652422
2016-01-04,40.52565383911133,41.879327789837745,39.97572198120876,40.86407071308629,4288176
2016-01-05,43.14840316772461,44.079053709788504,40.65256351548134,40.7371701640231,10837551
2016-01-06,42.3023567199707,43.65603084404429,41.96393657524546,43.190705565607345,6055343
2016-01-07,39.38349151611328,41.37170412022521,39.002769678950266,41.37170412022521,4736911
2016-01-08,40.10263442993164,40.48335304868714,39.214282379732516,39.891122651772534,3208394
2016-01-11,39.29888916015625,40.018027917360286,38.8758656024095,39.55270264932158,4320686
2016-01-12,38.83356857299805,39.933429310230764,38.49514839504306,39.59500913227577,2772658
2016-01-13,38.19902801513672,39.59500379950546,37.22607255511709,39.59500379950546,4152815
2016-01-14,37.60679244995117,38.452839509669246,36.80304709773632,37.56449074244795,3352161
2016-01-15,35.87239456176758,38.0298137945997,35.53397446636076,37.94520715704138,3712848
2016-01-18,35.449371337890625,36.67613693180828,34.56101938724233,35.78778820857323,4875465
2016-01-19,35.95700454711914,36.380028130026425,35.06865566849661,35.787794468473464,2417589
2016-01-20,34.94174575805664,35.44937597155384,34.264908700807375,35.44937597155384,2952916
2016-01-21,34.94174575805664,35.787792886471635,34.34951212268341,35.11095582922238,4340230
2016-01-22,36.464630126953125,36.80305027098513,35.44937614968448,35.44937614968448,3124004
2016-01-25,36.8453483581543,37.47988364524334,36.63383659579129,36.97225670653745,2307305
2016-01-27,36.88764953613281,37.479883107738615,36.71844271059972,37.18376793564237,2296626
2016-01-28,36.168514251708984,37.05686307907525,35.95700247245922,36.88765301019272,2944371
2016-01-29,36.210811614990234,36.80304517127501,35.66088299140763,36.380021663559205,2361320
2016-02-01,36.12621307373047,36.76074842083084,35.872399580373056,36.506934927473424,2570898
2016-02-02,33.29195785522461,36.33772987874512,33.03814432678476,36.21082150081814,6346011
2016-02-03,32.82662582397461,34.053394726692176,32.57281234727078,32.995835884248315,5035280
2016-02-04,32.65740966796875,33.672666612692794,32.065179408674844,33.418853183364995,4382281
2016-02-05,34.56101989746094,34.857138294519665,32.57281066718264,32.82662413079491,8245947
2016-02-08,34.349510192871094,36.21081441629567,34.09569671408899,35.11095385663089,5702117
2016-02-09,32.95353317260742,34.39181380001852,32.572811355437814,33.8418819277276,7153055
2016-02-10,31.938278198242188,32.9112336594852,31.430651226454103,32.53051181693734,5841469
2016-02-11,30.45769691467285,31.895977692237366,30.24618513054318,31.72676761945089,4354089
2016-02-12,29.146324157714844,30.62690662930864,28.34257874193834,30.4576965585009,5066768
2016-02-15,30.330785751342773,31.34604286686087,29.65394875013517,29.696250457570635,8065319
2016-02-16,29.86546516418457,31.09223423527692,29.611651652644685,30.965325865800022,4401282
2016-02-17,30.54229736328125,30.711507419590777,29.230925074855833,30.03467042176605,4244513
2016-02-18,30.288488388061523,31.76907095255042,29.400139494850958,30.9653254863451,5388353
2016-02-19,30.584596633911133,30.79610835827452,29.780851435847698,30.373084909547742,2181625
2016-02-22,30.669208526611328,31.049930381389927,30.373093321457795,30.626906815505635,1647780
2016-02-23,30.119272232055664,31.092227583455614,29.865458774816222,30.711505783889844,3564780
2016-02-24,29.907766342163086,30.796118457751447,29.69625454843516,29.823162915637454,2277002
2016-02-25,29.230926513671875,30.288485383395265,29.019414739727196,30.119275318756817,3100045
2016-02-26,29.400136947631836,29.73855708115994,28.892509974753267,29.569347014395888,2486753
2016-02-29,29.527042388916016,30.49999452876156,28.934808827428622,29.82315755595308,4530973
2016-03-01,30.373092651367188,30.49999778188449,29.69625237895381,29.738557316539854,2872963
2016-03-02,31.980581283569336,32.36130314249318,30.923022357344067,31.092232431022854,5893637
2016-03-03,33.50346374511719,33.84188387483091,32.192091390450194,32.44590487402872,5444880
2016-03-04,33.88418197631836,34.68792727824822,33.165043311515085,33.968788613444936,4631248
2016-03-08,36.5915412902832,37.52219191652715,34.26491149725942,34.51872501101559,11711574
2016-03-09,35.83009719848633,36.08391393736753,35.11095837809335,35.87240213990913,4215614
2016-03-10,36.168514251708984,37.14146972722333,35.61858233469416,35.99930418282645,3786380
2016-03-11,36.12621307373047,36.38002656708788,35.15325758387777,36.25311820670234,3658631
2016-03-14,35.660884857177734,36.972257154224806,35.36476644983588,36.3800235669545,4283429
2016-03-15,36.5915412902832,37.2260766883806,35.19556212350336,35.576284007844585,5959368
2016-03-16,35.95700454711914,36.92996007877142,35.15325909411254,36.92996007877142,4064579
2016-03-17,36.210811614990234,37.14146526841295,35.999299861132336,36.760743465986074,4488608
2016-03-18,36.25311279296875,36.887648045312986,35.99929933751369,36.76074293129205,7685451
2016-03-21,36.25311279296875,36.84534634063934,36.083905974274174,36.506929475837,2608288
2016-03-22,36.54923629760742,36.76074807800166,35.87239924582858,36.29542280661706,3374214
2016-03-23,38.28363037109375,38.41053872406277,36.59153621104541,36.718444564014426,9691151
2016-03-28,35.91469955444336,38.45284082009429,35.70318778230578,38.45284082009429,9933930
2016-03-29,35.49167251586914,36.21081117936938,35.19555412758248,35.78778767674261,3803629
2016-03-30,36.7607421875,37.14146397668591,35.61857681994226,35.95699690531043,4025525
2016-03-31,36.464630126953125,37.01456205415171,35.99930484946938,36.80305027098513,3957773
2016-04-01,36.88764953613281,37.479883107738615,36.38002260470688,36.5492326576533,2983552
2016-04-04,36.972259521484375,37.39528307841803,36.7184460328069,36.88765287364947,2785409
2016-04-05,35.91469955444336,36.803048351938486,35.70318778230578,36.676139997690534,2538115
2016-04-06,36.5915412902832,37.183774973990225,35.703192378429634,36.210819405941976,5196868
2016-04-07,35.91469955444336,36.803048351938486,35.78779120019541,36.676139997690534,3141298
2016-04-08,36.08390426635742,36.33771770979903,35.576274152061174,35.914694228258675,2515470
2016-04-11,37.05686569213867,37.18377405960292,35.95700500796601,36.33772688294489,3218226
2016-04-12,36.63383865356445,37.31067568566229,36.29542175122231,36.71844529971015,3928868
2016-04-13,37.39527893066406,37.86060414619612,36.887648782200074,36.9722554206507,5441217
2016-04-18,37.6913948059082,37.86060485858005,36.97225611631949,37.86060485858005,3076430
2016-04-20,39.21428298950195,39.679611490618576,37.437585316303846,37.86060887919993,9834569
2016-04-21,38.960472106933594,40.1449394533472,38.706658597677496,40.1449394533472,4590427
2016-04-22,38.87586212158203,39.97572262776268,38.74895377465555,39.76421086782742,4549245
2016-04-25,38.28363037109375,39.171979159636436,38.029816892569194,38.875863972593365,2916164
2016-04-26,39.087371826171875,39.42578868782519,38.072114786385626,38.15671819494567,5795467
2016-04-27,38.87586212158203,39.595000814396556,38.62204865514239,39.12967558802167,3324388
2016-04-28,39.7219123840332,40.35644771531995,38.537445141332505,38.96046869552367,9768122
2016-04-29,40.10263442993164,41.28709845117446,39.17198066958341,39.891122651772534,9837764
2016-05-02,39.97572326660156,40.44104850041266,39.46809632561007,40.018024973781955,5237593
2016-05-03,38.960472106933594,40.61026475821902,38.748960311317866,40.48335638988403,5067218
2016-05-04,35.5762825012207,38.918169435157175,35.3224689982133,38.70665764474871,8178764
2016-05-05,35.61858367919922,36.38002740420624,34.984048317497944,35.99930554170273,5645796
2016-05-06,35.70318603515625,35.830091155780536,35.110952456669516,35.70318603515625,3476779
2016-05-09,36.25311279296875,36.591532885184286,35.9146959281664,35.95699763284005,3074502
2016-05-10,35.83009719848633,36.54923924629321,35.745493770468535,36.12621565137642,2893327
2016-05-11,35.364768981933594,35.99930432213843,35.11095549133439,35.53397905147094,3212088
2016-05-12,35.95700454711914,36.168516338572786,35.491679251403895,35.70319104285753,2327334
2016-05-13,35.195560455322266,35.957004187914194,35.026353605780756,35.703190686188144,3252962
2016-05-16,34.51872253417969,35.533979743770146,34.2649090386355,35.19555959810209,4152534
2016-05-17,34.64562225341797,34.98403908725531,34.34950389297078,34.77252735582714,2618401
2016-05-18,35.74549102783203,35.83009444935848,34.13800019952028,34.34951198075005,4967856
2016-05-19,34.01109313964844,36.083909123705915,33.503462957018776,35.787790710318575,5739617
2016-05-20,33.50346374511719,34.34951084198796,33.376558617034696,34.011093939687775,4584605
2016-05-23,33.080440521240234,33.926487626411735,32.995837101688515,33.79958249708416,2527821
2016-05-24,33.122745513916016,33.41886071025665,32.530511893821156,32.95353544711554,2600825
2016-05-25,34.05339431762695,34.18030266816112,33.41885901978297,33.63037078573097,2510711
2016-05-26,34.43411636352539,34.645628130835235,33.841882769575136,34.22260459621555,3025219
2016-05-27,36.12621307373047,36.506934927473424,34.43411881479615,34.43411881479615,5825553
2016-05-30,36.38002395629883,36.92995584195244,35.830092070645215,36.38002395629883,6496240
2016-05-31,36.210811614990234,36.50693000683924,35.15325284570073,35.5339746481276,7434177
2016-06-01,35.364768981933594,36.46462959280592,35.11095549133439,36.21081610220671,3804509
2016-06-02,35.660884857177734,35.83009168718633,34.94174291998757,35.280163034831574,2496036
2016-06-03,35.195560455322266,36.16851597725487,34.77253687664093,35.61858403400361,2960331
2016-06-06,34.98405075073242,35.40707435462236,34.68793551897505,35.11095912286499,2506562
2016-06-07,35.449371337890625,35.70318479775589,34.89943948533818,35.11095123979477,2254961
2016-06-08,35.53397750854492,35.95700105031331,35.28016402896658,35.53397750854492,3415655
2016-06-09,38.15672302246094,38.748956639548936,35.83009349115445,36.04160526672777,21478493
2016-06-10,38.15672302246094,38.91816670549031,37.776004408359825,38.15672302246094,8822286
2016-06-13,37.1414680480957,37.86060677406791,36.88765134253988,37.226071465005326,3940128
2016-06-14,38.11442565917969,38.579750973021305,37.141473317040656,37.268378460408044,6977492
2016-06-15,37.818302154541016,38.622047462967856,37.56448869593602,38.49513911995874,3755682
2016-06-16,37.98751449584961,38.79125662538078,37.31067426216146,37.98751449584961,5589722
2016-06-17,37.73369598388672,38.74895305828916,37.522184227861764,38.57974300798654,4691105
2016-06-20,38.19902801513672,38.36823485391094,37.268374264810646,37.43758433099844,4287090
2016-06-21,37.776004791259766,38.5797469646543,37.649096433664,38.072119989098425,2723522
2016-06-22,37.18376541137695,37.90290405331297,37.05685707342914,37.69139230834201,2944141
2016-06-23,37.1414680480957,37.395281526238044,36.718444508720644,37.099163112227416,2006318
2016-06-24,35.83009719848633,35.99930728193583,34.43412127170927,35.87240213990913,6464412
2016-06-27,36.168514251708984,36.42232774132597,35.61858233469416,35.78779240357669,3676006
2016-06-28,36.29541778564453,36.67613635575607,36.04160110235259,36.33771949038879,3379373
2016-06-29,37.05686569213867,37.226075772953045,36.38002859629502,36.422330309645155,3359056
2016-06-30,38.36823272705078,38.918164604823424,37.183768784221584,37.31067390626753,9142481
2016-07-01,39.21428298950195,39.59500484159116,38.579747645157816,38.579747645157816,6748213
2016-07-04,39.595001220703125,40.01802474491451,39.38348945859743,39.595001220703125,4234895
2016-07-05,40.187232971191406,40.77946652361792,39.7642094662315,40.0180229237248,6201901
2016-07-07,39.84881591796875,40.77946963636646,39.764212501484174,40.61025957598383,4898296
2016-07-08,39.46809768676758,39.848816291934554,39.08737585418711,39.67960945737745,2461739
2016-07-11,40.10263442993164,40.187237850229835,39.806516004060725,40.01802778221983,2773749
2016-07-12,41.879329681396484,42.133143155194986,40.10263213739351,40.18723555285521,7898035
2016-07-13,42.17544937133789,43.27531325439216,41.58321894497176,42.30235773550993,13694616
2016-07-14,42.13314437866211,42.59846963204044,41.87933089749333,42.21775102399404,4226916
2016-07-15,42.3023567199707,42.97919378200749,42.09084493637085,42.47156679233332,6675757
2016-07-18,40.86407470703125,42.683077281804245,40.39874944270273,42.47156550461732,4284524
2016-07-19,40.99098205566406,41.41400559962878,40.398748448630755,41.20249382764642,5187400
2016-07-20,40.483360290527344,41.32940755450839,40.18724503909966,41.11789573851313,5277547
2016-07-21,39.46809768676758,41.075585206954514,39.38349104207553,40.48335160376417,3547423
2016-07-22,40.567962646484375,40.99098623356468,39.04507837847803,39.76421718554902,7281827
2016-07-25,40.86407470703125,41.20249484149576,40.356447732748066,40.694864639798986,4827315
2016-07-26,41.075584411621094,42.217749887247116,40.77946922946625,41.117886119441295,7982401
2016-07-27,41.244789123535156,41.62551089938885,40.44104386949135,41.287090825871566,9315943
2016-07-28,40.060325622558594,41.62551456618755,39.8911187983075,41.45630451452316,10033797
2016-07-29,39.7219123840332,40.694864622224735,39.42579395965124,40.18723764816077,5642337
2016-08-01,40.060325622558594,40.56795577755175,39.045071767398866,40.18723396816021,8910330
2016-08-02,38.960472106933594,40.27184459426831,38.748960311317866,40.10263773970683,5387384
2016-08-03,38.83356857299805,39.51040570149403,38.62205676862968,39.42579904329828,5710555
2016-08-04,39.552696228027344,39.97571971709716,38.74895095331208,39.25658107664371,5386938
2016-08-05,40.694862365722656,41.28709595423406,40.18723541980626,40.44104889276446,13258689
2016-08-08,40.52565383911133,41.329395931935174,40.27183714936351,41.075582469600626,5442880
2016-08-09,39.806514739990234,40.779470179591,39.637304677353555,40.779470179591,4599264
2016-08-10,38.83356857299805,40.10263939920826,38.7489619148023,39.933429310230764,5331221
2016-08-11,38.537445068359375,39.087376978731996,38.07211980511293,38.49514335850308,3827030
2016-08-12,38.79125213623047,39.29888225275065,38.49513698882015,38.960462175070525,4113003
2016-08-16,39.045082092285156,39.21428896128047,38.53745180305678,38.918173713124524,3564485
2016-08-17,40.73716354370117,41.16018703542221,38.8335578309565,38.96046294202495,17430827
2016-08-18,40.61025619506836,41.37169978969117,40.44104614877294,41.16018803867519,9392497
2016-08-19,41.921630859375,42.30235267896839,40.567956864613365,40.8217703352045,30285716
2016-08-22,42.47156524658203,43.14840228398536,40.73716932966926,42.13314511417358,18837563
2016-08-23,42.21775436401367,42.894591443148926,41.37170720824117,42.55617128987441,12322070
2016-08-24,42.09084701538086,42.640778970868965,41.7947317946804,42.34466052275466,4312215
2016-08-25,41.202491760253906,42.217748860309996,41.03328170567567,42.04853880573176,11314209
2016-08-26,40.652557373046875,41.45630266197598,40.44104562477149,41.28709261787304,3819994
2016-08-29,40.82176971435547,41.033281474533474,40.10263102071558,40.69486136728333,3677947
2016-08-30,41.28710174560547,41.54091525416627,40.90637986905733,41.202498318556486,5344651
2016-08-31,40.77947235107422,41.83703126460097,40.610262279427204,41.83703126460097,5214324
2016-09-01,40.61025619506836,41.11788310654144,40.356442739331825,40.82176794608434,4101319
2016-09-02,40.652557373046875,40.77946571297737,40.187232172323654,40.398743920599046,3346376
2016-09-06,41.160194396972656,41.28709953073823,40.73717082959334,40.77947254084854,4230003
2016-09-07,43.782936096191406,44.45977311016674,41.033283104643154,41.11788652111002,25783698
2016-09-08,45.475032806396484,46.27877821775971,44.41747390392215,44.41747390392215,34723722
2016-09-09,42.85228729248047,44.20596137372478,42.47156544856375,42.47156544856375,28866955
2016-09-12,40.44104766845703,42.38695520544427,40.22953590949292,42.30235179282395,8031455
2016-09-14,40.567962646484375,40.94868452033942,40.01803069231444,40.86407786647506,7113469
2016-09-15,40.44104766845703,40.94867782641891,40.22953590949292,40.90637289269544,3859038
2016-09-16,39.38349151611328,40.90637563735179,39.21428145210599,40.779470509906474,14827506
2016-09-19,39.93342590332031,40.18723940142552,39.42579567969617,39.67961240521511,4039641
2016-09-20,40.3564453125,41.07558402084207,39.721910018993434,39.933421783495625,6870795
2016-09-21,40.483360290527344,40.990990585364486,40.22954675681587,40.271848474532085,4756315
2016-09-22,41.414005279541016,41.58321534130179,40.82177167708506,40.94868003025901,6905499
2016-09-23,41.244789123535156,41.7947209361475,41.033277384440105,41.287090825871566,6402812
2016-09-26,40.52565383911133,41.5409076884495,40.39874549423742,41.11788417542084,4195966
2016-09-27,39.93342590332031,40.948683123154865,39.84881925234276,40.69486639763593,3262374
2016-09-28,41.244789123535156,41.45630086263021,39.84881035454261,39.93341698662844,5185328
2016-09-29,38.241329193115234,41.54091091453807,37.35298039224807,41.4563074963273,11385985
2016-09-30,39.17197799682617,39.46809640249252,38.156720885452124,38.2413275273911,7635654
2016-10-03,40.652557373046875,40.94867575708031,39.38348688339455,39.67960526742799,8055614
2016-10-04,41.28710174560547,41.58322019510462,40.69486807402102,40.94868480999568,7776466
2016-10-05,41.160194396972656,42.09084495424167,40.948682613283,41.87933317055201,5035449
2016-10-06,40.567962646484375,41.49861324709552,40.27184419907986,41.37170810741973,4043421
2016-10-07,42.26005554199219,42.471567328261,40.52565954007064,40.69486638715471,10928654
2016-10-10,42.683074951171875,43.317610248084996,42.42926147788931,42.725376658816735,9595964
2016-10-13,40.906375885009766,42.429263242881774,40.22953885229641,42.429263242881774,8627247
2016-10-14,40.398746490478516,41.03328177566928,40.27183814247502,40.94867836194252,4994061
2016-10-17,39.97572326660156,40.99098037599793,39.76421150328621,40.483350207593055,4268947
2016-10-18,41.03327560424805,41.37169566308329,40.10262528357046,40.10262528357046,5506103
2016-10-19,40.94868087768555,41.371704427135136,40.779470812423,41.160192652410345,4028746
2016-10-20,41.879329681396484,42.09084144746414,41.03328261712585,41.160190967731815,7000221
2016-10-21,42.55616760253906,42.725377664514895,41.24479527020002,41.83702887340867,6424830
2016-10-24,42.0062370300293,42.80997913998403,41.87932868245047,42.72537572654038,3147641
2016-10-25,42.80997848510742,43.48681869195621,41.371701114087,41.5409079383859,9615932
2016-10-26,42.936893463134766,43.95215070281973,42.34465980436739,42.85229003791677,13040727
2016-10-27,42.09084701538086,43.02149761822273,41.92163693466038,42.80998582417559,6376472
2016-10-28,44.036746978759766,44.24825873488005,42.006236056453034,42.048537762194435,7598186
2016-11-01,44.248260498046875,45.05200584881355,43.35991173242619,44.16365708319287,12872674
2016-11-02,43.40220642089844,44.12134824051232,42.8099729304555,43.23299639114148,10613748
2016-11-03,43.27531051635742,45.00970642829511,43.06379874106225,43.27531051635742,14430807
2016-11-04,42.26005554199219,43.99445154391373,41.879333681225575,43.61372968314712,9553759
2016-11-07,43.14840316772461,43.52912501762843,42.85228796636254,43.10610145716055,4737765
2016-11-08,43.27531051635742,43.61372742038156,42.8945886753434,43.402215645086386,4336946
2016-11-09,42.09084701538086,42.59847403012846,37.310679178949954,38.960471818000414,18426762
2016-11-10,44.5866813659668,45.43272843846175,43.06379728095857,43.10609898910063,10952328
2016-11-11,43.486820220947266,44.586680754627544,42.89458663283837,43.82523710885705,10302551
2016-11-15,42.3023567199707,43.48682399909536,41.58321794669668,42.556170214807786,10504245
2016-11-16,42.51386260986328,43.06379446195118,41.96393075777537,42.80997777488708,7441538
2016-11-17,42.21775436401367,43.10610323209205,42.09084599968229,42.302357788625415,4579608
2016-11-18,41.66781997680664,42.556168792758385,41.329399843389986,42.30235530640268,4591348
2016-11-21,40.2718391418457,41.75242151069905,39.97572395904041,41.75242151069905,8066401
2016-11-22,40.567962646484375,40.82177615324979,39.84882061199955,40.48335599262001,4503430
2016-11-23,41.329402923583984,41.71012479519873,40.39875232844911,40.990985992359406,5821786
2016-11-24,41.202491760253906,41.540908641997035,40.5256547693543,40.73716653072376,5901365
2016-11-25,42.386962890625,42.64077962933211,40.86407859545183,41.287102190078485,4595966
2016-11-28,43.52912139892578,43.99444663127389,42.30235253007105,42.34465423711844,5875318
2016-11-29,43.021488189697266,43.74063006829979,42.894583077529624,43.402209981026466,3767763
2016-11-30,43.31761169433594,43.90984530337718,42.89458814893698,43.57142517609261,6068873
2016-12-01,42.80997848510742,43.48681869195621,42.640771660808525,43.31760864024401,3099145
2016-12-02,41.921630859375,43.06379631815518,41.79472573778612,42.38695609336097,2927308
2016-12-05,43.14840316772461,43.44451836908667,41.96393590744906,42.04854255599083,3383056
2016-12-06,43.31761169433594,43.7406352397349,43.19070333975084,43.40221511245032,3239754
2016-12-07,43.994449615478516,44.62898494647099,43.233005927322104,43.402215994402816,6346265
2016-12-08,45.30582046508789,45.940355774759745,44.54438002992975,44.92509863380208,13381525
2016-12-09,46.74409866333008,47.12482047439642,44.41746931809645,44.882794541660516,16337968
2016-12-12,46.49028778076172,47.46323998818207,45.982657595338786,46.532589489360255,11277764
2016-12-13,45.728843688964844,46.744100822908905,45.432728504128995,46.3633789942532,5173955
2016-12-14,44.37517166137695,46.02496417494344,44.163659883417495,45.68654403924287,6127007
2016-12-15,44.84049987792969,45.432733540668124,43.359917334790495,43.359917334790495,5184297
2016-12-16,44.20596694946289,45.39043434050979,44.07905857634572,45.348129397861406,4181183
2016-12-19,44.20596694946289,44.62899055663478,43.909851715408166,43.99445514587694,2788986
2016-12-20,43.23300552368164,44.502076173818054,42.852286910571564,44.37517104525255,3928500
2016-12-21,43.35991287231445,43.99444818264101,43.148401102205604,43.52912293388423,2652851
2016-12-22,42.09084701538086,43.402219492990355,41.710125140613236,42.936894191569415,3844415
2016-12-23,41.75242614746094,42.47156817150116,41.498612644381836,42.09084630317561,3664692
2016-12-26,40.483360290527344,41.794736131629314,40.398756855094916,41.62552603335027,3051590
2016-12-27,41.03327560424805,41.11787900525042,39.8488086257376,40.61025214441044,3235398
2016-12-28,40.82176971435547,41.49860670144243,40.69486136728333,40.779468007802535,2745330
2016-12-29,41.79472732543945,42.34465599470811,40.69486353207512,40.86407359470144,4903593
2016-12-30,41.710121154785156,42.38695818557454,41.49860938095012,41.87933121933589,3554588
2017-01-02,42.725372314453125,42.97918576192765,41.329393512223575,41.8793253379293,4182027
2017-01-03,43.698333740234375,43.994448932468266,42.767679999445576,43.14840183761311,5086489
2017-01-04,42.76768112182617,43.86754172851954,42.64077599071557,43.86754172851954,4867877
2017-01-05,43.95214080810547,44.16365255094773,43.23299894599392,43.40220898575035,5663048
2017-01-06,43.994449615478516,44.50207658930706,43.8252395483978,44.07905303531207,4097516
2017-01-09,44.290565490722656,44.755893989175604,43.99445028935591,44.2059620695932,2638243
2017-01-10,44.71358871459961,44.96740543090457,44.332870094969394,44.332870094969394,2774198
2017-01-11,47.336334228515625,47.84396117972754,44.96740307717093,44.96740307717093,16932115
2017-01-12,48.43619918823242,49.23994462373824,46.36338303163754,47.632453752726605,11639527
2017-01-13,48.7323112487793,49.324544859154734,47.84396244692291,48.64770783047432,7976349
2017-01-16,49.91678237915039,50.55131774837688,48.22468806121309,48.69001335316309,9617801
2017-01-17,50.212890625,50.97433425335992,49.45145022405341,50.55131073258515,9488915
2017-01-18,50.424407958984375,51.22815338278007,50.12829275267666,50.424407958984375,6409647
2017-01-19,50.339805603027344,50.67822575518967,50.08599210261248,50.3821073151942,4074039
2017-01-20,49.197635650634766,50.50900789006162,48.64770379502999,50.38209954571797,4503618
2017-01-23,51.90499496459961,52.28571685401076,49.1130398212745,49.23994819354954,8109530
2017-01-24,52.32801055908203,52.62412897325876,51.65117354118497,52.37031549497405,6758686
2017-01-25,52.497215270996094,53.216357151505335,52.15879841023864,52.454913566828054,7748356
2017-01-27,53.8931999206543,55.24687719211456,51.94729227205702,52.92024448264891,10447495
2017-01-30,54.23162078857422,55.11997287414821,53.04715672016511,53.30097021858037,6488512
2017-01-31,53.76629638671875,55.1622722646392,53.6393912491335,54.2316216793589,5667605
2017-02-01,55.58528518676758,56.09291854942955,53.72398437309483,53.80858778192971,5943036
2017-02-02,55.923709869384766,56.81206187216828,54.993059386123434,55.839106453602255,8536836
2017-02-03,55.58528518676758,56.47363711659968,54.90845146126219,56.00830868576833,6179815
2017-02-06,55.627593994140625,56.47364105108573,55.458387164682314,55.88141069315487,4039553
2017-02-07,56.219825744628906,57.02357434153157,55.37377866672733,55.83910714150397,5369534
2017-02-08,56.51594924926758,57.658111551130055,56.05062075914756,56.642851151275615,6762556
2017-02-09,55.75450897216797,57.19278655803731,55.204577028808195,56.43134282529513,7210142
2017-02-10,52.37031555175781,56.0506190594103,51.94729201168679,55.923710706423606,12944409
2017-02-13,52.1588020324707,53.34326596849806,51.439660102019765,52.4549172096242,9344061
2017-02-14,51.397361755371094,52.66643241599754,50.88973478208595,52.66643241599754,6643359
2017-02-15,49.91678237915039,51.98959856410634,49.15533864511309,51.439666619811206,7358587
2017-02-16,51.10124588012695,51.397361072708,49.197639914471104,50.043687010318145,12774408
2017-02-17,50.635921478271484,52.11650401538368,50.42440968725546,51.35506350417426,6301218
2017-02-20,52.1588020324707,52.6241272654605,50.50900963604017,50.8897314548185,7778276
2017-02-21,52.66642379760742,53.08944728192556,52.20109861034009,52.53951546134676,5282801
2017-02-22,51.18585205078125,52.92024804503573,51.01664197703146,52.83564462186769,5899247
2017-02-23,50.84743118286133,51.22815303655075,50.38210590720255,50.88973612125967,11849267
2017-02-27,51.05894088745117,51.8626862731078,50.8474291137212,51.39736101638456,4430390
2017-02-28,51.77808380126953,52.2857107765373,51.016640110954285,51.14354846847803,5572783
2017-03-01,53.59708786010742,53.76629794253123,51.8203900631921,52.15881022803973,8575981
2017-03-02,52.37031555175781,54.69694502214843,51.94729201168679,54.31621996318833,9286145
2017-03-03,52.58182144165039,52.793333188032875,51.69346952491347,51.98958790629681,4983590
2017-03-06,52.751033782958984,53.08945390358868,52.20110512120255,52.62412865828294,4161256
2017-03-07,51.10124588012695,52.62413000716892,50.93203581547483,52.62413000716892,3983018
2017-03-08,50.55131912231445,51.56657638615333,49.91678373584188,51.22815622240241,5860622
2017-03-09,50.12828826904297,50.80512527107479,49.83217308922074,50.170589976529946,3887612
2017-03-10,50.170589447021484,50.932033083404264,49.70526421474906,50.59361297225339,4074793
2017-03-14,50.80513000488281,51.48196706997946,50.59361822032675,51.10124843970952,4417823
2017-03-15,50.80513000488281,51.35506193569405,50.59361822032675,50.9743400780104,5416419
2017-03-16,53.85090255737305,54.273926133699895,51.185852735548416,51.185852735548416,15944230
2017-03-17,53.639381408691406,54.654635232774595,52.92023951798375,54.104706615965064,7331709
2017-03-20,53.977806091308594,54.27392452239436,52.96254889278276,53.72399259853055,3662864
2017-03-21,53.470176696777344,53.935501950475214,53.08945486105599,53.935501950475214,3515817
2017-03-22,52.07420349121094,52.87794896089938,51.90499340905328,52.87794896089938,3668111
2017-03-23,52.37031555175781,52.66643073884214,52.11649884578441,52.11649884578441,2788339
2017-03-24,52.8779411315918,53.723988189697266,52.37031418769388,52.45491760253906,4884114
2017-03-27,50.974334716796875,52.66642881527976,50.84742636844531,52.66642881527976,4372107
2017-03-28,50.974334716796875,51.56656829674856,50.80512466146591,51.10124306514844,2844256
2017-03-29,51.98959732055664,52.285712528147315,51.18585189327862,51.52427203973685,4305900
2017-03-30,51.65116882324219,52.835635916930066,51.52426370939839,52.41261241595771,4015416
2017-03-31,51.86268615722656,52.37031634949239,51.73578102972025,51.778082738889026,2650706
2017-04-03,53.38557434082031,53.850902859319994,51.947296755175486,52.11650360472398,5860073
2017-04-05,55.331478118896484,55.92370846937485,53.72398743996373,53.89319749470612,12542629
2017-04-06,57.06586837768555,57.36198999574783,54.35852052120587,55.24687246573981,10735079
2017-04-07,56.09291458129883,58.03881866614911,55.796792989085496,56.81205318776145,10656412
2017-04-10,56.47364044189453,57.023572313942,56.00831198366359,56.51594537621615,5236690
2017-04-11,55.542991638183594,56.85436072855003,54.82385291703724,56.72745883145066,6982776
2017-04-12,54.020103454589844,56.34673286806325,53.766289982239066,55.5852892235975,5586703
2017-04-13,52.62413024902344,54.06241096405629,52.45492018359364,53.8932008986265,5805349
2017-04-17,51.82038116455078,53.13175343017104,51.608869404695476,52.5395198570935,8398998
2017-04-18,51.01664352416992,53.047158015917645,50.847433445288644,51.862690691162506,6915722
2017-04-19,51.31275939941406,51.48196624240795,50.255200493634,50.97433925859898,5676056
2017-04-20,51.439666748046875,52.11650383142635,51.143551532635165,51.56657511317406,4983581
2017-04-21,51.01664352416992,51.94729734431005,50.67822659382118,51.69348061228123,7914991
2017-04-24,50.93203353881836,51.48196219008906,50.805125189148676,51.27045042558185,5682648
2017-04-25,51.18585205078125,51.56657390986485,50.974340265447445,51.397363836115055,4214847
2017-04-26,50.974334716796875,52.11649694230748,50.720521247507115,51.52426658976916,7083751
2017-04-27,50.635921478271484,51.22815513859912,50.38210797453501,51.22815513859912,4792777
2017-04-28,51.05894088745117,52.07419804683777,50.76282569519462,51.01663917818789,7790087
2017-05-02,50.08598327636719,51.60886723790468,49.536051432866856,51.39735548692967,6313252
2017-05-03,51.90499496459961,52.24341513905706,49.49376171068564,50.0859954022792,12349986
2017-05-04,52.031890869140625,53.34326308296153,51.69347077577443,53.30096137814405,20777112
2017-05-05,50.678218841552734,52.454916329489464,50.170588682561295,52.28570627649232,10157139
2017-05-08,51.14354705810547,51.56657060163419,50.21289332589417,50.67822180570657,4125126
2017-05-09,51.31275939941406,51.904989804719975,51.143549329006525,51.31275939941406,4214043
2017-05-10,51.693477630615234,51.90498941016343,51.35506071978629,51.48196585106703,4503794
2017-05-11,51.60887145996094,52.32801018114255,51.439661399855424,52.031894996518,5857547
2017-05-12,51.10124588012695,51.98959468528364,50.5936156861706,51.56657113736012,7838609
2017-05-15,52.32801055908203,52.412617203452584,51.22815000157262,51.27045171005116,7911673
2017-05-16,52.031890869140625,53.25865967332658,51.82037911764005,53.25865967332658,7284542
2017-05-17,52.8779411315918,53.5124764251709,52.03189407348633,52.03189407348633,11284519
2017-05-18,51.10124588012695,52.87794349044033,50.76282575082272,52.70873342578821,6132613
2017-05-19,51.14354705810547,52.07419756290326,50.55131345168255,51.52426889276402,5413813
2017-05-22,50.88972854614258,51.77807725424159,50.80512190935355,51.566565503388816,4841919
2017-05-23,50.25519943237305,51.439663445385676,48.8592204152574,50.97433818215166,7583048
2017-05-24,48.14008331298828,50.889736504052856,47.928571529060235,50.59361807010538,6865859
2017-05-25,48.14008331298828,48.85922208737816,47.59015138380989,48.520801942127804,8187603
2017-05-26,50.08598327636719,50.55130848302959,48.266980927016746,48.266980927016746,9788368
2017-05-29,49.451454162597656,51.312758447732264,49.11303402805915,50.12829120426108,7518528
2017-05-30,49.366844177246094,49.74756599600546,48.39389200420923,49.493752525970336,6333413
2017-05-31,48.35158920288086,49.91677492218752,48.266982563174935,48.98612447731544,8243661
2017-06-01,48.01317596435547,48.69001304171826,47.632454099772104,48.35159611674375,7312119
2017-06-02,48.47849655151367,49.15533356323163,47.801659539795715,48.35159142723662,5264946
2017-06-05,48.26698684692383,49.028430534789635,48.140081717221925,48.90152217767414,3222701
2017-06-06,48.0977783203125,48.52080188769401,47.84396482536633,48.35159504267236,2716377
2017-06-07,48.22468185424805,48.47849532378773,47.88626174325289,48.09777350577152,2962810
2017-06-08,48.77461242675781,49.66296116015776,48.563100669881,48.64770408166641,6360632
2017-06-09,48.5630989074707,49.07072581458738,48.224678817784145,49.07072581458738,5363273
2017-06-12,48.35158920288086,49.028426183461754,48.140077444735994,48.60540266717203,3282017
2017-06-13,47.7170524597168,48.73230628563201,47.54784241292653,48.47849282915321,3015989
2017-06-14,47.29403305053711,47.801660007438315,46.95561292766065,47.674751654506274,4263882
2017-06-15,47.7170524597168,48.26698107751867,47.082517204813186,47.16712061450172,3211998
2017-06-16,48.14008331298828,48.69001201475298,47.801663167737935,47.843964879040804,5609766
2017-06-19,48.77461242675781,48.98612418363462,48.140077156127376,48.4361923247896,3398821
2017-06-20,48.52079772949219,49.15533302618518,48.266984256297675,48.94382126062085,3248932
2017-06-21,48.47849655151367,49.11303185513928,48.26698478363847,48.39389313532897,3565857
2017-06-22,49.451454162597656,50.170592914225,48.56310534370106,48.64770876362889,7793945
2017-06-23,48.7323112487793,49.78987011465917,48.09777592925137,49.113033085978756,6219574
2017-06-27,47.75935745239258,48.9015196988821,47.54784568619723,48.64770622493036,2837947
2017-06-28,48.26698684692383,48.6054069809561,47.505546386471615,47.801661583189656,3812635
2017-06-29,49.0284309387207,49.19764100713091,48.393895602742646,48.47849902324094,3287696
2017-06-30,49.366844177246094,49.78986770310909,48.5631020600371,49.07072900010734,3300878
2017-07-03,49.78986358642578,49.95907362826317,49.366840095538855,49.49374843377018,2246544
2017-07-04,49.366844177246094,50.29749787059271,49.19763734883159,49.70526428890184,2971290
2017-07-05,50.424407958984375,50.63591974275094,49.15533725638497,49.366849040151536,4696131
2017-07-06,50.466712951660156,51.05894336490919,50.33980459029897,50.55131637429182,5761233
2017-07-07,52.1588020324707,52.6241272654605,50.29749787309814,50.33979958020387,8171242
2017-07-10,53.2586669921875,53.512480483384856,52.158806378723185,52.285711510615045,1924697
2017-07-11,52.243408203125,53.8508989772635,52.07419813836091,53.639387203161775,5141197
2017-07-12,52.62413024902344,53.047153798891124,52.201106699155744,52.328011827667915,3347756
2017-07-13,52.32801055908203,53.08945422134965,51.69347524966351,52.751034098694376,4053240
2017-07-14,52.20110321044922,52.751031852076224,51.778079688853055,52.53952009127814,5370180
2017-07-17,52.285709381103516,52.75103463391568,51.8626858371991,52.32801109001126,3859703
2017-07-18,53.08945083618164,53.68168439935875,52.20110210512261,52.454915567223296,6182110
2017-07-19,53.85090255737305,54.14701776983634,53.08945882901922,53.21636719288278,6525284
2017-07-20,53.21636199951172,53.977802426143015,53.047151940011396,53.93550071812129,3111343
2017-07-21,52.83563995361328,53.47017525355079,52.20110465367576,53.216361779058474,2522468
2017-07-24,53.554779052734375,54.99305972170789,52.66643027194332,52.87794204010374,8755773
2017-07-25,53.76629638671875,54.02010988930303,53.04715759149432,53.6393912491335,7292351
2017-07-26,54.062416076660156,54.69695146146878,53.681694200292206,53.89320599522841,4655335
2017-07-27,53.554779052734375,54.86615136984626,53.34326728457396,54.654639601685844,7029529
2017-07-28,52.92024612426758,53.639388104749116,52.708734346610704,53.55478145723821,3364038
2017-07-31,53.512474060058594,54.14700932559288,53.047148844149426,53.0894505497024,5526155
2017-08-01,53.38557434082031,54.06241464866938,53.216367491271825,53.72399449474485,2346252
2017-08-02,53.470176696777344,53.72399017812041,52.87794308870119,53.55478011475386,3088278
2017-08-03,51.397361755371094,53.47017781321034,51.016639911700445,53.47017781321034,5498245
2017-08-04,52.20110321044922,52.58182502536844,50.80512429821654,51.18584611313576,2915456
2017-08-07,52.793338775634766,53.216362313172176,52.37031523809735,52.412616946368395,3876935
2017-08-08,53.2586669921875,54.823856104829545,53.08945692225138,53.2586669921875,12125094
2017-08-09,51.98959732055664,53.554783236245136,51.397363677961586,53.17406137833305,4534693
2017-08-10,49.78986358642578,51.94728597187958,49.45144673016411,51.608865888204804,5435430
2017-08-11,47.80166244506836,49.40915326958479,47.547848953674624,49.155336550777406,5706740
2017-08-14,49.11302947998047,49.40914787713322,46.701796733778345,47.25172536721066,6854206
2017-08-16,50.12828826904297,50.50901009125256,48.22468238540843,49.409149559524174,6459649
2017-08-17,49.95907974243164,51.14354695283955,49.66296455353641,50.33980157630657,5109015
2017-08-18,50.509010314941406,51.01663726186005,49.028427954446386,49.49375319369071,5890123
2017-08-21,50.29750061035156,52.24340828983434,50.08598883589879,51.22815112697833,6574776
2017-08-22,49.74756622314453,50.88973168463758,49.32454269535008,50.29749810024267,4384775
2017-08-23,51.35505676269531,51.48196188419757,49.78986777819385,50.001379541444315,4200968
2017-08-24,51.31275939941406,52.11650158587599,50.76282747744297,51.524271180570075,6898559
2017-08-28,52.031890869140625,52.20110091582372,51.43965731945638,51.481959024273856,3574745
2017-08-29,51.65116882324219,52.07419232421455,51.05893527639825,51.98958891498535,5909878
2017-08-30,52.285709381103516,52.708732925007936,51.82038412829136,51.82038412829136,3036384
2017-08-31,51.439666748046875,52.28571390912466,51.143551532635165,52.24341219655353,7096293
2017-09-01,52.962547302246094,53.300967434062706,51.52426981055938,51.86268671496243,5370376
2017-09-04,52.708736419677734,53.258668354180216,51.69347920151132,52.835644782228684,4346647
2017-09-05,52.708736419677734,53.470180140155975,52.28571284772621,53.131759991629266,3034910
2017-09-06,52.497215270996094,53.385563968177486,51.86268002623608,52.37031015849198,3784294
2017-09-07,53.04714584350586,53.385562696200104,52.53951572334487,52.58182065391809,3949893
2017-09-08,53.38557434082031,54.5277367123415,53.04715741430956,53.25866920365895,6040103
2017-09-11,53.34326934814453,53.97780467717261,53.131757571801835,53.97780467717261,3878612
2017-09-12,53.554779052734375,54.23161606536501,53.427873928286196,53.7239891127454,3562146
2017-09-13,52.41261672973633,53.72398904519945,52.20110496184184,53.55477898540117,3490421
2017-09-14,52.497215270996094,52.835635359166695,51.86268002623608,52.75102872341747,2778804
2017-09-15,52.751033782958984,53.13175561181402,51.77808158412217,53.04715219536333,7215193
2017-09-18,52.1588020324707,52.793337321296804,52.03189368374013,52.4549172096242,4519786
2017-09-19,52.83563995361328,53.047151720259116,51.94729117918344,52.285708069368724,5054436
2017-09-20,52.708736419677734,53.68169192613174,52.58183128454051,52.9202482056535,4678059
2017-09-21,51.65116882324219,52.92023932615926,51.22814532226983,52.70872757567308,3388176
2017-09-22,48.98612594604492,51.05893865608216,48.7746141815584,51.05893865608216,6250311
2017-09-25,47.928565979003906,49.15533160179798,47.6324475793465,49.15533160179798,5091711
2017-09-26,47.928565979003906,48.6054029637142,47.8016576323774,48.182379444843605,3826375
2017-09-27,45.85574722290039,48.22467813492275,45.72883888421166,48.09776979623402,7285442
2017-09-28,45.00970458984375,46.32107689762722,44.71358618007753,46.06726342312291,10744794
2017-09-29,45.39043045043945,46.02496580681607,45.26352208819864,45.26352208819864,4043132
2017-10-03,45.43273162841797,46.32108047142838,45.178918134331234,45.94035861659144,3003927
2017-10-04,45.55963134765625,45.77114310549572,45.221214471561076,45.51732964157101,2071170
2017-10-05,45.728843688964844,45.9403554573943,45.26351844390275,45.26351844390275,1832933
2017-10-06,47.67475128173828,47.88626305002889,45.89805371906253,45.89805371906253,5949742
2017-10-09,47.928565979003906,48.9861247761804,47.67474928575089,47.8016576323774,3455859
2017-10-10,48.18238067626953,49.19763779298916,47.970868911428504,48.64770591343712,4372505
2017-10-11,46.321075439453125,48.351589626394485,46.02496026642195,48.30928469246432,4893114
2017-10-12,47.42094039916992,47.6324521790301,46.10956800951952,46.532591569239884,4738073
2017-10-13,49.0284309387207,49.40915278579026,47.46324184019333,47.63245190860353,9198756
2017-10-16,49.32454299926758,49.91677658731159,48.90151946886664,49.197637876595344,4832902
2017-10-17,50.08598327636719,50.84742364342934,48.520794382704125,49.49374972815449,6594452
2017-10-18,50.339805603027344,51.52427290818173,50.255202178693644,50.339805603027344,5342486
2017-10-19,49.95907974243164,50.38210328508968,49.78986967988572,50.33980157630657,818682
2017-10-23,50.08598327636719,50.76282023400461,49.536051432866856,50.21288839050428,2896710
2017-10-24,52.116493225097656,52.24340156439748,50.25519243145449,50.339795839378944,7176012
2017-10-25,56.68515396118164,58.081132924325374,51.439661456604526,52.497220299163885,23569491
2017-10-26,65.10331726074219,66.11857758342646,55.07766111004835,56.685151779845114,56220145
2017-10-27,67.64146423339844,70.4334222936356,63.41122866020711,65.14562782714644,70823661
2017-10-30,67.55685424804688,69.0374365547879,66.9646239072811,68.14909104363925,20636166
2017-10-31,65.99166870117188,68.48750487140093,64.29957463191106,67.5568544242728,17455197
2017-11-01,68.825927734375,70.47572339091481,66.16087817752367,66.33009146412685,24383128
2017-11-02,67.51455688476562,69.122041109067,66.88002159996455,68.40290241059111,9323835
2017-11-03,73.521484375,74.02911127563912,67.2607353875807,67.81066721945069,40551954
2017-11-06,71.11026763916016,74.2829445453423,70.64493911098904,73.18308063593474,32648963
2017-11-07,66.71080017089844,72.50622044003174,65.73784489539118,72.12550189757609,22828273
2017-11-08,65.01871490478516,67.89527618359114,64.38417961334973,66.41469383690846,15130700
2017-11-09,66.28778076171875,67.51455277726153,64.80719852059308,66.16087242151414,12745631
2017-11-10,68.69902038574219,70.64493125370312,66.11858066194623,67.9798816579573,27075231
2017-11-13,66.66851043701172,69.33355349324555,66.24548691001247,69.12204172974593,11730493
2017-11-14,67.51455688476562,68.61441417219147,66.07627303298715,66.62620490411342,11020467
2017-11-15,64.13037872314453,67.42995755599387,63.538141825197116,67.42995755599387,9983153
2017-11-16,65.4417495727539,65.8224746853232,63.3689365164677,64.55340388641461,13503430
2017-11-17,66.58391571044922,68.52982695912098,65.99168521989428,65.99168521989428,13877597
2017-11-20,68.91053009033203,69.79888208056079,65.65325021753787,66.37238892376618,20144777
2017-11-21,70.17961120605469,71.44868197979766,67.93759133630432,69.33356402355938,28328519
2017-11-22,69.07975006103516,70.47572912873811,68.78363485390481,70.47572912873811,9150647
2017-11-23,69.58737182617188,70.64493066851492,68.52981298382883,69.12204335361017,9971389
2017-11-24,69.71427154541016,70.47571510857199,68.99513291263415,69.71427154541016,8680679
2017-11-27,69.20664978027344,69.798880120578,68.74132133087228,69.46046001690685,8833776
2017-11-28,68.36060333251953,70.01039247662412,68.06448170501085,69.16434543763168,15988588
2017-11-29,66.11857604980469,68.5298087711579,65.78015595009292,67.8952735047583,12334779
2017-11-30,64.97640991210938,66.2877788434035,64.76489816949811,65.7801519521017,13066888
2017-12-01,66.20318603515625,68.74132735279802,65.90707083906348,66.49930123124902,22609615
2017-12-04,65.73784637451172,67.30303841828785,65.35712782348978,66.75310660194701,7947261
2017-12-05,66.20318603515625,66.58390465087165,64.63800018024259,65.39944386650055,11077464
2017-12-06,64.25727844238281,65.69556246987224,63.87655980692156,65.56865410644266,7420428
2017-12-07,66.62619018554688,67.00690869039131,64.46876811189429,64.51107303679936,7676266
2017-12-08,69.12203979492188,69.79888000110566,67.85296924944723,68.65671780114378,19738386
2017-12-11,68.78362274169922,70.17959510875602,68.57211099459046,70.17959510875602,9839421
2017-12-12,67.89527130126953,69.96808385563945,67.6414546210165,68.6567148872023,9662865
2017-12-13,66.37238311767578,68.78362217884559,66.07626796511187,67.89527026632764,10628915
2017-12-14,65.6109619140625,67.09154449086752,64.21498276496649,66.66852089749466,10712969
2017-12-15,66.16088104248047,67.26074486113428,65.90707078382532,66.83772130854854,8849068
2017-12-18,67.34535217285156,68.36061263062975,63.24202476658701,64.7226072862061,13514024
2017-12-19,70.39112091064453,70.64493763978436,67.47226079967429,67.81068095358488,18088874
2017-12-20,71.53327178955078,72.463922138188,70.22189644272612,70.64491991527267,20527723
2017-12-21,73.4368896484375,73.52149306607406,71.82939889403474,71.9140023116713,15037252
2017-12-22,72.29472351074219,74.15603103962309,71.78709653189367,73.35228240618797,10536115
2017-12-26,76.5672607421875,76.82107744812554,72.92925571615278,72.92925571615278,27399707
2017-12-27,77.07489013671875,78.8092892875492,75.8481244138182,76.73647000304119,22925546
2017-12-28,78.47086334228516,79.02079521192958,77.4979079505799,77.92093147264073,18685004
2017-12-29,77.96324157714844,79.31691564655083,77.45561460797595,78.76698374043598,10816220
2018-01-01,78.4285659790039,80.20527010702932,78.17475571416264,78.34396255739014,11912572
2018-01-02,77.70942687988281,79.31691770296163,76.14424099484316,79.02080250116937,10713163
2018-01-03,79.35922241210938,80.1206596559998,77.49791487581864,77.66712817265994,15846529
2018-01-04,82.82801055908203,83.4202409341245,78.97849375682509,79.86684577421576,23392017
2018-01-05,82.40498352050781,83.75865750230703,81.9819599977689,82.99721387041163,19505394
2018-01-08,83.5894546508789,85.83147426417025,82.82801098276721,82.82801098276721,15714606
2018-01-09,82.87030792236328,84.5201035817155,82.48958932280418,84.22398839818877,10358156
2018-01-10,83.2933349609375,84.05477864691137,81.72814910660779,83.33563989814661,9336838
2018-01-11,83.33563995361328,83.97017528320933,82.78570804366461,83.25103653396592,7042701
2018-01-12,83.4625473022461,84.35089288005277,82.61650020633853,83.42024236551988,9484352
2018-01-15,84.90081787109375,85.53535314136326,83.46254050708018,83.88556402059318,18763230
2018-01-16,79.78224182128906,85.1546394610758,78.2593545030821,84.98542617303784,18073465
2018-01-17,81.64353942871094,82.10886788303321,77.28639587807865,79.99375028125314,11888951
2018-01-18,78.09016418457031,82.44730238206836,77.54023217809312,81.93967532025414,16245856
2018-01-19,78.93619537353516,79.65533410264332,76.90568108471498,77.75172816715448,12912880
2018-01-22,78.21703338623047,79.06308028691366,77.49789481161488,78.97847688781046,4967870
2018-01-23,81.9396743774414,83.25105018896517,78.38627853079954,78.38627853079954,22670874
2018-01-24,79.65533447265625,81.55894041698768,79.40151776481459,81.05131345613137,7800926
2018-01-25,79.48611450195312,81.5166286295477,78.93618910589387,79.61302284520775,19732610
2018-01-29,77.70942687988281,80.75519522871109,77.32870825683952,79.78224620208326,7819606
2018-01-30,77.07489013671875,78.64007599329685,76.77877494031108,77.62482204709137,8525052
2018-01-31,75.21358489990234,77.2863976142809,74.11372114033811,76.52495396956927,13643595
2018-02-01,75.59430694580078,76.94798101218092,72.84465387619261,75.72121530151735,13593547
2018-02-02,70.72953796386719,74.28293974191064,69.37586386239565,74.28293974191064,13852493
2018-02-05,71.74478912353516,72.76004295492918,66.54159871428133,68.52980789941003,11446302
2018-02-06,71.02564239501953,71.70248257053623,65.18792331419974,65.99166537465281,20127433
2018-02-07,70.09498596191406,72.92924185015404,69.75656590328263,71.91398812908548,9171593
2018-02-08,72.76004791259766,73.394583214161,70.39111353816372,70.56032682481008,10365411
2018-02-09,79.48611450195312,79.90913800958423,71.15255269258574,71.53327772234962,44334778
2018-02-12,80.67059326171875,83.16643618999451,80.28987463181218,80.67059326171875,28901756
2018-02-14,79.147705078125,82.61649673461444,78.9361933130363,81.81274815438127,17516122
2018-02-15,78.09016418457031,81.30513987927928,77.37101885426951,79.73995374917362,15883683
2018-02-16,74.79055786132812,79.35921306043777,74.32522941838283,78.68237286248578,14791218
2018-02-19,73.85991668701172,75.04437749963455,72.37933421640587,74.87517065635338,10594319
2018-02-20,73.1830825805664,75.59431580237094,72.97157078120061,74.4098484349569,13426339
2018-02-21,71.19486236572266,73.9868138290915,70.51802212651553,73.52149181261015,11068826
2018-02-22,70.98334503173828,72.16781213005854,70.17959650385157,70.64492493867158,14241257
2018-02-23,73.64840698242188,74.11372904198109,71.1525640172629,71.66019101624909,17567924
2018-02-26,73.1830825805664,76.05964434290685,72.63315061124976,74.11373320681035,19196570
2018-02-27,71.27947998046875,73.85992664477901,70.77185292735983,73.64841483474794,14511936
2018-02-28,70.39112091064453,70.9410528538958,69.37586690374033,70.56033421501361,13081341
2018-03-01,68.44522094726562,71.78710486276812,68.23370914363058,70.39112566781122,12875529
2018-03-05,66.03398132324219,67.2607470843593,64.341887056969,67.09154023966293,30548637
2018-03-06,64.08806610107422,68.31830148728373,63.28432395962518,67.17613922397256,21766297
2018-03-07,62.39597702026367,64.17267473597687,61.80374659996843,63.791956102191,15117029
2018-03-08,62.861289978027344,63.876543720125476,61.084586247116796,62.945893380731206,10458364
2018-03-09,58.80027389526367,64.08806831030537,58.461853761735576,63.115112846972266,30055967
2018-03-12,61.211509704589844,61.54992985385834,58.546459904488216,59.85783556234333,19443718
2018-03-13,61.42301559448242,62.94590289258129,60.19624993283328,61.296107243836374,13828988
2018-03-14,61.465328216552734,62.31137538689805,60.40776925362109,60.91539626486275,11617713
2018-03-15,63.70735168457031,64.59569730115292,60.915393564276684,60.915393564276684,15288023
2018-03-16,61.6345329284668,64.42649107558826,61.380722659073214,63.41123063353162,11625680
2018-03-19,58.29264831542969,61.76144024362683,57.15048598545137,61.76144024362683,22155007
2018-03-20,61.12691116333008,61.3384229666634,57.40430213369801,57.5312105066636,24587743
2018-03-21,61.04229736328125,62.56517821568198,60.365457125663,61.71913114607261,15705185
2018-03-22,62.353668212890625,62.60748492288722,60.61927554400418,61.296109345949965,13462988
2018-03-23,58.12343978881836,60.238557779020304,56.81207050778986,60.238557779020304,29849099
2018-03-26,60.45005416870117,60.830779182783516,57.82730982038078,58.16572990351191,14151527
2018-03-27,61.93063735961914,62.77668435335616,60.95768848068262,61.29610211431638,11204504
2018-03-28,59.39250564575195,61.21150825708092,58.969482082876716,60.91539305403372,10434916
2018-04-02,61.803741455078125,62.26906347376624,59.688623766058704,60.661572739146095,8880959
2018-04-03,63.411224365234375,63.70734599916263,60.957693062827914,60.957693062827914,12472759
2018-04-04,61.169193267822266,65.0187027783406,60.83077321787572,64.25725927966728,15749781
2018-04-05,63.6650505065918,63.96116572961039,62.43828467344571,63.199721974114176,12683260
2018-04-06,64.00345611572266,64.38417467947808,62.48056895104841,62.903592446255004,12229911
2018-04-09,63.53813552856445,64.68029781557993,62.9882036259786,63.707348820420826,8044370
2018-04-10,64.76490020751953,65.56864227280401,64.21496836845978,64.637991866994,12787778
2018-04-11,65.18792724609375,65.65324924685497,64.46878209567123,65.23022572534839,8231775
2018-04-12,62.60748291015625,64.97641727787669,62.31136772789791,64.93411234262827,8847782
2018-04-13,64.89180755615234,65.48404437685366,62.81899482076492,63.11511000370214,16417194
2018-04-16,65.73784637451172,65.90705963983063,64.29956912084431,64.59568426661983,10049142
2018-04-17,65.4417495727539,66.4993085718444,64.46879400262507,65.99168154324653,9157249
2018-04-18,65.39945220947266,65.949377734587,64.93412365994575,65.52635412768183,6562102
2018-04-19,68.36060333251953,68.78362685201574,65.78015728166194,66.07627245434396,25745591
2018-04-20,67.4299545288086,68.10679482326894,66.37239560298144,68.10679482326894,11881686
2018-04-23,67.30306243896484,68.19140819334483,67.00694073267648,67.47226930984816,9298555
2018-04-24,66.71080017089844,67.17612857152285,65.61094301778991,66.20317329601558,7614662
2018-04-25,65.6109619140625,67.09154449086752,65.10332843815283,66.45700910080822,5836252
2018-04-26,64.25727844238281,66.11858604475252,63.79195638291101,65.44174574301309,12406481
2018-04-27,65.4417495727539,65.94937660135176,64.38419057366342,64.68030580244317,8120654
2018-04-30,65.695556640625,66.54160371531476,64.34188261208678,65.695556640625,6564870
2018-05-02,61.761436462402344,66.24548854091849,61.54992469369549,65.82246500350477,14506894
2018-05-03,61.84603500366211,62.52287519210023,60.19624591973052,61.59222477411763,11677967
2018-05-04,61.211509704589844,62.4805804232261,60.99999791815047,61.80374657951658,7385174
2018-05-07,63.45353317260742,63.665044949849445,61.50762224004992,61.71913401729195,8883807
2018-05-08,64.51109313964844,65.23023190335446,62.60748711257684,63.876557797291234,9535826
2018-05-09,63.96116256713867,65.39944657970149,63.66504735876108,64.0457659902712,8443016
2018-05-10,61.42301559448242,64.80720385263382,61.211503828347965,64.29957690487647,9756840
2018-05-11,62.099857330322266,62.818996061610996,61.423017080387574,61.84604062289001,12701873
2018-05-14,61.5499267578125,62.903600831967346,60.66157471752147,62.311370441658084,6906713
2018-05-15,62.649803161621094,64.46879963511599,61.33842730624584,61.42303074259912,14077126
2018-05-16,62.43826675415039,63.28431369415337,61.253799747181034,62.35365689628937,6715824
2018-05-17,64.76490020751953,65.48403886406244,61.84603419473762,63.36892137139134,15136108
2018-05-18,62.269065856933594,65.23023073489074,61.97295066010331,65.14562731505741,13435175
2018-05-21,60.788482666015625,62.945905346628464,60.576970891635035,62.522881797867285,8065908
2018-05-22,61.38071060180664,61.846032565036815,60.32315188333875,60.9153821837503,7368030
2018-05-23,57.91191864013672,61.25380839801698,57.658108395185906,61.08459511322296,13267268
2018-05-24,59.138694763183594,59.434809963137695,58.165739287768204,58.5887628462247,8935978
2018-05-25,61.338417053222656,61.76144061910695,59.223299223801185,59.30790264601257,8797869
2018-05-28,64.04576110839844,64.2149743965927,61.5922297504376,61.93064341717224,9176677
2018-05-29,64.89180755615234,65.23022767443497,63.28432329025689,63.622736953712646,9455624
2018-05-30,65.82246398925781,66.41469435058067,63.2843228038853,64.63799681178527,16141703
2018-05-31,64.25727844238281,67.68377198084404,63.96116323093212,67.38765676939335,26942353
2018-06-01,61.12691116333008,65.10333048406534,60.11165708926132,63.876564606663266,24478761
2018-06-04,63.876556396484375,64.46878678776595,61.338415082716786,62.522882320107094,24106642
2018-06-05,64.04576110839844,64.63799793483794,62.6074836602954,63.32662238434692,15835111
2018-06-06,65.39945220947266,65.56865907030354,63.622747896608495,64.04577150351368,14758010
2018-06-07,70.05269622802734,70.43341480721682,65.61094934829295,65.82246110447078,35460076
2018-06-08,70.94104766845703,71.36407121621745,68.40290638189451,69.79888538046932,33468439
2018-06-11,73.2676773071289,73.6060974368846,70.68723753424932,71.23716298342184,23476694
2018-06-12,75.55200958251953,76.82108024882281,71.99860784397403,73.6060986455903,39145746
2018-06-13,74.3675308227539,77.07487857645168,74.0714156707598,75.29818120966088,26560260
2018-06-14,73.05615997314453,75.0443692087647,72.37932621996883,73.90220700573411,25258386
2018-06-15,72.37932586669922,74.15602333550028,71.11025532400895,73.01386113804435,18465060
2018-06-18,73.56379699707031,73.85991866297543,70.64493691600471,72.46393957666373,15777407
2018-06-19,70.39112091064453,74.57905821248637,69.9257988469916,73.39459090121309,24312033
2018-06-20,71.44866943359375,71.70248612570389,70.01039205784066,70.34881216237862,17349352
2018-06-21,69.75658416748047,72.12551874332718,69.5873773212746,71.87170201919095,12169547
2018-06-22,70.98334503173828,71.23715526041852,69.4181593629845,69.79887793341803,12473728
2018-06-25,69.41817474365234,71.32178092724617,68.99515114729816,70.68724553271488,9125610
2018-06-26,69.16434478759766,69.84118499436106,67.89527424103623,69.24894819973643,13124032
2018-06-27,68.02218627929688,69.50276866399315,66.33009212535829,69.33355537570313,11322802
2018-06-28,68.57211303710938,69.2066482973362,67.26073758404335,67.85296791165781,13524050
2018-06-29,70.22190856933594,71.19486401517769,68.91053299605005,68.91053299605005,14327798
2018-07-02,67.85298156738281,70.39112311910279,66.49930736409772,70.30651969167768,12184278
2018-07-03,68.1067886352539,69.03743911445972,66.88002297468628,67.59916168794409,9587521
2018-07-04,67.93757629394531,68.78362328911362,66.66850580119286,68.10678311104844,11497091
2018-07-05,66.49930572509766,67.93758977518642,66.07628214357054,67.93758977518642,9006670
2018-07-06,68.06449890136719,68.95285109868027,65.99168571407436,66.49931277475544,12298564
2018-07-09,68.99514770507812,69.7142864920363,68.69902603854167,69.37586634087143,10140958
2018-07-10,68.65673065185547,70.68724519563847,68.44521885468698,69.37586947126276,15730993
2018-07-11,65.48404693603516,68.48751027295796,65.23023022369706,68.48751027295796,16423717
2018-07-12,63.15740966796875,66.9646211575403,62.73438616912747,66.33008590927837,21446886
2018-07-13,63.28432083129883,64.2149712792948,62.607480621032686,63.96115458673834,14276882
2018-07-16,60.02703094482422,63.36892040518551,59.81551919878209,63.07280525169179,9378133
2018-07-17,61.67683792114258,62.480580123829824,59.60401855107281,60.2808588463665,11383896
2018-07-18,60.15394592285156,62.311368552535264,59.09638707591385,62.09985678314772,12893598
2018-07-19,60.45005416870117,62.01524624632936,59.51940378121022,60.45005416870117,11767775
2018-07-20,60.32316207885742,60.87308754154544,59.09638988519608,60.40776549966886,10171320
2018-07-23,61.42301559448242,61.88834406190898,59.519409699272266,60.32315828347933,8990664
2018-07-24,63.03050994873047,63.453533505433356,61.33841572191891,61.33841572191891,9755198
2018-07-25,63.199710845947266,64.55339126395319,62.35366381210686,63.11510743352854,9472097
2018-07-26,62.353668212890625,63.70734872643633,62.09985795772111,63.453532016439745,9163772
2018-07-27,63.791954040527344,64.3418859586442,62.522883362485665,62.81899856306327,10503151
2018-07-30,65.3148193359375,65.52633106494613,63.49582363032378,63.91884708834105,11291859
2018-07-31,65.56865692138672,65.82247365914255,64.38418956990579,65.31484018363088,10691545
2018-08-01,65.01871490478516,66.37238890221539,64.08806443497855,65.8647619600324,12845984
2018-08-02,67.64146423339844,68.36060944470275,63.74964879702786,64.72260426982731,19762943
2018-08-03,66.88002014160156,68.74132102116715,66.16087500398041,68.57211419750722,21495260
2018-08-06,66.0762710571289,69.37585573039341,65.44173579130214,67.64145675520297,27937451
2018-08-07,67.4299545288086,67.89528303810351,64.38418611339186,66.37239560298144,25934551
2018-08-08,67.0915298461914,68.40289882650623,66.58389648108748,67.59915675646897,11484974
2018-08-09,68.19139099121094,68.74132286509706,67.0069238293393,67.13383217790175,12651519
2018-08-10,66.20318603515625,68.99514406649307,66.033979195911,68.31830379985773,9936139
2018-08-13,65.14562225341797,67.13383151174526,64.637995319032,65.73785260106382,9154120
2018-08-14,65.48404693603516,66.33009403739264,64.84951161001703,65.14562680452673,7803305
2018-08-16,62.98820114135742,64.72260019921482,62.3113673651114,64.72260019921482,11227765
2018-08-17,64.17266845703125,64.80720375447353,63.28432291350815,63.622736574949236,7358973
2018-08-20,65.7801513671875,65.94935817784148,64.00345403601646,64.46877599272793,9973622
2018-08-21,65.48404693603516,66.62620923190234,65.10332186752801,65.9493689688855,8109774
2018-08-23,64.00345611572266,65.69555009654903,63.58043262051606,65.61094668847296,7041369
2018-08-24,63.791954040527344,64.51109280045218,63.03051034273688,64.04576430323932,15634801
2018-08-27,65.5263442993164,65.99167277904819,64.6379987309562,64.6379987309562,11945580
2018-08-28,65.90706634521484,66.33008986931144,65.14562271087563,65.82246293136087,10285820
2018-08-29,67.76836395263672,68.69901436913663,65.69555136794025,65.90706311963689,19359991
2018-08-30,68.61441802978516,69.29125828688986,67.51456068052387,67.68376751738651,16385082
2018-08-31,67.55685424804688,68.78362631795683,66.9646239072811,68.19138952236446,9919717
2018-09-03,67.64146423339844,68.74132806435908,67.00692889741974,67.26074561374212,9341685
2018-09-04,64.46878814697266,68.14909829339001,63.961161164482185,67.85297663667889,10776691
2018-09-05,64.59568786621094,64.97641289327483,62.26905859073963,64.29957270393442,14563332
2018-09-06,64.80722045898438,65.65326774031531,64.00347812365139,65.31484753681724,6541395
2018-09-07,66.11857604980469,66.79540979440169,64.38417707304848,65.01871233944809,7892140
2018-09-10,64.93409729003906,66.83770274805323,64.72258557248193,66.58388610505453,9701458
2018-09-11,63.03050994873047,65.35713951059635,62.776693232777845,65.06102431186979,8272862
2018-09-12,63.411224365234375,63.87655282869866,61.46532000626281,63.45352930003178,10997233
2018-09-14,65.73784637451172,66.20317478560615,64.0034539750688,64.21496571559788,12672902
2018-09-17,66.0762710571289,66.71080632295568,64.38417701492419,65.18792555786735,8056833
2018-09-18,64.2995834350586,66.83772488644249,63.87655985982795,66.20318952359652,6930620
2018-09-19,65.35712432861328,67.17612649086021,64.46877248396397,64.80719254167921,12159197
2018-09-21,64.2995834350586,68.27600246029569,59.64632410752146,65.99167773598118,23483890
2018-09-24,62.01525115966797,64.93411089142342,61.67683104972453,64.29957560583948,8866200
2018-09-25,63.45353317260742,63.7919533071601,61.16920856032443,62.184462509155274,13521954
2018-09-26,64.46878814697266,65.18793336489706,63.326625822662265,64.21497788314106,9448536
2018-09-27,62.77668380737305,64.93410620456936,62.52287358435517,64.72259445797468,10716532
2018-09-28,57.74271774291992,63.32662761830273,57.36199910896352,63.32662761830273,18975150
2018-10-01,58.37725067138672,58.5887624491816,54.316221955794155,57.658111917849574,14518906
2018-10-03,58.3349494934082,60.365463982065016,57.53120726791978,58.25034606780326,12102431
2018-10-04,58.5887565612793,60.153942268701954,57.27738108880741,58.20803798143987,17547538
2018-10-05,55.75450897216797,59.096392662478976,55.07766866421324,57.65811507660963,11808545
2018-10-08,54.570037841796875,56.38904039415553,52.920245354585425,55.03536632780506,13774219
2018-10-09,53.76629638671875,56.13522778986171,52.285713856327675,55.07766883958237,22423331
2018-10-10,56.51594924926758,57.02357622178122,53.04715417904577,53.04715417904577,11204682
2018-10-11,54.90845489501953,56.34673229963571,53.977801202570596,54.99305830914518,10606784
2018-10-12,56.30443572998047,56.85436116786544,55.03536511056537,55.41608371445912,14456332
2018-10-15,56.72745895385742,57.10817755563086,55.33147998930995,56.3044354164083,7867758
2018-10-16,57.150482177734375,57.74271254498293,56.81206205866653,56.98126889078701,4844056
2018-10-17,55.28917694091797,58.12343344760838,54.99306174556114,57.91192167166391,7246190
2018-10-19,55.331478118896484,56.26212857885965,54.612339420507986,55.24687470523197,7536449
2018-10-22,54.44313430786133,56.00832028741374,54.02011072123486,55.66990658197471,6162558
2018-10-23,54.27391815185547,54.78154507782755,52.83563755838352,53.723986292541305,5594547
2018-10-24,54.866153717041016,55.24687878891347,53.97780489824607,54.95075713695917,5049788
2018-10-25,53.21636199951172,54.86615120425291,52.75103352903247,54.10471077762162,6817127
2018-10-26,53.470176696777344,54.14701372283002,52.28570948062503,53.3009666334108,6647607
2018-10-29,54.95075225830078,55.50068412118527,53.34326483067733,53.51247488290435,5444882
2018-10-30,55.28917694091797,55.839108849339006,54.443129837140106,54.90845832614879,4726655
2018-10-31,54.527732849121094,55.839108432109036,53.554780623494594,55.62759665774499,9724401
2018-11-01,56.81206512451172,57.108180324115764,54.69694733472966,54.90845911370786,9616801
2018-11-02,58.84257507324219,60.15394413149686,56.938969205442746,57.488894625612296,14945941
2018-11-05,56.26212692260742,58.8002679867852,55.45838483421507,58.71566457561124,17712848
2018-11-06,56.00831604003906,56.85436314913226,55.50068906554858,56.600552889300616,7149775
2018-11-07,56.34673309326172,56.515946378723065,55.83910614653135,56.515946378723065,867966
2018-11-09,55.75450897216797,56.47364776510264,55.162272089000695,56.34673940050769,7049834
2018-11-12,55.58528518676758,56.72745379793067,55.33147496026294,55.92370527693345,7902084
2018-11-13,54.781551361083984,55.712201907913,54.44313122001144,55.33148328347345,6584900
2018-11-14,54.27391815185547,55.62759210605655,54.1470098066558,55.37377541565722,6510576
2018-11-15,54.69694519042969,55.077663795734146,53.766291462962094,54.273921649057186,5209022
2018-11-16,54.23162078857422,55.07766793490089,53.7662955035773,54.696949300984876,5844982
2018-11-19,54.40082931518555,54.86615133192067,53.97780255174368,54.147012611637734,4582080
2018-11-20,52.793338775634766,54.358524573557816,52.58182700686606,54.358524573557816,8516248
2018-11-21,52.37031555175781,52.877942508877645,51.8626853672245,52.877942508877645,9851988
2018-11-22,51.18585205078125,52.8779463334517,51.01664197703146,52.45492276278409,7715525
2018-11-26,49.11302947998047,51.35505540199621,48.43619250099508,51.18584535039654,13066297
2018-11-27,48.055477142333984,48.986130937349095,47.29403664904569,48.986130937349095,18527237
2018-11-28,46.87100601196289,48.351588291055776,46.61718932504495,48.351588291055776,9116552
2018-11-29,46.321075439453125,47.84395946595248,46.06726197293879,47.378634239440636,14548304
2018-11-30,46.786399841308594,47.25172505961862,46.06726116095794,46.53258637926797,11029301
2018-12-03,47.97087478637695,48.478501793198674,47.46324455214143,47.84396642096463,10011251
2018-12-04,47.04021453857422,48.182379988868966,46.955611124810176,47.92856652016348,8123745
2018-12-05,44.88279342651367,46.74409750193773,44.67128167311124,46.5325857485353,12252439
2018-12-06,44.88279342651367,45.559630391918816,43.656024611296914,43.9944447077061,11248152
2018-12-07,43.14840316772461,45.30582268062811,42.72537960725672,44.75589398846804,19899203
2018-12-10,42.34465408325195,42.852284248216264,41.752420504500265,42.55616584513374,10983541
2018-12-11,42.89458084106445,43.275302612543335,41.45630038626255,41.540903789963195,9644336
2018-12-12,44.290565490722656,44.755893989175604,43.0637997472773,43.14840316840676,9387268
2018-12-13,43.444515228271484,44.967402517789864,43.14840004831702,44.459772345479266,11997268
2018-12-14,43.35991287231445,44.07905159971916,42.852285915018605,43.4445162893926,7413105
2018-12-17,44.33286666870117,45.009703662573244,43.571423033461734,43.95214485108146,12549963
2018-12-18,44.96739959716797,45.178911348373056,43.909840841142504,44.24825770662274,9117715
2018-12-19,46.10956573486328,46.447985856910236,44.75589170150241,45.22121694875687,12921473
2018-12-20,45.17891311645508,46.23647191386823,45.05200476980017,45.81344839490296,10448378
2018-12-21,44.75590133666992,46.194179096472,44.417481141766984,45.052016586649366,9680021
2018-12-24,43.95214080810547,45.094302928488474,43.57141902550678,45.009699522316794,10175352
2018-12-26,44.459774017333984,44.62898408113379,42.76767983416304,43.86754040774145,20334912
2018-12-27,43.5714225769043,45.05200489747871,43.275307403754745,44.840493137396656,38066993
2018-12-28,46.236473083496094,46.44798484832926,43.825237027949925,43.952145377815185,22567783
2018-12-31,47.67475128173828,47.928567985617775,46.532589023934364,46.57489073210979,21021929
2019-01-01,47.16712951660156,48.05547839564672,46.913316012219205,47.97087496999054,9872769
2019-01-02,45.686546325683594,46.70180355618154,45.47503453713877,46.10956990277326,12322286
2019-01-03,44.37517166137695,45.72884574935204,44.24826330363583,45.601940619024525,8541801
2019-01-04,44.96739959716797,45.221213053131436,43.909840841142504,44.375166048311065,12729595
2019-01-07,45.17891311645508,45.94035351414455,44.84049301031754,45.644238341834196,7375254
2019-01-08,45.98265838623047,46.10956674162237,45.05200787140168,45.47503141948995,8420840
2019-01-09,44.20596694946289,46.49029507367391,44.036756861111336,46.109573181736415,14003107
2019-01-10,44.37517166137695,44.67128685955475,43.952148105458036,44.50207679170446,7453857
2019-01-11,44.163658142089844,44.755891742507885,43.90984466402882,44.41747162015087,7675807
2019-01-14,42.76768112182617,44.24826357667861,42.64077599071557,44.24826357667861,11502355
2019-01-15,43.190696716308594,43.571418494265366,42.76767323578174,42.93688327347509,10317578
2019-01-16,42.640769958496094,43.44451202406862,42.59846502669698,43.359908615296725,10092890
2019-01-17,42.21775436401367,42.97919486776067,42.048544287376416,42.80998479112341,13023795
2019-01-18,42.04853820800781,42.683073483096216,41.879328155834905,42.30235167256051,9014258
2019-01-21,41.75242614746094,42.51386988411205,41.62552100962829,42.21775466842206,7737176
2019-01-22,40.82176971435547,41.71011846162043,40.060326086749306,41.6678167550675,13038400
2019-01-23,41.075584411621094,41.5832145877038,40.69486258641242,40.86407264510666,8867064
2019-01-24,40.82176971435547,41.41400328833655,40.6525596607304,41.16018982160561,6284815
2019-01-25,39.97572326660156,41.45630560980903,39.76421150328621,41.03328208317832,9383714
2019-01-28,39.045082092285156,40.01803449866478,38.57975352030561,39.8911293469183,8158462
2019-01-29,39.087371826171875,39.59499873235842,38.53743998829216,38.8335583730786,7592718
2019-01-30,40.01802444458008,40.48334967223767,39.34118745640418,39.38348916302517,9742271
2019-01-31,39.76421356201172,40.73716901460083,39.5527017877457,40.229538819914254,11039580
2019-02-01,39.129676818847656,40.52565576929624,38.74895499350591,40.187235651789486,11071914
2019-02-04,38.70664978027344,39.171974979143826,37.73369445111552,39.087371571135805,9813307
2019-02-05,38.36823272705078,39.21427978367738,37.818304076691525,38.62204942596947,8388731
2019-02-06,40.01802444458008,40.44104796561668,37.691395078878756,38.706652174849275,11978877
2019-02-07,41.160194396972656,41.54091302568308,39.806517044910635,40.61026246841407,13951698
2019-02-08,37.94520950317383,42.04853969718208,37.22607079023689,42.00623798949404,33638859
2019-02-11,37.90290451049805,38.36822970956429,37.268369267931405,37.90290451049805,17945762
2019-02-12,40.01802444458008,40.567956312892996,37.64909337225776,38.029815186673375,31711149
2019-02-14,39.129676818847656,39.38349029327101,38.1567214015758,38.833561636589316,16576884
2019-02-15,37.98751449584961,39.25658509289474,37.4798843205835,38.91816497605067,12497651
2019-02-18,37.60679244995117,39.17197821946425,37.437582392524874,38.49514121717247,13908398
2019-02-19,39.087371826171875,39.59499873235842,37.69139299303914,37.77599962901234,20738522
2019-02-20,40.52565383911133,41.03328076378042,39.087373249331215,39.25658330002534,26058078
2019-02-21,41.45630645751953,41.62551651711455,40.018025792082085,40.187235851677094,23364372
2019-02-22,41.66781997680664,41.79472833369128,41.0332846472106,41.45630820027463,15246464
2019-02-25,41.11788558959961,42.6407728708105,40.77946870398538,42.048539286718864,20367117
2019-02-26,41.075584411621094,41.49860794464997,39.510398630379626,40.61025917077202,21504680
2019-02-27,41.03327560424805,42.175437654844444,40.77946217382806,41.32939073516923,17735057
2019-02-28,40.82176971435547,41.49860670144243,40.441047900552384,41.033281474533474,16924212
2019-03-01,44.290565490722656,44.71358905119723,41.371705505379,41.456308926508456,54034849
2019-03-05,46.574886322021484,46.82869977445441,44.20595538695895,44.417467135221905,31584607
2019-03-06,46.91331100463867,47.88626320548598,46.4479857583714,46.955612712951435,26836423
2019-03-07,46.02496337890625,47.3786374434685,45.85575331398258,46.91331218548857,19411858
2019-03-08,45.263519287109375,46.02496295860559,45.009705805748474,46.02496295860559,13899445
2019-03-11,46.574886322021484,46.87100470603752,45.432724172366754,45.64423592062971,16416362
2019-03-12,46.532588958740234,47.37863603071733,46.236473774513634,47.08252084649072,15523904
2019-03-13,44.54438018798828,46.532589541049546,44.07905171064699,46.532589541049546,24907096
2019-03-14,44.5866813659668,45.47503014660381,43.65602764977427,44.671284782250915,19319757
2019-03-15,43.61372375488281,45.13660776353513,43.19070023984532,45.09430605751404,31665508
2019-03-18,45.263519287109375,45.94035631320961,43.19070327240391,44.12135700727856,28497967
2019-03-19,45.34811782836914,46.61718832611171,45.052002669861146,45.81344625947195,22914664
2019-03-20,44.88279342651367,45.60193532452988,43.9944447077061,45.34811863851638,20218086
2019-03-22,43.82524108886719,45.51733536432471,43.65603101583869,44.92510172243184,18455694
2019-03-25,42.26005554199219,43.61372968314712,42.09084546749439,43.61372968314712,22061795
2019-03-26,42.85228729248047,43.021494132075816,42.38695880135249,42.68307722547153,13337489
2019-03-27,42.51386260986328,43.86753654627671,42.34465256095829,43.14839787269706,20009857
2019-03-28,42.89458084106445,43.23299768328003,42.386950736621614,42.5561607714359,22880350
2019-04-01,46.574886322021484,47.928563447352325,46.19416452966552,46.2787711654186,28749874
2019-04-02,47.50554275512695,47.92856627662439,46.06726213655302,46.871007472880805,22648149
2019-04-03,48.69001007080078,49.705267238603916,48.01317303473655,48.22468481021997,45414284
2019-04-04,49.197635650634766,49.620659161895894,47.42093496689006,48.77461213937364,42400816
2019-04-05,50.12828826904297,50.38210174137823,49.07072944480156,49.83217308922074,34061676
2019-04-08,49.91678237915039,50.932039615395524,48.94382685537093,50.593619460842554,28542275
2019-04-09,49.78986358642578,50.00137533186924,48.43618970655287,49.9167719246571,21779368
2019-04-10,49.0284309387207,50.509013389336175,48.774617449812204,49.113034359219,21357805
2019-04-11,48.01317596435547,49.36685011908104,47.71706075157606,49.07073490630163,17667620
2019-04-12,48.22468185424805,48.52079703080879,47.590146566692155,48.14007844020595,16971322
2019-04-15,49.83217239379883,50.255195917591976,48.309285126212785,48.43619347431608,27820612
2019-04-16,49.66295623779297,50.12828141131839,49.324536169367406,50.08597970961844,17623937
2019-04-18,48.52079772949219,50.00138008844251,47.50554383671413,49.91677667318214,29811796
2019-04-22,47.88626480102539,48.52080012909947,47.63245131527847,48.3938949999328,16966325
2019-04-23,46.236473083496094,48.224682381962516,45.982656383765566,47.80165885229618,20596128
2019-04-24,47.75935745239258,48.266984400296046,45.728843205951854,46.405680212294286,23743401
2019-04-25,47.75935745239258,48.14007927702689,47.2940322122455,47.590147393953615,22828340
2019-04-26,47.97087478637695,49.493759034255916,47.71706128296609,47.97087478637695,32374526
2019-04-30,47.20943069458008,48.09777956356087,45.813454822585626,47.97087442651434,34709270
2019-05-02,47.59014892578125,47.9708707626702,46.82870525200334,47.37863715277778,16403847
2019-05-03,48.18238067626953,48.393892441110566,47.16712355954991,47.75935714658747,18244875
2019-05-06,46.574886322021484,47.04021152271737,45.7711410331396,46.53258461785152,18665664
2019-05-07,44.84049987792969,47.294037954668724,44.544384660267376,47.167129588576984,19603477
2019-05-08,44.71358871459961,45.644242477086024,44.2482634470632,44.50207693595455,18834149
2019-05-09,44.121360778808594,45.13661479103694,43.909848988358725,44.628987784922764,15583718
2019-05-10,44.41747283935547,45.263519941057474,43.65602915685823,44.502076258560244,24838439
2019-05-13,42.936893463134766,44.798197864654895,42.47156816960818,44.50207942156431,14206295
2019-05-14,40.398746490478516,42.72537586951131,40.22953643561164,42.72537586951131,40357846
2019-05-15,39.087371826171875,41.32939442714447,38.8335583730786,40.737164112397885,28957009
2019-05-16,40.61025619506836,40.94867628765921,39.00276559638163,39.298883984251916,23386328
2019-05-17,40.314144134521484,40.82177108502796,39.80651395660157,40.610259317748024,12535298
2019-05-20,43.52912139892578,43.782934868623535,41.20249200977187,42.217749115976254,22687435
2019-05-21,42.640769958496094,43.99444386332546,42.30234986858217,43.78293211398255,11358235
2019-05-22,43.021488189697266,43.275304868858825,41.62551259137439,43.021488189697266,15936873
2019-05-23,41.49860763549805,44.67128410957914,41.20249245554917,43.95214539975279,25561520
2019-05-24,43.698333740234375,43.952147223208215,41.244795874189,42.217751324237845,22739588
2019-05-27,45.34811782836914,45.60193450984819,43.65602383137905,44.07904733062657,23072280
2019-05-28,45.05200958251953,45.94035842176254,44.6712877292972,45.72884663968498,16382136
2019-05-29,43.444515228271484,44.92509758287059,42.97918999088016,44.840494167858864,16358558
2019-05-30,42.76768112182617,43.86754172851954,42.13314578403227,43.86754172851954,21450656
2019-05-31,42.429256439208984,43.23299847125327,40.94867425557136,42.302348103931976,38814328
2019-06-03,43.35991287231445,43.65602805950145,41.540910358412944,42.429262374800906,21129480
2019-06-04,42.725372314453125,44.20595452336981,42.21774541950406,43.35990754684599,23146171
2019-06-06,41.202491760253906,42.97918926479205,40.90637335788865,42.76767750342259,18743224
2019-06-07,40.86407470703125,42.04854195024347,40.39874944270273,41.20249484149576,22133454
2019-06-10,40.77947235107422,41.79472955354263,40.22954042507484,41.160194205426585,15443180
2019-06-11,41.96392822265625,42.17543996415636,40.65255607083819,41.03327785102099,16527786
2019-06-12,42.59846878051758,43.57142420419806,41.79472664411847,42.00623841210001,23301240
2019-06-13,43.52912139892578,43.952144924226495,42.090840767420694,43.444514757417615,34964464
2019-06-14,42.640769958496094,43.90984045455356,42.30234986858217,43.52911866025369,17910067
2019-06-17,40.3564453125,42.386956315272954,40.22953696283333,42.30235290043744,24960705
2019-06-18,40.314144134521484,40.948679436361296,39.76421224862827,40.610259317748024,21692154
2019-06-19,40.398746490478516,41.83702711572692,39.59500115042088,41.32939695112629,32615248
2019-06-20,41.96392822265625,42.17543996415636,39.93341744070304,40.483346032155495,28076357
2019-06-21,42.34465408325195,42.64077248633448,41.54090874261847,41.92163055948837,24418643
2019-06-24,41.583213806152344,43.02149120948753,41.11788534663563,42.21774909376964,21205616
2019-06-25,42.59846878051758,42.80998054849912,41.03328298841953,41.58321487613693,20007773
2019-06-26,44.459774017333984,44.71358749932693,42.13314451547393,42.30235457927373,27494517
2019-06-27,44.163658142089844,44.67128509821189,43.5714245416718,44.41747162015087,20428392
2019-06-28,42.936893463134766,44.628987786805105,42.47156816960818,44.248265918496514,22263515
2019-07-01,43.23300552368164,43.82523913922801,42.386958423590706,43.19070381415981,18877756
2019-07-02,43.35991287231445,43.74063470399308,42.725377561987905,43.27530945523631,16730019
2019-07-03,43.74063491821289,44.50207535788582,42.640774353743,43.40221479341592,22331515
2019-07-04,43.909847259521484,44.163660752585315,43.31761362409676,43.909847259521484,16530485
2019-07-05,40.906375885009766,44.1636591477765,40.27184056170095,44.07905250155386,30127549
2019-07-08,39.17197799682617,41.41400398330165,39.0027679403616,40.99098045584691,33131693
2019-07-09,39.67961120605469,39.84881804806872,39.08737757676466,39.29888935669584,18240378
2019-07-10,38.74895477294922,40.01802536525594,38.199026119397686,39.89112024247331,24276492
2019-07-11,39.552696228027344,39.80650967598661,38.495137505352815,39.34118448349244,27348795
2019-07-12,39.93342590332031,40.77947304861348,39.17198218159097,39.51040233067373,23373965
2019-07-15,39.42578887939453,40.187232469787354,39.0450703116113,40.14493076530179,16954119
2019-07-16,39.97572326660156,40.10263161555613,39.341187976655505,39.552699739970855,15557621
2019-07-17,39.89112091064453,40.35644615680179,39.510399081092785,39.89112091064453,14976189
2019-07-18,38.537445068359375,39.89112237565598,38.45284164864678,39.764214018673506,17822698
2019-07-19,37.73369598388672,39.00276652003645,37.47988252213943,38.70665135256682,17876731
2019-07-22,39.129676818847656,39.298886877601035,37.479884393975716,37.73369786839907,18679123
2019-07-23,38.960472106933594,39.2988922708843,38.495146802061775,39.045078761628204,12981996
2019-07-24,36.88764953613281,39.08737376960959,36.63383607041985,38.79125537010003,26221451
2019-07-25,36.50693130493164,37.47988347082572,36.2531146093465,36.97225653448214,18992940
2019-07-26,38.241329193115234,38.53744438426644,36.25311659102693,36.67614013690782,27241668
2019-07-29,37.39527893066406,38.41053600017879,36.8030453711627,38.24132595069079,13852174
2019-07-30,35.195560455322266,37.69140021502495,34.85714352882546,37.2683766363436,26772431
2019-07-31,36.168514251708984,36.33772432059152,34.51872172807813,34.68793179696066,25134403
2019-08-01,35.61858367919922,35.99930554170273,35.026353256875694,35.78779375446897,15751851
2019-08-02,34.60332489013672,35.23786016396015,33.714972924853264,35.23786016396015,29679024
2019-08-05,33.75727844238281,34.5610205545335,33.08043822333097,34.011091910820575,22888223
2019-08-06,34.30720901489258,34.687930852660585,33.29195185664907,33.33425679327827,17852899
2019-08-07,33.03813552856445,34.39181269877618,32.86892547886133,34.13799601051487,20972506
2019-08-08,32.86892318725586,33.41885500359672,31.895971117269852,33.08043492778495,30942511
2019-08-09,32.82662582397461,33.79958124998834,32.57281234727078,32.995835884248315,21897438
2019-08-13,30.83841896057129,33.08044194963704,30.2884870274986,32.1497913847288,53609259
2019-08-14,31.303741455078125,31.938276754843223,30.79611450623142,31.303741455078125,35081345
2019-08-16,30.626901626586914,31.134528528678636,30.41538987947984,31.134528528678636,22915351
2019-08-19,30.499988555908203,31.007618606664643,30.203873446859753,30.880710287122373,18054018
2019-08-20,29.315534591674805,30.626907008705757,29.06171786861216,30.626907008705757,20619953
2019-08-21,26.94659996032715,29.230926119936118,26.48127309569267,28.934810931367608,37656535
2019-08-22,25.829195022583008,27.290414735039754,25.528357116586292,26.903620799553078,40625817
2019-08-23,26.946598052978516,27.247437589919272,25.399423994187593,25.442402007718318,33584861
2019-08-26,27.41934585571289,27.763161780910075,25.61431019912311,27.46232387101482,35890299
2019-08-27,28.235910415649414,28.536751625128705,27.161486190283266,27.333393344986597,36147248
2019-08-28,26.731714248657227,28.14995597765814,26.51682908852243,28.14995597765814,24741665
2019-08-29,26.903621673583984,27.290415621636622,25.78621948501098,26.6027837578138,38023372
2019-08-30,26.817668914794922,27.763162317500207,26.130035411666725,27.290415616147563,40034465
2019-09-03,26.173011779785156,26.860643600172132,25.915148617557357,26.47384967655222,20766847
2019-09-04,27.720190048217773,27.935075242390006,25.872177706225376,26.130039283454483,38867349
2019-09-05,27.892093658447266,28.579725495801892,27.591252475369636,28.06400243750773,31681301
2019-09-06,28.364845275878906,28.536754084843615,27.548280892462408,27.935074892911047,23728556
2019-09-09,28.278888702392578,28.83758815767549,27.634233214759504,28.278888702392578,25259844
2019-09-11,29.310333251953125,29.611174430347837,28.3218635257947,28.3218635257947,27352192
2019-09-12,29.009496688842773,30.126898868487398,28.880564280892983,29.396290633804814,29597623
2019-09-13,29.052473068237305,29.22438185255924,27.849118135758445,29.095449444595953,30325063
2019-09-16,28.665679931640625,29.052473887551184,28.493774421358093,28.83758872081059,21319863
2019-09-17,28.70865821838379,31.115371315274622,28.49377306189555,29.482242814409087,92616282
2019-09-18,28.70865821838379,29.35331368784851,28.192931875479648,29.052472501432607,44265503
2019-09-19,27.376373291015625,28.794615204544723,27.075533699795784,28.794615204544723,34921338
2019-09-20,29.568201065063477,29.99797141031796,26.989577354092816,27.54827847503489,77261177
2019-09-23,29.997970581054688,30.986440380482247,29.39629145855371,30.556670047108327,37078473
2019-09-24,29.525224685668945,30.04095112456891,29.396295535109868,29.869042311602254,20533187
2019-09-25,28.235910415649414,29.310336280459325,28.021025242687433,29.22438352282954,27187565
2019-09-26,29.43927001953125,29.611178821408238,28.278891344915014,28.36484410640967,41592871
2019-09-27,28.407817840576172,29.48224365360014,28.10697992448441,29.39629090011317,29290686
2019-09-30,28.751636505126953,28.923545297522388,27.2044622918993,28.021024957168237,39370928
2019-10-01,27.59125328063965,29.052473026969476,26.903621423216006,28.708658737701324,33374777
2019-10-03,27.032554626464844,27.763162881685204,26.73171506519802,27.16148539859528,28415533
2019-10-04,26.77469253540039,27.462326080563653,26.64576175800846,27.33339366372794,28961703
2019-10-07,27.634233474731445,28.19293293527038,25.915150518760438,26.946599964454304,41093854
2019-10-09,28.06400489807129,28.27889007101552,27.07553179097283,27.333393342728396,28747660
2019-10-10,27.333393096923828,27.892095853109513,27.161485943780633,27.67721068209771,21413466
2019-10-11,27.677207946777344,28.1929309946821,27.161483259429,27.505299171180035,28847549
2019-10-14,28.06400489807129,28.407819207449542,27.763163688616853,28.06400489807129,21445957
2019-10-15,28.70865821838379,29.611175219856943,27.161484108002277,27.935070343471214,55294896
2019-10-16,28.19293212890625,29.00949638667912,27.978046970486403,28.70865847644626,25355672
2019-10-17,28.83759117126465,29.052476356264965,27.505303680040242,28.021026812485914,25315121
2019-10-18,31.115367889404297,31.416205763810016,28.493769924668918,28.75163142828623,58695573
2019-10-22,30.59964370727539,32.060863366761005,30.427738212301787,31.115370028857622,36094539
2019-10-23,30.212852478027344,30.900484281230813,29.86903493698207,30.51369036727665,20708720
2019-10-24,29.525224685668945,30.728583097547645,29.396295535109868,30.341789088094643,28570124
2019-10-25,29.997970581054688,30.212855747741646,29.26735904698656,29.654153002800577,23878498
2019-10-27,30.212852478027344,30.384757969662903,30.126896453322487,30.255828850936233,1720839
2019-10-29,31.803003311157227,31.974912092940937,30.08392205109467,30.21285445715428,36205662
2019-10-30,32.103843688964844,32.3617085209144,31.545144203811752,31.931938172848536,26512896
2019-10-31,31.459186553955078,32.963382695065526,30.943463474272157,32.14682169871547,27770274
2019-11-01,33.47910690307617,33.865900827436,31.416208159081844,31.545140560164175,46394896
2019-11-04,34.639488220214844,35.41307613197808,33.951856342473874,33.951856342473874,45820695
2019-11-05,33.608036041259766,35.02627933829147,33.35017451785959,34.55353266557662,29697013
2019-11-06,33.77994918823242,34.12376678318705,33.178270036505616,33.393155213630365,25722198
2019-11-07,34.33864974975586,34.9833052396303,33.092315146887806,33.86590304629208,38197820
2019-11-08,33.264225006103516,34.33865085721224,33.135292592415475,34.252694821791046,27026861
2019-11-11,33.99482727050781,34.25268877346331,32.74849284752149,33.1782631120763,35349501
2019-11-13,32.53361511230469,34.29567622072293,32.275753550720054,33.822926199115514,29978471
2019-11-14,32.06086730957031,32.87743162666365,31.674073340537937,32.576593694576,31308358
2019-11-15,31.287282943725586,32.189800027337604,30.98644172992986,31.631097258065246,37075054
2019-11-18,32.06086730957031,32.23277610457221,31.201326613448387,31.41621178747887,28715500
2019-11-19,31.84598159790039,32.23277556040272,31.588120049194668,32.146822803796645,20166801
2019-11-20,32.57658767700195,33.0063579456754,31.931932273991787,31.931932273991787,26963527
2019-11-21,31.158349990844727,32.57659343991405,31.02941757587933,32.49063740364127,28884217
2019-11-22,33.13529586791992,33.73697505979575,31.115376379716576,31.28728518866507,44929987
2019-11-25,34.12377166748047,34.68247124064151,33.565068815431374,33.69400125171595,37627922
2019-11-26,33.17826461791992,34.467575470101586,32.87742673063236,34.38162272484429,34676343
2019-11-27,33.436134338378906,33.82292502791851,32.96338433314155,33.47911071734025,23303605
2019-11-28,34.29567337036133,34.725443696912784,33.43613271725841,33.52208547101375,28968362
2019-11-29,33.822933197021484,34.63949771005831,33.522095192744494,34.29568331644008,25426332
2019-12-02,33.95185852050781,34.209720081341736,33.39315573962794,33.95185852050781,21262889
2019-12-03,32.70551300048828,33.86589455877839,32.27574278161488,33.8229149137818,31464253
2019-12-04,33.822933197021484,33.95186564393352,31.631104551735085,32.103851392265355,34074178
2019-12-05,33.264225006103516,34.596512405700835,33.049339835881774,34.123765686990495,29321512
2019-12-06,32.92041015625,33.994836096590326,32.49063978011387,33.52208933861813,27535575
2019-12-09,33.865901947021484,34.33864863514014,32.920405291896905,33.09231407272749,29370202
2019-12-10,32.8774299621582,33.90887940106221,32.70552117585964,33.65101786105805,18974222
2019-12-11,32.8344612121582,33.39316079879515,32.232781959797684,32.8344612121582,20095683
2019-12-12,34.209712982177734,34.381621746688566,32.920402166676915,33.04933455978178,25729420
2019-12-13,34.89734649658203,35.88581948250529,34.51055585580844,35.155211295613924,46128763
2019-12-16,33.90887451171875,35.24116167537633,33.77994212086383,35.24116167537633,22413922
2019-12-17,35.11222839355469,35.67093103456648,33.82291763326915,34.03780275998341,42359512
2019-12-18,35.28414535522461,35.67093932902773,34.63948982518194,34.983307419426396,35192583
2019-12-19,35.32712173461914,35.58498656974508,34.897351381259355,35.15521621638529,25338726
2019-12-20,35.71391677856445,36.1007107639558,34.94033208666944,35.198193650634444,32394792
2019-12-23,35.241172790527344,36.18666635871802,35.069263974795966,35.62796680620096,26796488
2019-12-24,35.241172790527344,35.62796680620096,35.112240359006826,35.241172790527344,21261677
2019-12-26,36.44453048706055,36.78834483270429,35.37010450900909,35.45605727569806,40946850
2019-12-27,36.22964859008789,36.70239540769562,35.79987815973757,36.48751019252045,18880983
2019-12-30,37.04620361328125,37.26108879265965,35.928801336291095,36.272618934851586,26033812
2019-12-31,36.87429428100586,37.2181085651369,36.7023854994967,36.9602470323168,20565737
2020-01-01,36.87429428100586,37.39001734664606,36.573453093643,37.08917943817049,24324562
2020-01-02,40.61330032348633,40.91413827358669,37.56193132532999,37.81979289382854,90919639
2020-01-03,40.097572326660156,40.871156938397306,39.710778381347914,40.14054870305322,35905086
2020-01-06,38.50741958618164,39.88268656215541,38.335510804324,39.79673053178295,26273422
2020-01-07,39.10909652709961,39.79672833773273,38.5503938365862,39.10909652709961,26593985
2020-01-08,40.226497650146484,40.44138279066958,38.46444015363449,38.98016317933511,36360158
2020-01-09,41.73069763183594,41.98855916939078,40.699248202729194,40.74222785806113,30851490
2020-01-10,42.89107894897461,43.32084926598282,41.51581196721594,41.77367350164341,41439011
2020-01-13,42.9770393371582,43.32085696341062,42.16047493397462,42.9770393371582,25345459
2020-01-14,43.6216926574707,44.395280636843005,43.06298986360318,43.363831090642506,33639648
2020-01-15,44.22337341308594,44.39528222341087,42.67620067793727,43.320856257489865,27277045
2020-01-16,43.7076416015625,44.48122951334964,43.53573609128752,44.26634434661848,23182881
2020-01-17,43.79359817504883,44.61016247446337,43.406804214390625,43.406804214390625,18835022
2020-01-20,43.6216926574707,44.223371832661634,42.934060719632946,43.96551026583344,18760402
2020-01-21,42.805118560791016,44.00847663747022,42.676189446145585,43.32084485603366,24173709
2020-01-22,42.805118560791016,43.234888834049734,42.289395544435344,42.977027325871894,18551852
2020-01-23,43.32085037231445,43.664664667368996,42.461309716347,42.59023884740969,13721598
2020-01-24,43.87955093383789,44.26634489451895,43.06298663437509,43.363827838854796,16176998
2020-01-27,41.90260696411133,43.578711898453264,41.55878939028674,43.578711898453264,23848030
2020-01-28,40.44139099121094,42.20344884502588,40.097576663988924,41.85963451780387,31387261
2020-01-29,40.95711135864258,41.644743190539224,40.78520258094662,40.91413170505318,17955370
2020-01-30,40.699249267578125,41.043066845905074,40.05459376738066,41.00009046833606,20209701
2020-01-31,39.9686393737793,41.214973945513314,39.7107778400485,40.91413275708797,17954383
2020-02-03,38.46444320678711,38.89421352194674,37.17513226130821,37.56192620072934,29698362
2020-02-04,39.9686393737793,40.18352453170284,38.59337567462353,38.93718995996882,22700326
2020-02-05,41.90260696411133,42.28940091494214,39.79673170193236,40.18352565276317,30106870
2020-02-06,42.03154373168945,42.76215205320418,41.515817317484,42.203449257536874,23115534
2020-02-07,41.816654205322266,42.375353664114165,41.42986025453564,41.73069817243225,18226191
2020-02-10,39.53887176513672,41.60177073400321,39.28101021375029,41.60177073400321,27010689
2020-02-11,39.281009674072266,40.699249826656335,38.98016846918173,40.05459431760335,21550256
2020-02-12,39.409934997558594,40.140546471166715,38.76527955084464,39.62482014646325,15980861
2020-02-13,38.937191009521484,39.796731664384595,38.76528222277138,39.36696133695304,15054008
2020-02-14,37.73383331298828,39.36695847100277,37.51894816491634,38.85123542718496,17516625
2020-02-17,36.788333892822266,37.81978318080338,35.97176973655027,36.100702127130496,32718648
2020-02-18,36.0577278137207,36.616427220707,34.98330209387734,36.53047447467437,23914632
2020-02-19,35.79986572265625,36.96024416992466,35.370095441610616,36.53047388887902,28855122
2020-02-20,36.22964859008789,36.65941902043822,35.198198901469475,35.45606050390204,23850054
2020-02-24,33.73697280883789,35.62796302332734,33.56506401135929,35.62796302332734,22757603
2020-02-25,33.73697280883789,34.51056075804781,33.43613487241603,33.865905226668744,22137095
2020-02-26,33.13529586791992,33.69399867728058,32.877434293941086,33.00636672037441,18975185
2020-02-27,32.57658767700195,33.17826343003523,31.802999881834978,33.17826343003523,22730562
2020-02-28,30.556669235229492,31.545142287281138,29.997969784020277,30.255831321415865,33171784
2020-03-02,29.997970581054688,31.97491345879724,29.353315080993806,31.50216674786341,30887100
2020-03-03,30.943462371826172,31.37323268254598,30.169874500975613,30.470715685811832,25225572
2020-03-04,29.954992294311523,31.287283011800156,29.267360385248487,31.072397835287482,37654957
2020-03-05,29.396291732788086,30.642626366976845,29.26735932001814,30.341785163476132,36583370
2020-03-06,28.364845275878906,28.79461565884677,27.41935010546083,28.1929364669142,22839018
2020-03-09,25.61431121826172,27.591254096386585,24.96965571807617,27.505301341250153,33096333
2020-03-11,24.711795806884766,26.130037673130257,24.49691062595533,25.09858978833527,36530449
2020-03-12,21.23065757751465,23.508440279690777,21.05874876852464,23.207600683680216,46930309
2020-03-13,25.399425506591797,26.1730134017722,18.394169549427755,19.597526129400848,65612481
2020-03-16,23.422483444213867,24.58286368585266,21.617447694936164,23.250574653065996,34355890
2020-03-17,24.32499885559082,26.387897652208753,23.25057308212049,23.72332140611361,45328423
2020-03-18,23.035690307617188,25.01263491873898,21.7893572652789,24.62584094454625,46500808
2020-03-19,21.660425186157227,22.820803760158327,21.31660761221529,21.531492776207152,41256977
2020-03-20,22.949739456176758,23.207601034111537,21.74638105396398,21.918289865549784,37279836
2020-03-23,19.72646141052246,21.746380916991313,19.55455260001945,21.23065776437011,12934460
2020-03-24,18.737985610961914,21.23065482038587,18.609054840685015,21.23065482038587,36469248
2020-03-25,18.823942184448242,19.210736179520392,18.17928661895725,18.222264640322976,28770327
2020-03-26,18.737985610961914,19.812411429008897,18.52310044735252,19.3396647248457,33054658
2020-03-27,18.136308670043945,19.59752684190679,18.050354274182897,19.210734519697688,30567766
2020-03-30,17.534629821777344,18.050354565832748,17.319744648374574,18.050354565832748,17780972
2020-03-31,19.81241226196289,20.886838125180915,17.878445708170446,18.136308899009027,51866740
2020-04-01,19.081806182861328,19.812414542388204,18.737988555502856,19.812414542388204,18438923
2020-04-03,18.609058380126953,19.42562281293065,18.480127585327423,19.124783198769077,15162782
2020-04-07,21.015771865844727,21.359587835871164,19.25371235536296,20.07027671868913,33933006
2020-04-08,21.78935432434082,23.68034264214192,20.3711126761291,20.628974197824476,53476113
2020-04-09,22.648897171020508,23.164621905204477,22.0901960587561,22.56294277541589,26855643
2020-04-13,22.605918884277344,22.992712840169837,21.57447106763689,22.47698811212775,24780279
2020-04-15,22.476985931396484,23.336526514925556,22.1761463992726,23.078664995644257,25214416
2020-04-16,23.078664779663086,23.250571911093978,21.96126104786636,22.262100577174845,19014532
2020-04-17,24.32499885559082,24.625838400051236,22.64889563264328,23.895228546202688,33555416
2020-04-20,24.0241641998291,24.926681315831676,23.895231778019724,24.926681315831676,18760741
2020-04-21,22.734851837158203,23.422483731290136,22.305081493464808,23.422483731290136,19025690
2020-04-22,22.648897171020508,22.777827944705567,21.83233287194225,22.648897171020508,19429714
2020-04-23,22.863780975341797,23.422482054251734,22.605917803922384,22.73485020935391,14851109
2020-04-24,23.12164306640625,23.50843701316635,22.176148027226642,22.348056812329727,15593701
2020-04-27,22.820804595947266,23.508438129571328,22.60591942408545,23.508438129571328,12309351
2020-04-28,23.551414489746094,23.723323282878592,22.605919406404848,23.035689749792347,11729064
2020-04-29,25.958131790161133,26.473854938229522,23.293555087550857,23.551416661585055,47374906
2020-04-30,27.376373291015625,27.720189264076637,26.30194735054754,26.30194735054754,35723443
2020-05-04,24.797748565673828,25.5283584603604,24.410954609826906,25.39942604878228,19496308
2020-05-05,24.41095733642578,25.528361311768492,24.239050167526525,25.442406907596915,19206540
2020-05-06,24.367977142333984,24.58286229942786,23.50843651395849,24.4109535179753,13068084
2020-05-07,24.41095733642578,24.88370573964751,23.981186955011793,24.06714135918337,10084832
2020-05-08,24.41095733642578,25.141567312718344,24.282026549890364,24.96965850437519,9909903
2020-05-11,24.41095733642578,24.88370573964751,24.282026549890364,24.539888122961198,9173149
2020-05-12,23.766300201416016,24.067139776511166,23.42248424678319,24.067139776511166,12003321
2020-05-13,24.711795806884766,25.313474969264707,24.325001825434256,25.313474969264707,18992041
2020-05-14,24.19607162475586,24.582865615477992,23.89523203635463,24.153095243317342,9714715
2020-05-15,25.227519989013672,25.958129915265502,23.50843858110056,24.282024886772703,46610665
2020-05-18,23.594392776489258,25.442404946215447,23.336529583853466,25.356450548670185,23059501
2020-05-19,23.207597732543945,24.282023553495055,22.992712568353724,23.895229602175178,30154216
2020-05-20,23.72332191467285,23.981183450056086,22.820803261944217,23.12164281285376,18263255
2020-05-21,24.153095245361328,24.53988759667233,23.594394089393976,23.72332487316431,27487142
2020-05-22,23.46546173095703,24.239049714602277,23.25057654426532,23.852255722779653,17373652
2020-05-26,24.32499885559082,24.582862024889874,23.63736701634726,23.63736701634726,27070895
2020-05-27,25.485380172729492,25.74324335370382,24.711793908693902,24.840724679459218,44969019
2020-05-28,25.958131790161133,26.473854938229522,25.528361407141535,25.743246598651336,28673126
2020-05-29,25.91515350341797,26.173016714261482,24.840727556846378,24.840727556846378,29732816
2020-06-01,26.21599006652832,27.204461495246385,26.04408127916705,26.387898853889592,29781118
2020-06-02,26.731714248657227,26.989575785041517,25.829195592424888,26.473851072829273,27935407
2020-06-03,26.602785110473633,27.505302182561422,26.430876316055116,27.0755318359589,21651428
2020-06-04,26.731714248657227,27.118506553233658,25.872173608118047,26.645759856714577,27576912
2020-06-05,28.70865821838379,29.052472501432607,26.903620936550208,27.075529717518254,59692433
2020-06-08,28.10698127746582,30.169876970440704,27.763163689192908,29.52522145159464,48035123
2020-06-09,27.634233474731445,29.224382380964247,27.37637029358613,28.450794476972,32609739
2020-06-10,27.161487579345703,27.63423596770509,26.817671612912235,27.505303545779174,22449990
2020-06-11,25.786218643188477,27.548276261362236,25.6143098631231,27.161483965380587,25533048
2020-06-12,26.087059020996094,26.215989790437376,24.367977723262495,24.367977723262495,22376269
2020-06-15,25.184541702270508,26.001106018121245,24.88370377064065,25.743244465454577,19196051
2020-06-16,25.35645294189453,26.774694897196458,24.754773741733022,26.21599371958587,48601252
2020-06-17,24.711795806884766,25.614312911010853,24.625841406624225,25.18454254915199,21696805
2020-06-18,25.485380172729492,25.65728896004571,24.668817531586697,24.797748302352012,25097181
2020-06-19,25.91515350341797,26.2589694784321,25.786222717718157,25.786222717718157,22925273
2020-06-22,26.817668914794922,27.032554077126793,25.872173872645956,25.915150249334854,27149296
2020-06-23,27.935070037841797,28.407816721166288,26.946598656699198,27.032553046242818,43338189
2020-06-24,26.51683235168457,28.75163861999049,26.13003836006559,28.57972981495009,49841902
2020-06-25,26.51683235168457,27.204464292958452,26.215992762585795,26.473854330702533,32776348
2020-06-26,26.21599006652832,27.161485118127917,26.04408127916705,27.11850710156575,24735195
2020-06-29,25.399425506591797,26.387898563890385,25.098587591181282,26.344920547800537,21563538
2020-06-30,26.130035400390625,27.03255406546122,25.700265075912345,25.786219468696736,48609424
2020-07-01,26.087059020996094,26.38789857598821,25.786219466003978,26.301944183212793,22009671
2020-07-02,26.817668914794922,27.161484846637176,26.00110464215634,26.38789859013118,33997655
2020-07-03,26.51683235168457,27.849121492138035,26.301947165105997,27.849121492138035,38153488
2020-07-06,27.376373291015625,27.76316564591781,26.55980892048233,26.94660291482839,46787217
2020-07-07,27.892093658447266,28.450793091784732,27.54827610032633,27.67720850434349,57552011
2020-07-08,30.384763717651367,32.36171003431668,28.32186791779599,28.32186791779599,212530122
2020-07-09,31.54514503479004,32.18980057387068,30.943465875870587,30.943465875870587,70831364
2020-07-10,31.71704864501953,32.017886535814625,30.08392023499361,31.373231102207622,59743092
2020-07-13,30.728578567504883,33.264224168013534,30.513693402697157,33.264224168013534,92260691
2020-07-14,29.396291732788086,30.599646710128557,29.26735932001814,30.599646710128557,30596065
2020-07-15,28.622703552246094,30.083923341766525,28.450794763087085,29.740105763448508,24086498
2020-07-16,29.65415382385254,29.99797141162613,27.59125485498605,28.837589512055906,32958286
2020-07-17,30.427743911743164,31.416213808540917,30.169879063207638,30.34178786926874,68818173
2020-07-20,30.556669235229492,30.771554396207037,29.954990128714893,30.42774010597537,27638440
2020-07-21,30.814531326293945,31.0294164911325,30.169875831778278,30.59964616145539,31595112
2020-07-22,30.212852478027344,31.502163338616498,29.783082191164294,30.771551883617065,42531617
2020-07-23,30.212852478027344,30.55666674018554,30.16987282623138,30.212852478027344,11579750
2020-07-24,29.525224685668945,29.912018695121947,28.923548758617482,29.912018695121947,15870701
2020-07-27,29.224384307861328,29.61117828536055,28.83759033036211,29.52522224653427,13712354
2020-07-28,30.556669235229492,30.685601643370955,29.31033464578226,29.482243430341764,29751288
2020-07-29,30.470718383789062,31.330259081335228,30.169877172315378,30.29880958850232,38860031
2020-07-30,29.43927001953125,30.8145338767718,29.224384836906935,30.599648694147486,25902582
2020-07-31,29.224384307861328,29.912016224033486,28.83759033036211,29.65415466532988,26453718
2020-08-03,29.525224685668945,29.869042311602254,28.880569096209904,29.05247790917656,29156107
2020-08-04,29.7401065826416,30.083924170430098,29.48224503124399,29.69713020388992,19087784
2020-08-05,31.58812141418457,32.14682419292928,30.126901536526397,30.169877916686538,81716003
2020-08-06,32.275753021240234,32.57659423722675,31.54514472892137,31.803006286275814,44354859
2020-08-07,32.40467834472656,32.87742497618849,31.888952064042456,32.275745954833816,30210437
2020-08-10,32.74850082397461,32.92040962744522,31.931939745542692,32.662548061683154,24215712
2020-08-11,33.436134338378906,35.06925969112262,32.877431575218864,33.00636399099042,75064417
2020-08-12,33.30720138549805,33.43613379919045,32.49063708285028,32.8344546667717,18065708
2020-08-13,33.30720138549805,34.08078930987751,32.96338380157662,33.60803931226368,15903731
2020-08-14,33.393150329589844,33.99482939331582,32.96338003819802,33.47910635520048,20231298
2020-08-17,33.56505584716797,33.951849727691176,33.393147091503565,33.60803221636237,11048607
2020-08-18,35.026283264160156,35.327121195364796,33.393154634767,33.565063429264306,25628065
2020-08-19,35.32712173461914,35.756892087978926,35.06926017838079,35.49903053174057,22445005
2020-08-20,35.928802490234375,36.272620099837425,34.08079185555922,34.89735294031295,29129174
2020-08-21,36.48749923706055,38.46444196731258,36.27261408640517,36.44452286270691,51668043
2020-08-24,35.928802490234375,37.561931217517284,35.58498815951905,36.9602520401558,29942088
2020-08-25,35.32712173461914,36.315594858901676,34.55353706590408,36.315594858901676,48360282
2020-08-26,35.62796401977539,36.01475800519826,35.284146415202244,35.62796401977539,35558982
2020-08-27,34.983306884765625,35.885823957254395,34.55353653797216,35.842847578352554,76106020
2020-08-28,35.198184967041016,37.08917476774587,34.854367447317635,35.45604646739012,94254826
2020-08-31,33.092315673828125,35.84284646353419,32.748498095532085,35.58498491925587,57666292
2020-09-01,34.46757888793945,34.811396460835994,33.0063624003476,33.436132727024585,30350983
2020-09-02,35.756893157958984,36.14368714333463,33.95185893138955,34.72544690214084,37788910
2020-09-03,36.01475143432617,36.3155893242742,35.11223120670792,36.14368055335229,26752019
2020-09-04,34.81139373779297,36.229637016443085,34.46757619179078,35.06925525785105,33046839
2020-09-07,34.72544860839844,35.54200972122879,34.166745793304976,34.94033380206702,21726444
2020-09-08,33.264225006103516,34.98330636787747,32.834454665660026,34.98330636787747,65744243
2020-09-09,33.822933197021484,34.1237744801868,32.01789861358288,32.66255429036643,33871868
2020-09-10,33.092315673828125,34.295673918976846,32.44766017368862,34.08078875226368,34271287
2020-09-11,33.436134338378906,33.69399589103449,32.66254640152462,33.092316748913106,27698575
2020-09-14,33.99482727050781,34.553529925983824,33.608033376631106,33.82291850890851,19240968
2020-09-15,33.90887451171875,34.33864477605261,32.877425221540115,33.95185088237476,40622954
2020-09-16,32.66254806518555,34.12376797651086,32.576595302884876,33.60804156604373,25760010
2020-09-17,32.79147720336914,33.95185577265165,32.318727221399534,33.04933874333332,35814255
2020-09-18,32.53361511230469,33.22125031504725,32.404685970956194,33.00636513391211,12510061
2020-09-21,30.384763717651367,32.79148040248084,30.08392577149153,32.66254798047652,19226309
2020-09-22,30.51369285583496,30.728578016791545,29.052473105552718,30.427740103007263,24497183
2020-09-23,29.91201400756836,31.115372230867106,28.79461181672659,30.943463444840518,32810668
2020-09-24,28.235910415649414,29.568201111123724,28.06400490038985,29.22438352282954,36129941
2020-09-25,29.525224685668945,29.6971334986356,28.27889316915844,28.708663562131136,17492984
2020-09-28,30.685604095458984,31.02941841316487,29.74010734427069,29.78308700301058,15164031
2020-09-29,30.59964370727539,31.287278802718365,29.912011890719555,30.900484881253476,36276344
2020-09-30,29.009496688842773,30.68560159775338,28.880564280892983,30.59964556615774,26512197
2020-10-01,29.353313446044922,29.95498925614575,29.22438104165917,29.439266196377254,21021810
2020-10-05,30.212852478027344,30.814528256525957,29.43926465011902,29.43926465011902,32322342
2020-10-06,29.482242584228516,30.642624387537776,29.267357429417977,30.513691983096553,19373127
2020-10-07,28.794612884521484,29.740106324398536,28.622704092119974,29.65415356764153,21668837
2020-10-08,29.009496688842773,29.826060955121,28.837587904538832,28.966520312488623,21527332
2020-10-09,29.181407928466797,30.255833822159335,29.095451889638827,29.396293107205306,31357732
2020-10-12,28.83759117126465,29.654155530043386,28.536753223819293,29.568202767598343,22895449
2020-10-13,28.407817840576172,29.00949695164707,28.36484146383269,28.794611789042275,11039140
2020-10-14,28.321866989135742,28.708660963578243,28.10698181209964,28.364843368765445,13586333
2020-10-15,28.19293212890625,29.05247276258563,28.064003001186723,28.536749693932922,13454670
2020-10-16,29.095447540283203,29.31033268689944,28.149954206726626,28.36483935334286,14610588
2020-10-19,29.869037628173828,30.040946414185395,29.310334893358075,29.396290925807545,15157981
2020-10-20,29.7401065826416,29.95499175528753,29.525221409995673,29.783086240280806,9770876
2020-10-21,30.51369285583496,30.85751042492043,29.69712858842247,29.74010496483632,18830923
2020-10-22,30.986438751220703,31.37323268669716,30.16987450496757,30.857509625320056,38367335
2020-10-23,31.41620635986328,31.803000262071272,30.556665812239732,31.330253616655718,26294137
2020-10-26,30.255830764770508,31.416209301145727,29.9549895776044,31.416209301145727,17021644
2020-10-27,29.310333251953125,30.427738659008927,29.224380503204458,30.34178263137307,19003973
2020-10-28,29.568201065063477,30.083924167813848,29.052474683425583,29.39629227118418,19587914
2020-10-29,28.88056755065918,29.439270343179718,28.493776840793263,29.224385158193005,19325359
2020-10-30,29.525224685668945,29.74010988215529,28.708663562131136,29.09545429269625,18625629
2020-11-02,29.353313446044922,29.826060130647253,29.22438104165917,29.654151351095337,12294902
2020-11-03,29.826065063476562,30.040950253733758,29.568203490945482,29.654156255493245,12299345
2020-11-04,29.869037628173828,30.169875544528544,29.439267302588593,29.82606125139278,12441955
2020-11-05,32.8774299621582,33.35017666531372,30.12689921804331,30.12689921804331,85133089
2020-11-06,32.61956787109375,33.8659024520941,32.318726680431695,33.0923145662629,41712940
2020-11-09,32.490631103515625,33.60803312729065,31.974908101430806,33.04933375484658,28838164
2020-11-10,32.61956787109375,33.049338190136126,32.1468211759246,32.576591494966976,18913828
2020-11-11,34.037811279296875,34.29567611900435,32.66254743566599,32.79147985551973,47615635
2020-11-12,33.99482727050781,34.553529925983824,33.77994213823041,34.38162116438452,30338907
2020-11-13,33.65102005004883,33.822925568642425,33.264226075438046,33.822925568642425,13598972
2020-11-14,34.08079147338867,34.295676657259,33.779950248637604,33.9518590515114,3592162
2020-11-17,34.639488220214844,35.155214587686146,34.295673920788076,34.295673920788076,20430699
2020-11-18,34.42460250854492,35.02628162162641,34.20971734522206,34.63948767186778,15968025
2020-11-19,34.29567337036133,34.940328860188515,33.994832174442884,34.338649747238996,17608908
2020-11-20,35.32712173461914,35.58498656974508,34.03781067453979,34.46758102789958,27450386
2020-11-23,37.175132751464844,37.99169701681206,35.06925752363908,35.5849838759629,70283696
2020-11-24,37.3040657043457,37.73383603145159,36.40154539431344,37.26108604852521,19487876
2020-11-25,37.00322723388672,38.550399869663096,36.57345687512174,37.34704483245375,28682450
2020-11-26,40.01161575317383,40.22650091111664,36.788338384031675,37.046199917785586,60920144
2020-11-27,41.64474105834961,42.719166765330314,40.22649781358025,40.22649781358025,76580878
2020-12-01,42.93406295776367,43.57871854788358,41.172005000546825,41.7736809282151,46440917
2020-12-02,44.43825912475586,45.684593915543466,42.97703913827687,43.19192433396826,71746317
2020-12-03,46.63008499145508,46.8449701757475,44.653141951742356,44.653141951742356,44663015
2020-12-04,47.188785552978516,48.26321142368488,45.94245088718162,47.016876757887985,65064684
2020-12-07,47.27473449707031,49.07976850267627,46.80198780787707,47.48961965387518,62272111
2020-12-08,47.91939926147461,48.7359636714836,45.64161484601078,47.61856129515505,51337239
2020-12-09,47.016876220703125,48.43511638649909,46.80199104901699,48.17725483625323,36858447
2020-12-10,47.91939926147461,48.3061932745197,45.55566207817317,46.844973269064866,42650848
2020-12-11,49.63847351074219,51.3145784668824,47.87641579947169,47.87641579947169,83591037
2020-12-14,50.326107025146484,51.74435048313232,49.89633667774321,49.89633667774321,50554044
2020-12-15,50.11122131347656,50.4980152777646,48.69298114960376,50.28313010636985,44061093
2020-12-16,51.70137023925781,52.346025712171816,50.712897202568094,50.79884995406837,54374458
2020-12-17,49.4665641784668,51.873277363451855,49.07977022685248,51.65839219909805,70927030
2020-12-18,49.681453704833984,50.15420045214185,48.43511898637675,49.63847732396739,51151401
2020-12-21,47.57556915283203,50.88480230874402,46.93091372648533,49.07976514764101,49904093
2020-12-22,49.12275314331055,49.46656746176455,46.1143606426781,47.704509652885925,36746291
2020-12-23,50.75587463378906,51.400530120108705,48.56404663607975,48.99381696029285,31776121
2020-12-24,51.78731918334961,53.80723820508726,51.486481296328954,51.57243404150998,89470214
2020-12-28,54.96762466430664,55.69823617670941,52.08816154875574,52.43197911681438,50904677
2020-12-29,55.44038009643555,56.38587363923823,54.53786293668975,55.65526529060778,35887218
2020-12-30,59.95296096801758,60.94143403746817,54.7097642594305,55.52632526240828,74151917
2020-12-31,63.69196319580078,64.20768629321223,58.62067186274243,59.480212544353165,137237137
2021-01-01,64.03578186035156,65.1102077304917,62.57456530007102,63.56303185437987,69892092
2021-01-04,68.16158294677734,68.80623849838832,64.89532552883824,64.89532552883824,96199002
2021-01-05,67.04418182373047,69.02112826984823,66.6144114274245,67.90372261634239,75713352
2021-01-06,65.49700164794922,68.03265076108723,64.63746090948386,67.30204244494676,56609755
2021-01-07,67.04418182373047,68.11860781449538,66.01273549570648,66.14166136837761,38600425
2021-01-08,66.22761535644531,68.59135234562989,65.71188567622117,67.9037171438479,26952958
2021-01-11,64.33661651611328,66.57142090064299,63.17623794700888,66.27058298387885,30600008
2021-01-12,65.2391357421875,66.82928461108935,63.60600721827154,64.37959510410275,25240977
2021-01-13,64.20768737792969,66.8722687821581,63.34814668179797,65.84081601213498,33050639
2021-01-14,57.76113510131836,59.867013848853404,57.28839162901284,59.30831105633286,320354600
2021-01-15,60.29677963256836,62.0588340807698,58.49174552752851,58.49174552752851,322964592
2021-01-18,56.686702728271484,60.08189219952395,55.612276925553864,60.08189219952395,114708531
2021-01-19,56.9015998840332,57.93305280674374,56.64374157168761,57.33137029571858,43049022
2021-01-20,57.37434005737305,57.976015906774855,56.729684551110424,57.03052247581133,30615185
2021-01-21,55.74121856689453,57.9760232951847,55.268475070054244,57.76113809904573,41004290
2021-01-22,50.025264739990234,56.17097820568402,48.134274720204736,55.741207895682194,120962157
2021-01-25,50.068241119384766,51.74434598430901,48.564045034253034,51.142666894478864,52592712
2021-01-27,49.25168228149414,51.572442866253056,48.77893554433101,49.85336143737795,64428825
2021-01-28,48.95083999633789,49.76740425832312,47.532596631895785,48.778931212937735,112315162
2021-01-29,49.552520751953125,51.40053121821747,48.993818006985165,50.0252674629097,171607461
2021-02-01,54.666786193847656,56.08502963408055,49.509542089564384,50.326106395186734,177670118
2021-02-02,52.43198013305664,55.3114400255302,51.65839222937461,55.01060210681352,71391560
2021-02-03,54.666786193847656,55.483353778357504,52.775799312053785,52.990684483065586,54055375
2021-02-04,56.2823371887207,56.63164706958228,55.01609636594579,55.36540624680737,35946423
2021-02-05,56.806304931640625,57.5485842590364,54.36114244577383,56.762638698398376,53271875
2021-02-08,59.1204719543457,59.5571076605448,56.54432395278385,57.46126160081482,49944573
2021-02-09,58.29086685180664,60.12473548767166,57.242943820607245,59.38245611869441,64688675
2021-02-10,58.2471923828125,60.91067248254562,57.67957137429045,59.60076554743711,125531414
2021-02-11,58.421852111816406,58.98947979718593,57.723232397126004,57.98521645576775,21648433
2021-02-12,56.5443229675293,58.72750146048409,56.238679311022025,58.50918361118861,26210719
2021-02-15,54.75411605834961,57.3739268606768,54.49213531124348,57.19927525011667,24798836
2021-02-16,56.5443229675293,57.985222105385866,54.79778017316546,54.79778017316546,53647015
2021-02-17,56.413326263427734,57.54858165095912,55.58372116967659,56.326000463432585,27764443
2021-02-18,58.421852111816406,59.295123423913715,56.238673831573124,56.762635286325235,56021909
2021-02-19,57.02462387084961,59.819089626337274,55.23441487395376,58.5091825542277,44987639
2021-02-22,58.33452224731445,59.993732294630654,56.80629755765833,56.980949142892385,53109880
2021-02-23,61.60929489135742,62.176915924863394,58.421853209791465,58.94581467439087,100267923
2021-02-24,62.35157775878906,64.31643836045762,62.089593680220496,62.35157775878906,97883442
2021-02-25,63.9234619140625,64.53475587340337,62.91920516395223,63.093856773745706,61933209
2021-02-26,66.84892272949219,67.67852782491403,62.045930432240226,62.83186929631081,169801364
2021-03-01,68.4644775390625,69.42507472476035,65.27703566887845,67.67853196438902,80974117
2021-03-02,68.81378936767578,71.1716194957745,67.67853387634997,68.94477474837853,94777460
2021-03-03,68.50814056396484,70.86597740684097,68.33348894413649,68.98844251229116,47037509
2021-03-04,66.71793365478516,67.89684866566985,65.495352410614,67.15456933752259,46203742
2021-03-05,62.962860107421875,66.45594534680762,60.605030235849036,66.32495331782438,65129335
2021-03-08,64.92772674560547,65.80099813872063,63.181183959375154,63.83613750421152,41468123
2021-03-09,62.26425552368164,65.93199285875862,60.8670159079073,65.62634919125757,42201529
2021-03-10,63.748809814453125,64.40376333994408,61.82761547135903,62.70088683868031,36382925
2021-03-12,63.61782455444336,66.15031312198288,63.00653719720702,64.40377020127045,52509386
2021-03-15,66.97991943359375,67.54754722456305,62.52623624585393,63.70515140400085,61636155
2021-03-16,65.53901672363281,68.37714857826992,65.18970685517115,67.76585464282914,55029693
2021-03-17,63.00653839111328,65.84467069105052,62.61356222898701,65.49536076778249,31206605
2021-03-18,61.78394317626953,66.19396581358109,60.73602030330993,63.92345515128337,46498848
2021-03-19,64.18545532226562,65.18971888090287,58.59651638346655,61.69663287697006,51635354
2021-03-22,64.05445861816406,64.70941219639178,63.0501951323751,63.74881494749759,21560723
2021-03-23,63.13753128051758,64.92773383433659,62.875547168967124,64.36010603433243,19090900
2021-03-24,61.56562805175781,62.83186880057573,60.95434079285223,62.700883432618404,30044912
2021-03-25,63.0938606262207,63.661488386506306,59.03314715652496,62.045937578410566,80461442
2021-03-26,67.02357482910156,67.67852832906021,63.79247356098485,64.4474270609435,105958723
2021-03-30,69.11943054199219,70.73498125038978,68.11516713000498,68.50813658304996,90695992
2021-03-31,68.81378936767578,69.99270443172513,68.11516957877804,69.119433026869,30537855
2021-04-01,73.22380828857422,73.7041102415012,69.46874512603817,69.55607093678883,87556680
2021-04-05,78.28877258300781,78.59441620239978,72.96181903957363,75.53796668341758,149912383
2021-04-06,79.51136779785156,81.56355436278793,77.8521507184764,80.25364719420739,134289233
2021-04-07,78.41976928710938,80.60294764518557,77.93946738331996,79.90432790558854,48066027
2021-04-08,83.48473358154297,86.01722164261346,79.77333061726777,79.77333061726777,124224953
2021-04-09,82.39315795898438,85.58060000600001,80.6029555278068,84.4890107202092,70229432
2021-04-12,73.96607208251953,80.29728863410874,72.8744830219007,80.25362906920252,97082396
2021-04-13,79.2057113647461,80.07898274324398,74.53371082228875,74.53371082228875,64322836
2021-04-15,81.03958892822266,83.26642701013428,78.50710052499093,80.34096914025112,120105992
2021-04-16,79.99165344238281,82.52414166186706,79.5113582027163,81.91285438864364,39292380
2021-04-19,77.85214233398438,78.15778597456293,74.53370853262155,76.19292543330296,60730939
2021-04-20,77.72116088867188,80.47196735375499,76.58590531180184,79.03106809466072,36041449
2021-04-22,82.13117980957031,82.52414928400508,77.72115646853388,78.15779217903126,56291774
2021-04-23,81.30155944824219,84.4453349021021,79.24937315631499,82.96077630688622,72844016
2021-04-26,87.7637710571289,88.37505833977782,82.8297865756397,83.00444484391917,167027119
2021-04-27,87.4581298828125,88.68071114512844,86.71585054364878,87.76377353275852,59990913
2021-04-28,90.38358306884766,90.99487033763401,86.97782353374708,88.02575313206425,71403090
2021-04-29,98.24302673339844,99.11629808213975,91.47517378065321,91.69349161783853,144435081
2021-04-30,104.35592651367188,105.97147718158641,95.40489515998873,96.9331200252517,211743607
2021-05-03,111.56040954589844,114.04923810258347,101.69244110500604,104.093937200906,170916244
2021-05-04,111.77873229980469,118.50291899970216,110.1631816420404,113.26329092314882,195246744
2021-05-05,113.78726196289062,117.28034743634812,110.51249433152422,115.70845630827952,104823675
2021-05-06,116.71271514892578,117.89163684742557,112.95765885754034,113.87458315074701,97680986
2021-05-07,125.96939849853516,127.36663805800724,118.8522419723177,118.8522419723177,164883787
2021-05-10,127.75960540771484,132.12596230254402,126.62434995004651,131.38367630039755,114303952
2021-05-11,122.60729217529297,125.70740813192872,120.77343033584971,123.56789599004658,117184978
2021-05-12,115.44647979736328,125.0961317150937,112.78299928431524,122.60730282214982,95677126
2021-05-14,111.03644561767578,117.28033666028003,107.58702003206096,116.49438450592956,147648853
2021-05-17,114.00558471679688,114.835189887473,107.49970874466413,111.77873996651365,81100256
2021-05-18,115.22815704345703,118.93956044444981,113.87458372631747,117.45500174906547,66676999
2021-05-19,112.30270385742188,115.70845688087111,111.42942582220422,114.04924660279352,38298939
2021-05-20,106.05879974365234,109.50822547451192,105.66583031246157,109.15891561204708,59942600
2021-05-21,106.53910064697266,108.98426299896492,106.01513918941185,106.53910064697266,36201475
2021-05-24,108.94060516357422,109.81387654765096,102.26007774288071,106.80109293759895,96749599
2021-05-25,108.24198150634766,112.04071722076523,107.63069422444663,110.38150031806458,91822284
2021-05-26,103.70097351074219,107.41237677323191,103.13334579691389,107.41237677323191,67141657
2021-05-27,106.75743103027344,108.59129967865513,103.48266320725891,103.52632944324532,76208352
2021-05-28,105.5785140991211,110.73081671635065,105.01088635389095,110.46883263008071,66359161
2021-05-31,110.55615234375,111.4730899326179,104.48691908419727,105.88415192137505,88316813
2021-06-01,105.84048461914062,111.51674837612904,104.8362278998526,111.3420967716959,110269080
2021-06-02,106.45177459716797,107.32504591189037,105.66582908141152,106.05879850802405,37163462
2021-06-03,106.8447494506836,108.85327624157561,106.58277204047924,107.41237716659062,35499419
2021-06-04,107.32504272460938,108.41663183559496,105.92780999505406,106.84474085076323,30162901
2021-06-07,107.4123764038086,109.98852422978158,106.97574072737035,109.3335707151242,38731208
2021-06-08,106.05879974365234,107.98000065594326,104.87988478754853,107.41237296225432,32933698
2021-06-09,108.67861938476562,109.59555698872788,105.84048743087428,106.53910719222948,65119067
2021-06-10,112.25904083251953,112.78299567606923,110.11952191076546,110.46883180233061,69545924
2021-06-11,117.93529510498047,118.50291613619912,113.00130412374634,113.56893848002794,182708699
2021-06-14,119.900146484375,121.60302277382551,113.52526363086045,118.764891183054,107555205
2021-06-15,119.900146484375,122.03965840317498,119.28885926829814,120.46776747250453,54148549
2021-06-16,114.57319641113281,120.51144415021393,114.22389320738931,118.76490148137026,70891536
2021-06-17,112.04072570800781,116.49440194928465,111.21111386254738,111.77874161732932,62423773
2021-06-18,108.28565979003906,112.65201703963741,104.3996045029095,111.77874558971774,87506711
2021-06-21,110.81813049316406,111.2110999173737,104.92354915483119,105.57850263686818,57519229
2021-06-22,111.123779296875,114.57319846465334,110.55615158682077,111.77873280943025,54722911
2021-06-23,108.37297821044922,112.91399343781022,107.98000874980262,111.99705581292552,41682651
2021-06-24,109.15892028808594,110.86179677956737,108.02366485207715,109.37723812866211,42063029
2021-06-25,114.7042007446289,115.27182180987933,110.68714707880459,110.86179868926135,84119646
2021-06-28,116.31973266601562,116.84370076780195,113.52526721496736,116.36339889534153,43837860
2021-06-29,113.78726196289062,116.88737798559687,112.87032436109531,116.31974360112187,31437450
2021-06-30,114.04924774169922,117.236682953807,113.6562649600153,114.9225191231056,39503843
2021-07-01,110.86180114746094,115.14083898638374,110.46883168395375,115.00984028183865,42713468
2021-07-02,108.5912857055664,111.73506107862558,108.28564208058715,111.5167432518502,36404209
2021-07-05,109.68289184570312,110.73082157422455,108.11100724671954,109.15893031270859,41371708
2021-07-06,107.49970245361328,110.992787873146,107.01940720594655,110.2068423212448,37735052
2021-07-07,111.8660659790039,113.26329215288364,106.32078754108616,107.4997025386042,70266324
2021-07-08,107.32504272460938,112.82664784645803,106.97573287658774,112.65199625371281,44541931
2021-07-09,109.20258331298828,109.77020435178497,107.01940497136542,107.76168427501088,36030640
2021-07-12,109.02792358398438,111.25476812754764,108.59128792152346,110.33783057136712,28310351
2021-07-13,109.46456146240234,111.12377834584865,108.54763055019133,109.68287929805234,22303327
2021-07-14,108.72227478027344,110.42515111784357,108.37296493441693,109.8575301136743,15709364
2021-07-15,110.1631851196289,111.29843390786691,108.72228602058468,108.85327805913994,38444821
2021-07-16,111.08013153076172,112.17172089982397,110.29419251506312,111.25478982733134,31731431
2021-07-19,110.59981536865234,112.91398572757623,108.85327270720512,109.94486187060964,55149617
2021-07-20,107.2813949584961,110.64348866644839,105.49119250590108,110.46883704364528,46291709
2021-07-22,110.1631851196289,111.51675175128175,108.5912939820294,108.6349602157251,68047287
2021-07-23,110.51248931884766,114.39854406679093,110.03218742302029,110.99278455214353,75791978
2021-07-26,113.17597198486328,114.31121407675161,110.51249170953228,111.12377898787138,62471280
2021-07-27,113.30696868896484,115.31549565443726,111.99706153649126,114.39855798269284,45361755
2021-07-28,116.88737487792969,117.76064622307652,111.16744490220525,113.83092516991576,75594059
2021-07-29,123.96086883544922,125.18345675370438,117.28034815646775,118.10995329649509,146823987
2021-07-30,124.0481948852539,127.41028150512585,122.69462166099193,122.69462166099193,83758559
2021-08-02,121.82135009765625,125.31443540511593,121.29738197151211,125.31443540511593,44235482
2021-08-03,121.47205352783203,123.0875975756834,119.7255107787622,121.95234212377528,40356148
2021-08-04,120.11847686767578,124.3975011530125,117.14934628238657,121.90868580033991,60973704
2021-08-05,124.92147827148438,125.62009806676761,116.75638523142365,121.16640853126825,85824933
2021-08-06,123.13125610351562,126.0130541241424,122.47630261360331,125.18344903526604,46997414
2021-08-09,117.1056900024414,125.66373832665413,115.577465183823,124.00452813932218,71272074
2021-08-10,111.123779296875,118.76490361001964,107.89267796661507,118.02261763243169,62228631
2021-08-11,117.67330932617188,118.10994498229869,111.4294181110524,113.69992219040547,83411121
2021-08-12,117.89163208007812,120.24946205666701,116.75637666170174,118.76490342881944,44524216
2021-08-13,116.97470092773438,119.55084888309187,112.47735856457112,117.76065317983492,73126922
2021-08-16,117.45500183105469,119.07055923087542,115.4028087366947,117.89163752559392,44335128
2021-08-17,113.52528381347656,117.89164088322565,113.08864810650165,117.324019794184,34911091
2021-08-18,112.1280517578125,114.39856291672004,111.51676439197284,113.74360931223501,24225712
2021-08-20,103.91929626464844,109.33357626216352,101.38680788031446,109.33357626216352,66573892
2021-08-23,100.55720520019531,107.32505869541536,98.28670084398277,106.53911308604467,87566320
2021-08-24,104.09394836425781,105.53484750883047,101.69245201081407,101.82344405350833,57673943
2021-08-25,104.22493743896484,106.10247223069754,103.48265810154452,104.836231399953,33183246
2021-08-26,100.64452362060547,104.181275271852,99.55293442732341,103.91929120045164,58381363
2021-08-27,103.26433563232422,104.13760696959545,101.73611079209955,101.73611079209955,51051068
2021-08-30,106.10247039794922,107.23772583265192,103.74464038745194,103.78829995799789,43152497
2021-08-31,106.18980407714844,107.32505959604745,104.83623736426512,106.75743183659795,31984469
2021-09-01,104.83623504638672,106.18980172934334,103.30801008455911,106.01515011300445,29172329
2021-09-02,105.53483581542969,106.10246349585617,104.13760306074772,104.7052307411742,23650346
2021-09-03,106.93208312988281,109.15892792455665,104.53058671554257,105.88416008681996,45453134
2021-09-06,106.05879974365234,107.49969876223767,104.3122570938596,107.41237296225432,41016120
2021-09-07,105.0108871459961,107.76169342245169,104.70524348473039,106.36446049771409,29365152
2021-09-08,104.79256439208984,106.40811509396154,104.05028506015223,105.57850995753688,20022364
2021-09-09,106.71376037597656,107.67436422764767,104.35593030604112,104.7925659976982,27731248
2021-09-13,105.0108871459961,107.76169342245169,104.00662369109553,107.63070137832862,35275437
2021-09-14,105.36019897460938,106.27712997521857,104.5305871216404,105.62217640512675,22858807
2021-09-15,105.44751739501953,106.45178079795465,104.39959442132398,105.2728657869142,31240322
2021-09-16,104.44325256347656,107.10673285710754,104.18127515490198,105.79682582663952,27324977
2021-09-17,100.55720520019531,105.22920595793755,99.85858540019198,105.22920595793755,49076581
2021-09-20,93.85930633544922,100.46848899701443,93.14959244756305,98.47242630170952,64945986
2021-09-21,98.64984130859375,99.0934107511114,93.41572730155144,94.03672181374314,65576034
2021-09-22,98.73857116699219,100.77898675969585,96.78686135027569,99.18214065692776,55010096
2021-09-23,97.98450469970703,100.6015689404336,97.14172531526427,100.20235230964457,37099971
2021-09-24,95.94408416748047,98.9159984626929,94.61337566798235,98.20628455562719,41761741
2021-09-27,96.91992950439453,97.40785863028533,95.36743635443855,96.21021564279575,23012292
2021-09-28,97.89578247070312,98.91599362407999,96.74250588855227,96.96429062761972,26139871
2021-09-29,101.48870086669922,102.3758398484565,98.11757002868823,99.71442290318465,79833166
2021-09-30,100.82334899902344,104.63804264919833,100.42413238685388,102.02098529886516,59107985
2021-10-01,101.84355926513672,102.77505114826293,98.29500328751291,100.202346710819,50198724
2021-10-04,106.72281646728516,107.29945135971747,101.13383847576496,102.73069126429444,86400828
2021-10-05,105.88003540039062,107.56560080795514,104.94854353686809,106.27925200047164,43299836
2021-10-06,102.68632507324219,108.2309430577585,102.02097091510022,106.27924023454176,52648409
2021-10-07,102.46454620361328,104.504968445737,102.02097673952838,103.7065420567176,22381530
2021-10-08,103.70654296875,105.34774864663093,102.7306914928478,103.26297350076419,22319979
2021-10-11,103.44038391113281,104.54930742383435,103.17424632908363,104.23881019394432,20380201
2021-10-12,102.81940460205078,104.41625063464109,102.33147547723173,103.61783100251243,19223747
2021-10-13,108.00916290283203,109.51729635102102,102.99682667934206,102.99682667934206,81744156
2021-10-14,110.18265533447266,111.60208307495948,108.67452182062175,109.11809129744061,60211742
2021-10-18,114.44091796875,116.92490959323423,110.71493730035633,111.6907887355706,115093350
2021-10-19,109.02937316894531,116.57004712013959,107.87608988097868,115.32805806335428,54408504
2021-10-20,105.96875,109.33988088052604,105.12597066403518,108.85195172707269,34047612
2021-10-21,105.08160400390625,108.40837500573949,102.95247597739932,106.85588187155064,32622992
2021-10-22,103.35169219970703,106.32360645864996,102.15405591844147,105.83568407578869,24743699
2021-10-25,102.4201889038086,105.61389453328759,101.17819979049236,104.06140137330925,31735805
2021-10-26,106.36795806884766,107.07766514523031,102.99682745894832,103.17425930429361,30794702
2021-10-27,103.79525756835938,107.87609540114107,103.26297554988055,106.9002439058744,34383061
2021-10-28,102.0209732055664,104.32753298524311,100.73462451161188,103.17425647957108,56679255
2021-10-29,102.10968780517578,103.75089344493979,100.06927236082934,102.02097526730556,48266319
2021-11-01,111.11415100097656,115.59420530555468,108.452734210534,109.11808840814464,200912849
2021-11-02,108.54144287109375,112.08999846487421,108.31965814648247,111.602076131729,49404142
2021-11-03,108.23094177246094,109.8277944403712,107.4325154385058,109.11808063944832,40867394
2021-11-04,109.33988189697266,109.7390917401759,108.85195273898341,109.47295410081821,7327909
2021-11-08,110.58186340332031,110.89236065950041,108.23094400367239,110.89236065950041,40785175
2021-11-09,113.05655670166016,114.15642202190416,110.1694198510216,112.5524578818526,62396450
2021-11-10,108.10717010498047,113.60647521233469,107.69472501902011,113.19403012637433,67831948
2021-11-11,107.23645782470703,109.25286705508871,106.68652867030553,108.24466243989788,25749010
2021-11-12,107.69473266601562,108.97790534739046,105.90746117630934,108.15300812416888,24442697
2021-11-15,105.8157958984375,108.56544852803115,105.40335080108976,108.1530034306834,17462859
2021-11-16,104.99089813232422,107.05313745580109,104.53262272710714,106.2282403278648,22417892
2021-11-17,104.16602325439453,105.8158108699363,103.66191740388695,104.48681470802244,17789072
2021-11-18,101.27886962890625,104.99090339429677,100.82059420072115,104.30349025201912,25723110
2021-11-22,98.39173889160156,102.37873395567478,96.971089175271,101.82880480765235,32273044
2021-11-23,101.78298950195312,104.02853661415381,98.07095522215381,98.34592331426082,51894157
2021-11-24,101.37052917480469,103.20363099349095,100.8206000277445,102.5162178114836,28289989
2021-11-25,100.77476501464844,102.37872903166112,99.39993871435185,101.59966219337203,33353266
2021-11-26,95.00049591064453,100.0873488741216,94.49639015183936,99.49159642264199,56238864
2021-11-29,94.08395385742188,97.10856771452988,92.02171427600472,95.04632813311272,44874279
2021-11-30,91.700927734375,96.51282034727593,90.96768415817469,94.40475031024678,50348334
2021-12-01,93.99230194091797,94.40474706790957,91.88423197629062,93.30488873411281,37013303
2021-12-02,95.82539367675781,96.1461850740791,93.21321817337359,94.12976901870756,35863264
2021-12-03,95.32129669189453,97.33770594020854,95.00050526503485,96.0545402327698,39431734
2021-12-06,94.3130874633789,97.70432294072765,93.71732798959377,95.5962601009019,40798956
2021-12-07,98.75835418701172,99.62907469829786,95.13798112295494,95.7795639215102,54180253
2021-12-08,101.00390625,101.23304397469849,98.25425355361821,100.77476852530152,42143106
2021-12-09,102.47039031982422,103.11197313334038,99.58325367354504,101.04973367067358,41245513
2021-12-10,102.8828353881836,103.34111082421113,100.86642626675368,101.8288004867746,31774104
2021-12-13,103.57025909423828,113.14821388595016,103.11198361152042,113.14821388595016,69531375
2021-12-14,105.03673553466797,106.31990823955314,102.28708273536918,103.02032627894033,41178093
2021-12-15,104.44097900390625,107.41976962131075,104.12018756673154,105.17422256835891,38428524
2021-12-16,104.02853393554688,105.90746620019675,102.74536119330271,105.22005298035835,26860434
2021-12-17,102.97450256347656,104.02853760293316,101.18723092598037,103.66191580754881,34182526
2021-12-20,97.6126708984375,101.09556711725716,95.77956909752788,100.63729166702976,47029517
2021-12-21,101.4163589477539,102.56204757799802,98.39173816681809,98.52922220099308,37037500
2021-12-22,103.29528045654297,103.75355589245083,102.10376851881942,102.5620439547273,23794822
2021-12-23,102.10377502441406,105.0825655476104,101.73715325378264,104.02853057931827,26865830
2021-12-24,99.72074127197266,102.60787102885493,98.80419036687265,102.562047679237,27899055
2021-12-27,99.39993286132812,100.1331763087349,98.16259066246597,98.80418042712884,18001260
2021-12-28,99.72074127197266,100.27067041648696,99.35411951138695,99.62908058727989,12134126
2021-12-29,97.52101135253906,99.53742041539886,96.87942156509968,99.44576672940123,25865808
2021-12-30,96.37532043457031,98.39172944802843,96.14618272882608,97.15438723555513,21013686
2021-12-31,98.25425720214844,99.39994586818435,96.69612341343107,96.74195375716397,21997020
2022-01-03,100.91226196289062,101.37053745499524,98.11678565668991,98.71253820224265,24678644
2022-01-04,100.68311309814453,101.96628573287924,99.58325483564525,101.69131767089027,24952161
2022-01-05,103.57025909423828,104.16601862031729,99.81240153449754,100.49981475857435,40582366
2022-01-06,102.97450256347656,104.02853760293316,101.96629787071642,102.37874302006811,25776004
2022-01-07,102.65370178222656,103.98269780285149,101.32470576160163,103.43276865613525,26351285
2022-01-10,100.59146881103516,103.20363767318595,100.22484702502318,103.15781432039005,40065591
2022-01-11,95.68791961669922,99.72074515470737,95.55043557703544,99.72074515470737,83997765
2022-01-12,96.1920166015625,97.2460515618848,95.82540182643179,96.28367728807378,36449235
2022-01-13,99.03333282470703,99.44577795461623,96.55864106706548,97.15440058239005,47128730
2022-01-14,99.1707992553711,99.7665587069121,98.30007874423829,98.71252382999003,22683240
2022-01-17,98.43756866455078,99.44577326221184,97.38353372451621,98.0709469037481,38356354
2022-01-18,96.5128173828125,99.07915583522859,96.28367964637916,98.98750213920101,26528093
2022-01-19,95.91705322265625,96.92525781557279,94.95467197916912,96.69612009024047,38987705
2022-01-20,96.69611358642578,97.97928616052585,95.13797995605798,96.23783816658491,41218605
2022-01-21,93.99230194091797,97.15439989513024,93.12157434999418,95.7795734815199,50322983
2022-01-24,89.22622680664062,93.717327519058,88.21802223676609,93.02991435877152,51823192
2022-01-25,89.36371612548828,91.47178607220665,88.21802745721278,89.08874804801069,39580595
2022-01-27,88.35550689697266,88.99708972072052,86.29326740141808,88.90543603057488,41800442
2022-01-28,89.31788635253906,92.0217158225879,89.04292526603275,89.501200736272,36999823
2022-01-31,90.23443603515625,91.33430134403565,89.40954579440748,90.92184923093264,29176967
2022-02-01,94.67971801757812,95.50460829656474,89.95947912256084,91.15099118816869,71410207
2022-02-02,95.45877838134766,97.15439616108505,95.00050292775764,96.42115263824962,50935597
2022-02-03,95.7337417602539,96.87943042178269,94.67971378583033,95.96287949255967,32947766
2022-02-04,96.32949829101562,97.79597833398562,95.1838096648315,95.96287653209102,39818820
2022-02-07,93.900634765625,97.38353090325629,93.48818966712604,95.73373652380394,41791347
2022-02-08,93.39653778076172,95.41294695659357,91.19681422993617,94.40474236867765,43278258
2022-02-09,94.95467376708984,95.32129553307044,92.15919766103598,93.7631617685636,38882386
2022-02-10,94.7713623046875,97.84180635136018,92.57163879613469,92.57163879613469,84638735
2022-02-11,93.2590560913086,94.49639843451489,92.66329659488228,93.94646928117082,24260135
2022-02-14,88.1263656616211,91.9300530892022,87.53060621033498,91.65508503699998,32544033
2022-02-15,90.00529479980469,90.4635702458174,86.43075191508825,88.90543652646554,30069759
2022-02-16,90.4177474975586,91.97588122726218,89.91364170650415,90.55523153082147,23615723
2022-02-17,89.22622680664062,91.10515890851501,88.90543539705259,90.69270681670615,17584772
2022-02-18,88.76795959472656,90.14278604273801,88.26386075942638,89.18041172476735,24800828
2022-02-21,87.62226104736328,89.73033082798582,87.34729998427869,88.44715822207333,24726790
2022-02-22,85.46837615966797,86.47658080697352,83.49779021695828,86.10995902811818,31544269
2022-02-23,86.98068237304688,88.0347173134332,85.37671828763722,86.15578515914764,25758246
2022-02-24,77.90682220458984,84.27684781128568,77.31106275389149,82.48957645191865,71704145
2022-02-25,83.95606231689453,84.55182180949086,81.02310218942908,82.0313067961998,42402553
2022-02-28,88.30967712402344,88.67629887969446,82.67288773467547,83.40613124601752,51489421
2022-03-02,91.059326171875,92.11336105513107,87.576437113686,87.98888220191625,57349266
2022-03-03,92.70912170410156,93.9464639774541,91.7009171477672,93.02991310938137,42379071
2022-03-04,89.40953826904297,93.57984044344592,88.95126284376387,92.57163590637751,46399925
2022-03-07,89.82199096679688,90.87602593281012,86.9348541443184,89.4553691969581,38617536
2022-03-08,88.0805435180664,90.28026716218831,85.69751248390463,89.82199169435994,38596051
2022-03-09,88.0805435180664,89.6845076554657,87.2556462774296,88.0805435180664,31188865
2022-03-10,90.83019256591797,91.28846801478005,88.53881532160759,89.77615763498952,41584245
2022-03-11,91.33430480957031,93.35071412993238,90.78437563062874,91.19682076665269,44512874
2022-03-14,91.01350402832031,92.89242911288501,89.82198510232071,92.38833033090685,46969583
2022-03-15,86.98068237304688,90.73853968888955,86.0183011247097,90.73853968888955,44771720
2022-03-16,89.08873748779297,89.31787519428701,87.9888792937127,88.30967068425879,30212949
2022-03-17,89.91364288330078,91.65509101105656,89.08874566565557,90.55523271601528,50576391
2022-03-21,91.10515594482422,92.43415188105396,90.28025878076905,90.64688051954113,44140020
2022-03-22,91.19681549072266,92.98408696706753,90.05112685390453,91.56343725305015,43769916
2022-03-23,94.49640655517578,95.96288675435987,91.47179245549533,92.38834345407653,100447377
2022-03-24,95.32129669189453,96.19201727804635,93.94647029729991,94.17560802973235,41016068
2022-03-25,94.49640655517578,96.37533889935891,94.31309915255122,95.7795793517353,29916817
2022-03-28,93.79190063476562,95.62359455943246,93.5570686315907,95.62359455943246,28885917
2022-03-29,92.80561065673828,94.91909868839625,92.52380938591561,94.77819805298492,37061803
2022-03-30,91.81930541992188,92.99346533577766,91.161778733644,92.99346533577766,32496697
2022-03-31,92.5707778930664,93.51010589942322,92.05414462296856,92.24200735763836,30867023
2022-04-01,95.95234680175781,96.28111013477103,92.805599757483,92.9934624716325,31320098
2022-04-04,99.94450378417969,100.32023642932592,96.60988641245002,96.75078705019288,53395420
2022-04-05,99.33393859863281,101.44742665392288,98.81730531851584,100.46112936151921,45728043
2022-04-06,103.79573822021484,105.1577608777701,98.44157178495901,98.86426649482001,78734092
2022-04-07,102.48068237304688,105.39259771151217,100.97775902091999,104.5941703525545,52483623
2022-04-08,104.17147827148438,105.3926003907852,102.71551698198661,103.23215025671266,38006661
2022-04-11,103.27909851074219,105.5334868772454,103.04426653853359,104.2184263995766,23157885
2022-04-12,101.4944076538086,102.85643058027881,99.38091935421383,102.3867665137022,33624428
2022-04-13,100.0384292602539,102.80944391776275,99.85056653200046,102.29281783181389,18850426
2022-04-18,98.86426544189453,100.74292131727495,98.11280022514099,99.56876139516218,26261827
2022-04-19,97.78404998779297,101.44743086914636,96.28112651932871,99.56877474193993,26307915
2022-04-20,95.71752166748047,98.44157421637611,95.48268967475677,98.1597729585062,26825161
2022-04-21,96.84471893310547,97.50225285722217,94.59033021678451,96.14022290716169,31169375
2022-04-22,95.24786376953125,97.45528320891425,95.01303176179893,95.62359641520379,18079494
2022-04-25,90.8799819946289,94.02672929189154,90.64514999981074,93.4631339376287,48541864
2022-04-26,92.1950454711914,92.75864084301271,91.44358019776035,91.9602134690572,20974709
2022-04-27,91.30267333984375,91.91323793707643,89.70581870077686,91.490543228648,29642139
2022-04-28,91.86627960205078,92.24200506203978,90.59818109182469,91.91324170129752,21460845
2022-04-29,90.8799819946289,92.94650068242724,90.64514999981074,92.14807333334623,22228488
2022-05-02,90.97391510009766,91.2557163658734,88.71952647340342,90.12851846927434,22931138
2022-05-04,89.09526062011719,92.4298779336311,88.15593260690244,92.10111456230675,31271235
2022-05-05,88.39076232910156,90.7390823015352,88.10896823231182,90.08155557585532,23329442
2022-05-06,84.44560241699219,87.35751825899086,83.64717491996909,87.35751825899086,48845546
2022-05-09,82.56693267822266,84.44558867924476,81.53367331096128,84.44558867924476,29833441
2022-05-10,78.99748229980469,83.08355761131972,78.4808562066843,82.0033361591117,32190085
2022-05-11,78.76264953613281,80.54737412795382,76.41432959071142,79.09141289519106,39120953
2022-05-12,75.80376434326172,78.43388552693403,74.95837490312047,78.38691626181344,35341235
2022-05-13,74.81747436523438,78.71568688036217,74.3947724781461,77.68242037848216,32364015
2022-05-16,76.60221099853516,77.25973781546914,74.06602077642233,75.14624954696086,26772936
2022-05-17,80.50041198730469,80.73524400263113,77.1188323999047,77.16580166957175,38380173
2022-05-18,79.46714782714844,81.20490320391657,78.9974838244271,81.06400973630333,32754918
2022-05-19,75.3341064453125,77.30670107571068,74.44174766794515,77.30670107571068,39987370
2022-05-20,77.96422576904297,78.38692051203253,76.64916510590288,77.91725650137565,30011006
2022-05-23,69.46330261230469,72.04645460780154,67.34981461598908,72.04645460780154,113585736
2022-05-24,69.74510955810547,71.1071324000458,68.8997128574336,69.83904093229023,60064633
2022-05-25,66.83319854736328,70.49657972409145,66.69229789316124,70.44961045052244,55416336
2022-05-26,69.18151092529297,69.83903768047536,65.2832981628439,67.63161824064404,66187950
2022-05-27,69.6981430053711,70.07387568326489,68.57095213819446,69.93297503324162,35122761
2022-05-30,70.21475982666016,70.96622500578752,69.32240119713661,70.44959179932458,29257589
2022-05-31,71.34196472167969,72.04646078081348,69.60420920911724,69.88601049937256,33084493
2022-06-01,71.8116226196289,72.32825588541198,70.40263062186114,71.34195862037299,32105532
2022-06-02,71.76466369628906,72.28128981843685,70.26174026544355,72.2343277163348,35686075
2022-06-03,71.0601577758789,72.70398161724721,70.91925715617526,72.70398161724721,21785047
2022-06-06,71.10712432861328,71.38892558568455,69.18150629363846,70.8722923365551,27661489
2022-06-07,70.4496078491211,71.34196668194141,69.97994379679362,70.4496078491211,18218210
2022-06-08,71.20106506347656,71.76466042856794,70.54353116545005,70.68443179834887,21951937
2022-06-09,70.49656677246094,71.29499411091211,69.65117016906996,70.68442949921287,21014709
2022-06-10,68.85275268554688,69.69814224343523,68.19521871479466,69.55724876145696,29410059
2022-06-13,67.16195678710938,67.63162082058567,65.94082743346925,67.63162082058567,30530740
2022-06-14,66.9271240234375,68.94668077814737,66.41049072577765,66.69229200932018,29432739
2022-06-15,66.45745849609375,67.86645054901446,66.22262648727363,67.58464927182865,23770095
2022-06-16,63.16980743408203,67.63161539411013,62.465311440393386,67.63161539411013,39971288
2022-06-17,64.29700469970703,65.79993537237152,62.23048577455021,63.16981386171324,68542282
2022-06-20,60.9623908996582,64.43790176226335,59.741261587659544,64.43790176226335,44821242
2022-06-21,64.62577819824219,65.18937364283342,60.68059575309377,61.61992388291412,51488728
2022-06-22,62.46531295776367,63.874304979367366,61.19722157162116,63.874304979367366,38976592
2022-06-23,63.16980743408203,63.87430342777068,61.948678178420174,62.465311440393386,33483121
2022-06-24,63.874305725097656,64.86060301833683,63.075878336834755,63.874305725097656,29172632
2022-06-27,65.70600128173828,66.22263463127936,64.62577964152429,65.09544371692344,31633555
2022-06-28,66.78621673583984,67.06801799134062,65.00149217284338,65.56509468384493,35159121
2022-06-29,65.79993438720703,66.410491901518,65.47116382841871,65.89386576121608,24035362
2022-06-30,64.39094543457031,66.50443370266555,64.06217485966275,65.65903696212649,25854133
2022-07-01,65.65902709960938,65.94082119312476,63.73340187798738,64.0621652370072,20563587
2022-07-04,64.81363677978516,65.65903347543107,63.40464467587678,65.00149952703784,22848966
2022-07-05,65.37722778320312,66.97408969327873,64.6257696783181,64.81363241291336,27353438
2022-07-06,65.37722778320312,65.65902905159999,63.45160967083778,65.04846441440942,24025696
2022-07-07,68.4300537109375,69.04061843653437,65.51813790405814,65.94083270135329,36413399
2022-07-08,67.25588989257812,69.32241599299672,66.83319511816536,69.04061469905182,37768322
2022-07-11,68.10128784179688,69.41634862652562,66.22263162547144,66.22263162547144,40747355
2022-07-12,66.78621673583984,67.77251396358893,66.31655275434096,67.77251396358893,34393160
2022-07-13,66.7392578125,67.30285318380919,66.31655590914013,66.69228854551424,23680129
2022-07-14,65.84688568115234,66.78621360004611,65.33025962566275,66.50441952427995,21598574
2022-07-15,65.14239501953125,66.03476091467785,64.39093692343839,65.84689101577673,57717709
2022-07-18,67.4437484741211,67.6316111941702,65.42419198432783,65.61205470437694,33245541
2022-07-19,68.7588119506836,68.99364396850218,66.83319370447376,66.83319370447376,39257553
2022-07-20,70.40262603759766,71.52982386231677,69.65116798762168,69.79206861152448,61219545
2022-07-21,71.01319885253906,71.3889315042835,69.88600806380997,70.44960345817452,31038381
2022-07-22,70.73139953613281,71.67072751315182,70.16779701671842,71.43589551889707,21258642
2022-07-25,71.38893127441406,71.52983191417756,70.26174048931448,70.68443524210076,19924422
2022-07-26,70.40262603759766,71.9525185675218,69.97993133239262,71.62375522275084,24458733
2022-07-27,71.20106506347656,71.38892779633906,69.79207306749619,70.4495997990188,17084580
2022-07-28,71.44307708740234,72.70155499163812,71.20106125361811,72.60475013527184,33296293
2022-07-29,74.68609619140625,74.97651079320104,72.1207265873269,72.50795344212457,41224551
2022-08-01,75.21852111816406,75.65415406740067,74.25045774528814,75.36373210124293,18151290
2022-08-02,75.02490997314453,75.41213679208886,73.47601008310448,75.02490997314453,18742186
2022-08-03,73.91163635253906,76.08977892119387,73.04037784792966,75.4121375207962,23493253
2022-08-04,74.49246978759766,75.65415020721753,73.52440646411627,74.10525036679472,24826809
2022-08-05,75.12171936035156,75.94457178413023,74.63768765392437,74.87970350713798,19897620
2022-08-08,75.65415954589844,76.08978514094348,74.39567411573152,75.26693269155955,19680701
2022-08-10,77.34825897216797,77.73548576843935,75.17011655209542,76.04137499727182,35559063
2022-08-11,76.33179473876953,77.25145936558442,75.55734847937194,77.25145936558442,31717052
2022-08-12,78.99397277832031,79.57480934716885,76.28339966178117,76.33179840083824,40640281
2022-08-16,80.01043701171875,80.30085158403168,77.63867738294189,79.28438950233063,26851934
2022-08-17,80.20405578613281,81.36573636381506,79.72002405853306,80.20405578613281,28056755
2022-08-18,80.49447631835938,80.63968731115555,79.42960801408383,80.204054332767,20383265
2022-08-19,79.13917541503906,80.54286425709668,78.89715958808176,80.44605940346113,16756741
2022-08-22,75.65415954589844,78.60674861553936,75.50894855230412,78.60674861553936,18504246
2022-08-23,77.445068359375,77.78388905629981,74.54087829589844,75.26692581176758,18941205
2022-08-24,76.91263580322266,77.6870894939056,76.38020535339868,76.961041928542,15002345
2022-08-25,77.20304870605469,78.36472171975072,76.96103287938995,77.29985355957321,14283751
2022-08-26,79.09078216552734,80.2524627554009,78.02591383078017,78.41314069407136,29944031
2022-08-29,77.39665985107422,77.88069151339673,75.9445648641067,76.47700264695627,20571152
2022-08-30,78.70355987548828,79.23599033096632,77.68709031888991,77.92910617658116,22790003
2022-09-01,78.36473083496094,78.84876254459192,77.44507354095718,77.92910525058817,19557859
2022-09-02,76.67061614990234,79.13918070414306,76.5254125526131,78.3647270518259,23484601
2022-09-05,77.9291000366211,78.4615378358867,76.9610366821289,77.15464639873244,21881137
2022-09-06,79.42960357666016,79.81682302150034,77.4450706860355,78.60674379203104,21769068
2022-09-07,79.62322235107422,79.96204309669709,78.89717473085166,79.13919060425918,18135087
2022-09-08,78.99397277832031,80.44606789331053,78.65515206197013,80.25245816560691,13192202
2022-09-09,79.52641296386719,80.1556556761501,78.94557637781291,79.42960809714779,14149065
2022-09-12,80.59127807617188,80.83329392625046,79.8652305259361,80.05884025170393,13787059
2022-09-13,80.93009185791016,81.55933449137079,80.83328700331705,80.83328700331705,14722171
2022-09-14,81.36573028564453,82.28538754508877,79.33279127299942,79.38119739643857,22582789
2022-09-15,79.62322235107422,81.12372372049617,79.3812064776667,80.93010659032717,16676036
2022-09-16,78.07431030273438,79.76842115759833,77.05784083552113,79.38119434219627,22689826
2022-09-19,76.33179473876953,78.17111660666198,76.08977889788204,78.07431174745446,17209181
2022-09-20,78.17111206054688,78.7519485677503,76.96103292648269,77.00943904614,14219212
2022-09-21,77.5418701171875,78.94556635651713,77.3482604083254,78.12270662951077,10364275
2022-09-22,77.8322982788086,78.41313483749437,76.4770080513834,77.2514617201228,11718492
2022-09-23,75.65415954589844,78.50994374838912,75.31533881800364,77.44507543826063,11815823
2022-09-26,72.3143310546875,74.83130173467441,71.44307992702463,74.54087976829518,15856055
2022-09-27,72.50794982910156,73.42760710089941,71.15265959771192,73.33080223845819,14244016
2022-09-28,71.29786682128906,72.70155571694674,70.86223388468906,71.63668751481983,11622517
2022-09-29,71.68509674072266,73.23399668232308,71.20106504736393,72.1207223104505,31048983
2022-09-30,74.29885864257812,74.63767932210699,71.24945775534448,72.02391135347067,23164910
2022-10-03,73.57282257080078,74.10526042527941,73.13719697040045,74.05685429824025,12532404
2022-10-04,77.05784606933594,77.44507291103866,74.44407781288346,75.2669302354157,17021286
2022-10-06,79.81681060791016,80.05882641616427,77.29984767921471,77.44505864131443,22003469
2022-10-07,78.46154022216797,79.47800234385646,77.78389142197149,79.38119748261053,12122823
2022-10-10,79.28438568115234,79.8652221835215,77.1062432579654,77.34825908276395,17325325
2022-10-11,76.81582641601562,79.57480552482298,76.18658375259776,79.23598482474792,15270763
2022-10-12,76.9610366821289,77.445068359375,75.6541526307119,76.9610366821289,12403161
2022-10-13,75.65415954589844,77.2998644446663,75.02491683081499,76.9126375903274,12769213
2022-10-14,75.41213989257812,77.44507154344606,75.21852278227696,77.44507154344606,8472934
2022-10-17,75.75096130371094,75.94457103006435,73.81483449722631,75.21852347763262,11143044
2022-10-18,76.38020324707031,76.67061783376435,75.75096056396019,76.13818739862315,9906432
2022-10-19,75.89617156982422,77.25146179862668,75.60574959731741,76.38020326684384,8775176
2022-10-20,77.05784606933594,77.34826804704741,75.17012537142445,75.79936806597418,13611208
2022-10-21,75.36373138427734,77.00944353395252,74.83130096570325,76.57381058886027,13898452
2022-10-24,75.99297332763672,76.47700500488281,75.50894165039062,76.47700500488281,1726938
2022-10-25,76.81582641601562,77.44506907943348,75.02491067070119,75.55734847491722,14835434
2022-10-27,79.91363525390625,80.25245596094851,77.54187553313551,77.63868039432793,31614891
2022-10-28,76.42859649658203,80.15564620359947,75.84775997916927,80.15564620359947,29330156
2022-10-31,76.18658447265625,77.00944424799215,75.41213820598483,76.81582714202125,11696554
2022-11-01,77.445068359375,77.68708419799805,75.89616846933495,76.18658304424025,15997988
2022-11-02,77.88069915771484,78.84876257737936,77.15465159296646,77.44507357316093,14278917
2022-11-03,78.70355987548828,78.84876348151276,76.76743301395832,77.25146472934081,15209490
2022-11-04,81.41413116455078,81.70455314134894,78.84876165529266,78.8971677800049,33445593
2022-11-07,84.31832122802734,84.56033707964954,80.88170056643467,82.14017856342753,38020780
2022-11-09,83.30186462402344,84.80235857245363,82.76942676074096,84.65714757467312,22539789
2022-11-10,81.51092529296875,83.88268476248436,81.07529977088257,82.28537887194052,16683921
2022-11-11,82.76941680908203,84.7055435180664,81.51093149394728,81.70454859628808,33191044
2022-11-14,83.68907165527344,85.18957276624646,82.81782056966283,82.86621930456505,26520636
2022-11-15,83.44705963134766,84.4151230024108,82.38219140032568,84.07630229968618,13610421
2022-11-16,79.9620361328125,83.73748490631408,79.67162154145865,83.35025806543793,25739336
2022-11-17,79.13917541503906,80.34925454982559,78.17111210720984,80.34925454982559,22502719
2022-11-18,78.07431030273438,79.81681989343784,77.29985667193027,79.28438948478005,17752344
2022-11-21,79.09078216552734,80.34926762478916,78.41314069407136,79.62322002577,26933770
2022-11-22,79.62322235107422,79.8168320955049,78.26793198284444,79.09078447528235,14583252
2022-11-23,80.49447631835938,81.17211777042439,79.47800675452396,80.0588433399708,12436505
2022-11-24,79.9620361328125,81.65614709912522,79.72002028048212,80.6396849507802,12007082
2022-11-25,80.68807983398438,81.07530665635622,79.42960189344751,80.2040481524539,10734377
2022-11-28,79.4780044555664,80.54287272903989,79.18758986411237,79.86523129657613,12858389
2022-11-29,80.10724639892578,81.89816221287207,79.62321469863015,79.91363667310257,19526525
2022-11-30,82.14017486572266,82.28538584730654,80.05883715831979,80.1072432807602,23604166
2022-12-01,83.10824584960938,83.4954727074291,82.0433775299086,82.96303485470972,24779245
2022-12-02,83.9794921875,84.65713355056833,82.76941304935158,83.20503858479024,20303404
2022-12-05,85.28638458251953,85.81882241005881,84.2215163131786,84.41512604006326,21457721
2022-12-06,83.20504760742188,85.28638542788171,82.72101589967482,85.23798668854964,16724879
2022-12-07,82.57581329345703,83.68908032613332,81.75295347175673,83.68908032613332,12166267
2022-12-08,82.96302795410156,83.39866090256591,81.41412803739333,82.76941823416455,14100639
2022-12-09,81.84976196289062,84.22151429624861,81.02690217899247,83.54387288264276,12784750
2022-12-12,82.23698425292969,82.52740623208844,80.39766967071672,81.8013586699293,10442886
2022-12-13,81.46253967285156,83.01143969437453,81.31732868020362,82.72101770907864,11388040
2022-12-14,82.43059539794922,82.86622094940138,81.80135274583382,81.89815760329684,10055122
2022-12-15,80.88170623779297,82.96303679909495,80.68808911147634,82.23698919331848,10984645
2022-12-16,79.9620361328125,80.88170080311059,79.38119956436711,80.73648981456482,11710485
2022-12-19,80.30085754394531,80.54287339837039,79.4780051160476,80.34926366912542,8474568
2022-12-20,79.2359848022461,80.10724330628976,78.12271045739791,79.86522746548526,14817945
2022-12-21,78.80036163330078,80.97850426660968,78.21952507489925,79.67162016377185,14289387
2022-12-22,76.18658447265625,79.47800141678765,75.70255278633509,79.23598557362706,18920980
2022-12-23,72.3143310546875,75.79936510828864,71.97551035107001,75.75095898531296,15647334
2022-12-26,74.20206451416016,74.6860962365151,71.3946790473539,72.60475835324127,14027435
2022-12-27,78.21952819824219,78.55834892202755,74.73449393719882,74.92811105488892,29894904
2022-12-28,78.12271118164062,78.848758710785,77.39666365249624,78.1711173045452,13888353
2022-12-29,78.46154022216797,78.70355606815154,77.20305486875841,77.63868043723384,13574850
2022-12-30,80.01043701171875,81.75294660280792,79.4779992172059,79.9136321542811,29757458
2023-01-02,86.10924530029297,86.64168317915293,80.39767656355403,80.63969243835612,86864774
2023-01-03,85.52839660644531,86.8352806687755,84.89915394362343,86.15763926926721,37876426
2023-01-04,82.52740478515625,85.52839984565077,82.14017794831298,84.85075842047826,20223708
2023-01-05,84.6087417602539,85.044367331444,81.94656743784495,82.96302956586767,24321965
2023-01-06,83.15664672851562,85.2379844954238,82.72101377130925,85.044367385864,19627104
2023-01-09,84.94756317138672,85.33479000772004,84.02790589761545,84.22151562291333,16860710
2023-01-10,84.8023452758789,85.91561956998954,83.44705515199364,84.94755625089107,21375875
2023-01-11,86.10924530029297,86.6900893084087,84.99597818479398,85.23799405959609,24955585
2023-01-12,85.1895751953125,85.91562271118164,84.41512155742384,85.91562271118164,11442821
2023-01-13,86.0124282836914,86.73847580558932,85.14116978026645,85.47999786574199,18350692
2023-01-16,85.0927734375,86.83528310763467,84.80235146627545,86.39965753653539,12333401
2023-01-17,84.3667221069336,85.04436349504662,83.3018539031543,85.04436349504662,12532647
2023-01-18,87.8033447265625,88.28737641168298,84.56033391340267,84.7055448960863,39056707
2023-01-19,89.15863800048828,90.90115508138207,87.12570632993727,87.5613319072919,63481359
2023-01-20,88.57780456542969,89.98149359605118,88.28738257977247,89.40065701047463,27855347
2023-01-23,90.12669372558594,90.41711567623757,87.41612085769782,89.01341942907072,37644720
2023-01-24,88.0937728881836,90.1751107577443,87.80335090238893,89.98149363863523,15154378
2023-01-25,87.02890014648438,88.48099522995496,86.30285260474909,87.99696353546477,17092770
2023-01-27,85.33478546142578,88.28737423647296,83.54386974775173,87.12570117509985,21874770
2023-01-30,84.07630157470703,86.73847582217508,83.25344919354619,85.33478690053231,13314265
2023-01-31,87.70653533935547,88.23897311979901,84.22150886352924,84.60873566878482,26331826
2023-02-01,86.15763854980469,89.44905543222558,84.02790212421678,88.38418721943162,25911790
2023-02-02,86.15763854980469,87.36771774291992,84.85075449838769,86.0124275694834,22866118
2023-02-03,83.20504760742188,86.83528541552471,82.67261716034275,86.59326956165118,21487839
2023-02-06,81.75294494628906,83.93108743031883,81.41412425925407,83.64067286389043,15025899
2023-02-07,79.81681060791016,81.75293707394302,78.84874737489373,81.75293707394302,19123174
2023-02-08,81.84976196289062,82.0917778085695,79.67161935178075,79.8168229505981,17280945
2023-02-09,82.62420654296875,83.78588700984336,81.12371276197787,81.99496387996217,13368881
2023-02-10,81.84976196289062,82.38219239194167,81.07530830242324,82.23698140738685,8282686
2023-02-13,80.68807983398438,82.52740170094768,80.3492591340605,81.80135417865195,11254227
2023-02-14,81.51092529296875,81.80134723151734,79.42959514773844,80.97849491994528,19252645
2023-02-15,81.46253967285156,82.62421284255932,80.9301018283884,81.31732868020362,12266197
2023-02-16,83.0598373413086,83.20504093339548,81.65614106999254,82.28538371673855,10475328
2023-02-17,83.39865112304688,84.85074600951059,82.57579883119807,82.72100241125523,21525591
2023-02-20,83.30186462402344,83.83429510156776,82.18859015535706,83.25345849618388,12315939
2023-02-21,84.3667221069336,84.80234765847237,83.39865876063656,83.73747945469309,14079807
2023-02-22,81.84976196289062,84.31831915737267,81.3173241481021,84.22151429624861,19537168
2023-02-23,82.1885757446289,83.54386584338374,81.51092700238306,82.28538059759636,24771081
2023-02-24,80.30085754394531,82.96303194262116,80.10724781470034,82.6242112235736,19305545
2023-02-27,80.34925842285156,80.73648524179589,78.50993657216895,80.058836462209,16861726
2023-02-28,80.10724639892578,80.93009881228082,79.18758912265913,80.44606711198519,14683471
2023-03-01,82.52740478515625,82.76942063496608,80.34926213686767,80.34926213686767,13629694
2023-03-02,83.54386901855469,83.68907261065604,82.23697760374539,82.38218858158388,13107291
2023-03-03,84.9959716796875,85.28638627578033,83.30186068573036,84.07630699438236,14681544
2023-03-06,84.65713500976562,85.38318250516923,83.97949363501708,84.89915084156682,15255919
2023-03-08,84.6087417602539,84.99596859338817,83.01143568966103,83.49546738464447,10100796
2023-03-09,84.94756317138672,86.15764241884237,84.7055473218956,84.75395344608886,12585135
2023-03-10,85.28638458251953,85.38318944596186,83.64067974678696,84.02790658629394,10662815
2023-03-13,84.17311096191406,86.49646463456364,83.93109510821593,85.52840121977113,14288810
2023-03-14,84.02790069580078,85.09276889049272,83.01143123656836,84.31831526576924,10616254
2023-03-15,84.85076141357422,85.77041872099733,84.41512843710706,84.75395654738303,13398597
2023-03-16,82.57581329345703,84.51194014783363,81.36573400947165,84.0763071741562,20684933
2023-03-17,85.81881713867188,86.20604395439359,83.05983807847758,83.25344779346985,26577314
2023-03-20,83.83428192138672,85.81881467899554,82.72100762774608,85.81881467899554,14909136
2023-03-21,84.26992797851562,84.75395971329002,83.49547424858136,84.26992797851562,9170696
2023-03-22,82.33379364013672,84.4635301274508,81.70455096433199,84.36672526634334,19851740
2023-03-23,83.10824584960938,83.93109830639006,81.51093967718921,82.14018239792904,17338653
2023-03-24,80.65955352783203,83.30413358600555,80.31673967013776,83.30413358600555,20599895
2023-03-27,79.53315734863281,81.19826494282101,79.23932010691595,80.41468401934638,11701170
2023-03-28,79.14138793945312,80.16982967110346,78.9944655569937,79.58214761404858,11090113
2023-03-29,80.85545349121094,81.24723649179644,78.9454777358388,79.14137670891327,13616947
2023-03-31,81.00238037109375,82.56954249655497,76.00707164633889,81.73698481511013,20583852
2023-04-03,82.07979583740234,82.61850121132939,81.590059603224,82.12876497715105,7075382
2023-04-05,80.80648040771484,81.73697628390298,80.41468991724224,81.49210816145536,8559285
2023-04-06,80.41468811035156,80.95340095674445,79.63111461979504,80.6105870875771,9141521
2023-04-10,80.75749969482422,81.49210402487823,80.56160819592249,80.80647630594049,7342069
2023-04-11,80.75749969482422,81.34518913709276,80.02289536477022,81.2962125259765,18451727
2023-04-12,81.00238037109375,81.68801566917874,80.7085430771569,81.29622513781344,13125615
2023-04-13,79.87598419189453,81.29621630693909,79.48419370308781,80.95340243152647,12468154
2023-04-17,80.610595703125,80.80648722850528,79.97393703646509,80.16982856184536,6426817
2023-04-18,80.610595703125,81.29622351473864,80.31675094227191,80.95340960893182,6301411
2023-04-19,80.95339965820312,82.42260833630924,80.61058579453471,80.6595549334692,12688176
2023-04-20,81.49211120605469,81.93287832659699,80.70853766861671,80.80648342669866,6865529
2023-04-21,79.92495727539062,81.68801082560536,79.09240711609348,81.443142692119,16876304
2023-04-24,80.31674194335938,80.61058667128928,79.19034711667052,79.53316098406752,7946999
2023-04-25,80.26776885986328,80.90442748317913,80.02290073341736,80.12085396222147,7788276
2023-04-26,79.53315734863281,80.12084677762954,79.19034349690573,80.12084677762954,9901624
2023-04-27,80.02290344238281,80.21880243384051,79.28829903817692,79.58214378897225,8977490
2023-04-28,81.10033416748047,81.19827993280114,80.2188073340286,80.31675309934927,11438678
2023-05-02,82.8633804321289,83.45106249733605,81.29622576731555,81.29622576731555,20210134
2023-05-03,83.40209197998047,83.6959292713622,82.27569701439353,83.40209197998047,14993568
2023-05-04,83.94078826904297,84.82231499268151,83.2551605244252,83.40208289049528,13452219
2023-05-05,81.00238037109375,83.98977476587352,80.80648884180252,83.9407981471593,16749470
2023-05-08,82.56953430175781,82.71644919775393,81.24724045553604,81.63903094801724,14678832
2023-05-09,82.4715805053711,83.40208385269543,81.93287512060841,82.4715805053711,13523848
2023-05-10,82.22671508789062,82.71645134802763,80.90442868007716,82.52055983308574,13487783
2023-05-11,82.37364196777344,82.56954096621674,81.68801415517866,82.17775044211284,8109668
2023-05-12,81.3451919555664,82.03081969825999,80.75750249293542,81.78595157975772,12358464
2023-05-15,82.52055358886719,82.71644508898623,80.51263208512924,81.34518964258949,7462528
2023-05-16,82.32466888427734,83.20618818036019,81.932878378917,82.76542853231877,7376841
2023-05-17,81.10033416748047,82.07980676625303,80.61059786809419,82.07980676625303,13496921
2023-05-18,80.80648040771484,81.9818444063506,80.56161228526722,81.49210816145536,8234890
2023-05-19,80.46366882324219,81.24724235372922,79.28829731833821,80.80648270987916,13720610
2023-05-22,80.36572265625,80.65955992639104,79.9249555418651,80.46366841296368,6918411
2023-05-23,80.90442657470703,81.44313943595176,80.12085306254806,80.5616126960886,9357512
2023-05-24,80.80648040771484,81.34519326621243,80.12085265397432,80.41468991724224,7904196
2023-05-25,80.5616226196289,81.05135892734701,79.97394054492378,80.90443654047498,9575601
2023-05-26,80.41468811035156,81.00237009646442,78.79855704395476,79.19034752562398,26673130
2023-05-29,82.56953430175781,83.10823969023511,80.365721188431,80.70853506705875,20634118
2023-05-30,81.49211120605469,82.81440509489926,81.29621968989078,82.66748272138516,11048903
2023-05-31,80.80648040771484,81.39416240703272,80.41468991724224,81.00237191656012,12966397
2023-06-01,80.51264190673828,81.2472463309705,80.12085885870721,80.80648666554423,22911903
2023-06-02,81.88389587402344,82.17774060010476,80.85545427830246,80.9534000294023,12665361
2023-06-05,81.98184967041016,82.47158594675139,81.39416763335717,82.17774866461617,11749146
2023-06-06,81.49211120605469,82.22671560084285,81.14929731637667,82.17774645819304,9032643
2023-06-07,83.01029968261719,83.25516782327387,81.44314507697091,81.68801321762759,18300344
2023-06-08,82.32466888427734,84.0387458065443,82.17774651066942,83.20618818036019,17361553
2023-06-09,81.19827270507812,82.47158248647126,80.70853644928488,82.47158248647126,15482610
2023-06-12,81.83493041992188,82.56953479542285,81.29621755544164,81.73697719162936,10006837
2023-06-13,82.37364196777344,83.206192161005,82.03082806147604,82.03082806147604,14147667
2023-06-14,83.01029968261719,83.98977224524394,82.5205634013038,82.9613230653728,20418160
2023-06-15,83.05927276611328,83.45105579626953,82.17774600269715,83.10824190849166,12731420
2023-06-16,83.40209197998047,83.84285165344447,82.9613248337337,83.50003774377439,11501358
2023-06-19,84.13668823242188,84.67539361727215,83.45105300700054,83.84284349684387,16961035
2023-06-20,84.23463439941406,85.26308350619416,83.59797578439695,83.98976627615995,18507799
2023-06-21,84.08771514892578,84.67539717197081,83.25516499354679,84.28361413846237,12679704
2023-06-22,83.40209197998047,84.3325879451968,82.76543330614587,83.8918282717328,10984829
2023-06-23,82.66748046875,83.59797635434667,82.07979846348988,82.81440283826056,10873933
2023-06-26,82.71644592285156,83.0102906487741,81.68800432768627,82.37363205779647,9941493
2023-06-27,83.25515747070312,83.84283944064588,82.52055314007927,82.81439786144149,10320705
2023-06-28,83.45105743408203,84.28361507145958,83.35311167462069,83.89182456083175,11545483
2023-06-30,83.7448959350586,83.98976405182776,83.15721394936894,83.64695018290729,10543357
2023-07-03,85.70384979248047,86.43845421927315,83.84285041671579,84.13669517654593,21458900
2023-07-04,85.45897674560547,86.68331738666,85.11616286066665,86.04665875875519,14758818
2023-07-05,86.2425537109375,86.87920483628027,85.80178661710572,85.89973236925216,12358194
2023-07-06,85.99768829345703,86.43844792834139,85.21410730612692,86.09563404867777,9906211
2023-07-07,85.0182113647461,86.2915210618181,84.43052191848638,85.60589333822408,10250502
2023-07-10,88.20149993896484,88.7402053200643,85.11616012800606,85.21410588158942,35951620
2023-07-11,88.15252685546875,88.74020887328209,87.66279059516059,88.74020887328209,17114253
2023-07-12,87.76073455810547,88.8871294283378,87.41792067745618,88.15252505289699,10421729
2023-07-13,88.00560760498047,89.52379305490909,87.51587132729802,89.13200253820662,17704740
2023-07-14,89.37686157226562,89.86659780005886,88.15252100278254,88.74020298157805,13245628
2023-07-17,89.71968078613281,90.55223092846049,89.27892114395412,89.71968078613281,16244703
2023-07-18,88.44637298583984,90.06249669193949,87.90766010195169,89.76865941482247,8317264
2023-07-19,88.93610382080078,89.27891769288637,88.39739096982206,88.93610382080078,6640273
2023-07-20,88.05458068847656,89.37686709060301,87.9076583165109,89.08302234667168,9799742
2023-07-21,88.29944610595703,89.37686434598233,87.27099700656169,87.8586790035953,14106972
2023-07-24,88.05458068847656,88.54431694650727,87.36894544356423,88.39739457454161,8631435
2023-07-25,90.3563461303711,90.84608242376063,87.90766466342336,88.15253281011815,25710455
2023-07-26,90.30736541748047,91.28683795985134,90.11147389811929,90.94402406457803,9021181
2023-07-27,90.60120391845703,91.48273064032813,90.20941343398299,90.89504865000805,8458483
2023-07-28,90.7970962524414,91.28683249430523,89.86660038201293,90.50325899099231,9734958
2023-07-31,92.65809631347656,93.14783255981924,91.13991843348354,91.28683332916067,21053644
2023-08-01,93.6375732421875,94.17628612779848,92.85399969458713,93.34373596413077,13110258
2023-08-02,91.04196166992188,93.3926970556206,90.30735732893989,93.3926970556206,18295129
2023-08-03,90.99299621582031,91.28683348044362,90.1114694763862,90.74812809224318,9432214
2023-08-04,92.07041931152344,92.31528744799026,91.1888925256864,91.87452779146298,7594563
2023-08-07,92.11939239501953,92.56015203464305,91.28683478473614,92.56015203464305,7753436
2023-08-08,90.69915008544922,92.26630455771797,90.25839045889244,92.1193896640537,10695875
2023-08-09,91.04196166992188,91.4337521463353,89.08301676063657,90.89504677995092,13978237
2023-08-10,90.99299621582031,92.02143785117502,90.4053142137916,90.60120572354047,10588532
2023-08-11,89.22994232177734,90.50325954756673,88.49533795446395,89.42584130339682,19474269
2023-08-14,85.31205749511719,89.18097854605662,84.87129783732603,89.13200192950983,23189557
2023-08-16,83.15721130371094,85.65486153162433,83.0102889437674,85.31204767361054,28322838
2023-08-17,83.15721130371094,84.23462948866073,82.86336658382388,83.30413366365447,12271217
2023-08-18,82.61849975585938,83.7448945691825,82.17774014197639,83.30413495529952,9315437
2023-08-21,84.28362274169922,84.47951427844905,82.2757008624895,82.66749140877226,11090878
2023-08-22,83.94078826904297,84.92026074580092,83.69592014985349,84.92026074580092,8750174
2023-08-23,84.28362274169922,85.36104113938949,84.03875458437038,84.57746004682394,11386589
2023-08-24,84.77335357666016,86.63434547383947,84.52848543515944,85.11616748020462,21699641
2023-08-25,83.8918228149414,84.72437296221014,83.54900892756984,84.38155907483858,7514441
2023-08-28,85.16513061523438,85.36102959828109,84.03874322203971,84.23463473230433,7685360
2023-08-29,86.63434600830078,86.78126838866413,85.45898191095941,85.89974157926675,11995479
2023-08-30,89.52378845214844,89.71967996403687,86.97716143368804,87.17305294557646,24500533
2023-08-31,88.83815002441406,90.20941297673161,88.59328190695672,89.96454485927426,11300175
2023-09-01,94.95985412597656,95.49856698010534,88.98507348126483,89.37686396856013,52388079
2023-09-04,100.64080047607422,101.52232723027511,95.69446130784527,95.74343792249397,65068908
2023-09-05,99.66132354736328,101.1305322483072,97.80032436494459,101.03258649613399,30394405
2023-09-06,97.2616195678711,100.24900612715474,96.38009284752536,99.66132413785155,25576766
2023-09-07,97.5064926147461,98.48596513735417,95.44959433904332,97.06572549590308,20324016
2023-09-08,96.86982727050781,98.33903595265065,95.98830056666574,97.94724547618954,21381211
2023-09-11,97.89827728271484,98.53493592761339,96.77188984110485,97.45751762928332,16085094
2023-09-12,91.82554626464844,99.95517094972482,91.18888764932379,98.92672184244792,28381920
2023-09-13,94.02936553955078,94.91089233604058,91.77657566771934,92.51118008599708,20853496
2023-09-14,96.62496185302734,97.40853535503251,94.32320301466528,94.71498602927686,24393971
2023-09-15,94.37217712402344,98.24109811566787,93.58860358076123,97.16367235041095,31058038
2023-09-18,94.910888671875,95.93933033408989,94.3232066544976,94.37217579682272,20929184
2023-09-20,93.87710571289062,95.94466504070206,93.08946799881757,94.96011226445457,15206482
2023-09-21,92.8925552368164,94.61552263791305,92.64641703665974,94.02479245984541,12585171
2023-09-22,91.76031494140625,93.63096670227081,91.4649536180328,93.0402365439824,11754217
2023-09-25,91.66185760498047,92.49872592266358,90.92344305792928,92.05568019904935,11187855
2023-09-26,92.0556869506836,93.33560859739536,91.4157261273277,92.0556869506836,10817622
2023-09-27,91.46495056152344,92.15413447123902,90.92344355278887,92.05568070007126,8375033
2023-09-28,90.38194274902344,92.49872508892423,89.84043574811696,91.56340300903975,12288222
2023-09-29,92.40027618408203,93.04023698842714,91.56340782988067,91.61263847311551,11588721
2023-10-03,90.28348541259766,92.5479597733712,89.98812409045858,92.5479597733712,15548573
2023-10-04,87.87133026123047,89.49584375156145,87.52673831153388,88.95433675093741,17453762
2023-10-05,87.28060150146484,88.7081999632756,87.13291708883654,88.26515423693192,9372979
2023-10-06,87.4775161743164,88.90512226403395,87.3298317496502,88.21593078610559,12869247
2023-10-09,85.01612854003906,86.88678026910425,84.67153657952369,86.64064208137307,12795052
2023-10-10,87.42829132080078,87.72365265278178,85.16381688457122,85.55763950542094,12762654
2023-10-11,87.23136901855469,88.26515237358767,87.03446148023464,87.82209914505592,15503178
2023-10-12,87.96978759765625,89.05279413127366,87.52674186030323,87.8713338239713,12154040
2023-10-13,87.52674102783203,88.4620631362554,86.83754959550939,87.37905661293851,11546230
2023-10-16,87.82209777832031,88.11746659274479,87.03446012575668,87.62519024306465,10487993
2023-10-17,88.11747741699219,89.20048401701555,87.87133921191679,88.31438497643573,10121691
2023-10-18,86.3945083618164,89.00357478901152,86.09913951664647,88.21592954291957,15854654
2023-10-19,87.13292694091797,87.32983450565914,85.45919010599175,86.000689664801,8686749
2023-10-20,85.5576400756836,87.47751503675252,85.21304809697145,86.59141601182003,11025391
2023-10-23,82.0624771118164,85.50841202662669,81.71788512264378,85.36072759939785,16394075
2023-10-25,82.8501205444336,84.03158091296659,81.81633708831085,82.70243612048151,14344290
2023-10-26,81.96401977539062,82.4070655263166,80.53642123436985,82.21015797291432,11702863
2023-10-27,82.65320587158203,83.19471292482187,82.11170632988404,82.70243651698269,7823423
2023-10-30,82.55474853515625,83.34239375837718,82.11170279180794,83.14547869680118,10725366
2023-10-31,82.55474853515625,83.63775508342887,82.40706411685963,83.14547869680118,9635615
2023-11-01,81.61943054199219,82.85012157093796,81.32406169042844,82.70243714515608,6612710
2023-11-02,83.73621368408203,84.08080564136004,82.0624695163096,82.60397652884743,11759902
2023-11-03,83.58853149414062,84.52385361899682,83.2931626591642,84.47463048752842,7685817
2023-11-06,85.50840759277344,86.14836840321996,83.93312464428003,84.67153923059334,11705948
2023-11-07,83.98236083984375,84.67154482801307,83.0962617753817,84.62231418105435,17638494
2023-11-08,84.622314453125,85.21305217236039,83.63776160312219,84.3761762406243,18334392
2023-11-09,85.80377960205078,86.14837158608675,84.67154235889669,84.76999613840098,14898986
2023-11-10,86.73909759521484,87.2806046237093,85.26226843918437,85.80377546767882,14776717
2023-11-13,86.83755493164062,88.2651610146153,86.19760161367945,87.92056903304963,20080996
2023-11-15,87.03446960449219,88.36361439107465,86.88678518119596,88.0682455444822,16145878
2023-11-16,86.64064025878906,87.3790548064492,86.44373271736285,87.28060103573608,9828235
2023-11-17,87.92056274414062,88.16670092930167,86.73909494844285,87.03446377525262,15173874
2023-11-20,88.954345703125,90.08658294739517,88.16670795477236,88.31438486840344,30213668
2023-11-21,89.24971008300781,90.08657843501385,89.10202566523228,89.44661763234753,13384773
2023-11-22,87.87133026123047,89.5942975212546,87.37905390122357,89.5942975212546,11701214
2023-11-23,88.4620590209961,88.9051122450658,86.7883224275088,88.11746707663589,13092010
2023-11-24,87.82209777832031,89.24970369931731,87.62519024306465,88.21592036037262,9598262
2023-11-28,89.54507446289062,89.98812773133717,88.01902212457505,88.16670654739056,19252753
2023-11-29,89.79120635986328,90.77575909412293,89.49584504651014,90.08657518475768,22993584
2023-11-30,90.87422180175781,91.0711293470809,89.24970826244756,90.08657659738273,26327767
2023-12-01,91.71109008789062,92.74486596759878,90.77576046925026,91.56340567320622,28208739
2023-12-04,92.54796600341797,94.02479524815335,92.35105844207004,93.4832881871336,30750546
2023-12-05,94.27092742919922,95.35393397046397,91.95722992932873,92.64641386153136,34837108
2023-12-06,97.81531524658203,99.53828257733753,94.02478862122824,95.10779515539484,74817529
2023-12-07,97.42149353027344,98.79986890978078,96.63385582165603,98.25836939352035,22413672
2023-12-08,96.58462524414062,98.79986897685734,94.81243476489216,97.61840865735837,25014086
2023-12-11,99.24292755126953,99.39060446546851,96.2400384368582,96.58463042255903,29721883
2023-12-12,98.45527648925781,100.91665840148926,97.47072372436524,99.63673680251232,40788275
2023-12-13,101.65507507324219,102.04889768963571,98.99678555778374,99.14446246633239,42797594
2023-12-14,109.23612213134766,110.5160436819466,103.47649017673486,103.47649017673486,177834487
2023-12-15,109.72840881347656,111.59906067428092,107.71008003886656,109.53150125404112,69403738
2023-12-18,113.66661071777344,115.34035488106949,109.03921584889292,110.26990677269532,78649010
2023-12-19,109.33458709716797,114.74962728185085,108.49771124121109,113.66661323568111,35413677
2023-12-20,102.0981216430664,111.20523497952802,101.06434571720389,110.61450480595776,41617472
2023-12-21,107.31625366210938,108.20235267171952,100.57206858106495,102.24580531246285,52112170
2023-12-22,111.00833129882812,111.74674591944117,107.80853460950492,108.79308743698898,56223938
2023-12-26,111.79596710205078,113.12511180433553,109.5807234277291,111.89442087415682,37093574
2023-12-27,113.66661071777344,116.37413075013873,113.22356498982109,113.37124940298564,87756029
2023-12-28,120.95230865478516,121.93686144401669,114.30657732747233,114.60194616885845,112886813
2023-12-29,121.73995208740234,123.80751141185262,118.9832013137743,121.39536011858424,65438649
2024-01-01,122.77372741699219,124.93974801796313,120.75539874537421,121.73995151539513,37525817
2024-01-02,121.09999084472656,122.72450441934217,118.39247072421438,122.72450441934217,38718627
2024-01-03,117.2602310180664,120.80461941561832,116.86640841577366,120.50925809755479,30459539
2024-01-04,116.81718444824219,118.83551306427707,116.42336184877107,117.40791459167822,21439561
2024-01-05,115.14344787597656,118.88475155050568,113.91275686613696,117.65406054066608,22784093
2024-01-08,112.53438568115234,115.78340534599089,112.23901684273902,115.29112895632974,21830246
2024-01-09,112.43592071533203,114.79884881070402,111.99287498374912,113.42047346244192,16993314
2024-01-10,113.2728042602539,113.86353444637128,110.46682273099812,112.2390208008921,20963866
2024-01-11,111.74673461914062,114.74962344391903,111.25445825517966,114.15888579793291,16565652
2024-01-12,113.12511444091797,114.55271294858147,111.8944234820558,112.23901544822891,19498240
2024-01-15,112.87897491455078,114.50348846335012,112.0421065747273,114.20811963209883,16054366
2024-01-16,117.70329284667969,118.09710796615235,112.23902168126452,113.27280514873503,63560474
2024-01-17,111.35292053222656,116.0295463471164,110.76219035265409,116.0295463471164,59898451
2024-01-18,111.30369567871094,112.28824846662862,105.83942470115112,111.35291881118182,39166751
2024-01-19,112.33747100830078,113.07588559535563,111.74674084096524,112.53438607177371,14431734
2024-01-23,107.11934661865234,113.12511713882212,106.33170138157953,113.12511713882212,29014770
2024-01-24,113.2728042602539,113.71585002195647,107.31625673067754,108.15312512030565,37267385
2024-01-25,117.2602310180664,118.09709935322512,112.23901349557273,114.10966522280722,62850007
2024-01-29,118.5893783569336,119.77084619000098,116.177227070676,118.63860900013947,45734036
2024-01-30,119.32779693603516,122.92141617583015,118.78629740032525,119.82007333843059,54176726
2024-01-31,120.60771942138672,122.37991748688914,118.8355213558843,119.62316660978357,28514173
2024-02-01,117.45714569091797,121.59226422261716,116.8664080336398,121.59226422261716,23393545
2024-02-02,126.31813049316406,127.64726779349564,117.94943147794463,118.6386154510518,115557246
2024-02-05,133.20999145507812,136.26209599774302,127.99185882158167,127.99185882158167,130644925
2024-02-06,143.25242614746094,144.43388645127703,131.733161894859,135.12986590198634,121450085
2024-02-07,141.2340850830078,147.68290842205397,140.4464399001404,146.10761805631913,100793018
2024-02-08,136.90206909179688,143.64624672086077,135.86828565286493,142.02174061902727,34821242
2024-02-09,131.58547973632812,137.44358109401034,127.45036085444016,137.0989815942347,53110476
2024-02-12,120.85385131835938,133.89917539142056,119.13088398795506,132.17620806101627,54452795
2024-02-13,116.029541015625,119.77084450024282,114.5034887478125,118.195561589919,65167883
2024-02-14,121.0507583618164,121.78917292891543,114.20811971131538,115.29112624075232,44986596
2024-02-15,123.8075180053711,124.93975525882205,121.34613593766989,122.08455055798025,41215523
2024-02-16,125.48124694824219,129.37022736703707,125.0382012084195,125.13665498265327,52165364
2024-02-19,126.31813049316406,128.38568241248558,123.85674842986423,126.61349934537681,29556961
2024-02-20,129.3446044921875,130.3864936325326,125.32583948725332,128.00501111017724,35081976
2024-02-21,129.1957550048828,133.16490271711328,128.00501371943304,129.64228109428936,78653013
2024-02-22,128.30270385742188,131.1803299154818,124.6808550267879,130.4857320884774,59343469
2024-02-23,127.01272583007812,130.2872756961042,126.11966608747571,129.39420838295337,23535334
2024-02-26,123.24203491210938,127.01272831209408,122.79550881735659,127.01272831209408,23550719
2024-02-27,124.38316345214844,125.3258405650235,123.24203198421988,123.53972108734851,17548565
2024-02-28,120.8109359741211,125.72275334074271,120.21556531915918,124.53201203081888,22958071
2024-02-29,120.26517486572266,122.84512698259265,119.52095965598292,120.41401942178032,48476583
2024-03-01,131.9741668701172,134.70295603472488,122.05129718063469,122.05129718063469,140528760
2024-03-04,140.55743408203125,143.88160127128933,131.97415840745848,137.1340472868992,122158785
2024-03-05,139.16824340820312,141.54972600901695,137.6798129974202,140.2101477239706,46101452
2024-03-06,137.9774932861328,140.9047365452983,132.1726089987789,138.7217084439425,60977883
2024-03-07,137.87826538085938,142.14510219215927,137.28290230973883,138.42402621854254,69331029
2024-03-11,133.26412963867188,139.51553994645812,132.47029711463463,138.67209005071302,36011903
2024-03-12,128.7492218017578,134.2564169764106,127.50886321021872,133.51220182148714,33809481
2024-03-13,117.78445434570312,129.4438256527258,116.44486851815489,128.99729956705917,54001247
2024-03-14,120.56285858154297,122.54743238535438,117.68522505190678,118.18136850285963,34792279
2024-03-15,120.76131439208984,123.44049360191954,117.6356166697777,120.16594375786602,38312218
2024-03-18,124.97853088378906,125.62351887699998,120.51323987462641,121.05900069285444,31290052
2024-03-19,121.60476684570312,126.51658414303692,121.10862337847553,125.77236894219553,26647871
2024-03-20,122.69628143310547,124.63123793454267,119.12404996938756,122.64666405797178,23242684
2024-03-21,128.00502014160156,131.08111582935044,126.02044618591782,126.36774511405271,82318813
2024-03-22,128.99729919433594,131.08110777622161,125.22660588197446,126.91349818299865,35650313
2024-03-26,129.59268188476562,131.4780210356301,127.36003624453795,128.00501670638704,27547560
2024-03-27,132.619140625,133.85949927334866,129.98958634693955,129.98958634693955,34505131
2024-03-28,133.2145233154297,135.64562331978232,132.1230016117135,133.76028416728778,32144564
2024-04-01,139.6643829345703,140.1109090169766,134.55411139162683,134.55411139162683,44340181
2024-04-02,146.70962524414062,149.48801647063138,138.47364088850887,139.66438214859016,109998430
2024-04-03,147.05691528320312,152.11758452039916,145.12195885995632,145.86617403359713,84535270
2024-04-04,144.82427978515625,148.84304502916316,142.64125148628136,148.54535591088532,39242074
2024-04-05,145.0723419189453,146.36231791865103,141.89702686350574,143.7823659192396,27927587
2024-04-08,145.1715850830078,147.25537861157602,144.17929812432848,146.16387204168717,17159687
2024-04-09,150.18263244628906,152.26642590816996,143.68315004672166,145.81656088316814,73641695
2024-04-10,151.86952209472656,154.30062211592193,151.37337861525415,151.81990471855983,60992105
2024-04-12,154.1517791748047,155.39213782558008,150.33146847397776,151.96873583656256,73596074
2024-04-15,149.88494873046875,156.18596185838416,145.3700400223735,151.72067052663888,89754583
2024-04-16,148.1484375,151.2741351849285,147.25537020352292,148.34689185218497,30401301
2024-04-18,143.6831512451172,150.43070543269368,142.88931866873813,148.84304027993556,31187482
2024-04-19,144.9235076904297,146.3623206961727,139.71400136056593,141.79779480785334,34742999
2024-04-22,147.25537109375,149.93455785828166,145.9654102262011,147.10653411398562,27095176
2024-04-23,151.07568359375,151.77028140963984,147.2553728947107,148.54534891913286,39973475
2024-04-24,163.38003540039062,164.6700114252324,150.38108582677683,151.9191335817383,176471110
2024-04-25,163.67771911621094,165.95998198639558,161.04816491995024,163.52888213947782,59808767
2024-04-26,167.24996948242188,169.18492601863844,162.38775431277034,164.12425648598216,91168616
2024-04-29,163.5288848876953,168.8872281154871,163.08235880889544,168.58953901592164,30478737
2024-04-30,162.93350219726562,167.39879314437087,161.7923783449994,164.5211672571193,40651688
2024-05-02,164.1738739013672,166.9522804073917,162.33815211676156,164.12425652532977,44264557
2024-05-03,166.6545867919922,169.63144758068307,163.3304346626122,165.81115198652128,71734933
2024-05-06,161.64353942871094,167.5476589426732,157.07902850580834,167.20035245087635,44387249
2024-05-07,154.9456024169922,161.7427741349297,154.05255021133644,161.7427741349297,33767901
2024-05-08,159.11322021484375,160.651252891149,153.9037136708361,154.79676587908415,26121298
2024-05-09,151.86952209472656,160.00627212985472,150.92685251194845,159.75820039011853,20993230
2024-05-10,155.6898193359375,156.7317236813144,150.52993012680608,153.7548627751504,18485806
2024-05-13,155.8386688232422,156.6325014129772,149.83532973606134,156.13635793702997,20953744
2024-05-14,163.38003540039062,165.36460924134818,156.78133343564554,156.78133343564554,39072871
2024-05-15,165.1165313720703,167.39879423253458,163.7273357914901,163.7273357914901,24990811
2024-05-16,162.33815002441406,167.44842172735827,160.35357613727498,167.15073261606798,20715081
2024-05-17,165.61268615722656,167.6964948119201,162.735060054171,162.735060054171,24968544
2024-05-21,173.00523376464844,173.74944896844056,165.16615786671312,168.83761651053484,66484390
2024-05-22,167.74610900878906,173.99751971330298,165.81115251815538,173.65021323040338,53954827
2024-05-23,167.99417114257812,168.6391515555687,165.21576486143388,167.44841033253434,24560357
2024-05-24,168.192626953125,171.1694876071626,166.10881843886017,166.10881843886017,29513626
2024-05-27,165.36460876464844,169.9787520162315,164.71962832463527,169.18491945391753,22933660
2024-05-28,161.1473846435547,167.8949385138919,160.30394987294775,166.20805383158168,26336009
2024-05-29,161.1473846435547,164.42193440397824,159.36128035704758,160.9489302940646,22527881
2024-05-30,156.53326416015625,160.99855537233188,155.49135984909586,160.2543401703026,19706386
2024-05-31,157.27748107910156,160.00627018299764,155.5409789220768,158.76591149940853,23260857
2024-06-03,165.0669403076172,166.70420771985545,161.8916099524564,166.70420771985545,33154820
2024-06-04,132.02377319335938,163.6281014236938,123.83740638492341,163.6281014236938,114541715
2024-06-05,144.4273681640625,146.31270730692353,127.06234659156334,137.63019652067393,61202268
2024-06-06,145.76693725585938,150.62915207387493,143.18700044118444,143.8815982320163,57006811
