Price,Close,High,Low,Open,Volume
Ticker,TATACOMM.NS,TATACOMM.NS,TATACOMM.NS,TATACOMM.NS,TATACOMM.NS
Date,,,,,
2014-06-02,190.53761291503906,191.66203531198224,184.35323051778983,185.8524779252879,1977997
2014-06-03,190.26991271972656,193.16130943502998,187.9942765378552,192.19751491615625,1175176
2014-06-04,188.50291442871094,192.33134014601595,186.41468461175904,190.61790899995833,1016766
2014-06-05,191.12661743164062,192.17073252233104,184.78160629323528,188.2084560247099,910509
2014-06-06,200.41651916503906,201.4338560907243,191.71556657774286,192.75968141456556,2044357
2014-06-09,205.93161010742188,210.05452730223067,198.38185674820485,202.66540195371516,1805072
2014-06-10,203.49534606933594,207.16313082607786,199.4527494625894,207.16313082607786,1021266
2014-06-11,197.0432586669922,205.50326408749237,193.13451199143387,205.50326408749237,1028451
2014-06-12,196.21331787109375,200.79136777249752,192.54553289370648,197.04326220565443,1070974
2014-06-13,189.2525177001953,200.47005398996313,185.31700707231101,197.63220081957772,800981
2014-06-16,196.21331787109375,197.41807407820684,183.65717277531206,189.52027315592258,679190
2014-06-17,203.01344299316406,204.27172860283036,192.7596995615449,196.8558387197249,1084645
2014-06-18,199.80078125,208.76946132188866,193.6967195338559,204.5394588356187,2055908
2014-06-19,194.39279174804688,203.2008434119927,193.34867684119274,202.63862566850517,1074334
2014-06-20,194.98178100585938,199.15824077807494,192.92032903361348,194.9014735816337,745766
2014-06-23,194.7943878173828,197.31097237901466,192.27780325575097,196.50781913218063,663535
2014-06-24,199.96139526367188,201.86221911597525,194.90146201451353,196.50779462521368,889824
2014-06-25,203.62921142578125,204.48592047501086,195.73141089709793,200.38976799711892,901461
2014-06-26,201.08584594726562,206.14579273819578,199.7740044788481,204.43237466603918,1866420
2014-06-27,203.49534606933594,204.29851243953436,197.60546812700105,199.55983480296774,667015
2014-06-30,210.40255737304688,211.50022814805774,204.03078235206323,204.21818827377922,2752818
2014-07-01,214.953857421875,216.15861369465617,208.84980809886252,213.34752449728796,1788712
2014-07-02,213.2672119140625,217.33658680362774,211.23252446927987,216.72082630268935,824207
2014-07-03,210.322265625,214.41840513541467,208.7426975503226,214.01682850676588,554569
2014-07-04,218.83580017089844,220.0137783846448,210.45611573795495,211.5002306976219,2057562
2014-07-07,216.50662231445312,220.81694542027552,215.2483235127061,220.81694542027552,823045
2014-07-08,204.70010375976562,218.1397360211035,200.30947290183718,216.85467236814776,1134621
2014-07-09,196.85585021972656,206.4135132000498,194.20540243594698,202.9331342658956,1694069
2014-07-10,192.94708251953125,203.38824449892388,184.8083472853061,197.1503199601145,3337440
2014-07-11,186.65565490722656,196.936177186094,184.78159554135024,193.08097310734303,1173985
2014-07-14,188.95803833007812,191.68880653884034,183.92486957861985,187.94070130954077,627843
2014-07-15,195.54400634765625,196.21330947466421,189.17223110429057,192.11717012659778,855427
2014-07-16,197.84642028808594,198.64958667276025,194.12507963540276,196.48103611827153,551773
2014-07-17,200.73782348632812,201.91580176793153,194.98179534010174,196.05268827574508,813434
2014-07-18,198.944091796875,203.5221286654967,197.57870753198236,200.3094760617676,844382
2014-07-21,202.71893310546875,203.7095053452113,199.29209713577316,199.74722954492069,463747
2014-07-22,207.1363525390625,208.55526610308564,202.93311503764616,204.48590500641723,1046052
2014-07-23,208.3946533203125,210.69706710824917,203.60243297667492,208.28756797910998,1130142
2014-07-24,205.82455444335938,208.55530997109562,205.20879390886753,207.35056682042998,291209
2014-07-25,199.6669158935547,206.68122923660795,196.77551965411809,205.6638922073062,834832
2014-07-28,197.01646423339844,201.05906067180317,195.35658889193294,201.05906067180317,325571
2014-07-30,202.53176879882812,203.24183607982104,195.02149083417967,199.91000050095911,422180
2014-07-31,202.85948181152344,205.91821132077757,201.0570178857402,201.93094060266995,691920
2014-08-01,204.3888702392578,209.9601313777946,200.31966473403696,201.54861446199504,948674
2014-08-04,206.6009979248047,208.40346204162807,204.82583634529945,206.38251051087767,802667
2014-08-05,201.68515014648438,205.3173939459873,199.96460725157905,204.8258140968929,1331896
2014-08-06,194.55723571777344,202.0948165594075,192.45434973868367,201.22089375391147,1038280
2014-08-07,191.93545532226562,196.8785833991702,190.35146530251,192.26316628656642,1753031
2014-08-08,186.60995483398438,191.63501692977343,186.0364539844209,191.1980555920124,1042714
2014-08-11,184.64366149902344,190.05106720388582,183.57856724946424,188.57631409207053,1065909
2014-08-12,190.97958374023438,192.6454946641044,184.3978476450496,185.73603420621708,1710975
2014-08-13,188.93130493164062,191.41653332109775,184.94403460349596,190.76108463596714,967428
2014-08-14,191.08883666992188,191.99007538680988,187.51121118423166,188.98596422795063,562490
2014-08-18,197.8617401123047,199.71882257391042,191.1707666358198,192.7001247150612,1030826
2014-08-19,197.9436798095703,199.3638009400181,195.43114851664882,198.81760257031905,722611
2014-08-20,194.44798278808594,198.95414971254522,191.7989118686247,197.72519997790218,577887
2014-08-21,196.38697814941406,199.88268236346323,193.65597307473388,193.65597307473388,581625
2014-08-22,194.83030700683594,199.2545524734776,193.21901452634384,196.57815242765616,1101818
2014-08-25,194.03831481933594,197.45207114309534,192.64549633308928,194.77568457449902,834762
2014-08-26,193.4921417236328,196.0865941833931,192.26317854836228,192.31779704589576,428917
2014-08-27,196.3596649169922,197.3701404980293,192.6454869424103,194.47526668582685,874669
2014-08-28,205.26280212402344,207.47492515544448,197.72520766368254,202.06751926667152,3497469
2014-09-01,205.3173828125,208.37611214783934,203.86994587805768,207.829913836583,994506
2014-09-02,203.02337646484375,209.0862177605283,202.1767561749406,207.82995201769418,1483292
2014-09-03,202.94143676757812,207.66607773867966,201.2482096545468,206.4644439487859,1233194
2014-09-04,209.16812133789062,211.10713816470962,201.4393565644714,202.91409608497827,2361331
2014-09-05,210.56092834472656,214.68476537940208,208.6765299913872,210.67017875038124,2093518
2014-09-08,214.7666778564453,216.0229433753351,207.9391519477625,210.75209138721698,1773766
2014-09-09,211.51678466796875,215.17634437767242,209.79625521834183,214.76668555999714,709726
2014-09-10,216.13218688964844,217.77079530497755,209.76893808063082,210.83403220828728,1473194
2014-09-11,213.9746856689453,218.2350619718723,210.8613378854445,217.3884418485604,832060
2014-09-12,210.20591735839844,214.93057157812933,209.19544163532575,214.65746567792294,1495761
2014-09-15,207.0379180908203,212.19953321965517,205.4266256440077,209.14080379715378,565751
2014-09-16,201.1935577392578,208.8676902591455,200.2377006350844,208.73115074975564,1446637
2014-09-17,196.60546875,203.4056790140628,191.88081485970886,202.66830924261168,1843223
2014-09-18,201.548583984375,202.53174361807078,196.086560664703,197.31552362989675,967098
2014-09-19,202.47714233398438,204.55271217720156,199.93730859010725,202.64101123557333,1187613
2014-09-22,201.8763427734375,204.68928264541074,200.48352410606034,201.54861836527647,831356
2014-09-23,198.6810760498047,202.47717602992077,197.6159817045258,201.65787165485412,569388
2014-09-24,196.49624633789062,199.30918611478106,194.17488644508722,198.27139442786319,643032
2014-09-25,191.03424072265625,197.47942518013252,189.28639500015942,196.74205528278114,814769
2014-09-26,192.80938720703125,194.1748898921978,188.24858837242232,190.07836841362203,620257
2014-09-29,197.47940063476562,199.36379908694136,193.08247091302223,193.68330119487456,1190353
2014-09-30,195.7588653564453,199.14531951169283,195.04881148146103,197.72519833864826,415503
2014-10-01,196.60546875,197.67056289423212,195.29458468195085,196.1958233513299,551568
2014-10-07,202.1494140625,203.18719218368344,196.03194204249672,196.63277225840213,1387798
2014-10-08,197.7251739501953,204.03380412938165,196.08656557098666,203.7333957252441,784005
2014-10-09,203.89727783203125,205.37201741505547,197.1789884110788,198.81759689648916,865903
2014-10-10,206.51902770996094,209.71430994599288,199.6095674648539,201.82169006612958,1506618
2014-10-13,205.67242431640625,206.46442601823534,202.5590762710147,206.46442601823534,430879
2014-10-14,209.82354736328125,211.32560277423605,204.6892483795421,205.37199961878756,834250
2014-10-15,209.82354736328125,209.82354736328125,209.82354736328125,209.82354736328125,0
2014-10-16,197.998291015625,211.46217228114938,192.45433279995757,209.19543100918833,622656
2014-10-17,199.82806396484375,202.04017324404742,197.26091436115425,200.70198666299018,887834
2014-10-20,204.58001708984375,205.918203649812,201.41203729168234,201.5212876945349,611493
2014-10-21,204.66195678710938,207.5295284409895,203.48762558965885,204.85312823070137,402026
2014-10-22,208.40345764160156,209.5231703787616,205.72705734865335,206.95602050200844,368834
2014-10-27,208.92233276367188,211.10715308809728,206.13670899810424,210.28784882220666,623020
2014-10-28,209.2227325439453,210.26051067893803,207.55680822907186,209.46852245547186,334247
2014-10-29,208.7584686279297,211.78989562839797,208.10303329622644,209.1954299900902,505207
2014-10-30,216.1595001220703,219.46401944492453,208.34881442539458,208.64922283236777,2578561
2014-10-31,219.95559692382812,221.4849683219718,215.80447091457626,217.93465912023387,1368985
2014-11-03,224.87144470214844,229.8965073186122,216.37799355734808,221.21188472979094,2141877
2014-11-05,224.81683349609375,228.85872306446228,222.87781645705846,225.08993940299985,1639222
2014-11-07,233.61068725585938,234.4846100776471,226.6739366031112,226.6739366031112,1842033
2014-11-10,235.87741088867188,237.89836217950332,232.4636276676751,235.9320159568257,1748151
2014-11-11,238.9088134765625,242.34989907427558,235.41312281319267,237.59791605472466,1558109
2014-11-12,237.84371948242188,240.87513285816345,237.10633632657877,240.2470135259735,901875
2014-11-13,234.94888305664062,240.24705180986456,233.11910298802127,238.6903776516015,992569
2014-11-14,238.1441192626953,241.03899302331564,234.86690267157235,235.00346902312177,1051672
2014-11-17,241.50328063964844,243.87924531998473,237.35214123616655,238.1441294629453,1164506
2014-11-18,243.0326690673828,248.0304021140999,238.52648903409164,242.5137598267215,1254708
2014-11-19,236.1232147216797,244.64396880121078,233.36490676841868,243.60620392465952,1261422
2014-11-20,234.94888305664062,238.11686329369903,232.43635163520682,235.41316041963108,1010114
2014-11-21,237.3794708251953,240.27434503976124,234.97617649176777,234.97617649176777,817331
2014-11-24,241.58522033691406,244.5346993516907,236.587460685813,237.8983581453687,1255147
2014-11-25,239.1000213623047,242.6776470159092,231.6443616097253,241.9948956680398,1183846
2014-11-26,244.6166534423828,247.29305364364774,236.0685972736609,239.0727084430567,773474
2014-11-27,250.2971649169922,252.18154996529205,245.6817477485291,246.33719653121432,1564523
2014-11-28,250.4337158203125,252.56390432620796,248.54933068639843,252.23619334305192,768434
2014-12-01,243.05996704101562,250.59756054126717,241.99487289089637,247.81192349184377,446970
2014-12-02,255.04910278320312,256.7423162634846,242.56838168228657,245.13551785958578,910862
2014-12-03,255.84109497070312,259.14561438072406,252.97352349284216,255.70455545344055,994481
2014-12-04,248.9589385986328,257.097348492,247.18376388054273,256.71500564620965,591014
2014-12-05,252.8643035888672,254.96718948133255,247.62076697188863,250.10599575389313,627755
2014-12-08,244.0977783203125,252.04501786169817,243.11459169425842,250.89798916976176,758491
2014-12-09,234.67578125,248.41276985037902,233.36491044198053,242.3226126429316,650642
2014-12-10,236.45095825195312,238.49921236333668,233.39221493074893,233.39221493074893,458639
2014-12-11,235.6316375732422,238.69038085645784,232.27248583844687,235.9593754085313,552280
2014-12-12,235.6316375732422,241.91296621116507,234.53924076330216,235.9320460248219,820460
2014-12-15,237.32484436035156,239.4004006884941,232.2451502516054,235.35849816689378,405735
2014-12-16,227.16549682617188,240.8478523358911,225.22647989442453,235.41314441993168,510726
2014-12-17,225.8546142578125,231.04354600747988,215.12175066021956,227.76632878096916,1047666
2014-12-18,236.5055389404297,237.570633116214,226.67391485034778,226.67391485034778,692211
2014-12-19,232.68214416503906,240.11047424210466,231.1254700793193,238.8542085899316,358341
2014-12-22,240.41091918945312,242.404541314628,232.46365268731174,232.98256196751947,892965
2014-12-23,241.77639770507812,243.8792566141496,237.8437320759326,241.42135737477722,850237
2014-12-24,238.9361572265625,246.33721205317235,237.13370651829297,246.33721205317235,1637894
2014-12-26,236.0959014892578,240.87516075079773,234.29342403633547,240.13780435571923,280051
2014-12-29,234.83961486816406,239.50963672263782,233.88375773195907,237.27021150902144,269739
2014-12-30,235.0308074951172,237.05175893021854,233.31026449475573,234.86693858665853,476953
2014-12-31,240.8478546142578,242.10412025147744,234.5119213569746,235.74085761245067,556315
2015-01-01,241.202880859375,243.16920023009453,239.6188775030514,241.14824894523304,575332
2015-01-02,237.84371948242188,243.27842690171505,237.10633632657877,241.3667126800094,390750
2015-01-05,238.7449493408203,243.19649720329843,237.5979207854114,237.5979207854114,664332
2015-01-06,227.6571044921875,237.84377026159,226.1277327883052,237.3794928734609,892644
2015-01-07,231.39854431152344,233.14638980456655,223.94289843074134,223.94289843074134,431581
2015-01-08,232.51824951171875,234.92154356013944,230.00571848557186,233.22830329001297,446490
2015-01-09,232.27244567871094,235.65889936554734,229.51413817013727,233.77451452305573,479740
2015-01-12,229.70533752441406,233.6653059592247,229.02258619745717,232.13593439607274,557619
2015-01-13,232.3271026611328,233.58336830707464,228.72217463030233,228.74947716608443,1040978
2015-01-14,231.5623779296875,237.76177066285214,228.530964737223,231.835483780012,743308
2015-01-15,236.94252014160156,238.88153710775674,230.7431263570688,234.3207518569193,886964
2015-01-16,233.20103454589844,238.33533431983327,232.40904620802033,236.942529094334,509557
2015-01-19,232.2998046875,239.2365549891177,231.86282987564877,233.5014384393254,811995
2015-01-20,231.69900512695312,234.81235357676044,231.09816135998636,232.90063896857922,476930
2015-01-21,231.50778198242188,235.08540701639652,230.52459551331353,232.40900716244445,983646
2015-01-22,228.39442443847656,234.0476329619147,226.2096310789877,231.75357577291663,424190
2015-01-23,227.35667419433594,231.99939393745882,224.54372102010998,229.70533660194357,961372
2015-01-27,222.44082641601562,228.99525995313434,220.938770967605,227.49319108164931,1298270
2015-01-28,220.36524963378906,226.18231323861772,218.28967997504145,222.44081929253667,1331345
2015-01-29,224.70758056640625,226.61928150994353,218.15314665010655,220.09216355162766,1238050
2015-01-30,224.2159881591797,228.03941690732478,223.58785535385232,225.7726621934529,492135
2015-02-02,223.50592041015625,228.58558760654333,221.75807504729738,221.75807504729738,673219
2015-02-03,226.51002502441406,228.99525348706248,222.7958470197946,224.5710082898186,1088765
2015-02-04,227.1927947998047,231.26200002123696,225.71805522910412,228.6948369052913,1201060
2015-02-05,222.41351318359375,231.8901098643865,220.80222073598355,227.32932497356418,669085
2015-02-06,215.50404357910156,224.6802448872558,214.16585706300648,222.87778108771357,790889
2015-02-09,211.32562255859375,215.17635386844157,207.93916857797416,214.6574580457292,627851
2015-02-10,210.09666442871094,215.7498594879618,205.97284081766992,210.31513839384104,571394
2015-02-11,216.8695831298828,218.48087568530272,210.4790179791838,210.7248079139741,878500
2015-02-12,225.82730102539062,226.67392125214266,217.11537593520862,217.9346802030337,791627
2015-02-13,223.97018432617188,229.67801113599728,222.90509021903793,228.83139098772446,982673
2015-02-16,219.98294067382812,226.10041361623973,218.99978089256106,225.00800341910607,465708
2015-02-18,225.2810821533203,226.12770235347227,219.65520286793716,222.1950500453178,775476
2015-02-19,224.70758056640625,227.22009835483593,220.77491484739636,226.6739134259112,760204
2015-02-20,224.43447875976562,227.0016285108415,222.85048874478144,224.32524177199443,851082
2015-02-23,217.93466186523438,226.86507360616835,216.350671957645,225.52687361593732,1532740
2015-02-24,221.26649475097656,222.63201076586355,216.3233667778496,218.2350811448463,643023
2015-02-25,220.20140075683594,222.3042865622051,219.5732679533338,222.1950495763113,414751
2015-02-26,216.21412658691406,223.09627135993188,215.20365092549142,220.22871327502028,838344
2015-02-27,218.01658630371094,220.55643338696058,215.58598962561186,216.86957114576487,1300335
2015-03-02,230.8249969482422,231.3439061224907,217.41574924274684,218.4808432765373,1089792
2015-03-03,234.45729064941406,235.95935965317003,224.76220584893835,231.58971901287146,1344993
2015-03-04,231.12545776367188,241.3121219639932,229.40491486182444,241.14825306491727,1734544
2015-03-05,233.50143432617188,235.14004286098424,230.25154663853579,231.56241735869492,451105
2015-03-09,226.4008026123047,237.21561296965854,225.36301100070258,233.4468162344034,867816
2015-03-10,230.52462768554688,238.88153933930582,227.76631984985252,227.8209249220001,1106903
2015-03-11,233.7472381591797,235.41314923319345,227.24743592463085,230.98890349565087,852026
2015-03-12,235.05809020996094,237.0517389409227,231.6443338792791,233.66528514396452,1154522
2015-03-13,231.48049926757812,238.69038269962417,229.45954770358387,235.71357385224388,1074394
2015-03-16,230.11495971679688,232.68212270233306,227.93016642959262,231.207356360399,355621
2015-03-17,234.73040771484375,238.03492746497102,231.04354506165035,234.2661303545274,1256056
2015-03-18,239.34580993652344,245.736375043648,234.0476415492238,235.85009211001233,2290508
2015-03-19,234.34803771972656,242.40451344361804,232.76406121651414,241.36672184867749,891090
2015-03-20,230.03302001953125,237.59791559801522,228.6129124691097,234.32072574201663,979349
2015-03-23,230.74310302734375,233.5833450037103,228.85869132335313,231.53509125522157,418268
2015-03-24,226.8923797607422,232.95523361387103,225.6907192652525,230.49730755491228,668669
2015-03-25,222.00387573242188,228.6402306111821,221.2664925279457,227.76630788735667,887953
2015-03-26,220.58375549316406,223.47862973655754,218.42626450189692,221.21188833044613,1701165
2015-03-27,221.45767211914062,223.9155849040791,212.25416722228837,221.7580939727688,865349
2015-03-30,226.61927795410156,227.73900402159097,220.82952987529274,222.30428285255016,630931
2015-03-31,230.49729919433594,231.53509075594582,225.60880348002212,227.76629420224006,685278
2015-04-01,232.7094268798828,236.23242017461865,229.73261848773254,230.16959325595005,901356
2015-04-06,231.37124633789062,235.03080630052364,230.38808658443875,234.94887184671077,853194
2015-04-07,230.60655212402344,232.95524127814627,227.93017885894443,232.1359236161545,555862
2015-04-08,234.4845733642578,235.95933970761894,228.8586944019619,232.1359111820884,808407
2015-04-09,247.53884887695312,254.50292895710194,236.66943203511582,238.6903836067909,4248323
2015-04-10,246.25526428222656,249.34130993410255,243.74273296456562,249.34130993410255,1360364
2015-04-13,253.3558807373047,254.85794974320032,246.33719612093756,246.33719612093756,1612867
2015-04-15,268.40374755859375,276.2690518603965,249.66900114901605,251.79918940863863,5811336
2015-04-16,263.6244812011719,271.7082869069943,259.7191447201091,268.6495438083261,2078852
2015-04-17,259.17291259765625,267.91216640292356,257.0154218147191,262.66860338130346,1630384
2015-04-20,249.5870819091797,260.3745902264122,247.21111700736864,260.3745902264122,1470833
2015-04-21,247.48423767089844,252.8916165738492,241.39408056885844,250.16061116210278,845144
2015-04-22,247.4022674560547,250.35174643137535,240.87513647150368,248.41272964774362,1132144
2015-04-23,246.71954345703125,251.68997421096446,245.38134333393145,249.15014033839236,704807
2015-04-24,240.8478546142578,247.89386856615496,238.9907721170964,247.89386856615496,528782
2015-04-27,238.30799865722656,241.55788601369508,235.00347938849913,240.87513476427574,697061
2015-04-28,242.8141632080078,244.28892960226705,236.66940166781038,237.59792945166453,1291203
2015-04-29,237.2975616455078,245.27213127608746,236.01399331060702,243.98853609503226,1290826
2015-04-30,237.84371948242188,239.9739076591372,233.91105406150578,237.21560015023192,880174
2015-05-04,240.21974182128906,242.40453534406407,235.76819347440667,239.318489660454,631731
2015-05-05,241.66720581054688,245.27213431626132,239.01810779847975,239.29121373073102,687199
2015-05-06,240.11044311523438,247.56610160784976,236.50551553385003,240.76589181534456,2137828
2015-05-07,228.20327758789062,240.16511782344122,222.3043053510746,239.7827749174226,992229
2015-05-08,233.91104125976562,236.23240073160562,230.55191713535137,230.55191713535137,616690
2015-05-11,234.45729064941406,236.86058494773292,232.6821425960217,234.37535619606268,546635
2015-05-12,231.3439483642578,238.14415916486402,230.22422221698565,238.14415916486402,799377
2015-05-13,234.64845275878906,236.15049485665068,229.1045079947997,233.77453003471956,620908
2015-05-14,235.3312225341797,239.50966504792723,230.90697665084593,234.2661282916106,508805
2015-05-15,236.53282165527344,240.05584169298012,235.63159645778953,236.12317627879423,490019
2015-05-18,237.95297241210938,241.96757254682686,235.98665299290494,237.21561605298277,716010
2015-05-19,239.45506286621094,241.31214546739844,237.51604580750515,238.79961405221752,554608
2015-05-20,238.7449493408203,242.40450896632052,237.98026363721436,240.68396613320715,447576
2015-05-21,239.6188507080078,241.42132782704087,237.92563740504042,239.5096137380886,602488
2015-05-22,240.1923828125,244.31621967616107,238.69034080662905,238.69034080662905,870779
2015-05-25,240.984375,242.97802370909554,239.5096355028582,240.32895312092512,478214
2015-05-26,243.14190673828125,245.40863460570512,241.47599571801547,241.72177222542086,949464
2015-05-27,239.31849670410156,243.03268875597843,234.1022624168776,241.694488589663,1879137
2015-05-28,235.00347900390625,239.53693440648019,234.10222695307476,239.18192093889817,1319346
2015-05-29,238.44456481933594,240.21973974315438,233.50143663028445,234.86693928174384,1459693
2015-06-01,237.2702178955078,240.00122301751745,235.54967500402782,238.1441406083969,443100
2015-06-02,233.31027221679688,237.0517667760947,232.43634941967832,237.0517667760947,611324
2015-06-03,224.8441162109375,234.81231985731065,218.53548575602326,234.81231985731065,535630
2015-06-04,221.53958129882812,226.12768195601762,219.9829074062096,226.12768195601762,551071
2015-06-05,221.70347595214844,225.0352980771435,219.57327412885607,220.66568428774377,713110
2015-06-08,218.5081787109375,223.42399053886504,215.47675179717865,221.7307636310409,551881
2015-06-09,219.6005859375,220.39257422715016,216.02296052032986,218.48087326406952,641298
2015-06-10,223.23284912109375,226.29159240302215,218.48089212677854,218.48089212677854,507073
2015-06-11,220.993408203125,225.6361278780451,219.70982660476537,225.5268908893136,1114819
2015-06-12,224.57101440429688,226.5373337249883,220.39255900167882,220.9387707446037,563007
2015-06-15,225.2810821533203,230.44271095921246,224.16136948785743,225.00798968800936,408466
2015-06-16,233.33755493164062,236.50553486938188,229.43221863637214,229.67802198631458,1737884
2015-06-17,234.97616577148438,236.01395740483025,231.69897566212694,234.92156070171112,621180
2015-06-18,236.1504669189453,240.08313213508046,234.2933847057679,235.9593223528763,790715
2015-06-19,234.5392303466797,238.90884423852455,233.52874119428796,238.14415845168273,568586
2015-06-22,235.98666381835938,238.58112957702886,234.59383179407087,235.30391249725176,663334
2015-06-23,236.1504669189453,238.69032718673412,235.6588871226968,236.28703326832635,668001
2015-06-24,232.1632080078125,237.3521389231351,231.18004836717517,236.77862465840528,819183
2015-06-25,231.89013671875,233.7472461459193,229.45953978748693,232.13594008863495,1036710
2015-06-26,231.09811401367188,233.41947360625858,224.89873434559308,230.1149543726478,999924
2015-06-29,230.9342803955078,231.5897022826684,226.6739038982178,231.09812244422335,734736
2015-06-30,242.02218627929688,243.0326754058889,230.22421564946433,232.40903596268006,976798
2015-07-01,239.34580993652344,246.00945408899116,237.59793760019252,244.15237161144358,1028360
2015-07-02,242.89610290527344,246.30985939025186,240.62937504232386,240.82054647932867,618487
2015-07-03,243.27841186523438,247.4295509845878,241.0116843182763,243.27841186523438,604401
2015-07-06,243.1692352294922,244.5893698939396,238.85422616029814,240.13782128896264,457255
2015-07-07,246.2279510498047,249.55977307380616,240.38357097113854,240.38357097113854,781523
2015-07-08,241.58522033691406,248.93164218639086,234.921549750829,245.24475314869642,807429
2015-07-09,242.48643493652344,246.28253394234048,241.5578803728454,243.0599491941808,480272
2015-07-10,249.31399536132812,253.60170185460322,244.58936772664998,245.68176454169347,770227
2015-07-13,253.6016845703125,256.16882093762376,248.84972787566815,252.34541892248004,1076017
2015-07-14,251.99034118652344,256.38728372467597,250.48829924682497,255.0763863535325,578016
2015-07-15,249.99673461914062,255.51337660245068,248.52196827554818,255.51337660245068,531298
2015-07-16,251.498779296875,255.07640452134234,249.06818264231848,249.06818264231848,448144
2015-07-17,257.6162414550781,261.7673810176463,250.35175393212123,252.61850856724604,1005977
2015-07-20,255.54067993164062,264.36184125649027,254.3117169235362,257.8074076747987,1179243
2015-07-21,249.28668212890625,257.8074359822303,247.7027054727403,255.8411164302792,454467
2015-07-22,256.8242492675781,257.53430306549257,247.26570472171113,250.65215850939006,719085
2015-07-23,260.48382568359375,263.0509620115737,256.71502879783844,260.5384307544035,997085
2015-07-24,262.55938720703125,268.37643812950245,260.3199617991746,261.5489249160556,990605
2015-07-27,256.9062194824219,261.2212016302575,254.9125704793573,260.5384502709359,535154
2015-07-28,259.09100341796875,261.46699524121357,256.1688266353558,256.71503844087573,472206
2015-07-29,240.21974182128906,255.56800893800713,236.6147868702523,255.56800893800713,3093051
2015-07-30,247.12918090820312,258.8998488888854,234.37535319220717,240.32897036715784,3623108
2015-07-31,246.0367431640625,251.41681827589665,242.73219731834143,247.97575977601858,532514
2015-08-03,240.32894897460938,247.29302780035937,239.2365255027007,244.83510183471324,407519
2015-08-04,237.4886932373047,247.26571203378415,233.82916031262013,240.38356727416482,1612480
2015-08-05,238.63575744628906,242.1041463011654,234.92159205233307,239.72815429519014,654099
2015-08-06,239.53695678710938,242.40452840559232,235.71355480861646,238.22608608019647,642118
2015-08-07,242.67762756347656,245.05359239899587,239.78275348978735,240.32896526276087,1233434
2015-08-10,244.15235900878906,245.7363623592304,240.60203629493014,243.2784363088091,555226
2015-08-11,241.01170349121094,247.32033368863267,239.70080604559533,244.39815723854434,365659
2015-08-12,227.79360961914062,241.312122679224,225.93652719332565,239.59157977227704,1183474
2015-08-13,229.3502960205078,233.7745417785556,227.2201075956924,229.67803383734181,1371609
2015-08-14,231.04351806640625,232.68212648149773,227.30202393015333,231.28929456328785,537756
2015-08-17,226.9743194580078,234.32074157849328,223.94289246133675,231.86281546269106,842915
2015-08-18,225.11724853515625,229.24107268102847,223.80636430513877,227.7663329559125,797094
2015-08-19,226.0730743408203,228.5856056035148,224.35254479889068,225.25378350766601,449317
2015-08-20,219.95559692382812,227.35665057720962,218.75396330880022,225.58147584172914,531570
2015-08-21,228.39442443847656,229.3776109810113,221.23918725923346,223.39667808441988,1592811
2015-08-24,201.63052368164062,223.1508797457055,194.44795739278698,223.1508797457055,3822222
2015-08-25,211.02520751953125,213.59235717128558,183.2781411992604,205.372012409572,2917756
2015-08-26,207.55682373046875,215.6406157278255,205.53587237536078,208.64923385900894,764561
2015-08-27,221.89462280273438,223.8882715779355,206.9013837256809,210.0147317160404,4642569
2015-08-28,215.12173461914062,225.96383440299584,213.67429756613262,224.6256477596476,638268
2015-08-31,214.3843536376953,217.93467654639304,212.47265266022956,215.8864091996596,470625
2015-09-01,209.1407928466797,213.01882626789842,204.82579810226835,209.8781625627409,498293
2015-09-02,206.51902770996094,212.4999333854937,204.0337992443312,209.74161247858387,476345
2015-09-03,212.28147888183594,215.449445452454,206.05476930404492,207.55682484946368,621330
2015-09-04,208.02113342285156,213.0188806722174,201.54863294164235,211.38027193598134,629053
2015-09-07,203.02337646484375,209.79628509176223,198.35334044758588,208.2122949327373,358162
2015-09-08,207.9664764404297,209.1954260536701,199.1726174472323,202.91409820138625,377374
2015-09-09,216.6784210205078,221.73078630365006,210.83405398175512,212.09031966837415,1132179
2015-09-10,216.65110778808594,217.38847763349446,209.35930352195402,213.01886363506298,464187
2015-09-11,217.44308471679688,220.09216893688887,214.65746097267044,215.74987112647474,469573
2015-09-14,219.98294067382812,221.15727190401668,213.01886090267567,220.8841794220403,291636
2015-09-15,213.04615783691406,220.44719834137535,211.92644520311364,220.01023698615873,354603
2015-09-16,214.7666778564453,220.9387684726624,213.40117535932362,217.169971915993,967624
2015-09-18,216.3233642578125,221.97655941897835,214.90324318964076,215.6952314621274,636933
2015-09-21,221.23919677734375,222.30429096860803,216.07758130311097,217.33384693501628,524150
2015-09-22,221.51229858398438,225.03529205696015,220.01024304511924,221.86732550016424,854711
2015-09-23,223.4153594970703,224.92304354633714,219.45072968734056,220.79088566290508,541440
2015-09-24,224.14129638671875,227.21248907018577,220.14874040908697,221.79601299168542,501279
2015-09-28,223.6666717529297,225.31394448263453,220.70715504603388,222.74532209929725,398616
2015-09-29,223.6387481689453,225.81650356350715,212.2474006473193,220.56755536752797,614624
2015-09-30,230.95376586914062,232.85231684871744,221.93561440912183,224.05753159249028,633058
2015-10-01,224.50424194335938,236.76108625946782,222.80113130926767,231.90301902756224,1137173
2015-10-05,230.81417846679688,232.62899307417177,225.3139514087898,226.011962305016,414968
2015-10-06,229.16688537597656,234.47167165745327,228.30137389786537,231.735535056247,484316
2015-10-07,233.41073608398438,237.79415908875413,231.20504103598373,236.25854895971096,1052769
2015-10-08,235.7559814453125,237.04029937942062,230.61870970888,233.41072550370606,544044
2015-10-09,237.06820678710938,239.8322828817342,235.56053640248382,236.2585334756784,643938
2015-10-12,231.7913360595703,238.96677418550732,230.67454628293723,237.31948799461705,482705
2015-10-13,235.64431762695312,236.6494312900015,231.5121592827546,231.79136362151792,417611
2015-10-14,232.2101593017578,238.1291925530834,231.17713342564198,235.0859118801849,559916
2015-10-15,235.78392028808594,237.26365105380958,232.51725989805112,233.24319662722465,320982
2015-10-16,235.14175415039062,237.0123929770543,232.18223764525848,236.20271962945893,264086
2015-10-19,239.49725341796875,241.22830371927566,232.07055031068273,234.69501051508678,526956
2015-10-20,240.39073181152344,242.90351620707858,238.63176901182123,242.90351620707858,945837
2015-10-21,239.6089324951172,242.23342017624276,236.48191546035602,241.7308633769843,346746
2015-10-23,234.22044372558594,241.67506063376726,232.74068522557673,239.02266021537773,342262
2015-10-26,238.52005004882812,240.3906887705551,233.13151380318908,235.08588911841923,678602
2015-10-27,238.65966796875,240.55821890453575,232.29390284266282,238.9946966824925,1433870
2015-10-28,237.82205200195312,241.53541723224498,235.08588814805384,237.23573117611755,801734
2015-10-29,241.4237060546875,243.35019654994213,235.36508515477638,238.07333672687392,926655
2015-10-30,239.55313110351562,245.30463637174117,238.43631371291326,242.34511968877067,434527
2015-11-02,241.6750030517578,242.34508790912335,236.76108402523982,242.23341167383273,384232
2015-11-03,242.2054901123047,246.81229297428246,241.2283161191568,241.78669733729504,523805
2015-11-04,243.18270874023438,246.70063416847424,241.67503817625695,243.62944119194574,472345
2015-11-05,241.95423889160156,244.1599065786586,239.38560280833565,243.1268806833915,513424
2015-11-06,241.81460571289062,242.7918071362095,238.3804720773681,241.78669351383107,428091
2015-11-09,239.8602294921875,241.22831148015874,237.8779144532644,241.22831148015874,541109
2015-11-10,235.3092803955078,239.97190760314544,233.0198488132732,239.05055801954,375960
2015-11-13,232.8243865966797,237.29157309800874,231.23295226325686,237.29157309800874,455229
2015-11-16,235.08592224121094,236.2027396594093,232.57313794151685,232.96401854876106,366679
2015-11-17,232.09848022460938,236.537755108987,231.31671905410582,235.64431769207215,262601
2015-11-18,230.95376586914062,235.00215995361418,229.50191985152395,231.76343919691072,353855
2015-11-19,235.64431762695312,236.98448747476735,231.40048303637417,231.40048303637417,333533
2015-11-20,243.43399047851562,245.16501347149864,235.95143493598513,235.95143493598513,531680
2015-11-23,242.73597717285156,249.07380273396313,241.200367129808,244.04820729166983,980245
2015-11-24,241.14456176757812,243.85278625986845,238.9947185158696,243.85278625986845,590351
2015-11-26,247.31484985351562,249.8834857944473,239.38558954341096,243.21063125530077,2845498
2015-11-27,240.5303192138672,246.89608539733305,239.72064577028272,246.8402335462875,584918
2015-11-30,241.00494384765625,243.93654825716519,237.90583879019306,240.11150642460944,623665
2015-12-01,237.71035766601562,243.2943337395229,236.34227584323273,242.73595259954422,454923
2015-12-02,236.25852966308594,238.6317251627748,235.14173985312118,238.43628488760933,264696
2015-12-03,234.55540466308594,237.12404028063307,233.1314984287237,233.1314984287237,291225
2015-12-04,231.0095977783203,235.53263661616964,230.61871720108334,231.03753742356866,273496
2015-12-07,229.75320434570312,233.35487984089974,227.49168494035447,231.73553314242423,515943
2015-12-08,231.51214599609375,235.08589545766534,228.16176273727612,228.4409670600157,886392
2015-12-09,226.8495330810547,232.57312599564355,225.03474603813615,230.89792740001693,713820
2015-12-10,226.095703125,227.8267398846465,221.823956212077,226.70994994328194,434754
2015-12-11,223.6387481689453,228.38512581610766,222.52194454896986,227.26833591894433,378524
2015-12-14,225.36978149414062,226.45865917515894,219.05986789500264,222.24273689403717,502581
2015-12-15,227.01708984375,227.79885111681082,223.41541378058696,225.67693354256605,305487
2015-12-16,228.49679565429688,230.33952215105916,226.82159723331893,228.99935243602806,415094
2015-12-17,233.88536071777344,234.24832911161133,227.9942670418775,228.80394043216944,331976
2015-12-18,233.1315155029297,236.3143843391683,230.89790841058158,234.2483053262925,497307
2015-12-21,235.3092803955078,237.31950764905554,230.3674488591833,232.74064448458634,437869
2015-12-22,235.11386108398438,236.7611201126252,233.4107502063743,235.05800923501516,154967
2015-12-23,238.60385131835938,239.41352474687162,235.61642231527034,235.61642231527034,362000
2015-12-24,243.238525390625,244.5228432657106,238.10125389028266,239.32971992487674,551391
2015-12-28,242.7080535888672,246.64477165143848,241.11661904367875,243.01519757429799,567558
2015-12-29,242.4009246826172,244.5786799960499,240.1673449714993,244.5786799960499,747197
2015-12-30,243.238525390625,244.02028648377467,240.89324211117605,240.89324211117605,399953
2015-12-31,243.37814331054688,246.84021680868554,235.08591423550405,243.18270301358038,1881493
2016-01-01,242.51260375976562,244.69035885220615,240.9211420116402,242.28922385482318,333403
2016-01-04,239.66482543945312,250.72110436488623,237.43121793531748,241.56337672287333,536022
2016-01-05,244.02035522460938,246.8123442320095,239.07852260543407,239.88819612410458,664178
2016-01-06,246.1421661376953,258.3152588582123,245.416256954959,250.60935234995577,2174404
2016-01-07,238.29669189453125,244.57866533172506,235.64429213168967,244.57866533172506,911881
2016-01-08,243.51773071289062,246.67268729602299,235.9514118637587,236.5935845267786,631330
2016-01-11,241.81460571289062,246.14220417455337,239.6089381834699,241.70292947102894,517107
2016-01-12,241.6191864013672,244.0203218694996,236.45400195457947,240.69783674181542,479074
2016-01-13,242.8755340576172,245.41625736991907,228.38508417661106,243.46185482199454,1197122
2016-01-14,241.5633544921875,244.2995186299641,235.36511688126757,238.15713286589929,548235
2016-01-15,231.34466552734375,244.10408187935002,229.50193879311377,242.34511919380665,436906
2016-01-18,223.5270538330078,231.73553214765963,221.1538581943955,229.5019249513559,826603
2016-01-19,226.2911376953125,227.3521032078478,222.2427433840097,224.36466068626797,695047
2016-01-20,218.50148010253906,224.0296327324921,211.6610835388567,224.0296327324921,767956
2016-01-21,221.7122802734375,225.23019192245113,219.1436441927589,220.5675644066677,521903
2016-01-22,225.00682067871094,227.268340160754,222.94074149074106,223.35954800210314,363892
2016-01-25,226.03985595703125,227.26833582163462,222.80114878926977,225.0347423054522,351607
2016-01-27,222.71739196777344,227.15666694425371,222.15899700131956,226.09570141289754,718297
2016-01-28,223.91796875,231.67971583761206,208.25488611105771,222.24276995724185,2473012
2016-01-29,223.3595428466797,224.5321845840526,214.4251550947752,214.9835637637025,990673
2016-02-01,229.19483947753906,231.73556354768724,221.40516660275273,224.47635976030028,407772
2016-02-02,226.4586639404297,232.29391932051107,223.5828976890622,229.94864954389493,723789
2016-02-03,212.41493225097656,221.6843489311117,199.1529593738414,221.6843489311117,1553012
2016-02-04,205.3791046142578,215.5419584928221,201.07943197103123,213.30836498779763,1173603
2016-02-05,210.6838836669922,212.9733152156481,204.9044529521847,204.9323788737685,688950
2016-02-08,213.95053100585938,219.89747648135517,209.14830138161366,212.69412518358033,430159
2016-02-09,213.33628845214844,214.84397272440648,209.2879077296101,210.2930214292403,566896
2016-02-10,207.6685333251953,212.24739651548984,206.63549377060156,211.63316345628854,1054001
2016-02-11,201.13525390625,211.49354724056016,198.6503821895647,207.7243576464942,1135669
2016-02-12,199.93472290039062,204.2623078893006,186.9519404880357,201.07943875264664,1055879
2016-02-15,201.55406188964844,207.86397551805655,200.66062449199214,201.86117842206554,331005
2016-02-16,196.97520446777344,203.5363829773275,194.6020087372167,203.5363829773275,689995
2016-02-17,194.76951599121094,198.67830800913376,191.08409018253522,198.67830800913376,748363
2016-02-18,190.69320678710938,197.72902957071133,188.45961334174459,195.52334832433203,1391661
2016-02-19,192.7871856689453,194.2111056871568,188.20832283116516,192.03335050264894,951979
2016-02-22,195.4116668701172,196.9751891015711,192.34047424931393,192.64759076683197,212311
2016-02-23,192.98263549804688,197.00310364022,189.85560472080113,195.94215191542304,368875
2016-02-24,190.6373748779297,192.92680651867445,189.18552879902782,192.14504535662147,191968
2016-02-25,184.66249084472656,193.82023049597058,183.09896862895832,193.82023049597058,740844
2016-02-26,186.22604370117188,188.73882807165265,183.99243624747916,186.28188182909219,289460
2016-02-29,184.774169921875,188.2362431190159,181.47962480631887,187.62201008070215,474103
2016-03-01,185.75140380859375,190.35819357008208,183.8528525192043,185.89100599339287,999842
2016-03-02,190.2465057373047,192.20089503715147,183.46196072958134,185.69555438204037,1310762
2016-03-03,199.1808624267578,200.68854658327882,190.55360514730523,190.6373691901152,930591
2016-03-04,197.53358459472656,200.4931009855945,194.74159628503912,199.9067801470854,506580
2016-03-08,191.72622680664062,199.29253155147794,190.52565930221692,198.06405185091086,498917
2016-03-09,197.28231811523438,197.8965511891769,189.96729073669306,191.7262533584939,475234
2016-03-10,200.74440002441406,202.9779936463768,196.86353367928118,199.79512445043147,665642
2016-03-11,200.5489501953125,203.48054082716214,199.23670628568124,201.19110918878908,578458
2016-03-14,201.13525390625,204.76484134445963,198.0640613686547,199.46005548159604,606518
2016-03-15,201.0794219970703,203.20133915229502,199.01334296135002,201.97285935476373,359589
2016-03-16,200.9119110107422,203.25719456634914,198.78999367496985,201.30279160334334,471088
2016-03-17,201.86117553710938,204.20645896454786,201.02358999623766,202.47542231597689,271658
2016-03-18,203.843505859375,205.2115741462651,198.2315893779057,203.75974181552863,279979
2016-03-21,204.7090301513672,206.60758129685254,203.25719772969092,205.07198482608308,297573
2016-03-22,204.54148864746094,205.49076409430032,201.13525368413423,204.70900300061697,493247
2016-03-23,208.9807891845703,215.20693947707062,204.5973657418887,204.93240823483876,1214178
2016-03-28,208.31068420410156,211.63315522461184,203.95517366917863,208.98075535872977,555034
2016-03-29,205.7420654296875,208.28277554468607,200.88399769547323,207.16598562014687,397656
2016-03-30,213.2525177001953,213.86675074162352,206.60756187017594,208.8411690020148,439618
2016-03-31,210.85140991210938,217.41260212732794,208.72949260492567,213.81092651746593,1574294
2016-04-01,214.4810333251953,215.09526646920332,208.1711188834478,209.678789540275,268228
2016-04-04,215.793212890625,217.4684112636774,213.83882393727086,215.51400858751273,268151
2016-04-05,215.1510772705078,217.44050889095797,210.57221402960752,215.79323625895722,454187
2016-04-06,216.8541717529297,218.30601771002222,214.00634540228384,215.54194167484675,208621
2016-04-07,212.69410705566406,218.72481606473121,210.71179206611816,216.40745863627905,372140
2016-04-08,214.7601776123047,215.4581746608467,212.19154188672087,212.470746195262,404197
2016-04-11,216.91004943847656,218.50148401857606,213.30837375978092,214.98357238814225,234955
2016-04-12,219.2553253173828,220.45587933571082,215.82117764071907,216.91005540683355,721008
2016-04-13,225.87232971191406,227.49167634923566,220.1487371932374,220.62338179419737,795592
2016-04-18,224.97889709472656,231.62382558855393,221.6843381853981,222.24273311614792,695028
2016-04-20,231.17713928222656,232.2939292338706,225.59314835556796,226.09570520608906,533082
2016-04-21,228.60848999023438,233.07567698466843,227.29624609153763,231.48424247557705,291613
2016-04-22,228.16177368164062,232.517270754745,226.48657511047088,227.82673122284424,349497
2016-04-25,232.5731201171875,233.96911433732078,226.26322020414779,228.83185615614278,340364
2016-04-26,234.61131286621094,236.20274755011914,230.61874260946357,232.85235007485122,359297
2016-04-27,234.1366424560547,237.5428639623124,231.51215465884667,234.9184036107284,1079448
2016-04-28,230.0323944091797,237.15196719116892,228.97142899376658,234.44374297999624,483103
2016-04-29,230.73040771484375,233.4107475220207,225.8165154414793,230.06033648586236,794869
2016-05-02,234.41583251953125,236.14685536691817,228.94351849274616,229.948632074535,337571
2016-05-03,237.54286193847656,239.748556939924,232.0426491486143,234.52752103524605,920705
2016-05-04,237.79412841796875,242.0658746262114,236.23060629060652,237.54283631366232,1118731
2016-05-05,236.84486389160156,238.93885519589242,233.55031867067555,238.3804739821224,929096
2016-05-06,236.4539794921875,240.1114930270856,235.67221835993846,236.78903566065037,395044
2016-05-09,239.13429260253906,240.36278614928733,234.08078486643691,236.45398047184736,413095
2016-05-10,244.1040496826172,246.44930550838268,236.95652363347813,237.51493225398607,880633
2016-05-11,240.16737365722656,248.37583908409852,238.88305556396594,242.06592487212777,1046273
2016-05-12,243.04310607910156,244.82998089023587,240.3907060622423,240.3907060622423,517867
2016-05-13,245.10923767089844,246.25394001122237,239.99987683408713,242.5126889437711,414651
2016-05-16,242.9034881591797,249.40884207924955,241.6191701840559,245.10918317763893,561117
2016-05-17,241.4796142578125,244.02033835058276,239.2180945356012,242.90352086834704,951896
2016-05-18,251.67037963867188,255.1603654382077,240.69783793713026,240.69783793713026,2668095
2016-05-19,247.98489379882812,254.0714264691933,244.18776491365722,254.0714264691933,2323991
2016-05-20,249.1017303466797,253.37347713099467,246.36556625480657,247.9849404389379,646022
2016-05-23,251.08404541015625,253.09427273274048,248.12452882656027,249.88349145663372,496758
2016-05-24,250.051025390625,253.12221829215804,246.8960684410899,253.12221829215804,543649
2016-05-25,256.2213134765625,260.0184155710917,249.1854905098619,252.34044733727364,1115391
2016-05-26,255.49542236328125,259.2367003248729,254.211104291942,256.8635044853466,448267
2016-05-27,256.5284118652344,259.097047643265,253.51307114091435,255.52329829046104,341700
2016-05-30,264.0667724609375,265.1835896389836,252.2845598192647,253.51305322599137,758185
2016-05-31,255.32781982421875,263.87131137751567,254.57397103308512,263.87131137751567,408019
2016-06-01,249.29718017578125,255.32788982128997,246.2818390758397,253.0942824747356,748120
2016-06-02,248.962158203125,250.72109350317078,243.48982966103395,247.2031954574529,407236
2016-06-03,246.67271423339844,251.6982826224299,245.69551275619094,249.68805526681732,197629
2016-06-06,245.2208709716797,249.88349847031392,244.1040810328564,249.88349847031392,290211
2016-06-07,252.45213317871094,254.51821239403688,245.27669404942856,247.64988981013235,629412
2016-06-08,252.5637969970703,256.5842789811304,249.10172367473695,253.23388190201763,479943
2016-06-09,250.134765625,254.2389840213651,248.62706779575083,253.540986948633,559687
2016-06-10,248.6829071044922,253.26176986649844,247.48235329772356,250.7210463780776,366276
2016-06-13,244.96958923339844,248.26416223360772,243.71321079095773,247.42654915968748,246192
2016-06-14,245.75132751464844,247.70573039237698,243.18269157409773,245.19294629645734,315646
2016-06-15,251.3074493408203,253.45729299539042,245.91891154709853,247.25905422125058,315762
2016-06-16,247.39862060546875,253.2338897526062,245.91886230707985,253.2338897526062,350120
2016-06-17,250.7769317626953,251.83789728212315,247.48238640256398,248.04076763992745,290352
2016-06-20,253.31764221191406,254.43443207328212,247.51028553067792,249.66012865645078,361011
2016-06-21,255.88629150390625,257.92443104920386,252.95468708798185,255.4674712690422,778299
2016-06-22,254.26686096191406,258.31525440064394,250.97231633327726,257.3939049793447,505712
2016-06-23,253.17799377441406,254.85319207389617,250.77688627521698,254.62983961946387,253010
2016-06-24,250.051025390625,250.72108288339118,237.34743354448253,249.66014479703216,469180
2016-06-27,251.3074493408203,253.28976486901013,246.44938068646266,246.44938068646266,500185
2016-06-28,256.7518005371094,271.3818561663158,254.54613280118448,269.5949812379872,5713254
2016-06-29,263.87139892578125,265.1278048459865,255.80254921402422,257.98030483804547,2407456
2016-06-30,268.2827453613281,272.9453728877008,261.8890673461372,263.6201178349554,3602681
2016-07-01,267.4172058105469,270.2650460924776,266.0212115919899,269.14825620675686,469352
2016-07-04,272.079833984375,275.29064265413945,267.72432322552,267.75226287083245,1210627
2016-07-05,272.9732360839844,275.23475521564046,269.3157229097001,272.3310909004485,364682
2016-07-07,269.06451416015625,277.6080082588118,266.8867586098616,273.05705685382105,834369
2016-07-08,267.5288391113281,272.4985821229568,265.01605541039777,269.4273898459888,540323
2016-07-11,270.8234558105469,271.94024570060736,268.3106442508806,269.5949622304186,265530
2016-07-12,271.6331481933594,273.22458281799453,269.03659985270485,271.9402647484972,411225
2016-07-13,264.1506042480469,272.88953897862075,263.0617264320907,272.88953897862075,418500
2016-07-14,257.9244384765625,267.78019008147106,256.89141257394135,261.3865120288444,1009032
2016-07-15,259.515869140625,262.1124448496604,257.42187772027404,258.03611081227695,715674
2016-07-18,255.80252075195312,262.1682588075333,254.79740710587458,261.3027336056674,325534
2016-07-19,258.59454345703125,260.2138903851577,255.18832148903152,256.1375834157986,366070
2016-07-20,260.66058349609375,261.41443243946037,255.80251599988028,258.9295331245199,348373
2016-07-21,257.9826354980469,265.4928474980399,256.25387707588067,263.4523475806592,531452
2016-07-22,261.10009765625,261.8652991114361,255.91382200545618,257.6142201566463,389265
2016-07-25,263.3106689453125,264.41594454400007,259.0596175223419,260.7317111210017,440853
2016-07-26,259.9097900390625,265.2661443709738,258.6628239975871,263.67907642077785,377357
2016-07-27,256.5373229980469,262.432107577413,255.97050500201775,262.432107577413,420306
2016-07-28,252.28623962402344,258.436128417752,251.26598953499132,256.7640348580418,2088201
2016-07-29,249.735595703125,252.71134812244983,248.6019876734031,252.34291367274173,610419
2016-08-01,245.88131713867188,253.13645326406152,243.869149608304,250.04734275916294,721952
2016-08-02,261.18511962890625,267.4766985678035,246.5047966304171,246.56146170992895,3968975
2016-08-03,256.1122131347656,263.7641164788508,254.72352860157764,260.67500588487286,692226
2016-08-04,254.15672302246094,259.1162830239068,250.3591037062053,258.15272585313204,488613
2016-08-05,256.1122131347656,258.40776185083996,253.41986955027,255.06360267016,615088
2016-08-08,264.07586669921875,264.69934977494626,254.72353698648664,257.2174971483365,689256
2016-08-09,258.8895568847656,263.5090426211409,257.33084923144787,263.5090426211409,240645
2016-08-10,273.54150390625,278.3026794382764,252.25786276605925,258.91784757534737,4454574
2016-08-11,272.9180603027344,294.17334411249834,267.079941086714,276.88570250843395,8392324
2016-08-12,271.69940185546875,279.06789548193694,268.6669845032234,272.0678084284836,1888359
2016-08-16,271.756103515625,275.46869729628645,268.7803786980631,271.7277709736412,1006761
2016-08-17,277.7642822265625,281.98700118341804,273.54156326970696,274.7318643757641,1565212
2016-08-18,279.40802001953125,284.2258896081458,276.0355280228658,278.30274438283664,1246934
2016-08-19,286.1813659667969,288.64696562103535,277.9626447347912,280.56996281033867,2371281
2016-08-22,283.1205749511719,291.33929580596237,281.73191835507447,285.67122782827926,1643323
2016-08-23,282.86553955078125,286.6631586449594,279.8897870085658,282.837207010076,1012839
2016-08-24,285.5861511230469,288.50521006536604,283.5739840088372,284.6509267606337,753424
2016-08-25,284.9911193847656,289.35552941843656,283.7157926440874,285.9830370876327,1353469
2016-08-26,297.290771484375,300.01147530405075,285.64286620977026,286.23801668795716,2897954
2016-08-29,298.6511535644531,303.5257158983818,292.3595740990073,297.57421051528166,1468771
2016-08-30,297.68756103515625,300.69164619307145,295.9021373241941,298.991220106347,901614
2016-08-31,298.1693420410156,304.092486645363,295.5336914588119,297.574191540655,1023782
2016-09-01,289.723876953125,303.69569037705713,285.7845677296228,298.1693133055437,2558477
2016-09-02,293.18145751953125,297.00740920245534,288.44858593326336,289.6388869650956,1370635
2016-09-06,293.9466247558594,297.00740275107813,292.756323749882,294.7401587598443,1017727
2016-09-07,294.3717041015625,297.94260687449633,292.52958763809215,295.87374652620247,969638
2016-09-08,297.5458679199219,300.97505260540373,292.8130241744184,295.8737743889357,1177956
2016-09-09,290.54571533203125,298.1126194162954,289.0720334946902,297.51746903081545,773694
2016-09-12,281.1083984375,289.0153775279986,278.2460320013066,287.6550535150258,702193
2016-09-14,286.3797302246094,287.76841465006044,279.15292699165684,279.8331029349912,780845
2016-09-15,284.4526062011719,286.32305533959436,281.7885951963811,284.50927128230904,486986
2016-09-16,283.1205749511719,290.3190457986944,282.18535042099916,288.67531277131127,668855
2016-09-19,295.90216064453125,299.1329621062485,283.6874355424492,283.6874355424492,2149032
2016-09-20,298.87786865234375,302.4487718706503,294.1733573042792,295.87378342838616,1562600
2016-09-21,298.1127014160156,302.30705994400586,297.0074258045231,298.6511590209692,1132636
2016-09-22,302.4487609863281,308.853698228003,300.4082329954689,300.4082329954689,2100261
2016-09-23,301.3434753417969,307.01154345563805,300.4082229302201,301.54185884013884,696220
2016-09-26,297.34747314453125,305.3111177676312,294.9102060817566,299.78474020730596,593815
2016-09-27,297.3191833496094,300.94675192520594,295.8738057128393,297.85764098353815,838745
2016-09-28,307.89007568359375,309.73219208579945,295.8737366861104,296.4405545909133,1602493
2016-09-29,291.1409606933594,311.74443133293346,289.1004603397389,311.23430624452834,2072510
2016-09-30,320.61492919921875,328.3801897754847,290.8858504918798,293.60652634032925,3952744
2016-10-03,322.34368896484375,330.3073330587533,314.3233519355713,320.24649609939604,3728163
2016-10-04,325.74456787109375,330.8458181209625,322.08863935659275,324.78098290226376,1558937
2016-10-05,345.7245788574219,355.04854842789496,329.2021097387643,330.4491037837438,7294891
2016-10-06,345.7812194824219,350.7408070509205,340.76496683253396,345.86624496344456,1914133
2016-10-07,346.60308837890625,353.46148554018,342.06862818484444,347.1699063502661,1915740
2016-10-10,366.4980163574219,368.3684932134949,346.88646727229803,347.45328519448657,5837535
2016-10-13,369.1053771972656,370.6074197928936,359.1012319325946,366.04462692255566,5688375
2016-10-14,369.7571716308594,376.9272817215868,365.19435150672155,370.12557820127023,3391467
2016-10-17,363.35223388671875,377.4940983970916,357.28739924497773,368.99196902456754,3610067
2016-10-18,362.1619873046875,366.8381661256296,359.3562855839103,362.72880530084416,1966061
2016-10-19,366.2996520996094,371.25923953177363,362.33201001281594,365.5911435891485,1443606
2016-10-20,363.6923522949219,372.22281524618927,361.6235195987799,367.8584059464182,1435884
2016-10-21,385.4577941894531,387.6400127957591,362.3603651612372,364.74096727720735,2417073
2016-10-24,378.9111328125,389.90719464037477,376.360507812434,386.5630356716354,1758775
2016-10-25,371.31591796875,373.52646905833706,364.28749769114313,368.3685258022803,1993904
2016-10-26,359.1862487792969,372.0527883582449,352.2144935563201,368.08511825428434,1461438
2016-10-27,355.2185974121094,359.6113672992179,342.43708264104885,347.198259158001,3032301
2016-10-28,360.0931701660156,367.57502317324276,355.9554487607334,357.9392839743699,1174825
2016-11-01,365.0810241699219,376.9273133909231,361.623507043325,361.623507043325,1125014
2016-11-02,354.5951232910156,363.3239703419821,353.34812922148257,360.546601052466,721834
2016-11-03,346.206298828125,357.0890304442022,343.0888559065107,352.5545705453938,1355950
2016-11-04,351.5626525878906,362.19030776061743,344.0807728713306,348.58690022466726,2041553
2016-11-07,343.82574462890625,359.6680087201894,340.3681996035747,353.91491500344705,1037017
2016-11-08,346.57476806640625,350.0606457812793,343.3439668053268,343.3439668053268,1650243
2016-11-09,343.2022399902344,346.60309213739356,301.74025434111593,325.91459812462466,2715903
2016-11-10,360.26318359375,363.8907519674204,345.8662681283782,346.14967713112253,1857311
2016-11-11,353.8865661621094,360.4898865254203,347.48162929227027,360.4898865254203,1769979
2016-11-15,342.2386779785156,356.97569445306016,337.3641158747201,356.97569445306016,793873
2016-11-16,343.1455993652344,354.36840667896706,338.4977807670195,345.18609965538894,706505
2016-11-17,342.5504455566406,351.42098308501653,340.50994528583055,343.3156470876649,419220
2016-11-18,345.55450439453125,348.02010405631256,339.1212346669795,343.25892783632673,609410
2016-11-21,338.61114501953125,346.0363330393766,336.11718469744665,342.3804041169208,1041065
2016-11-22,355.785400390625,359.07286667254084,342.35204269588974,342.9188606763977,991728
2016-11-23,360.2065124511719,365.02438183998476,355.6720520603374,356.52225119533256,2004302
2016-11-24,359.04449462890625,364.4575138127135,356.04040980881626,360.4898719624984,1745769
2016-11-25,361.5951843261719,368.3685282026841,357.93925574099234,361.6801819495307,675861
2016-11-28,374.49005126953125,376.92731838644846,356.29551765588957,361.59517929529926,1191206
2016-11-29,367.7450256347656,378.5143715953737,365.3077586132409,376.04874417529476,882255
2016-11-30,372.9313049316406,376.0771083466383,369.78552937558095,372.25115682039495,677819
2016-12-01,377.1824035644531,382.0002728284073,370.9758497476516,372.9596848231479,1656779
2016-12-02,356.3238525390625,375.76538023863424,353.6882019018631,374.1216192637944,1258765
2016-12-05,361.0850524902344,363.6073450758515,355.87041635760687,355.95541397936483,490232
2016-12-06,362.1053466796875,367.8584410794172,356.5222754031372,363.83410546811615,447606
2016-12-07,360.3198547363281,366.9798405326182,355.98377804762623,362.7571218663671,366510
2016-12-08,364.6558837890625,370.5223348029081,361.6234665430856,365.1943412900983,836207
2016-12-09,363.0688171386719,368.9919611049669,358.84609901038573,368.42517106492085,643741
2016-12-12,354.2550048828125,366.1012659784585,351.84607039272277,364.45753293211504,562649
2016-12-13,357.0323791503906,361.5101744933929,354.82182795070577,355.95543609289433,841277
2016-12-14,351.4493103027344,361.7935569716159,350.1172908849485,358.22265397592525,798219
2016-12-15,357.96759033203125,359.80973483519955,349.6071783619176,351.4209624648647,730162
2016-12-16,367.65997314453125,379.5345937260544,361.31172962377127,362.0485706122278,2452909
2016-12-19,365.25103759765625,370.1255712659928,362.7854103671139,368.48183835158824,684469
2016-12-20,356.890625,365.0243197784942,355.7286566635285,363.3238939386704,485701
2016-12-21,357.9109191894531,362.70045581408095,356.6355926871514,357.7125356859604,448842
2016-12-22,356.38055419921875,360.88668196667857,351.98778445711804,357.9109293299769,688479
2016-12-23,354.34002685546875,360.8299897266923,348.5869329389231,358.22267156153885,829976
2016-12-26,342.0119934082031,357.65587549916074,338.95121509416396,352.95139178398546,932822
2016-12-27,351.024169921875,351.987754844772,337.392457599897,342.3520170515512,725126
2016-12-28,343.400634765625,354.7651600762509,342.4937426872176,351.0242058762478,778765
2016-12-29,349.5788269042969,351.93106845901195,339.00786438954646,340.7649554559112,756365
2016-12-30,355.7286682128906,357.00399459889803,347.45328262029244,351.307566457597,629252
2017-01-02,356.6639709472656,358.0526276823146,351.42097411255986,355.3036188954974,467125
2017-01-03,354.6234130859375,359.0728476343013,352.554580498759,356.8056315503573,337560
2017-01-04,354.6517028808594,362.0768889857732,353.37640443444985,354.8217538172878,897449
2017-01-05,361.3117980957031,362.6437897784309,353.74489186078085,357.6558692802517,775168
2017-01-06,359.12957763671875,365.2511062694375,357.59920244327424,361.6235378735954,862474
2017-01-09,357.28741455078125,365.87454190479815,355.13352868330156,358.959480100103,1045674
2017-01-10,357.76922607421875,364.48590526833226,354.96355214499897,359.9231122241909,1146743
2017-01-11,359.4129638671875,362.0486145098255,356.3521858153023,358.19433029820306,771760
2017-01-12,380.8099365234375,382.90712942921766,358.0809443196386,360.4898787285694,4256593
2017-01-13,380.89495849609375,386.0812338469316,377.38074865960334,385.54277632079305,2353863
2017-01-16,382.96380615234375,387.98005861192644,375.34023571536284,377.5224541627138,1210290
2017-01-17,380.49822998046875,385.8262242801983,377.2107358375473,381.7451961076427,1440187
2017-01-18,382.22698974609375,389.1137195842809,378.68444700246965,380.6966146239209,1424249
2017-01-19,389.0003356933594,395.5753240325046,385.4294603899967,385.4294603899967,2826482
2017-01-20,382.1136169433594,392.51452872253634,378.79779037741935,388.83029555522853,1640197
2017-01-23,381.4334411621094,386.8464607545046,376.5022140506117,383.61565966686186,1464247
2017-01-24,401.8101806640625,404.5875495845042,380.8949718601494,385.4294318310172,5159755
2017-01-25,404.4741516113281,407.9883614660121,399.7129757490523,401.35670873341184,3199220
2017-01-27,409.1220397949219,415.4419516817705,403.19889492603414,404.9559861063326,1558225
2017-01-30,413.28802490234375,425.84282195529045,405.9761961910444,408.10174949722176,3496260
2017-01-31,400.50653076171875,416.49051296852554,398.9194627711979,414.8184194986642,1473249
2017-02-01,409.0936584472656,410.65239389771017,400.56322371577613,401.86685486925154,1516832
2017-02-02,428.5351867675781,439.50291645367,411.1625200216555,412.041079498654,5124669
2017-02-03,424.65252685546875,434.82675003399623,423.40556082414145,430.774054714308,2938976
2017-02-06,428.166748046875,431.3125514650525,420.8832794414875,427.88333907076714,1078647
2017-02-07,423.0088195800781,433.551449986328,421.1383425603306,429.64047284244793,943868
2017-02-08,431.36920166015625,433.608085133959,423.9440148934582,424.9642648850914,516163
2017-02-09,439.0494384765625,443.527205155148,433.60805908320316,433.60805908320316,2101426
2017-02-10,426.09796142578125,440.63656766522433,424.5392258184823,440.32482611555275,1855402
2017-02-13,420.3164978027344,433.66483050146394,415.5836538555449,426.23964283705067,1625367
2017-02-14,421.3367614746094,423.6323382366532,412.63627481599167,420.28817878351026,1239794
2017-02-15,414.05322265625,423.1221422944432,409.94386235105134,420.0046994276307,693624
2017-02-16,420.628173828125,422.27193463195454,412.97627129868346,415.4985636508879,910747
2017-02-17,426.2962951660156,428.50684615751834,415.75366521739204,422.13024175798637,1242891
2017-02-20,424.9075927734375,431.8793195068153,421.9035079261698,428.9035950569669,1530851
2017-02-21,425.4460754394531,429.52710343852056,423.0371409115953,426.80642739212163,743295
2017-02-22,419.8913879394531,430.1506096404552,417.170711746538,426.2679649312712,1051678
2017-02-23,420.5148620605469,427.37323140970756,418.30431095966543,421.4784470466497,1849449
2017-02-27,413.1463317871094,423.32052690375684,411.98436339651056,420.5715184664716,661438
2017-02-28,417.822509765625,428.3084749353755,413.7698421180506,413.7698421180506,1444176
2017-03-01,421.2233581542969,423.6606252296811,416.57554004334605,417.82250612128075,599356
2017-03-02,415.3852233886719,425.3893956110555,413.3730559285253,422.83874275296665,508228
2017-03-03,421.87518310546875,423.405558095582,412.94795387473573,415.2435302893742,342377
2017-03-06,430.54736328125,431.45425531737493,419.63629844800965,422.8387670447187,1674756
2017-03-07,427.401611328125,434.68508056185686,426.3246682695826,431.34092121673524,931142
2017-03-08,423.6039733886719,429.32873465608725,421.47844776633934,426.6363910575571,671063
2017-03-09,426.6647033691406,428.1667458618025,420.34479188404674,422.1585758911549,799199
2017-03-10,426.1545715332031,431.90769283577214,423.8589950918292,427.0898239205012,780860
2017-03-14,423.6889953613281,431.3408986819155,421.4784442749834,427.96837911167256,554604
2017-03-15,426.49468994140625,430.7457410808993,418.13425036455607,423.688988388838,1059812
2017-03-16,440.0980529785156,443.2438284691907,425.16265377949645,425.9845481499768,1341123
2017-03-17,432.5878601074219,444.32079140619754,431.11417797176483,442.11024034377334,1241590
2017-03-20,431.96435546875,435.39353991226136,429.10198896227445,433.3247073740612,465872
2017-03-21,423.0088195800781,434.9684670568577,421.02498453776093,432.70122302864684,733363
2017-03-22,412.63623046875,423.4055766678048,411.5025945517371,423.4055766678048,793345
2017-03-23,415.7819519042969,417.1139432884534,410.964083461369,415.0734434779213,727611
2017-03-24,413.28802490234375,419.4378852158378,412.06939142695,416.320442321431,938186
2017-03-27,406.7131042480469,416.5755588742538,403.6806865368603,412.09776366128233,1033955
2017-03-28,407.7333679199219,411.24757824881374,404.92766616530184,409.80220069886195,507302
2017-03-29,409.9438781738281,410.9357956504998,406.14625922283875,408.35681021115346,423068
2017-03-30,404.5875549316406,410.9357989747557,403.05715203585976,410.9357989747557,1280040
2017-03-31,409.26373291015625,412.9196615782659,400.16647969987514,404.87096314364817,986914
2017-04-03,415.01678466796875,417.96420447988635,409.85884178551834,410.36896678009316,729017
2017-04-05,412.4945068359375,418.70106032506396,409.8305237542927,415.04515975803935,1103461
2017-04-06,407.70501708984375,412.6362443460892,404.95598054346686,412.6362443460892,710842
2017-04-07,403.6523742675781,407.81842844373074,402.2353569972922,407.81842844373074,777206
2017-04-10,399.5146179199219,405.01266301156227,397.6725013288666,403.8506945452748,1019657
2017-04-11,404.5592346191406,408.18680300322035,399.88308356673247,400.70495017579105,632156
2017-04-12,402.8021240234375,410.00056750154357,401.07336540139715,403.00050753050476,753440
2017-04-13,402.94378662109375,406.62804751677356,401.75348566130776,405.2110305243438,382018
2017-04-17,401.18670654296875,406.25962417142296,399.0611809962396,403.1705136712197,1733769
2017-04-18,403.7657165527344,413.4298163046214,401.3001166278546,403.45397499414986,1073778
2017-04-19,402.43365478515625,406.71306608806793,401.0166378167864,403.3122142204054,514198
2017-04-20,404.1624450683594,411.21922578570036,399.82636834643705,402.43368645959725,1163240
2017-04-21,400.0814208984375,406.40133229834095,398.66440390316876,406.40133229834095,824083
2017-04-24,402.008544921875,403.62394533860635,391.21083912694826,401.30003645592154,1552252
2017-04-25,403.8790283203125,410.4823206441354,402.43365096785084,405.0976617871937,1107086
2017-04-26,405.9478454589844,411.6726059982525,403.2555022029004,406.34461242006904,965954
2017-04-27,409.3770751953125,412.6362367176737,405.29607498086625,409.2353846330093,1056529
2017-04-28,408.6968994140625,415.35691302446895,406.8264502678047,410.02891885150706,743831
2017-05-02,404.8993225097656,412.60789112884004,399.91140222535535,412.5228935037703,502121
2017-05-03,400.7899475097656,409.9438933139189,399.5713139531159,407.39326817894727,384575
2017-05-04,400.02471923828125,406.2596050250889,396.5105093661386,401.41340366386726,750433
2017-05-05,363.5506591796875,394.38501662881225,354.39671322964193,391.66434048850175,6844655
2017-05-08,370.35235595703125,375.623657166174,359.9514162415505,363.7773678569447,1912522
2017-05-09,370.295654296875,374.09327328227806,366.24298673455235,369.02035569440136,1030573
2017-05-10,375.4536437988281,378.6277520510503,365.2510873206139,370.32400515948615,919557
2017-05-11,377.6641845703125,379.4779686244472,372.73292957301146,376.9273156453,577845
2017-05-12,381.03662109375,384.2674217314347,373.6681279225579,375.9070111962281,1193716
2017-05-15,389.42547607421875,390.5307516813965,380.89501276149394,385.03270618804186,769977
2017-05-16,385.2310485839844,392.797926053452,384.77758865713776,388.26346607967344,471233
2017-05-17,381.4617919921875,385.4294621910638,380.0447748808573,384.9193371453425,397354
2017-05-18,382.4820556640625,390.5873910095742,375.79370951804333,380.8382947034888,448186
2017-05-19,382.62371826171875,385.76949367280747,374.66007406050915,382.5386927869969,468120
2017-05-22,380.15814208984375,387.1582301904194,377.5508238558679,382.62376975283973,178788
2017-05-23,379.73297119140625,381.5467550257488,367.03648435100837,377.4940878650317,969317
2017-05-24,367.7733459472656,382.56702639909054,363.89070165031706,375.3402231936306,464732
2017-05-25,371.4576416015625,377.23906799291626,367.85840593053035,368.99201403215943,3021621
2017-05-26,371.712646484375,376.89894960323085,369.55878855864273,371.230881902614,571233
2017-05-29,399.8263244628906,406.5996954490423,365.0243286249994,372.2511316546609,2278989
2017-05-30,397.1907043457031,402.8587724748411,393.64816176499187,396.53886090984685,748238
2017-05-31,413.9681701660156,416.51879494188535,395.94369007902174,396.76555651463894,1300174
2017-06-01,410.992431640625,418.134209108244,408.81024120533567,413.9681838600228,715753
2017-06-02,416.5755310058594,419.8063320094519,408.951960566676,412.06940355281904,1110251
2017-06-05,420.2881164550781,423.4055593817134,416.518830116879,416.57552305399037,840098
2017-06-06,420.7982482910156,426.4946766995081,416.8305783968604,421.7051402869743,1174651
2017-06-07,414.13824462890625,435.2801685802208,406.57133962261247,417.737452056269,2822781
2017-06-08,418.92779541015625,421.8752154604256,407.08150584460924,418.3043123506936,900979
2017-06-09,434.4299621582031,439.84298126458174,410.99243438911,417.1706548881469,5056207
2017-06-12,415.52691650390625,432.4744831951831,413.82651839995236,431.3408751729014,1738651
2017-06-13,425.9562072753906,429.6404683354831,415.5269350011144,416.60387799263776,1799515
2017-06-14,423.88739013671875,430.6040690559702,422.271989519816,424.6525637737603,1148964
2017-06-15,421.7618408203125,426.23960794271125,419.57962233922865,422.2719658360423,538001
2017-06-16,418.3873596191406,426.09264006762925,416.31178819901754,420.51983659414947,998512
2017-06-19,418.1314697265625,423.53366819789875,414.6342377613901,421.31591679553236,606026
2017-06-20,424.1592102050781,426.4338112624124,418.0745922848916,420.71885584234025,953440
2017-06-21,427.91229248046875,432.1771901358577,424.6140904264674,425.55238915241017,1275376
2017-06-22,427.1161804199219,435.8165807160789,425.09745881102424,429.33393170715254,891747
2017-06-23,411.0801696777344,430.04478448014953,403.54549403706704,427.1730942631439,1692896
2017-06-27,411.8762512207031,415.68623991338416,399.76392163475845,413.86654799295155,1152986
2017-06-28,408.6064758300781,412.84294872201536,404.31315328706256,409.9996835770311,526943
2017-06-29,411.1654357910156,413.80967125124425,402.749339679288,411.6772223978444,3118131
2017-06-30,411.0801696777344,412.21747024340834,402.60722316661224,407.55451276942995,368555
2017-07-03,408.3221740722656,411.79095309755996,405.76321306701334,409.82908113022114,374073
2017-07-04,392.854736328125,410.397715769114,391.29095178176283,410.397715769114,1173503
2017-07-05,385.0926513671875,397.48931370964965,382.7042951146075,390.3811505050886,1079704
2017-07-06,384.4102478027344,389.64186917286014,381.0267711675065,386.7417263786067,1009758
2017-07-07,380.1453857421875,388.76048455723804,378.52472331213164,388.39087793526585,633271
2017-07-10,380.742431640625,383.6709992038382,379.29237424658925,381.8513072800879,180805
2017-07-11,371.67236328125,383.7846917954024,370.1938532455982,381.39633588004443,661230
2017-07-12,378.75213623046875,380.1453439786065,369.9380086835859,371.13218675341824,1069644
2017-07-13,374.85687255859375,383.3866679898365,373.1793327079358,381.05518945397625,519818
2017-07-14,381.1689147949219,385.234782812111,373.15090601176166,377.5864085576701,788761
2017-07-17,378.6100158691406,385.6044520716357,377.01777830931576,382.42000490166924,297769
2017-07-18,378.06976318359375,382.7042956614757,373.6342603937112,378.8658819355914,440737
2017-07-19,384.15435791015625,385.57599046735186,377.61483137724815,378.069740379704,641709
2017-07-20,379.4060974121094,385.71814147665555,378.6668283606418,385.54756457604657,235620
2017-07-21,372.468505859375,382.9317481233386,370.2507546381949,378.86585225138833,414517
2017-07-24,367.72027587890625,374.11762278210256,363.93871180103605,372.4685356216469,630409
2017-07-25,381.4816589355469,386.08776617872155,369.36932976614975,370.7625374588107,2238198
2017-07-26,386.0309143066406,388.2202408267266,378.3540870228586,378.3540870228586,1066605
2017-07-27,383.47198486328125,388.9594856794667,380.79929652168283,386.1162204286,993424
2017-07-28,383.5572814941406,388.845752544827,378.7237194608682,380.99832044730135,462047
2017-07-31,381.6238708496094,385.49070938328055,379.9747557502078,383.55729011644496,446313
2017-08-01,373.83331298828125,384.41028397761727,372.46855786529045,381.85135065345696,427806
2017-08-02,375.055908203125,379.2924094260057,372.58227736626026,375.31181550505073,389670
2017-08-03,362.6023864746094,375.19807871217193,359.19045690037046,372.46854064271736,809697
2017-08-04,364.7063903808594,367.5496555515275,354.98238883956947,364.79169280792837,783148
2017-08-07,370.3644714355469,374.7999737527429,365.47403218725617,365.5877873822894,626529
2017-08-08,357.56976318359375,372.7528400723859,354.2715611578147,370.79096816191174,434670
2017-08-09,345.14471435546875,359.1335867714776,341.192545280738,357.56980198804877,966152
2017-08-10,337.92279052734375,343.43874430148276,324.38882736369163,343.43874430148276,1233989
2017-08-11,334.3402099609375,349.72231583693724,325.8104151037355,334.36866273423044,1456568
2017-08-14,357.34234619140625,359.16203826910186,336.1315272205183,336.1315272205183,1328162
2017-08-16,357.4276428222656,367.9193109014024,352.7931102699829,356.03443498390385,1964676
2017-08-17,364.6210632324219,366.7819367897114,355.97751310390527,357.68347768057777,614091
2017-08-18,365.047607421875,372.4685559482719,358.4796552989307,362.51709893942825,1033920
2017-08-21,358.8207702636719,370.9331268790414,354.584297713005,365.2181442742249,550369
2017-08-22,349.8645324707031,363.93873571197173,347.2771743023785,360.6974108320878,764039
2017-08-23,362.5455017089844,364.39364649583985,352.4234683950698,352.5940732553167,625601
2017-08-24,364.82012939453125,367.91930194631544,361.20917021351545,362.2896210750854,1676966
2017-08-28,377.8992004394531,378.9511985727846,363.9387248788588,363.9387248788588,1329597
2017-08-29,368.4879150390625,377.5579496608694,364.6495015865456,375.8804377955012,767879
2017-08-30,371.0184326171875,374.4303619837399,369.5683752137592,369.71052729166513,896288
2017-08-31,370.7056884765625,374.77158462100283,366.9525772237332,370.19390184888954,1317731
2017-09-01,379.7188720703125,380.88459740258094,370.5635345220121,373.5774046195754,446258
2017-09-04,371.9282531738281,380.9982874061799,366.78193464996474,380.9982874061799,613305
2017-09-05,376.56280517578125,377.4442263046222,370.3360635228225,371.33118395252995,314403
2017-09-06,374.686279296875,378.12663358119755,371.9282885443902,374.11761507066166,284179
2017-09-07,379.15020751953125,383.7278902646221,374.4588254686088,374.68627997963586,668790
2017-09-08,377.27362060546875,383.27293569352133,375.31177662600203,379.03646285918603,387400
2017-09-11,384.694580078125,387.19666351052894,377.58641709369715,378.1550533626425,815936
2017-09-12,397.432373046875,399.4226696082312,384.6945309535507,384.6945309535507,1191929
2017-09-13,389.18695068359375,400.90122087949567,385.803446181052,400.7874936285243,713314
2017-09-14,399.9629821777344,412.6155241712706,389.2438315554696,389.4713140253395,2445417
2017-09-15,403.03369140625,414.5489325450817,398.05797717272185,406.01913671617626,4100882
2017-09-18,402.408203125,409.9997286037427,399.93454428940737,409.4310922821061,729273
2017-09-19,401.6120300292969,407.55446744738254,400.076670243924,402.60717839472755,808512
2017-09-20,395.0440673828125,401.7257457013749,394.13422146773576,401.0149294536487,393896
2017-09-21,400.0766906738281,404.22786124611804,389.72717509453196,395.78334007082753,679438
2017-09-22,386.8839416503906,399.7639665675175,385.5760361887184,399.7355137892296,562295
2017-09-25,391.489990234375,396.9206130078951,382.2777757920064,386.6848533437608,1150976
2017-09-26,391.2056579589844,400.901206208555,389.5281181817642,391.23408278326684,814566
2017-09-27,379.4345397949219,395.72649321071765,378.01290717587375,392.37141339806936,602488
2017-09-28,382.0787658691406,388.07808108639057,379.3208031285602,379.43453038130076,1537948
2017-09-29,389.6987609863281,392.3714214208884,382.67587222690037,382.7042970539516,481196
2017-10-03,393.84991455078125,398.62659892280584,390.6938924451408,391.80276809843946,803024
2017-10-04,393.13909912109375,397.29026963620703,391.94492103804447,396.3235740092252,273076
2017-10-05,397.09124755859375,399.1668468307314,392.3714127374657,392.3714127374657,557176
2017-10-06,403.2042541503906,405.67788462050675,398.05793559394004,399.19523599572864,978286
2017-10-09,392.37139892578125,403.7160625829401,388.1065012259439,403.20427597694686,706345
2017-10-10,392.22918701171875,397.48923229566475,389.6133767802884,392.3713390668214,580179
2017-10-11,383.0455017089844,393.22441257657226,381.05520484808346,392.7979283777169,1771020
2017-10-12,390.9213562011719,392.37141364761226,377.0177589923818,385.5475826617776,2138562
2017-10-13,392.76953125,400.3326324433019,390.75080927640596,398.05803109401387,2080508
2017-10-16,409.032958984375,410.8526507842266,392.3429479282141,392.5419775922503,1515075
2017-10-17,411.1654357910156,415.1175765686246,406.36029870223814,412.1605841792051,1023236
2017-10-18,403.82977294921875,412.8429297526034,401.81105143507494,412.2174159213971,718045
2017-10-19,399.5649108886719,404.8533820487184,396.9206473589665,404.73965479201314,82646
2017-10-23,407.98095703125,414.26460422924015,399.7639186257437,399.8491931013289,1323166
2017-10-24,414.7763977050781,417.96084461980007,406.07596942898317,411.13698588161134,1015853
2017-10-25,405.33673095703125,419.0412981741063,394.75976102374045,418.52951156037295,1410783
2017-10-26,384.23968505859375,395.2146868703316,380.14536402464756,392.3714215729968,2716665
2017-10-27,373.0655822753906,382.67582792600155,371.0752856185638,381.56695235286645,1311462
2017-10-30,374.9705810546875,382.13562115640207,368.7438116955547,373.5773733780275,944242
2017-10-31,389.2154235839844,396.1814351764343,373.71958761828756,375.2549476205667,2401315
2017-11-01,394.02056884765625,408.8624383888891,390.58018625342845,400.24731141315556,2953447
2017-11-02,387.0829162597656,398.8824885640868,384.86516505124564,395.66958899922076,899402
2017-11-03,392.0302429199219,395.7833542602674,388.4477084929902,388.4477084929902,1068571
2017-11-06,390.8360595703125,395.52746964550056,388.390853663693,393.45187033775557,506962
2017-11-07,381.7659912109375,394.56071182055024,378.7805461538119,391.26250984548955,921999
2017-11-08,385.547607421875,388.67520497656267,382.13567773500057,382.13567773500057,893340
2017-11-09,394.6176452636719,396.80694399903734,384.58088584622675,384.58088584622675,937486
2017-11-10,398.5982360839844,404.19949282285523,391.00671018457234,392.3146157213377,885548
2017-11-13,394.1626892089844,404.8818116896751,392.2008450955478,396.3520157882185,1131221
2017-11-14,395.55584716796875,402.6071598760995,393.5087008816337,393.96360985651745,652793
2017-11-15,387.537841796875,397.9442347962799,382.90330951070024,395.21466893109215,670583
2017-11-16,395.6127624511719,396.9775455016126,388.9026583106084,391.8028013305323,493131
2017-11-17,398.6834411621094,405.9622083023257,396.20978279353466,399.7638918937599,1091999
2017-11-20,399.53643798828125,402.4650055374019,398.2285326775244,399.76392043991603,444484
2017-11-21,396.551025390625,407.46917700729665,394.5038510002382,399.4227153727437,1282653
2017-11-22,395.1862487792969,400.4462949927554,393.5371616701162,398.05796675699054,464137
2017-11-23,396.5794677734375,398.5413398240363,390.18212088817177,397.8020707268565,400468
2017-11-24,394.077392578125,398.6266227157947,392.3714277827885,395.328448334536,469988
2017-11-27,393.0821838378906,396.26665842075096,391.7174289807209,394.0489073218814,409128
2017-11-28,392.68414306640625,397.9442169311911,389.72715077811074,389.72715077811074,528917
2017-11-29,393.5655517578125,395.21463872143505,392.05861686186535,392.6841306791236,404384
2017-11-30,392.2861328125,394.6460643332854,390.66547041855506,392.8547970716567,494203
2017-12-01,386.9407653808594,394.6460455419014,383.870045606868,392.51359659612706,407585
2017-12-04,380.20220947265625,389.35751848381017,376.56279777824113,387.70843145875216,531715
2017-12-05,380.0884704589844,383.27294534606375,374.88530189129307,379.86101595267337,362589
2017-12-06,379.4060974121094,387.08292437961074,376.4775298804353,381.39636621687157,438795
2017-12-07,387.96441650390625,389.4144741476857,377.6433242668824,379.4061668433259,301009
2017-12-08,386.48583984375,392.1439452973938,383.8984540329123,387.33880820574694,360127
2017-12-11,406.8152770996094,409.9997243165282,383.58573594960643,387.139817733987,3085533
2017-12-12,397.09124755859375,410.2271508242794,394.4470120096033,409.4310600366855,1086708
2017-12-13,396.0108337402344,405.79168606323964,393.28129550704807,397.460919268595,691203
2017-12-14,398.655029296875,428.76524714854474,396.26667327022983,428.76524714854474,11947470
2017-12-15,390.60858154296875,402.4081541130964,388.8741920612724,401.49830815960973,2521605
2017-12-18,388.7320251464844,395.0440973833774,376.8187249240872,388.07808644677357,1391894
2017-12-19,391.546875,394.07738333127395,387.8506133718882,390.09681753534625,904479
2017-12-20,386.5142822265625,393.4802933147972,385.2632544522244,391.8027813400877,1446787
2017-12-21,385.66131591796875,390.92136228357043,384.72301713244286,387.82218970800665,836991
2017-12-22,386.1162414550781,390.4948947755784,383.699460270296,384.41027662172115,1000826
2017-12-26,386.6564636230469,388.817337408981,384.0690776855554,385.37698306773933,500679
2017-12-27,393.5087585449219,397.8873838433611,385.60444842609775,385.60444842609775,1670693
2017-12-28,386.3152770996094,396.0677044230177,384.6093122399854,395.2147080183637,2802065
2017-12-29,387.5663146972656,391.40472846368937,386.11622926237675,389.5281588213495,537594
2018-01-01,385.5191345214844,391.8027820808783,383.8416225436031,386.9123423317019,547771
2018-01-02,381.4248046875,388.1349078512922,380.06002183572696,386.0877615233121,548305
2018-01-03,380.23065185546875,385.4053956159063,379.2923810512996,382.44840317418215,692623
2018-01-04,383.6709899902344,384.41023108223027,379.2639123636767,382.6189919766371,469534
2018-01-05,382.2493896484375,387.2535567148653,381.026786683844,385.4907143359054,720707
2018-01-08,385.57598876953125,387.53783274592473,381.56697044205885,384.38181071882195,628494
2018-01-09,387.05450439453125,394.9019083607725,383.6709998696682,386.116205655886,1054089
2018-01-10,382.960205078125,390.03994350518144,382.1356614946041,388.27712908003497,678183
2018-01-11,383.8700256347656,388.81731475747415,381.0551853468838,383.244511781832,524239
2018-01-12,385.0642395019531,390.153681173773,382.47685347456394,385.5476013240575,1240234
2018-01-15,382.8748779296875,387.8221670611108,382.0787592246676,385.177931619255,618808
2018-01-16,370.6772155761719,384.01214689222945,367.66334585425926,382.84642170525774,916432
2018-01-17,367.1231689453125,371.61552117742536,360.75424717909726,366.95256409229927,1227518
2018-01-18,360.5836486816406,370.3929248085387,357.34232411534464,369.5399564278004,758966
2018-01-19,360.44146728515625,363.91027429622153,356.0628422445831,359.3894692262767,602076
2018-01-22,366.4976806640625,369.6252781394076,357.74040214315943,362.80141893876987,1121026
2018-01-23,363.5975341796875,372.1842077523261,361.97687182771887,371.8998756301121,687054
2018-01-24,360.3846435546875,366.7819906951591,357.399198119324,363.4269386461435,572678
2018-01-25,352.13916015625,360.9817414669701,351.2293140893741,360.9817414669701,514635
2018-01-29,344.37701416015625,356.9158288269881,343.01225909660207,352.53720356307815,1281182
2018-01-30,346.85064697265625,352.2244202926543,342.6710237629061,345.4005616357369,1026639
2018-01-31,349.9213562011719,355.40888455878974,347.98793709240823,348.30069401076116,969913
2018-02-01,354.32843017578125,358.73550771171233,345.0309412939072,351.6557420602211,885006
2018-02-02,350.80279541015625,354.1009975598246,339.0032225282462,352.5656097636305,2517395
2018-02-05,352.13916015625,354.24318442646637,343.46718371734545,344.3201521770548,972566
2018-02-06,343.2965393066406,350.2910028492862,336.41583096522646,340.6238790210008,1217525
2018-02-07,342.0455017089844,353.8166492251152,340.8228988530332,347.61830457206037,943807
2018-02-08,351.9685363769531,354.8402544663887,341.9886550061708,342.89850102417046,1169942
2018-02-09,362.8582458496094,364.50736089121557,343.2965434536338,345.14468817527785,1176313
2018-02-12,369.625244140625,373.0087206524503,361.0669960994381,366.78195110210174,668207
2018-02-14,373.3783874511719,378.72373634213994,365.13289562103273,374.0039013528386,945450
2018-02-15,367.6065368652344,374.14603564394065,366.2133290916263,371.89985949039055,465503
2018-02-16,363.9671325683594,370.1654776637931,360.32774856540755,367.80557420708226,682375
2018-02-19,360.5836486816406,366.6113887977539,355.80693631052526,362.9151272652977,475679
2018-02-20,358.4227600097656,363.65438158719013,357.3423370815846,360.5267841615283,467732
2018-02-21,355.6932067871094,361.03855539472016,350.91652239615047,359.5884979768437,357919
2018-02-22,351.343017578125,358.19530141957364,349.7223552546025,354.30003805762897,991884
2018-02-23,363.4552917480469,365.6446179685938,352.50871654466795,352.50871654466795,495751
2018-02-26,361.1523132324219,365.6446655478269,360.21401447313326,365.6446655478269,555055
2018-02-27,368.9712829589844,370.8762773045222,360.612064468744,361.1523038493728,593661
2018-02-28,365.2749938964844,369.45461680037505,362.80136348166144,366.78192877378336,637598
2018-03-01,362.8866882324219,367.3506155428465,361.0954211633805,363.0857179067598,437534
2018-03-05,357.4560241699219,361.8346488939178,354.89706332306037,361.8346488939178,301046
2018-03-06,355.0108337402344,362.2327237595746,352.6224776340044,358.96297447577166,683477
2018-03-07,348.7272033691406,354.84024600507695,344.9172145253419,354.84024600507695,779475
2018-03-08,350.6890869140625,353.2764449559241,346.87909794510415,353.2764449559241,706592
2018-03-09,352.5656433105469,357.2570536736889,349.8076802895915,350.9734336606344,834740
2018-03-12,355.7500915527344,358.8208113052572,352.2812844807935,354.3853085851585,308655
2018-03-13,360.5552062988281,363.02883684226464,355.32358516598015,355.7500693355823,367102
2018-03-14,363.51220703125,364.53578024187686,357.3991646431921,358.6217675308675,572358
2018-03-15,363.5406494140625,368.601666060854,362.6023785839537,363.88185913387093,455034
2018-03-16,354.925537109375,366.55450500515036,353.13427000045925,363.93869435553154,566732
2018-03-19,355.9775390625,358.4227448858241,355.1245706868032,355.1245706868032,612258
2018-03-20,362.5170593261719,365.644656564369,354.66962743040153,355.9775327463633,2703938
2018-03-21,362.9720153808594,368.65854594964526,359.56008585971495,363.8818613898524,867130
2018-03-22,357.0010986328125,363.9671092499513,355.43731402064515,359.95811890802395,229558
2018-03-23,350.9449768066406,354.64123862710875,349.43804166019225,349.80767622714416,787135
2018-03-26,352.7362060546875,354.5843227908227,350.8596365436119,350.8596365436119,422024
2018-03-27,355.77850341796875,357.68349776806537,352.79308620339054,353.7029321654008,276737
2018-03-28,352.65087890625,355.55102142016534,352.4234244207567,354.157813784581,644158
2018-04-02,362.716064453125,365.16127006755966,353.10581888614485,353.10581888614485,256988
2018-04-03,371.0184326171875,373.2646366858045,361.66409360933505,361.66409360933505,939691
2018-04-04,362.716064453125,376.98929471118953,360.27085883869034,373.2361559196399,667917
2018-04-05,372.4400634765625,375.9372670414671,367.7202291604636,369.45461853122555,479539
2018-04-06,372.38323974609375,373.66272032912883,369.227217454269,373.52054029230106,194653
2018-04-09,375.36865234375,381.56696912647135,371.5870885295422,372.4685096519811,683574
2018-04-10,372.72442626953125,377.87074554498946,369.62528154292454,374.8569032516287,411681
2018-04-11,374.7715759277344,375.68142190579056,371.04688958792923,372.5538246093674,349690
2018-04-12,360.9532775878906,377.0177480884898,359.8159491650764,373.0371545080023,718086
2018-04-13,361.0954895019531,364.7917515892336,357.88258927949704,361.23764160351993,359275
2018-04-16,353.1342468261719,360.5267413314222,349.43798559870703,360.5267413314222,2009913
2018-04-17,355.1246032714844,357.1148723139556,352.0538553479187,355.3804826277992,296175
2018-04-18,352.7931213378906,357.6835333895993,351.4567631124126,357.6835333895993,348241
2018-04-19,353.077392578125,356.5461995455122,349.7507656383192,353.1911477800625,329117
2018-04-20,357.91094970703125,360.52676032278094,353.8735065326804,355.3520166914852,648017
2018-04-23,360.29931640625,363.8818506829434,356.46090279532507,358.2521699336718,284999
2018-04-24,359.8728332519531,363.5122171913153,356.8305383604252,359.41789628469206,428734
2018-04-25,357.68353271484375,360.24246599873794,355.7216885221388,359.16204302869573,874208
2018-04-26,352.6224670410156,359.38944785570254,350.461565500385,357.6834832524551,657824
2018-04-27,353.2195739746094,355.9775367141403,351.5704589362967,354.66963138360046,695700
2018-04-30,354.72650146484375,357.4844641459078,349.7223347541636,355.35201531625864,1299510
2018-05-02,357.9678649902344,361.32291706372985,352.2813062075291,356.80211163562944,972276
2018-05-03,349.7792053222656,357.59818420712173,348.1869679509064,357.59818420712173,1338111
2018-05-04,350.9449768066406,352.19603259880205,346.36732171064665,349.69394896416287,663812
2018-05-07,347.7605285644531,355.29517632470254,344.32014610845835,351.9970018589598,822662
2018-05-08,350.9449768066406,353.0774258743279,345.79865744605655,348.2154386460389,1204986
2018-05-09,347.7320556640625,351.9401038868187,345.1162449255581,351.9401038868187,751792
2018-05-10,348.0447998046875,350.03509658679974,346.31041030156723,348.1869798317989,941881
2018-05-11,361.720947265625,366.2133275029178,338.946345043923,339.06007229744307,2464496
2018-05-14,362.3464660644531,365.0191543824223,357.59820642956157,362.80140303440436,644661
2018-05-15,351.51361083984375,362.232732862731,344.86035690501416,362.0052783563303,715706
2018-05-16,354.86865234375,356.5461921665978,347.1065229781778,349.8360608248871,437817
2018-05-17,350.8312683105469,357.05803892706496,347.50464087908057,355.97758794642107,309127
2018-05-18,346.9359436035156,350.7459325285848,344.348585591459,350.3194483227129,313577
2018-05-21,346.3388671875,350.2910080234017,344.035813447961,346.93592827953927,708847
2018-05-22,348.67034912109375,354.7549389006255,345.002512407996,346.87908197862845,644178
2018-05-23,347.3055419921875,353.27640410173007,346.02606155811424,348.58502242626076,374662
2018-05-24,349.5802307128906,352.79313078624983,346.11142332896384,348.13014518570975,325699
2018-05-25,359.2757568359375,360.44148219673195,349.0399681843388,350.5753560468564,355513
2018-05-28,365.13287353515625,367.57807933904957,359.1051335025699,359.1051335025699,539583
2018-05-29,352.8783874511719,369.1703415269629,346.0261034159356,361.74939324119777,663224
2018-05-30,359.0483093261719,361.6356673919017,351.3430288850812,351.42833131796164,253445
2018-05-31,351.05865478515625,363.37004153234153,350.0066567880047,363.25628633564645,3289033
2018-06-01,342.21612548828125,354.4990323262797,339.1453778165204,353.0205500673593,363094
2018-06-04,343.1544189453125,345.4858976917852,339.884641374885,343.0122668551563,436463
2018-06-05,343.182861328125,345.7418226793022,340.51020065875355,341.5053491898019,775895
2018-06-06,344.8887939453125,347.7320592250606,340.08365661675424,342.92694984618464,175103
2018-06-07,345.1731262207031,350.291020496394,344.5760371577217,347.3908776118676,540916
2018-06-08,343.4671325683594,348.528148814817,342.0739248719381,344.6044329951669,211084
2018-06-11,346.08294677734375,348.4997276784363,342.64259268632406,342.64259268632406,1724315
2018-06-12,345.8554992675781,349.6939127822008,344.68974603069114,346.3104082724349,466041
2018-06-13,346.1966552734375,350.6037326660432,344.60441797549703,345.4289893974153,2255890
2018-06-14,346.85064697265625,349.8360641727971,345.4574392360729,346.196680342356,215178
2018-06-15,347.22027587890625,352.7931071835999,346.31042986278845,347.1634262245953,416073
2018-06-18,343.9788818359375,351.08707161902066,342.3297949985097,349.6938640737635,1119172
2018-06-19,339.25909423828125,347.53301027765315,336.7001612182572,343.779899198391,535542
2018-06-20,344.6897277832031,346.87905411479824,337.80901982639494,341.13564655960545,575513
2018-06-21,343.2965393066406,347.7604946406643,342.07393641537124,345.0878064053436,161708
2018-06-22,342.3298645019531,345.2868570710489,339.6287512769793,342.89850079427003,307700
2018-06-25,339.4581298828125,344.37699428247987,338.9179184439991,342.50042473501657,301420
2018-06-26,335.84716796875,342.10236247435,334.70986749946303,338.9463403959801,826023
2018-06-27,335.6766052246094,338.3208408058509,333.3166738104209,336.30211911161757,518310
2018-06-28,332.6058044433594,335.5059468519994,326.80554757575703,333.0607413475105,816854
2018-06-29,337.0697937011719,338.9179104294397,326.57809850852,332.80486809409757,474363
2018-07-02,336.8423156738281,339.2022469836629,331.80972407416516,337.78061441253203,441726
2018-07-03,334.482421875,338.2355330880571,330.18907126368714,336.6432956189778,2360274
2018-07-04,335.904052734375,338.51986343430684,332.2646687952841,335.4491157671479,291071
2018-07-05,338.6620178222656,342.8700660116407,333.9422109595058,336.3021143908857,611704
2018-07-06,335.84716796875,341.7327558928983,334.7382923250329,339.4581270046433,248273
2018-07-09,341.1356506347656,345.7986074918032,335.61969750406723,338.2923856219222,210430
2018-07-10,349.38116455078125,353.53233509699464,342.8984874727578,346.19668963879207,686342
2018-07-11,344.77508544921875,352.1960339468842,342.78478846521904,352.1960339468842,168949
2018-07-12,346.9075012207031,349.7223415565012,337.06980040794315,346.05453285212485,442636
2018-07-13,341.8464660644531,354.81179138536226,337.2119340427985,351.9400736055391,1243538
2018-07-16,320.4934997558594,341.1925015477008,317.33747781588096,341.1925015477008,636819
2018-07-17,322.6828308105469,327.4595150012484,317.08157515536504,320.12386989257664,281357
2018-07-18,310.7695617675781,324.64470671067807,303.9457025810052,323.56428376756094,528516
2018-07-19,312.191162109375,316.5982117571008,307.5566300158874,310.4567447151309,335268
2018-07-20,314.3804626464844,316.5982138722992,309.91653537007454,311.0538358077621,743108
2018-07-23,322.05731201171875,322.91028033812796,310.22928704110717,314.38045732563694,267241
2018-07-24,334.19805908203125,338.4061068783738,320.0954335643162,323.56424029631495,496265
2018-07-25,328.48309326171875,337.4962783136088,326.4075220302947,334.1980762537901,348416
2018-07-26,324.4741516113281,334.3687313272965,322.7397339208571,328.682172306264,258170
2018-07-27,323.2514953613281,330.7008683709796,322.08576999856496,326.89090738447675,235219
2018-07-30,328.7389831542969,331.269491203124,323.2799077265116,324.16130085779093,416373
2018-07-31,329.02337646484375,338.34929173525995,327.5448661135672,329.79104249460164,528842
2018-08-01,339.9346618652344,344.48399975644577,328.5900742285857,331.69974608048534,742380
2018-08-02,338.1494140625,343.38982720321553,334.98214352541464,339.9346178347187,439607
2018-08-03,337.8327331542969,347.3057605882581,336.6810059852031,337.40083900391465,601053
2018-08-06,334.6941833496094,344.2535934392052,333.5136710115933,337.6023285659179,340731
2018-08-07,334.86700439453125,336.68099372514956,329.94334332932965,335.6732218748061,342515
2018-08-08,335.03973388671875,340.9135670167934,331.6996944769394,336.56578417965267,411130
2018-08-09,340.0498046875,345.52052954062793,331.98765852648165,335.2125000083561,429699
2018-08-10,327.4383239746094,339.0132798733153,317.4182323308686,337.1992904453387,1646468
2018-08-13,322.082763671875,327.55348896585053,319.3473868727753,327.55348896585053,290684
2018-08-14,325.739501953125,329.39623755531204,318.65631389548685,321.8523982915374,436651
2018-08-16,321.3628845214844,327.61104103442784,319.77923512145856,327.61104103442784,396895
2018-08-17,318.94427490234375,324.8181371970853,316.78477586299636,322.9465487196054,282349
2018-08-20,317.763671875,324.29979511343885,314.9995102489122,320.32630746889674,382156
2018-08-21,316.6407165527344,321.65078935526,315.31624903306647,317.30297861678514,249605
2018-08-23,316.2664489746094,320.67183087144775,312.89762419417775,316.09368002046847,219426
2018-08-24,312.40814208984375,316.727139662555,310.59415291978576,316.32403095809764,301093
2018-08-27,317.4757995605469,319.28976050222263,313.0992027166993,313.0992027166993,421494
2018-08-28,315.3451232910156,320.26878470730327,312.49457651227544,318.45479524733685,505108
2018-08-29,316.06494140625,317.87893078053685,312.55213254274196,313.84784328212163,232132
2018-08-30,322.1690979003906,324.53015097102156,314.42367656271284,316.72713054684175,948581
2018-08-31,310.9684753417969,325.3651621804954,309.0105309132766,322.4858304735998,723031
2018-09-03,306.18878173828125,314.25092780945687,304.08685366123547,313.27194140552405,382994
2018-09-04,298.78887939453125,308.0027519631412,297.0324610544548,306.24636192728417,1141400
2018-09-05,295.65045166015625,299.96944995728387,290.81314639531735,296.57183909571245,927793
2018-09-06,297.7522888183594,299.2207683082461,291.76328590437976,294.268294198074,605651
2018-09-07,303.7413330078125,307.1101579048736,295.4200620933044,299.767845054544,958922
2018-09-10,302.7048034667969,306.8222470595938,298.4721616872639,304.2020685479152,395590
2018-09-11,301.0347900390625,312.984040076119,299.65269487569435,301.78340840842407,905060
2018-09-12,302.01373291015625,302.9927192934365,293.7500326539257,301.0347748310966,480378
2018-09-14,303.0791320800781,305.20981739993545,300.19977175031687,302.0137611159262,267783
2018-09-17,301.0347900390625,304.6339549166766,296.28386975723424,303.05030538799315,354316
2018-09-18,297.7235107421875,304.2883914571224,296.2838449118674,299.508714486485,414975
2018-09-19,298.990478515625,302.5896436041828,296.111118140555,302.0425512638499,379088
2018-09-21,287.7898254394531,300.74684712817697,282.3190722559526,300.17096943384377,911586
2018-09-24,289.9205322265625,293.05898916656844,284.7089326175204,287.93377404009715,504807
2018-09-25,289.6037902832031,295.4200526103391,286.0621965397048,290.23723871102385,597057
2018-09-26,293.8652038574219,297.78112110404174,288.221710192383,290.2372537528329,596864
2018-09-27,290.69793701171875,297.0900773986253,289.94931866710164,295.9959211224763,370441
2018-09-28,288.2217102050781,293.80763308533346,279.9867953036065,292.31036811118753,752287
2018-10-01,289.77655029296875,293.63486850814417,281.6280197515424,291.38898516548636,1087611
2018-10-03,281.0809326171875,291.6481145971731,278.4031553839717,291.6481145971731,1568517
2018-10-04,276.5892333984375,282.17515725719676,269.7364123963966,279.0078860947669,634459
2018-10-05,272.4429016113281,277.9424394780999,268.6709683002413,277.56814449891715,316319
2018-10-08,274.7176513671875,278.2880310301335,266.39635118400014,268.6998338038009,557199
2018-10-09,274.45849609375,282.319088379643,268.958957202712,273.65227859732784,618230
2018-10-10,284.3922119140625,287.7034378603083,272.50053295311955,272.50053295311955,237302
2018-10-11,278.48956298828125,286.6380935353984,256.54900814051507,279.007841582778,215753
2018-10-12,279.09423828125,285.97584388417386,276.27247712887106,278.7199149394219,230947
2018-10-15,295.9671325683594,298.09784600790334,275.84056722356286,279.35334746180894,619510
2018-10-16,280.1595458984375,296.02468328879803,278.1440024700483,294.2682932887241,1816112
2018-10-17,271.118408203125,283.8450886085029,269.90911047690514,283.8450886085029,1783564
2018-10-19,262.1924743652344,273.53705977133063,254.85016202584276,268.06633555843496,585993
2018-10-22,257.9886779785156,264.55355914497466,256.2898585958698,262.04855061744547,220539
2018-10-23,260.983154296875,267.97995720406726,253.38171666596335,255.68517060687404,670678
2018-10-24,262.7971496582031,265.87803565269104,254.82138854208108,260.6088372274243,398842
2018-10-25,259.05401611328125,264.4095993180293,255.82917467664586,259.7162782797305,1300934
2018-10-26,257.0960693359375,264.3232124916608,250.90548335795071,258.0462420314925,763376
2018-10-29,268.4694519042969,269.85154706585246,253.43931561954577,257.0960795842636,392924
2018-10-30,270.19708251953125,280.44754241846414,266.4251483150061,266.4251483150061,548935
2018-10-31,282.9813537597656,284.5937604664115,267.9224029321434,271.8671059688457,792644
2018-11-01,287.2715148925781,293.577270218727,281.80076231740765,285.0544171505732,1060995
2018-11-02,282.5205993652344,288.7111849173665,274.34328407647916,286.2061483233089,1568469
2018-11-05,285.16961669921875,289.05672034779076,280.15957136763217,282.52062461086524,490054
2018-11-06,290.8419189453125,295.04574675622695,285.1120407566568,286.0622134545716,857135
2018-11-07,289.718994140625,294.8442095549526,286.5229096271033,290.23727276093774,274142
2018-11-09,295.6216125488281,296.28384638020066,287.0699736988017,289.34464232547396,546645
2018-11-12,296.6293640136719,300.11338713526027,291.3601936991012,296.13989912690727,325622
2018-11-13,297.5795593261719,298.73128634446664,287.1851458570618,293.8076257446419,565567
2018-11-14,302.2729187011719,304.31724786365413,294.1531728421727,298.2706165626021,761021
2018-11-15,298.7025146484375,302.589618279602,296.60058656227073,301.7546154454472,1565785
2018-11-16,315.83453369140625,318.9729902208914,298.0690237334664,300.2285222983826,1051786
2018-11-19,309.8167419433594,315.48902076052406,308.14670807652453,313.6174608504056,345508
2018-11-20,305.7856750488281,312.17781550136164,303.079112179887,308.6938205827132,376626
2018-11-21,307.0525817871094,309.81674357994626,302.33044729148736,306.93738361288223,191581
2018-11-22,303.7989501953125,312.06265081825194,302.15772988903376,306.9374072311167,435002
2018-11-26,305.75689697265625,308.1179502672413,301.4666845084495,301.4666845084495,280939
2018-11-27,307.0813903808594,309.3560591698683,302.3304701348228,305.20980201522224,383103
2018-11-28,301.0059814453125,309.2408968648215,299.4511455883237,308.089169745299,628246
2018-11-29,305.0082702636719,307.8300029999474,301.35150638994844,302.8487430894509,363184
2018-11-30,309.84552001953125,311.1988013332948,301.4090513190876,307.8011912014689,447196
2018-12-03,303.9716796875,314.07815460928106,302.5608274950451,309.8167560308709,631713
2018-12-04,301.9561767578125,304.518784409732,295.62163526457323,304.518784409732,543567
2018-12-05,297.8675231933594,302.3304763784573,295.67921054002375,302.128922010498,175849
2018-12-06,294.90179443359375,298.8464975195436,289.37347001664324,298.8464975195436,523820
2018-12-07,300.5453186035156,303.0791410505046,294.70026988999825,295.4201029176881,768600
2018-12-10,293.28936767578125,298.70252183569977,290.8419299006609,298.70252183569977,246005
2018-12-11,299.22076416015625,300.4876609847993,287.9913484718439,289.6613539778221,221517
2018-12-12,306.4479675292969,307.5709093209211,298.4433913993304,300.0270410485507,186738
2018-12-13,303.36700439453125,309.24086589384206,301.8121686932618,305.267378010007,546928
2018-12-14,306.7070617675781,313.962990435147,300.63167386884794,302.90634261870326,415145
2018-12-17,306.9662170410156,309.8167634956524,302.44563660336865,307.16777140253987,193093
2018-12-18,306.4766845703125,307.8011804471841,302.5031969396977,305.09458961000394,149404
2018-12-19,316.81353759765625,318.1956327299843,306.5342935016582,306.87983143685096,434556
2018-12-20,315.17230224609375,321.3340743478551,312.09141619521307,312.26418515454736,792580
2018-12-21,299.7678527832031,320.06718716899127,297.205245228349,313.8478157906666,706349
2018-12-24,302.4744567871094,309.81677013932193,296.024717080026,298.2994141963872,483553
2018-12-26,293.9228210449219,300.34374713699333,291.273828860711,300.34374713699333,632032
2018-12-27,299.8830261230469,304.6051608770046,291.27381605497334,293.6924683701062,1217713
2018-12-28,300.718017578125,303.6549483776491,297.66594521086995,300.02699834641834,473849
2018-12-31,301.9273681640625,305.78568655616954,301.1787497835874,302.5608449674733,361659
2019-01-01,300.746826171875,304.69150036010194,296.7445528965396,302.5608153088248,278995
2019-01-02,300.22857666015625,307.4845056059464,298.4721581361134,300.6028716978155,1225684
2019-01-03,308.6650390625,311.45801501058986,298.47217839107475,298.47217839107475,1452104
2019-01-04,306.04486083984375,313.2719765879168,300.9772158931009,309.2409172517265,727834
2019-01-07,304.5475769042969,308.83778945478633,302.9063565530507,305.7856885163441,345274
2019-01-08,303.8277282714844,310.96848702318835,302.676001206306,304.63394570837556,868159
2019-01-09,299.9118347167969,306.3615458098442,297.8962911551506,304.3747876407298,426402
2019-01-10,298.3282165527344,302.2441059082097,294.87300674297444,299.9406515711855,452821
2019-01-11,297.5507507324219,302.01373192314594,292.6270900481684,299.42233901149166,553453
2019-01-14,295.3624572753906,298.1842181496185,292.74225074932184,296.6293541471225,335009
2019-01-15,296.91729736328125,300.5452756837816,294.844183068264,295.967124695435,386033
2019-01-16,305.9008483886719,310.2774452835246,297.3204235684619,299.1631982290081,1141412
2019-01-17,305.8720397949219,308.37707644571395,300.3149308412784,307.80119879389014,684545
2019-01-18,299.4798889160156,312.7824470796274,297.1764350005267,304.691488072477,1359752
2019-01-21,295.4488830566406,301.26514627074346,293.72127816007975,300.86203751807176,472622
2019-01-22,297.061279296875,298.9616246221151,292.56951281289673,293.8940087839216,506787
2019-01-23,296.658203125,301.0635856128354,294.98816905410905,295.5064476818413,277647
2019-01-24,300.37249755859375,302.9063195664176,296.4853942219412,298.70249201681446,399115
2019-01-25,283.9891052246094,302.67600517899905,279.4397393859005,301.6970187630042,1601928
2019-01-28,288.16412353515625,292.5407204677115,281.1097490734615,282.75096938514196,1350139
2019-01-29,285.054443359375,289.94931875429825,283.4132230967686,289.37344107105275,628811
2019-01-30,282.3190612792969,295.27608246424757,279.698882971664,282.8949389512398,5156903
2019-01-31,285.6014709472656,296.85969990332626,283.3268025055151,285.63028464071056,1893560
2019-02-01,287.3291015625,290.6403556634965,281.82956329295337,288.59602675837226,707734
2019-02-04,284.8816833496094,288.50966192051357,280.9945796260532,287.64584536848884,403044
2019-02-05,284.9680480957031,286.14858881042846,280.64905054741945,284.88166361606227,985753
2019-02-06,281.9159240722656,286.0045815387841,280.59142820406026,284.01785188858497,945903
2019-02-07,282.43426513671875,286.06224395889825,279.41097775579317,279.41097775579317,1006165
2019-02-08,282.5782165527344,284.70892998765555,272.3853571795101,281.5992301649363,731064
2019-02-11,277.74090576171875,280.9945607780814,273.5658634675325,280.4474968114493,395708
2019-02-12,279.03662109375,281.2537189982745,276.44522817589194,279.2669608410661,890378
2019-02-14,286.1485595703125,290.55394114807274,281.88713324109693,285.6590664385131,1381578
2019-02-15,285.8318786621094,290.06449193916393,282.7797778536879,284.59373879858475,346951
2019-02-18,289.11431884765625,290.2084468309678,283.3268414764942,285.6303239285286,402886
2019-02-19,292.396728515625,294.58501255528705,285.7454636177649,285.7454636177649,777180
2019-02-20,298.9040832519531,300.2861501422895,287.9337910958364,292.59832699719493,691601
2019-02-21,301.29388427734375,303.4821966774379,293.95157169784676,297.2628256888732,722825
2019-02-22,308.1755676269531,310.3926374751571,299.1056489439725,300.0270363404819,703049
2019-02-25,317.90771484375,320.09599925927574,303.8853497563508,307.9740080280562,1225242
2019-02-26,329.1658935546875,331.95886919104134,311.0836569219204,315.1147441066698,1544619
2019-02-27,336.1051330566406,339.4739584254167,329.19471333477463,329.39626771506613,1662500
2019-02-28,339.8194885253906,347.1042031389574,334.0032253318169,339.7042903356994,1991377
2019-03-01,341.7485656738281,343.79292280769226,330.7783032358316,339.7618359299588,622081
2019-03-05,345.8084411621094,347.6512156650256,337.746295635796,339.9633934391925,638913
2019-03-06,353.55389404296875,359.2837724090998,346.78745846442087,348.08316913205283,1334460
2019-03-07,352.0854187011719,355.71336869724564,349.2060870176359,355.71336869724564,513793
2019-03-08,352.7764587402344,355.31025245324764,349.2636503853599,349.95469789991773,481190
2019-03-11,351.1064758300781,355.2527332147865,348.83180691485524,352.43097196506045,1310197
2019-03-12,355.71337890625,359.2549728290065,350.1562697297049,350.1562697297049,1324059
2019-03-13,345.3189697265625,354.7344254837068,343.96568830735987,354.7344254837068,1245722
2019-03-14,350.30023193359375,351.9414522049836,340.33774042883357,347.24813114365656,528223
2019-03-15,350.616943359375,353.8994120864449,346.3555448706022,350.70332783959003,536009
2019-03-18,349.11968994140625,354.93595218614144,346.44188440028813,350.47297125516343,709842
2019-03-19,348.8030090332031,352.97805166367255,346.2115876464442,351.33680302313996,540683
2019-03-20,352.9492492675781,354.93600761466246,348.14075798564454,348.14075798564454,461945
2019-03-22,345.69329833984375,354.7632163045804,344.10967714510457,352.0278397272437,453316
2019-03-25,341.489501953125,344.1384942907572,339.4739581518344,342.58365834585766,269325
2019-03-26,344.08087158203125,347.5936802952457,340.04981256030607,342.38208046971533,426524
2019-03-27,346.1827392578125,348.8893017288161,341.7485439738632,346.64341869789087,489542
2019-03-28,349.9547424316406,351.5959627974237,343.7065852229383,348.3710928552687,412826
2019-04-01,351.595947265625,356.54842184312633,348.3710774659291,355.31028197058475,411795
2019-04-02,348.3134765625,361.47205146866844,346.32671850290694,353.2947361027359,1142145
2019-04-03,344.9446716308594,350.4442100456465,342.98672715377023,348.31349660450746,333127
2019-04-04,343.0730895996094,347.046577715808,339.81946274536386,345.5205273167414,267056
2019-04-05,347.56488037109375,351.1640451157798,342.41085154898883,345.779676543028,401652
2019-04-08,341.17279052734375,352.2006544491947,338.98447765950624,346.0964520236403,333092
2019-04-09,335.1837158203125,343.79295431055624,334.0032033438157,341.1727475999314,332736
2019-04-10,334.40631103515625,338.7828795981831,333.13938577388296,335.09733030033635,198320
2019-04-11,337.63116455078125,340.1362014650509,333.5137209894087,335.15494133508713,400818
2019-04-12,335.6444091796875,339.1859747608624,334.1759296153916,339.1859747608624,204612
2019-04-15,334.4926452636719,337.94785457970653,333.45608812970545,336.0475092688413,287899
2019-04-16,332.9090270996094,337.8902867689717,331.12382333879333,335.29886560704125,169631
2019-04-18,329.5690002441406,336.9689124002061,327.26554612779773,336.88252791760453,248173
2019-04-22,333.3121643066406,336.8249447368804,325.3364023968848,328.82039743297145,374770
2019-04-23,332.62109375,344.7143266617325,325.4227644132,332.3043695235184,283590
2019-04-24,332.2756042480469,335.0973370650494,328.0141771723017,333.42733135081886,164991
2019-04-25,329.07952880859375,335.1261599483736,327.5534783263002,334.00321820873205,101510
2019-04-26,324.87567138671875,331.0662572454513,322.255464795978,331.0662572454513,132578
2019-04-30,323.1480712890625,326.5744953411142,319.0018425989665,322.4858374360358,193925
2019-05-02,328.8779602050781,330.3464398344289,321.36290630605873,323.95429932223414,170322
2019-05-03,317.87890625,334.4638778956237,313.73264918648346,326.54571539855647,680050
2019-05-06,324.6741027832031,327.09275491465206,314.42367322381887,314.42367322381887,327561
2019-05-07,326.8912048339844,331.32537216192287,323.4935946318383,325.9410321860446,306392
2019-05-08,321.90997314453125,329.0795174727598,319.6065189552011,324.8181187312324,651726
2019-05-09,318.4835510253906,322.3994398072903,311.34279267894794,311.5443470267319,3014775
2019-05-10,321.24774169921875,325.30758610713906,315.9209436995409,315.9209436995409,410523
2019-05-13,314.10699462890625,321.9675868934695,312.1778353825913,319.6065335050212,143166
2019-05-14,316.38165283203125,319.0306449937538,311.6019471224691,311.6019471224691,335013
2019-05-15,316.6983947753906,319.8656657279744,314.1070015611763,315.05717435568425,133139
2019-05-16,311.1988220214844,317.4181933651939,309.2408775493245,317.1590682239922,298689
2019-05-17,318.4835510253906,321.30528359014613,308.7225861577568,310.968469374715,313733
2019-05-20,319.7216796875,330.9222826787352,313.243154818878,321.62202509369814,617159
2019-05-21,313.5310974121094,321.391689188007,312.17781597558303,321.3053047041059,218921
2019-05-22,307.71478271484375,315.8633119606594,306.7357964681244,312.69604180933123,183370
2019-05-23,305.9008483886719,322.83135827257905,303.85651936512147,309.26967346850375,305865
2019-05-24,316.7559814453125,318.1092629427481,304.777917425824,306.93741640366113,228098
2019-05-27,318.42596435546875,321.88117379386597,314.999540309529,319.26096717050024,290454
2019-05-28,319.40496826171875,327.26556025877636,315.57543529442853,318.45476721629416,772279
2019-05-29,314.0205993652344,320.78703504056915,306.93741113869856,319.54892344668235,357200
2019-05-30,316.4104309082031,318.13803568259794,311.6595390067837,313.27194559922674,291845
2019-05-31,311.54437255859375,316.38164899761586,305.6417252064525,314.99955384119704,334628
2019-06-03,311.2564392089844,312.4657654161646,306.6495024465521,310.7093468937996,178851
2019-06-04,309.58636474609375,314.020560260048,307.88757384241563,310.9684597464537,196376
2019-06-06,304.83544921875,313.243103509268,303.65490865330486,312.00499216748887,148057
2019-06-07,302.21527099609375,310.3925863307395,299.73904808303206,305.2097724652795,255308
2019-06-10,290.9858703613281,303.7989362862008,289.22948025659434,303.4822120577551,916557
2019-06-11,291.44659423828125,294.26832705761643,286.81084382100846,290.9283156263943,366411
2019-06-12,283.01007080078125,295.4775971199199,281.25368093282304,291.38893978943304,662255
2019-06-13,282.3766784667969,285.9182442939987,279.2381930707253,281.02336868141424,713427
2019-06-14,284.2194519042969,291.2162273450129,281.2537354949335,282.20390823650945,1169543
2019-06-17,287.9049987792969,289.63260357884786,282.52063001562595,282.83735426005103,634075
2019-06-18,288.2505187988281,291.907282894646,286.3501732638367,287.3579451252214,668694
2019-06-19,287.9625549316406,291.9072575459061,285.8894405992311,289.1143102756198,459354
2019-06-20,286.6668395996094,289.6613408796787,277.13621523855744,286.8396085421459,1317831
2019-06-21,280.3323669433594,291.87850910777615,277.85611528366695,286.83967790468216,701143
2019-06-24,275.89813232421875,280.4474979480339,274.63123542615944,277.71212149534745,373892
2019-06-25,279.9004211425781,282.606983774931,267.9511441181039,273.3067269056954,892343
2019-06-26,276.4452209472656,285.7454781202282,275.0631258910673,278.4031653566967,670398
2019-06-27,277.2226257324219,280.73543416984455,274.80400183096265,275.8981297584861,1609668
2019-06-28,279.2669677734375,282.46305213972437,275.26469427153177,277.56817671453535,182143
2019-07-01,275.92694091796875,279.49732010600883,274.28572073755043,279.26695206171416,58378
2019-07-02,273.537109375,277.5105977723197,269.6500054673951,275.86937738040757,408800
2019-07-03,273.997802734375,279.1805888010546,259.71628489680916,270.65776303256445,1515758
2019-07-04,266.65545654296875,274.11293878413244,264.2080190841065,272.3277351226427,358999
2019-07-05,265.6764831542969,270.34101856964594,264.89907945455184,267.14496268353923,147176
2019-07-08,261.5302429199219,267.7784281315903,259.1980033683173,264.89909628162087,116867
2019-07-09,258.7660827636719,262.0197379664939,256.92330810241964,259.74506918555915,76144
2019-07-10,266.97222900390625,269.99551633213616,254.53348512213154,256.8369677426994,751973
2019-07-11,290.95709228515625,299.3071772209681,264.0928765426867,266.6266704339653,1301883
2019-07-12,282.66461181640625,292.5407190317686,278.1728450266504,291.27382206203106,1317771
2019-07-15,283.67236328125,287.93379043307175,279.554919709984,282.6646197384727,747718
2019-07-16,285.1120300292969,290.7267381315777,279.1517840104327,284.47855328363397,509138
2019-07-17,280.3898620605469,285.3423357390783,277.6257005786514,283.3555778683374,74232
2019-07-18,274.5736389160156,281.0233499474779,271.29119846366024,280.9657791629639,96411
2019-07-19,271.8958740234375,279.2094018967438,267.23133826926403,273.594693416432,160755
2019-07-22,275.2359313964844,276.33008776924447,269.50605266959957,274.1129896282953,294920
2019-07-23,277.4818115234375,281.8871940515543,272.6157211530001,274.1417716553384,104380
2019-07-24,269.24688720703125,280.4475189946676,267.77843584642204,276.47403073771176,109544
2019-07-25,281.3828430175781,285.44813320606596,272.5795730051642,272.5795730051642,136574
2019-07-26,290.27386474609375,295.3335558236343,277.5807934878737,277.5807934878737,321340
2019-07-29,287.524658203125,292.23337030514705,280.7686387199677,292.23337030514705,107070
2019-07-30,282.5234680175781,288.9577481717125,278.721411676421,285.50664158900935,185564
2019-07-31,274.45135498046875,287.84638257079473,272.0531265090228,287.78787657154527,132029
2019-08-01,266.730224609375,277.84397797854143,264.419740813518,274.45134884483764,138990
2019-08-02,273.72015380859375,275.50422718864326,261.43654049438584,264.858407899756,159647
2019-08-05,271.7314147949219,302.35276473823257,263.89330715532657,274.77309425196785,282058
2019-08-06,270.2106018066406,277.1420532824954,268.30954497265645,270.82475666853,836250
2019-08-07,271.7021789550781,274.91931894270976,265.76509935287766,271.73141758000037,138606
2019-08-08,274.86083984375,281.1781371877243,269.128487554731,273.7494844891666,920744
2019-08-09,270.7662658691406,277.02505617119635,269.9765930507107,272.1116162728407,150202
2019-08-13,259.3892822265625,270.1228469643156,257.9561871866587,269.0699690267997,118840
2019-08-14,261.99224853515625,263.8055607472701,257.2542976338983,260.88089330824937,70020
2019-08-16,258.4826354980469,263.8055601243675,256.78633528739056,257.95619651026124,87772
2019-08-19,257.6929931640625,261.4950493520169,252.10686338035845,260.12046024944686,178800
2019-08-20,257.9854736328125,262.3432363212929,256.23066735726064,258.8628623956497,570410
2019-08-21,252.2238311767578,261.46579470957516,248.80196356730286,258.62887205468303,117980
2019-08-22,247.8953399658203,254.35888768532473,245.08765556612687,252.22386419655223,140744
2019-08-23,246.520751953125,249.7963981434606,235.11452504017606,247.42740813078987,176952
2019-08-26,245.7603302001953,249.2991812974963,242.95264597217448,246.8424468167742,178850
2019-08-27,248.01231384277344,252.4578211616381,242.74792376111043,245.67259130645155,112362
2019-08-28,246.25750732421875,249.73788124968007,243.68381828676283,246.84245233266464,109908
2019-08-29,244.88290405273438,262.0799873102736,241.0515949680866,250.17656119920002,152304
2019-08-30,251.7266387939453,253.27671709762566,243.50831429700838,245.73105344480197,170861
2019-09-03,242.3092041015625,252.1068750187035,238.6533696175,252.1068750187035,131581
2019-09-04,249.1821746826172,253.07197516247084,242.1629503958183,246.19900148574024,279769
2019-09-05,250.14732360839844,258.83360989423056,248.6264839178177,257.3420088275429,403369
2019-09-06,245.61407470703125,251.55118291773778,242.42620217010662,251.46343829518344,247903
2019-09-09,245.6433563232422,248.59726253787005,244.06401052544794,245.6725949491634,66629
2019-09-11,250.9662322998047,252.69179983829795,245.26311946056924,246.84243638146313,127403
2019-09-12,250.1765594482422,253.86166101329863,248.33400866571395,253.86166101329863,352008
2019-09-13,250.32281494140625,251.52191477967006,246.8424411732874,250.17656432096777,269225
2019-09-16,249.65011596679688,251.87288381507233,247.9538158324881,251.52190533909456,1597100
2019-09-17,262.1326599121094,262.1326599121094,249.65015229724702,249.65015229724702,21751
2019-09-18,275.2275085449219,275.2275085449219,275.2275085449219,275.2275085449219,84097
2019-09-19,288.9818115234375,288.9818115234375,288.9818115234375,288.9818115234375,4540
2019-09-20,303.39556884765625,303.39556884765625,303.39556884765625,303.39556884765625,26328
2019-09-23,318.56298828125,318.56298828125,318.56298828125,318.56298828125,4943
2019-09-24,334.4840393066406,334.4840393066406,334.4840393066406,334.4840393066406,4100
2019-09-25,351.2059326171875,351.2059326171875,351.2059326171875,351.2059326171875,11947
2019-09-26,354.5503234863281,368.7285563916697,333.6833449454571,368.7285563916697,788856
2019-09-27,348.6623229980469,353.23139721236475,336.839252299152,353.23139721236475,123509
2019-09-30,353.3727111816406,356.8583751103255,334.6254046466518,348.56811786114656,554992
2019-10-01,345.9302978515625,362.1339868250783,330.7157483686045,358.9309343680942,632208
2019-10-03,344.70556640625,352.7132115642929,332.03466278844814,342.9156279444271,760542
2019-10-04,344.65850830078125,350.9233079135578,344.04616465439756,350.4522699163584,78334
2019-10-07,342.39752197265625,350.2638333033286,339.14734838402524,350.2638333033286,52922
2019-10-09,341.9264831542969,348.5681072106573,335.37904369457834,342.397521137014,92813
2019-10-10,349.03912353515625,351.34722100720114,341.97355423282517,341.97355423282517,143325
2019-10-11,333.2122802734375,352.2893185619959,317.7622114497159,350.3580455840923,214549
2019-10-14,334.1543884277344,346.82529412587166,320.30585891019473,335.47328915562395,54712
2019-10-15,336.6037292480469,341.03149776315456,331.61073815643755,333.5419823758639,61756
2019-10-16,339.6183776855469,343.71641379039625,335.37903593912534,335.37903593912534,46567
2019-10-17,340.8901672363281,345.7418523296715,337.26316930251335,342.9156246539521,71613
2019-10-18,338.86474609375,343.85773735539783,334.57828307679034,341.54963967319816,123538
2019-10-22,344.1874694824219,347.6260411037983,334.5311905628719,334.5311905628719,79667
2019-10-23,338.4407653808594,346.68392946459636,332.08175308769086,346.68392946459636,215514
2019-10-24,327.559814453125,340.8430621510665,322.8494347730391,340.08941290220315,62697
2019-10-25,335.1435241699219,336.8863704531772,322.42549865679763,333.2122799438056,49698
2019-10-27,334.9551086425781,337.26320633110805,329.7265983684017,337.26320633110805,4432
2019-10-29,334.2014465332031,346.68395299286465,328.7845097676896,338.205269359887,113878
2019-10-30,335.1906433105469,337.2632220971289,325.95830962459945,334.0601693132214,35514
2019-10-31,331.7520446777344,338.20527077537355,325.95828325425975,338.20527077537355,150039
2019-11-01,339.00604248046875,342.9156519936073,331.75204603449936,336.22690687782256,62119
2019-11-04,348.473876953125,353.18425655170705,331.61072374017635,337.3573926004216,316349
2019-11-05,339.38287353515625,355.0213406333166,335.8500885920422,348.4739010387942,97913
2019-11-06,337.87554931640625,343.85773762506443,334.9551079866014,339.14735765759775,31880
2019-11-07,350.4522399902344,356.0104821325776,335.04929304714017,338.20525310885523,125884
2019-11-08,350.54644775390625,357.09385800177046,346.4013195484464,352.05377494222114,189162
2019-11-11,348.33258056640625,354.1263418765619,335.3790363262762,354.032128532113,82242
2019-11-13,336.69793701171875,345.69477953689403,332.83541988702905,340.1365084611844,135375
2019-11-14,333.44781494140625,337.216118978038,329.7736955057877,332.55283123275495,43631
2019-11-15,332.9767761230469,335.3790584405773,329.8208157501051,331.09262410933576,127131
2019-11-18,331.5165100097656,338.67629274119577,327.84241967715195,331.6578156475824,104267
2019-11-19,332.55279541015625,346.44841504839934,326.5235153509953,335.37902313318875,84358
2019-11-20,333.4949035644531,341.50254955399504,328.03087427154037,330.85710226784926,94153
2019-11-21,332.3643798828125,338.20526220638294,328.36055714081493,332.08176860097484,135782
2019-11-22,340.93731689453125,350.4522907536796,329.86792330217713,333.4007084912263,271797
2019-11-25,353.3255615234375,363.6413043248304,339.2415438001601,342.8214207883819,347671
2019-11-26,339.9010009765625,362.6992511182308,335.19062109191015,355.11555100389137,288008
2019-11-27,388.4178771972656,407.8717672881124,341.3140827881927,342.82140995925795,1087217
2019-11-28,422.0029296875,437.87688630911975,389.8310132706891,398.4981234363957,4038702
2019-11-29,419.3651123046875,433.16651951551364,414.5134268090569,419.97745593522546,572408
2019-12-02,396.4255676269531,427.70250219490146,388.13531036189295,418.2346499348113,311974
2019-12-03,385.7801513671875,401.4186199076283,382.71840413411456,400.42942278239974,163414
2019-12-04,386.58087158203125,404.81004695269684,382.5299277497298,385.3090633003799,184854
2019-12-05,380.1747741699219,389.87817462490375,378.00801077942447,387.1932521628498,136933
2019-12-06,372.44976806640625,384.50832987529566,372.1200357025168,381.72922280795115,86061
2019-12-09,373.8628234863281,380.59866036408386,368.3516737682099,373.8157024418038,94400
2019-12-10,367.22119140625,382.8596578238572,364.5833902634674,374.38097432935797,62373
2019-12-11,364.5362854003906,372.1670772824999,358.41279197655587,370.14161982305274,70490
2019-12-12,368.68145751953125,371.17795323164654,358.8367515747303,366.75018442157136,141526
2019-12-13,370.1887512207031,376.7361617378197,366.93857773567424,368.2103860015497,60546
2019-12-16,360.4382629394531,372.68525024594345,357.98885972817976,366.51463554543983,30839
2019-12-17,365.2899475097656,367.40961838506405,357.9888589392932,362.6050253177457,44574
2019-12-18,372.4968566894531,400.28809958769074,360.72090630884395,365.337073108067,342609
2019-12-19,373.6273498535156,380.6929199008594,366.75017775750746,376.2651511712394,96540
2019-12-20,364.3949890136719,379.4682051672861,359.87303566753894,379.4682051672861,153730
2019-12-23,363.8768615722656,369.29379867010516,360.01434415252606,365.4312812503656,62094
2019-12-24,372.6381530761719,384.36701086350206,360.6266839866874,366.3733533794752,318654
2019-12-26,368.3516845703125,375.65277294734557,362.6992290526095,375.65277294734557,95206
2019-12-27,368.5401306152344,374.71071671294493,365.9965139986904,371.1779318287877,38034
2019-12-30,363.452880859375,373.06206680739456,361.0976910436718,368.5401138611946,48901
2019-12-31,373.9570617675781,390.67890996571487,360.81509069782425,363.8297452532136,201354
2020-01-01,376.2180480957031,380.5986956496156,370.28295217599316,374.2867750881488,38131
2020-01-02,381.30523681640625,387.1932114429721,376.45355147409117,377.7253597434046,166789
2020-01-03,396.37847900390625,400.3823020241477,375.22886119703236,381.06974392651233,248117
2020-01-06,391.85650634765625,397.55605439531615,377.8195515693421,393.59932387057796,190686
2020-01-07,392.84564208984375,408.86093205513714,387.5229191160593,397.55602149140066,188618
2020-01-08,392.704345703125,399.44018265595685,379.56237536343303,387.42871489920344,154137
2020-01-09,389.7839050292969,401.7482805023516,386.3453337318835,395.6718794255098,80708
2020-01-10,383.09521484375,397.0850497485686,380.5987190947135,390.96155550570813,72993
2020-01-13,397.36761474609375,398.49811735911953,382.5770399332812,388.1352821559273,134523
2020-01-14,404.2919006347656,407.5891665612403,397.1321174444452,397.55606313494286,80723
2020-01-15,411.5458984375,414.51343203046997,400.3822923021585,403.3969469441492,102688
2020-01-16,412.3937072753906,418.28168139411406,407.49490130866326,411.54584475226915,110985
2020-01-17,410.5566711425781,414.3720958378962,402.6903602735818,408.24860240701867,107640
2020-01-20,413.19451904296875,423.93417916517797,400.38228032266807,411.49876507638214,159166
2020-01-21,421.2963562011719,423.7457305541859,405.6578904287454,409.803018660625,141648
2020-01-22,422.3797607421875,428.64456010138633,416.44466496778085,422.9921043637856,127192
2020-01-23,427.7024841308594,431.47078795580086,397.5089612334663,410.132773297045,224069
2020-01-24,426.9488525390625,432.03605716333936,410.74513392112215,428.69167013033933,110974
2020-01-27,419.9774475097656,427.5611761662151,416.3975703954566,426.94883254796173,20238
2020-01-28,411.8284912109375,423.7457460958829,409.09647673630644,418.5643284285261,64667
2020-01-29,402.3606262207031,416.2562458693644,397.74446001959745,408.0601739664752,97027
2020-01-30,394.96533203125,413.10029360930974,390.9615093451848,413.10029360930974,52832
2020-01-31,392.2804260253906,398.45104084527026,387.09900821855945,393.7877533191715,35013
2020-02-03,377.2071838378906,387.66423205646026,372.30840641784323,376.83035922863695,70497
2020-02-04,390.396240234375,392.8456432805837,379.70367321045615,383.424884448915,32311
2020-02-05,392.044921875,399.4402242292194,384.36700822056963,398.4981482286788,31319
2020-02-06,395.48345947265625,399.2517631503371,387.6171485453978,393.9761610014843,72158
2020-02-07,389.4542236328125,397.55608321126425,385.87434623180945,396.9908318453483,48638
2020-02-10,388.9831848144531,396.425579658953,384.97936170983013,391.3854959271541,35379
2020-02-11,390.584716796875,394.63563211193025,386.251161430846,393.5051581576692,40392
2020-02-12,373.7215576171875,393.6935514025153,369.4822156521571,393.6935514025153,82681
2020-02-13,376.8774719238281,386.91060378128014,367.50383348054913,380.59868342258864,175769
2020-02-14,367.7864074707031,380.41021815811854,364.5833553186535,379.65656897523866,32929
2020-02-17,363.3586730957031,371.4134102518171,360.8150567569967,365.6196494246234,56024
2020-02-18,367.6451416015625,370.42427716999384,361.1448232591591,365.05443272416517,57884
2020-02-19,362.13397216796875,372.11998251193495,359.9672090862037,372.11998251193495,58658
2020-02-20,369.1524658203125,420.071659288594,358.035952388608,367.40961956726176,329079
2020-02-24,366.0907287597656,371.93158254087564,357.9888696441592,365.52547742614155,94257
2020-02-25,362.9818420410156,375.27595009994593,358.93092706750065,372.1199900043642,138688
2020-02-26,357.8475646972656,365.5254781401832,353.2784904705379,362.9818615088445,27868
2020-02-27,353.4197998046875,359.1664690596169,341.9264900447062,358.93095006351217,50844
2020-02-28,339.9952392578125,351.3472728622534,336.9806131604835,344.2345814648922,72931
2020-03-02,336.1798095703125,357.0467861788085,329.8207968877084,347.53181330375145,82200
2020-03-03,339.66546630859375,346.16581324935964,330.7157449407358,343.198251059064,66250
2020-03-04,330.1976318359375,344.7527172641773,320.87108536001915,343.7164279335469,83631
2020-03-05,326.7590637207031,335.33196100169675,321.3421267642906,331.61074933168834,78830
2020-03-06,321.76605224609375,327.5598427530619,310.9321780458902,320.21163256734457,39808
2020-03-09,310.13140869140625,315.59543760369905,298.30833848050634,310.8850579379722,114717
2020-03-11,300.0982666015625,324.07410976901673,298.6851527508255,314.65335076410344,62479
2020-03-12,252.28794860839844,300.05121469196956,246.82391915006602,300.05121469196956,133234
2020-03-13,236.03713989257812,257.09252944100604,209.6590124270322,214.3222856575606,149858
2020-03-16,239.05178833007812,249.55593012642905,218.32611604136198,235.51900328086515,179945
2020-03-17,232.26882934570312,248.61383852348573,222.32992515550134,241.17144423647602,196536
2020-03-18,215.21725463867188,253.13582718793663,211.02501940494528,232.78698028105575,151801
2020-03-19,203.53550720214844,220.3986605702301,188.41518567661268,211.96708388618927,191753
2020-03-20,222.8009490966797,228.92444241223325,208.43429170249632,215.73537988642556,292504
2020-03-23,220.68130493164062,242.86718342588415,202.54634177290387,219.50370992133304,125817
2020-03-24,216.72459411621094,240.22938824825854,193.12558663095294,232.92829899757618,97342
2020-03-25,213.8983612060547,219.50371059739518,209.14087447477138,214.7933305416571,131431
2020-03-26,224.44960021972656,229.15998007743332,214.8404281849925,217.61954942605178,149355
2020-03-27,216.2535400390625,243.05559829375431,212.5794351608218,231.7506867452076,272996
2020-03-30,220.2102813720703,221.52918212015163,211.73159674170182,216.25356475288635,71655
2020-03-31,219.64500427246094,225.06194104118927,218.3261036787459,221.38785054802713,61268
2020-04-01,222.51834106445312,227.04030859189348,217.94928123850053,227.04030859189348,40359
2020-04-03,221.48207092285156,235.51899741905152,219.9747435893941,234.57692142937532,86209
2020-04-07,221.76466369628906,237.40312956864295,216.67745952693605,237.40312956864295,128676
2020-04-08,247.5775604248047,261.5203024254406,217.8079675550105,223.22490453586036,9163665
2020-04-09,270.9881591796875,275.9340582441086,252.5705846397469,259.07090337443896,281017
2020-04-13,315.2186279296875,325.15751799577356,273.2020335687881,280.7386413913754,600048
2020-04-15,335.5675048828125,362.69928397642144,325.1575471447302,329.72662179674677,704549
2020-04-16,326.9945373535156,345.7418412517992,304.33759562918874,345.7418412517992,253147
2020-04-17,349.3217468261719,355.1626291503455,325.9582750292296,339.1473381807013,137914
2020-04-20,350.97039794921875,359.87302753880783,340.0894317840566,357.0467995738434,86908
2020-04-21,345.1766052246094,351.95956322842676,334.4369456767943,339.1473251933689,132861
2020-04-22,355.3981628417969,357.98887178232684,340.0894281932105,340.0894281932105,97131
2020-04-23,351.53564453125,380.9755187675847,340.18364052567017,360.8150986405181,183318
2020-04-24,348.52105712890625,356.10475806931925,336.3211603988015,351.39437767157693,85557
2020-04-27,345.6005859375,353.27849957836077,341.97358759185323,352.33642357948514,56851
2020-04-28,355.11553955078125,357.89464634316863,342.962736840426,352.61901529253106,73419
2020-04-29,381.2581787109375,384.31992579133214,346.6839771031452,355.1155690244911,198651
2020-04-30,405.61077880859375,409.8030281830604,387.66424390190656,390.1136470617115,175804
2020-05-04,444.4243469238281,446.1671932499755,382.57706411938005,403.0200957899561,350307
2020-05-05,422.2384948730469,466.61025359307376,422.2384948730469,461.61726205447707,193471
2020-05-06,401.1358947753906,407.9188525533638,401.1358947753906,403.255565487273,27221
2020-05-07,381.1168212890625,401.13593560562794,381.1168212890625,386.2511468137324,112897
2020-05-08,390.9615173339844,395.6718970608999,376.7832858559193,381.11681220478056,75525
2020-05-11,393.2225341796875,395.67193763885626,386.25117721888347,395.5777242846807,36685
2020-05-12,393.0811767578125,399.4401892038646,381.54074676312536,388.1352781886609,35863
2020-05-13,412.7234802246094,412.7234802246094,393.7877478438645,401.32435545810114,57005
2020-05-14,418.04620361328125,433.35493783010565,407.165237869889,407.165237869889,90773
2020-05-15,425.0646667480469,428.6445437453102,406.1760272957183,423.9341641437134,40746
2020-05-18,421.5318908691406,439.9494639968976,414.5134136159206,425.8654171934062,42254
2020-05-19,423.79290771484375,433.3549736664205,419.2238332207764,425.5828464213162,37009
2020-05-20,438.3479309082031,441.3625854679133,422.897890976911,425.58281320198466,54235
2020-05-21,460.251220703125,460.251220703125,439.00741829215747,444.6127820213755,182349
2020-05-22,469.4835510253906,483.2378655162529,447.0621263759367,457.8489074021308,258892
2020-05-26,484.6510009765625,488.843250601056,461.6172316912035,466.37470390562106,148129
2020-05-27,471.8858642578125,487.90118506225707,461.6172415728013,486.11121765625603,85396
2020-05-28,471.8858642578125,477.20858792597227,464.67898858323315,473.86422961452865,41133
2020-05-29,449.087646484375,471.8858687280982,448.3339684247406,471.8858687280982,218340
2020-06-01,442.4459533691406,450.68911773045704,432.2244238111331,447.48606532860634,89140
2020-06-02,449.3702087402344,459.7330437426297,443.4822343070552,451.2543605588517,62610
2020-06-03,449.93548583984375,456.81262887225495,442.06914579600243,454.9755979936734,59728
2020-06-04,451.44281005859375,458.08443405496706,444.80115731234383,447.4860795395565,65146
2020-06-05,442.351806640625,456.90689340470635,439.949524164944,449.46449821056444,76784
2020-06-08,445.74322509765625,451.2072827975793,437.1232359997908,442.3046536678917,77045
2020-06-09,438.30084228515625,450.7362565108761,435.2861877001706,445.74323665136086,52360
2020-06-10,440.93865966796875,444.65987136258565,433.16653267911,444.65987136258565,53159
2020-06-11,435.2391052246094,446.2614057529758,433.92020459511633,442.7757131072866,29685
2020-06-12,457.1894226074219,464.86736418959066,421.0608348551732,429.5866102471905,189442
2020-06-15,502.8801574707031,502.8801574707031,443.7177961505773,443.7177961505773,517584
2020-06-16,545.6033935546875,553.1400023165596,504.01071095020086,526.9031485644352,928625
2020-06-17,561.8541259765625,574.6663360425273,543.766256030683,553.9406649065673,498006
2020-06-18,550.926025390625,574.6663517497458,540.0450592467898,554.317533441788,345365
2020-06-19,555.3067016601562,562.8904018504074,550.7375986264548,558.6510599117851,92450
2020-06-22,548.3352661132812,570.8979954189814,536.9832630178537,562.3251277285963,90658
2020-06-23,554.3175659179688,566.1877010430953,551.1144843763906,551.1144843763906,65033
2020-06-24,539.5269165039062,558.6510470880838,536.98329989917,555.8248191938777,52868
2020-06-25,564.1622314453125,566.4703293164606,533.8745202986565,536.9833598292952,89579
2020-06-26,555.40087890625,571.4632627611048,548.9005891862691,569.9559642027843,109566
2020-06-29,583.1450805664062,583.1450805664062,541.8350683759435,561.0062931781824,154130
2020-06-30,576.3150024414062,606.602769337494,569.9559893372306,589.6924933605125,227852
2020-07-01,570.9922485351562,586.8662638556103,567.5066132865212,578.7643756431652,60945
2020-07-02,575.1373901367188,581.2137917535933,571.3690861882391,578.9056940851985,36464
2020-07-03,585.5001831054688,593.5078284094052,571.3690443338162,571.3690443338162,75246
2020-07-06,587.478515625,593.5078244606913,584.1341576379097,592.3773218665303,41486
2020-07-07,593.9789428710938,600.57347514722,582.202992378011,588.703340050096,53077
2020-07-08,587.1488647460938,598.2182577036014,583.1450417614634,595.3920297144505,42123
2020-07-09,589.4569091796875,598.2182036545202,585.2646598745995,598.2182036545202,28507
2020-07-10,597.5587768554688,611.4073051279636,588.7974818258509,591.6237097386149,133936
2020-07-13,627.4225463867188,627.4225463867188,602.9285731043544,602.9285731043544,204307
2020-07-14,658.793701171875,658.793701171875,655.3080086524968,658.793701171875,45202
2020-07-15,675.8924560546875,691.7193217845354,632.1330131663918,691.7193217845354,614244
2020-07-16,642.1189575195312,675.4684698245794,642.1189575195312,675.4684698245794,218421
2020-07-17,630.0132446289062,664.0693106842598,618.0017771612149,618.0017771612149,171642
2020-07-20,661.4786376953125,661.4786376953125,622.7121901497788,649.0903162075607,117807
2020-07-21,645.27490234375,685.8312585360776,631.2850406608495,672.6421958719222,203318
2020-07-22,630.6727905273438,663.0330781698955,624.926092419951,663.0330781698955,115633
2020-07-23,614.563232421875,644.1915330043962,611.4073009408031,630.2488202301962,100309
2020-07-24,599.3016967773438,615.5525084926009,593.5079061224357,615.1756550761119,55111
2020-07-27,623.1361694335938,629.2596633130536,579.3767285950416,590.9642516669916,146865
2020-07-28,654.2717895507812,654.2717895507812,630.2017589729464,635.9013073387723,94744
2020-07-29,683.9471435546875,686.9617981116285,659.4531687166409,684.3239969367125,211765
2020-07-30,681.6861572265625,715.0356699722036,660.4894476424063,684.8892385636258,268778
2020-07-31,715.7422485351562,715.7422485351562,688.8930822524949,715.7422485351562,214712
2020-08-03,751.4940795898438,751.4940795898438,725.6340804139893,738.5876261532849,221818
2020-08-04,782.5354614257812,789.035751400903,745.18212459504,772.5023289101553,638497
2020-08-05,757.5232543945312,814.4717575230026,743.4392648302911,780.4157461606375,433283
2020-08-06,795.394775390625,795.394775390625,757.4291231316162,757.4291231316162,120214
2020-08-07,767.0382080078125,834.1611157714888,762.1394018359872,808.6779742187026,281963
2020-08-10,803.6849365234375,805.3807191627197,772.5022468750872,786.4449588553216,423181
2020-08-11,770.2884521484375,831.8530947693474,764.0236238481775,807.7359725528333,176978
2020-08-12,740.8485717773438,781.9230614004028,731.804607892619,770.6181496693127,186196
2020-08-13,729.8262939453125,763.0815654843715,711.267385111976,748.950425382809,144026
2020-08-14,766.2846069335938,766.2846069335938,719.4163280416572,746.1241584404776,284696
2020-08-17,797.65576171875,804.5329050275826,774.8575109896799,786.3508497043109,763502
2020-08-18,828.83837890625,833.7371851665005,791.4379535632377,810.1852872804411,191945
2020-08-19,852.1077270507812,861.7640058813732,829.0268654557076,829.0268654557076,226978
2020-08-20,855.2776489257812,880.0223875487062,828.0726557623132,854.4733504908405,709830
2020-08-21,842.4558715820312,865.3553915817005,837.4407015306779,865.3553915817005,120321
2020-08-24,842.31396484375,851.6346094113513,823.2467890976396,843.1182633172378,100238
2020-08-25,837.9137573242188,848.7957541725852,828.4984528478603,848.7957541725852,72429
2020-08-26,824.9500122070312,839.3331854478128,821.3542333356274,838.5761884888592,112335
2020-08-27,835.3115844726562,847.8495380203908,818.5154580219174,823.2467612474777,75021
2020-08-28,824.80810546875,846.7140045124196,809.6205760752808,842.1719650161746,48946
2020-08-31,823.8618774414062,842.1719983483739,809.1001763004014,827.9780882638507,185108
2020-09-01,823.1521606445312,834.6018913811401,809.1001553712388,820.4079816637739,58409
2020-09-02,817.0960693359375,846.098981291677,805.2678112390073,823.2940650276956,132037
2020-09-03,840.5632934570312,857.9272104099138,815.6766508127337,829.7759570901007,243896
2020-09-04,858.4949340820312,870.5597567985327,806.3559978367065,825.1392477481744,228924
2020-09-07,840.3267211914062,869.6134985533489,834.6018560653469,869.6134985533489,58101
2020-09-08,842.21923828125,865.8284518808367,830.8168095643439,848.6064973525021,120230
2020-09-09,825.6124267578125,841.4149913482219,814.7304291558471,828.9243390714541,81116
2020-09-10,825.0919799804688,849.6947567212972,823.2467601738733,838.1030638337915,128504
2020-09-11,816.717529296875,837.4406602630785,814.7777065501236,827.6941872935356,50634
2020-09-14,845.5784301757812,857.5486496005462,820.4079218799156,832.7093094052201,89785
2020-09-15,867.6736450195312,884.753636831939,845.5784259599894,845.5784259599894,99800
2020-09-16,844.3956298828125,878.129843637549,837.3933360413873,869.6134981712365,48799
2020-09-17,841.556884765625,856.8390173432223,832.7093708029106,845.957019883866,51216
2020-09-18,803.61181640625,854.4733237737341,799.4956058888075,851.6345419671769,190143
2020-09-21,773.5680541992188,829.5866942622929,763.4430540488811,829.5866942622929,101447
2020-09-22,765.1464233398438,785.3491251108487,735.2446065859094,775.9338190481927,120546
2020-09-23,762.4495239257812,785.3963448444288,741.4898272835891,775.933738280038,50182
2020-09-24,740.448974609375,762.4495351968101,736.1908015924521,757.9547970122803,85741
2020-09-25,775.318603515625,777.4476898766304,740.8747521506798,751.330920283696,59781
2020-09-28,814.0680541992188,814.0680541992188,776.8800209007989,777.8262815839911,78788
2020-09-29,801.5301513671875,837.3461551678674,789.5599876129767,828.9244114472137,115937
2020-09-30,801.8612670898438,825.1392550830097,786.7210972718069,800.3472154549414,89860
2020-10-01,793.2975463867188,818.5154143350608,787.2888147130295,792.0201176860645,31538
2020-10-05,807.9172973632812,816.6229065273519,790.1276094441934,812.8378640869007,117458
2020-10-06,807.538818359375,818.5154182066707,804.3215092204279,813.5002485825643,50242
2020-10-07,799.8268432617188,815.4401445498801,783.9769768025247,815.4401445498801,95237
2020-10-08,830.29638671875,834.4598987643099,799.826783418443,800.7257425521409,186472
2020-10-09,813.973388671875,830.7695145076051,810.9453431673585,820.4079492719951,34847
2020-10-12,818.657470703125,826.6533274432519,806.214119350518,823.2468120128528,38694
2020-10-13,815.62939453125,832.7093880417547,809.052871336023,822.0166540417976,28614
2020-10-14,813.3582763671875,846.9032257423152,801.9558478397901,815.6293248790645,84889
2020-10-15,791.4524536132812,827.9780926558013,790.1276655629647,823.0575255826989,43487
2020-10-16,828.5931396484375,831.0060926919265,792.3986707306065,792.3986707306065,158259
2020-10-19,869.9920654296875,869.9920654296875,869.9920654296875,869.9920654296875,176348
2020-10-20,908.4102172851562,913.4726886231684,861.0971851348877,879.0761373519897,340635
2020-10-21,875.9061889648438,917.6835617798384,865.8284899956152,908.410219011793,201266
2020-10-22,875.1491088867188,897.0550652812541,865.8284649075396,879.9277712086462,103310
2020-10-23,869.613525390625,884.3751682255486,857.8798703899256,882.6246091491898,55813
2020-10-26,913.0941772460938,913.0941772460938,875.2910547364438,877.0889729779678,208212
2020-10-27,872.4996337890625,936.2303241697867,867.4844638203275,920.7116261763607,172036
2020-10-28,861.9961547851562,898.0013611385725,851.6345890671394,878.8868843662544,71052
2020-10-29,843.0709228515625,866.4908735274569,828.4984859956064,859.2046550994788,46013
2020-10-30,883.14501953125,885.1795029534989,837.5352463835536,842.1719464944088,88013
2020-11-02,905.8552856445312,922.6041102743917,890.5258519535545,922.6041102743917,85264
2020-11-03,915.554443359375,917.872793409225,892.9388493913597,916.926532797463,69660
2020-11-04,906.848876953125,922.5568385023657,888.5860578357542,915.9803153893939,44389
2020-11-05,916.7846069335938,920.4277450863451,908.552185489164,920.4277450863451,49339
2020-11-06,941.3400268554688,962.3470235820384,899.4206941147764,916.7845529033015,111264
2020-11-09,958.9404907226562,975.310729379592,936.7979701444498,959.5082239661334,120921
2020-11-10,998.7306518554688,1006.8685849983058,950.9918532852292,969.9170642958806,154098
2020-11-11,952.9317626953125,996.4124505053394,948.8155520274851,996.4124505053394,138071
2020-11-12,936.5142211914062,968.5924240919154,927.4300838682556,968.5924240919154,87262
2020-11-13,957.2371826171875,968.0245763649618,926.4837136710867,936.750675649267,41903
2020-11-14,964.9965209960938,969.9170875277548,960.4544817957767,964.2395240885679,16909
2020-11-17,945.882080078125,974.6484256458547,942.712130145323,951.9381710676988,59203
2020-11-18,939.7787475585938,963.9556945836716,932.2559641609824,963.9556945836716,52915
2020-11-19,962.3944091796875,970.3429642066791,939.3056833334722,939.778813671573,72971
2020-11-20,979.048583984375,988.7949991677023,958.3727545646606,964.23958202201,63865
2020-11-23,952.837158203125,987.8961031876299,935.8517682495842,979.0485893502284,199745
2020-11-24,995.6080932617188,1000.4339991220776,946.3078823454289,951.9381443526224,168474
2020-11-25,971.3839111328125,1045.3814473527434,960.4545544811356,1007.7675867215855,353123
2020-11-26,1012.7827758789062,1019.9269741696863,948.2950922822728,979.3797301816238,120485
2020-11-27,1004.5030517578125,1040.886728000609,995.4662162333098,1021.9615147642343,152728
2020-12-01,983.1173706054688,1016.1892467526998,970.0116848449193,1004.9287228950317,102229
2020-12-02,994.5673828125,1010.6064559228691,979.3798519477243,989.7887199394393,146526
2020-12-03,969.4913940429688,1000.9072013825858,967.0783831841197,995.9866922123967,97673
2020-12-04,959.697509765625,985.7196184479506,953.8306825086858,985.7196184479506,108515
2020-12-07,984.2530517578125,1016.2839520994768,946.355265999131,946.355265999131,148750
2020-12-08,979.9474487304688,997.9737592629209,966.1320671504609,997.9737592629209,63678
2020-12-09,972.7085571289062,989.7886075065497,967.8353495939948,976.5409588401141,38967
2020-12-10,976.3989868164062,1011.5525915616092,968.970864133852,984.1110338859435,147187
2020-12-11,980.7518310546875,991.681188062372,957.6631052223668,976.3990550488475,57537
2020-12-14,975.358154296875,993.5736716097199,972.708578301783,975.7366816547927,37756
2020-12-15,983.3068237304688,988.8424256908811,975.3582107950964,975.3582107950964,36550
2020-12-16,992.4854125976562,1001.1910794711289,977.0140748057041,979.3797263185509,72987
2020-12-17,985.5304565429688,1002.0900177426826,984.1110655829933,993.5736719828298,21017
2020-12-18,945.5036010742188,998.3049308916746,936.7979920215715,993.4316657099012,142712
2020-12-21,905.949951171875,965.1385420866519,850.9721738606852,947.2068915791505,157116
2020-12-22,950.6607666015625,959.8868077592991,840.5633074661397,893.6012043141975,143203
2020-12-23,990.6401977539062,1004.9287090268948,947.1595137172001,952.8843785217355,125927
2020-12-24,1013.3504638671875,1083.4209895172523,999.2511583228777,1031.4240175870614,575255
2020-12-28,1007.7200927734375,1021.7247946485986,995.4660652654094,1013.4450151133587,200328
2020-12-29,1012.4041748046875,1021.0151226162546,988.889623488759,1007.7674750568221,97583
2020-12-30,1018.081787109375,1026.8819412489163,998.399520725533,1026.8819412489163,102742
2020-12-31,1041.5489501953125,1045.6179167996572,1003.5566811922522,1021.8667998911592,108478
2021-01-01,1035.7767333984375,1044.0565128789594,1023.7592710994064,1032.370218657086,84657
2021-01-04,1047.557861328125,1055.0805870224945,1014.8645108355385,1046.7534473961225,161814
2021-01-05,1053.0933837890625,1059.8118105574968,1024.8001703872937,1055.0805078317937,109554
2021-01-06,1016.331298828125,1058.7710659408397,1007.7675937289242,1058.7710659408397,275505
2021-01-07,1021.6303100585938,1030.477823827776,1008.7611886206619,1026.5508191197548,150191
2021-01-08,1004.2190551757812,1030.8563139934631,992.5327599443522,1013.7762640711486,212301
2021-01-11,1004.834228515625,1026.6928268892648,990.9241273612464,1016.946295784707,71626
2021-01-12,1052.099853515625,1105.279769982784,980.3260081629069,1021.7722697700653,713755
2021-01-13,1021.0151977539062,1048.4567554321854,1004.928767390777,1040.8866705554187,640715
2021-01-14,1030.052001953125,1045.6179423110004,998.3049132471542,1026.2196003948236,277680
2021-01-15,1037.1961669921875,1050.3492117549672,1017.3246954184449,1031.4240007323551,137911
2021-01-18,1059.3387451171875,1074.0057844645,1019.2172724456993,1040.8866633576654,414519
2021-01-19,1068.3756103515625,1081.5758999340267,1032.417706416748,1061.6570674712668,321946
2021-01-20,994.85107421875,1039.467285306431,984.1110393433665,1026.6927670072623,1581986
2021-01-21,984.34765625,1021.9615176640231,974.7430874032201,1003.0363043739485,392248
2021-01-22,977.01416015625,995.466243568402,970.8634656855328,993.5737221927967,157649
2021-01-25,975.405517578125,995.418837780996,965.1858564236243,987.896111868886,739860
2021-01-27,929.795654296875,976.5409516341409,922.6040967473715,976.5409516341409,232524
2021-01-28,920.3330688476562,946.2606333022029,916.8792521892026,934.9055057025764,200093
2021-01-29,951.938232421875,965.1858817796347,921.6578910327099,921.6578910327099,201298
2021-02-01,930.3634643554688,950.9446330886833,898.9949013220895,941.6239312161742,235996
2021-02-02,928.8967895507812,960.2652954241163,918.8663920144171,941.4820446362966,115269
2021-02-03,943.1380004882812,954.7769949209222,927.3354360976252,928.8967892706725,163091
2021-02-04,995.6080932617188,1003.036215719463,943.4217991248157,945.6928476209624,218749
2021-02-05,981.1303100585938,1007.7675698665215,967.5041916543429,1000.6232559135702,152776
2021-02-08,969.2548217773438,1001.0491562455788,965.1858548127259,1001.0491562455788,73341
2021-02-09,991.6810913085938,1010.1331726831334,956.149017956346,978.4334431422576,222175
2021-02-10,973.32373046875,990.8295533747,961.5428309875301,984.1584847626901,58331
2021-02-11,973.7968139648438,991.3499952652663,963.2933438286997,978.4335142621567,82925
2021-02-12,959.8394775390625,981.9346408519119,946.2606601677226,981.9346408519119,62354
2021-02-15,941.103515625,969.5859957740514,936.7980412289709,968.9709032509759,136201
2021-02-16,994.9931030273438,1058.771095833684,922.3202944999181,963.2933703108283,1891164
2021-02-17,1000.8125610351562,1023.7120216792077,976.1624258477533,1000.9545232292562,566241
2021-02-18,998.7306518554688,1009.5180452336043,988.889634538187,1009.3760830489601,183468
2021-02-19,949.0521850585938,992.0123863865907,946.2607044294928,991.6812182421083,299425
2021-02-22,963.4826049804688,991.681160787712,947.206910256202,954.6823924901607,196994
2021-02-23,990.5929565429688,1009.6601320927098,980.3260514039806,1003.0363074210612,323251
2021-02-24,993.8102416992188,1001.1911209290636,949.1940292173682,998.3049797597483,88273
2021-02-25,1037.432861328125,1040.886735871949,992.9586098863235,1001.1437877750201,384393
2021-02-26,1023.5700073242188,1047.5104458314515,976.5409034309467,1007.7675020871689,216081
2021-03-01,1054.891357421875,1063.596908691016,1027.6390060840245,1036.155351438312,253157
2021-03-02,1138.3040771484375,1262.264208624547,1040.12954554045,1060.56886573408,1147870
2021-03-03,1162.7177734375,1270.0237542264945,1154.5325957146933,1192.2884187436418,887786
2021-03-04,1175.5396728515625,1192.1938374891677,1154.43801377273,1155.384274439757,321744
2021-03-05,1183.77197265625,1209.6049324123503,1170.335118771076,1192.2883177832734,443302
2021-03-08,1261.50732421875,1294.1533144588022,1183.771993921894,1183.9139561119594,1021817
2021-03-09,1230.186279296875,1277.4519554441733,1196.310099755775,1271.5851852603437,343713
2021-03-10,1221.0074462890625,1271.6323927085807,1211.2136713454847,1235.0121505681295,288145
2021-03-12,1222.3321533203125,1262.311664431428,1199.2433711386914,1230.1388034189326,182388
2021-03-15,1224.2720947265625,1258.5266845994975,1197.0197413671913,1230.1388646461253,421247
2021-03-16,1149.5174560546875,1185.5699628466832,1136.6955783527985,1144.9753588402798,9021375
2021-03-17,1079.7779541015625,1125.7661964381932,1074.1003904671556,1113.7487329494963,5909258
2021-03-18,1103.529052734375,1110.6260071521754,1080.724195640575,1100.4064620967383,1558538
2021-03-19,1112.04541015625,1116.5875072372783,1073.10687890111,1091.0384710547303,1233647
2021-03-22,1098.2774658203125,1130.4975722126908,1079.068328083692,1116.587586617438,1953740
2021-03-23,1053.3773193359375,1089.8083547054064,1047.889076820244,1087.2534971303826,1038107
2021-03-24,1037.52734375,1059.8118261194074,1003.0361925772963,1053.0933992523221,1549828
2021-03-25,1014.72265625,1036.1081253411119,995.4662737710411,1036.1081253411119,927304
2021-03-26,1057.77734375,1072.7755505218947,1015.432183695762,1028.9637559060498,910196
2021-03-30,1032.843505859375,1076.7500233928436,1023.0023719364767,1072.1133230771156,576967
2021-03-31,1005.685791015625,1038.6155899061182,1003.1781773755939,1031.4240325974122,675599
2021-04-01,1062.55615234375,1073.9112806284593,1005.6859079532313,1005.6859079532313,1165973
2021-04-05,1052.76220703125,1071.9712266332338,1022.150586239769,1058.8655412930204,1166565
2021-04-06,1054.1817626953125,1075.8983992194865,1043.725535918288,1059.8119675688872,290304
2021-04-07,1056.310791015625,1064.49585308431,1048.6459874786553,1055.080605988367,328028
2021-04-08,1040.88671875,1065.4894957386364,1038.9941974431817,1055.0806285511364,488368
2021-04-09,1055.5064697265625,1065.7261316660988,1033.3167021348545,1040.88678786478,526773
2021-04-12,1016.8045043945312,1051.1536992754848,1008.7139290223448,1050.3494007643553,931318
2021-04-13,1041.3597412109375,1082.5220753705703,1031.5186083327771,1033.3165264900897,692385
2021-04-15,1054.4654541015625,1071.6401067286831,1041.1705622602624,1041.1705622602624,761682
2021-04-16,1049.0245361328125,1068.7540476329893,1044.7191194706572,1054.796703010299,460130
2021-04-19,1050.5384521484375,1057.9193308936863,1031.4240345922344,1031.4240345922344,478671
2021-04-20,1067.9498291015625,1088.199831680113,1040.129740737411,1064.2593891790136,1485588
2021-04-22,1064.306640625,1073.9112090947867,1050.917029645767,1068.8013786049678,466276
2021-04-23,1078.1693115234375,1105.232340596949,1056.0267911868107,1064.5431362770269,768303
2021-04-26,1094.8709716796875,1099.554915865859,1071.3563012513946,1071.3563012513946,419803
2021-04-27,1093.5460205078125,1125.1037865404187,1089.1458858772262,1090.5652766928786,657070
2021-04-28,1087.8212890625,1102.062558951463,1074.0532650388552,1099.5075857283794,462117
2021-04-29,1052.0052490234375,1088.1997179014645,1045.617989809668,1087.8211905496935,998861
2021-04-30,1041.075927734375,1064.4012760114865,1022.9077693396908,1050.3493283691553,643639
2021-05-03,1045.192138671875,1056.7838304311706,1032.6068271290828,1041.0758128633784,200856
2021-05-04,1035.587646484375,1056.736548256756,1031.4240766508744,1044.671725341803,341710
2021-05-05,1028.4906005859375,1052.2890761893534,1011.5525138745616,1040.886590516387,228101
2021-05-06,1044.813720703125,1061.7044502181654,1028.2541593138042,1029.5315880903422,484824
2021-05-07,1029.0111083984375,1057.9194177623567,1003.0836587255883,1050.3493324831984,396472
2021-05-10,1028.7744140625,1045.6178978979249,1022.9076449119066,1040.8865951925043,266614
2021-05-11,1021.7249145507812,1039.940431665949,1012.6880793362669,1021.9614797081211,212683
2021-05-12,1025.8411865234375,1043.583574384777,1018.9335528222919,1021.0152801272206,325425
2021-05-14,1025.888427734375,1037.8112879034138,1020.5893916048382,1026.9766505000723,234034
2021-05-17,1013.066650390625,1035.20917317486,1009.8020972826448,1035.161813937217,259860
2021-05-18,1012.0258178710938,1027.8756845838948,1009.6601661229145,1021.8669522455873,477044
2021-05-19,1001.3803100585938,1035.6822578399535,998.304963016127,1008.7611891646461,621040
2021-05-20,1023.7120361328125,1026.2196498962203,994.5199188943545,1011.8365345711477,482044
2021-05-21,1010.5117797851562,1030.3832536032523,1007.7676007748761,1030.3832536032523,303702
2021-05-24,1000.8598022460938,1018.1290584002174,997.122119036045,1017.2301570237232,379012
2021-05-25,991.5391235351562,1012.9719487284872,988.936906945709,1011.2213897612875,192074
2021-05-26,1004.0771484375,1026.69280098052,981.3196492058365,984.3949963055478,303037
2021-05-27,997.027587890625,1012.2150024878599,991.6811919502761,1009.6601448577716,425679
2021-05-28,992.7219848632812,1005.875030471036,987.8960788445546,1005.875030471036,210240
2021-05-31,1016.2838745117188,1019.8797109608628,998.3522825203212,1003.0362262406163,359838
2021-06-01,1062.603271484375,1073.8165517590658,1017.2301229040854,1019.9743016865428,836252
2021-06-02,1075.8037109375,1092.2686686585616,1060.568938213943,1083.46839877876,784675
2021-06-03,1061.42041015625,1081.4812030737824,1056.6891074177265,1078.7370243833745,278581
2021-06-04,1079.6834716796875,1089.9031335666814,1064.5906595373813,1064.5906595373813,320588
2021-06-07,1157.9390869140625,1168.6318782389235,1079.7307382401839,1084.4146821553088,1915731
2021-06-08,1158.0810546875,1186.610835926066,1146.8678892682553,1167.6856232318705,918331
2021-06-09,1164.610107421875,1200.7572122260901,1135.512597120658,1166.7391935414762,826303
2021-06-10,1190.9163818359375,1209.8888384758009,1173.457803616777,1192.2884135680533,1180664
2021-06-11,1217.83740234375,1228.0570631130036,1198.7229842686709,1201.2778417058203,768030
2021-06-14,1264.8665771484375,1269.881804847124,1161.1091882590247,1217.2697352893547,891393
2021-06-15,1255.0255126953125,1275.4647190859778,1240.8316033253602,1270.8280189230607,640500
2021-06-16,1232.220458984375,1258.43194588673,1217.4588173030415,1255.0254309618567,520054
2021-06-17,1216.4375,1248.1948450068373,1206.441657453239,1231.0726764260207,415619
2021-06-18,1200.27197265625,1229.1595671387665,1139.7705387095364,1216.9636259084014,512460
2021-06-21,1215.050537109375,1233.9422892116463,1164.1145472640105,1191.8543351610165,412220
2021-06-22,1213.9505615234375,1269.6692768091204,1207.8286535723892,1216.7245638350028,520762
2021-06-23,1221.9854736328125,1235.13795916115,1211.0808440961832,1223.7073002627917,377596
2021-06-24,1226.4334716796875,1229.1595999685053,1200.6067719138123,1218.4463489941174,199599
2021-06-25,1233.12939453125,1255.4646857784371,1224.376988797257,1235.8555230672312,206802
2021-06-28,1234.372802734375,1256.37332622396,1224.3769594203814,1252.977663309979,242918
2021-06-29,1231.9813232421875,1248.2904521004207,1220.072392072097,1235.8553747998035,170173
2021-06-30,1231.168212890625,1247.381709726758,1224.3767713402308,1229.1594931032785,209124
2021-07-01,1262.303955078125,1277.8955601500882,1231.2162592640364,1241.5947435903722,529581
2021-07-02,1271.24755859375,1274.11719190886,1253.8862536841984,1273.7824247085662,415271
2021-07-05,1302.04833984375,1327.6837794089292,1262.4474905563504,1276.986920396917,733519
2021-07-06,1301.617919921875,1322.9010349086557,1292.291611107443,1314.2921344645647,356754
2021-07-07,1299.0830078125,1309.5093657799544,1268.9997312508544,1309.4614918506804,442703
2021-07-08,1290.2828369140625,1302.9570509252437,1272.2041233864868,1298.9394941604044,743657
2021-07-09,1275.16943359375,1300.9005036739677,1262.7343552498078,1291.335058794012,248624
2021-07-12,1294.39599609375,1303.7701790839747,1277.0825636571446,1278.8043904972064,269247
2021-07-13,1300.709228515625,1308.5528465327204,1287.5088680066094,1299.8960722963877,200411
2021-07-14,1342.3665771484375,1375.5108643754313,1281.769512004922,1309.2701638483113,767444
2021-07-15,1330.0272216796875,1364.6542018153834,1320.9879230759911,1350.6408018706006,259781
2021-07-16,1302.0003662109375,1351.3580313502277,1296.2132261833688,1324.8139256202905,267471
2021-07-19,1325.2445068359375,1338.9231396446714,1296.117774044315,1301.6657787501877,292128
2021-07-20,1321.0357666015625,1341.0753262323572,1293.248103470861,1334.3795150457477,198194
2021-07-22,1298.5091552734375,1353.5104638761798,1285.595804558011,1332.4664849325218,374272
2021-07-23,1314.052978515625,1335.3360931813013,1296.1177695276956,1315.1530280200213,206470
2021-07-26,1290.904541015625,1316.2529676016707,1277.799812683435,1296.1176612864856,287624
2021-07-27,1289.421875,1326.7271072885758,1266.656071153522,1298.030774758902,497463
2021-07-28,1363.45849609375,1423.3381559127495,1270.0519062588396,1296.0221116906257,2365261
2021-07-29,1364.6063232421875,1403.8246466758117,1349.110349469809,1370.7282312288653,734063
2021-07-30,1379.6717529296875,1399.902689770104,1357.1452030067967,1366.9019089043243,326151
2021-08-02,1416.2119140625,1425.2512122932565,1375.1282604004116,1390.624350351866,338574
2021-08-03,1447.4908447265625,1455.860608408279,1384.1197768507093,1429.0773646267864,932152
2021-08-04,1437.0167236328125,1453.9475130988112,1411.8595587722666,1453.9475130988112,467265
2021-08-05,1432.1861572265625,1444.812497079243,1392.011290902625,1415.6857657006597,481773
2021-08-06,1417.93359375,1446.6299262713978,1411.8595600527726,1439.5993481567905,301615
2021-08-09,1407.36376953125,1431.9469129810361,1401.337493331475,1417.5987475203042,107558
2021-08-10,1342.701416015625,1417.646768104711,1329.8359396944631,1415.6858052492757,260024
2021-08-11,1328.7838134765625,1358.2931879028645,1281.865259117728,1344.0885254529328,530040
2021-08-12,1308.313720703125,1358.3410440263049,1297.6961002618516,1340.0231937665953,387289
2021-08-13,1364.749755859375,1377.2804644506994,1308.5527709939547,1308.5527709939547,611327
2021-08-16,1315.6312255859375,1364.8932634767252,1306.16141242467,1364.8932634767252,242039
2021-08-17,1338.1099853515625,1362.1192264534714,1317.5442807386764,1317.5442807386764,601386
2021-08-18,1344.853515625,1376.4673538850564,1329.692310653549,1349.0145770635268,290777
2021-08-20,1334.140380859375,1429.0774181781007,1324.0966640649506,1339.162239256587,833109
2021-08-23,1332.896728515625,1366.854054232642,1305.6830874289606,1342.9883184983596,334081
2021-08-24,1347.0057373046875,1353.5102857374677,1311.852731650375,1332.8967078243852,279691
2021-08-25,1340.5013427734375,1373.5977555926606,1329.5967132825895,1347.0057746207394,229136
2021-08-26,1331.5098876953125,1357.3365881031957,1327.3010687201509,1345.858054588581,188373
2021-08-27,1327.875,1349.6842608432155,1322.2314809823731,1339.1622715666206,190127
2021-08-30,1364.8453369140625,1384.1197296889188,1330.6011178768085,1342.1274076949112,387491
2021-08-31,1357.4801025390625,1386.9894759677222,1343.9449749894136,1367.8107127144474,206609
2021-09-01,1323.379150390625,1369.6759217588703,1318.548554562945,1369.6759217588703,399135
2021-09-02,1315.2965087890625,1348.7276910197693,1310.4659125511234,1333.4708535616694,315652
2021-09-03,1308.5050048828125,1334.379580369733,1304.2005546235553,1334.379580369733,189935
2021-09-06,1306.544189453125,1319.0270254392528,1297.1700064061365,1318.0704809146903,212469
2021-09-07,1316.30078125,1327.3966734069263,1298.3178158275825,1307.5962501943802,275667
2021-09-08,1310.6572265625,1333.8056735107632,1305.68324187117,1326.1054435831973,287976
2021-09-09,1298.939453125,1316.5877677971582,1296.1176937820774,1316.5877677971582,146349
2021-09-13,1288.274169921875,1309.5094109609129,1276.9868981978223,1298.98742153756,375297
2021-09-14,1300.8048095703125,1319.2182900723205,1291.3349962447155,1298.9394778496628,245969
2021-09-15,1317.4964599609375,1320.9399965888747,1294.2046262198724,1300.9004372941806,256480
2021-09-16,1322.422607421875,1327.8271065304766,1307.8353056040207,1317.4963805040227,411840
2021-09-17,1345.714599609375,1362.8846433562278,1300.9961444624173,1329.596848219705,403046
2021-09-20,1335.6708984375,1396.554979635715,1320.0314191077305,1346.814665292525,608781
2021-09-21,1361.3062744140625,1366.9020361634848,1320.4617558282848,1343.9449690760646,169057
2021-09-22,1387.3720703125,1396.5548735250084,1363.1236922657322,1367.8585405073711,333691
2021-09-23,1398.4678955078125,1415.685694494913,1386.0328184615735,1391.7720847906069,458922
2021-09-24,1372.9759521484375,1403.6332462263056,1353.5581712985277,1403.6332462263056,139046
2021-09-27,1363.888916015625,1386.9894884347611,1358.2931541912835,1386.9894884347611,158067
2021-09-28,1335.1925048828125,1386.0328641429153,1315.248577085237,1363.8888374737633,112774
2021-09-29,1348.536376953125,1358.3409573085162,1335.4795221998836,1339.257825972032,189896
2021-09-30,1331.270751953125,1357.3844624124567,1316.9225850558396,1347.8667749778488,169039
2021-10-01,1349.3494873046875,1355.4235213691188,1320.031375786439,1333.2317362505767,156580
2021-10-04,1367.3323974609375,1386.032887892746,1339.2578416148654,1358.2930992461693,205131
2021-10-05,1388.18505859375,1405.9290038956538,1376.323884696903,1382.1110250152258,250426
2021-10-06,1413.24658203125,1452.9910515092204,1367.858593586692,1396.4592966239138,355060
2021-10-07,1406.7899169921875,1425.2512721225992,1391.867846489544,1425.2512721225992,262504
2021-10-08,1394.7852783203125,1413.1508845958128,1385.1242029694952,1409.6117169253882,127554
2021-10-11,1370.91943359375,1397.224405480612,1358.8192399383358,1387.0850578519025,221580
2021-10-12,1332.7054443359375,1382.1109844304683,1327.7314603150949,1380.2935267731978,180783
2021-10-13,1392.7286376953125,1434.8165910322587,1334.3794296600006,1334.3794296600006,565097
2021-10-14,1377.4239501953125,1415.6857265896267,1364.271464559767,1412.8160933600532,168722
2021-10-18,1396.7939453125,1451.3169755352787,1389.3807262909818,1419.511874571991,652808
2021-10-19,1432.1383056640625,1473.0784548826578,1401.3376210409697,1415.6857878093074,845994
2021-10-20,1379.4805908203125,1452.9910078581572,1340.3100258486,1442.4690189928249,340905
2021-10-21,1364.654052734375,1453.9474465772869,1339.162121847501,1415.6856716673583,1082843
2021-10-22,1328.1619873046875,1394.593953575232,1312.474634753282,1385.1242568010173,426017
2021-10-25,1277.08251953125,1358.2931697219904,1267.4693175091775,1358.2931697219904,272362
2021-10-26,1299.3221435546875,1333.4229768980795,1280.1912543595931,1289.3740578201023,159984
2021-10-27,1277.5130615234375,1319.8879130741489,1272.204192809574,1306.639795020961,267266
2021-10-28,1250.34716796875,1287.078500164208,1244.5600270308078,1281.7217575454872,210716
2021-10-29,1250.5863037109375,1275.025945647198,1237.1468067682954,1250.9689448643983,297187
2021-11-01,1209.5504150390625,1243.507741835335,1204.2894207466823,1243.507741835335,407981
2021-11-02,1227.1031494140625,1242.5513672094116,1216.724664426768,1219.9290653077726,259784
2021-11-03,1221.746337890625,1240.6380898368686,1189.9412365127716,1237.672825542745,265721
2021-11-04,1253.3602294921875,1266.4648416458465,1207.5417273514113,1238.7250528182562,79442
2021-11-08,1226.2420654296875,1257.8080311073556,1215.0984164135966,1254.7950096143004,296073
2021-11-09,1213.281005859375,1239.5859782804737,1203.667687413756,1227.868308747439,241771
2021-11-10,1186.83251953125,1215.7679889778108,1181.2367578839765,1214.8114445332963,213932
2021-11-11,1183.9149169921875,1214.811346769846,1179.706215187568,1187.262822278561,241188
2021-11-12,1172.4842529296875,1195.5369487245084,1161.3883616721876,1186.5932822837262,450710
2021-11-15,1163.157958984375,1184.2019352160003,1158.9491403849158,1180.3757577193412,181319
2021-11-16,1155.4100341796875,1183.7715997308585,1149.0011164735076,1166.9841983677404,223836
2021-11-17,1192.906494140625,1203.0458413956483,1155.5056315712145,1155.5056315712145,255852
2021-11-18,1205.485107421875,1217.0115144093863,1166.984194449266,1200.1284820136038,389045
2021-11-22,1168.992919921875,1213.0418374552582,1157.418755717832,1208.1156103071255,214763
2021-11-23,1179.849609375,1189.8933252847276,1157.4186905495435,1166.9841342730936,284851
2021-11-24,1191.328369140625,1207.1592282297888,1178.3672604817257,1185.876111884216,368193
2021-11-25,1237.338134765625,1242.5512553740473,1183.771644926559,1191.328252759168,3071326
2021-11-26,1241.785888671875,1271.2475027865921,1198.7892647609456,1219.5941053821707,938335
2021-11-29,1227.581298828125,1256.8515356992043,1196.20671086942,1249.2470540138909,362155
2021-11-30,1242.7904052734375,1256.7559312118092,1227.581324815165,1227.581324815165,459543
2021-12-01,1220.885498046875,1271.2475872140203,1210.2678778950635,1267.4214093743994,411702
2021-12-02,1220.3594970703125,1252.1167271723834,1214.8114923674004,1220.5507592604747,610446
2021-12-03,1246.6165771484375,1270.2910527167658,1216.7245625419623,1223.4203738138128,440498
2021-12-06,1236.190185546875,1261.6342443361466,1217.5375689387192,1252.1166738500515,302455
2021-12-07,1283.0609130859375,1297.839595340512,1232.5554346725528,1242.2165105537954,917670
2021-12-08,1299.4176025390625,1313.3832432142708,1291.334849630972,1300.9002929615717,466515
2021-12-09,1310.274658203125,1321.2749195786644,1291.3350310415756,1310.274658203125,255062
2021-12-10,1331.270751953125,1334.283890354691,1291.4306518485264,1310.4659099520613,281714
2021-12-13,1393.733154296875,1402.9637149375535,1322.8053591254463,1334.3795237561446,558702
2021-12-14,1382.58935546875,1438.0689329301488,1373.2151732603802,1406.1203253147592,1221855
2021-12-15,1353.0321044921875,1396.507002394732,1348.7276545309185,1388.902520836095,791700
2021-12-16,1311.61376953125,1386.9895227132513,1302.0961984782161,1359.058470065576,367768
2021-12-17,1295.3525390625,1319.601035996863,1253.0733180897178,1319.601035996863,395470
2021-12-20,1253.79052734375,1286.0260257616358,1226.43338183781,1275.551911663468,314808
2021-12-21,1297.4569091796875,1304.583118592118,1250.538357423436,1268.3779346844642,298616
2021-12-22,1334.092529296875,1337.8709500232471,1283.6826822945613,1307.596294110779,488220
2021-12-23,1334.9534912109375,1358.2932005452753,1317.8791951065164,1338.205765889324,308354
2021-12-24,1315.8704833984375,1362.119387274748,1310.4659835438235,1341.027534045012,236195
2021-12-27,1304.6788330078125,1329.5968641098143,1295.3047669029972,1319.0748745377223,162999
2021-12-28,1319.696533203125,1331.509833444124,1310.7049922965596,1315.6312194156699,297095
2021-12-29,1339.927490234375,1355.4234633633089,1311.6136815673838,1327.5880436791315,380830
2021-12-30,1336.6273193359375,1353.5103516692582,1311.6615333755974,1339.6404576062164,291883
2021-12-31,1400.8115234375,1433.8601820789488,1343.9928744781396,1346.7190029054732,2793690
2022-01-03,1382.49365234375,1414.7291515518123,1376.6108809973473,1404.20716327117,403575
2022-01-04,1359.4407958984375,1401.0983494267111,1340.3577826483556,1386.5110479563186,1225469
2022-01-05,1436.9688720703125,1476.0915626676988,1344.4710722602251,1359.2496370190806,2827021
2022-01-06,1417.02490234375,1466.8129684740725,1407.794225499148,1434.816604891267,1631797
2022-01-07,1399.5201416015625,1427.6425713860208,1382.2545845832356,1425.251210294922,734840
2022-01-10,1421.09033203125,1437.3037142834082,1401.337665138785,1410.9031099520191,519905
2022-01-11,1415.0162353515625,1436.0602130100472,1402.294147606298,1423.1468630832499,1297785
2022-01-12,1490.0091552734375,1518.0359527134844,1409.3725329486278,1420.4205506358155,3723084
2022-01-13,1478.33935546875,1508.5183776942938,1469.7783298803279,1500.196371437816,984456
2022-01-14,1478.100341796875,1498.9051840127506,1470.2088499218876,1481.4003735110514,915219
2022-01-17,1484.17431640625,1522.7708608600824,1473.078424355152,1478.4829237456945,1414763
2022-01-18,1420.89892578125,1496.609443376796,1410.329179525073,1491.1571866442596,937640
2022-01-19,1457.39111328125,1473.0784657501672,1348.7276861738544,1415.6857982534075,969255
2022-01-20,1386.7982177734375,1442.3734280656329,1376.3239857791507,1417.5989029669872,1714708
2022-01-21,1314.6268310546875,1387.754723735318,1296.1177194474483,1381.2501748207494,1229939
2022-01-24,1237.146728515625,1314.6268281803482,1216.9157902500338,1314.6268281803482,1304711
2022-01-25,1236.333740234375,1253.0732686321326,1181.3803065720103,1223.468263686372,1392034
2022-01-27,1222.559326171875,1241.5467084114737,1196.6369973052076,1238.724949248796,837894
2022-01-28,1212.276611328125,1271.1997273574525,1205.2460328231266,1242.0251210073689,848119
2022-01-31,1227.5335693359375,1246.2339437302096,1219.5942035009912,1232.0292816543347,377823
2022-02-01,1248.9122314453125,1255.9428095010371,1216.8201198047243,1242.551187769876,424481
2022-02-02,1255.321044921875,1264.4082169023777,1243.5077447003569,1257.855910985361,765713
2022-02-03,1246.8555908203125,1270.9604623255302,1235.8553305253884,1261.5863975249104,563851
2022-02-04,1254.7471923828125,1263.4995975238678,1232.029261512531,1239.6816171740995,461335
2022-02-07,1220.455078125,1259.2907591560147,1212.8983536724852,1259.2907591560147,358386
2022-02-08,1213.424560546875,1245.4209270588171,1200.9894821661035,1216.9637284566668,532828
2022-02-09,1228.537841796875,1237.4815090570085,1216.9158033687418,1224.1856346059753,201937
2022-02-10,1250.20361328125,1254.9863355967866,1222.4638238511382,1234.085862431028,342830
2022-02-11,1200.36767578125,1247.3339857887163,1195.6805845367296,1247.3339857887163,310184
2022-02-14,1158.3275146484375,1206.2026135416752,1148.9055746840604,1185.1586345583946,568830
2022-02-15,1210.9373779296875,1214.8114295885837,1134.318192219795,1163.15803022025,437885
2022-02-16,1200.7503662109375,1219.5942462904843,1192.045717785648,1219.5942462904843,464194
2022-02-17,1188.984619140625,1210.9372651208243,1177.6017180982128,1208.7372831898597,388915
2022-02-18,1182.9583740234375,1195.6804608329683,1172.7233959849752,1181.3322953029726,311006
2022-02-21,1179.7540283203125,1190.3716479505765,1155.1230096876525,1177.5540462300044,285832
2022-02-22,1167.4625244140625,1175.5931524005593,1124.0353821683423,1154.5491740825673,376638
2022-02-23,1161.81884765625,1184.106379702978,1153.927356065745,1167.988629322779,204207
2022-02-24,1085.4866943359375,1140.4880005032849,1077.7385908372103,1125.8528236342227,699330
2022-02-25,1126.1876220703125,1149.6708358001097,1092.1346618781358,1100.9826983330277,339236
2022-02-28,1131.8311767578125,1138.0487154427276,1098.1129861973116,1121.070052110844,713268
2022-03-02,1126.0440673828125,1152.6839234332938,1119.1569941252365,1127.7658940800459,555169
2022-03-03,1115.378662109375,1147.8532983008668,1106.0044801336476,1136.0877552870127,451613
2022-03-04,1094.62158203125,1116.1438314489533,1082.8082818151127,1116.1438314489533,312460
2022-03-07,1080.943115234375,1092.4216487703577,1037.850740545101,1066.5949483143968,418415
2022-03-08,1088.8345947265625,1097.7303880569364,1067.5036067738242,1082.8561919108488,280011
2022-03-09,1109.5916748046875,1122.026753918878,1083.7649720290613,1098.8305486481765,424030
2022-03-10,1106.626220703125,1134.4616389118237,1094.2867748019614,1134.4616389118237,371965
2022-03-11,1096.8216552734375,1118.82217638639,1093.378118800197,1114.1829594178803,267547
2022-03-14,1097.012939453125,1109.5915218688249,1076.1603412567197,1090.4606335607416,502613
2022-03-15,1075.7777099609375,1112.4132913460508,1069.9905694886265,1100.026087759723,371130
2022-03-16,1118.4395751953125,1134.2225582962085,1085.6779284555737,1085.6779284555737,1020810
2022-03-17,1107.056640625,1148.8098271376334,1101.3652481377069,1148.8098271376334,948146
2022-03-21,1097.9217529296875,1116.4308644566904,1094.5738473958124,1107.343692293315,334496
2022-03-22,1093.043212890625,1103.4695699530496,1073.0515288238803,1100.9347040008677,380821
2022-03-23,1132.835693359375,1142.7836627055806,1093.7607572838365,1097.1565369510315,886196
2022-03-24,1114.2308349609375,1134.0791332912092,1104.1393605680903,1129.9181880787232,612810
2022-03-25,1115.7135009765625,1127.81381195996,1106.0524251150243,1120.113582216248,486092
2022-03-28,1106.29150390625,1130.0137356397272,1080.895202659614,1121.9309819367293,501828
2022-03-29,1103.7088623046875,1114.3743569713274,1095.7696129109997,1110.5481789216406,525621
2022-03-30,1107.726318359375,1117.148257594887,1101.9870518079147,1109.5915332823288,794522
2022-03-31,1175.21044921875,1182.288901268802,1108.6349810441275,1116.2873363921456,2658948
2022-04-01,1185.302001953125,1220.4071342926695,1166.9841535665485,1176.5495974482415,1813614
2022-04-04,1181.7149658203125,1195.3457234131224,1171.9581429576344,1185.9237845003497,661811
2022-04-05,1187.5499267578125,1207.1590878520817,1173.7279062537334,1189.3673845538317,794674
2022-04-06,1212.5635986328125,1232.0292548891439,1181.3323989037988,1184.6803044877365,1515622
2022-04-07,1270.291015625,1285.5957266566265,1199.028454883989,1210.0287159379707,1883356
2022-04-08,1290.6654052734375,1339.9274418599707,1274.1650143779482,1300.90038364437,4001182
2022-04-11,1277.7042236328125,1315.2485925473459,1268.473546521072,1296.1177039284753,698320
2022-04-12,1259.5299072265625,1284.7348301847385,1224.47252970608,1277.7042518153644,1102759
2022-04-13,1245.947021484375,1273.3041694326507,1235.664168635068,1260.7255865475718,387696
2022-04-18,1250.9688720703125,1261.682123149694,1210.0287231117231,1231.0727009049706,536533
2022-04-19,1226.7681884765625,1272.2040473090278,1196.6370399876644,1267.421325326663,761385
2022-04-20,1255.321044921875,1261.7777197501268,1210.937360527127,1224.3768563203514,754984
2022-04-21,1226.2900390625,1266.4649077369345,1221.7464527243199,1266.4649077369345,666921
2022-04-22,1180.471435546875,1218.7332120285218,1174.6844119134312,1185.158526519012,1231435
2022-04-25,1070.8514404296875,1184.1063191172345,1063.6773575326597,1184.1063191172345,2873081
2022-04-26,1056.6468505859375,1094.9086286055021,1040.7203621321578,1091.417218008081,2131036
2022-04-27,1031.2027587890625,1077.9299303575397,1028.285251601504,1056.6945741720378,1119620
2022-04-28,1038.1854248046875,1048.8509180495248,1023.7895018712542,1041.7247090882433,844587
2022-04-29,1046.93798828125,1060.5208739035202,1030.628857335417,1047.3206294464596,757799
2022-05-02,1036.416015625,1044.594518199845,1002.841325412437,1033.1159836474685,569417
2022-05-04,993.4192504882812,1048.324806584274,986.4843034684752,1042.6334140122208,613028
2022-05-05,976.297119140625,1073.2428760824598,963.6707206866163,1011.5936328034248,597075
2022-05-06,992.6539916992188,1013.5544643409063,956.3053030125694,962.2837057570841,1125162
2022-05-09,978.4014892578125,997.3888736627317,964.1968272100861,983.9972510625917,578547
2022-05-10,958.3618774414062,997.6279558103103,948.5094232123199,974.7187636649846,487168
2022-05-11,930.4786376953125,979.9319403273561,912.9260699390078,969.3621939421159,690092
2022-05-12,931.7698974609375,934.5438996359194,906.0867031014582,924.2132315621617,607197
2022-05-13,922.8740844726562,950.8051944157639,911.7303765295803,946.9790165710325,602775
2022-05-16,927.9437866210938,940.4745544728406,914.2652120873422,934.9744236540057,316654
2022-05-17,964.1011352539062,965.9185346052053,929.7611675439524,933.3003935414177,398471
2022-05-18,941.765869140625,973.1883907731896,930.7656074683913,970.8448450881887,671198
2022-05-19,931.1004028320312,937.9874762534021,908.3345979260488,922.8740854276417,572240
2022-05-20,938.5614013671875,948.8442539346296,929.6655498923867,937.6526724869854,294311
2022-05-23,930.239501953125,945.9268546965251,926.1741879343067,938.5614505623331,290182
2022-05-24,923.4480590820312,935.7396322268398,914.6000226924598,933.3004554933101,332407
2022-05-25,898.482177734375,929.7611924916815,893.1733677871478,925.8871991995339,421298
2022-05-26,902.5474853515625,905.8475753120018,866.9162053300503,898.8648126487833,625692
2022-05-27,936.6961669921875,946.9790199869958,909.4824652968011,910.5825147842658,553467
2022-05-30,961.0402221679688,970.8926183425617,938.5614275560966,948.8920959564741,639756
2022-05-31,942.2440795898438,960.3706082244324,939.8049029686304,960.0836565718495,949422
2022-06-01,928.5655517578125,949.3703941484717,919.3348741945673,946.0224884764117,660008
2022-06-02,926.6524658203125,932.6308688256049,920.5784317200722,931.4351882245464,469199
2022-06-03,913.7390747070312,954.5835338999459,910.295538082208,927.8481051722799,2102715
2022-06-06,901.0648803710938,917.3261361739691,893.9386124750303,913.4999583379984,329384
2022-06-07,890.3993530273438,910.3433392817693,886.8123114401634,894.3690357369586,624350
2022-06-08,880.0686645507812,896.9995121267282,873.4685432129288,892.4559262215274,563767
2022-06-09,916.704345703125,922.3001657372417,872.6554856782886,876.6729840246915,727623
2022-06-10,927.3120727539062,936.5998584061595,905.3146856827804,917.0466254540476,700910
2022-06-13,900.7196044921875,922.2770304631986,896.075711972893,915.2867859477182,517357
2022-06-14,900.37744140625,926.5787597393968,894.5603430878904,898.4709893964713,464531
2022-06-15,855.7960205078125,903.2126060476085,837.1227086278409,899.4486329198407,2951944
2022-06-16,855.4539184570312,883.8061054687499,848.0237140054106,875.0071508789063,1303796
2022-06-17,850.6144409179688,867.0391434344237,838.8336308801627,851.2010736656764,679590
2022-06-20,851.298828125,858.7290323283731,838.8336428725237,858.7290323283731,642289
2022-06-21,865.9637451171875,871.0475972712444,857.1159197460737,860.439933317464,497499
2022-06-22,874.0294799804688,876.4736340072598,857.4581037444798,865.9637716920583,485450
2022-06-23,882.388427734375,886.3968759274629,870.8520332778378,874.0294333431232,312336
2022-06-24,901.012939453125,905.3146745182322,884.8326513191378,887.0323899991226,247987
2022-06-27,908.6387329101562,922.8148263910055,899.5464321126417,919.0507933533974,207964
2022-06-28,905.1679077148438,912.1582115541792,889.4275808804014,901.6483500598519,328037
2022-06-29,903.9948120117188,915.5800779710651,891.7251113340942,899.4486617548104,202250
2022-06-30,893.8270874023438,908.0520512642294,884.8325890538869,903.9947915652475,556271
2022-07-01,913.7714233398438,916.4599926958012,888.5966375522418,896.9556321609641,283046
2022-07-04,926.3832397460938,931.5648343062932,904.3369825385536,916.9488410826476,225772
2022-07-05,928.3385620117188,943.4434456931727,919.2463210497468,928.778521666854,521843
2022-07-06,942.4169311523438,945.3987871609564,923.1569852913475,927.8008779893977,174617
2022-07-07,956.0552978515625,960.9436058277506,942.4657778090682,945.3987625947811,337993
2022-07-08,952.7800903320312,964.9519890584515,944.4210956742292,958.8416041226711,265431
2022-07-11,976.83056640625,985.6295203999828,938.5550926648225,952.2423544328511,524618
2022-07-12,971.404541015625,982.5499071142692,967.9827254187096,975.6085336292181,276566
2022-07-13,961.4324340820312,989.7356894519054,958.4994493040772,967.8849767248389,188534
2022-07-14,943.590087890625,977.270481230336,938.7506511861314,958.108338332379,386482
2022-07-15,961.6279296875,966.1252088682909,943.443447724405,943.443447724405,287638
2022-07-18,989.2957763671875,1005.6716078271636,965.440809953815,966.9073023233651,827545
2022-07-19,972.9199829101562,997.2148502459867,966.9073400914518,991.3488805386573,524687
2022-07-20,957.032958984375,987.4382107128823,951.2158605611762,987.4382107128823,768426
2022-07-21,1053.039306640625,1070.539473500791,972.7733115372484,984.5052509728735,6074127
2022-07-22,1032.557373046875,1067.8020038390111,1022.5363411583398,1055.8745794749202,1721722
2022-07-25,1031.970703125,1057.829803542612,1023.3183028800426,1031.3351992449393,805146
2022-07-26,1018.0879516601562,1053.7237909793255,1011.0488354048331,1036.2236232954249,774056
2022-07-27,1012.1242065429688,1023.6606615609202,999.1701898931794,1020.6787458399994,487963
2022-07-28,1010.9509887695312,1026.4957121743312,1002.1031038711416,1021.5585928784035,593927
2022-07-29,1022.5363159179688,1030.0154512066597,1009.924457105749,1021.5586542944394,529253
2022-08-01,1025.762451171875,1037.7388051669554,1014.8616203572361,1031.4329359028445,481067
2022-08-02,1035.197021484375,1048.0043653203857,1022.4874199453565,1028.6467361208818,799758
2022-08-03,1049.373046875,1056.852181929408,1029.7710035433452,1040.2319348500373,885938
2022-08-04,1027.5712890625,1060.3717646677444,1007.7736413418077,1056.3144450933305,614855
2022-08-05,1076.74755859375,1083.2490319774681,1027.5223218486633,1028.4999834298706,1145421
2022-08-08,1067.3131103515625,1079.1429110684965,1057.9275829537391,1070.0506105416782,461999
2022-08-10,1059.3941650390625,1074.4501786725946,1051.0840408182098,1060.1763421148821,371267
2022-08-11,1069.561767578125,1082.7112680801636,1062.9136211025977,1069.1706790777785,407034
2022-08-12,1069.952880859375,1093.367828484681,1057.8298531285814,1070.5394539517529,451379
2022-08-16,1059.3941650390625,1077.3831636917191,1050.4974676830782,1074.4501786725946,398305
2022-08-17,1051.817138671875,1071.0771425194737,1050.9861502357273,1069.219561734088,270470
2022-08-18,1062.131591796875,1065.6511497070323,1046.440075295457,1053.9681412618474,238323
2022-08-19,1099.869384765625,1115.3164869734976,1060.762917751736,1066.726630102661,3194343
2022-08-22,1108.6192626953125,1140.0511052777124,1094.9809318617363,1104.5131319382112,2654954
2022-08-23,1125.4840087890625,1130.225763119071,1089.7505481973953,1104.7576301901358,959418
2022-08-24,1142.7886962890625,1148.7034775088425,1121.4268136709848,1124.0175215001043,1029471
2022-08-25,1131.49658203125,1157.2091287837675,1125.972770351323,1148.752332425308,683918
2022-08-26,1141.957763671875,1151.343291854011,1132.9143932062323,1143.1798407618269,457550
2022-08-29,1138.633544921875,1154.569356536658,1109.8413407480664,1117.9070485132222,612350
2022-08-30,1175.3936767578125,1180.0375694295526,1145.9171551937595,1149.681128543215,808362
2022-09-01,1228.9696044921875,1242.0701749101947,1156.7203858864682,1168.3056523781788,1477986
2022-09-02,1217.677490234375,1241.483525689014,1210.3450284304747,1241.2391102955505,769056
2022-09-05,1236.2530517578125,1255.6596099985663,1217.726412796253,1221.9792167449973,790938
2022-09-06,1219.4862060546875,1248.327224039006,1215.135659553759,1239.6749425124026,436448
2022-09-07,1222.028076171875,1232.6358000673104,1202.5237748777051,1212.3003909336214,322553
2022-09-08,1222.2724609375,1235.7153076774453,1198.906444624286,1227.356372765225,480532
2022-09-09,1221.6859130859375,1231.8536176079003,1210.345062379826,1228.3828711859874,365671
2022-09-12,1226.329833984375,1242.705666183553,1213.9135790990986,1226.1831608721084,306515
2022-09-13,1208.4385986328125,1249.451452647031,1182.8727254004918,1236.6929217664242,1222950
2022-09-14,1202.914794921875,1222.0769374321203,1187.858783184021,1192.844833220054,399358
2022-09-15,1211.4693603515625,1224.0322876782918,1203.5013946741033,1209.2696218153994,318500
2022-09-16,1176.61572265625,1217.3841631903804,1170.7497531207805,1211.4693821815222,523995
2022-09-19,1166.6436767578125,1185.316990117219,1152.8585522298397,1178.0822701496822,427947
2022-09-20,1192.3560791015625,1199.5907989049704,1159.8488304759796,1175.1492585849833,480440
2022-09-21,1181.84619140625,1213.0825508710607,1179.0109489212728,1192.9915574217207,390072
2022-09-22,1181.601806640625,1198.613142648041,1176.4202716757097,1181.797410570134,582217
2022-09-23,1142.73974609375,1195.4846614261146,1131.349964497324,1195.4846614261146,519723
2022-09-26,1105.539794921875,1134.0874661602497,1071.5660540175054,1134.0874661602497,656237
2022-09-27,1091.2169189453125,1128.807956291208,1081.0002845532836,1126.7059601746894,315509
2022-09-28,1104.0244140625,1123.3332315765442,1079.2895266742128,1087.3552352560287,523890
2022-09-29,1096.8385009765625,1122.795343148204,1084.2755741091473,1109.8413277977456,389319
2022-09-30,1125.093017578125,1146.7481265541521,1088.2351036336809,1090.1904268346555,520598
2022-10-03,1134.1363525390625,1152.223091592406,1117.8093327064587,1132.7186716558365,367199
2022-10-04,1163.1239013671875,1168.2078130466748,1144.9394203578875,1153.3962166563958,313405
2022-10-06,1155.74267578125,1181.1129463766772,1146.7970483385623,1173.1939113437977,298283
2022-10-07,1190.694091796875,1195.680142110328,1154.3739393268763,1161.8530744687844,685248
2022-10-10,1192.1605224609375,1208.1452649953826,1169.2342874204003,1182.3349761087857,588542
2022-10-11,1150.267822265625,1204.6745957318265,1147.285906598862,1203.5014495297821,316866
2022-10-12,1156.8179931640625,1161.2174700026328,1137.5091781503374,1156.2802315908584,189725
2022-10-13,1139.5135498046875,1161.657490039949,1111.699005088222,1156.5736973494231,382393
2022-10-14,1137.704833984375,1166.1548839646928,1133.158802708261,1150.7077818909622,330303
2022-10-17,1169.1365966796875,1177.1045625624017,1138.04702950712,1138.9757602867094,441261
2022-10-18,1210.5406494140625,1220.1217816548287,1170.1632934701875,1177.9845869423339,1678706
2022-10-19,1183.6060791015625,1220.1217172020172,1169.9188162483347,1211.3227625106565,645352
2022-10-20,1182.2373046875,1196.6578134690924,1158.5290105889496,1181.0152276721108,411816
2022-10-21,1184.43701171875,1198.6131047190981,1178.082211408249,1185.8545732814025,211677
2022-10-24,1198.6131591796875,1202.5238057022966,1175.5891800404422,1196.657835918383,113871
2022-10-25,1206.14111328125,1215.2334142386017,1181.0641877783683,1201.4972205076108,298589
2022-10-27,1197.9776611328125,1220.1217210445,1187.516729370857,1206.5322004430204,308157
2022-10-28,1211.2249755859375,1214.060218084042,1192.747147546243,1203.5014251060861,305974
2022-10-31,1230.8270263671875,1239.381565386541,1212.3003867426564,1217.1886947537155,768875
2022-11-01,1241.141357421875,1246.51849603221,1227.5518377925196,1235.666476523679,296553
2022-11-02,1241.483642578125,1259.0327410871614,1233.80902236948,1245.5409623603152,492017
2022-11-03,1241.581298828125,1251.1134994100485,1204.4790889158671,1204.4790889158671,308442
2022-11-04,1265.1429443359375,1269.0046596228342,1239.4303984875564,1241.58120610547,439193
2022-11-07,1273.4041748046875,1279.758974909279,1263.138728481886,1270.960020918306,417444
2022-11-09,1292.419677734375,1312.510670937504,1276.5816078783212,1283.4252389372132,1023689
2022-11-10,1284.7940673828125,1295.7927608268894,1275.8484395129374,1291.1488680393902,389144
2022-11-11,1284.500732421875,1317.399070747452,1277.119458585175,1298.334668610476,622358
2022-11-14,1291.2955322265625,1295.4016633465785,1258.2505213034312,1285.1851470220975,334116
2022-11-15,1303.5162353515625,1306.1069430697617,1280.7856035642455,1284.7939921827804,321614
2022-11-16,1277.6082763671875,1308.111271737585,1268.467044576464,1298.3346553568856,323056
2022-11-17,1274.6751708984375,1279.7589631982084,1259.2280707404832,1274.8706554701787,181492
2022-11-18,1263.676513671875,1292.2731146765432,1251.4068131957383,1282.9363989188341,313416
2022-11-21,1260.4501953125,1269.3958226615937,1226.9652861098991,1226.9652861098991,189200
2022-11-22,1262.0633544921875,1274.3818665022293,1256.1973850261243,1257.7616196817169,141938
2022-11-23,1264.36083984375,1277.8036865847912,1256.2951317991253,1262.0633589966994,175703
2022-11-24,1258.7393798828125,1271.9867430356637,1249.9404249943113,1264.3609343949106,177117
2022-11-25,1267.196044921875,1274.5773180358997,1252.188963962292,1260.2057409540216,268507
2022-11-28,1280.150146484375,1294.863882229274,1261.5256449239969,1263.2854835737896,545982
2022-11-29,1245.736328125,1289.9267028145596,1242.6078588299222,1284.6473064535937,525462
2022-11-30,1271.1556396484375,1285.6250799202871,1223.0547338253075,1251.9934950255426,654220
2022-12-01,1268.906982421875,1285.6249714904363,1261.183432108489,1276.3371865252961,234094
2022-12-02,1292.02880859375,1309.9688761039035,1261.1835356246152,1264.116520591184,847039
2022-12-05,1293.5439453125,1324.193610381782,1288.9489838630063,1302.147414506152,849892
2022-12-06,1263.9210205078125,1304.0539593691128,1258.4460198292102,1290.904458000865,386340
2022-12-07,1239.9193115234375,1267.0494206460673,1234.5911035952943,1266.0717590560628,347239
2022-12-08,1257.41943359375,1259.6679835655414,1242.1679371952002,1246.5184833802055,241863
2022-12-09,1240.3104248046875,1268.5648691889273,1228.8229008926567,1261.1834762995582,202907
2022-12-12,1248.71826171875,1252.7266503558699,1229.0672876931003,1231.853599346741,150634
2022-12-13,1336.9033203125,1356.016652517597,1251.406860290212,1253.3621835094157,3437569
2022-12-14,1329.1798095703125,1349.1240097385157,1320.4785978966038,1339.3963250421955,954600
2022-12-15,1283.42529296875,1336.1700896843572,1275.1641000086772,1329.1309737505355,769451
2022-12-16,1273.89306640625,1289.2912366256655,1251.504591869329,1283.425267018269,650205
2022-12-19,1284.549560546875,1293.4462569641814,1256.2951173083695,1274.8706871362756,713601
2022-12-20,1273.746337890625,1284.4518035645203,1257.663852987302,1283.6696265801752,458677
2022-12-21,1242.5589599609375,1285.7716741888817,1233.8089363981903,1275.7994542854528,599398
2022-12-22,1237.2796630859375,1269.0047336908262,1222.2236508514231,1257.2727947044702,608629
2022-12-23,1182.8238525390625,1234.2000169067937,1159.7021320327358,1229.9472128527063,937987
2022-12-26,1216.50439453125,1222.9569373175768,1180.2819839804672,1182.9705534200582,424039
2022-12-27,1242.5589599609375,1256.2951531471274,1219.6328432303824,1222.076997224832,804491
2022-12-28,1226.378662109375,1246.420723719654,1222.0769274560398,1243.585481379266,484479
2022-12-29,1231.4625244140625,1244.318798290628,1213.424715676519,1226.378731844149,328518
2022-12-30,1245.980712890625,1256.2950899658572,1235.8619397311854,1237.6217782560666,250586
2023-01-02,1288.1181640625,1302.196396450111,1257.4195641605572,1278.7814474997151,1682597
2023-01-03,1306.2535400390625,1320.8207206342138,1285.6249057246418,1285.6249057246418,1068908
2023-01-04,1303.7606201171875,1317.3500203164383,1294.0328159962658,1312.9505432996718,605578
2023-01-05,1296.9658203125,1309.8220938804088,1288.5579546440595,1309.8220938804088,421447
2023-01-06,1296.9658203125,1313.97715557027,1289.4378739294268,1296.9658203125,495657
2023-01-09,1317.985595703125,1322.7761614721965,1297.9435326505159,1311.2397067094087,502449
2023-01-10,1329.7664794921875,1343.3070690928816,1312.5107279892238,1317.9367977305856,966180
2023-01-11,1385.5909423828125,1390.8703390430849,1331.5751374319213,1337.2456226121142,1762623
2023-01-12,1365.4998779296875,1398.6426292846772,1358.9495930960309,1398.056056206708,1153415
2023-01-13,1345.9466552734375,1368.4328717107505,1340.374031980703,1358.9006712644982,520001
2023-01-16,1336.658935546875,1358.9496684940905,1333.1393775403305,1344.2847440139383,250009
2023-01-17,1366.4288330078125,1371.6592989819949,1333.5794253399442,1339.4453952571873,724473
2023-01-18,1357.092041015625,1373.614545899045,1355.0879063447644,1371.1703919027834,397384
2023-01-19,1340.4718017578125,1353.0836603216992,1330.059681803553,1348.1953523003056,378360
2023-01-20,1315.9324951171875,1344.2357503022738,1309.0888640133091,1337.4410500150912,335914
2023-01-23,1352.790283203125,1356.7498603473937,1315.1503122981533,1322.7761203747243,520873
2023-01-24,1295.0106201171875,1338.8587220093027,1286.8471690672015,1338.8587220093027,1282825
2023-01-25,1256.0506591796875,1294.3749436780297,1246.8606168667175,1290.1710706766094,536238
2023-01-27,1227.3564453125,1267.6849879160982,1195.9735305733016,1265.534060704496,433530
2023-01-30,1206.14111328125,1244.0255016977792,1195.777923802453,1227.4052538763342,419670
2023-01-31,1205.6033935546875,1225.2543673186356,1188.3965737251474,1211.3716207085808,667441
2023-02-01,1175.589111328125,1224.5700516356726,1151.7830758818795,1220.1216437388266,700831
2023-02-02,1186.685791015625,1212.3982215089172,1164.3950570476043,1175.589235509374,447078
2023-02-03,1199.1019287109375,1206.3366482767021,1170.260912080711,1199.1996710003152,307741
2023-02-06,1229.9471435546875,1237.18174344899,1199.1018743451596,1199.2485474443035,449222
2023-02-07,1205.9945068359375,1238.3550817238124,1202.5237604403735,1237.719577819116,416429
2023-02-08,1216.8953857421875,1221.58820931367,1201.155057334009,1208.3408464612794,198248
2023-02-09,1206.9232177734375,1222.0769722290781,1205.0168254341418,1212.3003564512455,121016
2023-02-10,1205.6522216796875,1219.926176328543,1198.7108482787862,1202.5237523378169,170808
2023-02-13,1194.604736328125,1218.1663570868764,1191.964978394495,1204.479094647698,159507
2023-02-14,1210.247314453125,1216.699857122811,1186.2456745161724,1195.1913019948868,186711
2023-02-15,1217.628662109375,1221.0504779064472,1205.016922217794,1209.3674688509718,131612
2023-02-16,1226.525390625,1233.8089217043353,1212.4470399159425,1218.1663363261503,245136
2023-02-17,1212.5447998046875,1225.987646809174,1207.9498380205368,1217.2376232236365,141916
2023-02-20,1210.5894775390625,1229.8982941604204,1202.5237693301408,1212.5448007412253,236553
2023-02-21,1202.963623046875,1224.32562368368,1200.5683999537293,1208.4386232771265,149283
2023-02-22,1193.284912109375,1200.6173741001087,1184.1926115034826,1200.6173741001087,183558
2023-02-23,1178.522216796875,1199.5908736020065,1174.2694123850722,1191.7206493915182,167369
2023-02-24,1175.68701171875,1188.8365125785556,1173.7804999814844,1184.730381571835,122675
2023-02-27,1157.50244140625,1174.1716199683306,1149.8767522831401,1174.1716199683306,207103
2023-02-28,1181.552978515625,1187.8099173025616,1157.551338414992,1161.4130540110036,468191
2023-03-01,1179.20654296875,1189.667474176251,1175.344708107323,1181.0151930297818,148166
2023-03-02,1174.513671875,1184.9257911860427,1167.327883396151,1182.0417373689684,257579
2023-03-03,1171.6297607421875,1186.0990817476973,1169.283348882426,1176.3224651182454,279571
2023-03-06,1184.3880615234375,1197.2932658566074,1178.0821921328052,1178.0821921328052,173575
2023-03-08,1187.07666015625,1196.511118410688,1170.2609284703328,1182.921598380144,185432
2023-03-09,1187.9566650390625,1209.2208062486286,1182.775129821661,1192.9916464815149,395605
2023-03-10,1175.0513916015625,1183.9480874652713,1167.669999470821,1183.9480874652713,135642
2023-03-13,1150.805419921875,1178.7177057190822,1143.864046584795,1174.1715555114006,195613
2023-03-14,1150.6588134765625,1157.795791148831,1138.5359046783778,1150.8544174096223,177237
2023-03-15,1150.9521484375,1168.6967308062053,1145.1351095040807,1160.4843492846146,132934
2023-03-16,1150.9031982421875,1160.04442976003,1130.9589968956973,1156.5736833111043,189152
2023-03-17,1158.87109375,1163.368313008695,1148.263489807358,1156.9647014659888,132628
2023-03-20,1154.5694580078125,1158.0402045431101,1142.8864492282783,1153.9828848965758,242565
2023-03-21,1186.7344970703125,1194.5557897897688,1154.5694068928574,1154.5694068928574,365958
2023-03-22,1176.3223876953125,1192.5027348894864,1174.1715799157805,1188.8365038947452,97072
2023-03-23,1194.604736328125,1199.0042135407182,1168.5010999273318,1175.2959196728555,277072
2023-03-24,1195.8756103515625,1205.4078108636352,1183.068267378392,1196.6577873617302,423363
2023-03-27,1191.573974609375,1202.4259942164629,1183.9481665917165,1198.7597633124835,217959
2023-03-28,1188.103271484375,1196.4133951688984,1183.80153653193,1188.347686886861,165820
2023-03-29,1201.6927490234375,1206.4343837944575,1182.970505989703,1182.970505989703,192892
2023-03-31,1217.677490234375,1224.032290464422,1201.5460742657945,1202.5237358396478,220070
2023-04-03,1219.6817626953125,1225.9876322049172,1208.5852081890282,1218.6062394729997,101136
2023-04-05,1242.5589599609375,1248.3761180738018,1212.39812353812,1216.406512220326,204188
2023-04-06,1231.7069091796875,1254.242056180287,1225.9386820288717,1240.6525364435386,158636
2023-04-10,1236.5953369140625,1241.5813875522217,1222.7125889657032,1222.7125889657032,125483
2023-04-11,1249.9404296875,1258.1528114829625,1236.9374818993958,1241.6303055949356,234883
2023-04-12,1234.5421142578125,1250.4291143423022,1229.9959642110994,1249.6958681845565,131535
2023-04-13,1237.7685546875,1246.9096670614392,1231.7559117929059,1232.8313157174646,130255
2023-04-17,1216.4554443359375,1237.768514927669,1205.2123359494692,1237.768514927669,205706
2023-04-18,1185.6102294921875,1216.797659845273,1151.685418138399,1216.455502138118,1003086
2023-04-19,1166.5947265625,1194.5070135149347,1159.506679826629,1187.1745513743783,672020
2023-04-20,1204.7724609375,1220.4638583177605,1145.819417569209,1152.6630489028134,2706008
2023-04-21,1213.1802978515625,1217.1886865248407,1173.780487811408,1202.3282780090685,809633
2023-04-24,1226.08544921875,1234.1511578169252,1202.572758184087,1216.2110904399797,546831
2023-04-25,1208.6341552734375,1229.8982951134353,1205.6522396504456,1226.9163794904434,384412
2023-04-26,1216.60205078125,1219.1439469302172,1193.1381736951832,1203.7457775924859,284299
2023-04-27,1221.3927001953125,1229.8983084864121,1212.3003994619644,1214.255722686903,324668
2023-04-28,1241.141357421875,1249.4514807287565,1227.1119378254186,1230.8759109839625,387631
2023-05-02,1228.8717041015625,1242.9989858703902,1222.4191613907265,1240.652574154598,246846
2023-05-03,1210.638427734375,1226.0365981978755,1207.4120966617818,1222.1747632057159,258337
2023-05-04,1207.265380859375,1221.3437315111441,1202.5237460545986,1212.300361876181,197613
2023-05-05,1204.3323974609375,1214.060201820373,1197.6354394843486,1207.265382210695,147489
2023-05-08,1200.763916015625,1216.1620860442115,1198.7108505471713,1206.4344009698834,445652
2023-05-09,1270.666748046875,1275.7506600300203,1201.4483775959172,1204.4791047212482,1740003
2023-05-10,1248.033935546875,1280.736667604431,1244.5631892064432,1280.736667604431,571544
2023-05-11,1248.864990234375,1267.1472149809724,1241.6302703025028,1249.4515633437784,520448
2023-05-12,1226.0364990234375,1257.6638258976238,1222.4190797280744,1248.8648720588021,200541
2023-05-15,1226.720947265625,1244.612203080285,1220.7572351085591,1226.0366318525132,466435
2023-05-16,1217.82421875,1231.8536391044422,1212.3981490308468,1231.8536391044422,313277
2023-05-17,1207.9498291015625,1224.0323145708012,1199.5907747431095,1217.6285833985635,285053
2023-05-18,1193.9202880859375,1216.7487817276485,1189.814157138045,1209.416319789657,180190
2023-05-19,1205.6522216796875,1217.4820223603767,1183.7526975996818,1201.5460907505503,690996
2023-05-22,1199.004150390625,1212.5447390075258,1195.6800772474937,1208.3407465995285,502433
2023-05-23,1214.5001220703125,1216.797602960619,1194.7024746789468,1197.6354594776678,374799
2023-05-24,1231.6092529296875,1233.8089916231518,1207.607611892502,1214.3535010878186,506662
2023-05-25,1232.5869140625,1242.656876703588,1217.3354163294673,1241.63028424301,430034
2023-05-26,1242.119140625,1247.2518643465908,1229.702885264442,1237.7196631493505,268601
2023-05-29,1249.6959228515625,1256.2951385599513,1239.8703761705792,1242.6568071666632,195053
2023-05-30,1246.2252197265625,1258.250505394288,1236.7419497465223,1248.4738891907582,242783
2023-05-31,1269.249267578125,1271.9378371801586,1239.6750019557578,1239.6750019557578,399837
2023-06-01,1304.2005615234375,1316.6657468003668,1269.2491596685177,1269.2491596685177,716301
2023-06-02,1336.8055419921875,1342.3293538062574,1296.4770016830046,1300.289905726382,779360
2023-06-05,1352.10595703125,1359.9272496243448,1329.6197408261025,1339.3474257513826,439351
2023-06-06,1376.254150390625,1389.2570970660634,1341.2050068210199,1352.105957243044,680260
2023-06-07,1413.9429931640625,1419.5645469830379,1372.636793363764,1373.614454897499,1101503
2023-06-08,1382.657958984375,1461.5552047170554,1371.365919430643,1440.535479690954,2801595
2023-06-09,1436.918212890625,1442.002005743157,1379.2851062480802,1393.412269380754,1464086
2023-06-12,1445.521484375,1454.1737649358145,1414.7739580448758,1443.0283997681033,643162
2023-06-13,1562.6943359375,1579.0212370311663,1443.0774622326064,1445.5216162492304,4728989
2023-06-14,1603.1695556640625,1636.6055349855233,1564.3075066702306,1574.0351919514292,4588929
2023-06-15,1592.8551025390625,1613.1415799843198,1574.0351174392454,1598.476656529917,1165402
2023-06-16,1592.072998046875,1623.2604272154026,1588.700113236157,1595.5437444931742,709583
2023-06-19,1555.508544921875,1627.80657289977,1543.727674840082,1598.4767247394138,1151061
2023-06-20,1576.7237548828125,1587.5269633651685,1554.3352802394713,1563.2809078019638,574501
2023-06-21,1577.505859375,1593.5883443149075,1550.9133933116493,1584.789390266543,588578
2023-06-22,1542.35888671875,1587.282507983477,1535.9063441511598,1577.5058921709299,525643
2023-06-23,1525.9830322265625,1554.1885445518355,1520.8014975301037,1545.14517506157,560598
2023-06-26,1555.019287109375,1565.6724796507751,1515.3299027876546,1533.5642286341172,699266
2023-06-27,1551.699462890625,1567.6544524743517,1536.0416991176605,1554.0777532608251,338264
2023-06-28,1568.4967041015625,1577.6634041571238,1546.3479989723296,1558.8345067457008,382823
2023-06-30,1580.2896728515625,1595.303266278615,1498.8298384907275,1573.6995341096056,1373498
2023-07-03,1575.879638671875,1599.1680128675212,1567.0102849730074,1591.4383272064756,464828
2023-07-04,1529.5506591796875,1581.379728272243,1524.1497866725426,1575.8796595223023,336244
2023-07-05,1524.546142578125,1540.9966290217085,1516.8163361791892,1536.0416559380376,445126
2023-07-06,1522.6136474609375,1541.6902940456619,1516.6676796942702,1525.190330269979,449559
2023-07-07,1535.744384765625,1554.0777860777173,1511.3164630374165,1530.6903361656862,1171045
2023-07-10,1518.5010986328125,1543.7218632240551,1513.149703511688,1543.7218632240551,476885
2023-07-11,1623.6456298828125,1634.496972718945,1532.7218723621033,1536.0416801863657,5049950
2023-07-12,1594.6590576171875,1645.00151301387,1590.546405645146,1636.1321593271875,979346
2023-07-13,1570.1319580078125,1603.032932216354,1549.9652409415364,1597.4833863339652,1228718
2023-07-14,1608.8302001953125,1622.258225958024,1570.7265046691925,1584.6004296315703,1311066
2023-07-17,1588.1185302734375,1615.3212851222074,1582.0238889605196,1615.3212851222074,636293
2023-07-18,1587.4246826171875,1627.213140171867,1579.1994999845585,1589.5057470918998,939349
2023-07-19,1603.82568359375,1617.6005327173002,1593.0734163862703,1597.4832939644514,759183
2023-07-20,1589.852783203125,1633.060126233205,1571.023884642083,1586.5824524330592,2075648
2023-07-21,1576.077880859375,1593.5193621212234,1557.4967315809092,1584.6004104675599,920836
2023-07-24,1608.9788818359375,1616.460939795996,1552.393111786289,1573.6994966591935,849258
2023-07-25,1596.7896728515625,1623.0014320514676,1587.5237764168717,1616.5599670486683,379687
2023-07-26,1652.533203125,1678.7449636435376,1599.4653903900057,1599.4653903900057,2952404
2023-07-27,1711.9432373046875,1720.3666917284731,1636.132147490616,1660.1637674643575,1838056
2023-07-28,1755.893798828125,1763.7722786647546,1708.474730304764,1717.3936819130836,1803161
2023-07-31,1779.9749755859375,1787.2587617041956,1739.1955235879475,1763.920790477898,861930
2023-08-01,1746.875732421875,1805.096665214265,1729.3846535249359,1783.7406831803078,872077
2023-08-02,1696.781005859375,1771.8984493604962,1684.9386680789617,1738.452379636829,1812059
2023-08-03,1671.5601806640625,1722.2990569829303,1660.8573903452118,1697.4747142546596,1159578
2023-08-04,1671.1142578125,1694.5511835422828,1667.5465804427117,1684.6908355695637,517698
2023-08-07,1681.6683349609375,1696.5828529385572,1667.844007882939,1678.0513012393799,1115156
2023-08-08,1668.53759765625,1690.636826128282,1662.5421527722308,1690.636826128282,762634
2023-08-09,1675.623291015625,1698.9116654470831,1667.844007155067,1669.2809010188098,767439
2023-08-10,1657.983642578125,1687.862034408829,1639.7493168788299,1677.9520879386716,487096
2023-08-11,1665.2177734375,1708.474712480768,1656.3484200412784,1659.0736552265,1199599
2023-08-14,1690.2900390625,1699.5062166708822,1637.9159963110897,1668.4881568902476,944413
2023-08-16,1687.1683349609375,1707.9792219119977,1668.8349345516704,1692.6684034721268,909587
2023-08-17,1681.07373046875,1706.4431690147646,1677.6052492347355,1693.7089121069453,704525
2023-08-18,1678.7945556640625,1688.654904163224,1661.8980482873983,1684.988272301985,566394
2023-08-21,1688.6549072265625,1704.4117465762274,1676.7629712601783,1685.6819232349665,993633
2023-08-22,1766.10107421875,1770.9073738988654,1690.6368102246583,1695.0962859843364,1977963
2023-08-23,1801.826416015625,1815.4031152412588,1754.1101206127878,1770.7587580741651,2097639
2023-08-24,1813.2227783203125,1841.21837587976,1785.0290302284984,1812.182306568857,1437663
2023-08-25,1800.885009765625,1831.3580949494428,1788.1507528342347,1806.6328270667552,963518
2023-08-28,1781.560546875,1805.5921659887358,1773.9299368231705,1804.0065988187348,800777
2023-08-29,1771.9974365234375,1788.745269613189,1765.6055696824803,1781.8083073487612,522338
2023-08-30,1788.1507568359375,1805.3940878068918,1771.9974957773543,1774.6732538942929,930634
2023-08-31,1772.988525390625,1798.2588892687834,1757.0831336499305,1790.727354032636,3906307
2023-09-01,1835.718505859375,1864.0609285317344,1778.0921430186413,1778.1417411393359,1682163
2023-09-04,1865.94384765625,1870.8492227773922,1814.7589498724676,1838.889645366669,1309335
2023-09-05,1849.1959228515625,1874.9617824411341,1845.975190402866,1872.9301951235482,830866
2023-09-06,1859.10595703125,1872.979882083722,1834.3310908661215,1860.988871054005,707828
2023-09-07,1872.78173828125,1890.8177925259486,1847.263626039351,1863.020344200246,842678
2023-09-08,1868.2725830078125,1887.20055580894,1854.6960052791505,1879.9167696410664,661621
2023-09-11,1915.3448486328125,1939.7232920502324,1888.885340711044,1906.9709924960905,1558699
2023-09-12,1834.1329345703125,1935.2143882068772,1825.3130580489953,1931.3494849030387,1056762
2023-09-13,1894.5836181640625,1901.1736358024564,1820.9030692411907,1840.2770630156845,1063082
2023-09-14,1907.169189453125,1914.4034987316406,1885.9124027603352,1902.6601154414298,894007
2023-09-15,1910.34033203125,1924.2142570848762,1899.7367377001033,1922.5296145739178,615683
2023-09-18,1881.0565185546875,1916.4845772820734,1874.56545521063,1916.4845772820734,355992
2023-09-20,1868.718505859375,1894.7817127442136,1862.0788902962224,1868.07445613343,466556
2023-09-21,1857.76806640625,1892.4528776923148,1853.6554145881264,1860.4933015787265,624059
2023-09-22,1859.10595703125,1892.3042776925222,1849.394161106109,1865.0023267901402,1007396
2023-09-25,1839.93017578125,1869.1645169181459,1835.817523935584,1863.0698758428598,699248
2023-09-26,1859.3536376953125,1881.8987650810916,1841.2679860561707,1842.2589806665346,633338
2023-09-27,1858.7591552734375,1876.9438830613735,1852.763589201541,1870.8988398391723,668492
2023-09-28,1873.177978515625,1901.7186719018312,1859.7995511729075,1861.533791754371,921883
2023-09-29,1915.3448486328125,1921.5385649975544,1871.8897588119873,1882.8401767622374,462039
2023-10-03,1884.6240234375,1915.5430072727006,1877.6870610796389,1915.3448567365995,731565
2023-10-04,1847.1644287109375,1880.7096943763088,1838.2950749855365,1877.9844590899422,1085861
2023-10-05,1833.637451171875,1871.9888957779626,1829.3761257840756,1856.1825794825943,370323
2023-10-06,1821.25,1847.7095085318365,1804.6012416392996,1847.7095085318365,991191
2023-10-09,1790.97509765625,1818.6733499896495,1782.7993917186852,1818.6238728393112,775466
2023-10-10,1813.3714599609375,1825.8579678323968,1791.6191766952732,1791.6191766952732,721590
2023-10-11,1816.8895263671875,1832.7949171367493,1808.565147521378,1822.9345692414108,600920
2023-10-12,1799.4481201171875,1828.335517167272,1794.4931469050255,1828.335517167272,598411
2023-10-13,1792.85791015625,1816.6912577750509,1786.2677718522996,1798.6552043894167,345109
2023-10-16,1780.7677001953125,1803.610174140834,1775.0200040911025,1798.6056030164857,410841
2023-10-17,1771.501953125,1794.146155928862,1767.0920754678336,1788.4975350004668,520373
2023-10-18,1770.0155029296875,1793.7002990281874,1756.3893266249154,1781.709288074193,535166
2023-10-19,1760.9478759765625,1771.7993398598876,1742.515399879151,1771.7993398598876,485800
2023-10-20,1694.8485107421875,1739.1459208716428,1678.5466979981827,1724.3306000242108,1602892
2023-10-23,1600.60498046875,1677.7538872382165,1588.2670248996533,1677.7538872382165,1479531
2023-10-25,1570.42919921875,1600.4563859945515,1545.1588352293622,1597.4834019958,1740515
2023-10-26,1545.2083740234375,1557.4967316073428,1529.501133360646,1552.8885823920002,1002839
2023-10-27,1593.4697265625,1599.713040961786,1551.20390344028,1557.8435189047098,2036119
2023-10-30,1632.86181640625,1641.9294415368338,1586.582415206804,1602.28965602261,919616
2023-10-31,1648.2718505859375,1663.483594259758,1621.2672463902563,1642.6727066227195,1467544
2023-11-01,1656.59619140625,1671.8079347271978,1640.1457048023092,1649.213208856998,463534
2023-11-02,1699.4071044921875,1701.5377671251335,1663.1367254966542,1669.7763410801367,896355
2023-11-03,1688.2584228515625,1707.5333409349048,1678.794496743588,1699.5061876770628,434636
2023-11-06,1722.1505126953125,1728.8892035821923,1690.4386846035752,1697.5241994160037,737712
2023-11-07,1693.60986328125,1721.109964923178,1689.6954827872964,1721.109964923178,627049
2023-11-08,1700.99267578125,1720.019845164853,1692.6188195879743,1699.3576314267339,264051
2023-11-09,1691.7764892578125,1709.911618216167,1687.0692648141185,1701.4386868001316,277248
2023-11-10,1693.3125,1702.3801251877992,1675.7719431876878,1691.3305107117828,244826
2023-11-13,1691.7269287109375,1699.6548858448143,1663.5826566914695,1692.6684462032008,315877
2023-11-15,1669.13232421875,1718.3847095468795,1666.4070889527443,1695.8395814371959,986584
2023-11-16,1691.281005859375,1699.1098876138028,1673.3440272890177,1673.839524602956,523556
2023-11-17,1690.3890380859375,1706.2945497962153,1685.6818137383436,1692.6187759347977,737076
2023-11-20,1707.4342041015625,1713.3306949216878,1676.7629677083116,1698.2180263297541,900511
2023-11-21,1691.9251708984375,1718.3846789857603,1689.5467596052906,1714.4207004875234,660536
2023-11-22,1689.8935546875,1713.7765005375525,1676.762876136197,1694.5017038072558,862890
2023-11-23,1702.0828857421875,1705.2540201895215,1688.45670949485,1702.528784940054,632911
2023-11-24,1708.22705078125,1753.366906080806,1699.6549227499113,1707.4342066622369,2258443
2023-11-28,1668.3394775390625,1712.438739048114,1665.1683430773837,1712.438739048114,1494681
2023-11-29,1697.77197265625,1704.1143625606383,1667.9430581197498,1676.7629346296785,1374620
2023-11-30,1690.19091796875,1721.0603035216366,1670.7673266923425,1709.4657148873314,17650692
2023-12-01,1644.9024658203125,1718.3351460934236,1634.1997960514175,1718.2856689429316,1666654
2023-12-04,1647.8753662109375,1684.6908402373883,1641.9789966585154,1684.6908402373883,619259
2023-12-05,1663.6322021484375,1666.5061107126971,1637.4204430927202,1663.6818002673642,621734
2023-12-06,1653.92041015625,1669.7268468083603,1644.159137417254,1667.5961841972644,593405
2023-12-07,1691.281005859375,1700.1008822416793,1650.204205951286,1659.569177767332,893846
2023-12-08,1679.5872802734375,1704.5108202403435,1661.8980497343348,1699.5558469256914,843230
2023-12-11,1691.677490234375,1694.9972981658739,1679.7359561400713,1679.7359561400713,327107
2023-12-12,1722.64599609375,1729.236013539011,1685.7314465039071,1694.5017246954774,1332079
2023-12-13,1704.3126220703125,1736.2226009365584,1700.2990454091896,1736.2226009365584,500422
2023-12-14,1733.893798828125,1741.7226806907827,1705.6008534227124,1714.4207299269463,660902
2023-12-15,1797.0201416015625,1803.6102802814116,1737.2632362166137,1747.1235846901807,1919310
2023-12-18,1792.3624267578125,1825.4120728289975,1783.7902991814308,1823.4300836076848,876824
2023-12-19,1775.7137451171875,1801.281455557798,1766.2002206408072,1795.6823115730915,665516
2023-12-20,1689.2493896484375,1785.8218870691155,1681.8665281851934,1783.7902997282386,935231
2023-12-21,1713.380126953125,1724.6280128447986,1672.8485431310446,1689.943200596351,511339
2023-12-22,1714.5693359375,1740.1865222213262,1703.2223751547542,1718.6323896140862,386580
2023-12-26,1720.1685791015625,1730.425349637672,1705.799156532522,1712.4387723656673,234496
2023-12-27,1716.3531494140625,1734.9342992502566,1702.0333249953799,1729.2856780884647,310986
2023-12-28,1791.1732177734375,1813.5201953449232,1710.9026517499738,1729.236052631876,1412545
2023-12-29,1754.3577880859375,1793.3038032681745,1747.2721525044897,1781.2631946886545,1065841
2024-01-01,1750.9388427734375,1767.9344249202106,1740.186575201732,1767.9344249202106,381834
2024-01-02,1724.0828857421875,1755.9433868880296,1719.3756613092085,1754.0604729206334,400171
2024-01-03,1734.2406005859375,1741.6730603027345,1715.0152805909515,1733.2496059570312,238662
2024-01-04,1750.492919921875,1757.875781448078,1728.7901135625684,1734.2405839693292,572327
2024-01-05,1742.614501953125,1778.2408323677969,1723.3397043100065,1752.0785492927496,901783
2024-01-08,1703.8665771484375,1747.5694157333126,1698.6638553890232,1744.150532679821,280952
2024-01-09,1713.578369140625,1732.208995389803,1707.7314766960176,1719.3756634658876,340843
2024-01-10,1702.9251708984375,1721.4072446655202,1682.7088565548113,1702.6278241254781,501923
2024-01-11,1700.8441162109375,1726.461302966574,1683.3530369581372,1703.3216027631465,1474994
2024-01-12,1728.592041015625,1759.0155288157453,1700.8441904202218,1709.7631423973157,1688219
2024-01-15,1737.213623046875,1754.060532112361,1714.5198213468093,1739.0965370778113,1967685
2024-01-16,1716.055908203125,1748.1145609053412,1701.438737129795,1734.1910376979283,555077
2024-01-17,1682.21337890625,1724.330650543078,1673.2944272655097,1699.5557848743556,941316
2024-01-18,1753.6640625,1785.7227143933617,1675.5737587085728,1681.717876989187,4604722
2024-01-19,1722.1009521484375,1788.6462670557878,1702.826154604299,1783.8399671999744,3493574
2024-01-23,1688.75390625,1741.9703898794148,1676.9610460882548,1724.3306372706509,868651
2024-01-24,1713.0828857421875,1715.5603723090865,1675.5737633135413,1693.9071639085942,420843
2024-01-25,1701.141357421875,1715.9567997208826,1688.159351964926,1713.0828911000865,365596
2024-01-29,1698.0693359375,1711.299090345434,1691.1819714955836,1697.6729138825565,436769
2024-01-30,1688.3079833984375,1713.3800743282054,1684.789904161454,1701.3395866514484,327585
2024-01-31,1721.4072265625,1726.1144509350436,1686.4746667452025,1695.0962714180844,454051
2024-02-01,1688.9521484375,1727.947761828775,1676.7628664454985,1727.947761828775,401889
2024-02-02,1683.402587890625,1709.4657959506314,1681.2720461391614,1694.6008759858435,376792
2024-02-05,1667.99267578125,1696.88019413448,1661.699883923661,1689.6458847731403,410131
2024-02-06,1689.6954345703125,1692.7178955954253,1656.4971146165904,1667.992628078003,498733
2024-02-07,1678.744873046875,1699.555759902828,1667.1502844726815,1699.555759902828,167847
2024-02-08,1744.0018310546875,1756.8352837693983,1685.0872501880192,1685.0872501880192,2131671
2024-02-09,1744.992919921875,1759.065116652743,1702.5288230067447,1755.0019417767778,808998
2024-02-12,1709.36669921875,1766.398368851719,1697.5242405461904,1752.722715238417,368071
2024-02-13,1730.375732421875,1734.6865349508128,1689.6458765422467,1710.4071660503523,373890
2024-02-14,1736.916259765625,1743.1595743954745,1706.492772660038,1706.492772660038,256106
2024-02-15,1738.7000732421875,1751.0379079611391,1722.3486618950824,1743.109950944361,243156
2024-02-16,1796.029052734375,1812.5291371436927,1732.308172053817,1739.1459380688486,1911155
2024-02-19,1799.1507568359375,1822.3895325994433,1792.411944940789,1811.538189752737,1179354
2024-02-20,1805.443603515625,1826.2544914492673,1797.2184203911356,1802.6192929188362,894471
2024-02-21,1779.1326904296875,1821.448112333242,1770.4118893815762,1813.5201553698764,606897
2024-02-22,1805.5921630859375,1818.4750928993938,1747.767652309744,1784.236181045223,455473
2024-02-23,1808.1192626953125,1832.0516857318803,1802.1732950398132,1813.520134927316,545762
2024-02-26,1853.5068359375,1872.9799051775994,1797.069738505877,1811.5382363305037,1275655
2024-02-27,1892.30419921875,1897.7546695490475,1853.110314182475,1853.5067362188825,1603806
2024-02-28,1895.72314453125,1914.6016407751292,1884.6736510934518,1894.7321498931676,1194566
2024-02-29,1905.880859375,1919.5566339110474,1870.9482980196235,1893.790773053181,1710716
2024-03-01,1888.389892578125,1932.1422093412145,1884.0294919495914,1910.7863473420618,526663
2024-03-04,1966.678466796875,1995.8632106395144,1907.6646874285327,1907.6646874285327,2194110
2024-03-05,1976.39013671875,1988.827167843118,1948.5928096405191,1967.1243610260065,883772
2024-03-06,1973.9622802734375,1985.9036933004172,1922.6287086836087,1980.0569216044908,935010
2024-03-07,1993.3857421875,2020.043522516353,1959.2460248198286,1972.0793571728188,1245000
2024-03-11,1936.9486083984375,2015.5840083360254,1929.0206513341104,1980.601849401273,820370
2024-03-12,1969.75048828125,1988.2325622101782,1926.8403726803188,1948.2954304807845,947277
2024-03-13,1868.6195068359375,1979.0163361620682,1844.241062392393,1972.128971662985,702854
2024-03-14,1912.669189453125,1919.2097296645202,1799.596608027991,1853.159914919831,814168
2024-03-15,1917.4259033203125,1936.9980469326915,1879.4708822141097,1912.6196036400845,718014
2024-03-18,1944.9755859375,1955.182757787647,1885.466311511497,1915.0970743988582,712910
2024-03-19,1893.0474853515625,1948.2458376615339,1887.3988643686835,1941.4080715152143,587021
2024-03-20,1871.295166015625,1921.5385442351176,1835.9165859398745,1901.916802615221,643347
2024-03-21,1891.015869140625,1902.0160061043057,1858.7590671212204,1891.808713218177,440321
2024-03-22,1905.3358154296875,1915.0474900470886,1883.1375119211643,1912.6196016354938,478386
2024-03-26,1930.0611572265625,1939.5746816776843,1894.831369981951,1905.3358890836278,469695
2024-03-27,1955.381103515625,1978.4217289593182,1916.434965667553,1931.0521366479604,568678
2024-03-28,1992.295654296875,1999.5298426074896,1940.0206868834669,1955.3811038485442,792545
2024-04-01,2018.210205078125,2032.232682614313,1994.3767353308535,2002.8001898651703,649428
2024-04-02,2055.17431640625,2064.2418205213025,2019.5974639166257,2025.4443564454805,581309
2024-04-03,2035.6021728515625,2065.8768653424604,2030.6965558635384,2050.3182979894877,724183
2024-04-04,2039.02099609375,2060.7732792657566,2032.9262341131919,2038.475900673076,513272
2024-04-05,2043.2327880859375,2046.5524749499962,2008.7461263783532,2040.457954717824,768390
2024-04-08,2029.8048095703125,2054.4311236144713,2020.7867823708455,2045.3633773226334,214289
2024-04-09,1994.525390625,2040.0616670122981,1985.3090920650216,2036.493989523903,488171
2024-04-10,1952.8045654296875,2001.8092027217674,1951.3180734474684,2001.8092027217674,365580
2024-04-12,1927.930419921875,1966.2819839967435,1919.7052372232035,1957.214359100882,601527
2024-04-15,1892.0069580078125,1952.1604065008896,1887.2997333690205,1922.430566676939,574096
2024-04-16,1866.7861328125,1897.7547149759457,1853.159956660584,1882.0969514456979,520016
2024-04-18,1837.403076171875,1906.9709701479933,1820.8039165088946,1836.3130062986595,2078642
2024-04-19,1739.3936767578125,1833.2409381344924,1725.4206770660994,1833.2409381344924,2968937
2024-04-22,1707.4342041015625,1757.2812839768105,1695.5918662818683,1746.1325940319414,1774498
2024-04-23,1729.236083984375,1747.0739878685608,1714.4703603237324,1719.3757355034722,821183
2024-04-24,1730.375732421875,1741.1280001693024,1724.3306892571902,1738.2542124640281,476505
2024-04-25,1727.7000732421875,1736.4703515798597,1705.5513673135163,1730.3757103719772,519313
2024-04-26,1740.8306884765625,1748.9567958090522,1722.39821310873,1739.1955231921777,316817
2024-04-29,1718.136962890625,1752.0785294250181,1699.8531601094135,1740.8307644173149,510632
2024-04-30,1714.2720947265625,1742.1686187026103,1709.4657948020495,1720.8126353124692,469868
2024-05-02,1727.997314453125,1734.3893024973038,1712.636897452469,1715.4117308474495,302126
2024-05-03,1706.2449951171875,1742.6640475757656,1696.7809480626715,1742.6640475757656,343210
2024-05-06,1708.97021484375,1716.3530763426047,1691.7268843356685,1715.064855924756,264859
2024-05-07,1704.362060546875,1717.3936638987648,1696.5827770309781,1712.2405403008645,442393
2024-05-08,1741.0289306640625,1757.5290158187313,1691.6774695631304,1702.5288126171865,697275
2024-05-09,1710.5557861328125,1756.0424632984614,1704.6098184241268,1749.1055009716615,345276
2024-05-10,1726.3623046875,1733.1505939490785,1699.0603532761904,1709.4657972595091,207663
2024-05-13,1727.5018310546875,1732.853226376126,1696.5828462635293,1724.3306965528861,179448
2024-05-14,1754.2586669921875,1761.195629486631,1716.8486192542948,1732.2090362062772,360123
2024-05-15,1752.9207763671875,1765.6550328000653,1736.2225415289925,1763.920792247739,259897
2024-05-16,1789.191162109375,1796.6732197692993,1754.70462242063,1759.0154247603455,682620
2024-05-17,1785.8218994140625,1794.0470821592771,1774.6236118443933,1778.0920930067305,300442
2024-05-21,1804.502197265625,1813.8670483969706,1784.2858820446431,1795.6823206136592,421584
2024-05-22,1801.4300537109375,1813.5201395864383,1778.43890613466,1813.173315666514,265165
2024-05-23,1818.0787353515625,1828.385103762096,1805.0967298117387,1818.4751574002416,286711
2024-05-24,1821.9932861328125,1828.385153321052,1809.8040033889274,1820.4571960166788,194443
2024-05-27,1802.123779296875,1825.8085757347953,1790.6777426484264,1823.4301643696729,264144
2024-05-28,1783.5426025390625,1811.6372763762408,1765.0605283171572,1807.5246244278826,373270
2024-05-29,1774.3262939453125,1792.5111422548887,1768.925421578762,1768.925421578762,205857
2024-05-30,1746.826171875,1780.2722403687255,1740.236154415277,1769.321822377838,283686
2024-05-31,1762.2857666015625,1767.9343875005713,1745.7856821204273,1753.0694683231563,592937
2024-06-03,1759.26318359375,1804.997609096419,1753.119065392506,1788.695675159001,1016552
2024-06-04,1653.226806640625,1755.4974050049873,1571.2715983773464,1755.4974050049873,889190
2024-06-05,1732.555908203125,1739.889171468995,1640.7402342852845,1654.9609826062901,660369
2024-06-06,1774.970458984375,1782.7993407616912,1732.258614592238,1732.5559613698797,375930
