Price,Close,High,Low,Open,Volume
Ticker,UNIONBANK.NS,UNIONBANK.NS,UNIONBANK.NS,UNIONBANK.NS,UNIONBANK.NS
Date,,,,,
2014-06-02,183.6148681640625,184.95696463711056,173.2136652950718,174.38799010960346,6256048
2014-06-03,181.6856231689453,186.67652285930853,179.58860541676074,185.12472460301967,5348021
2014-06-04,194.30966186523438,195.69370127591097,179.08531794205732,180.25964277610342,8772049
2014-06-05,196.99386596679688,201.5653624132064,190.61892645309345,195.6098264780576,8663256
2014-06-06,212.0084991455078,213.8119293301395,198.71340120108255,198.797287032583,10893976
2014-06-09,213.47640991210938,217.7962614173776,211.46327796384824,213.89581346792883,7076062
2014-06-10,205.2980194091797,214.3571378407996,199.84577374560595,213.47638790454027,6995524
2014-06-11,203.45266723632812,211.75685251161465,200.64265829613942,204.6689349868647,7098414
2014-06-12,200.22325134277344,204.66893151335037,195.86145700150536,202.15251022425178,4987274
2014-06-13,192.08682250976562,203.8301217025024,189.98980479677692,201.56534513231065,4960404
2014-06-16,190.3672637939453,194.60324209771878,181.22427176333667,192.8417421142311,7054883
2014-06-17,198.46177673339844,199.5941587059544,187.13788021275053,189.57041582714308,5371316
2014-06-18,194.09996032714844,201.48146546231746,189.61234996369888,197.95847815665383,6089442
2014-06-19,194.2686767578125,198.1911611226907,192.32851808007464,195.28092954183018,3722401
2014-06-20,185.58013916015625,194.73261935369703,184.48352667263876,192.37068773554213,3845220
2014-06-23,190.8944854736328,192.3285112728601,185.20054928463367,186.0440953867076,4036672
2014-06-24,195.44964599609375,197.30544500511348,191.14756823038798,191.18973524190525,3584640
2014-06-25,193.34075927734375,196.46187720414085,192.41286631072393,196.2088236769211,2268559
2014-06-26,191.8223876953125,197.38979738555338,191.0632013155036,193.59383974352352,2826598
2014-06-27,191.31625366210938,195.28091766679123,189.29173534569253,193.172052465206,2636315
2014-06-30,203.16807556152344,204.64428118005208,192.201976681025,192.328503442588,6482123
2014-07-01,197.85374450683594,205.74089298547213,197.1789050382888,205.150413277303,4698322
2014-07-02,196.63059997558594,202.28235624015855,195.32310095348905,200.0891312436417,3587398
2014-07-03,194.60609436035156,200.7639838337526,193.97343474743008,197.81157230678568,5028155
2014-07-04,192.32850646972656,196.54623687476442,189.8822279834013,196.08228395591192,4214469
2014-07-07,188.32167053222656,193.5938337610123,187.56248417587832,192.83464740466405,3094050
2014-07-08,172.71607971191406,189.58700324909736,169.67930832662378,188.5325705280234,6162341
2014-07-09,170.1432647705078,178.32566027873082,166.17860023265683,172.92696978525203,8199274
2014-07-10,167.4017333984375,179.42226621582975,159.26151807771294,168.70923252480333,10114018
2014-07-11,157.4478759765625,168.49833514465888,156.14038980580017,165.8411700519257,5894770
2014-07-14,160.69554138183594,162.46699344330366,153.06144615921394,155.92951078866204,4964725
2014-07-15,166.85342407226562,167.52826353836576,161.45472121495678,162.38262708978098,4471106
2014-07-16,171.1133270263672,172.92694594499855,167.35953668305072,168.70921555609615,3876707
2014-07-17,171.02899169921875,172.25213111241138,168.5827128728335,171.23987824878623,3031342
2014-07-18,168.62486267089844,169.80583495080873,165.33503798209645,167.86567631855712,3400899
2014-07-21,166.93777465820312,173.09566400657764,166.00988163432007,168.9622931013428,3086018
2014-07-22,166.30511474609375,169.72147915439427,162.97311009957548,167.78132047683536,3049083
2014-07-23,165.5037384033203,169.97453520382345,163.64793960070347,167.78131024614515,3960760
2014-07-24,167.48609924316406,169.00448496530439,164.1962613666111,165.7568269727124,3211249
2014-07-25,162.5513458251953,168.0343959787849,160.3581334866554,165.84118364024496,3072358
2014-07-28,162.0452117919922,164.82890363911505,161.28601257519244,161.41255221373845,1879314
2014-07-30,163.2261962890625,163.73232917809133,158.5866920017765,161.9608769379845,2459961
2014-07-31,161.3282012939453,164.06972628325417,160.6955416810279,161.62344759523722,2727889
2014-08-01,165.92550659179688,173.6861277304019,156.5621530958627,159.72545080492654,17921049
2014-08-04,169.80584716796875,171.07116642723602,166.17859605043722,167.86568839612693,5191241
2014-08-05,172.96913146972656,173.51743128958634,167.86567495825506,170.73372656773898,7094535
2014-08-06,170.6915740966797,176.00590471558556,169.97455469749744,171.15551419692247,5996010
2014-08-07,170.1432647705078,172.92696978525203,168.8357655953938,171.2398773971032,3352659
2014-08-08,162.97311401367188,168.0765708082459,162.04522096924472,167.06431800001047,4012401
2014-08-11,165.84117126464844,166.55817773910124,163.64794621828077,165.2506786872856,2121985
2014-08-12,169.08880615234375,171.4507377086056,164.7023691887097,167.8656669324109,2015655
2014-08-13,160.18939208984375,168.70921246807828,158.6710194748242,167.8656664057379,4778106
2014-08-14,162.0452117919922,164.0697172938074,157.27916857958533,160.4424664708541,3872973
2014-08-18,168.3296356201172,168.8779354651547,160.73772032363829,160.73772032363829,2932171
2014-08-19,170.1854248046875,172.29429004390298,168.2874460893936,169.89017852260056,4451753
2014-08-20,166.93777465820312,171.02897855396023,165.92552187237956,169.55277282044884,2249938
2014-08-21,179.59097290039062,181.362424990758,166.64254702510902,167.78132662192266,11070027
2014-08-22,186.12843322753906,188.3216581349299,180.68756370790544,181.3624031310635,8478072
2014-08-25,177.9882354736328,189.58699489430794,176.38550295682748,187.2672430101729,5260797
2014-08-26,171.95687866210938,177.1025021799913,168.49833448282624,176.9759754128313,6235672
2014-08-27,176.17462158203125,178.07260045191504,172.252124194709,173.13785024162001,4577668
2014-08-28,176.21676635742188,179.50660370632662,170.64937009783839,177.73515183603243,4845163
2014-09-01,183.42909240722656,184.0617519668317,176.7229036497101,177.27120345277126,4600216
2014-09-02,182.92298889160156,185.58015413170844,181.0671770530902,184.7366079765643,3272234
2014-09-03,182.3746795654297,183.97742501295775,179.46444785026455,183.47129216184507,4266828
2014-09-04,178.36782836914062,181.91071957570023,176.13243625124386,181.02500642767976,2919021
2014-09-05,175.87937927246094,181.8685623243411,173.601807151145,178.41001782314385,3696886
2014-09-08,176.80728149414062,178.32565429533352,174.61405631453954,177.1446948118517,2993036
2014-09-09,173.6439666748047,177.14467777752577,172.75824071161873,176.6385449781361,2665265
2014-09-10,170.98681640625,172.5895619488949,169.25754407906456,172.42084240751578,3581660
2014-09-11,177.22903442382812,177.90386098251392,171.23985217930507,171.23985217930507,6499115
2014-09-12,181.02500915527344,181.57330900483262,174.69841302270086,177.43993801348233,4453705
2014-09-15,185.95974731445312,188.36385900504592,177.52428576359117,179.67533103335953,5788809
2014-09-16,177.22903442382812,190.05093211123148,175.45758252854904,186.84545447150774,6863237
2014-09-17,179.50662231445312,180.94064818732687,174.82493863320977,180.1392819234997,3947507
2014-09-18,187.2250518798828,188.32166436988487,176.25895272284583,178.74741111110586,4081693
2014-09-19,182.33250427246094,189.79789322108778,180.7719515399836,188.78564036487398,3798838
2014-09-22,184.1039581298828,186.21282362965238,178.8317943804589,178.8317943804589,2425237
2014-09-23,176.46983337402344,184.39917406973962,175.96371346035522,184.39917406973962,2808735
2014-09-24,173.13784790039062,177.90387851616478,169.76366328844634,177.14469212707445,4377592
2014-09-25,160.4424591064453,172.92694345190557,157.74311427076265,172.67387705792154,7038818
2014-09-26,169.6371307373047,171.9147026985085,153.86280791644677,159.00844442303037,7828567
2014-09-29,163.94320678710938,171.23987616474372,163.14182761131121,170.5650366400421,4053336
2014-09-30,159.26150512695312,167.7813129537498,157.8274793414024,162.38262310056166,5198116
2014-10-01,160.86424255371094,163.14181450403558,156.35127853337167,159.3458569629971,4334825
2014-10-07,159.6833038330078,163.01530886553363,158.79757771765438,160.27378361941211,2664611
2014-10-08,164.7867431640625,166.09422938042857,158.6710336651522,159.34586027818273,3915455
2014-10-09,171.74600219726562,172.9269616649167,165.58811269538708,165.58811269538708,4254788
2014-10-10,169.51058959960938,174.15009324209007,166.6847178311756,168.79358312321227,3587202
2014-10-13,174.57186889648438,175.7106613197156,167.35954691616902,167.5282664392347,3195784
2014-10-14,179.16920471191406,180.39235697849543,173.89704105076436,176.72292592173793,5241326
2014-10-15,179.16920471191406,179.16920471191406,179.16920471191406,179.16920471191406,0
2014-10-16,176.04808044433594,181.61549023080076,173.85486815837467,178.74742557324592,3568905
2014-10-17,183.5134735107422,185.58015907155863,176.04808469040267,177.14469729557868,4654479
2014-10-20,187.8155517578125,190.38837018014414,185.83322595845348,187.26725188961586,4172497
2014-10-21,185.3692626953125,191.14755885397955,183.51346377732574,189.20740017411006,4263342
2014-10-22,186.80328369140625,189.16521537631192,183.13386583175102,187.4781231544496,2764889
2014-10-27,192.32850646972656,193.17205255073415,185.66449757836344,187.77336278088237,4098994
2014-10-28,195.66053771972656,196.84151011781833,193.1720790141487,193.1720790141487,3869190
2014-10-29,190.1352996826172,197.22109516319796,188.19515380806445,196.9680287404106,4070787
2014-10-30,189.1652069091797,191.2740720921137,186.6345686896589,189.7978664640599,4682953
2014-10-31,190.30401611328125,196.67277923268,184.14612665936306,191.4849755717345,11429084
2014-11-03,190.30401611328125,193.08770810413432,188.70127070938872,191.06320249778796,5088594
2014-11-05,186.46588134765625,191.78022473295755,185.66451506950204,190.7257920323618,2614886
2014-11-07,180.98281860351562,187.0985278377819,180.30797914819473,187.0985278377819,4260087
2014-11-10,178.78961181640625,182.5855696590964,177.35558587235533,181.8263832391557,2497362
2014-11-11,184.73660278320312,185.32708250090573,177.14468760033176,178.410006797477,6029224
2014-11-12,186.2550048828125,188.8278233857388,184.01959971373174,185.83323177975882,4514959
2014-11-13,181.5311279296875,188.11079043861008,180.30798859306233,187.26724429314544,2937142
2014-11-14,182.96514892578125,185.49578729472148,179.97057048639587,180.51887031773597,3322284
2014-11-17,186.38153076171875,187.68902994914635,180.68759389809296,181.1093669991023,4077683
2014-11-18,188.49038696289062,190.5570724815261,186.76111475981048,187.68902068482703,3776010
2014-11-19,183.3025665283203,188.954322713764,182.37466068782567,187.77336334539967,2720297
2014-11-20,178.57872009277344,184.1461299159227,176.55421445062441,181.53113166261164,3113307
2014-11-21,178.45220947265625,182.6277607822944,177.18689011388744,177.18689011388744,3628066
2014-11-24,179.33790588378906,181.78418442348982,178.62088655069127,178.87395295481355,3441602
2014-11-25,172.29429626464844,180.51887099453987,170.8180905438987,180.51887099453987,3678562
2014-11-26,171.74600219726562,174.1922808966112,168.79359065664508,170.64938962216513,3221183
2014-11-27,172.54736328125,174.5718688424877,170.43849795850556,170.43849795850556,2585655
2014-11-28,181.5732879638672,183.85085973336658,173.053467677361,173.053467677361,6959420
2014-12-01,183.42909240722656,185.62231736245448,179.5487881645432,182.03724652469185,5340488
2014-12-02,184.94749450683594,186.00192720071757,178.4100118047699,181.6154897684686,7345020
2014-12-03,187.52029418945312,195.53398186531444,185.28488937802845,185.3270692558839,8294936
2014-12-04,190.9366912841797,192.45506417692965,183.09170889516517,187.64685331640263,5266467
2014-12-05,192.24415588378906,195.91358665981417,190.00876381107918,190.85230993232705,4887982
2014-12-08,192.58160400390625,195.28094932524806,188.19516624778907,191.9489443408655,6643364
2014-12-09,183.3025665283203,194.85914529856913,181.74200112516797,192.24414729098729,5133747
2014-12-10,188.9121551513672,190.43054077503476,182.6277389935549,183.89305820136246,4933904
2014-12-11,186.33934020996094,191.1475635834059,183.5134683178672,188.65909213271348,4875600
2014-12-12,181.61549377441406,188.9965227943909,180.98283414413035,187.77338341680763,3057485
2014-12-15,178.41000366210938,183.80869365978907,177.18686436732955,180.51886895362367,5229258
2014-12-16,177.3555908203125,180.4345293411283,172.083427002824,177.14470426761295,7262598
2014-12-17,181.10935974121094,184.94749738088248,173.011324249254,177.4399416323766,6453923
2014-12-18,187.39378356933594,188.6169358590629,183.3025922137627,185.49580461540685,3534424
2014-12-19,186.42369079589844,190.6414213568916,185.66450444351656,189.797875244693,2722221
2014-12-22,192.62376403808594,193.5516570586914,185.15837563495873,187.2672409610972,3010685
2014-12-23,188.49038696289062,194.43738996787698,187.73120056714467,193.08771096266983,3392112
2014-12-24,192.53939819335938,194.0156038750171,186.50804869975457,188.53255420028836,3609785
2014-12-26,203.21026611328125,204.0538122787519,192.87682558626585,193.42513831671758,8689922
2014-12-29,199.24557495117188,205.6565300963542,198.57073553512774,204.81298404417186,3615837
2014-12-30,203.71640014648438,204.81301274227545,197.55851052842038,199.9204423797797,3195567
2014-12-31,201.94493103027344,205.36129530684596,201.05921792317375,203.71638298745683,2210216
2015-01-01,203.42115783691406,205.74090985105528,200.84835226387938,201.9449520097333,1576572
2015-01-02,202.7041473388672,206.45792522317169,201.64971462577643,204.72865299940423,2628007
2015-01-05,200.46875,204.09600124730088,199.37215023326397,203.12592826242098,2628212
2015-01-06,189.84007263183594,198.90819417424217,188.9543465580464,198.90819417424217,3287825
2015-01-07,185.1583709716797,190.21964762694202,183.47127875325893,189.03868822264434,4234400
2015-01-08,193.42514038085938,194.56391999350146,187.01418430627058,188.23732368495718,3828465
2015-01-09,194.35301208496094,195.61833120757524,191.23189415681065,193.4672989963243,3521466
2015-01-12,199.0347137451172,200.3000329842743,191.4849781924449,193.76255024862917,3086735
2015-01-13,196.29319763183594,202.02931435053392,195.3231246530717,200.9748816034017,2094435
2015-01-14,190.09312438964844,197.30543346015364,189.207398384229,196.75713362758046,3091672
2015-01-15,201.860595703125,203.29462157980433,195.36529294064144,198.3598714675481,5358728
2015-01-16,199.41432189941406,203.71641278381898,198.95038177412013,202.451093449758,2627583
2015-01-19,200.5952911376953,203.21027666352296,199.24561205427264,200.25786493109283,2096119
2015-01-20,202.8728485107422,205.69873325397955,200.76398314160764,200.76398314160764,3271470
2015-01-21,208.65115356445312,209.62122652654205,202.91503694435775,203.5476965817618,4245366
2015-01-22,208.1028289794922,211.09742033375,206.66880312395105,209.7899212498918,3033489
2015-01-23,212.06748962402344,213.83894162632959,202.70413540588427,210.88653020348087,4279249
2015-01-27,200.8905029296875,213.83894099452067,195.87140609997255,212.1518487578775,9325874
2015-01-28,191.10537719726562,199.49865856690235,190.43053772295224,199.07688550439303,7240728
2015-01-29,182.16378784179688,190.64142919211653,181.06717527657023,189.79788304524877,6874912
2015-01-30,176.42767333984375,185.1162013190237,173.7283282155384,182.88080915471448,7105107
2015-02-02,176.68072509765625,180.09708931946676,173.77049367592576,174.78274640459395,4872273
2015-02-03,172.92694091796875,180.68756203364762,171.66162183808117,177.77733072420446,5431579
2015-02-04,169.13101196289062,174.44535556145968,168.0343993359647,173.7705160316981,5759202
2015-02-05,163.0996551513672,170.7759174829075,161.792156029335,169.38407146778823,4977043
2015-02-06,160.4424591064453,165.79898177172288,159.47238627957998,162.17173111526267,4863939
2015-02-09,149.77162170410156,160.2737687111381,148.5484823592888,159.43022256002686,6584076
2015-02-10,152.17572021484375,155.38119815710834,145.08993770793694,148.21105588665796,5890962
2015-02-11,151.58523559570312,154.79071343458705,149.51855017046626,153.14580107047982,6116861
2015-02-12,150.48861694335938,153.94716105258962,148.88588452483324,153.0614350859339,4025448
2015-02-13,153.14581298828125,156.14040452963934,149.81380812035886,151.29001394919098,7227902
2015-02-16,151.24781799316406,155.3390088468528,150.0246787249786,154.74852915236588,4316287
2015-02-18,150.404296875,152.68186914429003,149.85598409716548,151.8383229059238,2523664
2015-02-19,148.6328125,151.58522369614101,146.0178274491699,151.24781042232144,3652190
2015-02-20,151.71177673339844,154.62200830960072,147.3253265571888,149.7294381779386,4927121
2015-02-23,150.0668487548828,152.6818468607635,148.92806922218682,152.6818468607635,2774892
2015-02-24,150.27774047851562,151.79612611275692,147.19880220000655,150.19339358696996,4261543
2015-02-25,147.40968322753906,152.42878002493651,147.07226993097993,150.99475420732185,2628828
2015-02-26,140.5769805908203,147.74712387785934,139.60690752999523,147.28318372707014,5886913
2015-02-27,147.9158172607422,148.63282373970208,141.37833483206168,141.96881454164404,4867104
2015-03-02,144.2463836669922,147.45186143389043,142.72799810672544,146.60831533057467,4165907
2015-03-03,146.65049743652344,147.578390441363,142.17970044677483,144.66815891503825,4175711
2015-03-04,143.44503784179688,154.3689588588777,142.30624529178138,152.38662008558964,5947712
2015-03-05,144.6259765625,145.30081601815996,141.37833179384273,144.07767674499055,2967285
2015-03-09,143.0654296875,144.92122861075802,140.70349793449319,143.40284299300419,3382807
2015-03-10,144.20420837402344,145.3851806791222,142.17970281027195,143.40284212468399,2645679
2015-03-11,143.31846618652344,145.9334640434122,141.84226062539065,144.37289873018972,2897295
2015-03-12,144.20420837402344,145.46952756924125,143.4872018862955,144.58380155829028,1598980
2015-03-13,142.68580627441406,145.5960503842547,142.13750650178696,145.2586242482995,2009513
2015-03-16,143.36065673828125,144.0354961907795,140.0708321056538,142.98106356859225,1951466
2015-03-17,144.0776824951172,145.38518157923576,142.34841034331473,144.24638914789224,2433460
2015-03-18,143.1075897216797,146.3130674536972,142.72799655361658,144.33074185537131,2479341
2015-03-19,142.77017211914062,144.79467753530582,141.71573953332717,144.66815077360482,2352731
2015-03-20,141.16744995117188,142.51711603577039,137.58237890001595,141.88445643850758,2744764
2015-03-23,139.85995483398438,141.71575379751036,138.34156918328392,141.67357391553395,1771355
2015-03-24,138.2993927001953,141.8844639409187,135.3048012071748,139.5225320786141,3253167
2015-03-25,140.0708465576172,141.04091952152103,136.52795515582469,138.34157430451214,2724295
2015-03-26,136.65447998046875,141.3783436962921,135.85311369068438,138.72116552933156,3899993
2015-03-27,135.05174255371094,138.93204708605285,129.99046569905332,137.24495480116698,4473270
2015-03-30,134.50341796875,137.24494268975914,133.11157210514196,136.02180346545336,3191228
2015-03-31,132.0149688720703,136.14833974566596,131.34012939618935,135.5156801504324,3514147
2015-04-01,136.69667053222656,137.16062353773094,130.2857139706067,131.59321321466663,3296223
2015-04-06,134.58778381347656,137.3714885381309,133.44899142155228,137.03406237276826,2631318
2015-04-07,133.111572265625,136.35921690845637,132.6054394756165,135.13607768267596,2972760
2015-04-08,132.5211181640625,135.0095769735678,132.2680517202243,133.8707844120429,2424825
2015-04-09,135.47352600097656,136.44359899048766,132.5211142762983,133.70207381757214,4888449
2015-04-10,136.02182006835938,137.70891241029253,134.71432092906258,136.06399995120634,3833612
2015-04-13,138.25721740722656,140.0286695806393,136.4857781053074,136.4857781053074,2444271
2015-04-15,139.7755889892578,143.4028398660505,138.4680899338277,139.10074952147207,4497004
2015-04-16,138.34156799316406,140.703499777102,137.07624877371438,140.36607359568646,1856739
2015-04-17,138.84771728515625,140.23956344290923,136.8231985712042,138.84771728515625,2333413
2015-04-20,133.70205688476562,141.5470381911039,132.6054443801821,138.76333348608168,2957984
2015-04-21,133.4911651611328,135.05173053436192,131.63536638721948,133.70205167797505,3009484
2015-04-22,131.67755126953125,135.34696907915406,128.97819345416346,134.2503565755974,2928537
2015-04-23,129.0625762939453,132.68982774447923,128.55644339517525,132.09934794357704,2264791
2015-04-24,124.71831512451172,129.69523272774296,124.17000235268505,129.18909984167126,2359418
2015-04-27,120.58491516113281,125.30877857708485,119.95225557175489,124.84482563724258,3784344
2015-04-28,120.6270980834961,121.97677705680358,118.94000580260804,120.58491820217537,4820724
2015-04-29,119.99444580078125,122.06113139668935,119.61485258871542,120.58492556082736,2068095
2015-04-30,121.30193328857422,122.22982628741538,119.15088813206853,119.78354771507065,3174957
2015-05-04,124.04346466064453,124.42305785607637,121.30193965703607,121.89241939120701,1844251
2015-05-05,121.97677612304688,125.09789424449846,121.47064329405795,123.87475492451652,1921362
2015-05-06,115.18622589111328,122.98902754384515,114.76445282880346,121.55500170629021,2830751
2015-05-07,111.09501647949219,114.76444708658538,109.9140571127107,114.72226720816639,2398405
2015-05-08,113.0351791381836,114.6379116042326,109.45010815805463,112.61340608169783,3953991
2015-05-11,118.39171600341797,119.27742922882763,111.6433463073826,113.87873862059682,3860745
2015-05-12,121.17540740966797,124.50742522238774,113.24607821752268,118.51824200791013,15797537
2015-05-13,130.4122314453125,134.4612424044206,122.52507030787814,122.52507030787814,15448490
2015-05-14,137.20278930664062,138.29940198110427,127.20677419341915,129.82175978630042,9052409
2015-05-15,139.1007537841797,140.78784606959843,137.03406830884023,138.08850098722695,5666289
2015-05-18,135.81094360351562,139.52254188259172,132.94289155800172,139.18512853776446,3710637
2015-05-19,136.69667053222656,138.29940323688447,134.96739816888885,135.7265846349912,2169999
2015-05-20,137.5402069091797,138.84770605949222,135.136095153073,137.07625393694065,2238685
2015-05-21,138.34156799316406,138.84770082954103,135.85310943587825,137.4136620836372,2500350
2015-05-22,137.66671752929688,141.46267488509454,136.907531206734,138.46808373011137,3800084
2015-05-25,137.7089080810547,139.3960003699497,136.3592291013416,137.49802154494282,1404326
2015-05-26,137.41366577148438,138.51027836540302,136.1483465180766,137.28713899474081,1386142
2015-05-27,142.4327850341797,144.49947070814667,136.31707491176056,136.48578158221815,4985627
2015-05-28,144.66818237304688,146.0178615262911,141.0831107982046,143.40286299369077,4381048
2015-05-29,146.27088928222656,146.98790861920978,143.48719743627305,144.66815683325382,2623053
2015-06-01,147.7471160888672,148.54849529942567,146.18656329626646,146.35526996688628,2052741
2015-06-02,135.85308837890625,148.46409873710667,132.9850242031359,148.46409873710667,9054814
2015-06-03,137.0340576171875,137.87760369408184,131.67754775180342,136.1483316621501,4126106
2015-06-04,131.00271606445312,137.83543196853935,127.4598249062426,137.83543196853935,5177750
2015-06-05,130.4544219970703,132.6054675019961,128.47209603880088,129.8217623115918,3337938
2015-06-08,124.71831512451172,132.3523982008845,124.08565545266907,130.66530574263743,3011914
2015-06-09,124.67611694335938,126.91150897391012,123.83257083802067,124.4652304170247,2995919
2015-06-10,125.9836196899414,127.75505884040933,124.9291870272251,125.05571379815407,1788291
2015-06-11,119.65702056884766,127.3754623084799,119.1508877554489,127.20675566117768,4005183
2015-06-12,122.1032943725586,122.9046605696173,118.64475031600001,119.23524286577218,4073930
2015-06-15,121.30193328857422,124.16998491625368,120.66927370557208,122.86248587041752,2578943
2015-06-16,125.30877685546875,125.8992565564771,120.50056661655499,121.3019328444586,3180232
2015-06-17,125.01354217529297,126.53192788420205,123.24210290781012,125.68838169830737,2227685
2015-06-18,125.80477142333984,127.25534512105838,123.25526077803035,125.71685217486251,2787865
2015-06-19,125.98060607910156,127.21139516374967,124.48607264357317,126.42017552570374,2067886
2015-06-22,132.57412719726562,133.18952164405556,126.33223665867077,126.59598096860726,3291044
2015-06-23,139.91493225097656,140.79407103587644,133.18952591232988,133.62909530477984,6174361
2015-06-24,133.27745056152344,140.48638620713123,131.9587423306954,140.48638620713123,3072778
2015-06-25,135.78298950195312,136.9698322873412,130.77190085788084,132.74996322379837,3324723
2015-06-26,134.72802734375,135.91487014458968,131.51917594087843,134.68406771879407,2839574
2015-06-29,130.28836059570312,130.99167428147524,126.42015544584567,129.27735639493827,3709514
2015-06-30,129.8048553466797,132.0906218899817,128.17845640377982,129.9367342325982,3214556
2015-07-01,137.40940856933594,138.64019762602518,129.71694342854164,130.06859361199724,5392667
2015-07-02,135.34341430664062,138.7720636432127,134.64010059032378,138.0247903043898,2766091
2015-07-03,142.20071411132812,142.90402789958904,134.59616815065607,135.38738777832788,6478793
2015-07-06,145.10186767578125,146.2886970565332,137.5852279393091,138.90393619431848,5512437
2015-07-07,145.4974822998047,148.04697964496043,143.34359476136697,145.05791286687474,4614043
2015-07-08,141.8050994873047,144.6183411303253,139.87099669614017,142.4204940006851,3201430
2015-07-09,145.54144287109375,147.2557609877335,141.71718341393267,142.288631729209,3306808
2015-07-10,149.8052520751953,150.5964850752248,145.9370465681424,146.37661598551634,4527007
2015-07-13,150.5964813232422,151.6074855921763,146.64035666544035,151.03605072966462,3412912
2015-07-14,152.4426727294922,153.40973083987933,148.61842674298538,150.77231426383557,3449912
2015-07-15,150.8602294921875,153.23390166440356,149.67338669878245,152.53058791329664,2283906
2015-07-16,153.62953186035156,154.2449264438258,149.89319131439166,150.90419574334248,2989956
2015-07-17,153.27786254882812,155.29987115481197,152.61850841698273,153.8492974305898,1841138
2015-07-20,148.35467529296875,152.97015407986112,147.3436710197727,152.97015407986112,3014973
2015-07-21,142.55235290527344,150.86022540482995,141.805092964326,147.69532031789473,2261777
2015-07-22,145.4095458984375,146.3766039026707,140.04680749790623,141.54134071069058,2153812
2015-07-23,143.2996368408203,146.72827309264625,142.24467287215037,146.64036725377065,2909723
2015-07-24,140.22264099121094,144.09084641133788,139.82703120738333,142.8600574361867,2011205
2015-07-27,135.4752960205078,139.34350141963174,134.99176699196892,139.34350141963174,1955200
2015-07-28,138.33248901367188,141.4534208746243,132.5741274626674,136.2665075653917,12568881
2015-07-29,134.64012145996094,139.34352009068994,133.62911705857962,139.34352009068994,2978516
2015-07-30,144.2666778564453,145.4974667714542,135.29945165003468,135.38737089307523,4883473
2015-07-31,155.16799926757812,158.42081016703924,142.64027128138557,145.05790299801922,8845926
2015-08-03,163.82754516601562,166.86057179520068,154.2009631393999,155.16802132938724,8644866
2015-08-04,178.37725830078125,182.72900612042932,160.88240143416078,165.102270384205,19118879
2015-08-05,179.60806274414062,187.78405641369355,178.55309884813883,179.95971290460997,13486038
2015-08-06,187.87197875976562,189.01486200363684,175.03655897013607,177.93770658549272,10405494
2015-08-07,181.5861358642578,189.8500358574352,180.31138718860524,185.41038189121556,6812510
2015-08-10,181.23446655273438,185.84994546407322,179.78389283215125,180.3113815021419,4183703
2015-08-11,179.25640869140625,185.05873054953344,177.7179156820871,182.7729641412786,5263759
2015-08-12,172.92660522460938,182.24548219095433,172.09142601880345,178.37726328915716,8324140
2015-08-13,173.05848693847656,180.22346315667247,171.16833037368667,175.82776893333897,6526920
2015-08-14,182.68504333496094,183.65208795568157,169.0583920832446,175.16840399383744,7408260
2015-08-17,193.10284423828125,194.90508157491487,183.38837061700653,184.00376513291707,11428191
2015-08-18,191.95997619628906,195.78422220346306,189.36650581748808,194.0699041026889,6606767
2015-08-19,186.46536254882812,191.30062640788728,185.23456006321985,191.30062640788728,3277053
2015-08-20,176.8827362060547,188.3555010286411,174.72884867884443,183.56419691759922,5742391
2015-08-21,175.73985290527344,177.5860498787617,167.91552241011627,169.32214995321155,6151805
2015-08-24,152.4426727294922,168.7507012409484,150.55252954916526,165.19018618037043,5593182
2015-08-25,154.64051818847656,158.2449928355689,144.3985559624566,158.2449928355689,8259052
2015-08-26,149.58546447753906,155.60757074509348,148.79424490738458,153.8492931095557,3771580
2015-08-27,159.08016967773438,159.95930851365952,149.45360210727296,153.1459825352397,5911847
2015-08-28,153.8492889404297,163.3000309753418,151.6514419555664,163.16816552208735,5063713
2015-08-31,156.00318908691406,160.26701795280084,152.35476815889552,152.79433759189027,5371635
2015-09-01,147.4755401611328,155.08008574846238,145.14582760490188,153.76137749068772,4170884
2015-09-02,139.29954528808594,150.2448210667576,138.11271591329637,149.45360148356457,6576040
2015-09-03,142.06883239746094,145.40954903410426,138.8160081755821,140.6622049818056,5272787
2015-09-04,137.89292907714844,140.5303455332143,133.5411811929647,140.5303455332143,5725048
2015-09-07,134.9038543701172,141.45343614497037,134.24450023007302,137.80501526923038,3609269
2015-09-08,140.1786651611328,142.72817547861027,133.71700366674747,135.38736185628028,4940496
2015-09-09,150.24481201171875,151.78330487544446,140.66220468349306,143.29962102130855,7924562
2015-09-10,146.72825622558594,148.92610316374387,143.51940506171263,145.62933275650698,4380357
2015-09-11,145.9810028076172,150.46460271210373,144.6622945860752,149.36567919415205,4028441
2015-09-14,151.6514434814453,152.35475720659682,145.4974718619084,146.3766106646994,4486032
2015-09-15,148.574462890625,153.36576685122043,148.3107185576045,151.25583901624444,3523038
2015-09-16,150.90415954589844,152.7063966480949,148.97005699837234,151.91517714693188,2859819
2015-09-18,156.48670959472656,159.91534561888588,152.70640999463183,153.36576410809275,5994851
2015-09-21,159.38787841796875,160.22305765423516,152.44267335703947,153.84930090255776,4093643
2015-09-22,152.22286987304688,162.37692516358376,151.43165036036828,160.61864765577104,4676363
2015-09-23,157.8933563232422,158.81644146297606,148.66239760914004,149.4096576467625,5501292
2015-09-24,157.40982055664062,160.3549277822594,156.13507185214326,156.97025111270395,3552639
2015-09-28,157.45376586914062,161.05822693296705,156.6185732699161,157.49771207786307,2730926
2015-09-29,158.33291625976562,162.86047608606398,151.73937471781971,155.9592305729894,8619785
2015-09-30,154.02511596679688,160.88240132932623,152.7943270055247,160.00326252424793,4789495
2015-10-01,152.8383026123047,157.10211821408186,151.8712444597476,156.39880441354896,2874163
2015-10-05,160.35491943359375,160.7944888546448,154.55261112447607,154.6405169599298,4124001
2015-10-06,162.6846466064453,163.73961054178224,156.97024409089317,160.88240928400617,3950492
2015-10-07,162.6407012939453,165.40998354473376,160.97034270054837,161.7615623680321,4096425
2015-10-08,162.77255249023438,165.71767299956568,160.4428399067413,161.14615366870342,3642571
2015-10-09,159.8274383544922,165.8055849459186,158.94829954441752,164.22313240486548,3531409
2015-10-12,160.22305297851562,162.15715573621537,156.53067254752625,159.21204868221173,2652316
2015-10-13,158.2889404296875,161.32196654558226,156.92627263425848,160.3549085192537,2039011
2015-10-14,154.33282470703125,159.73952316032376,153.84929566630407,158.6845592443879,2469507
2015-10-15,156.6185760498047,157.32188979156442,155.1680023567828,155.6075717685584,2095650
2015-10-16,154.3767852783203,157.5416770455373,152.1789381838943,157.5416770455373,3329171
2015-10-19,152.79432678222656,155.78339334928697,151.5195781996447,154.7284294676535,2104359
2015-10-20,153.0141143798828,155.60757121725158,152.31080064061487,153.84929357637867,1998788
2015-10-21,149.45359802246094,153.8492920819451,147.78323964569444,153.3657630524831,2677415
2015-10-23,148.53050231933594,152.1789365045786,147.73928273991143,152.0910172559341,2106024
2015-10-26,144.53041076660156,150.2448128642953,143.87105667840612,149.80524347216502,2636019
2015-10-27,146.5524444580078,147.56346219010015,143.16776791472742,143.73920280468812,2120921
2015-10-28,143.95896911621094,148.48652827525015,142.46443593654897,145.93703128727338,3493344
2015-10-29,140.2666015625,145.49747486412218,139.7391129041037,144.1787666327253,5247526
2015-10-30,137.6731414794922,142.4204856348153,136.96982775640154,141.54134683460038,4294535
2015-11-02,140.2666015625,143.12380273052656,135.2115533421453,137.05773681734462,6213395
2015-11-03,139.34352111816406,142.33258812962399,138.94791128055843,141.6732339287494,4196013
2015-11-04,143.91502380371094,144.92604150707712,140.53034735659972,140.66221281527646,4578195
2015-11-05,142.37652587890625,144.88207682301595,140.75012714878383,143.8271129466621,2157744
2015-11-06,143.21170043945312,145.67329168133315,137.36543297775702,143.29961968239613,7428454
2015-11-09,143.56336975097656,144.96998379229322,139.56328549941324,139.7830702009871,3852261
2015-11-10,141.145751953125,147.43158967219497,140.39847852824204,142.68424501586472,3483037
2015-11-13,141.27760314941406,142.94797492611937,139.78306986522037,141.23364352628616,2151940
2015-11-16,145.71725463867188,146.37660873205954,140.7940720422067,141.1017759849583,2630636
2015-11-17,145.23374938964844,147.21181199354237,144.35461045458447,146.8162021556827,2723806
2015-11-18,140.66221618652344,146.11287438083238,139.78307733535766,145.4974798679352,2379686
2015-11-19,141.8050994873047,142.86006342661312,140.66221629697293,141.84905911281635,1773773
2015-11-20,142.37652587890625,143.8271129466621,140.0468134263501,142.24466042483456,2671476
2015-11-23,141.10177612304688,143.12379802766654,140.70616634954578,142.42048431111274,1603276
2015-11-24,139.6072540283203,142.50841495708192,138.8160210034247,141.01386815936615,1945574
2015-11-26,140.66221618652344,141.49739541221206,139.3435079097748,140.66221618652344,1487377
2015-11-27,147.91510009765625,148.35466948873398,140.92594946243898,141.54134392702915,4484272
2015-11-30,152.31080627441406,152.75037570089145,147.7392869219681,148.0030312607734,3460862
2015-12-01,151.73936462402344,152.97015359747598,150.55252185958483,152.44266494337134,2277078
2015-12-02,149.8491973876953,152.7063983277334,148.61840850243908,151.29978437523954,2304507
2015-12-03,148.35467529296875,151.60748623128842,147.78324042804815,149.01402940538196,1802261
2015-12-04,145.4974822998047,148.00303343334306,144.66230306015672,147.6953294644543,1753415
2015-12-07,145.32164001464844,147.16782336575133,143.56336249097356,146.59638853639416,1346318
2015-12-08,141.18972778320312,146.20081736540823,140.2666291567083,144.6183644935023,1636408
2015-12-09,137.93687438964844,142.9479763552703,137.32147990348597,140.88199477894594,2906857
2015-12-10,131.914794921875,139.34351596051,131.16752148937178,138.81602725349651,4338485
2015-12-11,128.35427856445312,135.16760499510045,127.47513967017603,131.91479376919426,3999186
2015-12-14,127.25533294677734,130.3762781648327,126.37619420448527,127.43115801231723,2626321
2015-12-15,128.22239685058594,129.0136163893511,125.80476519763387,127.91469291073655,2686747
2015-12-16,128.8817596435547,131.16751258471677,128.17844588681476,129.36527527513138,2492783
2015-12-17,130.46420288085938,131.87083043803625,129.18945420287727,130.06859307246418,2376425
2015-12-18,132.4862060546875,135.69507051945016,129.67296475644918,130.11253412850493,4412706
2015-12-21,134.59616088867188,135.38738047365433,133.18953338804306,134.1565914715496,2212090
2015-12-22,133.0576629638672,136.26651422328786,132.09060491644516,135.38737542184728,2268564
2015-12-23,134.68405151367188,135.38736518456213,133.71700695396623,134.24448214618954,1462354
2015-12-24,133.0576629638672,135.34341579885654,132.39830886278676,135.07967147550568,1322101
2015-12-28,134.37637329101562,135.03572740252287,133.10161127709327,133.10161127709327,1182787
2015-12-29,133.1016082763672,135.16758981168397,132.48621380241966,135.16758981168397,1353465
2015-12-30,131.43124389648438,135.60715298349643,130.81584945079064,133.58513116370887,2895322
2015-12-31,130.68397521972656,132.0466430214318,129.49714590695876,131.8708179470877,2587788
2016-01-01,131.87083435058594,133.18954269409178,129.93673146302967,130.33234128316244,1933916
2016-01-04,127.16741943359375,131.8268576604943,126.55202496919404,131.6949922090491,2314799
2016-01-05,125.67288970947266,128.00261559551345,124.61792582456437,127.4751269457625,2564605
2016-01-06,126.2883071899414,128.79385861066302,125.01355837125338,125.54104711706721,2102529
2016-01-07,119.16728210449219,124.0465057449157,118.81561849123024,123.95858648795142,2630415
2016-01-08,120.3101577758789,121.84865077344976,119.6068440083562,120.13431927305245,1395551
2016-01-11,114.72762298583984,118.59582866320272,114.41991901429284,118.06835338788667,3020570
2016-01-12,111.7385482788086,116.57381873835976,111.43085101785188,115.29905665381723,3352053
2016-01-13,112.39789581298828,114.24408597739,108.66155586065037,112.7055930558391,3849946
2016-01-14,108.88134002685547,111.91437293876433,107.95824830285463,110.41983294082036,2382115
2016-01-15,99.60643005371094,109.84839184471132,98.46354691552274,109.84839184471132,4941654
2016-01-18,99.03498840332031,100.88117856501148,95.07886375371201,100.39764953602952,5670619
2016-01-19,100.4855728149414,103.29881444018068,98.46355078553391,99.82621868021684,3345049
2016-01-20,97.80419921875,99.51851733112603,95.21074223699195,98.46355337078651,3648280
2016-01-21,100.39765167236328,102.243848580636,98.11189205652204,100.13391404782217,4095926
2016-01-22,105.80435943603516,106.37580103096673,101.71636243512123,101.98010677348876,3823638
2016-01-25,104.52961730957031,108.83739929227241,104.09004785638228,107.3428591270546,2369822
2016-01-27,114.41991424560547,115.4309319566989,104.61752158095834,104.9252188323841,9401907
2016-01-28,110.46379852294922,114.7276206301983,108.39782355420968,112.96934291939067,4834537
2016-01-29,115.03531646728516,115.87049563798799,106.90327592209474,109.89234916072583,4747293
2016-02-01,110.46379852294922,115.21114968358927,108.39782355420968,115.16719005790021,2328292
2016-02-02,111.21106719970703,117.49690476254828,110.24401578290816,111.21106719970703,7372009
2016-02-03,108.13407897949219,110.15610102544221,105.93623184576268,108.92530528909425,3875843
2016-02-04,109.67256927490234,112.35394539500312,107.56263473697187,110.72753319021908,3283362
2016-02-05,116.09028625488281,117.49690034709677,109.54069788661113,110.24401164001515,4027921
2016-02-08,118.63978576660156,122.20030081128817,115.2990554356043,115.91446336561,4424609
2016-02-09,113.76055908203125,120.09036938113033,112.66163554602016,115.95840615405345,4756601
2016-02-10,108.3538589477539,112.83747227005018,105.23291347161386,112.35394323888589,5956092
2016-02-11,104.00212860107422,113.23308652280399,102.94715795706968,107.254939662003,17588173
2016-02-12,96.74922943115234,105.45269834798192,92.79310475721276,104.6175191552912,8972022
2016-02-15,105.49665832519531,107.95824970236863,99.69434345876896,100.22182540893554,6918952
2016-02-16,99.65038299560547,108.48573073884623,99.07894142636408,108.13407387259792,4908581
2016-02-17,100.70535278320312,101.76031666615381,95.21073525263326,98.9031155502575,7056993
2016-02-18,100.39765167236328,105.80435681666843,98.59542109579289,102.77133053701522,5326944
2016-02-19,103.7383804321289,104.48564708530775,98.81520439714826,99.34268634602175,5504901
2016-02-22,101.71636199951172,105.05709230380685,100.83722315178112,104.61752287994155,3327515
2016-02-23,97.84815216064453,101.54053247688526,97.40858275598269,101.14492269560833,3730766
2016-02-24,98.99102783203125,100.48556782084034,95.87008910715628,96.52944320911114,4210704
2016-02-25,99.73829650878906,100.92513928237278,98.02397849163,99.69434359213957,4046720
2016-02-26,95.56239318847656,101.98010966956649,94.28764450052591,101.71636532370903,11056295
2016-02-29,94.02388763427734,98.28771598317574,91.43043097698342,96.70526353334785,10229288
2016-03-01,98.94707489013672,99.69434153069545,94.68324633278436,96.1777863211986,4976703
2016-03-02,106.63954162597656,108.26594710269242,102.85924201432616,102.85924201432616,8033047
2016-03-03,106.37580871582031,108.13408654583387,104.00213632822106,107.60660453828933,3910473
2016-03-04,110.59567260742188,112.26603109576969,104.3098283410006,107.16702967052869,8554013
2016-03-08,110.59567260742188,111.78250874130485,108.70552269412075,110.77149769862775,6410029
2016-03-09,111.12315368652344,111.65063566315764,108.74947473072363,109.01321907268935,3588727
2016-03-10,109.18904113769531,112.79351574398801,108.66155917567349,112.44185886687444,3777097
2016-03-11,108.9692611694336,110.28796948551692,107.43076813400303,109.18904588878081,2856248
2016-03-14,109.71652221679688,111.29896799338832,108.79342381664608,110.46378883690643,2369399
2016-03-15,110.15609741210938,112.17811268443623,109.6725683756307,109.8923530817943,2876692
2016-03-16,111.21106719970703,111.82646172658886,106.8593324704635,110.3319283285631,3603626
2016-03-17,110.99127197265625,114.02429810800028,109.93630811009224,113.2330785647256,3215604
2016-03-18,112.39789581298828,112.83747192644253,110.20004878220128,111.78250132728667,2618151
2016-03-21,114.9034423828125,115.91446008593454,112.61768947387262,112.66163568369161,3695446
2016-03-22,114.37596893310547,115.5188386982591,113.18912612825311,115.34301361243502,3042830
2016-03-23,112.61769104003906,114.06826476368175,112.00228982618431,114.06826476368175,1862156
2016-03-28,109.36487579345703,113.2330881283955,108.35386476052012,112.8814245347771,1925991
2016-03-29,109.40882110595703,110.77148893048087,108.66155446653616,109.01321132840974,1909303
2016-03-30,113.40890502929688,114.81553247301702,109.84839021173747,110.99127333293589,3355884
2016-03-31,114.99136352539062,116.74964121411344,112.22207482419277,113.40891092262126,7022501
2016-04-01,122.55194854736328,123.82671059305677,114.11222375848179,114.90344334617272,5875908
2016-04-04,120.79366302490234,124.13439307233925,119.69473954973186,123.69482368227106,3751909
2016-04-05,113.71661376953125,121.32115933289307,113.18912510224627,120.6178455813778,6125819
2016-04-06,112.30998992919922,114.1122272841718,111.21106634867867,113.76056368964854,3164410
2016-04-07,109.71652221679688,112.96933301364867,109.01320851122517,112.30997892991141,4567637
2016-04-08,110.46379852294922,111.34293737835304,108.83739298191159,109.45278749777539,1796975
2016-04-11,113.93639373779297,114.68365366832825,108.66155423549829,110.68357615649953,3867894
2016-04-12,113.18911743164062,115.5188298226488,112.61768259296863,113.8484715137667,2621456
2016-04-13,115.38697052001953,117.71668303515762,114.20012774311893,115.16718581426711,3436309
2016-04-18,112.44186401367188,114.72762375859045,111.43085296092981,114.72762375859045,2533523
2016-04-20,111.87042236328125,113.5847404945737,109.49675007267675,112.52977652259332,5214340
2016-04-21,115.8705062866211,119.38706178293982,113.18913003775914,113.67265910142189,10838192
2016-04-22,117.01338195800781,118.85956542573209,114.81553491457862,115.16718507568979,6009335
2016-04-25,114.72762298583984,119.34310207147708,113.14517033070244,118.55188245120569,5359937
2016-04-26,115.47489166259766,116.57381520938829,112.617690440942,114.50783357558427,5745644
2016-04-27,115.91446685791016,117.71669083278536,114.46387965510007,115.5188436296744,3709934
2016-04-28,113.01329803466797,116.92546310215981,112.61768824844408,116.00236465790822,4136642
2016-04-29,112.00228881835938,114.2880484458163,109.58465702431327,112.83747473522625,4038994
2016-05-02,110.85940551757812,111.8704165171493,110.06817922629213,111.65063180886413,2563403
2016-05-03,109.23299407958984,113.2330782358456,108.74946506472934,111.21105634662467,4051856
2016-05-04,103.47463989257812,108.92530478329525,103.03507046787338,108.13407847736728,5842093
2016-05-05,102.59548950195312,104.17794193579515,101.10095630899951,103.73837256053864,5487451
2016-05-06,103.29881286621094,105.05709053201879,101.80427953319308,102.85924344975898,4317438
2016-05-09,107.29889678955078,107.95825091146781,103.82629438974288,104.57356105312279,3435836
2016-05-10,106.2439193725586,107.69449968942651,105.18895552790732,107.69449968942651,4247310
2016-05-11,102.72737121582031,106.28788616965895,101.80427946625633,104.61752104678037,4824051
2016-05-12,103.78234100341797,104.26586333292607,102.06801626980665,102.59549822349592,4219277
2016-05-13,101.9801025390625,104.04607741283414,100.39764998915831,103.21089822151056,4334918
2016-05-16,95.91404724121094,99.91413169361788,95.03490839077399,99.78225952459292,8979393
2016-05-17,95.034912109375,96.61736478499981,93.4524661410476,96.08988279555733,6616651
2016-05-18,97.14483642578125,97.80419051916891,93.4084965632512,94.06785065663887,5031189
2016-05-19,93.97994995117188,97.45254593063233,93.62829304896508,96.9250639309709,3898548
2016-05-20,92.92496490478516,94.63928952325976,92.57331476414097,94.50741736686994,3316465
2016-05-23,92.61727905273438,94.28764425512377,91.87001235114624,93.36454575432252,2859185
2016-05-24,93.93598937988281,94.77117535264945,92.66124066789355,92.66124066789355,3535106
2016-05-25,96.13382720947266,96.57339661299773,94.37554959537239,95.43052018821064,4718967
2016-05-26,97.4085922241211,97.89211459186951,95.03491318384688,96.66131879772334,7569678
2016-05-27,101.23283386230469,102.90319891882793,97.89210374925823,99.34268410643095,5618554
2016-05-30,101.71636199951172,103.65047148889731,100.66139806515385,103.65047148889731,2505195
2016-05-31,104.09003448486328,104.52960388158372,99.91412521601895,101.5405306424253,4223695
2016-06-01,100.2218246459961,104.79334378903508,99.51851091293001,104.44169362979888,4258666
2016-06-02,102.3317642211914,102.85924619354502,98.72729625159498,98.72729625159498,3877600
2016-06-03,99.65038299560547,103.47463548622578,98.99102888662621,102.85924100076389,3759742
2016-06-06,102.02406311035156,102.63945760364307,99.91412859331408,100.83722033325134,3285072
2016-06-07,103.65046691894531,104.3537739417427,101.18887557091242,102.72736848660877,4786444
2016-06-08,106.11205291748047,107.25493606668356,103.07902667064465,103.6504682452462,5809268
2016-06-09,106.59558868408203,109.18904568461087,105.67249018163085,106.81537340301828,5378953
2016-06-10,105.93622589111328,107.91428820028345,104.70543022394806,106.4637078320993,4020451
2016-06-13,104.22190856933594,104.74939051367878,102.5075838661007,104.61751835076886,2442273
2016-06-14,107.21097564697266,108.26594624778267,104.61751882949632,104.61751882949632,5011125
2016-06-15,109.27696228027344,110.2440136786136,106.68349863552349,108.26595125629625,5464668
2016-06-16,111.16710662841797,112.0022925732848,105.93623307248788,108.57364966350417,7644545
2016-06-17,113.35472869873047,113.97976872152172,110.94387853005993,111.97072464351258,6246242
2016-06-20,114.47086334228516,116.07810131621937,110.45277521980064,110.72065048624002,8185372
2016-06-21,112.23858642578125,115.85486827610276,111.65820139874874,115.00660799632396,5040581
2016-06-22,111.21175384521484,114.47086434546648,109.64916400611023,112.95292265527671,5137671
2016-06-23,112.77433776855469,113.17614383830661,110.76529379509361,111.16709986484554,4141895
2016-06-24,108.97947692871094,110.27419143109935,103.35415107813563,107.86334138791034,11702148
2016-06-27,111.7921371459961,112.41717715920264,108.71160566522776,109.82774124700629,5315516
2016-06-28,113.8904800415039,114.47086510715235,110.98852746385725,112.95292340686224,4815492
2016-06-29,114.33692932128906,115.8102228084172,113.93511643287617,114.47086013840921,2779090
2016-06-30,114.56015014648438,116.0780916975896,114.15833728012092,115.63163749875272,2791669
2016-07-01,117.64069366455078,119.15863537399161,114.38158312296598,115.45307058700055,6133367
2016-07-04,120.4533462524414,122.68561741074983,118.89075644162551,119.82831305305544,6044444
2016-07-05,120.14083862304688,123.48924542065296,119.24793014368525,120.98909895349999,4678803
2016-07-07,118.62289428710938,122.28381079601155,118.13179190947443,120.36406305808617,3369901
2016-07-08,115.81023406982422,119.3818682038185,113.57796273607778,119.06935839191578,7054783
2016-07-11,120.72122192382812,121.12302800873941,117.41746332332144,118.80147417108425,4936739
2016-07-12,123.08743286132812,124.56072632496868,120.36405941745483,121.30161599645402,9699727
2016-07-13,120.36405944824219,124.11427214049677,119.38185472242964,124.11427214049677,5249209
2016-07-14,125.76615142822266,127.41802376500985,119.64972354347091,120.31940483196048,10366973
2016-07-15,124.96253204345703,127.68590547967715,123.9356927989206,126.30189468834875,7484304
2016-07-18,123.57852172851562,128.35558729692525,123.08743298992333,125.63221385020672,6072723
2016-07-19,122.46238708496094,125.81079373465585,120.94444546203955,123.66781892873172,9267730
2016-07-20,122.01593017578125,123.57851991119954,121.52484144441078,122.8642040747693,3828731
2016-07-21,116.92636108398438,122.73026612222807,116.2566797334178,122.10523291997299,4981602
2016-07-22,112.90827178955078,116.07809954040212,112.23859044604846,116.07809954040212,8243043
2016-07-25,117.32816314697266,118.53359498654696,112.19394644766506,113.13149621890527,10057362
2016-07-26,115.81023406982422,120.18549405878899,115.09590451808477,117.6853474400524,5463981
2016-07-27,116.70313262939453,118.3103705772714,115.18519097711706,116.07809943430402,4825636
2016-07-28,115.18518829345703,118.1317888584625,113.48866090185844,116.9710051662238,7597882
2016-07-29,113.75653839111328,116.25667797466194,112.59575467608474,115.22983870254154,4116416
2016-08-01,111.61356353759766,115.31912839716487,110.45277975186613,114.96197044372559,4451566
2016-08-02,112.06000518798828,113.80117385839928,110.72064257617966,111.881426231354,4540522
2016-08-03,113.80117797851562,116.16739351986584,111.07781132331691,111.88143028196681,8410047
2016-08-04,118.22107696533203,118.75682750168666,113.84583087567705,115.3191244135991,8504613
2016-08-05,122.4177474975586,122.99813250961104,119.20327179697331,119.69437414354898,7317459
2016-08-08,114.60480499267578,119.6497322846478,113.48866261796815,118.84612012963157,12610030
2016-08-09,115.58699798583984,117.41746306270838,113.53331260523346,113.53331260523346,6422209
2016-08-10,112.59575653076172,115.98880462411466,111.52426909335574,115.76557750695916,5196006
2016-08-11,110.54206848144531,112.99756671109303,109.29199529297266,112.81898093425362,4436207
2016-08-12,115.49771118164062,117.19423175333209,109.42593111633722,110.72064561838613,8465800
2016-08-16,116.033447265625,116.56919777125266,113.8458243462645,116.07809541187753,3874784
2016-08-17,117.95320892333984,119.33720608855879,115.72093785079142,116.43525369424582,5289644
2016-08-18,119.15863037109375,120.31941408535478,117.95321213392793,118.93540325776284,3786212
2016-08-19,121.30162048339844,121.7480747161313,118.93540487509314,120.36406386971905,4929282
2016-08-22,119.29257202148438,122.0159318406109,118.3103672959394,121.2123197013115,3453206
2016-08-23,120.98909759521484,121.30162100936371,117.90856610094129,119.38185962546716,4188128
2016-08-24,121.6141357421875,122.14988629544794,119.78367058070064,121.0783988136296,3550061
2016-08-25,119.73902893066406,122.64098140130199,119.33720922727589,122.28380984547937,2777826
2016-08-26,119.64973449707031,120.676573783545,118.04249653261705,119.9622579101897,3586164
2016-08-29,119.96224975585938,120.45333847923432,118.13178479923137,119.56043007353294,2689494
2016-08-30,126.3019027709961,127.64126550159988,120.27477048327908,120.63194205292811,6299917
2016-08-31,126.5251235961914,129.02526996050483,125.45363618997183,126.7929988539217,6284081
2016-09-01,122.7749252319336,127.15017166304487,121.07840444224634,125.85545699463057,3435993
2016-09-02,125.00717163085938,125.4536258152553,122.10521943228585,122.14986757566554,3234020
2016-09-06,130.09677124023438,130.90039709912384,126.43585440985909,126.88230867878556,5844510
2016-09-07,134.60595703125,137.68648864632817,130.6325169118186,131.43612911585552,10445879
2016-09-08,135.81138610839844,137.3293278089641,132.373682988989,135.00776029654446,4452546
2016-09-09,133.3112335205078,135.85601441311732,132.46297322297133,134.91847144593052,4760285
2016-09-12,125.94474792480469,131.16825452785767,124.65003331163955,130.7218002733385,4757118
2016-09-14,129.15919494628906,129.65029729250747,124.56072212420075,124.82859736983815,5602441
2016-09-15,128.08770751953125,130.275330379108,126.25724257081158,129.73959351282238,3415822
2016-09-16,125.72150421142578,131.65933956328644,125.23040187130404,129.69494382750025,7166925
2016-09-19,126.56977081298828,127.775202651564,125.90008948593544,126.83764606874972,2920926
2016-09-20,126.39119720458984,127.86449073663358,125.9000948190079,127.37338835105164,2585398
2016-09-21,126.34654235839844,128.31093817189264,125.94473629138619,126.792996571679,3035316
2016-09-22,130.18606567382812,130.58787178514956,127.32876111868336,129.4717361288662,4549769
2016-09-23,129.65029907226562,132.15044535803352,128.66810799104687,130.3646285288709,4524412
2016-09-26,126.16796112060547,129.47171951430616,125.67685876992132,129.47171951430616,4276948
2016-09-27,126.39119720458984,127.55198094559202,124.29285684105889,127.37338835105164,3455224
2016-09-28,130.36463928222656,131.61470571587384,125.72151786834799,125.90009684105442,4109456
2016-09-29,120.8998031616211,132.23975179673053,118.26572586142171,131.57007043440683,7010722
2016-09-30,122.64098358154297,124.11427710448521,119.47115579386212,120.54264323097485,4217197
2016-10-03,127.86449432373047,128.4002448729774,123.93570237826123,124.11428135310939,4112055
2016-10-04,135.90065002441406,138.40079616392833,127.23944163457926,128.57880417810117,12915444
2016-10-05,136.03460693359375,138.31151256670722,134.29342456751647,136.6149919724851,7385189
2016-10-06,133.4005126953125,137.90970294791825,131.48076503935522,136.97214638059208,4288776
2016-10-07,133.13265991210938,134.4273744840853,131.61470459527328,133.84697579685323,3385978
2016-10-10,130.05210876464844,134.82917436590378,129.29314476588644,134.11484488935602,3728631
2016-10-13,127.0162353515625,128.75740421843602,125.67687258862863,128.57882524165203,7498766
2016-10-14,126.1233139038086,128.9359699675352,125.1411091952082,128.1770059878905,3230470
2016-10-17,122.59632873535156,127.41802875128478,121.52484135677766,126.70369929066842,4779048
2016-10-18,127.86449432373047,128.3109485732021,123.39995182901431,123.66782710363776,3708398
2016-10-19,127.46268463134766,128.75739919338065,125.40899241672528,128.5788202235661,3195646
2016-10-20,132.0165252685547,133.31123984991845,127.685913656208,127.90914077798459,5526031
2016-10-21,131.212890625,132.15044719830664,128.93597141117,131.70399298479884,3224297
2016-10-24,132.1504364013672,134.69523066032767,131.34682433259033,131.34682433259033,4283625
2016-10-25,131.92723083496094,133.31124173448137,131.25754946016417,131.25754946016417,2744146
2016-10-26,129.15919494628906,133.62373695790916,127.50732257681021,131.25753514163088,3228567
2016-10-27,128.44488525390625,129.87353059098268,126.3465449584263,128.53416792357888,2633065
2016-10-28,131.8379364013672,132.15045983057732,128.35559865301008,128.98063188672768,3860131
2016-11-01,128.75738525390625,131.88256457378117,128.3109310653527,131.2575314347463,2336674
2016-11-02,124.15892028808594,127.46267876403482,123.48923896358139,127.01622454769846,3525327
2016-11-03,122.37311553955078,125.45364721235124,121.5248551694612,123.39995488891668,4522777
2016-11-04,119.60508728027344,123.48924458922616,118.13179374912698,123.2213693222808,6460119
2016-11-07,118.62289428710938,122.32845894392416,117.5067587128035,121.25697151753089,6212822
2016-11-08,115.6762924194336,119.02469910684655,114.73873582201763,118.35501776936397,5101370
2016-11-09,114.91731262207031,116.88170845007038,103.57737824594584,106.34539302625528,10105589
2016-11-10,127.73055267333984,129.82887929319745,118.31036608292867,119.64972871782975,12454663
2016-11-11,128.48951721191406,137.90970384291364,125.54293030219688,127.68590507739144,17837062
2016-11-15,131.9718780517578,133.84697771310903,127.28410846132621,129.91818579196158,9838960
2016-11-16,132.0165252685547,135.72209004016514,130.58786623930362,134.8291815530588,7363461
2016-11-17,133.4005126953125,134.82917161930484,131.3468342260377,132.01651554202766,4976955
2016-11-18,140.2759246826172,141.07953684769166,132.90942987886115,134.78452947226884,10697831
2016-11-21,132.82012939453125,142.5081913414247,131.70399385340073,141.07953239889707,8355799
2016-11-22,134.8738250732422,136.25783590569574,130.54321360952986,133.9362684690187,5293008
2016-11-23,133.13265991210938,136.07924699843318,130.85574056155738,135.5881582338473,5028422
2016-11-24,135.275634765625,136.03461242376184,130.6325133929994,131.92722796449567,5034549
2016-11-25,136.6596221923828,138.1329154822695,134.96308819601347,135.32025970168587,3755179
2016-11-28,133.98092651367188,138.66869625636323,132.19510946883707,134.472028925942,4409902
2016-11-29,133.26658630371094,136.79357196000782,132.15045074002828,134.24879104963236,2733689
2016-11-30,135.6774444580078,136.03461603442972,131.7486524902845,134.5613088280066,5256015
2016-12-01,131.882568359375,136.61498561882345,130.63250204542302,135.90065617169333,3933605
2016-12-02,126.7037124633789,131.3021994771948,125.67687312396998,131.25755132663295,10182446
2016-12-05,129.11456298828125,129.69494801142955,125.18575776526575,125.85543908029895,3600515
2016-12-06,127.86449432373047,130.27534454593672,127.59661904910702,129.73960762139225,2699178
2016-12-07,126.16796112060547,129.47171951430616,123.71246299188587,128.5341629584003,4190138
2016-12-08,126.5251235961914,128.40023677560188,125.98938670543241,128.31094048145792,2420166
2016-12-09,128.8020477294922,129.56102538436483,126.52512838957635,127.23945789568553,3039033
2016-12-12,126.43585968017578,129.33781254916207,125.58758563409384,128.48953850308013,2524234
2016-12-13,127.15016174316406,127.59661598190368,125.27506211527891,126.65907298031216,2349439
2016-12-14,124.69466400146484,127.6859128646075,124.29285790969847,127.6859128646075,1961530
2016-12-15,124.15892028808594,126.07866796845178,121.61412580508804,123.17671556226534,2787159
2016-12-16,122.46238708496094,125.90009002852831,122.14987730581034,125.90009002852831,1987735
2016-12-19,119.2479248046875,121.92665012283982,118.93540140102246,121.52484405005727,2650842
2016-12-20,115.49771118164062,119.73902623557073,114.73873356421466,117.99784389261723,3766220
2016-12-21,114.38157653808594,116.92635741557872,113.84582602456032,116.21202793911176,3408851
2016-12-22,112.72969055175781,113.57795084483072,112.01536107480636,112.99756580870229,2433783
2016-12-23,112.99756622314453,114.29228074097306,111.9707201508922,112.50646385439535,2500333
2016-12-26,108.75625610351562,112.46182086316747,108.22050556309989,112.46182086316747,2216753
2016-12-27,110.72064971923828,111.61355818471601,106.9704368891722,108.93483278828282,2768606
2016-12-28,110.85458374023438,112.90826905651993,110.36348137527982,110.98852136816296,2229100
2016-12-29,108.89018249511719,111.34568072681179,108.30979745387003,110.09561434964793,2479869
2016-12-30,109.91703033447266,111.97072252247533,108.62231578922159,108.89018424047133,3209572
2017-01-02,112.10465240478516,112.9529126602978,108.62230828045608,111.16709585934447,3427697
2017-01-03,112.72969055175781,113.31008240023701,110.36348182325075,111.61355500174041,3067265
2017-01-04,112.10465240478516,113.57794581569128,111.03315823680288,112.86362318272022,2202598
2017-01-05,114.20299530029297,114.7387390227539,112.59575732055912,113.39937631042604,2837972
2017-01-06,115.31912231445312,116.79242945025877,114.33693118195123,114.82803356055311,3301515
2017-01-09,113.9797592163086,116.07809260477089,113.53330501398256,116.03344445959809,2543447
2017-01-10,117.1942367553711,118.04249707742196,113.31008627109185,114.73873846144903,2941207
2017-01-11,125.1857681274414,128.44489230519574,117.01566085764122,117.7746249026809,9087334
2017-01-12,121.79271697998047,125.18577208933067,121.2569800414743,124.87326228137776,4274500
2017-01-13,123.84639739990234,124.91788479860885,120.58728705702393,122.59633103886168,3792777
2017-01-16,122.95349884033203,125.40899723760508,121.92665950589887,123.31067041839329,2982923
2017-01-17,123.66781616210938,125.31970218888446,122.5070324912432,123.75711245398416,3977619
2017-01-18,124.06962585449219,125.18576141206174,123.35529637270733,123.84639874297827,2260205
2017-01-19,125.09647369384766,126.70369793212492,123.22136058292276,123.93569003587992,3659192
2017-01-20,121.16767120361328,126.03401942127151,120.67656884226398,124.11427174700769,2810197
2017-01-23,123.17671203613281,123.93568963205826,117.5067518257935,120.72121391657537,2656279
2017-01-24,123.9803466796875,124.47143543910049,122.50703952734247,123.6678232648774,2225296
2017-01-25,126.88229370117188,128.84668952762385,123.57852160134192,124.82860158159421,3864730
2017-01-27,127.73055267333984,130.2306989834288,126.07866664041467,126.88229239617608,3639299
2017-01-30,132.55224609375,136.16852775244354,126.56976268136964,127.10551315847262,7000407
2017-01-31,128.75738525390625,132.1504398118534,127.50731897583653,132.1504398118534,2759245
2017-02-01,135.63278198242188,136.61498668296414,127.90912968846153,129.38242311457384,7953417
2017-02-02,135.36492919921875,137.01680169020415,130.72179426583872,134.4720207312152,6780058
2017-02-03,149.38360595703125,150.99084410228133,134.87384174590468,135.45422686446838,14969300
2017-02-06,149.91932678222656,154.0267111973706,148.49068140391273,150.455077314533,9057071
2017-02-07,150.32115173339844,152.50877483794778,146.43699430054565,149.3835950815337,5724353
2017-02-08,148.71389770507812,151.52655373335705,146.88343274831996,151.52655373335705,6245171
2017-02-09,137.41860961914062,145.54408223684536,135.90066792811396,144.60652560792525,20881408
2017-02-10,134.11485290527344,139.0704977656845,132.6862074914907,137.06145365670994,6777579
2017-02-13,130.40927124023438,135.3649154595934,129.47171471905284,134.8291649832895,5339783
2017-02-14,129.60565185546875,132.15044630514427,127.50732524098484,130.54320842243874,4431777
2017-02-15,126.3019027709961,130.85574150492985,125.5875732564003,129.69495774679947,5052690
2017-02-16,126.48046875,128.13235473125894,125.2750505911118,127.68590053358906,3832761
2017-02-17,126.48046875,129.02526312659873,125.98938003232381,127.06086738179138,3186235
2017-02-20,126.43585968017578,127.4180509379336,125.45365479771438,126.25726706539837,3873866
2017-02-21,129.60565185546875,131.5700612813873,126.79299577926002,127.0608710304945,6067332
2017-02-22,131.39146423339844,133.44515625682,130.36462503403806,131.16823713573743,5243714
2017-02-23,128.8020477294922,132.15045451622075,128.48952431285002,131.88257924834204,3763386
2017-02-27,129.42709350585938,131.6147167606735,126.88231227566052,128.5788330957931,3684850
2017-02-28,131.16824340820312,131.97186917303267,129.33779201961116,130.09675601313182,3190140
2017-03-01,132.82012939453125,134.8738215151517,131.39147045200363,131.39147045200363,3702108
2017-03-02,130.31997680664062,134.11483746446328,129.69494365852762,133.93625851138825,2615693
2017-03-03,128.98062133789062,130.7217900696656,127.90913393562154,130.1860531808818,1994132
2017-03-06,131.4807586669922,131.83791656832958,129.29313586572428,129.471714816393,2224629
2017-03-07,132.6862030029297,133.0433609381177,130.85573792951186,131.5254192765158,2230589
2017-03-08,130.9896697998047,133.80233965460508,130.00747865780775,132.2397498323944,3100200
2017-03-09,130.4539337158203,131.61470383416764,129.78425235921898,130.09676215081168,2181507
2017-03-10,130.1414031982422,131.92722005173437,128.6681097439917,131.2575387316748,2227819
2017-03-14,133.936279296875,134.56131254198652,132.01653141016763,134.02557559962074,3271929
2017-03-15,134.69525146484375,137.32932879124,132.4629802348974,133.93627379678105,5110801
2017-03-16,139.2044219970703,140.0973304476601,135.00775500423856,136.16853871494564,4578444
2017-03-17,137.3739776611328,140.85631534822866,136.2578420403069,140.49915739944532,2936724
2017-03-20,140.90093994140625,141.52597305963178,135.7220688016658,136.9721350381169,3232504
2017-03-21,136.21319580078125,141.88315665927067,135.54351441889412,141.07954445088714,3822345
2017-03-22,131.70401000976562,135.32029233158457,131.25755573854607,134.78454175623986,3464092
2017-03-23,133.48980712890625,134.42736368317992,131.25753610668374,132.59689872001724,2694980
2017-03-24,137.99900817871094,139.74017698812736,134.82918035276188,134.82918035276188,7246206
2017-03-27,138.66868591308594,140.1419794153008,136.97215167221543,138.26687983290932,3016663
2017-03-28,139.0704803466797,140.49913920622086,137.90969672639005,139.69551348846622,2754901
2017-03-29,139.33836364746094,141.30275947445622,137.90970470526358,139.38301179403612,4505123
2017-03-30,138.4901123046875,140.8563143542601,137.9543617605907,139.51695161872036,3829066
2017-03-31,139.2044219970703,141.5259894184845,137.77577665094765,138.71333324900726,4162952
2017-04-03,138.62403869628906,140.23127665249075,137.99900549796115,139.91875324097586,1619010
2017-04-05,140.9456024169922,142.77605381550515,138.0882845150469,138.84726213738264,3537675
2017-04-06,138.31150817871094,141.48133578022637,137.10608999201713,140.45449655177967,4425600
2017-04-07,135.5435028076172,138.75796499048826,134.9631041515464,137.46325048802487,3076951
2017-04-10,138.84727478027344,139.472308018974,135.00776542153756,135.00776542153756,2758424
2017-04-11,142.01708984375,142.5081922097802,137.99900187119644,139.07048927227044,4972531
2017-04-12,139.8740997314453,143.356450773851,138.8472604896021,142.1956670930491,3682002
2017-04-13,138.4901123046875,142.15102894034135,138.0436580595076,139.51695161872036,2755310
2017-04-17,137.41860961914062,139.6062462948549,136.70429373491783,139.29372287698084,1769174
2017-04-18,136.48106384277344,141.57063935034526,135.85601701972098,137.9543573549357,3163203
2017-04-19,134.15948486328125,136.1685287297863,131.9718620446937,134.82916615211627,3817842
2017-04-20,138.17758178710938,139.11513837877968,134.11484563967247,135.4542083064296,3535316
2017-04-21,140.23126220703125,141.52597661834733,138.04363942588333,138.8026033654201,4255816
2017-04-24,142.4188995361328,143.71361407970275,139.74017415300807,140.18662838352884,4096765
2017-04-25,145.54408264160156,146.57092194655408,142.2849721304895,143.7136175276103,4338321
2017-04-26,144.24935913085938,147.95492365364714,141.03488334324248,146.2584030919446,3339734
2017-04-27,142.5974884033203,145.3655102746016,141.8831588599539,145.008338690567,3293031
2017-04-28,153.0445098876953,154.4731689229912,143.3564609364216,143.75826703237908,10939984
2017-05-02,152.15159606933594,156.1696841376251,150.49972359386038,153.04450452895574,4413851
2017-05-03,159.3841552734375,163.17901611328125,150.67829805261948,152.1515915170312,10891716
2017-05-04,170.0990753173828,171.66166524811993,161.52714796174376,161.88431954930545,11069942
2017-05-05,166.61672973632812,183.13553680652788,163.04509577520386,171.43843013396497,23218185
2017-05-08,167.55426025390625,170.8580323212879,165.18805838103145,167.68820469227921,6590136
2017-05-09,159.7859649658203,167.24175599948336,159.38415888684426,162.42004217766535,12307405
2017-05-10,157.7769012451172,161.52711355511912,156.03573270383416,160.72350149751156,6518703
2017-05-11,158.84840393066406,163.31294607176986,157.6429857273863,158.93770022336673,6597475
2017-05-12,155.81253051757812,160.72352718145595,154.1160098472103,159.47346075325885,4172499
2017-05-15,155.18748474121094,157.9108581229384,154.29457632914952,156.2589721107444,3134406
2017-05-16,161.1699676513672,162.06287605940798,152.33017986164353,155.05353960640718,8205276
2017-05-17,160.6342315673828,162.68792381505648,159.02700718848385,161.5271400555277,4079961
2017-05-18,157.06259155273438,160.6788735150857,156.25897939430152,159.65203424323244,4131280
2017-05-19,155.90182495117188,160.00919575519336,154.20529067639387,157.50904930400085,3454121
2017-05-22,150.14256286621094,157.73228532048856,148.26746314056405,156.9286730987403,4290140
2017-05-23,146.25840759277344,150.8568806842196,144.1154191268486,150.455074604578,4554818
2017-05-24,143.75827026367188,147.68706226199055,139.7401819643767,147.06202902926293,6768687
2017-05-25,146.70486450195312,150.63365632425038,144.6958204423166,145.81195603100355,7337739
2017-05-26,143.89218139648438,147.77633833740833,143.44572720211153,146.88342994866267,4576657
2017-05-29,136.88287353515625,145.49943496928438,135.90066875134687,144.20472039041,4952576
2017-05-30,139.0704803466797,140.18661582297727,133.71303006045125,134.07018796298624,5269910
2017-05-31,138.84727478027344,140.72238812107784,135.94532209193974,139.29372904001707,4363685
2017-06-01,140.8116455078125,141.61527120583798,137.50788730401962,139.38300030804547,2838460
2017-06-02,142.99929809570312,144.6065362023612,140.1866416275788,142.06175502279712,3801277
2017-06-05,143.0885772705078,145.276200219906,142.41889594162868,144.07078200274447,2817149
2017-06-06,140.72238159179688,144.38329817701276,140.00805208441017,143.4011070259704,2907470
2017-06-07,142.28497314453125,142.86535821238817,140.00805377308086,141.347416506322,2316392
2017-06-08,140.5437774658203,143.40109526094477,139.9187443073997,142.9546410585442,1494982
2017-06-09,141.03488159179688,142.1956652576156,139.29371290541937,140.45449657123808,1699496
2017-06-12,135.0077667236328,140.63309317559728,134.1595063468793,140.18663891154776,3955795
2017-06-13,134.3380889892578,136.92753196614805,133.6684075749298,134.47203344694537,3430808
2017-06-14,138.0883026123047,138.80263218140797,132.73085128108505,135.32029426599652,5357619
2017-06-15,136.70428466796875,138.75796313595174,135.94530706044375,136.6596365219906,2807283
2017-06-16,135.36492919921875,137.59720036922764,134.7398823718547,136.88287086988439,2001886
2017-06-19,135.5435028076172,136.8382173100806,135.0524004446962,136.43641124030938,1865804
2017-06-20,135.3202667236328,137.06143532695037,134.42735835016734,135.05239148665305,1822486
2017-06-21,135.14169311523438,137.7311220507489,134.6505907654779,134.82916972228904,2480509
2017-06-22,134.51666259765625,137.32933260022259,133.80234668402292,135.81139084669775,2047007
2017-06-23,130.76644897460938,135.54351496797008,129.56103065715106,134.8291854327896,3253307
2017-06-27,127.23944854736328,129.65029853174153,125.18575647744807,129.47171957451,4354484
2017-06-28,130.31997680664062,131.1682370522726,125.453628805667,125.90008300070497,3596801
2017-06-29,129.73959350585938,132.5968976666655,128.93596776942266,131.61469297480983,4298838
2017-06-30,131.6147003173828,132.10580269070846,128.66811332683233,128.66811332683233,2159351
2017-07-03,134.24879455566406,134.78453146540198,130.9003877771693,131.70399995412723,2095932
2017-07-04,130.72178649902344,135.45420382320677,130.3646285829233,133.9362622427294,2462814
2017-07-05,133.3558807373047,133.7576868096817,130.85573438461222,130.90038253147665,1838059
2017-07-06,136.48106384277344,138.4008115858578,133.4005187496493,133.57911134177965,3357890
2017-07-07,134.82916259765625,137.95434186316484,134.47200470290684,136.16852514001707,1863447
2017-07-10,140.0526885986328,140.63307361127514,138.71332599281115,139.11513204961744,752420
2017-07-11,136.07925415039062,142.41891014595373,135.4988690573572,140.81167207140365,2811203
2017-07-12,137.7311248779297,138.3115099056547,134.248787462177,136.0792388379411,2435109
2017-07-13,138.26687622070312,140.00804493911514,136.48105935572642,139.11513650662678,2060709
2017-07-14,138.4901123046875,139.38302079504732,134.29343150023456,138.71333942727745,4613690
2017-07-17,138.8919219970703,140.3652155944346,137.10610497010626,138.4901158909439,3236234
2017-07-18,138.98118591308594,141.9724344793552,137.68647146824583,138.4008009075475,5140840
2017-07-19,139.4722900390625,140.54377739937712,138.26687186797142,139.7401652853164,2832316
2017-07-20,137.19537353515625,139.60623717334616,136.70428480301507,139.02583852445918,2154357
2017-07-21,138.22222900390625,139.65087433067671,136.03460605453475,137.59719582190033,2667146
2017-07-24,140.45449829101562,141.65991649263603,138.13293093095203,138.17757907724197,4148506
2017-07-25,143.9814910888672,144.6511724427689,141.16883485236085,141.5259927912276,3920362
2017-07-26,142.4635467529297,145.27620293694534,141.25811488852196,144.9636931524446,4928905
2017-07-27,138.31150817871094,144.2047091737735,137.77577130396963,142.8206984041314,4248777
2017-07-28,140.18663024902344,141.61528925558218,136.97215429661725,137.86506276954094,3281664
2017-07-31,141.1241912841797,143.04393911112479,137.64183995604574,140.18663463334738,4245041
2017-08-01,137.68649291992188,142.15103558026112,136.92752884248597,141.34742335128124,3829223
2017-08-02,133.98092651367188,139.24908134605343,133.22194881973596,138.53475180317895,6284203
2017-08-03,128.22166442871094,132.59691057351156,126.74835724751722,132.19510447853227,7698675
2017-08-04,129.56101989746094,130.9450170776015,127.10552169118357,128.48951887132415,3614231
2017-08-07,130.67715454101562,131.83792460345794,129.29314374575583,130.58785824788865,2344223
2017-08-08,127.15016174316406,131.8825793987445,126.8376519508676,131.57006960644804,3324166
2017-08-09,126.43585968017578,128.57883481046883,125.2304276539462,126.79301766032343,3732422
2017-08-10,120.05154418945312,127.50733555778096,117.32817056016977,125.90009754503158,4981645
2017-08-11,113.66725158691406,115.7655783282408,110.72065089461691,113.84583055696497,11096223
2017-08-14,114.5155029296875,115.98879634790833,113.71188400279854,114.91730898695673,2602207
2017-08-16,118.98005676269531,119.9622615554578,112.55111833422936,115.18519566519846,5140083
2017-08-17,119.11398315429688,121.4355506009607,118.2210746939957,119.56043738444747,2867662
2017-08-18,117.90856170654297,118.7568219958588,116.16739298116804,117.77461726631321,2677422
2017-08-21,116.97100067138672,120.6765650901037,116.07809226931506,118.57823852005589,3517270
2017-08-22,115.14054107666016,118.04249351834454,113.66724759460872,117.06030240521078,4455494
2017-08-23,119.82830810546875,120.810512824451,115.81022018641629,116.0334472930303,3664065
2017-08-24,121.48019409179688,122.86420487714601,118.0424912015459,119.69437723965639,4079241
2017-08-28,122.01593017578125,123.39994095209197,121.12302175554223,122.3284535727454,1868001
2017-08-29,120.31941986083984,123.62317857178142,119.87296561274768,120.72122595918232,3037504
2017-08-30,121.92665100097656,122.5963323353378,121.21232151938425,121.5694794478296,2149784
2017-08-31,121.70343017578125,122.55169051817973,119.91761319190978,121.88200914922793,2714923
2017-09-01,123.93568420410156,124.73929628542632,121.43553804874611,122.0159230380695,3259203
2017-09-04,121.34624481201172,124.38214151435561,120.54263271048877,121.52483738986196,2705717
2017-09-05,122.95349884033203,123.31067041839329,121.61413607818308,122.06059033223274,1895102
2017-09-06,119.60508728027344,123.13207302506498,119.06935037108475,121.8373584636481,3971541
2017-09-07,119.33721160888672,121.30162114336055,118.89075737372485,120.27476822766705,2554628
2017-09-08,117.1942367553711,120.497995371344,116.21203198792146,120.497995371344,2630786
2017-09-11,118.84611511230469,119.6050790878451,117.90855855456547,118.31036461511053,2085086
2017-09-12,120.09619140625,121.39090598643268,118.93540764913017,119.38186189227609,2478794
2017-09-13,121.65877532958984,124.06962540017167,119.9176065910975,119.9176065910975,3607657
2017-09-14,122.86421203613281,124.3821537239586,120.76587166272223,121.88200726034444,3533287
2017-09-15,122.64098358154297,123.98034628410936,121.52484799607097,121.83735778518195,3016999
2017-09-18,122.64098358154297,124.87325475248694,122.3731083160893,123.6678228702964,1838750
2017-09-19,122.2838134765625,123.71247249287201,120.85516808495512,122.77491586496278,2123143
2017-09-20,124.02498626708984,124.69466764785102,121.25697806809849,122.23916925172668,3084823
2017-09-21,121.30162048339844,125.0071851652004,120.98909707060467,125.0071851652004,3127070
2017-09-22,115.98880767822266,120.58729458753007,115.6316497312503,120.54264643798294,3761505
2017-09-25,116.16739654541016,116.5245544809115,112.23859113138587,116.07810024918388,3217340
2017-09-26,116.8817138671875,117.59604337175858,115.22984136411281,116.03345354131649,2151558
2017-09-27,112.90827178955078,117.77462016072728,112.41717622505962,117.2388832607465,3806216
2017-09-28,114.60480499267578,115.4530652951266,112.46181653812972,112.7743399454703,3184769
2017-09-29,113.08686065673828,116.4352606533371,112.2832416601201,115.45306949753311,2644012
2017-10-03,113.13150024414062,114.64944191578616,111.1671043382051,114.29228397823496,2804739
2017-10-04,112.55111694335938,114.82803629866054,112.06001455304703,113.80118336897065,2753625
2017-10-05,112.4618148803711,114.1583422726157,111.70284407162636,112.55111117392403,3921410
2017-10-06,116.033447265625,116.52454962500013,112.68504066720546,112.68504066720546,3251667
2017-10-09,117.55138397216797,117.81925921383136,114.96195509372363,115.5869882411377,2324414
2017-10-10,117.46211242675781,118.22107645449489,116.7031347743187,117.77462221769589,1776258
2017-10-11,112.41718292236328,118.53360486160285,111.79214287711353,117.86392347820396,4440347
2017-10-12,113.22079467773438,113.57795260940823,110.45277302080586,112.59575467260338,3141835
2017-10-13,113.9797592163086,115.54234211209923,112.46181084098976,112.59574846415767,2807411
2017-10-16,113.7118911743164,115.2744877938081,112.77434137744251,114.2029935529296,1732783
2017-10-17,114.15834045410156,115.45306175413634,112.95291544619725,112.95291544619725,1585164
2017-10-18,112.64039611816406,114.47085425230885,112.14929377280666,113.57794585155028,2024616
2017-10-19,112.37252807617188,113.31008468200675,111.7028467326758,112.64040333851068,466545
2017-10-23,113.08686065673828,113.66725253275982,112.1046626885832,113.39937726310339,1612791
2017-10-24,117.32816314697266,119.15862816737376,113.48866095609948,113.48866095609948,4559710
2017-10-25,157.4197540283203,158.93769558707692,129.02526411422818,129.02526411422818,32616021
2017-10-26,166.43812561035156,175.05470011956746,155.1428394405329,158.3126670864164,22025508
2017-10-27,156.79473876953125,166.8845939660793,155.5446586889722,166.25956073815104,9409249
2017-10-30,164.51840209960938,171.03663730936495,154.6071116385711,156.25899792364527,9196803
2017-10-31,157.55369567871094,165.50058917964427,155.5446516355927,164.5183844197946,5650716
2017-11-01,160.41099548339844,165.32199189382445,159.16092911971606,159.56273519199243,5049169
2017-11-02,152.73199462890625,162.95579375898143,151.9730169889152,160.54494364474783,8325578
2017-11-03,154.91961669921875,156.83936442457332,151.437279180068,154.56245876766033,8209155
2017-11-06,157.6429901123047,164.29515536264537,156.7054335116536,162.73256556979413,12359144
2017-11-07,148.2674560546875,158.89306153298483,147.77635366499933,158.49125544131348,6713146
2017-11-08,145.45477294921875,150.63364439555104,143.40109452842745,148.22279443984317,4962700
2017-11-09,148.80319213867188,150.0086240316643,144.47259420305522,146.4369901261485,4241641
2017-11-10,149.42823791503906,152.91057549840664,145.18692268223654,147.32989756050858,5992437
2017-11-13,149.8300323486328,154.29457435172256,149.02640661325609,150.90151970443415,4685514
2017-11-14,146.70486450195312,151.92837088218684,144.65117229382872,147.86564823912795,3730096
2017-11-15,147.10667419433594,150.76760446483465,145.63338063104143,147.10667419433594,4449112
2017-11-16,154.91961669921875,155.81252515281656,146.21375927664016,147.4191911388779,5236317
2017-11-17,152.3748321533203,161.6164407042452,151.21406198725083,158.4019646105228,6048564
2017-11-20,152.33018493652344,153.71418211533373,149.38358436688256,152.50876389914075,3545323
2017-11-21,150.14256286621094,153.40168715375185,148.31211129170623,152.68735760958515,3040013
2017-11-22,151.66050720214844,152.9105735947945,148.44603130005598,150.49972348057605,3824208
2017-11-23,148.9371337890625,151.79443813489667,147.32989583681146,151.34798390508814,2823797
2017-11-24,149.38360595703125,151.25870577257012,148.71392453190234,149.20502696860422,2311346
2017-11-27,150.09791564941406,150.54436987368393,147.4191903037948,148.13350616286527,1758981
2017-11-28,147.4638214111328,151.2586822295361,146.1244587693434,150.63364905497465,3706710
2017-11-29,146.25840759277344,148.26745161568323,145.05297572914685,148.22280346801156,1612245
2017-11-30,146.52627563476562,149.11570457572105,143.9368330691091,144.65116252255575,10117570
2017-12-01,141.0795440673828,147.24060731411535,140.36521453703784,145.72266557757135,3726440
2017-12-04,142.01708984375,143.5350314639966,139.4722953445855,141.0795332585472,3509608
2017-12-05,143.89218139648438,144.8743860739849,140.36519598587913,141.97243381056148,3091965
2017-12-06,138.53472900390625,144.4725778755856,137.82041320329267,142.82069193109047,5085013
2017-12-07,140.72238159179688,141.52599377216808,138.6686893673234,139.2937225770235,2062643
2017-12-08,139.0704803466797,141.88313629706934,138.22222010963364,141.79385363378594,2971699
2017-12-11,138.0883026123047,140.5884492918145,136.70430525150226,139.74018888931207,2754753
2017-12-12,134.60595703125,138.22223919882111,133.93627565298507,137.5525578205562,3107713
2017-12-13,131.6147003173828,135.54350567928634,129.6503044487819,134.38272196725345,3410490
2017-12-14,130.85574340820312,132.99871835845747,129.24850538316116,132.239754308231,2600990
2017-12-15,132.3290252685547,134.24878654854422,131.83792291205964,132.95405843832057,3239186
2017-12-18,138.0883026123047,139.38303091711208,125.49830015876053,131.5254329063826,6134896
2017-12-19,134.47201538085938,138.40080703387594,133.93626487149282,138.40080703387594,6429504
2017-12-20,132.23974609375,134.29342461654713,131.7932918714547,134.11484565256933,2846523
2017-12-21,132.23974609375,134.82917513318213,131.3468376491594,132.64155216887545,4171272
2017-12-22,132.3290252685547,134.56129632107653,130.9896626370416,132.86477577104043,4097737
2017-12-26,132.23974609375,133.89161854142168,130.94501794933234,132.1504497994103,3052585
2017-12-27,132.41831970214844,134.42736362122272,131.3914668575787,132.5968986589037,2727628
2017-12-28,130.27532958984375,132.9094202590848,129.60564829251823,132.41831791610593,3415288
2017-12-29,128.84669494628906,131.48077220785578,127.95378647628665,130.36463662035277,2854907
2018-01-01,129.38243103027344,130.4539320872205,128.66811515857793,129.56102362289923,1583719
2018-01-02,126.74835205078125,129.73960081519994,125.63221648565514,129.5610218497201,2754134
2018-01-03,127.81983947753906,129.82888349491031,126.79300020743,126.79300020743,2243525
2018-01-04,131.70401000976562,132.4629877207201,126.61443404280344,127.95379685646208,4391613
2018-01-05,129.73959350585938,133.2665789680123,128.35558275813582,132.68619395672548,3766980
2018-01-08,130.05210876464844,131.5254158646597,129.20384847205491,130.45392846218883,2094620
2018-01-09,128.66812133789062,131.97188008960268,127.99843995748807,130.05211862429385,3242698
2018-01-10,126.56977081298828,129.6503021924911,125.632214230174,127.775202651564,3373196
2018-01-11,123.93568420410156,127.95377186012625,123.57851268207911,126.52511302143729,7312933
2018-01-12,122.86421203613281,125.81079911409374,122.06058623102356,125.0071869336866,5898335
2018-01-15,124.60538482666016,125.72152045996113,123.35530474254155,124.02498612252212,3589855
2018-01-16,121.7480697631836,125.00718007966576,120.274762680281,124.60537401149283,5469268
2018-01-17,125.4536361694336,125.85544224361246,120.63193602988403,121.83735425242062,4662669
2018-01-18,123.13207244873047,129.29314906082809,122.14988130746411,128.4448887400565,5396514
2018-01-19,126.21261596679688,126.48047760439003,122.55168583973641,123.26601533095574,3300807
2018-01-22,125.31970977783203,126.07867380592322,123.266017562658,126.07867380592322,2546933
2018-01-23,129.51637268066406,130.5432119426006,124.78395519691412,125.90009075323715,5273202
2018-01-24,132.9540557861328,133.93626047952975,127.2840956006533,129.38242217334536,7746085
2018-01-25,126.56977081298828,135.54350332043674,125.31970445237023,134.47201592209248,16866285
2018-01-29,122.95349884033203,127.59662035750783,121.97130765624435,127.50733768151945,5329376
2018-01-30,121.52484130859375,124.38214552522501,120.63193288935264,122.95348660455876,3542212
2018-01-31,121.65877532958984,122.32845666167933,119.73902762748061,120.98909399750035,2987896
2018-02-01,117.95320892333984,122.68561269738143,117.14958316240158,121.97129685392703,4063977
2018-02-02,113.8458251953125,118.31036735983456,113.22079201721971,116.07809627757354,5635071
2018-02-05,113.08686065673828,114.29228574549003,107.46153449276201,108.89018670211041,9548623
2018-02-06,111.83678436279297,112.81898230410779,104.29171061774849,104.4702895844054,6453887
2018-02-07,110.40813446044922,114.15834733608715,109.64916361804048,113.3993764936784,6409549
2018-02-08,111.74749755859375,113.80118297378866,110.40813483950318,110.72065144482077,4120305
2018-02-09,112.72969055175781,114.29228032178217,108.0419212416847,108.93482968169863,3752919
2018-02-12,113.75653839111328,117.41746168969048,112.77434045427806,112.95291942012051,4453664
2018-02-14,108.22050476074219,113.66725192401135,107.81869867076053,113.57795562637004,4875048
2018-02-15,107.32759857177734,109.55986981338961,105.63107787803298,107.0597301101946,6827962
2018-02-16,105.67571258544922,107.14901287494993,103.6666685940439,105.89893969560536,7817508
2018-02-19,97.90740966796875,102.55053072951817,93.041054688949,100.8093620345248,26675076
2018-02-20,99.42534637451172,101.61297598464847,93.75537954542511,93.97860663958089,24798306
2018-02-21,97.72882843017578,101.43439990953708,96.21088676988366,101.34511042581713,11957085
2018-02-22,95.85372161865234,97.7734761661194,95.18404027504879,96.5234029622559,7782699
2018-02-23,96.9698486328125,97.32701334701473,95.98765077801912,96.43410496768432,4372709
2018-02-26,96.07695007324219,97.90741516289644,95.76443347100515,96.52340430853825,4445258
2018-02-27,92.01422119140625,95.89837170015512,88.8443933761606,95.76443406626356,12131553
2018-02-28,94.24649047851562,94.91617182209859,89.38013529440224,89.38013529440224,12454730
2018-03-01,92.50531005859375,94.51435398424428,92.01421451973395,92.86247478562396,5853028
2018-03-05,89.96053314208984,91.21060642911522,88.88904564598316,89.33549990475284,7748996
2018-03-06,86.38890075683594,91.43383534179846,85.40670273085642,91.07667056534642,6838649
2018-03-07,85.45133972167969,87.01392957833157,83.48694376968635,85.76386314289098,8503415
2018-03-08,85.94243621826172,87.23715071427188,83.93339225471793,86.79069650015104,6144699
2018-03-09,83.44229125976562,86.61211895683763,82.32615570619814,86.61211895683763,4805217
2018-03-12,81.38861083984375,84.15662581725127,77.68303921592425,83.84410920586434,11450366
2018-03-13,87.0585708618164,91.79098820796308,79.60278692483865,80.80821192814753,24571377
2018-03-14,91.07666778564453,91.79099731674697,84.37985397787655,85.71921673943015,17921999
2018-03-15,90.406982421875,92.237447506962,89.38013632078598,91.92492409315375,8990739
2018-03-16,89.15690612792969,93.21964224376953,88.57651428104532,90.63020641237439,11116382
2018-03-19,86.07637023925781,90.54091219344805,84.51378055529123,89.91587223245118,8460284
2018-03-20,86.12101745605469,87.41573879864865,84.2459110696385,84.55842766531606,7137992
2018-03-21,85.58528137207031,88.53188225062576,85.1388271063711,87.50503607704725,6353115
2018-03-22,84.55842590332031,85.76385773808106,84.02268220584372,85.76385773808106,4768283
2018-03-23,77.54910278320312,80.22782831500531,76.83478006213332,79.60279508252533,27151046
2018-03-26,81.34395599365234,82.59402914864246,76.79012439765678,76.8794138775095,13154454
2018-03-27,84.1566162109375,85.406689326143,81.43324288182376,82.77260547404026,11361080
2018-03-28,83.93339538574219,86.87999603379905,81.61183474818121,82.59403269341651,16544201
2018-04-02,84.8709487915039,86.9246340881345,83.75481325669902,84.02268169764179,6112500
2018-04-03,86.56747436523438,89.46942692369821,85.45133876582521,86.1656682743875,13192104
2018-04-04,85.40669250488281,88.04076964267246,84.91559014451832,87.4603778019737,7803421
2018-04-05,89.60336303710938,91.07666336579088,85.89779154750161,87.41574002434203,9481522
2018-04-06,91.03202056884766,91.88028774727464,87.9514889106242,90.36233918120331,12084888
2018-04-09,93.17499542236328,94.06790387262522,90.89808296160584,91.96957037697983,10158677
2018-04-10,92.2374496459961,94.15719744761827,91.70169910267246,93.6661018660398,7796012
2018-04-11,90.31768798828125,92.41602141148246,89.29084194346132,92.14814616071183,6014993
2018-04-12,88.13005828857422,90.94272117275224,87.10321905592642,90.89807983918313,7114509
2018-04-13,88.0854263305664,90.00518099948783,87.50503443358765,88.3979429482161,6235148
2018-04-16,87.50503540039062,88.62117105600785,86.21032076481521,87.41574591041153,5155899
2018-04-17,87.01392364501953,88.93367812904343,86.12101521638988,88.30864495394295,6106574
2018-04-18,86.03173065185547,88.7997455763018,85.4959869265354,87.50503100574902,7169661
2018-04-19,86.29960632324219,87.1478666579265,85.71921444629186,87.1478666579265,4347385
2018-04-20,81.8350601196289,86.07637522160931,80.98679301182236,85.71921048213028,9806191
2018-04-23,83.7994613647461,84.37985325223168,79.91531075211361,81.25467350214903,11830042
2018-04-24,82.46009063720703,84.02268036107748,81.83505747259909,83.0404824685433,4798817
2018-04-25,81.07608795166016,82.54938140733125,80.8528608447584,82.54938140733125,4915973
2018-04-26,80.85286712646484,81.52254849919971,80.00459996692327,81.52254849919971,4846424
2018-04-27,84.4691390991211,86.56747262126761,81.03144288466606,81.03144288466606,10143708
2018-04-30,85.1834716796875,86.03173202394365,83.12977941879736,84.15662554924242,4793812
2018-05-02,82.1029281616211,85.62992057966686,81.38860549852312,85.1834663605991,5424136
2018-05-03,81.79041290283203,83.26371321222086,80.85286311493068,81.96899868077814,5543370
2018-05-04,81.38861083984375,83.2637173205165,80.94215659147636,81.56718981425021,4661081
2018-05-07,82.8172607421875,83.53159024441901,81.79041463736134,82.01364175526481,4352807
2018-05-08,83.93339538574219,85.71921230884308,81.56718660016331,83.44229300694907,8558407
2018-05-09,82.05829620361328,84.46914653711757,81.52255244198471,83.48694850540662,4924612
2018-05-10,78.17413330078125,82.54937901962298,77.54909333212494,82.23686244147007,8359999
2018-05-11,78.66523742675781,80.13853781308987,74.3346325675736,75.00431394205626,23133456
2018-05-14,78.62059020996094,80.45104840925457,77.01335230645122,78.57594206339373,9570519
2018-05-15,76.52225494384766,80.76357027554828,75.89722172516908,78.44200956171922,7317544
2018-05-16,75.40612030029297,77.19193730503503,73.30778668219129,75.89722270153753,10084735
2018-05-17,76.03115844726562,77.14729404745346,74.73643706363708,75.62934554378735,5409617
2018-05-18,74.33463287353516,76.34367700525232,73.5756620084678,75.85257460366985,5971696
2018-05-21,77.63838195800781,79.42419874197441,74.37927177714909,75.76327569731296,8756883
2018-05-22,78.93311309814453,80.27247585384036,76.07580179858267,76.87942081447042,8887542
2018-05-23,77.54910278320312,81.65648056949622,76.52225663354203,77.81697806132387,10718935
2018-05-24,77.81697845458984,78.8884659477852,76.20974040244546,78.30807405049131,6995682
2018-05-25,79.69207763671875,80.27246948057676,77.50445470104323,77.81697129008963,6058558
2018-05-28,83.84410858154297,85.22811265376554,80.0938888357712,80.40641225718221,11729381
2018-05-29,80.76356506347656,83.66551747157335,80.27246951259369,83.12977377408717,6336006
2018-05-30,80.18318939208984,81.25467691214456,79.02240556840432,79.46885983715237,5518865
2018-05-31,80.9867935180664,81.56718537180399,79.15633528686429,80.808214553386,6148106
2018-06-01,79.64743041992188,82.14757678618074,78.7098806418379,81.16537886099005,6694445
2018-06-04,78.21878051757812,80.71892695557942,77.45980968144055,80.13853508829152,4666827
2018-06-05,77.68303680419922,78.97775135932882,75.98650935060283,78.2187805231373,5512685
2018-06-06,80.71892547607422,81.47789629830055,77.19193300095644,77.6383872272485,7597132
2018-06-07,82.77261352539062,83.66552200705547,80.00459859469983,81.2993199805245,6882756
2018-06-08,85.09417724609375,85.54063146708617,81.835060070379,82.54938273655638,8328592
2018-06-11,83.57623291015625,86.52283363829827,82.861910208912,84.96024378811562,8037967
2018-06-12,84.42449951171875,84.87095375173345,82.59403440271808,83.30836391168202,5070710
2018-06-13,85.3174057006836,86.5674720892753,84.42449724463185,84.82630332491478,5701854
2018-06-14,84.11197662353516,85.54063565046022,82.81726204427933,85.18347089372895,5578406
2018-06-15,80.71892547607422,84.73701351270275,80.3617607325704,83.93339454290687,6880119
2018-06-18,80.85286712646484,81.43325219962077,80.00459996692327,80.36176472818545,4910858
2018-06-19,80.4510498046875,83.04048566643355,79.55814135666134,81.21002062303957,9787080
2018-06-20,79.4688491821289,80.85285995462307,78.93310549393298,80.45104707921318,5454405
2018-06-21,76.79013061523438,80.00459983665766,76.43296585455374,79.46885610181232,6836632
2018-06-22,76.56690216064453,77.01335640064829,75.18289129169246,76.61155030958534,7295579
2018-06-25,73.5756607055664,76.70084041067365,73.26314409752591,76.38832380263315,6459065
2018-06-26,74.5132064819336,75.58470069574608,72.9952648611377,73.3524295990752,7135936
2018-06-27,72.63810729980469,74.11140773163888,71.52197164119568,74.11140773163888,6636518
2018-06-28,71.25409698486328,74.11140129791484,70.85228409523516,72.72739047644718,7252658
2018-06-29,73.17384338378906,74.06675181708655,71.56661229126401,71.56661229126401,7571496
2018-07-02,72.50416564941406,73.66494939512617,70.31654260443862,73.57565990984472,8053200
2018-07-03,72.10235595703125,73.08455387075597,71.25409567071235,72.41487254607766,4941366
2018-07-04,71.2094497680664,72.28093719637594,70.71834738955316,72.10235822910799,5497438
2018-07-05,70.94157409667969,72.32558492827216,70.40583038560712,71.25409750612701,5421672
2018-07-06,72.59346008300781,73.48636853759659,70.76299502616047,71.07551162279637,6027334
2018-07-09,72.59346008300781,73.70959565124379,72.28093667402104,73.08455564562111,5210069
2018-07-10,72.90597534179688,74.15604851775211,72.63810008539548,73.218491932698,4332620
2018-07-11,70.22724914550781,72.99526390671748,69.82543626595034,72.81668494625906,6226352
2018-07-12,70.04866790771484,71.74519539130738,69.42363469329445,70.94157639251605,5577353
2018-07-13,68.39678192138672,70.13795738482207,67.325294568773,70.09330923998381,4810896
2018-07-16,66.43238830566406,68.84323833269454,66.0752235725316,68.35214278544423,4324265
2018-07-17,72.05770874023438,72.72739007355385,65.98593540554836,66.16451436949322,11230122
2018-07-18,68.03962707519531,72.77204499620832,66.56633345460108,72.59346601563674,10186046
2018-07-19,68.30750274658203,70.31654694501091,66.78956096604301,68.17356510421648,7828073
2018-07-20,68.53071594238281,68.93252197541115,67.05741580069545,68.57536408487489,4790155
2018-07-23,70.49512481689453,70.94157907618417,67.10207653370404,68.39679116070347,7085208
2018-07-24,72.54881286621094,73.17384606750252,70.13796273282802,70.53976881760818,6235451
2018-07-25,73.08455657958984,74.82573217569947,71.8791315129607,73.03991524370045,6698195
2018-07-26,75.9418716430664,76.61155302682413,72.86133319037009,73.75424170204705,9184321
2018-07-27,75.9418716430664,77.9062676438152,74.87037734164326,76.43296723707795,7992209
2018-07-30,78.70987701416016,79.87065384957684,76.25437890818003,76.43295786367476,11128126
2018-07-31,77.19193267822266,79.51350009511575,75.89721815232913,79.02239772330739,9107395
2018-08-01,78.62059020996094,79.37956101514857,76.2543815012636,77.28122756115309,9007946
2018-08-02,77.54910278320312,78.39736995568461,76.52225663354203,78.04020518897406,5161955
2018-08-03,78.8884506225586,79.46884240710294,77.32586102466612,77.77231519549254,8096051
2018-08-06,80.89750671386719,81.16538198210674,78.70988366853138,79.0670484220671,7674558
2018-08-07,77.23657989501953,81.65647393863816,76.70083619463406,80.98679261006862,10530072
2018-08-08,75.9418716430664,78.35272189965369,75.49541738722792,77.63839236537159,6534199
2018-08-09,79.60279846191406,80.54034835043598,76.70084567926469,76.79013517164512,12360892
2018-08-10,76.38832092285156,79.46885236252598,75.40611617410818,79.46885236252598,9969708
2018-08-13,75.49541473388672,78.53129811700902,74.69179573915096,76.43296455078587,13085938
2018-08-14,76.2097396850586,76.7008420886885,74.82573558707193,75.49541696710294,6926259
2018-08-16,75.36148071289062,78.129495772059,74.73644065930331,75.89722446428588,7796281
2018-08-17,77.32587432861328,77.68303908919476,76.3436763462776,76.83477874362104,7951258
2018-08-20,79.11168670654297,79.46885144629987,77.32586982010926,77.86161352356922,6335393
2018-08-21,78.8884506225586,79.55813187879822,78.12947989462369,79.02238823627653,4870692
2018-08-23,79.2456283569336,80.36176396759463,76.611551040714,79.06704938416829,7787458
2018-08-24,77.37051391601562,79.64742623958679,76.92405971778398,78.575938888771,5980624
2018-08-27,80.18318939208984,81.12073926904984,77.37052613650685,77.50446377960156,13268510
2018-08-28,76.43295288085938,80.45104042869795,75.49540320710706,80.36175095677154,11741159
2018-08-29,78.53129577636719,79.42420423004891,76.65618938610575,77.1919330958446,8022501
2018-08-30,80.80821990966797,81.25467416331254,77.14729639225271,78.39736966492778,11372812
2018-08-31,80.13854217529297,80.71893409390746,77.54910602387167,79.73673605367225,12314897
2018-09-03,80.5849838256836,83.21906090446379,79.87065437431073,80.98678988436174,11902350
2018-09-04,75.67398834228516,80.31710938583912,75.09359650875327,80.18317857316687,11160427
2018-09-05,74.33463287353516,76.43296649308061,72.59346401765411,75.76328511584155,11166219
2018-09-06,74.06675720214844,75.40611994947373,73.3970758284858,75.36147861197362,8992513
2018-09-07,74.60250091552734,75.0043069779691,73.26313829092075,74.1113985615647,6171350
2018-09-10,72.77204132080078,74.825733555408,72.5041660511212,73.88817692388055,6896749
2018-09-11,72.10235595703125,74.15604807765169,71.87912884880515,72.95061624335015,7233806
2018-09-12,72.50416564941406,73.12920567108638,70.62905920909925,72.2362971935697,7236461
2018-09-14,74.87037658691406,75.18289320038042,73.26314536950797,73.57566198297432,6812134
2018-09-17,73.48637390136719,74.2006966297661,72.32559010073581,73.39707759950987,10263319
2018-09-18,66.83419799804688,73.26314310610844,66.2538061267679,73.21849495741351,19886770
2018-09-19,70.04866790771484,70.76299742049626,66.52168211769049,67.45923875167222,17495332
2018-09-21,65.89664459228516,71.07550937791812,59.55698931505844,70.53976568455619,12384158
2018-09-24,64.55728149414062,66.52167729329777,63.262560197666076,66.11987122921809,6382243
2018-09-25,62.637535095214844,65.22697120928827,60.53920140035157,64.37870401359359,11098335
2018-09-26,63.039337158203125,64.11083141876968,61.78926392705101,64.11083141876968,7640102
2018-09-27,60.36061096191406,63.70901771067798,59.82486724458203,62.95004687676169,7801552
2018-09-28,58.7087287902832,61.69997064374385,57.8158203676173,61.52139168415093,10459743
2018-10-01,61.78926086425781,62.45894218928525,56.61039603812274,58.931956602414374,9705154
2018-10-03,61.2088737487793,64.06617791335457,60.271317200716844,61.61067980517722,9716245
2018-10-04,60.762420654296875,62.235714096164195,59.33376173363063,59.6016369843432,7601325
2018-10-05,58.93196105957031,61.56603841229243,58.4408586591334,60.71777806137547,8324894
2018-10-08,59.28912353515625,60.09274251743695,57.503306602244024,58.931958786103614,8338623
2018-10-09,58.7087287902832,60.36060800974499,57.324718010210795,59.73557483881912,7275074
2018-10-10,64.02153015136719,64.73585960296076,58.396211266382295,58.396211266382295,12605014
2018-10-11,61.2088737487793,62.86075293181033,60.271317200716844,60.85170902511977,7677887
2018-10-12,61.69997024536133,63.083981016497496,61.43210180770151,62.235713933031576,5729329
2018-10-15,61.566036224365234,62.592882326381506,60.58383827074789,62.05713860734941,5341857
2018-10-16,63.44114685058594,64.11082817492421,61.8339089472338,61.8339089472338,5666910
2018-10-17,59.6909294128418,64.46798832932328,57.77117485415738,64.33405750970071,8310635
2018-10-19,57.592594146728516,60.13738182795102,57.235429409705006,58.88730865454413,9424384
2018-10-22,55.98535919189453,59.06589395385967,55.49426023707119,58.30692315151225,10353547
2018-10-23,55.94071578979492,56.96755846422891,54.8245802266001,55.717488677155956,7895699
2018-10-24,56.61039733886719,57.28007867928198,55.4049688824153,56.69968682178565,9814022
2018-10-25,56.83362579345703,57.860471902127316,55.49426308102215,55.94071731850045,16667984
2018-10-26,55.4942626953125,57.146142000030686,54.69064371096687,56.87827014064064,13037189
2018-10-29,62.2357177734375,62.682172009437345,55.4942628972505,56.074651360344994,20684460
2018-10-30,67.68246459960938,70.85228557361138,61.744621924915585,62.95004699425018,50703951
2018-10-31,68.44143676757812,69.02182864555155,65.4501947039934,67.8610448896047,20226029
2018-11-01,69.06646728515625,70.00402388314129,67.54852564421469,68.75395068994486,13507324
2018-11-02,67.6378173828125,72.50416587551337,67.01278417154212,69.91473673252088,16344906
2018-11-05,70.94157409667969,71.43267647236758,67.01278234058019,67.8163945010136,12440081
2018-11-06,70.49512481689453,72.23630051553496,69.69151260005427,71.61126046511865,9542388
2018-11-07,70.8076400756836,71.43267324160743,70.53976482608734,71.43267324160743,908757
2018-11-09,73.08455657958984,74.20069216208924,70.13796272920204,70.53976881396143,13785896
2018-11-12,70.1379623413086,73.3077832906658,69.42363284751916,73.08455617540046,9783765
2018-11-13,71.3433837890625,71.78983799698861,68.262845666962,69.69150458220601,10554347
2018-11-14,72.01306915283203,74.55785691872552,71.52196677154076,71.87913152044797,11893676
2018-11-15,72.86132049560547,73.5756499054286,70.89692483711701,72.01306028224684,7243250
2018-11-16,73.75424194335938,75.54005897255621,71.6112601458529,72.86133342876096,11375780
2018-11-19,72.99526977539062,75.00431389764908,72.14700942648865,75.00431389764908,11025472
2018-11-20,71.38802337646484,72.86132358905773,69.91472997622238,72.19164229354736,15314250
2018-11-21,73.35243225097656,74.15605123730137,70.98622344049002,71.43267767596481,10985086
2018-11-22,71.7005615234375,73.79889531883099,71.43268622515245,73.35244102992378,7256111
2018-11-26,71.47732543945312,72.3255857573458,70.00402510785182,72.3255857573458,7925837
2018-11-27,72.95062255859375,73.84353106879612,71.25410183909027,71.43268081619023,11420374
2018-11-28,70.89693450927734,73.48637045771406,70.4504802703176,73.21849518939779,8596382
2018-11-29,71.25409698486328,72.14700543423575,70.36118853549081,71.43267594979744,8509042
2018-11-30,70.1379623413086,71.8344829674444,69.20040573225381,71.56661451653656,9535721
2018-12-03,72.10235595703125,72.86132676252986,69.78079539394993,70.13796012958183,9553521
2018-12-04,70.58441162109375,72.7720344723152,70.1825987543885,71.96841555125512,6514468
2018-12-05,67.9949722290039,70.89692436710286,67.68245566890943,70.3611807194623,7881260
2018-12-06,65.67342376708984,68.03962587345211,65.18232136066486,67.50388212884842,7523652
2018-12-07,65.18231964111328,66.52168237346493,63.351854515292246,66.16451761570092,9166675
2018-12-10,63.887603759765625,65.18231831645342,62.59288239072684,62.59288239072684,5857408
2018-12-11,65.53947448730469,66.34309336765415,61.699965843607295,62.50358472395676,10272963
2018-12-12,68.79859924316406,69.20040532332689,66.16451521118817,66.16451521118817,10205966
2018-12-13,68.93252563476562,70.67370109913738,67.99497590381202,69.20040087923834,7630320
2018-12-14,69.46827697753906,70.58441248930961,68.57536856812263,69.378980686717,8280080
2018-12-17,69.51292419433594,70.18260555808166,68.84324283059021,69.6468618295553,4418775
2018-12-18,71.83448791503906,72.86133407845374,68.97718336778652,69.42363762906669,13289659
2018-12-19,74.20069122314453,74.55785596749493,72.10235771706844,72.2809366830682,10376506
2018-12-20,73.62030029296875,75.5400548572401,72.72739182701473,73.70959658944493,10058751
2018-12-21,73.5756607055664,75.13825055812003,72.54881458284666,74.55785867898703,7291064
2018-12-24,74.15605926513672,74.91503018513677,73.03992355562143,73.79889447562147,7768263
2018-12-26,74.55785369873047,75.00430791249532,71.4326742023765,73.97746185836603,8520193
2018-12-27,74.9150161743164,76.12044115268054,74.02210777369845,75.31682222965429,10380223
2018-12-28,76.7454833984375,77.86161903141274,75.0936040241044,75.18289351227216,12520877
2018-12-31,76.70083618164062,77.6383859540687,76.20973381583252,77.19193173509797,6966710
2019-01-01,78.84381866455078,79.4688518530615,76.38832043313596,77.41515969821059,9352838
2019-01-02,78.7545166015625,80.1831754632614,77.95090450729478,79.33490841258389,11020333
2019-01-03,79.2456283569336,80.09388869609552,78.17414089563945,78.75452596330229,8303993
2019-01-04,82.37080383300781,83.0404851649835,78.75452191539887,79.42420324737454,15625825
2019-01-07,80.89750671386719,84.11197587098654,80.22782535561936,83.66552163215466,9581302
2019-01-08,84.42449951171875,85.27275984280624,80.27247371711191,80.89750692819204,12121456
2019-01-09,82.14757537841797,85.0048796231618,81.43324591105667,84.9155901428293,10605358
2019-01-10,82.86190795898438,83.53158930516469,81.3886076349175,81.96899949741062,5790987
2019-01-11,83.6208724975586,84.69235984589238,82.14757228433682,82.5940264815343,10264202
2019-01-14,84.1566162109375,85.22810355977053,81.29931207248244,83.21905967144576,10367880
2019-01-15,84.06732940673828,84.7816520578878,83.0404833575883,84.11197074048789,8255203
2019-01-16,85.89778900146484,86.61211847672868,83.30835998142264,83.6655179067038,9593343
2019-01-17,84.69236755371094,86.61212213884629,83.48694247404256,86.25495738611279,8840714
2019-01-18,82.59403991699219,85.09418655293364,81.8350690207658,84.82631126610008,7303587
2019-01-21,77.05799865722656,83.4869364967413,75.9865044757404,82.63867623053815,22590728
2019-01-22,74.95966339111328,77.32587220096339,73.93282409967829,75.89722001029855,16395769
2019-01-23,73.88817596435547,75.62934475760834,73.48636987740511,75.22753867065798,7830565
2019-01-24,73.66494750976562,74.60250411210299,73.21849328243371,74.02211225410133,6625042
2019-01-25,70.94157409667969,74.73643503427422,70.4504785333427,73.84352657836962,9353149
2019-01-28,70.0040283203125,71.78984533454317,69.28969878967972,70.94157816537283,7611090
2019-01-29,71.47732543945312,72.63810235802464,69.51292272653438,69.82543932721322,9561030
2019-01-30,72.50416564941406,73.08455752227012,70.94157581375987,71.7005534695299,6665473
2019-01-31,73.88817596435547,74.46856783289009,71.20945055175044,72.86132986038668,8495733
2019-02-01,72.72738647460938,75.31682219777552,71.61125097430936,74.11139721992159,10592499
2019-02-04,70.94157409667969,72.54881204224831,69.64685956055838,72.54881204224831,6977579
2019-02-05,69.78079986572266,72.01307109103463,68.75395373960892,71.2541002368988,6870366
2019-02-06,70.89693450927734,71.16480296524254,67.90569247071727,70.13796366551598,6741919
2019-02-07,70.36119079589844,72.23629723734969,69.73615077384731,70.76299688608404,5938788
2019-02-08,64.7358627319336,69.95937581059185,64.3340566537102,69.69150736255989,15553054
2019-02-11,64.42334747314453,65.2269664586169,63.619728487672155,64.64657459064513,8149862
2019-02-12,62.86075210571289,64.91443731815292,62.54823553124923,64.42334179038157,7899565
2019-02-14,63.35185623168945,63.9768962777985,60.98565412364142,62.01249346305035,10625776
2019-02-15,61.29816436767578,63.53043541666361,60.807062011958216,63.39649779125421,6551655
2019-02-18,60.67312240600586,62.05713313614052,60.27131635524439,61.38745184330447,5620070
2019-02-19,61.16422653198242,62.994691510799505,60.360607594639546,60.71777232371978,8287336
2019-02-20,62.191078186035156,62.59288428479323,61.164232051890835,61.432107325963685,6424383
2019-02-21,63.887603759765625,65.45019358242033,63.1732742587545,65.18231831645342,15866924
2019-02-22,63.57508087158203,64.42334801259796,62.994695811101366,63.79830799095184,5447748
2019-02-25,63.61972427368164,63.97688900049523,63.08398058963653,63.66437241916479,4046656
2019-02-26,62.2357177734375,62.99469542451804,60.449900829438135,62.14642828870774,9610206
2019-02-27,62.5928840637207,64.24476341506578,61.52139659591611,62.68217355064589,7791959
2019-02-28,63.976898193359375,64.37870431104123,62.325018758381745,62.771473027962266,6383643
2019-03-01,68.88788604736328,70.04866290733284,64.11082735715449,64.33405446241986,19395161
2019-03-05,72.01306915283203,72.32558575349422,68.35214580432289,68.88788952150821,11139738
2019-03-06,70.76300048828125,73.03991994817598,70.00402960576682,71.87913614267055,12556714
2019-03-07,71.38802337646484,73.03990935527075,70.00401945315367,70.62905260402317,11551976
2019-03-08,69.73614501953125,72.01306417563795,69.55756606359564,70.71834290187807,8790110
2019-03-11,73.84352111816406,74.55785055500849,70.27188755864269,70.27188755864269,13144457
2019-03-12,73.84352111816406,76.65618390875721,73.26313611462214,75.22753184741875,15242637
2019-03-13,73.75424194335938,74.24534435132904,72.0577144031521,73.97746907200897,11944420
2019-03-14,73.93282318115234,74.82573164076842,72.7273913107899,73.66494791832714,8104798
2019-03-15,74.02210998535156,75.89721632020411,73.62029710565773,74.11139946561107,11599757
2019-03-18,74.78108215332031,75.09359874611776,73.66494659879314,74.37927607863085,7445309
2019-03-19,78.263427734375,79.82601753643813,75.09359998239228,75.45076472819117,22242435
2019-03-20,78.97775268554688,79.60279271176297,76.9687085965294,78.70988422775521,13692304
2019-03-22,77.54910278320312,79.7367327215857,77.05800718978351,79.64743642064458,8279854
2019-03-25,78.04019927978516,78.53129483601911,75.49541157973418,76.29902372854443,7771097
2019-03-26,81.74576568603516,82.14757173589011,78.08483584357714,78.44200056142066,14525146
2019-03-27,83.75481414794922,84.11197207300683,81.12073017036951,82.2368657170514,13228502
2019-03-28,86.56747436523438,87.32645202271347,83.12977808152436,83.75481810460414,15011461
2019-04-01,86.07637023925781,88.97832250948147,85.54062656722506,85.80849499706625,12734106
2019-04-02,88.2193603515625,89.29084780022477,85.18347016388465,86.433543395558,15381795
2019-04-03,84.6477279663086,89.648014170839,84.02268793302281,88.84439516367225,15596896
2019-04-04,82.46009063720703,86.1656619162842,82.01363643038691,84.06732850669971,17714646
2019-04-05,83.04048156738281,83.79945234827052,81.29931290461982,82.86190261153294,9235891
2019-04-08,82.37080383300781,85.13881864270378,81.70112250103215,83.17442279384878,11927271
2019-04-09,84.55842590332031,84.82630115823397,81.52254268016935,82.50474059426824,11923160
2019-04-10,83.57623291015625,85.58527700324824,83.26371630258994,84.20127293763998,8721010
2019-04-11,83.26371765136719,84.11197800169532,82.14758202601374,83.39765528887985,6667374
2019-04-12,83.4869384765625,83.84410321219441,81.79041109157397,83.3083595149219,7751907
2019-04-15,82.77261352539062,84.33520336830411,82.28151794788562,83.53159118468662,5976723
2019-04-16,82.41545104980469,83.4869384439309,82.14757579509778,82.95119474686778,4462400
2019-04-18,81.25466918945312,82.8619071291299,80.58498784997961,82.59403186840015,7536198
2019-04-22,77.54910278320312,80.67428257030568,76.9687108888424,80.36176595406569,7070780
2019-04-23,78.66523742675781,79.73673171334077,77.41516416525329,77.95091471472038,8092450
2019-04-24,79.55814361572266,80.36176260423521,77.68303718409403,78.7545246272101,6947082
2019-04-25,78.263427734375,80.13853413438058,77.41516061155875,79.69207990521967,6129391
2019-04-26,78.62059020996094,79.022396279663,77.32586889536958,78.79916917152836,6880489
2019-04-30,74.55785369873047,78.57594162261415,73.88817237808318,78.57594162261415,9894458
2019-05-02,75.40612030029297,76.92406884173447,73.57566195784311,74.11140569679547,7600082
2019-05-03,75.9418716430664,76.56690487629976,75.13825262008687,75.85257534201766,5629447
2019-05-06,74.9150161743164,76.25437877524334,74.55785145159913,75.0043056519081,4467534
2019-05-07,72.90597534179688,75.6293419909075,72.32558349449437,75.4061148813566,6167418
2019-05-08,73.3970718383789,74.60250369532139,72.1023573112899,72.90597627846793,6734094
2019-05-09,73.35243225097656,74.11140308881349,72.77204038238915,73.03991564861441,5014619
2019-05-10,75.04895782470703,75.5400533839934,73.26314092762752,74.11140122879995,6978479
2019-05-13,67.72710418701172,75.49541174549,63.79830566676014,74.82573041177726,14639500
2019-05-14,70.8076400756836,72.72738771917133,66.47702881053068,67.77175010044516,13530185
2019-05-15,63.79830551147461,67.86104165105017,62.99469336285597,66.2538037291113,36895427
2019-05-16,62.637535095214844,64.28941452256032,61.78926789952016,63.84296025504255,13719289
2019-05-17,63.083980560302734,63.530434765524475,61.833907423211734,62.77146397911762,8543601
2019-05-20,66.0752182006836,67.05741602768319,64.86979328516817,66.34309343184263,12806147
2019-05-21,63.887603759765625,66.38774338860256,63.083984774215864,66.2538057556191,9074806
2019-05-22,63.57508087158203,64.06618325913604,62.59288290882507,63.97689377385833,7989744
2019-05-23,62.280364990234375,67.36994047954973,61.78926261304127,65.94128830819373,20942310
2019-05-24,66.9681396484375,67.41459391276042,62.503597005208334,62.6375346469755,13537813
2019-05-27,69.11111450195312,70.09331242182705,67.14671184985453,67.41458710634322,13403507
2019-05-28,70.94157409667969,71.20944935839142,68.39678635982177,69.51292192970251,13894860
2019-05-29,70.18260192871094,70.80764192329477,69.24505215536135,70.80764192329477,13146240
2019-05-30,69.95938110351562,71.56661916270984,68.9771830950531,70.53977300335528,8867615
2019-05-31,67.68246459960938,70.71834794094066,66.29845374926349,70.27189370693888,11087241
2019-06-03,68.35214233398438,68.70930025240717,66.56632549246787,68.26284604202806,7642627
2019-06-04,69.6915054321289,72.19164493959522,67.86104043236818,67.86104043236818,15631329
2019-06-06,65.49483489990234,70.04866673358893,65.04838066498502,70.04866673358893,12897270
2019-06-07,65.9859390258789,66.8341993696832,64.73586577262691,65.36089899307731,9319279
2019-06-10,64.86979675292969,67.41458433557742,63.932240206103984,66.65561355652115,8537807
2019-06-11,66.20915985107422,66.52167643157122,64.3786948887552,64.91443857137158,6882890
2019-06-12,66.56632995605469,67.05742553299163,65.4501943552647,66.07522756676666,6506615
2019-06-13,64.91444396972656,66.52168196358585,63.17327515333824,66.11987587129657,8950535
2019-06-14,65.00373077392578,66.16450754453332,64.55727659776517,65.00373077392578,5776156
2019-06-17,64.69121551513672,66.11987450793154,64.4679883990564,65.00373892752994,5642661
2019-06-18,66.16451263427734,66.83419395003389,64.46798527189063,64.86979814875492,9331467
2019-06-19,64.7358627319336,67.14671282597561,64.11082954084148,66.56632778239758,8355903
2019-06-20,67.28064727783203,67.68246014942464,64.42334309303148,64.73585967381426,6663438
2019-06-21,67.6378173828125,69.11111773777962,66.38774414792067,66.96813602258663,10066374
2019-06-24,67.23600769042969,68.1289161229063,66.74490532762727,67.23600769042969,4866923
2019-06-25,67.45923614501953,67.9503317052734,66.8788442898551,67.05742325497454,4163890
2019-06-26,69.33434295654297,70.09331378151596,67.23600944784675,67.77175315886586,7116853
2019-06-27,69.2896957397461,69.95937709060514,68.35214593595401,69.60221234101012,5449727
2019-06-28,72.3702392578125,74.78108956974735,69.42363837669083,69.91474079432827,28937243
2019-07-01,74.55785369873047,75.04895605881208,71.78983893585851,72.77203684367106,12615826
2019-07-02,73.75424194335938,75.18289420424658,72.90598157943141,75.00431522626744,11001361
2019-07-03,74.78108215332031,75.31682585702319,73.3524300059957,73.79888422780657,7703994
2019-07-04,75.76327514648438,77.32586482109451,75.09359385736575,75.31682095373861,14709092
2019-07-05,75.0936050415039,76.92407022932373,74.42392365264564,76.0758030493591,15217156
2019-07-08,68.79859924316406,74.78108317198229,68.44143449837993,74.55785605803607,14518857
2019-07-09,69.78079986572266,70.0933164747961,67.95033473602638,68.70930559016222,8843265
2019-07-10,68.79859924316406,70.89693275178831,68.17355923670412,70.89693275178831,9697661
2019-07-11,70.04866790771484,70.36119132727616,68.30749908729292,69.20040757209414,7144574
2019-07-12,70.1379623413086,70.89693317074055,69.11111624861788,69.69150811077793,6753009
2019-07-15,66.70025634765625,70.3165381789421,66.16451265733443,70.22724869928022,10650978
2019-07-16,69.24505615234375,69.46828327493371,66.52168253180587,66.61097201837163,7752075
2019-07-17,69.11111450195312,70.18260190320636,67.95033080696983,69.1557558364674,8344571
2019-07-18,66.92349243164062,69.69151435897885,66.4323968214382,69.2004119364249,8506491
2019-07-19,65.9859390258789,67.77175601270999,65.36089899307731,67.2360122791309,6134692
2019-07-22,66.6556167602539,67.19136046461121,65.22696461118416,66.07522490872066,8868318
2019-07-23,64.64657592773438,67.41459087952269,64.1108321971223,66.96813663528745,8461147
2019-07-24,63.083980560302734,65.09302448380059,62.54823687650675,64.73585975715308,8206191
2019-07-25,62.414302825927734,63.93224448564942,61.96784859514478,63.351852623161385,7779410
2019-07-26,62.637535095214844,65.62877732511367,62.05714318497143,62.50359745248921,11517415
2019-07-29,62.86075210571289,64.02152892691367,61.34280375319594,62.63752500790308,9238304
2019-07-30,59.824867248535156,63.30721162994994,59.51235064776674,63.128625849260146,9757170
2019-07-31,60.36061096191406,60.94100282750334,59.155185894829245,59.82486724458203,7503701
2019-08-01,58.574790954589844,60.494545418914825,57.77117201459908,60.27131831404798,9233059
2019-08-02,57.771175384521484,59.15518624036863,56.78897742828368,58.12834013561278,10827678
2019-08-05,57.99440383911133,58.842670994048575,55.271037025515746,56.8782716301204,14495829
2019-08-06,58.530155181884766,59.512353174145844,57.146144275277386,57.59259852742799,9534242
2019-08-07,56.74433517456055,59.55699493960034,56.25323617490366,58.48550745168556,11784798
2019-08-08,57.458656311035156,57.94975867421053,55.181740487725726,56.74433024574646,14868207
2019-08-09,57.815818786621094,58.798016662224875,56.92291038837212,57.815818786621094,8938472
2019-08-13,56.20859146118164,58.48550748350272,55.89607143855677,57.63724712280466,6934344
2019-08-14,56.387168884277344,57.41401494429425,55.98535940835006,56.47645836507213,7329705
2019-08-16,57.458656311035156,58.12833763590118,55.583549963880415,56.25323128874644,8615614
2019-08-19,57.28007507324219,58.262272948213244,56.69968325228415,58.17298347091596,6658503
2019-08-20,55.1370964050293,57.54794647836556,54.77993166503668,57.41401566167528,9159600
2019-08-21,53.797733306884766,55.58355018014235,53.12805197941317,54.91386885267076,8620741
2019-08-22,52.279788970947266,54.24418823860081,51.788690005577735,53.66379638468883,7526923
2019-08-23,53.038761138916016,53.52986008524064,51.431523269235,51.78868799720307,8302965
2019-08-26,54.869224548339844,56.07464958490291,52.949470031853814,55.360323511155336,10644199
2019-08-27,55.94071578979492,57.90511165607748,54.95851445047822,55.62819578839512,19468560
2019-08-28,53.84238052368164,56.65504359088631,53.3959262848349,56.16394460939,9706964
2019-08-29,53.26198959350586,54.199542770486836,52.235143529180036,53.48521670260492,6468842
2019-08-30,52.54766082763672,53.93167164764359,51.43152526709919,53.574506905801414,14455985
2019-09-03,47.85988998413086,53.351278133571064,46.25265550820395,53.351278133571064,20506863
2019-09-04,47.94918441772461,48.88673760843206,46.78840411464989,47.59201967546681,13706474
2019-09-05,48.70815658569336,48.97602844671451,47.45808676553616,48.21705760612534,10457052
2019-09-06,49.199256896972656,49.913586420598335,48.39564129215717,48.93138502870083,8495003
2019-09-09,50.27074432373047,50.71719854224703,48.57422033707273,49.37783588669733,8513587
2019-09-11,53.30663299560547,53.52986009909948,50.270743025616774,50.404680650183295,10448953
2019-09-12,52.81553649902344,53.842379179021236,52.369082271326455,53.57450732363814,9794065
2019-09-13,52.99411392211914,53.351278656347255,50.31538863393434,52.90482444164979,13274094
2019-09-16,52.81553649902344,53.797734437486625,51.87797989591942,52.681598868244166,7070515
2019-09-17,50.22610092163086,53.217342902937794,50.00287380642361,52.81553682050512,8183109
2019-09-18,50.717201232910156,51.56546497432903,50.449329368824074,50.717201232910156,7245736
2019-09-19,49.556419372558594,50.89578205830342,48.66351091539537,50.80649257505728,8260037
2019-09-20,53.1280517578125,53.887022563311106,48.44028248506434,49.64570750701515,18547210
2019-09-23,54.512062072753906,55.315681067961066,51.61010951009274,54.0656078323445,12395820
2019-09-24,53.4852180480957,54.82458073638349,52.77088855606852,54.779932588500195,7216136
2019-09-25,50.31538772583008,53.12805059013064,49.77964404033249,53.12805059013064,9728056
2019-09-26,50.49397277832031,52.68159918857239,50.13681143769629,50.53861752012638,13245454
2019-09-27,49.91358184814453,50.98506922307566,49.15460765036381,50.58326316056414,9577332
2019-09-30,47.14556884765625,49.95823202861151,46.47588746230268,49.91358728415641,11455902
2019-10-01,45.44904327392578,48.038475838142276,43.70787104598461,47.41343921706397,13418964
2019-10-03,45.98478698730469,46.78840598644625,44.5561347734703,45.44904325866068,10569763
2019-10-04,45.04723358154297,46.743757653012764,44.734713569252754,46.29730341217721,10025246
2019-10-07,44.28825759887695,45.35974841627366,43.88645152275667,45.27045893406369,8126968
2019-10-09,45.67226791381836,46.07407398551749,43.08283208411635,44.28825711156448,11764776
2019-10-10,43.84180450439453,45.53833195947253,43.57393264469156,45.44904247496338,9014951
2019-10-11,43.75251770019531,44.60078147969955,42.94889866568062,44.06503432129785,11489853
2019-10-14,44.19896697998047,45.67226724178328,43.79715750801831,43.8864503941073,11389521
2019-10-15,44.734710693359375,44.95793779942639,43.573930423045965,44.37754936735735,7995735
2019-10-16,44.868648529052734,45.806201697678475,44.19896720772359,44.73471090231677,8675787
2019-10-17,46.60982131958008,46.87769317074928,44.46683969787567,44.82400443688487,9455141
2019-10-18,46.52052688598633,48.08311660642392,46.163365565020044,46.43123740728858,14907810
2019-10-22,46.966983795166016,48.70815597939333,45.98478584825598,46.52052956362955,10565637
2019-10-23,47.94918441772461,48.30634575380699,46.20801226002482,47.14556545073227,10388752
2019-10-24,45.94013977050781,48.529572194419515,45.09187607401891,48.217055603901414,13677523
2019-10-25,47.72595977783203,47.99383164531495,45.31510615813458,45.538333282066276,13422215
2019-10-27,47.592018127441406,49.6903549591464,46.92233681212232,48.21705470297429,1299691
2019-10-29,48.440284729003906,49.690357955448405,47.234859651213185,47.59202099721482,9962696
2019-10-30,50.98507308959961,51.38688258875821,48.03847577272911,48.6188676499777,13854280
2019-10-31,51.20829772949219,52.145854317493715,50.404682176287814,51.29759061729849,12628217
2019-11-01,52.59231185913086,53.48522035652748,50.89578435160705,51.208300963225625,12440737
2019-11-04,52.458370208740234,53.48521626465806,51.699399406488176,52.50301494895941,10931475
2019-11-05,51.074363708496094,53.12805244968584,50.85113659736296,52.770887709402665,10776611
2019-11-06,51.16365432739258,51.83333567567304,50.18145637905142,50.94042721129909,8444342
2019-11-07,49.86893844604492,51.83333783056981,49.5564218329918,51.1636564544483,8015791
2019-11-08,48.84209442138672,50.13681239555089,48.57422255925719,50.13681239555089,8975315
2019-11-11,49.28854751586914,49.645708855023535,48.038474313390125,48.484928541964706,7557199
2019-11-13,47.100921630859375,49.64570939915599,46.788405029902066,49.15461042357644,8501076
2019-11-14,46.6991081237793,48.26169780654746,45.40439027682206,47.3241446781216,13374384
2019-11-15,47.81524658203125,49.02067502733144,45.62762020901274,46.074074431825686,31377345
2019-11-18,48.88673782348633,49.10996493683558,47.81524699817483,47.81524699817483,12085747
2019-11-19,52.6369514465332,53.574504595723305,48.9313801828589,49.065317806818314,29201112
2019-11-20,52.10120391845703,54.15489596895219,51.43152261664563,53.619148883797926,19180548
2019-11-21,51.38688278198242,52.7708902565768,51.20830040322092,52.05656414770637,8633849
2019-11-22,50.761844635009766,51.877980211031755,50.49397277799959,51.43152598062296,8218088
2019-11-25,51.74404525756836,52.056561851987176,50.62790969725056,50.76184392078345,9047151
2019-11-26,51.34223556518555,52.8601806022609,50.58326474973557,52.011916898644486,12012502
2019-11-27,52.32443618774414,52.8155385825245,50.89578396522558,51.34223821053458,8516049
2019-11-28,57.860469818115234,58.217627745352964,52.503015755164384,52.72624286586336,32833625
2019-11-29,56.29787826538086,58.753379960266805,55.71748980448187,57.90511282766533,17402732
2019-12-02,55.6728401184082,56.87826856145884,55.449613007418314,56.87826856145884,9957637
2019-12-03,52.86017990112305,55.89606652883032,52.50301516554555,55.49426045902483,12732434
2019-12-04,53.30663299560547,54.46741325253928,51.78868801061112,52.50301406055691,20739104
2019-12-05,51.922630310058594,54.154901545982426,51.476176062873826,53.57450966217199,14512861
2019-12-06,49.0653190612793,52.5030151649269,48.70815432570601,52.235143316334614,14879906
2019-12-09,49.64570617675781,50.761841687981466,48.61886355013721,49.065317754626676,12906205
2019-12-10,48.17241287231445,50.00287456349293,47.949185753727434,49.64570981128349,11951873
2019-12-11,48.57422637939453,49.24390779047345,47.5027354404331,48.08312395299602,11382369
2019-12-12,49.82429122924805,50.36003834725959,48.70815565777665,48.93138277207093,12161750
2019-12-13,53.217342376708984,53.52986237861412,50.136810942250534,50.18145568361543,21625185
2019-12-16,52.01191711425781,53.97631638178246,51.78869000217945,53.84237875206528,12774931
2019-12-17,52.01191711425781,52.860180821390664,51.610107631281686,52.32443370869735,11766184
2019-12-18,50.49397277832031,51.967273101148876,49.690357207284656,51.788690727749135,14025723
2019-12-19,50.761844635009766,51.2975917552056,49.824291432386396,50.53861751980537,11685641
2019-12-20,52.81553649902344,53.44056969285886,50.76184432667696,50.985071440525445,21863110
2019-12-23,52.19050216674805,53.663799138459225,51.4761760526297,52.68160115731844,14498096
2019-12-24,52.10120391845703,52.99411232087223,51.78868734008181,52.413723903007494,12033545
2019-12-26,48.618865966796875,52.23514452167795,48.21705648154888,52.101206891203475,26846326
2019-12-27,49.556419372558594,50.31539019867715,48.88673802968618,49.02067566073084,14585338
2019-12-30,49.109962463378906,49.51177192840524,48.529570635432506,49.46712718921904,7345559
2019-12-31,48.9313850402832,49.33319454587386,48.66351317194797,49.02067793384535,6146968
2020-01-01,48.70815658569336,49.645709802355135,48.350995239723666,49.15461082278711,4807629
2020-01-02,49.243900299072266,49.51177214151773,48.618863729249334,48.618863729249334,5754393
2020-01-03,48.88673782348633,49.55641916353409,48.52957307965735,49.199254419705106,5525524
2020-01-06,47.279502868652344,48.484927907561094,47.145565239362305,48.35099368444646,5204531
2020-01-07,47.056278228759766,48.48493045407017,46.654468725961344,47.85989382818102,5527537
2020-01-08,46.386592864990234,46.96698129134167,45.53832918905705,46.34194812545171,4490512
2020-01-09,46.92233657836914,47.68131077565497,46.65446473481102,47.23485656766635,5088100
2020-01-10,47.01163101196289,47.72595708703539,46.69911101237308,46.83304864165091,4761614
2020-01-13,46.92233657836914,47.59201789035207,46.565175255683414,47.59201789035207,3714041
2020-01-14,46.8776969909668,47.27950650355307,46.29730509432265,46.65446986243838,3239557
2020-01-15,47.01163101196289,47.23485812330901,46.60982153030479,46.87769338268505,2829991
2020-01-16,47.100921630859375,47.458086380103865,46.788405029902066,47.14556637297107,3704771
2020-01-17,46.966983795166016,47.41343802670249,46.60982245364213,46.877694311328916,3655362
2020-01-20,46.43124008178711,47.19021091296152,46.074075334072404,47.100921429120575,2391889
2020-01-21,46.20801544189453,46.699114441684365,45.98478831415591,46.25266018620712,2308022
2020-01-22,45.98478698730469,46.609823608173066,45.8062046090315,46.431241229899875,1736721
2020-01-23,46.78840255737305,47.19020862132032,45.85084599169524,45.984783617127874,3343402
2020-01-24,46.74375915527344,47.32415104948264,46.56518017814044,46.788407305732335,2862184
2020-01-27,46.29730224609375,46.74375647568453,46.07407513129836,46.431239877441165,1991306
2020-01-28,45.98478698730469,46.520530715948695,45.53833274470949,46.34195174385106,2011311
2020-01-29,45.98478698730469,46.38659648687547,45.716915122982684,46.25265885162669,1710263
2020-01-30,45.18116760253906,45.98478659482169,44.82400625521664,45.76155947542935,1971860
2020-01-31,44.55613327026367,45.895495952862674,43.84180378127052,45.44904172532967,2160583
2020-02-03,42.547088623046875,43.6632241755279,42.27921336551112,43.08283232576761,2917775
2020-02-04,42.8596076965332,43.216772456474544,42.41315344969431,42.77031820963566,2484469
2020-02-05,43.30605697631836,43.48463933580626,42.85960278068622,43.038185140174114,1708093
2020-02-06,43.75251770019531,45.225818128080334,43.26141869295888,43.306063437948424,4266040
2020-02-07,43.70787048339844,44.1989694628618,43.35070573132935,43.975742344362494,2122619
2020-02-10,45.493682861328125,46.788400699798395,42.54708587437264,43.752510830707784,6161761
2020-02-11,44.42219924926758,46.34195394612833,43.93110024030982,46.34195394612833,5602045
2020-02-12,43.57393264770508,44.73471297728191,43.35070553024125,44.37755163304508,2404887
2020-02-13,43.26141357421875,44.10967725335545,42.85960410450396,43.39534779334014,2720671
2020-02-14,42.63637924194336,43.66322534008339,42.3238626413836,43.26141584923836,2627577
2020-02-17,41.74346923828125,42.63637767118566,41.5648868704653,42.63637767118566,2161371
2020-02-18,38.618289947509766,41.78811422150382,35.760982264378015,41.52024237131108,5665324
2020-02-19,39.466556549072266,39.64513893106683,38.57364804527504,38.841519915179084,2615042
2020-02-20,39.466556549072266,40.00230028888034,39.02010229717365,39.198684679168224,2389438
2020-02-24,37.68074035644531,39.02010314110918,37.0557037090337,38.43971123861789,2115016
2020-02-25,37.63609313964844,38.08254737188068,37.10034601726446,37.90396499775269,2322554
2020-02-26,36.87712097167969,37.770029486278105,36.609249098535294,37.41286812414414,2347752
2020-02-27,36.07350158691406,36.87711712246629,35.894919221399576,36.87711712246629,2026301
2020-02-28,33.17155075073242,35.18059479174427,32.859030745091964,34.42162055476784,3523901
2020-03-02,32.45722198486328,34.06445997872257,32.233994864180104,33.93052234384245,2675507
2020-03-03,32.412574768066406,32.81438423586305,31.29643924983977,32.76973949636904,3306566
2020-03-04,32.50186538696289,34.600198652447766,31.564308892085556,32.41257250802573,6454043
2020-03-05,35.2698860168457,35.7163402702235,32.23399573140645,32.23399573140645,9531514
2020-03-06,32.769737243652344,34.555553950051106,32.41257253990257,33.08225380480211,4572495
2020-03-09,30.224950790405273,32.10006064861691,29.95707892671091,32.10006064861691,3611725
2020-03-11,29.37668800354004,30.80534009473899,29.01952327765267,30.35888589046741,3551512
2020-03-12,25.938989639282227,28.126616010199488,25.715762528090167,26.965835713235858,4209114
2020-03-13,27.68016242980957,28.215907849713755,21.786966217039016,23.483491960829152,6204887
2020-03-16,26.474735260009766,26.8318983001764,25.492535622235728,26.519381704460418,2676456
2020-03-17,26.519380569458008,27.769452008083313,25.894343998601535,26.787252412346415,3188890
2020-03-18,26.38544464111328,27.590871417777205,25.537182615377745,27.590871417777205,3016227
2020-03-19,25.760408401489258,27.14441577898387,24.644272870255648,25.358598929010093,3077729
2020-03-20,26.028282165527344,26.697963533609975,25.537183176835196,25.983637422223616,4874763
2020-03-23,23.037036895751953,25.00143613006344,22.412002014352975,24.242463621211833,2375651
2020-03-24,24.4656925201416,24.73356609156464,22.545939588838277,24.376401329667253,2360676
2020-03-25,23.974592208862305,24.421046433596842,23.394202057324947,23.662073910930584,1669507
2020-03-26,25.180021286010742,26.117574563464046,23.97459442707944,24.197821560100504,2454484
2020-03-27,25.938989639282227,27.50157941762664,25.09072763860502,26.78725334304713,3370786
2020-03-30,25.313955307006836,25.760409539218287,24.64427395868966,25.760409539218287,1864682
2020-03-31,25.62647247314453,26.564025637954934,25.35859892385037,26.47473445485688,1764146
2020-04-01,25.671117782592773,26.25150793097298,25.49253541243531,26.072927263903217,1772834
2020-04-03,25.537181854248047,26.02828081750586,25.09072763198178,25.89434489144352,1378652
2020-04-07,25.894344329833984,26.564025648709002,25.71576196356558,26.564025648709002,1885650
2020-04-08,25.894344329833984,27.144415784449816,25.49253485727391,25.71576196356558,2628257
2020-04-09,25.715763092041016,26.43009088537355,25.671118350058617,26.028281395181015,3963000
2020-04-13,25.313955307006836,25.805054281204338,25.18001937796095,25.805054281204338,1782834
2020-04-15,25.849699020385742,26.430089143341547,25.31395363646976,25.31395363646976,4087115
2020-04-16,26.16221809387207,26.430091662910144,25.358600792933434,25.76041029494665,3600789
2020-04-17,25.9836368560791,27.144417187562215,25.8497009259984,26.965836515150524,4092763
2020-04-20,26.34079933166504,27.055125411966632,25.93898984706557,26.0282810328752,11500241
2020-04-21,25.135372161865234,25.938989414577517,25.001436236927802,25.894344673960937,4159450
2020-04-22,25.40324592590332,25.671117778003936,25.0014364446647,25.135372370715007,4383029
2020-04-23,25.358600616455078,25.71576366959911,25.269309427397125,25.403247062527942,2417157
2020-04-24,24.68891716003418,25.26930728507393,24.644272420834056,25.00143544369793,3189565
2020-04-27,24.510337829589844,24.956792058157326,24.4210466432588,24.8228544271169,5446987
2020-04-28,23.92994499206543,24.644272750434457,23.751364329788917,24.55498156775237,6274030
2020-04-29,24.153173446655273,24.42104700966752,23.840656844439277,24.108528704363774,4322727
2020-04-30,24.331756591796875,24.778210841187644,24.24246540130116,24.465692525996545,4760552
2020-05-04,23.30491065979004,23.885300806048445,23.21561947503774,23.706718436543845,3334752
2020-05-05,22.769166946411133,23.66207545411353,22.72452220226114,23.66207545411353,3831287
2020-05-06,21.876258850097656,22.903103312647936,21.786967657030708,22.85845856765839,5048379
2020-05-07,21.519092559814453,22.099482673241663,21.474446118419994,21.876255575532152,4227682
2020-05-08,21.251220703125,21.831612565588216,21.072640032672094,21.653030192047574,2897417
2020-05-11,21.295867919921875,21.519095043394667,21.072640796449086,21.42980385338799,2550388
2020-05-12,21.385156631469727,21.519092549413177,20.760120076950166,21.027991912837063,2397272
2020-05-13,22.41200065612793,22.992390761928014,21.7869641095201,22.992390761928014,7005233
2020-05-14,22.18877601623535,22.590583809434122,22.054840085169094,22.322711947301606,2628947
2020-05-15,22.054840087890625,22.278067207391185,21.697675334219515,22.18877601897341,3201505
2020-05-18,21.07263946533203,22.05483908718626,20.715476430954407,22.05483908718626,4069503
2020-05-19,20.447603225708008,21.295866936987167,20.358312039822668,21.117284565216487,3836156
2020-05-20,20.536893844604492,20.715476211444816,20.224375554177758,20.44760266118433,2250707
2020-05-21,20.715476989746094,21.07264003375805,20.447603429421328,20.53689461619625,2766730
2020-05-22,20.402957916259766,21.072639237123298,20.22437554946109,20.715476206613616,3421837
2020-05-26,20.447603225708008,20.76012152476284,20.402958484309195,20.58153915299216,1495192
2020-05-27,20.760120391845703,20.983347492833293,20.22437500885797,20.447602109845555,3265393
2020-05-28,20.894058227539062,21.429803659647813,20.80476703833964,20.80476703833964,2766110
2020-05-29,21.117284774780273,21.25122070339358,20.670830544010766,20.80476647262407,2463870
2020-06-01,22.769166946411133,23.12633000887453,21.429804184857538,21.47444892900753,6981967
2020-06-02,22.90310287475586,23.08168525747538,22.456648621044877,22.769166939260128,3592260
2020-06-03,24.912145614624023,25.760409330177374,23.215619886605047,23.215619886605047,14205413
2020-06-04,26.028282165527344,27.233708968693637,25.001437741751534,25.001437741751534,13887365
2020-06-05,27.09977149963379,27.322998609675107,26.251507800241694,26.7872532049584,8522437
2020-06-08,26.38544464111328,28.305199216546225,26.162217523326916,27.94803446561784,9682131
2020-06-09,25.358600616455078,27.055126396205058,25.046082306296135,26.608672154003074,8140153
2020-06-10,26.16221809387207,26.519382852589498,25.31395604963765,25.581827915587933,5551984
2020-06-11,25.671117782592773,26.474735042125964,25.49253541243531,26.340799116051716,6408707
2020-06-12,25.58182716369629,25.715763092734832,24.197819725151753,24.59962751226739,4618964
2020-06-15,26.117572784423828,26.742609395542576,25.13537312541769,25.581827361048866,8309644
2020-06-16,25.8050537109375,27.14441637797323,24.86750052524757,26.921189266800607,6255832
2020-06-17,25.894344329833984,26.117571436125658,25.090727087801497,25.760408406676515,4026677
2020-06-18,26.251508712768555,26.474735830569458,25.805054477166752,25.849700922579583,3798169
2020-06-19,27.412288665771484,28.30519706917658,26.16221553853425,26.6086697402368,14607168
2020-06-22,29.287395477294922,29.73384968702861,27.680161003488703,27.680161003488703,15635325
2020-06-23,32.100059509277344,32.63580321765072,29.91243312209779,30.224949717619687,24991472
2020-06-24,29.37668800354004,32.59115691182531,28.840940914708987,32.59115691182531,23197023
2020-06-25,29.73385238647461,29.912434767816098,28.394489635676873,29.153463904834293,6228569
2020-06-26,30.224950790405273,31.608961664147987,29.689207063016546,30.18030604748547,6842752
2020-06-29,29.24275016784668,29.957076208268955,28.88558544454792,29.957076208268955,4223319
2020-06-30,28.394487380981445,29.73385002542562,28.30519790048864,29.51062291801826,3493404
2020-07-01,29.0195255279541,29.108815013262213,28.171261792824954,28.5730712890625,4275027
2020-07-02,28.930234909057617,29.421333871360286,28.66235965127853,29.019524390867048,3526830
2020-07-03,28.61771583557129,29.24275244697065,28.57307109322323,29.19810770462259,2757251
2020-07-06,28.75165367126465,29.019525533414914,28.66236077976421,28.885587899252016,2888852
2020-07-07,28.707008361816406,28.930235476896858,28.57307073029795,28.930235476896858,2295839
2020-07-08,29.0195255279541,30.358888244628908,28.707008923200192,28.840943151162357,13531643
2020-07-09,29.19810676574707,29.599916246310297,29.019524395921703,29.287396247572055,3649853
2020-07-10,28.61771583557129,29.108814813750964,28.349843975307426,29.019525329054844,3550490
2020-07-13,28.171260833740234,28.974879798856286,27.992680166115992,28.662359798566527,2943667
2020-07-14,27.189064025878906,28.037326064039757,27.010481647798844,27.858745389047474,3246712
2020-07-15,26.92119026184082,27.68016280849783,26.87654551919125,27.412290946424893,2398475
2020-07-16,26.697961807250977,26.965835359015305,26.43008995857432,26.921188915510744,2581989
2020-07-17,27.948034286499023,28.260552590014555,26.564026846328755,26.69796277552463,4796816
2020-07-20,27.724807739257812,28.305199616166696,27.54622706436012,28.171261981133707,4122366
2020-07-21,27.814098358154297,28.43913496520449,27.680162428954322,28.260552590879367,2655547
2020-07-22,27.50157928466797,27.992679948768853,27.27835217455512,27.903388764106175,2256504
2020-07-23,27.54622459411621,27.903387614970306,27.322997493196446,27.45693341313078,2760242
2020-07-24,27.278350830078125,27.456933190601635,27.05512373096754,27.41228845201456,2084425
2020-07-27,26.38544464111328,27.278353112258742,26.34079989879111,27.144417182204474,3252249
2020-07-28,26.072927474975586,26.65331762805432,25.80505391757083,26.34079932929263,2759742
2020-07-29,26.519380569458008,27.18906187976667,26.072926362585566,26.340798205473973,4300467
2020-07-30,26.16221809387207,26.87654590821914,26.02828216089693,26.78725471853978,2010269
2020-07-31,25.894344329833984,26.20686261925986,25.71576196356558,25.894344329833984,2359190
2020-08-03,25.938989639282227,26.25150793556865,25.80505371318453,25.894344898278895,2520814
2020-08-04,25.9836368560791,26.25150871624051,25.894345668329382,26.25150871624051,1649935
2020-08-05,26.29615592956543,26.87654611225567,25.983637614859056,26.028282358493765,2796376
2020-08-06,26.251508712768555,26.519382275982288,25.983636852642572,26.251508712768555,2329028
2020-08-07,26.251508712768555,26.430091088244378,25.938990407229742,26.117572782705565,2388288
2020-08-10,26.34079933166504,26.60867118600621,26.162216960045782,26.34079933166504,1664354
2020-08-11,27.412288665771484,27.680160505557964,26.117570799599047,26.519380262366386,6911725
2020-08-12,27.54622459411621,28.394486555758732,27.412288674181877,28.394486555758732,12782399
2020-08-13,27.010482788085938,27.769455372335674,26.96583804322507,27.635519434665216,3301370
2020-08-14,26.34079933166504,27.14441659777626,26.162216960045782,27.14441659777626,3342798
2020-08-17,26.206863403320312,26.74260881506636,25.983636290350102,26.430090516290523,3174028
2020-08-18,26.251508712768555,26.385444642831548,26.117572782705565,26.385444642831548,2600180
2020-08-19,26.697961807250977,26.921188915510744,26.43008995857432,26.43008995857432,5537764
2020-08-20,26.697961807250977,26.921188915510744,26.38544351506976,26.65331706683409,3400627
2020-08-21,27.189064025878906,27.59087182192738,26.921190458758815,26.96583690482272,6899257
2020-08-24,27.590871810913086,28.75165386179455,27.5015806219087,28.394489105777005,13938959
2020-08-25,27.278350830078125,27.814096208561043,27.23370609149105,27.680160289712216,5621927
2020-08-26,27.233707427978516,27.41228979726591,27.099771502556816,27.233707427978516,3000489
2020-08-27,27.278350830078125,27.635515551125142,27.23370609149105,27.23370609149105,3868068
2020-08-28,28.037324905395508,28.439134387926956,27.322998828770384,27.45693475525163,13615067
2020-08-31,26.965835571289062,28.97487956144209,26.787253202040382,28.97487956144209,9254039
2020-09-01,26.697961807250977,27.144416023770514,26.117571666393108,26.921188915510744,4425447
2020-09-02,26.430089950561523,26.74260824264799,26.20686284236943,26.697961799156964,2558654
2020-09-03,26.56402587890625,26.787252987132355,26.34079877068015,26.474734694998276,1956816
2020-09-04,26.206863403320312,26.430090516290523,25.93898984590343,26.16221695887364,2488925
2020-09-07,25.849699020385742,26.251506781007013,25.760407839218473,26.117570860799923,2554911
2020-09-08,25.671117782592773,25.983636078824485,25.58182659751404,25.93898963474127,1536880
2020-09-09,25.22466468811035,25.447891809244073,24.867501634913953,25.090728756047675,1994113
2020-09-10,25.715763092041016,26.028281395181015,25.31395530493622,25.31395530493622,2103326
2020-09-11,25.58182716369629,26.028281395883266,25.3586000476028,25.715763092734832,2030705
2020-09-14,25.537181854248047,25.849700150451973,25.44789066917725,25.62647303931884,2105705
2020-09-15,25.135372161865234,25.805053489640084,24.8228538682861,25.805053489640084,2724141
2020-09-16,24.912145614624023,25.313955101588817,24.37640019970021,25.180019173629795,2894231
2020-09-17,24.554981231689453,24.82285307298192,24.287109390396985,24.77820833379572,2489430
2020-09-18,23.974592208862305,24.733564731528563,23.796009837733404,24.688918287202483,4313508
2020-09-21,23.260263442993164,24.956790787652665,22.947746861375755,23.974591194188648,6731905
2020-09-22,22.769166946411133,23.39420358303794,22.278067948409944,23.215621200262333,4098199
2020-09-23,22.456647872924805,23.126329231181533,22.278067199242333,22.813810923377506,2912368
2020-09-24,22.18877601623535,22.367356689961106,21.920902451015074,22.322711947301606,2209015
2020-09-25,21.65302848815918,22.18877386353528,21.117283112783085,22.18877386353528,8063214
2020-09-28,22.144128799438477,22.278066428928845,21.653029834932813,21.876256946633152,4283956
2020-09-29,22.054840087890625,22.590583812221762,21.83161296839006,22.278067207391185,2378567
2020-09-30,21.74232292175293,22.05484124608292,21.697676473655587,22.05484124608292,1622254
2020-10-01,21.65302848815918,22.18877386353528,21.340510210599156,21.786964406231306,2583274
2020-10-05,21.920902252197266,22.367356487094057,21.7423215800912,21.876257509942686,2170845
2020-10-06,21.83161163330078,22.099483479084927,21.742320450343513,21.965547556192856,1386792
2020-10-07,21.74232292175293,21.965550052976084,21.608386983636606,21.876258859869253,1337626
2020-10-08,21.83161163330078,22.1887746620422,21.742320450343513,21.876256373235588,3341770
2020-10-09,22.23341941833496,22.322710601357926,21.608384543349537,21.920901129298418,3820599
2020-10-12,22.23341941833496,22.9031007363757,22.144128235311996,22.41200178438089,2125431
2020-10-13,21.65302848815918,22.278065043279227,21.56373730841523,22.18877386353528,1850280
2020-10-14,21.519092559814453,21.78696439583083,21.340510200411806,21.78696439583083,4388115
2020-10-15,20.894058227539062,21.6976755241583,20.80476703833964,21.519094848847235,3905520
2020-10-16,20.760120391845703,21.206574593820882,20.626184471870676,21.02799223179576,2538978
2020-10-19,21.251220703125,21.385158334824347,20.76012173051984,20.894057659131455,3254527
2020-10-20,21.02799415588379,21.295867723432238,20.938704669788752,21.295867723432238,1722272
2020-10-21,21.78696632385254,21.965548699058708,21.072640229203376,21.072640229203376,4188208
2020-10-22,21.563739776611328,21.742322156539853,21.42980384320883,21.51909503317309,1758051
2020-10-23,21.74232292175293,21.876258859869253,21.47444934243243,21.608386983636606,1200783
2020-10-26,21.697673797607422,22.09948326548771,21.563737876009874,21.742320240198367,1367337
2020-10-27,21.4298038482666,21.74232216167138,21.340512658281263,21.697675715134814,1285814
2020-10-28,21.295867919921875,21.653030976860784,21.206576729915202,21.38515910992855,2804362
2020-10-29,21.07263946533203,21.429802499709655,20.938703540326383,21.429802499709655,1750345
2020-10-30,21.47444725036621,21.65302961918217,20.983348290753856,21.072639475161836,1331467
2020-11-02,21.385156631469727,22.01019148290169,21.25121901043868,21.519092549413177,4090621
2020-11-03,21.295867919921875,21.7869669103269,21.117285539908526,21.7869669103269,3249018
2020-11-04,21.251220703125,21.563739005277256,21.072640032672094,21.385158334824347,2411301
2020-11-05,21.519092559814453,21.697673216129505,21.340510200411806,21.42980138011313,2921335
2020-11-06,21.876258850097656,22.010194788154152,21.653031718974212,21.876258850097656,4706645
2020-11-09,22.18877601623535,22.72452144358814,22.054840085169094,22.501294324115126,5102910
2020-11-10,22.456647872924805,22.54593906130992,22.144129565120778,22.501294318661245,5218662
2020-11-11,22.278066635131836,22.858456790307194,22.188775449007693,22.456647304292403,4427176
2020-11-12,22.099483489990234,22.4566465189079,22.0548387500334,22.188774672991567,2966687
2020-11-13,22.054840087890625,22.14412957322064,21.83161296839006,21.876257711055068,2719941
2020-11-14,22.23341941833496,22.278065861390274,22.099483495344348,22.144128235311996,707848
2020-11-17,22.23341941833496,22.501292967403852,22.18877467836731,22.322710601357926,3785057
2020-11-18,22.90310287475586,22.99239406611562,22.188776750053414,22.188776750053414,5456921
2020-11-19,22.545936584472656,22.992390774264194,22.50129184672853,22.7245189416243,3752436
2020-11-20,22.813810348510742,22.992392720781023,22.501293751669333,22.590583234716753,4671815
2020-11-23,22.858457565307617,23.17097587579398,22.724521633124255,23.081684686642483,3738338
2020-11-24,22.9477481842041,23.081684113059136,22.8584569972715,22.9477481842041,2435588
2020-11-25,23.840656280517578,24.24246406090005,23.215619684694566,23.215619684694566,12786008
2020-11-26,24.331756591796875,24.42104778229259,23.796011151910392,24.063884723397535,7434235
2020-11-27,25.001436233520508,25.18001860213787,24.37639964644742,24.510337274454287,9118979
2020-12-01,25.8050537109375,26.11757200719671,25.224663562506223,25.269308303505667,10355127
2020-12-02,26.251508712768555,26.56402701830737,25.894345664904662,26.117572782705565,10974145
2020-12-03,27.635517120361328,27.90338897326963,26.430090376098537,26.430090376098537,14547960
2020-12-04,27.814098358154297,28.528426152367054,26.831898705541594,28.081971919641983,15159912
2020-12-07,27.948034286499023,28.215907847978514,27.680162428107273,27.90338954446298,8100266
2020-12-08,30.224950790405273,30.537470803194985,27.85874535390026,28.171261960514425,33110725
2020-12-09,30.31424331665039,31.519668391818204,30.091016198569278,30.894631779955983,24187588
2020-12-10,29.19810676574707,30.35888706034886,28.75165254427135,30.35888706034886,10845010
2020-12-11,29.599918365478516,30.224951595352657,29.198108856148252,29.198108856148252,10405596
2020-12-14,30.224950790405273,30.80534266688935,30.00172366963071,30.537470803194985,10476417
2020-12-15,29.912433624267578,30.224950225036,29.555268875238966,30.224950225036,6300423
2020-12-16,29.287395477294922,30.224948636500606,29.01952363268977,30.001721531633763,7712498
2020-12-17,28.528425216674805,29.376688912265678,28.349842848206933,29.198106543797802,7053911
2020-12-18,27.769454956054688,28.439136337455906,27.501581381641508,28.394489890176462,6748710
2020-12-21,25.760408401489258,27.63551643457926,25.180018265865314,27.501578808361092,7917884
2020-12-22,25.938989639282227,26.25150793556865,24.287110378931146,25.447890675894776,11383381
2020-12-23,26.474735260009766,26.60867118718629,25.760409179676493,25.894345106853017,5772474
2020-12-24,26.697961807250977,27.099771283353633,26.60867062332953,26.78725299117242,5092535
2020-12-28,27.233707427978516,27.41228979726591,26.385443728494927,27.010480317913117,4892066
2020-12-29,28.48377799987793,29.376688114893327,27.412288927417205,27.412288927417205,21805127
2020-12-30,28.528425216674805,29.198106543797802,28.037324554931995,28.974879434756804,9694902
2020-12-31,28.171260833740234,28.79629742814434,28.037324907250127,28.70700794587607,5722932
2021-01-01,28.66236114501953,28.751654037657865,28.21590860344237,28.349844536224296,7888314
2021-01-04,28.930234909057617,29.19810676066131,28.70700779835864,29.108813872676482,8265267
2021-01-05,28.61771583557129,28.751653468790977,28.394488717655484,28.751653468790977,5789215
2021-01-06,28.43913459777832,29.064169493665485,28.349843411769378,28.8855871216476,6726368
2021-01-07,28.48377799987793,28.75165154530884,28.394486818067627,28.707006805947508,3617734
2021-01-08,28.394487380981445,28.84094159579617,28.171260273574084,28.70700737505696,5371701
2021-01-11,27.992679595947266,28.662359214757437,27.90338841241002,28.483778550770616,3954196
2021-01-12,29.465980529785156,29.912434780236445,27.501581146564355,27.858745909395633,18635584
2021-01-13,29.644561767578125,30.22495022706931,28.84094278529743,29.733851251753542,19044455
2021-01-14,29.644561767578125,30.135660742893894,29.4213346509641,29.465979393051807,10758845
2021-01-15,29.108814239501953,30.001722693550178,29.019524756567307,29.644561355636153,7652331
2021-01-18,28.43913459777832,29.332041348604598,28.26055222576043,29.287396607143986,7137456
2021-01-19,28.796297073364258,28.88558655453245,28.43913403942844,28.57306996426841,5091921
2021-01-20,28.930234909057617,29.242751501566026,28.483778984571963,28.840942021072788,6877754
2021-01-21,28.43913459777832,29.24275186568337,28.305198670308762,29.108814235126097,5127195
2021-01-22,27.769454956054688,28.394489890176462,27.724808508775247,28.260553954513785,3799473
2021-01-25,27.14441680908203,28.215907640963156,26.921189694364106,27.948034081449013,6960168
2021-01-27,26.831899642944336,27.233709147669664,26.60867251878311,27.144417957387613,5405010
2021-01-28,26.34079933166504,26.96583592924472,26.07292747732387,26.117572218684828,5402849
2021-01-29,27.724807739257812,28.171261981133707,26.564027391615603,26.697963323560817,10458436
2021-02-01,28.8409423828125,28.97488001338197,27.769453259870794,28.30519867288551,14589144
2021-02-02,29.510623931884766,30.448177133971182,29.108814443511882,29.332041558588433,21319402
2021-02-03,30.046371459960938,30.358888062843533,29.019525354188673,29.555269075180416,13633258
2021-02-04,30.849985122680664,31.162505112301055,29.644560122334976,30.001721445390036,29593973
2021-02-05,31.07321548461914,32.41257825038872,30.8946331012814,31.25179786795688,28208919
2021-02-08,30.35888671875,31.60895988728632,30.269597237929702,31.34108463247471,10724204
2021-02-09,30.135658264160156,30.939277180341175,29.64455932923851,30.448174839244327,12277388
2021-02-10,30.046371459960938,30.44817754761699,29.823144341851794,30.001723311398703,7365678
2021-02-11,29.77849578857422,30.314242908460205,29.64456156323432,30.135660535164877,4448100
2021-02-12,29.644561767578125,30.046371258718477,29.555268877227224,30.00172311045528,5970660
2021-02-15,29.912433624267578,30.269598373296194,29.867788882182875,29.912433624267578,4427760
2021-02-16,30.894630432128906,31.966121233407875,30.22494910710147,30.269597253710256,25511054
2021-02-17,34.019813537597656,34.7341430845869,30.537472323815816,30.760699455706025,92510035
2021-02-18,37.54680252075195,40.404110461115714,34.77878747594137,34.82343222063012,131622894
2021-02-19,36.16279220581055,40.00229785753806,34.153748194376625,38.618290442007556,87411108
2021-02-22,35.13594436645508,36.877116437052365,34.46626306285422,36.78782695904235,34109719
2021-02-23,34.60020065307617,35.894918520039234,34.376973552088586,35.44846431806406,15295831
2021-02-24,36.519954681396484,37.45750781397251,34.823427370125415,35.046654468651866,16721715
2021-02-25,37.01105499267578,37.814670533537445,36.78782788585165,37.502153946453795,12861968
2021-02-26,36.25208282470703,36.60924757818392,35.26988486190889,36.162793339425576,15119160
2021-03-01,35.760982513427734,37.01105569793355,35.6270482904863,36.609246216758436,8184972
2021-03-02,34.64484786987305,36.56460243813918,34.33233126860902,36.34137532118616,11101042
2021-03-03,35.582401275634766,35.939566027195106,34.912719921090755,35.13594703927209,11721736
2021-03-04,35.13594436645508,36.162790394446496,34.957365410435045,35.26988198964535,11929161
2021-03-05,34.19839096069336,35.403819341646624,33.975163861202965,35.18059224215623,7786621
2021-03-08,34.064456939697266,35.93956322368004,33.84122983892907,34.823427719839046,13043072
2021-03-09,33.52871322631836,34.68949358582411,33.12690372328832,34.37697697578719,9191895
2021-03-10,33.79658126831055,34.1091012491563,33.350127072395345,33.79658126831055,6086552
2021-03-12,33.618003845214844,34.55555701808022,33.2161943693653,34.287685169572306,5457089
2021-03-15,32.99296951293945,33.930522749790654,32.59116000966734,33.930522749790654,5748714
2021-03-16,32.54651641845703,33.439424943483694,32.412578777232746,33.17155306721084,5224025
2021-03-17,31.38573455810547,32.859031512203785,31.251796923107644,32.59115964838369,6167404
2021-03-18,31.38573455810547,32.14470540662501,30.805342681348964,32.14470540662501,7160984
2021-03-19,31.47502326965332,31.653605643198503,29.77849583023728,31.25179615426571,9732622
2021-03-22,30.760698318481445,31.83218919317652,30.582115938336333,31.60896206953903,6092177
2021-03-23,32.14470291137695,32.45721949387856,30.80534029006958,30.84998502954477,13824873
2021-03-24,31.162508010864258,32.50187076079523,30.98392562963834,32.23399548586855,11543282
2021-03-25,30.93927764892578,32.278640258729055,29.823142140756385,31.341083706926558,12629346
2021-03-26,30.26959800720215,31.653605432142122,30.135660376392448,31.653605432142122,8127862
2021-03-30,30.448179244995117,30.80534401635062,30.001724983888586,30.403534500119605,6055616
2021-03-31,30.403533935546875,31.11786005881764,30.224951553185274,30.403533935546875,6672972
2021-04-01,31.162508010864258,31.38573513585275,30.537471379661344,30.76069850464984,6985406
2021-04-05,30.403533935546875,31.162508209039764,30.001724426777184,31.162508209039764,5372465
2021-04-06,31.430376052856445,31.92147498680299,30.001720583168535,30.448174778788157,7730457
2021-04-07,32.859031677246094,33.3054859212472,31.43037945891279,31.69825132407834,14379483
2021-04-08,32.68044662475586,33.26083845694447,32.501867666705785,33.037611353206586,7614938
2021-04-09,33.84123229980469,34.46626550246678,32.27864248079848,32.59115908212952,17969015
2021-04-12,30.716053009033203,32.9036760554323,30.00172350161457,32.85903131276251,12529240
2021-04-13,31.34108543395996,31.65360543717379,30.492825125948507,31.02856883692158,10176423
2021-04-15,30.716053009033203,31.519668595615872,30.269598769984324,30.716053009033203,7823976
2021-04-16,30.760698318481445,31.43037968939392,30.626760681828713,31.028570185611315,4778514
2021-04-19,29.19810676574707,30.001722320698125,28.840942026096336,29.555268099222406,6139194
2021-04-20,29.24275016784668,30.0910138310498,28.930233589591698,29.59991489114544,4953845
2021-04-22,28.97488021850586,29.28739681714645,28.6623602136898,29.108814443848058,5748968
2021-04-23,29.19810676574707,29.555268099222406,28.70700780335886,28.70700780335886,5194074
2021-04-26,29.510623931884766,29.82314393669721,29.332041558588433,29.465979190104548,3839845
2021-04-27,30.224950790405273,30.448177911179833,29.55526942808159,29.73385180593635,4821127
2021-04-28,30.716053009033203,30.894631979712333,30.046371650459882,30.269598769984324,6550334
2021-04-29,31.0285701751709,31.475024422295657,30.224951167876092,30.849987795085873,9986393
2021-04-30,30.5374698638916,31.966122030434594,30.001722746806397,30.805341719346483,9469425
2021-05-03,30.35888671875,30.582113826976105,29.912432502297793,30.180304350934048,4779065
2021-05-04,31.787540435791016,32.68044891327026,30.448177719572143,30.760697730395197,21288497
2021-05-05,32.59115982055664,33.17155170037925,32.14470557643943,32.54651507738003,11966528
2021-05-06,32.14470291137695,33.03761132558187,31.430376861248078,32.68044659742979,6759713
2021-05-07,30.849985122680664,32.63580195648186,30.760695643460725,32.323285373036775,13763202
2021-05-10,30.805341720581055,31.65360543470171,30.671404089760525,31.02856883449831,11446516
2021-05-11,31.519668579101562,31.78754044115544,30.358888239417755,30.537470616178847,9016234
2021-05-12,33.260841369628906,34.2876874992152,31.56431387018431,31.608962019782,33685337
2021-05-14,33.394779205322266,35.18059620226622,33.03761444346323,33.79658530469417,30858002
2021-05-17,33.8858757019043,34.28768517785086,33.39477674515865,33.39477674515865,12041494
2021-05-18,32.859031677246094,34.1983944092494,32.725097447751104,33.84123305775386,17880726
2021-05-19,32.72509765625,33.30548613344388,32.635804763175535,32.99296952312222,9419693
2021-05-20,32.9036750793457,33.26083982245974,32.5465137424071,33.03761270955732,9001466
2021-05-21,33.394779205322266,33.66265107362874,33.082259187151706,33.394779205322266,12277264
2021-05-24,34.28768539428711,34.68949146659466,33.93052065648553,33.93052065648553,16912282
2021-05-25,31.251792907714844,33.12689911970769,31.07321055272145,33.037609645298545,98571030
2021-05-26,30.448179244995117,31.83219017936592,30.358889755244093,31.608963048812655,49082363
2021-05-27,30.31424331665039,31.073214155655975,30.224950425712642,30.448177543793754,44879762
2021-05-28,30.671401977539062,31.162504319277048,30.49282302364366,30.805339599135824,28013917
2021-05-31,30.98392105102539,31.251792880192014,30.671401078518404,31.073210525355893,21104866
2021-06-01,30.671401977539062,31.207149057750897,30.53746776211751,31.11785617462799,13024994
2021-06-02,31.47502326965332,31.653605643198503,30.537470066260443,30.67140429178773,26505584
2021-06-03,31.608964920043945,31.966126306367485,31.56431676634959,31.698254415080857,20258579
2021-06-04,31.653606414794922,31.832188792693277,31.34108640192892,31.608961671864222,19102745
2021-06-07,31.787540435791016,32.278642823345024,31.6982509505133,32.10006044661407,16940654
2021-06-08,31.832185745239258,32.94832124253131,31.564310500948988,32.59115652092776,39352897
2021-06-09,31.519668579101562,32.50186994819981,31.43037909380878,32.18934993732402,29475934
2021-06-10,32.055416107177734,32.323287972555775,31.475024227045672,31.698251349223302,24288684
2021-06-11,32.100059509277344,32.591158476315506,31.78753950758002,32.27864188079361,17306316
2021-06-14,33.394779205322266,33.5287134363877,31.43037982744879,32.18935068867973,55472261
2021-06-15,33.260841369628906,33.885877996065105,33.08225898976491,33.662650872779004,38521477
2021-06-16,33.439422607421875,33.70729446498134,32.90367548612748,33.26084023365708,26760857
2021-06-17,34.019813537597656,35.04665970676291,32.859033133003706,32.90367787814661,66721285
2021-06-18,33.7519416809082,34.555560718667614,32.233996501904706,34.555560718667614,48048890
2021-06-21,35.537757873535156,36.386021635851485,32.63580522773105,32.769742866161494,83537904
2021-06-22,35.85028076171875,37.055705979297834,35.5824054634337,35.89492550937429,58988780
2021-06-23,35.00201416015625,36.341376920829255,34.912721265739336,36.341376920829255,34844225
2021-06-24,34.243038177490234,35.716338503218175,34.01981106184512,35.26988427192794,27545319
2021-06-25,35.22523498535156,35.537751544464335,34.46626084637407,34.60019846095099,31987644
2021-06-28,35.13594436645508,35.93956329324621,34.689490164054504,35.537753829850644,28813654
2021-06-29,35.00201416015625,35.582402646075835,34.82343177749806,35.26988603105573,17872837
2021-06-30,34.42162322998047,35.403824658960545,34.24304084233175,35.091304629031356,18826197
2021-07-01,34.55555725097656,34.957366729534215,34.109103031729255,34.60020199166622,16848602
2021-07-02,34.868072509765625,35.22523723398733,34.42161830757612,34.82342777078172,16069840
2021-07-05,34.73413848876953,35.13594454806672,34.555556125651194,35.00201033035941,10931085
2021-07-06,33.66264724731445,34.82342748215111,33.48406488668376,34.64484512152042,16939835
2021-07-07,33.8858757019043,34.06445806967781,33.48406622595773,33.52871096635727,11628898
2021-07-08,33.08225631713867,34.10910236376885,32.85902921188649,34.10910236376885,11831969
2021-07-09,32.814388275146484,33.35013202737247,32.680450634002135,32.85903302013603,12503930
2021-07-12,32.94832229614258,33.26083888290782,32.68044704328628,33.037611776311124,7604893
2021-07-13,33.0376091003418,33.305480925325774,32.94831962740549,33.260836188857624,6438676
2021-07-14,32.9036750793457,33.12690219224812,32.81438559665491,33.03761270955732,6091675
2021-07-15,32.54651641845703,33.26084255724322,32.50187167344084,32.992970680970366,9266273
2021-07-16,32.68044662475586,32.76973950995619,32.501867666705785,32.68044662475586,5366187
2021-07-19,33.0376091003418,33.171546715921316,32.23399021921481,32.546510186842,11785792
2021-07-20,32.055416107177734,33.17155171806588,31.83218898500011,33.17155171806588,12173404
2021-07-22,32.27864074707031,32.680446811149984,32.1000583818264,32.27864074707031,6998322
2021-07-23,32.63580322265625,32.680447963998304,31.92147714265705,32.36793136842848,8408854
2021-07-26,32.18934631347656,32.8590275963069,32.10005683823591,32.680445239650446,5432778
2021-07-27,32.100059509277344,32.81438558916698,31.832187655090657,32.32328662212882,10192529
2021-07-28,31.698251724243164,32.32328835497041,31.43037985569595,32.32328835497041,7086469
2021-07-29,33.79658126831055,34.64484492178446,31.832185531223825,31.921475007936785,34063723
2021-07-30,32.9036750793457,34.37697538697181,32.68044796644329,34.37697538697181,21152451
2021-08-02,32.859031677246094,33.43942355691775,32.7697421909161,33.3054859212472,9441552
2021-08-03,33.394779205322266,33.48406869269922,32.90367680622219,33.03761444346323,9091648
2021-08-04,32.769737243652344,33.70729033327668,32.41257253990257,33.61800086042677,11693137
2021-08-05,32.2339973449707,32.85903401222273,32.01077020710754,32.85903401222273,7791746
2021-08-06,32.100059509277344,32.50186899364508,31.87683239642587,32.27864188079361,6505941
2021-08-09,31.832185745239258,32.45721889878263,31.698248123094125,32.233991799324215,6093917
2021-08-10,30.849985122680664,32.010765383416384,30.537468539235576,31.832186424976502,9056555
2021-08-11,30.98392105102539,31.073210525355893,30.00171980251429,30.849983433354524,8409147
2021-08-12,31.29644203186035,31.608962048449683,30.894632528345834,30.98392542144661,5593592
2021-08-13,31.251792907714844,31.60895761770163,30.98392107831231,31.60895761770163,4206185
2021-08-16,31.251792907714844,31.475019999912806,31.07321055272145,31.1625034333057,5180231
2021-08-17,30.626758575439453,31.251795159871964,30.492824354173788,31.16250567902819,4788545
2021-08-18,30.98392105102539,31.16250340586151,30.5821116041879,30.716049221858768,5575982
2021-08-20,29.912433624267578,30.89463157483304,29.77849599183798,30.53747023197991,5963476
2021-08-23,29.465980529785156,30.31424428687773,29.198108660749504,30.269599543067724,6357034
2021-08-24,29.77849578857422,30.046371051604943,29.46597918993899,29.689206305014284,3603079
2021-08-25,29.912433624267578,30.13566074086659,29.82314414009817,29.957078366352285,3774634
2021-08-26,29.957077026367188,30.091014652805736,29.733849919753162,29.957077026367188,2850489
2021-08-27,30.492826461791992,30.894632559536575,29.689207453951635,29.823145090650225,5318070
2021-08-30,31.162508010864258,31.25179749838941,30.626760867186498,30.671405610949076,4696007
2021-08-31,31.608964920043945,32.457225341422294,30.894635335045066,31.073217731294786,8484467
2021-09-01,31.56431007385254,32.27863950739404,31.43037585969489,31.56431007385254,9097709
2021-09-02,31.430376052856445,31.876830248476068,31.29643843170048,31.787537365647022,4638792
2021-09-03,31.56431007385254,32.189346625113764,31.475020597747438,31.608958218080264,4592810
2021-09-06,31.38573455810547,31.787540650747843,31.296441666048402,31.742895907807085,3541313
2021-09-07,31.0285701751709,31.4303796788183,30.894632538563233,31.385734935340942,3416651
2021-09-08,31.11785888671875,31.51966838035371,30.9839246596241,31.07321414435387,5438691
2021-09-09,31.162508010864258,31.25179749838941,31.028570373400914,31.07321511716349,2431548
2021-09-13,30.93927764892578,31.16250475055966,30.80534002547535,31.073211866200953,3478826
2021-09-14,30.760698318481445,31.251797309248808,30.626760681828713,30.894632548958583,6650203
2021-09-15,31.11785888671875,31.475023637988826,30.760697541624182,30.89463176871883,11348361
2021-09-16,32.769737243652344,33.126898541227064,31.073210010103494,31.341081834828298,38219338
2021-09-17,32.055416107177734,33.43942358344392,31.564313713446495,33.21619646126629,20252495
2021-09-20,30.894630432128906,31.966121233407875,30.80534095126206,31.742894125065398,7541849
2021-09-21,31.207151412963867,31.475023270198548,30.358887693241154,31.073213781258794,6614416
2021-09-22,31.29644203186035,31.475024411886313,31.073214908371796,31.251797288397757,3956706
2021-09-23,31.11785888671875,31.787540240718513,30.89463176871883,31.475023637988826,7300759
2021-09-24,30.894630432128906,31.43037753585607,30.80534095126206,31.251795167947016,4252615
2021-09-27,30.894630432128906,31.564311757156343,30.71605147039521,31.07321280003796,8089182
2021-09-28,31.251792907714844,31.69824709211077,30.93927634110774,31.653602354906198,8221900
2021-09-29,32.50186538696289,32.859026684186354,31.028565243162834,31.11785471592494,22449251
2021-09-30,32.3679313659668,33.30548455878041,32.18934899443672,32.54651373749687,25634746
2021-10-01,32.54651641845703,32.94832593595417,31.876835024687033,32.14470690095989,11428696
2021-10-04,33.57335662841797,33.66264951784369,32.903675285514616,32.9483234333152,21377239
2021-10-05,33.12690353393555,33.796584899765854,32.94832456132125,33.7072954134587,12602430
2021-10-06,32.54651641845703,33.841234460980836,32.18935164597608,33.21619781222703,13430757
2021-10-07,33.305484771728516,33.52871188602452,32.94832343256018,33.0376129158084,9369098
2021-10-08,33.52871322631836,33.707295606128994,32.63580473344077,33.52871322631836,11757679
2021-10-11,34.064456939697266,34.64484535798944,33.57335459306704,33.97516405568484,22109704
2021-10-12,35.4038200378418,36.25208030764565,33.75193742542445,33.88587505022258,51643504
2021-10-13,39.64513397216797,40.1362329065936,35.71633568441251,35.71633568441251,92882073
2021-10-14,40.00230026245117,41.78811726886574,39.64513890487363,39.77907313664935,47119361
2021-10-18,43.66322326660156,44.10967747830025,40.35946141879623,40.448750898665836,65067668
2021-10-19,40.53804397583008,44.37754953330531,39.779069768658886,43.75251295274531,36992666
2021-10-20,42.59173583984375,43.931098580680505,39.82371746507578,40.35946460511584,57112542
2021-10-21,45.22581481933594,46.16336802022738,42.993543671415615,43.306060269654274,63686404
2021-10-22,43.84180450439453,46.11872382730856,43.12747840979477,45.71691433466635,30022877
2021-10-25,43.127479553222656,45.4490436799423,41.6541825827074,44.288259913494684,32033988
2021-10-26,43.08283233642578,44.82400447996201,42.23456863509527,43.30605944697721,21329458
2021-10-27,45.13652038574219,45.76155696701453,42.81495983378817,43.484641155256675,33526546
2021-10-28,41.74346923828125,45.0025863808525,41.29701502182905,45.0025863808525,23090906
2021-10-29,41.207725524902344,42.99354239001316,39.64513576793038,41.5202421138266,25482509
2021-11-01,41.65418243408203,42.413153288350706,41.25237293222044,41.69882717736097,11053952
2021-11-02,44.020389556884766,44.556136715050066,41.65418401172573,41.966700632690376,30314966
2021-11-03,42.457794189453125,44.64542047390976,42.18992234784472,44.64542047390976,25419571
2021-11-04,43.886451721191406,44.422195429224445,42.8149608989499,43.03818801165957,8332745
2021-11-08,48.038475036621094,48.61886690497617,43.57393268366048,44.4668411542526,56624381
2021-11-09,48.26170349121094,48.93138486270649,46.96698549175108,48.21705874767969,37016833
2021-11-10,46.56517791748047,48.5742219682719,46.074075535679945,47.681313501253484,24242102
2021-11-11,44.28825759887695,46.83304871596606,43.79715863437129,46.25265686307501,25522522
2021-11-12,44.645423889160156,45.31510524749756,43.752515411376955,44.377552027060304,21666644
2021-11-15,43.5292854309082,45.002585684885986,43.21676884669488,45.002585684885986,13843491
2021-11-16,41.832759857177734,43.707869660995286,41.5202432596292,43.707869660995286,16231815
2021-11-17,42.279212951660156,43.17212138490473,41.74346925418356,41.92205162206755,14525214
2021-11-18,41.87740707397461,42.77031551132012,41.38630470849428,42.323861292647365,12876564
2021-11-22,39.15403366088867,42.279213195250264,38.93080655129142,42.279213195250264,17514056
2021-11-23,41.87740707397461,42.368506033279566,38.662934655825545,39.0200993932339,23677188
2021-11-24,41.34165954589844,42.90424929530413,41.029142958487434,42.54708796771661,11923225
2021-11-25,40.895206451416016,42.05598675866229,40.716624079645335,41.78811490409399,11303458
2021-11-26,39.02009963989258,40.80591652587233,38.841517270059526,40.58268941512486,14988757
2021-11-29,38.618289947509766,39.6004878669416,37.100344921517085,39.02009942588656,17759267
2021-11-30,38.39506530761719,39.91301043124647,38.12719344019451,38.12719344019451,11559026
2021-12-01,40.58268737792969,40.850559216144774,38.30577164383863,39.109387158483884,19418453
2021-12-02,41.34165954589844,41.65417953948478,40.44875111766661,41.073787698663956,16996885
2021-12-03,41.02914810180664,42.323866166280716,40.80592096676544,41.25237523684783,18011549
2021-12-06,39.9576530456543,41.47559808840027,39.7790706748297,41.430953347237974,13312106
2021-12-07,41.56488800048828,41.96669748745432,40.18088057309456,40.18088057309456,14139291
2021-12-08,41.966697692871094,42.368507181803885,41.52024346209587,41.966697692871094,14296581
2021-12-09,42.05598831176758,42.18992594708569,41.297017461433086,42.01134356872006,11557797
2021-12-10,43.48464584350586,44.37755436839848,41.07379214506064,41.966700669953255,27993965
2021-12-13,42.59173583984375,44.10968096069385,42.413153459830404,44.10968096069385,11716916
2021-12-14,42.50244140625,43.082833268713216,41.743470576421615,42.32386243888483,12875167
2021-12-15,41.788116455078125,42.636380197840964,41.65418222591066,42.27921544104328,7292034
2021-12-16,41.207725524902344,42.27921291902855,40.89520552980274,42.011341070497,12278527
2021-12-17,39.37725830078125,41.47559504309498,39.10938646730029,41.47559504309498,13878295
2021-12-20,37.5914421081543,38.93080470211954,36.87711607260788,38.93080470211954,17020557
2021-12-21,37.859317779541016,38.84151566374021,37.59144253278191,37.859317779541016,12842329
2021-12-22,38.752227783203125,38.97545489392163,38.21648067377347,38.30577356176611,11271532
2021-12-23,39.73442459106445,40.27016827926037,38.57364432918976,39.24332564252231,14127180
2021-12-24,38.484352111816406,39.913007648766595,38.21648026306804,39.868362908337765,12289310
2021-12-27,38.35041809082031,39.0200994192764,37.680736762364226,38.395062831482306,10370624
2021-12-28,39.42190933227539,39.64513644422219,38.662935107951014,38.662935107951014,8569273
2021-12-29,38.88616180419922,39.868363129970525,38.61828995396173,39.28797128264315,9762897
2021-12-30,38.21647644042969,38.88615769840278,37.85931514654905,38.88615769840278,7913628
2021-12-31,38.752227783203125,38.97545489392163,38.171835932864845,38.21648067377347,5891714
2022-01-03,39.42190933227539,39.73442592653075,38.618290366796735,38.618290366796735,6779279
2022-01-04,39.60049057006836,40.09159296948227,39.154036320547064,39.645138719960975,7996686
2022-01-05,40.62733459472656,40.89520644928088,39.46655428754089,39.645136659302246,13514162
2022-01-06,41.25236892700195,41.87740549074862,39.86836158267556,40.18087816146127,12610965
2022-01-07,40.35946273803711,42.05598675424167,40.09159088349696,41.69882541691328,13642036
2022-01-10,41.073787689208984,41.43095242288963,40.35946162802303,40.35946162802303,8886265
2022-01-11,40.35946273803711,41.43095356237313,40.22552510767932,41.07378881886932,7096946
2022-01-12,40.58268737792969,41.34165815390163,40.40410501706123,40.627332116603,5948174
2022-01-13,41.25236892700195,41.520240766843315,40.35946052341393,40.71662184114399,8807907
2022-01-14,40.71662521362305,41.341661829140286,39.555844874048475,41.02914522446943,6318622
2022-01-17,40.76127243041992,41.16307851118772,40.448752426719416,40.49339716834079,5209567
2022-01-18,39.82371520996094,40.984498911227725,39.645136246235644,40.805916541327036,7444273
2022-01-19,40.18088150024414,40.448753362344,39.06474590301514,39.77907200400659,7964409
2022-01-20,40.13623809814453,40.627337096092944,39.82371807677689,40.091593353999336,6243982
2022-01-21,38.930809020996094,39.95765515275501,38.484354773479275,39.7344280289966,5563014
2022-01-24,37.63609313964844,39.06474532032143,36.921763643136465,38.93080768818157,10939047
2022-01-25,38.08254623413086,38.39506282488653,36.69853543061907,37.50215438709847,13703662
2022-01-27,41.4755973815918,42.05598581916176,37.591443655506566,37.72538128288637,28253174
2022-01-28,42.0113410949707,43.618575593271665,41.52024213801421,41.966696354552,24510425
2022-01-31,42.3238639831543,43.03819009720499,41.788116842984586,42.81496297367817,13478101
2022-02-01,41.56488800048828,43.17212254217697,40.270170056342366,43.03818831730526,23883572
2022-02-02,44.46683883666992,44.77935882879413,41.83275830447462,41.8774064506176,33140602
2022-02-03,42.814964294433594,45.35975221867063,42.547092419173225,44.86865321299734,37000818
2022-02-04,42.8596076965332,43.707871446762205,42.279215813172414,43.038190076503874,20089680
2022-02-07,42.50244140625,46.163368142219,42.189924807185484,43.30606038409515,55308930
2022-02-08,42.59173583984375,43.30606195372157,41.16308020591253,43.08283483024878,26137028
2022-02-09,42.14527893066406,43.08283210879129,41.877407080652766,42.85960499941931,8614489
2022-02-10,42.10063171386719,42.725664858406965,41.20772332889588,42.41314828613707,13125342
2022-02-11,41.34165954589844,42.14527849377721,41.163077179017,41.65417953948478,7388833
2022-02-14,38.26112747192383,40.00229971038341,37.81467322648166,40.00229971038341,17917107
2022-02-15,39.02009963989258,39.4219091204731,37.32357223574166,38.529000677483225,15325661
2022-02-16,39.555843353271484,40.4933965374141,39.020099649811534,39.51119861234572,11622107
2022-02-17,39.06474304199219,40.00229619376494,38.70757831456672,39.779069090667846,7029101
2022-02-18,38.70758056640625,39.55584428875859,38.52900159847984,38.84151819852653,8126653
2022-02-21,38.171836853027344,38.662935827211314,37.85932025295813,38.52900160125685,8091615
2022-02-22,36.519954681396484,37.50215255244276,35.09129920712211,37.32357019238656,19594131
2022-02-23,37.993255615234375,38.171837994690264,36.653892878578574,36.653892878578574,8400534
2022-02-24,34.376976013183594,36.43066480806076,33.79658414659471,35.71633871499594,22843381
2022-02-25,35.805625915527344,37.05569905328913,35.35917171006603,35.93956353963585,15186552
2022-02-28,35.85028076171875,36.07350790617235,35.18059932835794,35.62705361726515,8661724
2022-03-02,36.743186950683594,37.27893070007062,35.49311366054628,35.53775840529925,10443455
2022-03-03,36.7878303527832,37.50215646128689,36.609247974113394,37.41286697503976,8331095
2022-03-04,35.805625915527344,36.7878272112474,35.71633643690519,36.29672826647501,11858160
2022-03-07,33.930519104003906,35.225236961575945,33.841229626726616,34.86807224011634,11843665
2022-03-08,34.332332611083984,34.91272109415109,33.84123361581932,34.064460741501044,14231334
2022-03-09,35.35917282104492,35.582399930789336,34.600202010384066,34.86807386084229,11067837
2022-03-10,35.760982513427734,36.83247332783623,35.537755402349944,36.341374364700165,15279865
2022-03-11,35.62704849243164,36.073502717117876,35.314528491446026,35.58240034502268,11543413
2022-03-14,35.716339111328125,36.11814860756567,35.13594723829883,35.80562859663623,11338807
2022-03-15,35.31452941894531,36.20743789176909,35.225239934133135,35.89492128875097,9416196
2022-03-16,35.716339111328125,36.028855716082035,35.62704962602002,35.85027674546582,5394494
2022-03-17,35.67169189453125,36.47530742509307,35.5377542696833,36.252080321130016,12636897
2022-03-21,35.44846725463867,36.02885572158102,35.359174363141406,35.98421097892015,7307988
2022-03-22,34.823429107666016,35.62704806492846,34.734139626270355,35.537755177357425,12718277
2022-03-23,34.73413848876953,35.627046898185974,34.64484560412273,35.13594454806672,12262712
2022-03-24,34.332332611083984,34.82343160634865,34.28768786718276,34.5555597367657,9344649
2022-03-25,34.28768539428711,34.73413961345139,34.10910302538632,34.51091250386925,6491435
2022-03-28,34.019813537597656,34.55556069783959,33.43942503838854,34.55556069783959,10136006
2022-03-29,33.439422607421875,34.510913443835186,33.21619549175975,34.24303818010026,10251972
2022-03-30,34.68949508666992,35.135949352424625,33.84123470667658,34.01981368803787,12465024
2022-03-31,34.55555725097656,35.22523857984752,34.37697488204257,34.957366729534215,5916933
2022-04-01,36.69853591918945,36.83247354911094,34.37697531250354,34.64484716617108,14545312
2022-04-04,37.278926849365234,37.9039634298711,36.609245528717956,36.92176211588322,14137132
2022-04-05,38.752227783203125,39.064744375738876,37.18963800817357,37.591444082526564,17591609
2022-04-06,38.97545623779297,39.779071820382974,38.037899615508024,38.395064367442814,19325602
2022-04-07,38.3057746887207,40.046943478609876,38.08254757143486,39.24332790008614,21704194
2022-04-08,39.332618713378906,39.86836585667039,38.752230232532646,39.02010210109058,17566963
2022-04-11,38.796871185302734,39.73442433673215,38.6182888216554,39.51119723371679,10125713
2022-04-12,37.72538375854492,38.93080885936548,37.23428476955046,38.93080885936548,11628508
2022-04-13,37.50215530395508,38.26112613216018,37.412865820463466,38.03789901725568,7544379
2022-04-18,36.83247375488281,37.10034561004687,36.3860195275509,36.96641138555256,6782289
2022-04-19,36.87712097167969,37.770029486278105,36.25208433022566,36.96641386684493,7300267
2022-04-20,36.56460189819336,37.323572722155774,36.430664267529195,37.05570086700289,4714215
2022-04-21,36.56460189819336,37.23428323916329,36.34137478453672,37.01105612550665,5606083
2022-04-22,36.20743942260742,36.7431865726582,36.11814993402012,36.43066655025134,4183677
2022-04-25,35.62704849243164,35.98420982847537,35.314528491446026,35.8949203460083,5986629
2022-04-26,35.93956756591797,36.34137707708262,35.805629926804535,36.20743943796918,3972385
2022-04-27,35.4038200378418,36.25208030764565,35.22523767350272,36.16279082856376,7208267
2022-04-28,35.35917282104492,35.62704807767852,35.26988333961731,35.62704807767852,3352955
2022-04-29,34.019813537597656,35.80563059271933,33.75194166056455,35.49311397054333,13706773
2022-05-02,34.46626281738281,34.60020043961917,33.79658151855148,33.93051914078783,6516824
2022-05-04,33.350128173828125,34.82342843147608,33.037611588836285,34.600201326146106,8219778
2022-05-05,32.859031677246094,33.84123305775386,32.725097447751104,33.707295422083305,6002078
2022-05-06,31.876832962036133,33.439422779722456,31.74289532947854,32.41257667991553,12422004
2022-05-09,31.876832962036133,32.27864245353343,31.564312954793575,31.876832962036133,6352848
2022-05-10,32.18934631347656,32.5911557644098,31.87682974395913,31.87682974395913,6375913
2022-05-11,31.207151412963867,32.591158847155945,30.626759550475835,32.278642248078064,9800136
2022-05-12,30.135658264160156,31.02856665717231,29.912431165907115,30.983921918756742,7742862
2022-05-13,32.27864074707031,33.66264811690386,30.224948656028257,30.805340491527154,24779087
2022-05-16,32.99296951293945,33.260841379729,32.412577629749116,32.59116000966734,8074357
2022-05-17,32.94832229614258,33.30548362299209,32.59115756311773,33.30548362299209,7333486
2022-05-18,32.769737243652344,33.61800086042677,32.59115489177746,33.171546683827074,8341984
2022-05-19,31.698251724243164,32.100061230151795,31.43037985569595,31.96612359279038,6567625
2022-05-20,32.18934631347656,32.41257340775334,31.966119219199783,32.18934631347656,5521850
2022-05-23,32.59115982055664,32.94832457832064,32.05541609008621,32.45722218485125,7135754
2022-05-24,32.50186538696289,32.948319563123505,32.323283035263636,32.6804443324871,5382065
2022-05-25,31.162508010864258,32.7697426295463,30.89463273593757,32.54651550455781,7306698
2022-05-26,31.787540435791016,31.921478069883115,30.805342473034056,31.385734345865778,6672032
2022-05-27,32.010765075683594,32.50186742519799,31.60895901688129,31.96612033650281,8000926
2022-05-30,33.84123229980469,34.064459416805576,32.27864248079848,32.50186959779936,13224020
2022-05-31,33.79658126831055,34.153745987512785,33.57335417035294,33.885874151198706,5852130
2022-06-01,34.60020065307617,34.823427754063765,33.70729224912582,33.75193698808829,9176682
2022-06-02,35.18059539794922,35.359174368620366,34.46626589056252,34.51091403940583,11025801
2022-06-03,34.42162322998047,35.716341282714,33.79658657629783,35.53775889506528,11182231
2022-06-06,34.332332611083984,34.46626684278764,33.796585465742474,34.332332611083984,4908564
2022-06-07,34.51091384887695,34.778785709580326,34.01981146371601,34.15374909715545,5303384
2022-06-08,33.84123229980469,34.734140767808235,33.70729466713396,34.55555839297243,8997164
2022-06-09,33.8858757019043,34.01980992310291,33.48406622595773,33.75193807453032,4825726
2022-06-10,33.21619415283203,33.61800362606222,33.0376117862658,33.52871073969144,5720621
2022-06-13,32.50186538696289,32.6804443324871,32.27863829888258,32.591154859724995,4939037
2022-06-14,32.010765075683594,32.725094527277165,31.832186118960465,32.18934743858199,7379904
2022-06-15,32.14470291137695,32.367930014928184,32.010765286776106,32.055413432426576,3326496
2022-06-16,31.430376052856445,32.5465115419055,31.29643843170048,32.50186680357858,5446820
2022-06-17,31.876832962036133,33.26084040503749,30.89463160435658,31.43037872841147,21237573
2022-06-20,31.29644203186035,32.50187054240391,30.894632528345834,32.50187054240391,7044025
2022-06-21,32.2339973449707,32.50187263534715,31.430381692368794,31.519671185043737,5726066
2022-06-22,32.799503326416016,33.17651055820539,32.56387470539951,32.94088193718889,8006080
2022-06-23,32.84663009643555,33.08225873011273,32.32824782142728,32.658130065819904,5121326
2022-06-24,33.3178825378418,33.412136134905026,32.89375393498213,33.270757537013736,4004845
2022-06-27,32.89375686645508,33.93052135869674,32.65812824590857,33.8362713486411,4185152
2022-06-28,32.988006591796875,33.17651020568862,32.70525296866295,32.893756582554694,3681275
2022-06-29,32.4224967956543,32.75237539746593,32.23399319658746,32.75237539746593,4373239
2022-06-30,32.28112030029297,32.65812752298487,32.13974169293167,32.46962391163892,2829914
2022-07-01,32.516746520996094,32.658125117945865,32.04548932503963,32.42249651996763,2376699
2022-07-04,32.70524978637695,32.79949978644842,32.42249619075552,32.610996190898454,2467500
2022-07-05,32.61099624633789,33.17650703394918,32.516746246106194,32.98800343807875,3480020
2022-07-06,32.89375686645508,32.98800687651072,32.56387464044552,32.65812824590857,2204792
2022-07-07,33.83626937866211,34.11902298777425,32.98800495591846,32.98800495591846,10127478
2022-07-08,33.930519104003906,34.16614770889282,33.64776549721864,34.119022706996475,3827748
2022-07-11,34.44890594482422,34.68453458137624,33.69489502693928,33.83627364703356,5497565
2022-07-12,34.496028900146484,34.82591112893216,34.02477165508761,34.40177888929769,4233227
2022-07-13,35.10866165161133,35.53279385373236,34.59027944697769,34.684529449490306,6229552
2022-07-14,34.44890594482422,35.250045466345696,34.16615230004332,35.10866684625142,3889151
2022-07-15,34.40177536010742,34.63740395846432,33.93051816339362,34.49602536128735,3282166
2022-07-18,35.01441192626953,35.250040529823416,34.496026122125265,34.6845297240498,4455564
2022-07-19,35.72129821777344,35.81554822230082,34.77878379087078,34.873033795398165,6511715
2022-07-20,35.25004196166992,36.14542781521926,35.06153835208843,36.00405280458861,6067708
2022-07-21,35.95692825317383,36.33393188167003,35.25004240491018,35.344292413182394,10004534
2022-07-22,36.004051208496094,36.42818341240047,35.72129760436223,36.145426212859455,5372104
2022-07-25,35.76842498779297,36.23968222453489,35.344292755643764,36.051178610756644,3908147
2022-07-26,35.01441192626953,36.09830134537309,34.6845297240498,35.90979774344855,9554176
2022-07-27,35.48567199707031,35.67417201879964,34.87303614022766,35.202914773661426,5305168
2022-07-28,35.95692825317383,36.38105688580614,35.344292413182394,35.72129963708595,7383109
2022-07-29,36.004051208496094,36.56955841676383,35.76842260581668,36.145426212859455,5433102
2022-08-01,36.475311279296875,36.758064905643415,35.815550420883326,36.23968265810685,6828607
2022-08-02,37.37070083618164,38.07758670121352,36.33393274355709,36.47531135472644,16386463
2022-08-03,36.8051872253418,37.6063266361779,36.145426415067114,37.323569435055056,6896291
2022-08-04,36.52243423461914,37.32357006353822,36.19255562163063,36.99369145054971,6043811
2022-08-05,36.663814544677734,37.276446796668125,36.5224359351529,36.5224359351529,5705713
2022-08-08,36.56956100463867,37.087943248135694,36.42818599027079,36.66381460962466,3901650
2022-08-10,36.52243423461914,36.75806284258443,36.09830202120018,36.6638128375612,4590748
2022-08-11,37.70057678222656,37.983330389011826,36.7580623626709,36.85231236646359,12102681
2022-08-12,37.6534538269043,37.983332453515764,37.464950213666015,37.464950213666015,4702095
2022-08-16,37.88908386230469,38.12471248881727,37.700580242013125,37.88908386230469,4230367
2022-08-17,38.59596633911133,38.78446994278388,37.794826922354794,37.983330526027345,10153337
2022-08-18,38.925846099853516,39.25572831488548,38.40746387098306,38.59596748022885,8338863
2022-08-19,37.88908386230469,39.02010198864659,37.79483025445515,38.92584838079705,6328330
2022-08-22,37.18219757080078,37.88908344250647,36.993693952597766,37.70057982430346,3637981
2022-08-23,37.323570251464844,37.79482746976822,36.663813022165904,36.663813022165904,5249310
2022-08-24,38.12471008300781,38.36033869465136,37.229320639680864,37.27644564292812,5747431
2022-08-25,39.86836242675781,41.09363055140188,38.31321566696601,38.31321566696601,26491653
2022-08-26,40.10398864746094,41.18788169012499,39.96261363890079,40.24536725142834,16825391
2022-08-29,39.114349365234375,39.39710297891365,38.266084928789276,38.69021714701183,6264782
2022-08-30,39.91548538208008,40.05686398725684,39.3499781521876,39.39710315544409,6838028
2022-09-01,40.15111541748047,40.57524765264269,39.39710455241841,39.39710455241841,7065500
2022-09-02,40.05686569213867,40.48099793031339,39.67985845922615,40.339619319119336,5902975
2022-09-05,40.43387222290039,40.9522544625976,39.9154863877958,40.10399000097862,6105332
2022-09-06,40.00973892211914,40.905128364236774,39.72698530761022,40.66949975291146,11518479
2022-09-07,40.2924919128418,40.575245522973276,39.86835969994097,39.915484702395005,5202475
2022-09-08,40.95225143432617,41.2350050354881,40.4809942339206,40.52811923487973,9694190
2022-09-09,41.0936279296875,41.70626375062798,40.857999320926886,41.23500653310676,10182165
2022-09-12,42.554527282714844,42.790155886505275,41.14075565997225,41.32925566667887,20969073
2022-09-13,43.49704360961914,44.48668306995326,42.79015776717944,42.978657782170835,23092959
2022-09-14,43.35566329956055,43.77979550744203,42.41314888000488,42.6487774848938,15690298
2022-09-15,43.77980041503906,44.486686308945806,43.402793166792435,43.68554680527362,10413578
2022-09-16,43.59129333496094,44.10967556364658,41.989018050053886,43.87404695102517,18271524
2022-09-19,44.298179626464844,45.66482631274576,43.87404740032148,44.15680101928128,22344736
2022-09-20,44.62805938720703,45.61770247190971,44.39243076616495,44.72231299286832,9494154
2022-09-21,43.77980041503906,45.00506857872923,43.402793166792435,44.67518993306912,6718724
2022-09-22,43.072914123535156,44.29818227591513,42.60165686528074,43.63842139527744,10003804
2022-09-23,41.61201477050781,43.26141507246939,41.282132552871104,42.88440785100095,7492586
2022-09-26,39.91548538208008,41.046503437272314,39.67985677039033,40.999378434015824,9084401
2022-09-27,40.57524871826172,40.952255958397714,39.962616447300114,40.5281237120966,6320215
2022-09-28,39.726985931396484,40.43387177647182,39.49135731637138,40.05686455426871,4571399
2022-09-29,41.14075469970703,41.89476549515563,39.58560451282603,40.33961530827464,7324329
2022-09-30,42.083274841308594,42.27177486936393,40.52812444199909,41.187885326415476,8639047
2022-10-03,40.66950225830078,42.22464903160616,40.38674503096571,41.989020405765274,6607542
2022-10-04,41.989017486572266,42.08327108760035,41.42351026203276,41.56488527046401,4522225
2022-10-06,42.17752456665039,42.648781824378325,42.03614595116899,42.22464957334167,4376939
2022-10-07,42.03614044189453,42.224644039361856,41.47063324489964,42.224644039361856,3506067
2022-10-10,41.37638854980469,41.8005172042358,41.23500993472262,41.47063856292104,4315074
2022-10-11,40.52812194824219,41.612015019904625,40.29249333226403,41.517761416268954,4022583
2022-10-12,41.282135009765625,41.47063863171858,40.33962049540838,40.52812411736134,4179792
2022-10-13,40.57524871826172,41.329259603126204,40.3396200920286,41.09363097689308,2761557
2022-10-14,40.622371673583984,41.564886130933104,40.43387165844002,41.329257516595824,2638619
2022-10-17,41.42351150512695,41.65914012165736,40.151114818618346,40.62237205167916,5389780
2022-10-18,43.30854034423828,43.544168960261985,41.61201502794908,41.706265036195624,16359649
2022-10-19,43.544166564941406,44.10967377412738,43.16715936187933,43.544166564941406,9284004
2022-10-20,44.53380584716797,45.0050630518999,43.12003423297216,43.54416643631233,19902538
2022-10-21,46.324588775634766,46.70159241564337,44.76943842380284,44.816563429377986,35137683
2022-10-24,46.04182815551758,47.12572118083977,45.90045314921937,47.03147117664097,5041248
2022-10-25,48.68087387084961,49.482009733127775,45.711951848698995,46.08895907530482,33741205
2022-10-27,49.85901641845703,50.28314504952497,48.53949473506892,48.68087334236313,23468602
2022-10-28,50.56590270996094,50.99003134476848,49.8118882582867,50.37739909704238,22917657
2022-10-31,50.80153274536133,51.5555436226761,49.906143255559265,50.70727913856731,20844507
2022-11-01,49.57625961303711,52.02679938878191,49.199255982819935,51.08428492012792,17543556
2022-11-02,48.91650390625,50.14177203511673,48.30386804411289,49.953268416350895,10868384
2022-11-03,50.80153274536133,50.99003276813442,48.25674288844244,48.445246506623,15499173
2022-11-04,52.07392120361328,52.21529980341491,50.9429031914217,51.084281791223326,23762838
2022-11-07,55.18421936035156,55.74973017767549,52.78080827409477,52.78080827409477,36296784
2022-11-09,60.3680534362793,60.7921820627166,55.70260259139601,55.84398119714664,83690888
2022-11-10,63.0070915222168,63.61972737211121,60.36805529386256,61.26344117314412,79270287
2022-11-11,63.0070915222168,65.36337772118388,62.01745563313951,63.61972737211121,42272447
2022-11-14,61.02781295776367,62.91284192943205,60.60368431546423,62.91284192943205,19997049
2022-11-15,59.472660064697266,61.499067560406125,58.43589561295295,61.02781033772102,15990986
2022-11-16,62.253082275390625,63.43122533744711,59.519788933256656,59.896792555870356,31193345
2022-11-17,66.21163940429688,66.824275228407,62.630081656279565,63.14846747456072,45850103
2022-11-18,69.65181732177734,70.1701959401167,66.82427405180653,66.91852405597601,62076139
2022-11-21,71.77247619628906,72.24373341728791,67.15415399233734,69.6046901033685,45266968
2022-11-22,72.33798217773438,73.84600382080113,71.20696774313791,72.29085358012019,37354719
2022-11-23,71.44259643554688,72.76211088055906,70.31157480877505,72.05522506038207,19946011
2022-11-24,74.08163452148438,74.64714175476915,71.44259836921727,71.44259836921727,29385079
2022-11-25,72.10235595703125,76.01379239155601,71.819598743619,74.69427071365655,31513910
2022-11-28,74.88277435302734,75.16553158012496,72.24373806031446,72.5736166980517,23363903
2022-11-29,77.47468566894531,77.94594289853943,73.42187780892479,74.74139948995122,37047392
2022-11-30,76.95630645751953,78.88845676997113,75.21265615917528,77.1448064716269,26927919
2022-12-01,76.81492614746094,77.80456917660676,75.02414728990938,77.38043336805235,22969666
2022-12-02,77.33331298828125,77.66319160544052,76.24941993977406,76.62642715544801,14965784
2022-12-05,78.13445281982422,78.84133868877772,77.09768831685538,77.5689455628244,14006192
2022-12-06,83.08264923095703,84.6377994933753,77.89881981677249,78.13444842650816,58814030
2022-12-07,81.76313018798828,84.30791637803205,81.15049434495856,83.45965910856061,27700707
2022-12-08,83.41252899169922,84.26079343655738,80.20797841713203,81.7631287009029,33516963
2022-12-09,78.8884506225586,86.00443705822204,76.34366467633956,83.88377970610149,44709555
2022-12-12,82.56427001953125,83.27115590529918,77.94594746101775,78.79421196210228,27780706
2022-12-13,88.36073303222656,88.97336888607964,82.47001749674479,83.03552474998807,56779680
2022-12-14,88.87911224365234,90.85839107772051,85.58031178993396,88.97336224702428,59058653
2022-12-15,84.87342834472656,89.49174335604123,84.26079251950691,89.06761473363544,40573474
2022-12-16,79.83097076416016,84.92055021482159,79.17121352775469,84.92055021482159,36601861
2022-12-19,80.20797729492188,83.22402781323986,78.69995563117014,80.58498450856344,30515295
2022-12-20,79.02983856201172,80.91486754233789,77.85169544930785,80.20798167471557,20115261
2022-12-21,76.53217315673828,82.18726005573318,75.49540866341886,79.50109521687357,32448774
2022-12-22,71.77247619628906,78.22869868581051,70.8770831619025,76.9091770288508,39579007
2022-12-23,63.66685485839844,72.33798504254729,62.86571181211586,70.68858473213089,51880207
2022-12-26,75.63678741455078,76.39080187880994,64.13811357489517,64.56224221678167,75502824
2022-12-27,77.9930648803711,81.43324380268321,75.49540033727797,78.4643220699806,93290300
2022-12-28,74.83564758300781,78.65282673056726,73.46899733766239,77.99306950234153,60509346
2022-12-29,73.51612854003906,75.7781647025109,72.80924268869254,74.4586430085011,39390438
2022-12-30,75.77816772460938,76.81493224310174,74.92990323100108,75.5896605089103,35335762
2023-01-02,76.7206802368164,77.56894470837972,75.58965854446038,76.24942299603843,25652957
2023-01-03,77.52181243896484,78.7942054906816,76.90917661678581,77.0034266223177,20994008
2023-01-04,75.91954040527344,78.32294789337715,75.02414738001505,77.75744067210654,24618028
2023-01-05,75.96666717529297,77.09768888849345,74.74140264117781,76.34367441302646,18355266
2023-01-06,76.1551742553711,76.72068151556735,75.07128114535288,76.3436742784982,19809952
2023-01-09,76.34367370605469,77.85169545220883,75.96666647181242,76.81493095115378,15145300
2023-01-10,74.55289459228516,76.72068079187319,73.79888731607423,76.72068079187319,12580481
2023-01-11,73.94025421142578,75.11839724979022,72.90348977582798,74.92989723997768,16186993
2023-01-12,73.5632553100586,74.45864115650082,73.13911949531132,74.31726255158506,9106012
2023-01-13,74.22301483154297,75.5896579425915,73.3747503667338,73.94025761300165,12099047
2023-01-16,78.18157196044922,78.6057077839983,74.50577130124537,74.55289270998547,34760901
2023-01-17,76.7677993774414,78.98271409628528,75.21265628149008,78.6999568838498,22262142
2023-01-18,76.57929992675781,77.52181438739484,76.01379268853854,76.81492854191707,8064214
2023-01-19,76.9091796875,77.52181553413944,75.87241520362583,76.24942243162047,8762013
2023-01-20,76.57929992675781,78.69995746319111,76.01379268853854,77.23905717287786,25750876
2023-01-23,76.81492614746094,78.65282641208667,76.24941892686951,77.85169058368095,11880967
2023-01-24,76.0137939453125,77.61606567856072,75.6367867166615,77.09768703112856,9090900
2023-01-25,73.89313507080078,75.82528539849193,73.04487061899788,75.82528539849193,11152007
2023-01-27,70.5943374633789,74.2701454502514,68.1909226128967,73.94025962271525,23963704
2023-01-30,70.73571014404297,72.85636759044355,68.09666688997427,69.93456713386237,16941004
2023-01-31,73.98738861083984,74.74140309084319,70.68858784475145,71.1598450970498,13742963
2023-02-01,69.69894409179688,75.11840244293558,66.82427919394271,74.64714519501047,18757195
2023-02-02,69.1805648803711,71.5839725110815,67.43691451515416,69.36906490170783,16806203
2023-02-03,69.65181732177734,70.59433174510094,66.63576685265318,69.65181732177734,19317133
2023-02-06,69.7460708618164,71.06559255952723,69.2748136262636,70.028828079474,7331384
2023-02-07,69.0391845703125,70.12307764336772,68.66217734610008,69.98169903543622,6350775
2023-02-08,68.52079772949219,69.6989407935537,68.14379770164417,69.03918355400509,9312500
2023-02-09,68.37943267822266,69.4161972329209,67.29553952025009,68.52080410641517,8305455
2023-02-10,69.32193756103516,71.06558777707642,67.71965875349417,68.19091595733312,11809675
2023-02-13,67.38978576660156,69.746071982217,66.82427851301684,69.65182197175535,6107111
2023-02-14,67.67253875732422,68.09666737328882,65.92888131414556,67.38978155280486,7112400
2023-02-15,68.0495376586914,68.52079486461257,67.01277324382768,67.57828045277023,6064470
2023-02-16,68.09667205810547,68.94493653920678,67.67254341296226,68.61505790511598,5460422
2023-02-17,66.82427215576172,67.6254079546928,66.49439355512118,67.53115795319754,4812342
2023-02-20,66.35301971435547,67.48403419501014,65.88176248228024,66.9185269546828,5267372
2023-02-21,65.5518798828125,66.77714429741715,65.17487268185174,66.54151569566845,7033623
2023-02-22,63.7139778137207,65.50475677523544,63.384099181792564,65.50475677523544,7708120
2023-02-23,64.09098815917969,64.65649544006823,62.630087758637,63.43123086327892,9840051
2023-02-24,63.0070915222168,65.50475633128487,62.20595565273096,65.12774910128718,9881953
2023-02-27,62.63008117675781,63.24271699617736,61.59331673894791,62.86570978493345,10301884
2023-02-28,63.384098052978516,63.713976679031816,62.441583583789246,62.67721220108656,8770598
2023-03-01,63.43122482299805,64.46798927103633,63.05421760803471,63.33696762614632,19101022
2023-03-02,63.0070915222168,64.27948463149606,62.77146290232009,63.61972737211121,10632545
2023-03-03,68.23804473876953,68.8035519467443,63.66685128731993,63.66685128731993,42879581
2023-03-06,68.0495376586914,71.25408809711823,67.1541518437669,69.74606647633334,22288338
2023-03-08,69.1805648803711,69.41619350244946,66.58865003750907,67.15415729233418,13937593
2023-03-09,68.09667205810547,69.65182240832206,67.62541481202861,69.22768657236395,8344489
2023-03-10,66.49440002441406,67.29553590128829,65.69325695672495,67.29553590128829,7850068
2023-03-13,65.26912689208984,67.34265584482674,64.75074105849826,66.63576999400988,9150800
2023-03-14,62.39445495605469,65.5990055880257,61.923197721671144,65.0334983449284,15393042
2023-03-15,61.828948974609375,64.37374240669716,61.35769173060958,63.61972793997155,10953046
2023-03-16,60.79218292236328,61.64044737804757,59.849668458450665,61.26344015431958,16875112
2023-03-17,61.0749397277832,62.158825601353335,60.13242167479166,61.92319698695728,11370395
2023-03-20,59.849666595458984,61.122059643971205,59.51978798152093,61.07493823673118,7812349
2023-03-21,61.216312408447266,61.45194102771121,59.70829068332097,60.32092653157019,8182952
2023-03-22,62.0174560546875,63.007091950491585,61.31057019019249,61.54619881169083,8929519
2023-03-23,60.933563232421875,62.20595635608797,60.50942739732325,61.73469911096609,5884352
2023-03-24,59.75541687011719,62.017452961855646,58.95427743973149,61.26343853433799,9123250
2023-03-27,58.4830207824707,60.179546069880686,58.0117635584453,59.84966745122582,5844197
2023-03-28,58.05888748168945,59.37840912257626,56.8807444435431,58.577273294799625,9337592
2023-03-29,62.58296203613281,63.85535512819968,57.77613609802023,58.10601831865756,14462638
2023-03-31,62.72433853149414,63.431224357810834,61.593316894898734,62.95996714026637,11553787
2023-04-03,63.85535430908203,64.32661153645533,62.488711226025316,63.14846846802208,7272184
2023-04-05,63.43122482299805,64.27948206814739,63.14846761407192,63.90248204399859,5029902
2023-04-06,63.19559860229492,64.46799170895012,62.91284138267608,63.28984861189627,8148079
2023-04-10,62.771461486816406,64.23236177355845,62.58296147147566,63.3840973228958,6371937
2023-04-11,64.23236083984375,65.69325391453485,63.336967802954476,63.336967802954476,10300941
2023-04-12,63.7139778137207,64.70362090031999,63.384099181792564,64.46799227882634,5664983
2023-04-13,65.6932601928711,66.44727469696416,63.43123106222238,63.8553597265152,9997908
2023-04-17,68.80355072021484,69.27480791692864,65.12774314768437,65.6932503455781,18712652
2023-04-18,69.27481079101562,70.02882521336606,68.85068217270253,69.32193938896795,12300623
2023-04-19,68.37943267822266,70.31158316861135,67.8610468054659,69.27481861391311,7243726
2023-04-20,68.19092559814453,69.13344013907484,67.86104694698199,68.5679328526797,4512900
2023-04-21,67.20128631591797,68.37942943372288,66.82427908005742,68.33230083268471,5189228
2023-04-24,69.32193756103516,69.65181616555957,66.77714434581627,67.29553014636483,10861575
2023-04-25,69.60469055175781,70.87708361848851,69.18056192645244,69.84031916377515,11071640
2023-04-26,70.5943374633789,70.87708749879066,69.0391871007619,69.55757295190588,9494184
2023-04-27,69.9345703125,70.87708477596126,69.65182028795044,70.68858475959489,7673542
2023-04-28,71.4897232055664,71.96098045437148,70.17020147074922,70.45295869635824,13167053
2023-05-02,72.10235595703125,73.13912042151844,71.91385594196618,72.47936317797604,8828494
2023-05-03,71.39547729492188,72.05523460481943,70.50009134708729,72.05523460481943,8091935
2023-05-04,72.95062255859375,73.28050119009681,71.7253508520797,72.05522948358275,9015582
2023-05-05,72.00810241699219,74.27013844087743,71.72534521745118,72.90348823084825,11070348
2023-05-08,69.65181732177734,73.37474641757983,69.08631010594605,72.95061780340997,23789710
2023-05-09,67.95529174804688,70.68858514515586,67.6725417219551,70.2173279108548,12031576
2023-05-10,66.35301971435547,68.37942725044189,65.83463388274683,68.19092004312299,12785182
2023-05-11,66.400146484375,67.38978962796493,66.02314642092672,67.10703238956344,8268739
2023-05-12,67.3426513671875,67.76678716396549,66.02313695271617,66.40013696209984,7808656
2023-05-15,66.68289947509766,67.57828535497445,66.07026362479598,67.48403534511608,10968146
2023-05-16,67.48403930664062,68.37943242989462,66.82428200808735,67.01278203886964,10603016
2023-05-17,66.82427215576172,68.14379374913807,66.21163635982117,67.4840293570428,7036039
2023-05-18,66.11738586425781,67.57827885355333,65.83462867107075,67.1070216587843,5239576
2023-05-19,65.36337280273438,66.44726581086164,64.60936559029118,66.25876580545442,8150331
2023-05-22,66.02313995361328,66.35301857222483,65.17487551231605,65.69325414418716,5180924
2023-05-23,65.6932601928711,66.54152471227198,65.41051014694763,66.30589607859481,6368803
2023-05-24,64.98637390136719,65.83463841567126,64.79787387188415,65.50475976866834,4951645
2023-05-25,65.31625366210938,65.59900368002666,64.4679892267285,64.75073924464577,5129844
2023-05-26,65.97601318359375,66.40014182059095,65.4576273465396,65.59900595581026,7051829
2023-05-29,66.2587661743164,66.73002338127225,66.02313757083849,66.63576618722962,5386723
2023-05-30,66.35301971435547,66.68289833864519,65.69325527496133,66.25876970610337,4888748
2023-05-31,67.01277160644531,67.29552879941488,65.55187861827355,66.16450721835074,6505613
2023-06-01,68.143798828125,68.61505606153993,67.05990575310771,67.05990575310771,9756887
2023-06-02,68.56792449951172,68.94493170811865,68.33229589298419,68.70930310159112,4655629
2023-06-05,68.42654418945312,69.22767999348689,68.33229418735755,68.99205139284082,3763231
2023-06-06,68.00242614746094,68.7093120592,67.57829028592829,68.47368342195365,4019159
2023-06-07,68.19092559814453,68.75643288453966,68.00242556628459,68.14380418558719,4184188
2023-06-08,67.62541198730469,69.13343367359734,67.34265477514343,68.37942642585833,5500883
2023-06-09,67.62541198730469,68.28516922792817,67.29553336699296,67.76679059338532,3901894
2023-06-12,67.57828521728516,67.86104243709899,67.10702797813863,67.86104243709899,2745575
2023-06-13,68.09667205810547,68.23805067009151,67.48403620004257,67.76679342401465,4163026
2023-06-14,67.86103820800781,68.66217402646726,67.6254096031189,68.33229541778564,3998517
2023-06-15,66.21163940429688,68.37942549243596,66.02313939263891,67.95528967998378,7582805
2023-06-16,67.01277160644531,67.34265020436706,66.16450721835074,66.4472644113203,5355664
2023-06-19,67.38978576660156,68.42655026330938,67.01277853394012,67.29553575613993,8534369
2023-06-20,66.77715301513672,67.8610461628452,66.21164573527605,67.53116751549442,7743663
2023-06-21,66.77715301513672,67.29553888298453,66.49440297061398,67.15416026531557,7172125
2023-06-22,66.07026672363281,66.87140263122622,65.88176669507502,66.82428121949435,5203774
2023-06-23,64.98637390136719,66.16451706267418,64.75074526910579,66.07026704793266,6488512
2023-06-26,64.70362091064453,65.5047567856878,64.0909850565003,65.31625676478875,6867933
2023-06-27,66.400146484375,66.58865370691441,64.56224600721116,64.56224600721116,7755255
2023-06-28,66.6357650756836,67.57827947387327,66.40013647613618,66.91852227146617,7865818
2023-06-30,68.09667205810547,68.28517208021024,66.73002892080855,66.91852894291333,11659457
2023-07-03,70.5943374633789,70.78283748698674,68.23805121420614,68.42655123781398,22272363
2023-07-04,71.81959533691406,72.38510973691385,69.60468790629591,70.97133811854299,27416664
2023-07-05,73.18624877929688,73.37474879374021,71.39546987882675,72.19660572643284,20655728
2023-07-06,75.11840057373047,75.40115779177553,73.18625021980507,73.46900024703538,23749021
2023-07-07,75.40115356445312,75.96666077802365,73.28049612045288,75.40115356445312,20767845
2023-07-10,76.34367370605469,77.61606682965929,75.58965923757016,76.10804508350513,20617893
2023-07-11,76.48505401611328,77.00343268274406,75.58966091605366,77.00343268274406,10323498
2023-07-12,77.5689468383789,78.41720414242005,76.53217512754635,76.72068234352274,17419443
2023-07-13,76.2022933959961,78.27582954270696,75.40115753534599,77.99307232562352,12726536
2023-07-14,76.39079284667969,77.23905003015827,75.25977128401824,76.53216425005012,10255348
2023-07-17,78.22869873046875,78.60570594564597,76.24941983930654,76.67354846212183,13874597
2023-07-18,78.22869873046875,79.07696316691386,77.42756289247626,78.88845596391798,14187072
2023-07-19,80.16085815429688,80.34935817104088,77.94594340807389,78.51145783993533,16700982
2023-07-20,81.90450286865234,82.8470172694635,80.30222407278485,80.58498126935389,26873883
2023-07-21,85.15618133544922,86.0986958099773,83.83665963294695,85.06193132615937,48387543
2023-07-24,83.55390930175781,88.87911750167272,82.47001622182235,85.76881687069523,43369893
2023-07-25,82.94127655029297,85.1561842018253,81.76313341747631,83.93091965818498,15738771
2023-07-26,85.76881408691406,86.19294270882024,83.22402797384791,83.8366566075314,17846155
2023-07-27,86.80558013916016,87.65384458947935,86.09869429569662,86.42857291781668,14558449
2023-07-28,87.73111724853516,88.94892838506158,86.8055763250175,87.48755502122987,18739779
2023-07-31,86.7081527709961,88.21824155085369,86.02618150889032,88.16952613230502,17234812
2023-08-01,87.4388427734375,87.87725182531355,86.46459382888666,87.24399595769916,8751116
2023-08-02,85.5877685546875,88.51051539730355,83.98025630466275,87.00043398837634,16356175
2023-08-03,85.05193328857422,86.17231359495368,84.27253118307347,85.14935669352947,8078389
2023-08-04,85.88004302978516,86.36716748550381,84.95450210416212,85.44162655988077,8098556
2023-08-07,84.07769012451172,86.2697503341353,83.7854124567233,85.97747266634687,5459401
2023-08-08,87.77983093261719,88.16953200818962,84.07768929700356,84.27253611832488,13499013
2023-08-09,88.75407409667969,89.53347619681752,87.00043052076353,88.16952623804097,17284442
2023-08-10,87.53626251220703,89.14377468992264,86.80557583442078,88.75407364185078,9426252
2023-08-11,89.04635620117188,90.99485411615188,87.34142052556437,87.92596841347245,24402526
2023-08-14,89.82575225830078,90.31287674437168,86.70815852061898,89.53348202641611,15336240
2023-08-16,91.43326568603516,92.69979233874261,88.70537298987045,89.63090655174368,25319449
2023-08-17,92.0665283203125,93.77146402994792,91.23841817650413,91.82296607607887,19145161
2023-08-18,92.0665283203125,94.30730394043384,90.45901602178458,92.0665283203125,18562544
2023-08-21,89.4360580444336,92.31008952071946,89.14378038148634,92.31008952071946,11633369
2023-08-22,87.68240356445312,90.75128917579488,87.34141792606614,90.06931046609147,17433183
2023-08-23,90.0206069946289,90.6051548944588,87.39013029599963,88.3156712842493,18751524
2023-08-24,88.94892883300781,91.33583569944832,88.65665118559785,90.94613464721148,10348927
2023-08-25,87.19528198242188,88.94893308484917,86.70815750207315,88.94893308484917,9844071
2023-08-28,89.67961883544922,90.11802788984961,87.77982892287841,87.92596775198841,9775352
2023-08-29,84.02896881103516,89.1437756082286,82.81115766884623,89.1437756082286,73344683
2023-08-30,84.71094512939453,85.68519410124694,84.3212514869974,85.19806961532073,18744214
2023-08-31,83.68798828125,85.24678515172414,83.29828720539902,84.75966066514286,13659955
2023-09-01,83.8828353881836,84.36995987642267,82.6650241675859,83.68798856605989,23952482
2023-09-04,85.83132934570312,86.0261835916862,84.36995594901262,84.6622336015225,23395499
2023-09-05,87.53626251220703,88.02338696406453,86.31845138256328,86.51330562306384,28099135
2023-09-06,85.7339096069336,88.0233932064419,85.49034736373208,87.97468521755945,12354854
2023-09-07,86.46459197998047,87.00043186119719,85.83132869297783,86.07489092390735,9238847
2023-09-08,85.83132934570312,87.09785592934001,85.53905912612271,86.80557827683013,12663533
2023-09-11,87.4388427734375,87.97468266611229,86.36717042101749,86.65944064462501,27680357
2023-09-12,85.34420776367188,90.80000047573255,84.80837529320549,88.60794030663347,33841583
2023-09-13,88.1695327758789,88.85150408937122,84.467383675101,86.22103481398103,31757883
2023-09-14,92.0665283203125,92.50493738676111,88.99764255638279,89.5334824668687,72888682
2023-09-15,93.62532043457031,95.67124169548109,92.55364810103892,93.13819597088064,99069052
2023-09-18,96.35322570800781,98.05816142476705,93.77146442175786,94.40472774599726,131476651
2023-09-20,97.03519439697266,100.15279551162389,95.47639755611186,96.35322310188657,72274128
2023-09-21,93.9176025390625,98.69142399615816,93.04077697626047,97.42489735734081,52993911
2023-09-22,99.22725677490234,100.25022117345044,94.98927521350133,94.98927521350133,92167212
2023-09-25,99.42211151123047,101.61417171907596,97.27875929269031,100.34764507025996,45748823
2023-09-26,97.13261413574219,100.20149971353246,96.59678169068634,99.61695184941273,31727799
2023-09-27,99.76309204101562,100.73734097221123,97.03519206049614,97.47360853929185,38039844
2023-09-28,99.86051940917969,102.24742641212964,98.88627043933403,100.15279707330528,47139306
2023-09-29,103.56266784667969,104.24463914830983,100.2502198824839,100.2502198824839,45883301
2023-10-03,109.21330261230469,109.74914249229526,103.75751013855349,104.14721119373486,54476348
2023-10-04,105.65729522705078,110.4311165493314,100.73734250920481,109.21330536675623,57302610
2023-10-05,102.78326416015625,108.53133444811584,101.51673755278344,106.38798229971027,42364355
2023-10-06,102.58841705322266,104.82918517071198,101.07832821277562,102.97811068553065,25813134
2023-10-09,96.79163360595703,101.07833055713472,96.4506479533141,99.86051934560298,33400853
2023-10-10,101.46803283691406,102.0038653165962,98.20430023781977,98.39914706080785,23803904
2023-10-11,101.4193115234375,103.124247140801,100.83476365549875,102.29613704181033,18507914
2023-10-12,101.12704467773438,102.68584152185461,100.54248935737584,102.19871704350894,13892071
2023-10-13,100.2502212524414,101.41931705204912,99.95794358607456,100.44506807473275,14614632
2023-10-16,102.34485626220703,103.36781321085938,100.25021951078125,100.54248973914062,18681567
2023-10-17,102.63712310791016,103.85493426826251,101.80901300545645,103.27038639787928,14025820
2023-10-18,99.51953125,102.97811054609268,98.78884454101753,102.8806871381476,13345912
2023-10-19,99.86051940917969,100.20150506203971,98.20429913361397,99.37339492425686,11787202
2023-10-20,98.54528045654297,101.32188841201717,97.52231610998064,99.86051502145924,14709256
2023-10-23,92.55364990234375,99.37339252672697,90.60515200966283,98.93498347404561,29890296
2023-10-25,92.65106964111328,96.64548867633148,91.38455052078663,94.20986640693876,30434337
2023-10-26,92.31008911132812,93.04077583252597,88.90021774573816,92.69979018255292,20883382
2023-10-27,97.32746887207031,99.03240448693116,93.5278965866517,93.67403541165423,32310058
2023-10-30,97.13261413574219,101.80901191455874,96.59678169068634,98.69141835063395,32368940
2023-10-31,98.98368835449219,100.93218618600947,98.44785591058253,98.59398730160285,26692147
2023-11-01,100.59120178222656,101.71158953563628,97.96073265068152,99.37339062263544,24198194
2023-11-02,103.12425231933594,103.75751563845708,101.46803203818507,102.10129535730621,28172342
2023-11-03,101.80901336669922,104.0010734631114,101.37060432058857,103.75751123017672,12041882
2023-11-06,101.17575073242188,103.07554062142431,100.8347650906818,102.88068637405176,9368161
2023-11-07,102.1500015258789,102.63712600376381,100.39635786525105,101.1757525701091,14018306
2023-11-08,101.27317810058594,102.68584357580269,100.98090786749026,102.5884201647708,13363461
2023-11-09,101.27317810058594,101.90644142168794,100.44506795742015,101.61417118859227,10424368
2023-11-10,101.32189178466797,101.61416944568023,100.05536516418775,101.0296141236557,7759750
2023-11-13,109.11588287353516,109.74914618036928,101.22446783087435,101.61416889915148,55306838
2023-11-15,109.70043182373047,113.01287978682686,108.72618286005093,110.577257377628,37833489
2023-11-16,107.45966339111328,109.84657037282768,106.77768465853082,109.7978549515969,16349925
2023-11-17,105.8521499633789,106.58283667628821,103.02682652021039,106.58283667628821,23593164
2023-11-20,105.51116180419922,108.58003997897973,105.21888415282514,105.85214744218267,14988918
2023-11-21,106.68025970458984,107.50836982301672,105.12146287585756,107.16738417812678,11767774
2023-11-22,103.90364837646484,106.87510311046374,103.07553828446284,106.68025630043833,12094255
2023-11-23,103.36781311035156,104.53691632144137,102.7832652212715,104.14721525107811,9202339
2023-11-24,104.1959228515625,105.85215053621089,103.75751379461626,104.24463827252526,10524311
2023-11-28,105.41373443603516,107.06996212680639,103.85493758754964,104.68304771647041,14394577
2023-11-29,107.45966339111328,109.01846024241226,106.29056017794179,106.29056017794179,23355610
2023-11-30,105.07274627685547,107.36222979021474,104.68304521581081,107.21609839613632,16707894
2023-12-01,105.998291015625,107.84935811414019,104.87790321241384,105.70601335115956,20204953
2023-12-04,111.25922393798828,111.94120264326092,109.16459470167862,109.35944151293971,44134018
2023-12-05,111.64892578125,114.86395022024952,111.06437791041267,111.84378002681542,33498381
2023-12-06,114.18197631835938,115.44850295261482,109.55429371055413,112.81803370661322,36097019
2023-12-07,113.59742736816406,114.96137740017582,111.9412071076046,114.5229683408894,22636562
2023-12-08,114.13326263427734,114.66909508131639,112.3309036161835,113.79227699835626,17952489
2023-12-11,117.10472106933594,117.73798437478735,114.47425187183582,114.717814109861,24053871
2023-12-12,119.44291687011719,121.58626896759709,117.78669666868541,117.88412007472327,33413850
2023-12-13,118.66352081298828,120.12489418539981,116.32532193054395,119.83261653774576,21772175
2023-12-14,120.46588134765625,121.34270686881523,118.71223030533828,120.61202017333765,15736169
2023-12-15,124.99613952636719,126.06780441985671,119.54033962290836,120.8068661932676,39463828
2023-12-18,119.93004608154297,124.60644408580356,119.4429215991379,124.60644408580356,32148228
2023-12-19,119.10193634033203,121.19657310815899,117.73798629851937,120.70944862414946,18919618
2023-12-20,113.45128631591797,121.00171561596473,112.86673843733897,119.78390443853783,24393889
2023-12-21,115.4972152709961,116.08176315074247,109.70042959510968,112.08734396739099,16148701
2023-12-22,115.20494079589844,116.90987649478065,113.8897061719181,116.17918976668827,11610568
2023-12-26,114.13326263427734,115.83819824681223,113.6948461598679,115.83819824681223,7968782
2023-12-27,115.98433685302734,117.0560091780151,114.27940124370565,114.76652570351185,12995015
2023-12-28,114.76652526855469,118.37124328428717,113.98712316264691,116.56888427642093,17861879
2023-12-29,116.03305053710938,116.66631385254,114.57167708592932,115.54592605338269,10246266
2024-01-01,117.64056396484375,118.37125069754465,116.03305166631583,116.56889157680175,8090321
2024-01-02,117.78669738769531,120.56330535783533,116.90987186214335,118.27382185378758,15399801
2024-01-03,119.88133239746094,120.36845685672257,117.15343245242401,117.93283456041439,13474009
2024-01-04,120.85558319091797,121.7811167047019,120.22231989746761,120.41716671102334,16066005
2024-01-05,120.95301055908203,122.31696059743193,120.1736084134736,121.14785737901927,12856589
2024-01-08,119.39421081542969,122.36566562877589,118.66352410892873,121.92725657804712,12122073
2024-01-09,119.68648529052734,121.0017199223712,119.1019373911445,120.02747094575652,8045492
2024-01-10,120.22232055664062,120.80686843344233,118.61480832073875,119.6377726798389,8604396
2024-01-11,121.24527740478516,121.53755505946269,120.31974388652218,121.09914601037592,7312380
2024-01-12,127.82145690917969,129.08798349399063,121.14785321135928,121.78111650376475,42620166
2024-01-15,130.64678955078125,132.25429436467115,129.08798529148382,129.2828321074312,25866683
2024-01-16,132.4491424560547,136.58970051471016,130.06223548953102,131.47489350107693,30974573
2024-01-17,128.55213928222656,131.86459445917515,127.57789038298141,131.0364769484734,23673815
2024-01-18,129.52639770507812,130.40323069838416,124.80129911583482,127.43176836403391,21609345
2024-01-19,132.40042114257812,133.86179451000552,127.87016964989667,131.1826100030553,29183335
2024-01-23,136.34613037109375,141.5096525062848,131.9620103278698,141.26609028166123,42032631
2024-01-24,139.1714630126953,139.41502524067283,131.5723185266251,135.6154455647084,25283547
2024-01-25,136.73583984375,140.68153601864063,136.00515316456898,139.5124403051227,14886698
2024-01-29,138.44078063964844,141.26609662582123,137.3203854365489,137.36910085683306,15534613
2024-01-30,137.3690948486328,140.77896599735774,136.4435613671506,137.3690948486328,23496983
2024-01-31,136.24871826171875,137.9049384629205,135.5180315671422,137.61266081191812,21053555
2024-02-01,140.87640380859375,143.11716449601133,136.10257504450684,137.27167080878104,41841032
2024-02-02,144.96824645996094,148.52424917441553,142.3864778278111,142.4351932483911,38195913
2024-02-05,142.97103881835938,151.34958605150322,142.045505254036,145.99121662389862,35858580
2024-02-06,141.21737670898438,145.60149680949974,140.48669002556517,144.1888388613943,18584278
2024-02-07,142.87359619140625,146.33218278264147,141.46093825015765,143.21458925502353,20366561
2024-02-08,145.60150146484375,149.98562170553342,143.89656581568664,144.57853710217768,36435011
2024-02-09,145.0169677734375,147.1115971507634,137.5152386750485,146.13734816301,29123961
2024-02-12,136.1512908935547,146.18605806138567,134.64120204642927,146.13734264066693,22342661
2024-02-13,132.64398193359375,142.09420816660656,131.91329525779534,137.95365033708228,33817049
2024-02-14,135.4693145751953,136.15128584237897,129.18541204794957,130.54935458231685,28323626
2024-02-15,141.9967803955078,142.7274670870799,136.54098048542608,137.17425120430383,32155272
2024-02-16,140.97381591796875,145.65021371268492,139.99956699681366,144.04270893912252,28730074
2024-02-19,137.51522827148438,141.70450157506107,136.9794032614451,141.26609253691134,19834182
2024-02-20,137.46653747558594,141.26610256371436,137.17425980745458,138.73304926105558,20767191
2024-02-21,141.363525390625,146.9167413067186,140.43797701639366,142.92231475581573,58178774
2024-02-22,143.50686645507812,144.14012229599365,138.44077513017845,142.67874894078076,24062941
2024-02-23,142.14291381835938,145.35793828038328,141.36352656223397,145.35793828038328,18645495
2024-02-26,143.36073303222656,144.82210651824664,140.53541690559834,141.26610364860838,21337245
2024-02-27,142.33778381347656,144.2862817993374,140.14572357938314,144.18885095370038,19010674
2024-02-28,137.2229766845703,139.950861973757,135.27447869751705,139.31760607430863,44713845
2024-02-29,142.53262329101562,146.91674353319127,135.37188761578508,137.5639477368729,227287955
2024-03-01,142.9223175048828,143.89656645156347,141.55837492587352,143.16587974155297,17073718
2024-03-04,145.0169677734375,146.52704181176745,143.45816344668813,144.96825235087786,18755485
2024-03-05,153.8339080810547,154.6133102386593,144.042717719307,145.01696669984784,63767342
2024-03-06,151.0085906982422,154.51589294467422,149.06009275374873,153.93133761498237,27499978
2024-03-07,153.29808044433594,157.7309013382125,149.69334738455228,151.93412297510824,28694977
2024-03-11,149.790771484375,156.7079447643059,148.81652256415143,154.07746078701524,19818827
2024-03-12,146.52703857421875,151.44699882683773,144.18884700161738,150.42403443912733,22173988
2024-03-13,137.90493774414062,149.06008491669542,135.90772448286936,147.5987115351592,27124015
2024-03-14,139.9508514404297,140.7302535497617,134.54378182600504,135.90772436794197,19666323
2024-03-15,144.1888427734375,146.6244651175834,134.15407574238458,140.1944161826946,24676537
2024-03-18,149.30364990234375,150.03433660659667,142.6300387238236,145.16309191157728,16880446
2024-03-19,145.30921936035156,151.34957451084279,144.3349704478025,148.91395222947008,13193308
2024-03-20,140.92510986328125,146.42962555310046,140.09700714478686,145.30923029980605,14794112
2024-03-21,143.01974487304688,145.40665176128311,142.38647415356618,143.11716084583395,9946607
2024-03-22,144.28627014160156,146.96545465569312,143.79914568449402,144.67596376094414,18104178
2024-03-26,146.13734436035156,146.96546192473733,142.92231981125195,144.28627727813088,10248530
2024-03-27,147.3064422607422,148.03712899305327,144.87081981970525,146.4783395503054,11982782
2024-03-28,149.54721069335938,150.2291819709065,147.35515060176292,148.08583729896174,11097927
2024-04-01,152.71351623535156,152.9570784622022,150.1317625770782,150.5214561936958,8727492
2024-04-02,152.76223754882812,154.1261801254814,151.59314178800258,152.5673907330004,8622393
2024-04-03,153.4442138671875,154.12618517786976,151.0085914248512,152.95708937872024,13943614
2024-04-04,155.0030059814453,156.02595543405621,153.05450818087834,155.05170653377272,15754706
2024-04-05,156.07467651367188,158.9974233205416,154.02876266837845,155.05171215809565,19219975
2024-04-08,151.0085906982422,155.29528022978394,150.13177256956396,153.93133761498237,17595394
2024-04-09,147.5500030517578,152.46996330737207,147.11159398986058,151.8854079809361,15084804
2024-04-10,147.01416015625,148.28068676052436,145.9912106545853,147.93970854858918,17948422
2024-04-12,145.35794067382812,149.40108274438288,145.16309385658846,147.11159176070373,16088871
2024-04-15,141.55838012695312,143.40944724731386,139.70729814073266,141.26610245903834,15095810
2024-04-16,139.5611572265625,142.72746620377944,139.17146360647928,140.4379753046791,11737571
2024-04-18,138.8791961669922,143.11717034388542,137.71010035494785,140.58413189543262,11659346
2024-04-19,137.0768280029297,138.0997924012964,134.5437895838679,136.97941202480786,16570593
2024-04-22,146.72189331054688,148.08583585231682,139.02531792239148,139.02531792239148,27745626
2024-04-23,143.11715698242188,148.18326313807373,142.4351857278867,147.74483924186117,18952074
2024-04-24,143.31202697753906,145.1143786216381,142.72747165921223,144.48112274833343,8377083
2024-04-25,146.13734436035156,147.1115933227539,142.97103523254393,143.7017219543457,17834511
2024-04-26,147.01416015625,149.35236654857016,146.42961970756434,147.59871547079484,14002368
2024-04-29,152.71351623535156,152.9570784622022,147.93970253542244,148.08583392518938,23970707
2024-04-30,150.22918701171875,152.9570870792985,149.30365347071654,152.9570870792985,16033285
2024-05-02,150.66758728027344,151.69055160415934,149.83948463016281,151.0085803435216,8371301
2024-05-03,148.57296752929688,151.98283891521515,145.60150520553904,151.59314527459685,13310526
2024-05-06,143.8965606689453,150.2291785678875,141.2660915917872,150.03433175955328,17264861
2024-05-07,138.14849853515625,146.13733663115428,137.17424962428188,146.13733663115428,20164121
2024-05-08,140.3892822265625,142.04550249888936,137.22297308075605,138.830477931514,16847052
2024-05-09,138.44078063964844,143.31202535088366,137.17425404155546,141.26609662582123,14936492
2024-05-10,138.34335327148438,140.24313578337865,134.00794834283863,139.5124490583532,16412431
2024-05-13,132.88754272460938,135.8102893962579,126.99334882947151,135.37188036868227,33666442
2024-05-14,130.20835876464844,134.3976319829175,129.96479654109626,134.30021601301164,17206316
2024-05-15,135.37188720703125,136.97940687715723,131.32876005335442,131.62103770845542,19140585
2024-05-16,137.0768280029297,139.65859670984185,135.27447631614987,136.20000987053515,16210090
2024-05-17,135.56674194335938,137.51523993674354,135.42061054019953,137.0768308614041,11480094
2024-05-21,139.07403564453125,140.04828458074513,135.6641643677827,137.7587936342989,16455024
2024-05-22,144.38369750976562,145.69893959411203,139.8047302247068,140.19442387480802,29496408
2024-05-23,148.67039489746094,149.0600885289708,145.11437733003208,145.16309275043562,18477670
2024-05-24,152.46995544433594,152.95707990262454,147.3064332133049,148.0858353197384,31907317
2024-05-27,155.8798370361328,157.63348817596125,152.12897251110698,153.15193691482855,26988783
2024-05-28,153.8339080810547,156.26953053240678,147.11159606166677,155.1004347289297,23175943
2024-05-29,151.0085906982422,154.6620243441674,150.52146621211884,151.83670827099573,11401297
2024-05-30,148.67039489746094,152.66480665094403,147.84227734817856,150.76502418207994,11542863
2024-05-31,156.0259552001953,157.43862799617574,145.16308592465978,149.25492832654564,76445028
2024-06-03,165.622314453125,168.05793672449448,159.67939016464,163.67381663602941,37182648
2024-06-04,135.4206085205078,165.52489612296745,132.49786157402204,165.52489612296745,58454122
2024-06-05,137.3203887939453,139.99957345062904,126.21395652712745,138.3920686029626,39006751
2024-06-06,140.8276824951172,146.03990522861073,139.36630913446055,141.02252930336635,23237245
