Price,Close,High,Low,Open,Volume
Ticker,UPL.NS,UPL.NS,UPL.NS,UPL.NS,UPL.NS
Date,,,,,
2014-06-02,191.47677612304688,192.9496734077653,188.65633268266902,189.09506163437536,1149850
2014-06-03,189.62782287597656,193.20038765797707,188.3429522050937,191.5081186196065,1366759
2014-06-04,192.9810028076172,193.98382617932,189.5338037435525,189.5338037435525,1284961
2014-06-05,196.17752075195312,198.43386983001577,192.291578258891,192.291578258891,3092316
2014-06-06,197.58773803710938,200.6275387979137,194.7986251903351,196.8042719577481,2821561
2014-06-09,201.37966918945312,204.01208607239406,196.05217420131805,197.58774712998746,3015864
2014-06-10,197.49371337890625,204.01207240917708,194.42256772725003,203.98072745463182,1746045
2014-06-11,189.72183227539062,198.559216013988,188.0609082913916,198.05781149603382,2848368
2014-06-12,191.6021270751953,194.2972193840258,189.37710867266046,189.90985814342767,2219784
2014-06-13,185.86721801757812,193.41974540574407,180.6964050945799,192.4169220376516,1952983
2014-06-16,189.1890869140625,193.67045444550163,178.97281183802042,186.77604175517084,4446279
2014-06-17,197.7130889892578,199.56203967003404,188.31161080950724,189.28308923713894,2945580
2014-06-18,196.27154541015625,201.9437779408564,191.63348133916708,195.7387958736285,2277633
2014-06-19,203.07192993164062,204.29412497162897,194.95532229926903,194.95532229926903,3785692
2014-06-20,195.80145263671875,206.11174824797843,194.3912308792286,204.9835737110898,3525598
2014-06-23,194.32855224609375,198.4965418865966,192.51093216431366,197.18034067191877,1334136
2014-06-24,199.2486572265625,199.87542720585412,194.64193876349236,194.64193876349236,2335630
2014-06-25,197.52508544921875,202.69589905421904,196.89831538192453,199.6874142076219,2679990
2014-06-26,203.91806030273438,207.1772471250706,196.17752029072085,198.55922049579652,7014616
2014-06-27,206.581787109375,206.86383428211198,200.7528743700426,204.92084902348608,4296448
2014-06-30,214.0089874267578,216.17133035508306,206.26843295450723,207.45929742021193,4024027
2014-07-01,209.9663543701172,216.23401166395527,209.02620649331737,212.56744068264328,2223948
2014-07-02,211.3138885498047,213.6015825424168,210.21705898651646,211.72128689618862,2248825
2014-07-03,215.419189453125,218.61570046359427,212.78677284024337,213.10016499246603,3281964
2014-07-04,221.02874755859375,225.19673698257975,211.90930266806836,216.04596148384155,4410688
2014-07-07,214.51040649414062,220.84072484858436,213.85229152087348,217.48753179717775,1593459
2014-07-08,202.22581481933594,214.35371673871379,200.40819462746435,212.5987721158365,4831002
2014-07-09,201.1289825439453,206.1744450418479,197.93248530273053,201.81842818850814,2938300
2014-07-10,201.2229766845703,206.92653911991397,195.17469147215687,200.502186175462,3482884
2014-07-11,201.2229766845703,206.2057486108056,199.18598497712003,200.56486173988222,2930464
2014-07-14,199.5933837890625,202.41382723117215,196.8669465210462,199.96943717647025,1873176
2014-07-15,206.08038330078125,208.0233543551393,200.03209850457353,200.03209850457353,2394220
2014-07-16,206.581787109375,209.33955459016371,203.22859467809434,208.49341307195274,2238288
2014-07-17,204.7328643798828,208.65015196069191,203.7613858966813,204.67018881146717,2396118
2014-07-18,203.4793243408203,204.29412101837892,201.22297534567113,203.071926002041,1789326
2014-07-21,203.2599639892578,208.49345277469484,202.0064382940181,202.0064382940181,2910106
2014-07-22,203.16595458984375,205.70435089658204,201.06628724855258,203.3853118998085,1468212
2014-07-23,200.0634765625,204.63886493501585,195.73879047189774,203.69871703232133,2211724
2014-07-24,197.1803436279297,200.87825941212495,196.1461752683811,199.2173210456817,2615910
2014-07-25,197.36837768554688,199.49937570472198,191.7274904497177,195.7387842141692,2104089
2014-07-28,194.82997131347656,201.16028947809787,193.95249905428355,196.9923141788278,5412294
2014-07-30,203.2286376953125,203.91806895230462,194.86131297575838,195.58210353543646,3207424
2014-07-31,206.11175537109375,209.27692178224942,201.75573881570702,203.0719400966447,10155327
2014-08-01,208.5247802734375,209.77830586373167,202.16311746033335,202.16311746033335,5131497
2014-08-04,209.4649200439453,210.56174951394826,206.51912569479643,206.9891995663737,3354364
2014-08-05,207.83534240722656,210.90648810673002,205.7043445214909,209.96634029296226,2146140
2014-08-06,208.8068389892578,212.0973563975364,206.6444961089998,206.6444961089998,2256148
2014-08-07,198.40252685546875,207.89801084154857,197.7130813235469,207.89801084154857,2929812
2014-08-08,190.28591918945312,197.05499518898566,189.28309577202566,197.05499518898566,2073438
2014-08-11,192.76165771484375,194.54793292415002,186.2432982131636,191.38276652546938,2814252
2014-08-12,193.2317352294922,195.1433616104385,191.978195153099,194.57926714150975,1237591
2014-08-13,191.72747802734375,197.3996955071379,190.53662795796419,191.28873473092992,1895125
2014-08-14,196.89828491210938,197.36835880345683,188.0609014929837,189.78450097941885,1997476
2014-08-18,203.4166717529297,203.6987189955601,194.95534054712897,194.95534054712897,2293734
2014-08-19,205.0775604248047,206.0177081739071,200.97224667432198,202.4451438582147,1452828
2014-08-20,201.03494262695312,205.79835741589102,199.56204529365405,201.37966541599383,1715776
2014-08-21,204.01210021972656,206.5818417130965,201.19165643788702,201.19165643788702,2293603
2014-08-22,212.16000366210938,214.60437908916654,203.6986743123792,203.6986743123792,2595583
2014-08-25,203.4166717529297,216.4847219881255,202.31982774070855,214.29104830920193,3349015
2014-08-26,204.04342651367188,208.2427468434802,198.93528895301702,204.01208155772102,2796999
2014-08-27,203.6046905517578,207.7726804215597,202.60186710790097,204.38814233259401,2826051
2014-08-28,198.12046813964844,204.88952890418372,196.64757099054853,204.32543452984083,2151672
2014-09-01,205.39097595214844,205.79837434129135,199.75008842141753,199.90678452355522,1077433
2014-09-02,203.4166717529297,207.67866796861193,202.7272261255039,204.38815027746722,958629
2014-09-03,214.886474609375,216.35937205633067,203.07195007525362,203.07195007525362,2370025
2014-09-04,231.49575805664062,233.15668220927265,215.13717577819494,216.4847220752885,7892401
2014-09-05,237.10528564453125,239.4243246660806,228.9886777601441,231.90314184249186,5950129
2014-09-08,238.60952758789062,241.30460566283324,232.1538437613028,236.2904885698359,2989863
2014-09-09,241.99404907226562,243.62364249242032,234.31618458407073,236.32183140325296,2408200
2014-09-10,238.296142578125,243.4042803482028,236.9172657156251,240.4898305280596,1445880
2014-09-11,234.2848358154297,240.86588495545644,232.05981737693133,238.73487269242636,1618783
2014-09-12,230.5242462158203,235.56970817514008,227.57845157961867,234.59822973015662,1682862
2014-09-15,227.0457000732422,233.68941042336536,225.3221005066992,227.54711894189174,1914792
2014-09-16,214.51040649414062,231.1510206168898,213.38221759454993,225.4161129775357,2894490
2014-09-17,215.1998291015625,220.46466260343345,209.96634055476423,215.638572399477,2693299
2014-09-18,225.25941467285156,227.82914142779777,211.25120409089126,213.03749348691508,3495987
2014-09-19,221.2481231689453,230.8376427406768,219.83790139022219,227.13972689787943,3498165
2014-09-22,222.4702911376953,224.63263380402063,218.42765299552468,219.05442293597847,1596213
2014-09-23,218.3963623046875,227.4844492019525,217.6128961495477,221.87490670166926,1854906
2014-09-24,216.67276000976562,219.02312991182313,210.68716375864267,216.2340309892906,1260375
2014-09-25,210.5304412841797,218.11429959535135,206.04907372428679,214.57307987854188,2395161
2014-09-26,212.0973663330078,213.91498651433113,204.7328650820096,209.02620608803647,1345600
2014-09-29,217.48751831054688,219.36781389924184,211.2198759119082,213.06882654621705,1043040
2014-09-30,213.13150024414062,218.02026586285763,211.219874063307,216.5160380123768,1181100
2014-10-01,212.28536987304688,214.32234714953103,209.71562880306394,211.97197771857503,813585
2014-10-07,212.2540283203125,216.17131554984417,210.74980046770855,210.74980046770855,917490
2014-10-08,212.31671142578125,214.94912819325225,209.71563961357984,210.37374021906828,590763
2014-10-09,214.35369873046875,216.17131876963876,211.87797809938752,213.03749754664636,1215772
2014-10-10,207.9920654296875,213.10020350244648,207.1459236803972,213.10020350244648,953883
2014-10-13,209.90367126464844,211.15721128571784,204.0120819403822,206.83252546951192,602635
2014-10-14,215.7325897216797,223.06574592625736,214.82378681484983,217.95760824475158,3874845
2014-10-15,215.7325897216797,215.7325897216797,215.7325897216797,215.7325897216797,0
2014-10-16,200.59620666503906,216.2966722510058,196.6162437701189,215.29384887491403,2778679
2014-10-17,202.28848266601562,204.32546009884712,197.77577014310555,202.88390772149054,1907424
2014-10-20,207.20858764648438,208.9008567047552,203.35398993402563,206.6131625667354,1633452
2014-10-21,204.8582000732422,211.03183634264394,200.18880602345303,208.9321834407275,4246246
2014-10-22,210.37374877929688,210.9064982764194,205.39096225695954,206.83252900215564,2583532
2014-10-27,210.561767578125,215.60722947864227,209.27691131836602,212.28538148545533,3120660
2014-10-28,210.09169006347656,212.16002671680423,208.80683382575086,209.71563667860812,1365483
2014-10-29,214.3850555419922,215.16850730469105,209.96634915438284,210.9064970078286,1869480
2014-10-30,213.13150024414062,216.10863968202398,212.1600218494263,214.0403174216649,3659994
2014-10-31,218.45901489257812,219.68120991577908,213.3508774972899,213.3508774972899,2294547
2014-11-03,214.8237762451172,219.24246811716057,213.63292616871908,218.74106359889493,1981006
2014-11-05,212.12869262695312,221.56151614180385,211.5332675643226,214.9804811509138,3986598
2014-11-07,208.93218994140625,213.57025352641642,205.98639531973396,213.1001796113513,1607814
2014-11-10,210.34239196777344,212.47338969082404,207.7099754210848,208.71279872284484,1539060
2014-11-11,206.51914978027344,211.78396914864365,205.01490747758606,211.78396914864365,2221855
2014-11-12,218.36502075195312,220.11996545693006,206.20577330648635,207.0205700870484,4149525
2014-11-13,224.53863525390625,226.54428204490927,217.48752652982492,219.36782218957993,5191984
2014-11-14,226.73231506347656,229.0200089915872,223.53580394770378,226.26224116517324,3626109
2014-11-17,224.8206787109375,227.5784465888112,223.31645081560822,226.26224538720842,1319332
2014-11-18,225.29075622558594,228.76930032453834,221.4048137776105,225.19675004997595,1252081
2014-11-19,218.0516357421875,231.90315186649957,214.35371973771285,225.9488723101064,3798160
2014-11-20,221.4361572265625,222.18826400839487,216.7980936776764,218.14563984673535,1561683
2014-11-21,219.49317932128906,224.38195964671456,217.2368302061064,222.438988368219,2033197
2014-11-24,222.4076385498047,224.97737979101595,218.2709938138938,219.5871950447243,2432427
2014-11-25,215.1371612548828,221.87489228550504,211.87798874074412,220.93474443683763,1413787
2014-11-26,212.16000366210938,216.2026273194569,210.90646382439826,214.0402990731605,2138614
2014-11-27,212.16000366210938,213.66423138364095,208.21137182248953,213.10015136763494,2894475
2014-11-28,216.73541259765625,218.42766715923668,211.06318084980552,211.06318084980552,2349022
2014-12-01,215.1998291015625,219.6812108728225,213.94630346348154,217.36217194502797,1599438
2014-12-02,216.108642578125,217.20548645846873,212.50474746487703,213.9776447265013,2691663
2014-12-03,217.2994842529297,219.68119861242909,215.04313536120722,217.8635786486185,1777183
2014-12-04,212.91213989257812,218.74106795203753,212.2853842322731,217.73824455003196,2202420
2014-12-05,210.43641662597656,214.7924329672523,209.08887045433903,213.10017835937398,2159533
2014-12-08,207.14588928222656,211.65860149251378,204.95221591210105,211.65860149251378,2428317
2014-12-09,199.3426971435547,207.77268317508788,198.1205020204799,206.83253528741778,2952151
2014-12-10,205.35960388183594,206.45644768433556,197.5250442303819,198.2458203327739,2267406
2014-12-11,202.28848266601562,205.73568186566166,199.40536356578482,203.76137999943188,2137219
2014-12-12,193.6391143798828,202.97791742076086,189.00106498880632,201.5363650183901,3741244
2014-12-15,192.60496520996094,195.36273329456765,187.68485412160877,193.35708638676607,2677285
2014-12-16,189.72183227539062,196.14617090754047,188.6563333292208,190.85000678630476,4206667
2014-12-17,195.45672607421875,197.30569110482028,188.02956403311754,188.02956403311754,4295769
2014-12-18,201.37966918945312,203.66736327689392,196.52224813236043,196.99232206340284,3416895
2014-12-19,202.38247680664062,205.98638622672803,201.19162676651555,204.0120701324013,2768838
2014-12-22,207.36526489257812,208.05471043615069,202.19445200681778,202.19445200681778,1848877
2014-12-23,207.23989868164062,208.77547139290917,204.63882712359458,207.83532366392714,2002549
2014-12-24,207.61598205566406,211.5019246512831,205.57900457867285,206.86387524013878,4269037
2014-12-26,209.4649200439453,209.90364896284328,206.2057335500675,207.61595516479937,1005885
2014-12-29,210.65579223632812,213.66426246250856,208.77549655177563,208.8695170742103,1596069
2014-12-30,211.9093017578125,213.35086836732577,210.21704724712353,210.6557761788349,1223850
2014-12-31,217.2054901123047,218.74106296330714,210.96916384311737,210.96916384311737,2965369
2015-01-01,214.10301208496094,216.9861312632349,212.1286958197707,216.9861312632349,787731
2015-01-02,220.77804565429688,222.65834132869975,214.19701079388685,214.19701079388685,3485478
2015-01-05,216.67276000976562,221.87491875422862,216.2967065636442,219.3678527435275,1455238
2015-01-06,206.17442321777344,214.9491315682686,204.38813372280916,214.9491315682686,2071117
2015-01-07,202.47650146484375,209.71563671623824,197.6190663424109,205.51631653571886,3720183
2015-01-08,208.5874786376953,209.74699818414393,203.00926691554577,204.3568131692654,2241168
2015-01-09,208.30543518066406,212.12870234656455,205.1402686749028,209.90368373972174,3090469
2015-01-12,207.20858764648438,209.9350251141202,205.61033911470793,208.58747885897105,1351051
2015-01-13,216.0773162841797,224.0058976944566,208.0860593049433,208.0860593049433,6944788
2015-01-14,224.50729370117188,225.57279261036405,214.9804647354947,216.73540917846418,4317558
2015-01-15,227.20237731933594,228.76928066971018,221.6241663889441,227.51575512030755,2974933
2015-01-16,231.9971466064453,234.37886118064006,224.9773827084565,226.57563117962417,2779971
2015-01-19,232.56121826171875,234.72356096751247,230.17950392093474,232.34184662672843,2236056
2015-01-20,232.749267578125,235.16231276113456,231.33904580835897,233.15666593464746,1878513
2015-01-21,228.33056640625,233.6580754378691,223.81785405497993,233.6580754378691,2458926
2015-01-22,225.8548583984375,230.398901613418,223.75519101581486,227.54712741808086,1723426
2015-01-23,224.4132843017578,229.11402345489694,223.31645472970365,227.98584892724702,1537792
2015-01-27,219.7752227783203,227.51577714865644,218.74106876222788,225.0087114615979,1991038
2015-01-28,222.03160095214844,225.823523172286,218.89776504873322,221.24813480353538,1640554
2015-01-29,228.89463806152344,230.27352911461077,219.49316031962456,221.87487470881334,2583888
2015-01-30,230.8689727783203,234.56688861193712,228.14254975109807,231.77779001773953,1898403
2015-02-02,246.8201141357422,248.01096412285298,225.04003423246363,231.840440092941,6059877
2015-02-03,260.92236328125,262.6146466537311,244.28176327691955,248.8571514683125,10507746
2015-02-04,269.25830078125,273.2695938871677,260.20154634108474,262.4892544241507,9013189
2015-02-05,261.95654296875,268.25554541551764,260.514990497125,268.25554541551764,2762121
2015-02-06,268.47491455078125,273.7397198219688,256.37834302810154,259.48081961226825,5598588
2015-02-09,259.2301025390625,267.0019875531669,256.3469690965217,267.0019875531669,2108044
2015-02-10,266.1558837890625,269.1956992442214,257.8199035928547,258.41532870036684,2462724
2015-02-11,273.05029296875,275.71405509072434,262.01924841643785,267.66013618694427,5374516
2015-02-12,277.124267578125,280.63415700771327,274.0217908866157,275.46334339450584,2829805
2015-02-13,269.25830078125,277.68829963956296,267.4406952483626,277.437597406822,2295769
2015-02-16,267.28399658203125,273.52030814140625,264.5889044250671,268.2555036403904,1487070
2015-02-18,261.89385986328125,269.5717242239972,261.07906316673234,267.28401587525167,1582840
2015-02-19,268.2241516113281,271.5460281587567,262.6146242003496,263.1160287014583,1937391
2015-02-20,263.8995056152344,268.16150143215543,261.42378492531395,268.16150143215543,1280686
2015-02-23,261.45513916015625,268.8196119846329,259.0734387756125,266.4379116000892,2133754
2015-02-24,259.54345703125,265.7484089445367,258.0705455678231,260.20154321152194,2949123
2015-02-25,257.7571716308594,264.244214219828,253.2131431870041,261.2357298686822,4404639
2015-02-26,255.3128204345703,259.637477409602,250.14200747734748,258.2272556939958,2216343
2015-02-27,263.11602783203125,264.1188368309349,256.033588858657,256.033588858657,1522512
2015-03-02,265.0276794433594,266.8453139648895,260.48365052160636,261.987864164345,1298245
2015-03-03,262.3325500488281,267.1586398677573,261.4237616069815,265.1843525667202,960072
2015-03-04,260.2642822265625,267.0019991677024,257.78856137706254,264.87100112188244,2088045
2015-03-05,264.3068542480469,265.7484064006856,259.5120952501063,261.67445217009526,1656009
2015-03-09,273.5830078125,275.74533626037777,261.7998297890437,264.62027316855404,4095466
2015-03-10,271.95343017578125,277.15557394731,270.7625800611688,275.9333932220592,2034645
2015-03-11,266.7199401855469,272.5175086751165,265.7484330932897,270.9506052514302,1048327
2015-03-12,268.78826904296875,270.6372341629672,263.3980841212676,265.7484537853212,1426203
2015-03-13,258.97943115234375,272.0161513826719,256.72308179712206,270.1671860857236,1991061
2015-03-16,255.9395751953125,259.9195380711045,251.17614624987377,258.9793902639421,1737163
2015-03-17,261.705810546875,265.09034835698776,255.37547821654258,256.2842954053116,2787130
2015-03-18,264.7769775390625,268.506238421721,261.4864599816665,263.8681602770292,1988053
2015-03-19,268.44354248046875,271.8594110982402,263.1160475470261,267.0019900910141,2730973
2015-03-20,261.54913330078125,273.5830138421673,257.78854204521883,272.45482498908484,3487477
2015-03-23,263.11602783203125,266.9706394763925,260.8283195939738,262.6146233325794,1710091
2015-03-24,259.76287841796875,265.65449736004086,259.19881257624166,263.05339638622917,1088602
2015-03-25,263.2101135253906,266.6886439654947,260.10760786195453,260.6717024090375,1439575
2015-03-26,267.5347900390625,270.1671929047567,261.5805099396579,263.11608305981935,2542242
2015-03-27,272.7995300292969,280.1326997154564,260.4209275149474,269.5090128946315,3937567
2015-03-30,276.1528015136719,279.4746500310156,273.89645211870334,275.58870699216993,2228515
2015-03-31,277.124267578125,286.9644902263238,274.74256714056077,277.594341542962,3935781
2015-04-01,276.2154235839844,281.8249800068594,273.23829832457017,277.9703681292799,1895082
2015-04-06,282.2323913574219,283.6112538077542,274.77386990278507,276.2154222645591,2833153
2015-04-07,296.61669921875,300.0952583563687,282.7025200503564,285.08422070798326,4264207
2015-04-08,289.72216796875,298.3088482240931,287.3091375518663,298.3088482240931,2611506
2015-04-09,284.7081298828125,294.6736745977304,283.39189987952585,289.9416045196489,2828709
2015-04-10,290.4430236816406,291.5712126866002,283.9246780169803,284.42608260094534,2643700
2015-04-13,297.52545166015625,299.84446188788434,289.94157926002845,291.41449088684715,4988629
2015-04-15,288.84478759765625,303.98117508284935,287.27788393700996,298.3402874752771,5325034
2015-04-16,283.2665710449219,293.2321452355896,274.93059048956223,290.12966842020165,2682301
2015-04-17,268.8196105957031,285.74227286567526,267.8481320792961,284.4260715384404,3833344
2015-04-20,256.91107177734375,269.1643247461496,253.27583141987432,268.88229186047266,2996694
2015-04-21,266.3439025878906,269.1957057411579,249.0451860571847,256.59770026640086,2706810
2015-04-22,269.4150085449219,272.9875583628863,262.11316980576663,268.5061914419019,3139509
2015-04-23,274.0531005859375,275.4633223728291,270.2611785432385,271.3266775361542,2289070
2015-04-24,272.4548034667969,274.96188323315056,265.52904653882683,274.96188323315056,1901011
2015-04-27,279.4432678222656,283.76795343392286,265.8424553519211,270.51186373579185,7690443
2015-04-28,298.2462158203125,300.75326698581284,278.3464308461396,280.7907921042617,5244418
2015-04-29,293.7334899902344,302.8529348906742,292.07256607868345,297.7134527327205,3659713
2015-04-30,307.5223388671875,310.87551725171943,289.7221925944217,292.07256200078814,8066182
2015-05-04,311.5963439941406,314.2601059844093,304.04383005910654,308.0551240054403,4508887
2015-05-05,310.31146240234375,317.08050931485434,305.42268238966903,309.81002920468705,3922423
2015-05-06,300.1578674316406,314.63613863233365,298.7789762627073,308.05510366010634,5071227
2015-05-07,305.8614501953125,309.49669054178486,297.77617276827726,303.9184645398548,3039747
2015-05-08,317.4879150390625,320.21433784788485,308.58784178632465,309.93537354110964,2768298
2015-05-11,316.3597412109375,321.27985195766854,313.63331827303233,320.1203324883335,4278573
2015-05-12,306.55084228515625,314.6360896098994,299.092321843501,313.10051693503465,4780237
2015-05-13,318.2713928222656,321.7186208952766,310.4054868608123,311.4396552827156,7218978
2015-05-14,322.9407653808594,329.05172600669806,319.93228098095614,319.9636402806671,4292419
2015-05-15,326.76409912109375,329.9919269931289,322.84679690977094,323.66159370397133,2414062
2015-05-18,330.7440185546875,333.4391111044022,325.4792132864421,326.82674521578093,4329804
2015-05-19,326.638671875,334.1598543045688,325.13445834191344,330.80667577327085,1798066
2015-05-20,324.13165283203125,331.558815480929,322.53341862158015,329.05176398566954,2664748
2015-05-21,337.7011413574219,338.82930163683403,325.4165285887839,325.7299207896948,3810559
2015-05-22,336.98028564453125,342.8405439031185,331.9034934246372,342.8405439031185,1987285
2015-05-25,345.7237243652344,348.1054247238109,337.1057115260458,337.63844669997303,3185475
2015-05-26,354.279052734375,356.25334023884494,342.2765025099236,345.72370168121,6190050
2015-05-27,336.6355895996094,350.98850831224956,333.6271052767799,349.17087399898884,6951375
2015-05-28,325.22845458984375,339.51871287666614,319.77560873070684,333.43908267919016,6936849
2015-05-29,346.38177490234375,357.2561645275508,321.40519694734627,325.04043702544993,47383105
2015-06-01,340.3648681640625,351.92870447229814,333.53313062799543,335.3194058879885,4819459
2015-06-02,332.8749694824219,348.2620264399391,329.4590727912887,342.4644586286154,2871489
2015-06-03,338.3905334472656,341.49303854268,330.0859132977517,333.40776135755726,3342442
2015-06-04,351.3019104003906,353.11954491350895,339.2366985566359,339.2366985566359,3456874
2015-06-05,344.81488037109375,355.87728262772623,340.7408968961592,351.1452128894403,3633442
2015-06-08,335.0686950683594,343.90607930653186,333.8465143139979,343.90607930653186,2569891
2015-06-09,323.6615905761719,336.00886482476903,321.43657189324654,334.06590773578625,3451975
2015-06-10,326.3879699707031,329.5531361592882,320.5277114958868,324.97774826364144,2199621
2015-06-11,317.4879150390625,330.2112406075889,315.88965234542536,329.67847681269876,1913797
2015-06-12,328.456298828125,330.2739044849729,314.26006157549494,317.39389708054654,1964808
2015-06-15,322.2200012207031,335.94616518290456,320.4023667932662,329.92919615928474,3347728
2015-06-16,325.41644287109375,327.61013031755806,318.23998428156625,321.5305011057479,2029876
2015-06-17,333.6271667480469,335.9462059787211,325.5105581317253,327.67288691208597,2159743
2015-06-18,329.0830383300781,336.25949747149497,327.9548782610751,334.31654078491823,1684065
2015-06-19,326.8580017089844,331.1200255806248,323.75552583007595,330.8066334558045,2954455
2015-06-22,342.33917236328125,344.75223192775655,326.85806327583595,328.8950694343119,3098634
2015-06-23,350.6438293457031,352.43010458315064,345.00294205416174,345.34766485693615,3714076
2015-06-24,339.362060546875,353.5269402407372,336.2595552690247,350.9885581309,2741890
2015-06-25,349.7036437988281,351.6152699685706,336.5102155700767,338.39051113140596,6207958
2015-06-26,350.3930969238281,360.2646488347427,342.4018406149925,346.6325057196702,4286835
2015-06-29,337.293701171875,345.7237010781634,336.25953281498244,339.07997632048847,2074509
2015-06-30,335.6954650878906,342.84056564022643,332.9690134291451,338.95462319050466,3761629
2015-07-01,342.9659423828125,345.1596303794361,336.57294814036015,337.701137096575,2532499
2015-07-02,344.0313720703125,348.9201516403373,340.67819387208993,343.1225836571023,1782717
2015-07-03,343.0912780761719,349.3589495868926,340.9602800912997,345.34765588701134,1392181
2015-07-06,350.11102294921875,350.9885095009462,337.8264407532986,338.45319636808034,2368588
2015-07-07,346.5384826660156,352.49273290168054,343.65534937477224,350.42442496914623,2554767
2015-07-08,334.25384521484375,346.44443497386635,332.34221916760316,343.46731008955464,2691954
2015-07-09,323.9122619628906,334.19122699710357,322.15731741292825,334.19122699710357,5302110
2015-07-10,325.1031188964844,329.42780479581165,322.53340627500637,325.91791562218475,4410291
2015-07-13,326.7326965332031,329.302437721335,320.2770129532956,326.23129201582157,2876917
2015-07-14,327.4848327636719,331.87217968305583,325.9492599073358,327.4848327636719,2584035
2015-07-15,330.1485595703125,331.68413239773497,325.3224694425512,328.0802516247199,1784424
2015-07-16,339.31781005859375,340.93075932444594,329.67181983536346,331.56939358122366,3070018
2015-07-17,337.7365417480469,344.2515475185612,336.281713831851,341.5316896161259,2265243
2015-07-20,345.7379150390625,347.5722516861064,337.5783425106465,338.71689828844455,2181942
2015-07-21,343.4608459472656,351.05114088532673,340.32986086718637,345.99093460839356,2277129
2015-07-22,345.4532775878906,349.7228181621458,342.8599231562382,344.536109298841,2142196
2015-07-23,342.3855285644531,347.8884803702,339.6656711666986,347.82524335996214,1268016
2015-07-24,339.3494567871094,347.82530233264015,337.5151488590843,343.2711075910374,1504918
2015-07-27,339.57080078125,345.9593026327072,330.49408888033173,339.66568525521745,1874754
2015-07-28,332.80279541015625,345.3584118632439,331.4428811100567,338.9066728938232,1519926
2015-07-29,333.15069580078125,340.74099079370535,325.7501697645513,336.1868253798219,3282741
2015-07-30,328.47003173828125,337.7681316455285,327.33147589243634,335.2380429327019,2089858
2015-07-31,338.8434143066406,346.62347819337344,328.59652773088857,328.9127707165859,3547672
2015-08-03,342.3855285644531,345.57977935769185,338.4006124605157,339.6340526615797,1461303
2015-08-04,354.71978759765625,356.11134939962426,342.51206123193117,342.8283331745632,3201661
2015-08-05,358.32513427734375,363.70161205070866,355.51042137046556,357.7558853677633,3347805
2015-08-06,348.046630859375,359.2739219178008,345.6113979166616,359.17906640242916,2147131
2015-08-07,344.125,351.68364729261884,342.9864442050007,349.02705571052275,1983366
2015-08-10,356.0164489746094,361.80405443293904,344.0933476230407,344.6626255124082,3981058
2015-08-11,355.70013427734375,364.58710512018183,351.05108515674306,358.2618699941404,3805474
2015-08-12,343.27105712890625,353.8342150428362,342.0692643605441,351.0511205721042,1332786
2015-08-13,349.1851806640625,356.7438569863503,344.7575183317484,346.6234735319135,2772363
2015-08-14,346.30718994140625,354.1188719678313,344.1566103393799,351.05112405019264,2294604
2015-08-17,350.07073974609375,353.54961531657204,339.3494306435534,347.06622866030654,1408044
2015-08-18,354.5616455078125,357.0601155318447,349.4698209870025,352.9486963351632,1049773
2015-08-19,357.4396057128906,361.1714868227733,351.84176957072947,354.84625135218903,1565622
2015-08-20,346.30718994140625,357.43962584398173,344.72588822336945,356.11133008445677,1530813
2015-08-21,338.8434143066406,343.3975796837132,329.1341581793804,343.3975796837132,1525099
2015-08-24,308.9566345214844,328.7862746569769,288.43121347531803,328.7862746569769,3134953
2015-08-25,316.1990051269531,320.97455755344845,306.61625281439024,311.83458012814805,3341262
2015-08-26,319.6462707519531,327.61607417134826,311.48669838853704,316.19901393652674,2125690
2015-08-27,328.12213134765625,333.94135547923185,323.85259048703233,325.11762032780285,2726020
2015-08-28,330.01971435546875,337.5783619695931,325.37063545703796,332.07540962060847,2815177
2015-08-31,317.875244140625,327.2366105671179,316.38882670703805,325.81343015384715,2371855
2015-09-01,332.6130676269531,335.23804080270156,312.4987741760135,314.9972443646583,4463520
2015-09-02,335.9021301269531,341.56323215898266,333.3087757999376,336.50302647543975,2854956
2015-09-03,346.62347412109375,348.7740537991497,339.9187001647924,342.1957828265766,4058725
2015-09-04,335.0166320800781,346.212304979125,329.92480754686335,346.212304979125,1532944
2015-09-07,332.1070251464844,338.49552730624924,330.11456691571766,338.4006428277027,1589805
2015-09-08,328.15374755859375,335.2380304360413,315.78789998486616,333.1506877813615,2623801
2015-09-09,329.29229736328125,337.7048469336528,326.09804642519373,333.9096995976816,1928458
2015-09-10,313.7954406738281,325.7501607477096,306.83766080468155,321.95501335629814,4104697
2015-09-11,320.3420715332031,322.4610327363142,308.5455016312393,314.3647258355199,3091168
2015-09-14,317.6221923828125,322.58751385871216,313.09964580404414,322.4610108816283,2955048
2015-09-15,311.3285827636719,320.05743316873816,309.9370210271328,318.9188773925378,2302230
2015-09-16,302.28350830078125,316.89482058470946,299.5003846535503,314.01684141242316,3356440
2015-09-18,304.2759704589844,317.7803455770208,300.44917539496106,308.6403670359175,11934838
2015-09-21,297.7609558105469,306.1418871959184,296.17962505677013,302.34673971433807,2316594
2015-09-22,292.6058349609375,304.87682599916405,290.20224952425684,302.34670863507176,2024388
2015-09-23,294.1555480957031,295.3889883990397,284.0351644711173,288.43120837013095,2312647
2015-09-24,295.07269287109375,296.78049751805963,291.27754569590286,294.56668096898164,2408530
2015-09-28,287.38751220703125,298.4567107001213,285.3001986468698,296.46425265499107,1143208
2015-09-29,279.13311767578125,285.36346954582865,277.0457749130581,282.2324843564223,2026051
2015-09-30,289.8859558105469,292.03653513999177,280.6827421787952,284.003495634047,2961564
2015-10-01,287.1661376953125,293.1751306063322,283.465874847527,293.1118646387872,1427701
2015-10-05,285.901123046875,289.60138609081247,274.3891774909153,289.60138609081247,3292248
2015-10-06,293.9657897949219,295.1992010668,285.90110190502867,289.25347424781586,2727342
2015-10-07,283.9402770996094,295.26248240440765,281.15718248921456,295.26248240440765,2899240
2015-10-08,281.18878173828125,286.28060613502896,278.1842998723773,284.6360384964263,3793072
2015-10-09,286.53363037109375,288.39958557489,281.6315746023967,281.6315746023967,2076313
2015-10-12,295.5154724121094,296.653999209774,287.8619119762129,289.37997666110795,1681624
2015-10-13,300.8287048339844,301.9988502171074,295.5154925520835,297.91907824341575,2249263
2015-10-14,297.4762878417969,302.9476213331197,294.25041843100655,300.44915129346754,1566628
2015-10-15,301.3663024902344,302.66297967306383,296.21124121801563,298.55156068425407,3241903
2015-10-16,301.42962646484375,305.47778026920986,293.01704688697424,301.71425096879136,1776027
2015-10-19,308.70361328125,309.810521609128,300.9235496153377,301.4295904965097,1974682
2015-10-20,304.71868896484375,309.3045015535459,300.48079575980887,308.0394428158787,1235611
2015-10-21,303.390380859375,307.65992135110855,297.6027757352013,304.8135610232862,1191996
2015-10-23,292.0682373046875,308.57712321217457,290.9612999758127,304.5605882295209,1921177
2015-10-26,283.40264892578125,296.59078059410376,278.816836080955,294.7564438743023,6503844
2015-10-27,296.7173156738281,298.7097741021797,284.4779695492121,285.7113810285971,3533239
2015-10-28,299.9114990234375,303.86476751740975,293.617882146065,298.2036654917641,2675323
2015-10-29,300.9235534667969,303.2955205959484,298.9627427491926,299.9115296008532,1801894
2015-10-30,290.7715148925781,303.9912631813128,288.84229397050075,301.7141808151519,2579353
2015-11-02,289.7911376953125,293.4914298420609,285.5848625345071,291.3408500202543,1298388
2015-11-03,285.4583740234375,292.1631198133524,284.69935603182915,289.69629686328506,1452115
2015-11-04,287.545654296875,289.00045294123527,280.27160316572554,286.53360157383696,2343022
2015-11-05,278.0261535644531,287.8302935764447,276.79274229452693,286.5336163403983,1560505
2015-11-06,283.7189025878906,285.45835489545306,273.88314309363466,277.6466721978705,2375836
2015-11-09,291.4673156738281,293.14350182154607,275.9388364964297,281.41016983284504,1898794
2015-11-10,286.723388671875,290.96128190238386,283.75052523196166,290.32876700708607,1169460
2015-11-13,275.1165771484375,282.1059757730141,271.9855630664353,280.2400205180037,2375449
2015-11-16,277.8047790527344,280.77764259597143,272.52321434541324,274.26266656128274,1401889
2015-11-17,281.3152770996094,283.3709721148837,277.0773551421237,282.20079790544816,1562130
2015-11-18,281.50506591796875,287.16613947458114,279.6391107519594,283.05474915364607,1513153
2015-11-19,284.57281494140625,288.273107157058,281.631598602351,284.31980895232704,1217692
2015-11-20,290.45526123046875,292.76399119939254,285.36343685145437,286.9447385193689,1582969
2015-11-23,279.5442199707031,298.55157477491275,277.83641528572707,293.49139773181855,6470856
2015-11-24,276.4448547363281,282.4854660804311,275.4644494113576,282.01107267097103,2493924
2015-11-26,272.23858642578125,278.6270890303026,271.47956845392275,277.4569146076777,2230435
2015-11-27,266.3244934082031,275.4328244501349,265.2808220312006,274.4524190450772,2268133
2015-11-30,262.9720458984375,268.7912692502906,261.2958598680023,265.0910067911532,3712782
2015-12-01,268.91778564453125,271.98553342120783,264.33200218653707,264.33200218653707,1659445
2015-12-02,268.5699462890625,273.1873486317986,267.36812451042107,269.45546717605,1750806
2015-12-03,266.54583740234375,269.5503483804592,265.1859231037378,267.0202308247118,985612
2015-12-04,264.9645080566406,266.4509541374671,263.1302005266635,263.7627153724015,1492186
2015-12-07,261.70703125,267.0518615432698,258.89228939917496,266.60908665557264,1373455
2015-12-08,255.88783264160156,260.97965748510296,254.68601083511774,260.6001195700672,2382249
2015-12-09,249.68905639648438,253.80047562198172,247.0640833752855,253.48420369550468,2404719
2015-12-10,258.3230285644531,260.53687419418975,244.97677568136191,249.65744395161224,2565835
2015-12-11,250.85923767089844,261.07450557504694,249.8472138054277,259.96759723351914,1755240
2015-12-14,256.2673645019531,257.564041948389,243.52197752292236,249.15146227932215,1749982
2015-12-15,265.0910339355469,265.6286933168952,256.33056503027586,257.4375022993235,3092181
2015-12-16,268.44342041015625,269.29735176380217,265.3440538037218,267.4313965164688,2307508
2015-12-17,270.11962890625,271.28977426542247,263.76274540280093,268.8229516088501,2346211
2015-12-18,267.020263671875,268.69647906449273,259.33511244787474,259.33511244787474,2067280
2015-12-21,270.8153991699219,274.32592234909737,263.5729942913815,263.5729942913815,1553994
2015-12-22,270.2144775390625,273.2189884698121,268.50667282733156,270.72051841504026,1482193
2015-12-23,274.61053466796875,276.0337149821582,270.49914417453994,271.0684220911512,1349740
2015-12-24,273.9147644042969,275.55930311890023,271.85904034036025,275.14817567891834,472963
2015-12-28,275.05328369140625,276.286723887002,272.6180797145434,273.91475692009664,960835
2015-12-29,274.4207763671875,277.04574935548015,272.0171908291859,274.8319038072454,637671
2015-12-30,275.1165771484375,277.0457694197247,272.1753320246213,274.42079624132595,668019
2015-12-31,277.1090393066406,280.65115195385295,272.3018388598812,275.14819954482766,2610102
2016-01-01,278.5321960449219,280.05023178450494,275.52768516231,277.1090158230559,323644
2016-01-04,274.4207763671875,281.473411497274,269.96146676486944,276.09696254261894,1060660
2016-01-05,275.33795166015625,276.824368928859,270.43586703287895,276.096969547833,1260352
2016-01-06,280.4297790527344,281.59992440246157,274.1045141075606,274.9267979713397,1416270
2016-01-07,264.0157775878906,279.2596347342605,260.7266417795984,279.2596347342605,1656570
2016-01-08,269.1075744628906,271.0684141281321,264.1106342560414,266.29283242515567,876543
2016-01-11,268.7597351074219,270.6256906515835,263.9525629383466,265.66036800795337,961566
2016-01-12,268.7597351074219,273.63017325725554,265.50224648808086,269.58201912918724,1275973
2016-01-13,260.0308532714844,272.0804284489458,255.72966514347203,272.0804284489458,1619011
2016-01-14,252.09268188476562,256.74173173735363,247.72825651011425,255.60317591625247,1925814
2016-01-15,246.90594482421875,256.17242497824054,245.76738913133474,253.64233660532213,2047389
2016-01-18,245.41952514648438,249.3728230384885,236.9753278715593,243.9014893320939,1426552
2016-01-19,247.91799926757812,252.31404319873758,244.85028012736794,246.05207297707454,1153447
2016-01-20,236.21627807617188,245.7041604675111,234.25545300576735,243.52193347448568,2771677
2016-01-21,238.904541015625,241.87740466425075,235.29914794995625,235.36239944392665,2110333
2016-01-22,252.50379943847656,254.432991602437,240.51746109840118,242.0355258154013,1553421
2016-01-25,254.0218505859375,256.2356960530799,249.3728011641457,254.78086842655367,1081411
2016-01-27,261.3275146484375,263.5729788199939,253.64236422594777,255.5399379509432,2226027
2016-01-28,259.7462158203125,266.29283945515976,258.73419193128524,261.2958991163937,2202802
2016-01-29,276.5080871582031,277.61502439835124,259.90431810273566,261.83353916927575,3773571
2016-02-01,277.140625,279.5442104614407,272.30180661760244,278.94331409608054,1345506
2016-02-02,263.1302490234375,277.0457808771214,260.97966919688736,276.41326591480635,1709223
2016-02-03,258.76580810546875,261.7702901922695,254.81253915392278,258.70254213563635,1106604
2016-02-04,256.3305358886719,264.55337343243605,251.42848081984263,262.30790959794734,1305879
2016-02-05,260.6001281738281,262.40284646573207,255.2552971802941,257.9751549180069,1368541
2016-02-08,255.25526428222656,264.39524173600654,253.6739626216583,261.54888137417873,699282
2016-02-09,246.87437438964844,256.20409336840083,244.3442565694108,252.69359904870757,1019415
2016-02-10,250.0369110107422,251.71309696706783,243.01589530426935,243.52190715040422,1413225
2016-02-11,245.2297821044922,251.58663662374596,238.33525371429948,248.58215458502784,1864201
2016-02-12,239.9798126220703,248.77191438804968,232.29463363231727,245.95717244995183,1566669
2016-02-15,256.1724548339844,258.63930648628417,243.52195358568525,243.52195358568525,1344609
2016-02-16,255.19203186035156,261.86515799625573,253.2311922858789,257.43749589425437,1880913
2016-02-17,250.22669982910156,257.4374850286326,242.00387637948478,254.84413067895284,1294591
2016-02-18,249.02493286132812,254.90739403513788,245.1032824272292,254.71765403547272,799777
2016-02-19,251.77638244628906,253.00979365554153,242.09876036525992,247.94961689251562,988884
2016-02-22,249.657470703125,254.87579892513122,247.9496657759767,252.37732855520994,939291
2016-02-23,249.43606567382812,252.78843827149348,245.41953067639383,249.84722209883114,871872
2016-02-24,239.5370635986328,248.8984442556898,238.17714919620667,247.823154346543,1103091
2016-02-25,241.75088500976562,244.3126065323067,233.6861970271458,240.3277047775386,2397643
2016-02-26,239.44216918945312,246.68457332205824,237.82923449012264,244.15448478569832,1340971
2016-02-29,241.40298461914062,245.6092736526811,232.92715506505937,238.46173980294424,2273302
2016-03-01,256.9947509765625,259.58810573821916,241.62440584883595,241.87741183221533,1748907
2016-03-02,260.3154602050781,267.87413571002867,258.1964992670149,258.1964992670149,2048482
2016-03-03,268.6647644042969,270.0563259876334,263.2883159523236,268.19037104222065,1796815
2016-03-04,281.346923828125,283.4975035270065,268.2536766800678,268.2536766800678,4217358
2016-03-08,275.4644470214844,281.31528936917226,272.9027110507549,280.84089596382796,1105152
2016-03-09,275.1798095703125,277.29877076440755,271.03677165963126,273.88313225683163,1505919
2016-03-10,283.02313232421875,287.4191765446439,275.14821231232406,276.919283195451,2381136
2016-03-11,277.362060546875,282.51712278109204,273.2506407908235,281.47345134824667,1096083
2016-03-14,278.3108215332031,283.11799284139164,277.109028706156,278.9433364541024,654165
2016-03-15,274.67376708984375,279.5758223661989,273.34547141644083,277.0457339904469,769089
2016-03-16,272.23858642578125,276.0337341944332,265.6603438056351,274.5156982507161,894436
2016-03-17,276.6029968261719,281.22042828585984,274.3259140820727,275.7807129248752,1157343
2016-03-18,278.9433288574219,282.0110768109218,272.3334395339979,279.63910972880086,1235307
2016-03-21,281.631591796875,282.3906097457713,274.2626839629611,279.5758675145929,1246264
2016-03-22,281.0939025878906,283.62399110418545,277.17225235802954,282.6119672795378,1479904
2016-03-23,288.6525573730469,290.07573748787746,280.1767136911186,280.8092574897146,1587039
2016-03-28,285.67974853515625,294.25044935854305,283.1496307686761,291.59385755388587,1463838
2016-03-29,285.48992919921875,292.4793269014173,284.1616335312429,285.6480796283955,1637883
2016-03-30,298.6148376464844,300.70215124485753,287.1661300196571,287.1661300196571,3255997
2016-03-31,302.156982421875,305.50935478418126,294.8513123560351,297.38140088074306,2004705
2016-04-01,295.0410461425781,300.3542574705245,291.8784141475612,300.1012225889984,1202698
2016-04-04,295.70526123046875,298.26699761891246,291.2775983768434,297.9191071346216,1061061
2016-04-05,290.07574462890625,301.524422836448,288.8106859552449,295.1991873774897,1272564
2016-04-06,289.6962585449219,293.4914059103371,283.71888407158696,289.72787705171993,1289821
2016-04-07,292.70074462890625,296.8121639835185,286.786636041583,290.3287774925294,897489
2016-04-08,290.9613037109375,296.46428505386115,289.4432678484408,295.2624921853789,762739
2016-04-11,300.98681640625,301.8723372800377,289.7911142965362,292.2263473701364,2350294
2016-04-12,312.2457275390625,316.00925606330975,301.71418874477246,302.34670359792045,3667573
2016-04-13,318.6658935546875,320.56346734363774,315.12375195468996,316.89482275468873,2244100
2016-04-18,320.84808349609375,324.1372190327532,317.65383243735283,319.4249031913481,1615356
2016-04-20,319.0453796386719,323.4730418437648,314.2065610329674,323.2833018512854,2353390
2016-04-21,325.244140625,327.6477553597653,320.05746009239374,320.05746009239374,1689636
2016-04-22,331.0001220703125,331.9805274700606,321.0062412033467,322.9354334943809,2134524
2016-04-25,331.8224182128906,333.21398009268773,325.4339157152902,330.84201277697866,2000626
2016-04-26,322.9354248046875,331.79077853663296,321.512244506054,328.9127704770774,1839661
2016-04-27,325.718505859375,327.8691144261924,319.7411604360609,320.75321322954414,1421970
2016-04-28,326.98358154296875,330.1778326202775,323.15681553365545,325.1176263002083,2720692
2016-04-29,340.2349548339844,342.8283093008106,327.5844544204608,327.6477203864526,5318703
2016-05-02,376.2889099121094,379.35665824237145,340.48801182849263,342.6069732093821,12544923
2016-05-03,366.5163269042969,381.66529710158756,364.49225034094087,376.35208526477487,4941321
2016-05-04,366.2949523925781,370.94400168845203,361.29798373583515,366.6744613026073,3696498
2016-05-05,374.73919677734375,383.8791750679123,365.3145650517267,368.4455791091947,4163034
2016-05-06,375.0238037109375,384.57493797591206,371.7663157743197,373.7587449530487,3994504
2016-05-09,371.4184265136719,377.0162630359399,368.25579408629204,377.0162630359399,1945158
2016-05-10,372.303955078125,378.15482663751004,368.825079604336,373.5057478971671,3111408
2016-05-11,375.4349670410156,379.1984669683676,365.47270514482904,368.12929673527475,2711422
2016-05-12,379.1036071777344,383.8158938992702,376.0990962254779,377.2376520112327,3538417
2016-05-13,369.2362060546875,387.70593111832846,362.37331064731825,380.49514526906125,4836756
2016-05-16,369.9319763183594,373.82200808171854,364.49226134182595,368.8883050226275,2198347
2016-05-17,366.9907531738281,375.3400950808906,365.1564453868185,371.9244565259413,3002503
2016-05-18,360.7920227050781,366.1684720749222,356.83875366442913,365.5992231069865,2432331
2016-05-19,354.87786865234375,364.84012968591304,353.2649485244752,360.22269883210583,1956024
2016-05-20,364.5238952636719,367.3702556255808,351.0511113020997,355.47877332462195,3122713
2016-05-23,360.9817810058594,370.2798806335274,359.3372132578344,366.48473320106257,1719154
2016-05-24,359.4320983886719,363.13236135112334,356.8703622852255,361.677562553945,1934611
2016-05-25,372.1458435058594,373.6955268090494,362.879362194727,362.879362194727,3049765
2016-05-26,375.055419921875,378.66082722565517,371.9244349847412,374.0117775792811,8566507
2016-05-27,376.6051025390625,381.8550775232899,373.9485110181193,376.1623565886893,2155468
2016-05-30,374.29638671875,381.15928165820463,370.91236700640735,378.18641832856173,1747710
2016-05-31,376.6683654785156,384.2586599969744,373.3476116266899,376.03585058686934,4957333
2016-06-01,374.0434265136719,378.47108906735696,370.2798974179665,378.40785204977715,2379495
2016-06-02,382.6457214355469,385.33396047023496,373.37924048138376,374.45453030432367,5576956
2016-06-03,383.34149169921875,390.236005359729,381.44391806954894,384.5749319313096,3974541
2016-06-06,386.8520202636719,389.85650223721854,383.43638188840623,384.5749376650535,3329179
2016-06-07,379.5780029296875,388.9709868785455,377.2376543305121,388.78121792819417,2816902
2016-06-08,378.9454345703125,382.67734468503295,375.71956530559333,379.51471242989226,1580628
2016-06-09,373.4425048828125,380.9695336118113,371.32354375261275,379.5463533561258,1609338
2016-06-10,366.8642272949219,373.03134162290155,365.6308160111963,371.03891246529497,2420034
2016-06-13,371.2286376953125,372.36719341553766,358.3567791291785,365.28291105563625,1443046
2016-06-14,368.38232421875,374.3596990784219,364.3341706279521,373.18952470449653,1333026
2016-06-15,369.9635925292969,372.556947022114,367.18049804595404,369.9635925292969,1160505
2016-06-16,362.5313720703125,371.8106778898723,358.09898245746285,371.8106778898723,2698956
2016-06-17,361.7022705078125,367.34638887303777,360.04410583216264,364.85914185956295,1421089
2016-06-20,362.9140319824219,364.38085886754664,355.00588373991803,357.81198861555106,3382029
2016-06-21,358.1308288574219,366.19840487011214,357.36553558928534,364.731578175817,2181231
2016-06-22,354.5913391113281,361.16020957033277,351.7852341472645,359.62959359262913,1503820
2016-06-23,345.69464111328125,355.22907350042647,344.706129959691,354.5912998837303,2596254
2016-06-24,344.5148010253906,346.3005146494121,312.4995338749271,334.82093957816085,3969829
2016-06-27,347.5760498046875,349.80817004886677,343.1117509281879,345.5352383046568,957154
2016-06-28,348.3094482421875,352.5504998787159,346.65128349594397,349.3936283925668,2999422
2016-06-29,350.5415954589844,353.63470733670323,347.990588295351,350.12706883744846,2228967
2016-06-30,350.8285827636719,359.6295730429427,349.553064656125,352.9650631863332,3498403
2016-07-01,357.4612121582031,359.5339327291074,352.6780557546854,353.2520403619215,2808022
2016-07-04,354.52752685546875,361.4152539459359,353.4752267017111,359.50199155512826,1517442
2016-07-05,348.40509033203125,352.80557044138567,345.9816032468878,352.0402771686459,1362793
2016-07-07,353.4752197265625,356.18568445807665,345.0568770507555,346.9382302889421,2439327
2016-07-08,351.81707763671875,357.90763179653925,349.17040177154087,355.0377380833485,2278534
2016-07-11,348.596435546875,355.45231257434534,343.33496346229407,353.3158321383668,1369390
2016-07-12,350.8923645019531,352.26355166206673,346.52376361114665,348.2138084224858,1613398
2016-07-13,357.971435546875,359.56581127725565,349.20229604460695,350.89234074150585,3321363
2016-07-14,362.9459228515625,364.1576519839919,358.16276617404037,359.661502223564,3329862
2016-07-15,361.35150146484375,366.0389885790065,359.11935223207047,364.7315906390481,2181013
2016-07-18,354.4000244140625,362.88215740436016,351.5620103774042,362.05307498010126,922816
2016-07-19,352.80560302734375,356.88725510781484,350.12704713128966,354.3680988323869,1481286
2016-07-20,352.5185852050781,354.5912763365296,351.1474274889651,352.8055628776864,1255704
2016-07-21,356.5683288574219,358.0989445690946,350.1270084165962,352.86935305174046,1775121
2016-07-22,372.51220703125,373.72393606877614,357.3336557504341,358.29028701101464,3343884
2016-07-25,369.5147705078125,374.17037799968716,366.35789897301066,374.17037799968716,1607110
2016-07-26,368.6856994628906,376.1155320463293,366.2941211980897,369.51478187429296,1890214
2016-07-27,388.26470947265625,389.57210736247055,370.53515275505754,370.53515275505754,8056411
2016-07-28,389.0938415527344,394.1320958433018,384.43823394358907,390.7838862912349,4177485
2016-07-29,398.500732421875,401.62572416366055,386.44717199350856,390.9114417397635,13247343
2016-08-01,390.0504455566406,401.75323820741755,387.3399806632956,400.47772016453723,2723013
2016-08-02,374.99945068359375,393.4624221646227,371.3004745639129,392.79279780484336,3598398
2016-08-03,371.9382629394531,379.33621605277483,367.2507750909638,374.99949498430084,3431158
2016-08-04,384.11932373046875,386.7022397624678,373.8195979136037,375.5415516662926,3653280
2016-08-05,391.5810546875,393.0797613577978,384.5976292846264,385.2034937759909,2031484
2016-08-08,396.77874755859375,401.40247495935563,391.8999223858554,391.96371142588384,2774490
2016-08-09,392.79278564453125,399.2021973163474,386.16012693427484,399.2021973163474,1753818
2016-08-10,395.5989074707031,401.14738631670355,392.0593893113916,394.2277496166077,2689690
2016-08-11,400.7328186035156,405.89862143500176,391.96370867849873,395.9815423500686,3487153
2016-08-12,401.4981384277344,404.9101075738113,399.77618469935584,401.4981384277344,1680399
2016-08-16,399.3616943359375,406.72773794958493,395.5351690735531,403.06067070251385,1646533
2016-08-17,409.8208312988281,412.24428940406824,397.35274483237134,399.871871903675,2559112
2016-08-18,410.7455749511719,416.1345957389918,407.58870348871056,411.98918390448836,2391418
2016-08-19,411.4789733886719,414.4764159310464,406.88715521135236,412.14862692014543,1816719
2016-08-22,415.8157043457031,418.04785364649143,409.0236458682577,410.7136905068566,2329897
2016-08-23,411.5108947753906,416.8361560593157,408.035136272903,413.2647285863967,1369753
2016-08-24,410.84124755859375,415.6244038738705,408.8960759147303,409.4700605113774,1105839
2016-08-25,403.2200927734375,412.0211124072119,401.3387100991759,411.35145881987694,2131851
2016-08-26,404.84637451171875,407.5249304520856,399.01091779084436,404.65503657566245,1926951
2016-08-29,406.34503173828125,414.0299610627494,402.80551390550823,402.80551390550823,2539707
2016-08-30,407.3654479980469,410.5223191688276,406.8552233004334,408.19453028834414,776856
2016-08-31,407.4930725097656,411.12825993837475,404.8144872308315,409.0555684249473,2121276
2016-09-01,399.967529296875,411.35143527138564,390.8157434308919,408.09889487782095,1315270
2016-09-02,405.1014404296875,408.098882962997,393.55807678868064,398.6601196767697,1404013
2016-09-06,413.2328186035156,415.05041213322187,403.06064162771884,403.06064162771884,1801798
2016-09-07,421.4598693847656,426.0198079431425,412.3399630739419,412.3718721923735,3152097
2016-09-08,420.50323486328125,422.57592623001824,416.03893611236657,421.555505911673,984024
2016-09-09,421.23663330078125,428.15626984393424,414.540214606642,414.540214606642,2450169
2016-09-12,413.9662170410156,419.57845543114223,405.0376493307988,413.26468359299133,2630427
2016-09-14,444.0682678222656,446.5873950039151,413.48794568684923,413.48794568684923,3524353
2016-09-15,436.7021789550781,453.25188840762075,435.1078032211004,448.40497216317493,3721812
2016-09-16,441.83612060546875,446.7468260981059,435.2991301924478,437.8501665065429,4837236
2016-09-19,435.1077880859375,446.2365963005859,432.971307744164,446.2365963005859,2930545
2016-09-20,433.5453186035156,440.8476022769874,432.1422515727153,437.4993927133497,2094955
2016-09-21,436.3514099121094,444.5146556666138,430.9623890138859,435.2034407054767,2900809
2016-09-22,436.3832702636719,444.0682292304779,434.1830301093915,440.68811080436086,2541862
2016-09-23,441.5809631347656,450.82838823990807,435.6498380792469,438.7748294073143,4111311
2016-09-26,435.04400634765625,442.72893636715133,432.811857005011,442.72893636715133,1843926
2016-09-27,436.03253173828125,443.1753865121895,434.15117827074573,437.94579432457306,2086689
2016-09-28,435.58612060546875,440.5924948792146,433.2264223222367,438.774872086197,2781181
2016-09-29,414.73150634765625,438.4878576159098,410.1715681733846,438.42406857848977,3015561
2016-09-30,429.75067138671875,431.75960295471094,410.809354138026,411.3514588317037,1335181
2016-10-03,433.8004150390625,437.62694024271417,429.87822086650544,431.0580700301741,1156452
2016-10-04,431.440673828125,435.3947475326068,422.9585418568515,435.3947475326068,1462146
2016-10-05,433.9279479980469,439.2850889252463,430.96238523530525,434.31059466554626,1712820
2016-10-06,428.2519226074219,435.77742388593083,424.9675022007258,434.948341504752,1367763
2016-10-07,428.6983337402344,434.31057215487994,426.24299585549016,429.52741607387907,904690
2016-10-10,427.8692626953125,433.29016333211365,427.29527811163507,432.58865905658416,395385
2016-10-13,426.8807678222656,429.3998949079244,413.1371631828061,425.9560164684972,1977478
2016-10-14,435.8092956542969,437.4993401957644,424.9355858590197,427.2952547163904,1719289
2016-10-17,438.04144287109375,441.96363682895236,432.3973243434772,432.9075198909508,2726593
2016-10-18,441.7085266113281,442.8245866385021,438.2008885301613,440.050361934684,1664398
2016-10-19,452.9648742675781,454.5592498733134,435.74551262699435,441.9636154416496,3742399
2016-10-20,455.96234130859375,459.75698640029674,450.12688482178777,454.08095872442925,3624388
2016-10-21,458.1307067871094,460.58607399019655,453.44321942929133,454.0809638743474,1787643
2016-10-24,460.1077575683594,466.00697395869577,454.87816554566547,457.33353274453935,1319865
2016-10-25,454.65496826171875,460.52230499383035,447.35268457022005,457.0146666022409,1289877
2016-10-26,445.8858337402344,458.16258204853267,442.28252657271395,453.1562371161664,1614688
2016-10-27,450.5733337402344,455.45215911636296,443.2710502352308,445.79017733110237,2515780
2016-10-28,445.02484130859375,455.13322864706726,423.72382817434567,449.0426747905414,9140725
2016-11-01,450.4139099121094,452.45472138966585,445.34374654584497,445.7263932239987,2363965
2016-11-02,433.76849365234375,447.32078949470866,431.66392236629844,443.8769110700067,2312641
2016-11-03,426.8807678222656,438.13712530024605,421.93818261755683,436.19198282017015,3923296
2016-11-04,428.8577880859375,431.12181737871884,420.1524668553167,430.48407292795986,1893363
2016-11-07,426.2430114746094,436.79783516170096,424.23408000816073,430.4840630646063,1598154
2016-11-08,436.47894287109375,438.36032542671165,418.62183613637484,427.9330507576565,2463969
2016-11-09,421.68304443359375,427.2952830613211,397.99048097203485,409.1192892634236,3373510
2016-11-10,442.76080322265625,448.5324701672748,426.40240436540313,428.37942654795023,2318668
2016-11-11,412.6907043457031,441.3577611538045,410.1078175563994,441.325881231411,2288493
2016-11-15,382.8757019042969,412.6269383789867,380.1014772336557,412.6269383789867,3134719
2016-11-16,395.85400390625,405.80299237042834,378.82597914745185,383.3221577493043,3349587
2016-11-17,393.5580749511719,399.6167490278606,388.71115904507514,395.8539840221686,1417891
2016-11-18,397.7034912109375,401.2749183378979,393.81317727811955,398.5325735509129,1242781
2016-11-21,388.296630859375,400.8285064709071,382.39741436184397,397.6397258050166,1633414
2016-11-22,386.6065979003906,397.3208802435153,372.5760150935975,389.1257250689235,3432742
2016-11-23,389.6996765136719,395.7264415722559,387.78641405773175,391.51727000800133,2422738
2016-11-24,388.5517272949219,392.0912746976148,381.0581350874524,389.6040275384849,1970608
2016-11-25,400.9560241699219,402.4228509006114,383.5453245441923,388.61548745211326,1638352
2016-11-28,400.92413330078125,404.6549890632604,395.43944397727915,398.66010422893953,1082518
2016-11-29,398.8833312988281,407.33355412016334,395.5351220919416,395.5351220919416,2544478
2016-11-30,404.3042297363281,405.61162765223304,398.0542470324318,400.50958486864795,2407503
2016-12-01,414.8591003417969,417.15503883350743,401.7851488794571,402.4228933526708,3270271
2016-12-02,415.9432678222656,421.2047398490582,410.0759312659319,413.1371630318755,2676963
2016-12-05,423.2455749511719,425.2864157052481,413.87059958434395,413.9024795102938,1102591
2016-12-06,428.92156982421875,433.672846185158,421.52361754511134,425.5733604251269,1670886
2016-12-07,428.6983337402344,432.4610987607913,424.7761399150001,431.8871141922576,700302
2016-12-08,446.5235900878906,448.6600705066555,431.7914742085756,433.3220900960264,2011207
2016-12-09,443.5580139160156,454.08095768335085,440.36926254014185,448.02231255274927,1691475
2016-12-12,443.5899658203125,448.34121341910884,438.1371554827457,443.23919904796315,962292
2016-12-13,432.42919921875,447.9903967875947,430.06953024219536,443.23914971758916,1580233
2016-12-14,415.24176025390625,433.7047320887016,413.26470867185475,433.67285216478433,2582125
2016-12-15,411.25579833984375,420.9177805038602,406.8871975517552,406.8871975517552,3273342
2016-12-16,423.08612060546875,425.35014989869205,408.0670271301587,414.34889025505214,2501217
2016-12-19,408.8004150390625,422.735327481332,405.6754236336208,422.735327481332,1571983
2016-12-20,404.5274658203125,413.9662293389246,402.26343660500004,408.80042647936256,1178775
2016-12-21,402.48663330078125,407.1422403725161,398.8195373404644,404.9738802340205,1027701
2016-12-22,394.7379150390625,402.3590846433162,393.0478704947179,400.5733711410891,973468
2016-12-23,399.8718566894531,405.8348619536804,389.2532441299386,397.32084979121146,1654650
2016-12-26,390.4969177246094,401.0836221289275,386.79794132942,401.0836221289275,1319907
2016-12-27,405.8986511230469,408.162680491649,386.5109272299968,389.03005438744555,1493470
2016-12-28,402.61419677734375,411.9891711032279,400.9879120174747,409.4700441573991,2663275
2016-12-29,406.8871765136719,408.16266541077806,401.84892238492876,403.12441128203494,1257276
2016-12-30,412.626953125,416.77233572111084,409.4381725791643,411.22388618154406,1190467
2017-01-02,420.0567626953125,421.2047026105001,411.3514129999877,414.09375769959206,945859
2017-01-03,417.72894287109375,423.7238277639912,416.2302362449029,421.23661002741346,969625
2017-01-04,425.7328186035156,428.2200658817959,415.7200988331123,416.77236993301403,2629642
2017-01-05,430.2289733886719,431.7595892583051,424.1702989519889,426.01980164273266,1873233
2017-01-06,420.85394287109375,432.2059684961206,419.51466501746984,431.1217884056567,1653589
2017-01-09,429.1448059082031,431.4088352586153,420.9496508355124,422.1932890387361,881332
2017-01-10,423.1498718261719,433.67281489258403,421.3003692928152,429.14475671085836,1391656
2017-01-11,426.7851257324219,428.88972635407276,419.6422706221697,424.74431415721716,3171093
2017-01-12,437.21234130859375,438.13709259332956,424.80804473949763,431.3131252663131,2216790
2017-01-13,438.8067932128906,444.4827920236452,435.968779210478,439.41265776245314,2225283
2017-01-16,448.14990234375,449.5529402318028,434.406296828759,438.6473488072712,2568345
2017-01-17,468.4623718261719,470.02486771172124,450.25446751984657,450.4139255368282,6998775
2017-01-18,465.8794250488281,470.24805477345876,461.67025333073263,470.24805477345876,2318488
2017-01-19,471.6829833984375,476.7212372955366,462.4036488297616,465.5286402750981,2780694
2017-01-20,467.9521484375,475.0631235491811,464.9228256287521,468.9725688117511,2141527
2017-01-23,463.04144287109375,468.5899220922521,457.26977497483733,466.13455472546076,1652083
2017-01-24,465.2735595703125,468.6536489072991,459.82074970519176,466.07076201913867,2203471
2017-01-25,472.0656433105469,481.18552013504586,461.98910603922536,465.71999128021946,5829225
2017-01-27,464.5720520019531,479.36795744864736,463.168984955853,472.2569824419703,3003549
2017-01-30,470.6944885253906,472.7034201326189,464.79527179394444,464.79527179394444,1684875
2017-01-31,462.2123107910156,472.92659219582583,460.68172418524404,472.92659219582583,1291596
2017-02-01,472.7671813964844,475.06309058665727,455.48402963771287,462.7863129919689,3405043
2017-02-02,472.00189208984375,479.3679650038944,468.1116069204329,471.49169649924653,2364807
2017-02-03,470.7901306152344,475.063091378052,467.2187033383184,472.54396432998846,2007984
2017-02-06,463.2327575683594,472.1294167983898,457.39730091914583,471.938108058753,2589018
2017-02-07,464.9546813964844,471.3003335992517,460.4904118270098,464.922801472278,2407051
2017-02-08,464.0937194824219,466.67663561488865,461.12815667694116,464.92280187098714,1205572
2017-02-09,470.9495849609375,472.67153884534554,462.4674520169101,464.92281935068655,3228429
2017-02-10,463.6153869628906,472.32073712883835,461.3513577374014,471.9380904697561,1952700
2017-02-13,465.62432861328125,467.3143732901264,460.01208990828854,465.5605395716695,767205
2017-02-14,456.5363464355469,465.5605547114637,452.9330391101417,465.49679486184783,1202295
2017-02-15,452.23150634765625,459.56566990389473,446.5873875260166,458.16260288118235,1393485
2017-02-16,446.3641357421875,452.13580301871934,441.4534307299561,449.3615783030542,3255040
2017-02-17,452.9967956542969,455.133276094104,443.239174014576,446.3003766255576,1277206
2017-02-20,455.8348083496094,459.9164312824427,452.67793677948566,453.12434330452646,1087543
2017-02-21,453.6664123535156,455.9942013456046,450.35008303332575,455.2607879755757,957811
2017-02-22,452.10394287109375,456.34499453322184,448.9789512897216,453.63455873794754,2286169
2017-02-23,457.9713134765625,460.9368764655867,449.6486091515707,454.04911914876095,2655171
2017-02-27,456.344970703125,459.2148643558354,451.5299346931067,458.8640976297885,2111278
2017-02-28,458.09881591796875,463.32840782468526,455.3245911556731,455.9942155084652,1383343
2017-03-01,457.4929504394531,462.052888789624,454.7187256830496,457.14218370528084,1051450
2017-03-02,447.41644287109375,462.37177598502745,438.998070438034,460.3947244640441,1828281
2017-03-03,440.43304443359375,446.77869677375514,436.38330137332764,444.06826088799244,2395936
2017-03-06,436.31951904296875,442.4419532052657,433.9279409175349,441.07079537058246,1717716
2017-03-07,448.2774353027344,449.61671329074375,436.82973956932426,436.8616194944013,2761768
2017-03-08,451.40240478515625,455.579696557077,448.50063108830165,451.14730700895683,2743824
2017-03-09,455.0057067871094,459.533765248307,451.43427957281074,452.3909108197097,1689442
2017-03-10,449.3297424316406,457.11034188370706,447.2251418511831,451.5937718339857,1099434
2017-03-14,447.7672424316406,458.22639780424703,445.4713039308095,456.6320220178439,3079066
2017-03-15,453.3156433105469,454.71871019946025,442.1549556250839,444.6740825243233,1570510
2017-03-16,451.97637939453125,459.0873246297342,450.2544256521193,455.994213072022,3045013
2017-03-17,456.8551940917969,465.94319063212987,452.39089562681613,454.9738115843274,5189733
2017-03-20,457.1741027832031,460.0758766738239,452.8692618357265,457.26977175418347,866446
2017-03-21,463.93426513671875,464.8589872470974,457.1740575092086,457.26972647071483,3529212
2017-03-22,458.06695556640625,463.9661720779653,456.0899039583947,460.7773914044921,1332822
2017-03-23,465.0822448730469,467.154965504721,456.05803648439627,461.0325017734586,1587768
2017-03-24,460.5223083496094,469.13199016867003,458.92793255891803,466.0069984379982,1477219
2017-03-27,462.8501281738281,465.3692553599684,459.1830317307327,460.2672119427144,1352784
2017-03-28,460.55413818359375,468.6536235397581,458.9916424882,465.4329631892387,3011160
2017-03-29,458.80035400390625,464.6676903994738,456.5363247626863,460.45851873218584,2068618
2017-03-30,455.6753845214844,462.62690139201004,452.6779417350565,459.1830228815841,2289387
2017-03-31,463.5835266113281,467.92024731881827,457.6205210414942,458.41772351045665,1844619
2017-04-03,469.0362854003906,475.50951542737994,463.23273811324873,463.7429336562791,2732100
2017-04-05,466.8998718261719,471.8424572335495,462.3718130323367,470.3437212127431,2175444
2017-04-06,464.986572265625,471.49165302819176,463.29649843796994,469.6421503916921,1722798
2017-04-07,463.5516662597656,468.52613163602393,461.0962989003658,465.49680883656947,1001809
2017-04-10,466.9317321777344,469.25952132804406,462.62689143090967,464.6995827998761,1129711
2017-04-11,468.5898742675781,475.63705961381567,466.29393595848825,468.74930307468276,2010442
2017-04-12,469.38702392578125,474.10641999739426,463.64723682943037,469.00437729150457,1955877
2017-04-13,463.8067321777344,471.5235421030625,461.73401165218115,469.1957529948483,2685382
2017-04-17,469.2276306152344,470.5350286101108,459.56564910014356,461.0962649470805,687910
2017-04-18,485.5860290527344,496.7467172544534,468.1115687529188,468.1115687529188,5717833
2017-04-19,492.6013488769531,503.82582644401595,487.88195232999567,488.711034718135,3433932
2017-04-20,498.7875671386719,507.9712039681512,493.3028773024681,493.3028773024681,4459855
2017-04-21,497.12939453125,503.7619950753254,493.2071713563896,503.7619950753254,1608825
2017-04-24,506.56817626953125,511.22381328120605,497.70339637967555,497.70339637967555,1768713
2017-04-25,514.6676025390625,516.1981891541842,507.7798459947414,510.07578430556066,1565665
2017-04-26,530.1331176757812,533.7683043859016,515.5604325270964,516.5170636817666,3779569
2017-04-27,522.0018310546875,551.6255213668923,511.6701663261053,530.9303703730217,14137957
2017-04-28,514.1255493164062,524.0425995972986,510.29902422495,518.1752922640733,6573736
2017-05-02,513.0413208007812,520.152295233695,506.3449021407983,517.9839349887192,1777000
2017-05-03,518.2389526367188,522.6394322919707,512.9456017280089,517.0272238162236,1574332
2017-05-04,517.4737548828125,521.0451821672096,513.4558918893484,521.0451821672096,2411671
2017-05-05,515.2415771484375,521.5234986208947,512.7543592090225,518.4941468121085,2048541
2017-05-08,512.65869140625,519.3231716001549,510.362753135298,515.3053672081925,2348380
2017-05-09,519.068115234375,520.5668804085132,510.93674925941764,512.6906122186589,1601775
2017-05-10,525.1906127929688,527.103875498954,521.4278472343592,522.2888388073103,1674975
2017-05-11,526.370361328125,533.8001928558584,522.1930407454865,527.2951125775355,1834797
2017-05-12,525.6688842773438,529.2721915114823,522.0018171952042,527.3589289663419,1304827
2017-05-15,533.9596557617188,539.4124067703598,525.6688327494261,527.9966508546698,2076982
2017-05-16,527.4545288085938,535.3307962490429,524.9035512002819,534.3741650488923,1267410
2017-05-17,529.6229858398438,530.6114970334058,524.520913476238,528.6344162581426,703501
2017-05-18,521.6510009765625,528.3155397014802,519.1319031970611,522.9584281385919,1249521
2017-05-19,504.7505798339844,516.5490128608086,477.9967546420671,516.5490128608086,8373460
2017-05-22,504.1446838378906,514.1255524150985,497.799002441848,505.16507496492517,1781370
2017-05-23,500.9878845214844,505.73916167540375,488.29654909380923,503.188125101905,1609581
2017-05-24,502.04010009765625,506.95083473959903,494.80160541801854,504.208460509021,1348732
2017-05-25,516.8040771484375,528.3155317219248,504.1765333544819,504.4316311208552,8040070
2017-05-26,534.1829223632812,537.6267715661004,513.6472300652323,514.1574256220841,1192593
2017-05-29,539.380615234375,547.4482217343935,526.1472345552453,535.7135479107952,1646335
2017-05-30,542.1867065429688,551.5935611365094,533.226287655827,540.1778042523124,1675573
2017-05-31,549.2976684570312,558.6726429104351,542.2504538644537,543.6216408755567,2761011
2017-06-01,559.2785034179688,561.2236457010969,549.4570354632057,549.4570354632057,1315875
2017-06-02,551.7530517578125,563.1051078540311,549.8079091993351,559.9162978735818,775540
2017-06-05,557.8754272460938,562.0845693396735,551.6573246729151,552.295039857563,1078387
2017-06-06,552.0400390625,561.7020505599016,549.2339633033183,557.9074051534384,1229401
2017-06-07,548.0221557617188,560.8091585875496,547.0017646138456,557.556588818528,1024815
2017-06-08,552.7096557617188,557.716029963251,548.4366949740563,549.6803039464323,1498938
2017-06-09,546.3320922851562,556.4405388069716,540.8474024712834,553.8257427891438,868491
2017-06-12,537.1484375,546.2364342163847,534.9800772637209,546.2364342163847,697597
2017-06-13,541.4533081054688,546.364042623482,534.7887690250923,535.7135203870362,858133
2017-06-14,540.0820922851562,545.2479243121098,534.4380030285897,545.2479243121098,1123942
2017-06-15,544.4826049804688,551.4660009882527,536.6063376253855,540.1777646264484,1674375
2017-06-16,552.3269653320312,561.8613978490237,547.1930715703401,547.1930715703401,3285780
2017-06-19,557.2377319335938,563.9341510297915,551.7211619992689,553.0923490986612,1957888
2017-06-20,549.7122802734375,568.7810887408846,547.7670792884228,565.0502615657537,2474805
2017-06-21,552.3908081054688,557.3971823973673,545.5030511650326,548.4685847979301,1562107
2017-06-22,549.2339477539062,552.0400234336448,546.045137808355,549.6165652434363,1424337
2017-06-23,531.9188232421875,551.5297626991609,529.4634854169307,549.4251623968831,1434571
2017-06-27,532.5885009765625,538.8066040140061,526.2109399369849,533.194336286025,1569039
2017-06-28,531.1854248046875,532.5884917122767,524.8716821086722,531.8869582584821,746140
2017-06-29,527.1357421875,536.0324018692781,523.6600128325907,530.0375161002853,1302745
2017-06-30,535.9686279296875,538.2645664141206,523.8512786185416,525.8283594644139,1707474
2017-07-03,545.9813842773438,547.8308870605928,536.3513112552821,536.3513112552821,1556733
2017-07-04,540.6242065429688,548.9149713580637,538.9022236709686,548.9149713580637,844156
2017-07-05,544.3550415039062,546.4596418554877,539.6037653488338,540.624214796596,879588
2017-07-06,541.9317016601562,545.9495653183202,537.6906201105305,544.0681823994915,1400326
2017-07-07,541.7083129882812,543.2708377359081,536.1917440752909,539.1253972803192,1043607
2017-07-10,542.601318359375,545.2798744862399,540.8155753493688,542.7288380668643,194754
2017-07-11,544.5783081054688,551.0196294253213,541.4851963394158,541.804053977064,1651705
2017-07-12,551.274658203125,557.9710764724499,543.4940890686282,543.4940890686282,2795179
2017-07-13,551.5616455078125,557.3333126175139,547.8626987898895,553.5706060565581,2424670
2017-07-14,550.5094604492188,559.2147823544634,546.58723689237,550.1906027961641,1230417
2017-07-17,551.0833740234375,555.9622285568315,547.193089076861,552.2951030787341,651919
2017-07-18,546.2364501953125,553.8895002856145,543.9724501247294,546.619126055083,1554114
2017-07-19,547.8946533203125,550.3818714186328,544.7059016886967,546.9380219920135,1039351
2017-07-20,545.8856811523438,550.1585832698499,544.9928097898193,548.4366587765064,710302
2017-07-21,550.5094604492188,553.4112344176336,545.184228186043,545.8857617332784,1850932
2017-07-24,553.5068359375,557.1739614407965,547.12933298837,549.2658134088891,1405521
2017-07-25,563.6790161132812,569.0680076049099,553.8257260555345,554.8461171375717,4219759
2017-07-26,556.9507446289062,573.9787697883321,555.3882196189061,564.4124569585266,4460224
2017-07-27,553.9531860351562,562.6904443006722,551.6573063480495,559.3103554146669,1368364
2017-07-28,553.8895263671875,558.6408029737302,547.543844787375,547.543844787375,985348
2017-07-31,559.4060668945312,566.7083793962902,553.315541812606,554.9737065488428,3031069
2017-08-01,570.2159423828125,575.5731120167496,558.5131504034375,561.0960662637167,2553111
2017-08-02,566.9635009765625,574.6165513457033,565.1139982338493,572.6394705157055,1427100
2017-08-03,561.7020263671875,572.033632642273,559.9800433312229,567.920129764654,1421898
2017-08-04,565.7197265625,566.8995754970904,560.3307357540201,563.774584413396,1175566
2017-08-07,559.7249755859375,570.1204006563685,556.8232016298025,566.3257552096862,997377
2017-08-08,550.6051025390625,563.1370082742671,548.9150577109366,563.0731900328734,991110
2017-08-09,529.6549072265625,550.3500008399061,524.2658567378176,549.7441654620366,1817775
2017-08-10,523.9151611328125,535.3309199410023,503.18812754437744,531.1855365785747,1917850
2017-08-11,517.4419555664062,529.1766303608479,506.75955197287533,519.769715857534,1889604
2017-08-14,547.4800415039062,551.6892422731024,519.8334339770358,519.8334339770358,1520550
2017-08-16,543.4302978515625,560.936637662524,541.6127335495636,547.4800406130499,1796107
2017-08-17,545.4393310546875,551.4979768478906,539.5400848954212,547.1931357450015,1330492
2017-08-18,538.870361328125,547.8308383418663,536.8614590961046,544.1318331043218,906189
2017-08-21,517.0592041015625,543.9405195719385,513.3921370103639,541.3895417642086,2107924
2017-08-22,508.0030822753906,527.10382767558,505.7390821931847,518.17528865377,2010352
2017-08-23,519.1956787109375,520.8538434615169,511.1280728122416,512.1165840002169,1158298
2017-08-24,531.3130493164062,533.8002673502369,517.1229793891357,524.1701944652244,1319461
2017-08-28,535.1395874023438,537.435467553071,527.7735145106242,533.0031068806056,1095399
2017-08-29,535.8091430664062,546.0769891054568,532.7798496815266,540.8155171980848,1600200
2017-08-30,535.6177978515625,540.1139174924288,534.5017087271643,539.4762023254564,1769392
2017-08-31,528.0923461914062,537.4673210525797,524.9354746467848,536.9890054128449,2298030
2017-09-01,531.0579833984375,535.8411402029647,526.1472484979888,532.014614759343,1432722
2017-09-04,521.045166015625,533.8002296998628,515.4966581361922,530.6114783758376,1445433
2017-09-05,522.9266357421875,524.36158283544,517.8564426355114,520.4074791528981,936438
2017-09-06,525.4776000976562,527.8691785237226,517.3143535217694,517.3143535217694,870121
2017-09-07,525.7326049804688,528.6024985844936,523.5961247382635,528.0604231405694,797310
2017-09-08,519.1000366210938,530.8665894412084,517.2186540247166,526.1790729120556,1712551
2017-09-11,517.7926635742188,525.5094743082072,516.4533563149331,522.8627981046952,1254333
2017-09-12,519.3870239257812,523.7237445994609,518.4941524964532,521.4916244142804,1429674
2017-09-13,517.505615234375,527.7097011450367,515.3691349292931,523.404860612308,1380720
2017-09-14,523.5642700195312,525.4456525911521,517.6012646849174,517.8563624583459,1262290
2017-09-15,527.869140625,531.2492301060785,521.0452018128975,522.3206907525099,2783583
2017-09-18,532.0145263671875,538.2006908701767,529.4634903659029,532.4609036583876,1267332
2017-09-19,532.9711303710938,537.0527527319788,530.1012369116527,535.0756721975116,741462
2017-09-20,529.495361328125,537.59484648613,526.9762052911138,535.5221261208997,1379164
2017-09-21,522.7033081054688,531.8550642973366,518.3346494986565,529.3359082369938,838549
2017-09-22,514.5081787109375,521.8423714355004,512.1166004733778,520.7262821285924,1397797
2017-09-25,500.1905517578125,516.3576427884364,492.98393765999106,516.3576427884364,2195095
2017-09-26,496.61920166015625,499.77607313822546,487.05285987306615,499.26587758501614,2592076
2017-09-27,491.0706787109375,505.6752449329101,488.13702517513485,501.2110047840286,2154658
2017-09-28,488.64727783203125,495.9814709169868,481.5044518871824,492.154945548861,10704139
2017-09-29,496.4916076660156,503.31560434480355,489.7951890655106,489.7951890655106,2941477
2017-10-03,507.6523742675781,509.24672087859744,490.75186811852126,502.51842169987486,2240359
2017-10-04,502.64599609375,512.6268066605336,500.7646133894935,508.60900184874976,1212958
2017-10-05,500.4457702636719,506.21743824549526,498.0860718335514,504.46357519199995,1495161
2017-10-06,505.994140625,508.29002045246403,496.52346847082487,501.8486998683994,1956757
2017-10-09,505.6434020996094,511.9253237900613,504.01711721133864,508.226318288258,1139551
2017-10-10,522.7033081054688,525.5093834584417,505.6433462090011,505.6433462090011,3997089
2017-10-11,518.6216430664062,530.6114119382208,510.71343800988546,527.4226026253281,2334525
2017-10-12,516.1025390625,521.3640107304217,513.4239833455488,517.8563434890954,936925
2017-10-13,511.7339782714844,520.8219754904446,510.3946711155395,517.7926236214113,1224301
2017-10-16,518.07958984375,520.8219639437508,512.2441624825195,513.3921316781446,1538221
2017-10-17,513.966064453125,518.3665447231157,510.8410730175947,518.3665447231157,974917
2017-10-18,503.4112243652344,517.0272788780237,501.81681958399287,517.0272788780237,2008389
2017-10-19,506.185546875,508.92786274726706,500.70085674232377,504.7824798191826,405625
2017-10-23,496.39605712890625,510.49043032368826,490.6881486535468,505.0694995908807,2611875
2017-10-24,509.6612854003906,511.7021261697291,496.2046868129185,499.36155855141953,1738516
2017-10-25,509.3423767089844,513.5515191424716,504.14466472200934,511.47885704279025,1449669
2017-10-26,518.4942016601562,520.8539001539048,507.81179858390175,513.3921871581957,3464296
2017-10-27,530.1650390625,532.3015193675762,520.1522910753912,522.3206513030323,2765082
2017-10-30,525.7645263671875,541.899738376012,520.8857302108268,532.4609453047004,6274986
2017-10-31,509.7569274902344,532.9074176577801,506.6319356637527,527.996741239656,3839709
2017-11-01,498.755615234375,512.9456842668626,495.5349839634908,509.8844526110822,4024884
2017-11-02,497.0018310546875,506.34492601881453,495.6944622167405,500.4457387036817,2467864
2017-11-03,494.64215087890625,501.051592382235,492.60136854240864,497.6077429953244,1322199
2017-11-06,485.9049072265625,498.596241000231,484.82072704204796,495.9495649852669,2022028
2017-11-07,471.810546875,487.33983562058893,469.0682019963839,485.90488873738525,4252863
2017-11-08,469.35516357421875,475.5732665211917,465.36920987802796,473.2135683869992,4811224
2017-11-09,474.8398742675781,481.9827288325957,471.20468713756173,474.489107524078,3194304
2017-11-10,468.8131103515625,477.35900272161075,466.1983143265435,474.99930447551026,1679068
2017-11-13,471.71490478515625,474.93556547499423,462.02104279039554,467.92025947052196,1941763
2017-11-14,473.6919250488281,480.70723102061856,471.300346785044,472.5758649237524,1289425
2017-11-15,460.1077575683594,476.0834821436373,457.07840577288533,476.0834821436373,1307905
2017-11-16,466.4215393066406,469.3551930030874,458.57715111175315,459.8845491442344,1493358
2017-11-17,461.861572265625,473.0222900423495,460.77739208996377,469.3551937221034,1440514
2017-11-20,464.8590087890625,467.47380482304175,459.8207546529834,463.64727973801257,832903
2017-11-21,481.185546875,482.4610650142429,466.23021273880784,466.8360772862823,2938041
2017-11-22,476.46612548828125,484.69313043318874,473.9788785354655,484.69313043318874,1667337
2017-11-23,477.805419921875,482.26968926814504,471.23655018995385,475.1268349588583,1772244
2017-11-24,474.52099609375,482.0464974631384,472.7034024956247,479.5592502895654,1917892
2017-11-27,481.69573974609375,484.5656336477094,472.03375777184027,472.03375777184027,3984948
2017-11-28,485.77734375,490.2735223644333,480.70720973293214,483.92787026514213,3483306
2017-11-29,479.7824401855469,489.31687253152626,477.8691777318557,485.7454453920936,1312164
2017-11-30,466.4215393066406,481.50442196964156,459.3424444601993,479.2084835361634,2741056
2017-12-01,465.49676513671875,473.5005817551214,463.13706697020865,466.23017852488954,1516198
2017-12-04,453.4750671386719,469.7697065974429,451.3704960224586,467.47376837020323,1551547
2017-12-05,445.6307373046875,455.8029143992672,443.2391591602868,453.5707650664702,2675230
2017-12-06,437.4355773925781,448.88327242663223,436.6383749558619,445.6307320275774,2836329
2017-12-07,460.45849609375,465.3372918807014,436.67026486587594,437.69065591368417,5284173
2017-12-08,464.3169250488281,469.8972837632864,461.09626454659514,461.09626454659514,2704362
2017-12-11,475.47760009765625,476.7212382101288,463.13706309892575,467.79267035341775,1595422
2017-12-12,465.8475646972656,477.9967647305215,463.7110842277418,476.4023889566686,1471045
2017-12-13,463.04144287109375,475.1268833735994,459.1830376316358,465.8794569304305,2683051
2017-12-14,458.92791748046875,467.47380997396556,450.2863560199782,465.36923867045175,1927410
2017-12-15,457.77996826171875,465.56056774728216,456.1218034082931,463.64730510010963,2697349
2017-12-18,452.8373718261719,459.43812195983435,438.4560223958616,455.6753858023221,5631486
2017-12-19,470.66259765625,472.79907810996946,454.24043680542735,455.6115947058652,4107204
2017-12-20,469.83349609375,474.68044141997575,467.824564615156,471.3641119438249,2065237
2017-12-21,466.1664123535156,474.0108005488029,464.06184104814656,469.929177635409,1372447
2017-12-22,466.5809326171875,470.0248108112677,462.37176113289735,467.4100149452821,1371741
2017-12-26,469.1000671386719,471.3003072792946,465.24166231494155,468.62175152600884,1167906
2017-12-27,472.16131591796875,476.0834807292677,469.13196413149444,471.10901569300614,1706551
2017-12-28,486.7977600097656,490.2416383673045,472.1613134828116,472.480171105166,4838206
2017-12-29,486.4151306152344,492.3462562856779,483.0031320599841,489.73143100868407,1476427
2018-01-01,481.9827575683594,491.0707259352242,479.9100369075371,485.841162782829,1602100
2018-01-02,493.2709655761719,494.8971919185273,477.3589725758472,483.1306397430824,2827863
2018-01-03,494.7696533203125,502.3908227677198,493.62168423748244,495.5030666588725,2871907
2018-01-04,498.50054931640625,502.2951946085555,496.17278929390875,497.38451838681493,2061667
2018-01-05,493.749267578125,501.01964120009416,491.580849071783,501.01964120009416,1330975
2018-01-08,500.2225036621094,503.82581080894175,496.3321604299493,496.3321604299493,1991223
2018-01-09,504.20843505859375,505.1013064735405,497.70335415285007,500.63700778694533,1936948
2018-01-10,496.71484375,506.3767961588075,493.6536120283127,505.73908090838756,1535887
2018-01-11,501.4023132324219,502.74156184310306,494.29133926905973,498.34108179808425,1046914
2018-01-12,494.48272705078125,503.82582189963216,489.8270903942512,503.1880482566192,2933382
2018-01-15,493.8449401855469,499.9992834308347,491.1982643007071,496.1727584514868,1146082
2018-01-16,489.061767578125,497.89466633543276,486.0005360195684,494.2275994824478,1834026
2018-01-17,497.92657470703125,499.9674153253865,481.4406253054566,489.1574644867749,1782994
2018-01-18,510.522216796875,519.7058532062825,501.4342201547616,502.4227313026785,7805662
2018-01-19,511.7021179199219,515.3691851946003,504.46356475944583,509.8844950513487,1535200
2018-01-22,518.876953125,522.8309988830933,513.3922619217143,516.3896761721202,3594555
2018-01-23,514.8270874023438,521.6191461450217,508.67274392183873,521.4916264478429,2057214
2018-01-24,525.6688842773438,528.379320086913,512.1804066893591,514.667624642786,3865750
2018-01-25,490.401123046875,527.9648418184398,485.7136062861653,527.4227079263695,9762141
2018-01-29,502.869140625,507.2696206762398,492.3461976964296,496.1408424769682,8319201
2018-01-30,491.54901123046875,504.04903588636944,489.54010893319935,502.3589912140895,3530484
2018-01-31,479.623046875,495.5350121795388,476.08349939608945,494.25952324539384,2747253
2018-02-01,483.95977783203125,492.34627101953373,468.94068365914336,479.62305697646093,3845061
2018-02-02,467.5057067871094,479.5911463827857,461.7021302063913,478.3156283092713,3382230
2018-02-05,460.77740478515625,464.8909369363828,444.5146725081028,454.39987244708044,2492284
2018-02-06,446.4598388671875,453.7621225024038,433.67286522582197,443.87692268257024,3299244
2018-02-07,447.2251281738281,456.50446336650674,446.30037680820504,453.9534271298962,2703379
2018-02-08,457.9394226074219,460.458549793067,448.2774404778391,448.9789740020548,2405113
2018-02-09,451.753173828125,456.12177435742353,446.65113069592906,452.805474055862,1867788
2018-02-12,463.32843017578125,465.49679053583463,453.12434364202755,455.0376062178476,1937262
2018-02-14,460.3947448730469,467.7608174292488,457.9712867413719,467.47381052792736,2169484
2018-02-15,456.6957702636719,465.0184741325266,454.7187478420569,463.67919617045357,1267582
2018-02-16,448.7238464355469,462.37178174449565,446.4916971151616,459.11921213094115,1685658
2018-02-19,447.25701904296875,452.8054981784104,441.8361179971427,448.9151838791205,1388427
2018-02-20,443.4623718261719,450.8922039486671,442.60138034900257,447.7034233954062,1161661
2018-02-21,438.934326171875,447.5120985240602,435.3628988546075,444.83354263314436,3419208
2018-02-22,430.77105712890625,438.1052497965573,428.88970367227654,436.86161160623453,3107217
2018-02-23,446.7786560058594,448.3411517061342,433.0350523113977,433.0350523113977,3681946
2018-02-26,459.5019226074219,462.882012168961,450.25446700771545,450.8922406867739,3493792
2018-02-27,459.91644287109375,463.00955467017974,454.08098603333724,461.73403652375345,1850050
2018-02-28,464.7633972167969,467.0911864941962,458.03506879172704,461.73404521129595,3866728
2018-03-01,455.5158996582031,467.41003032828945,453.9534039103835,464.89090333918966,2816931
2018-03-05,459.7569885253906,461.3194843008313,447.28890224538685,455.3564788988984,1640220
2018-03-06,447.95855712890625,463.5197560964479,445.79019668848645,462.37181602485157,1678482
2018-03-07,447.7033996582031,453.3475178749098,441.74039464485713,445.7901372665014,2151202
2018-03-08,453.3156433105469,455.3564546062083,446.4278869413974,451.5299297775847,1834540
2018-03-09,454.1766357421875,460.7773856714273,452.0082754210699,455.9942293177652,1752177
2018-03-12,457.8756103515625,459.1830083633127,449.99934235723254,459.1830083633127,1417213
2018-03-13,460.9687194824219,464.8590043784532,454.6868272368695,458.32204354959777,2178453
2018-03-14,458.1307067871094,463.647276520535,454.8143772846792,461.41515636580414,1568118
2018-03-15,459.91644287109375,464.02997502613493,457.5567445181299,459.15114949968046,1025422
2018-03-16,458.99169921875,467.5695012397066,454.9738651600265,455.9942563391037,3329587
2018-03-19,447.6077880859375,460.13966419706253,445.9496232413332,458.5452883975912,1366059
2018-03-20,454.2723083496094,457.492968933164,441.9636506212457,445.311860095649,1944199
2018-03-21,455.93048095703125,459.15114159591275,452.8692491359321,457.90750339618546,2129493
2018-03-22,457.2059631347656,464.06184010920384,455.7710162137069,456.05802311436054,2156724
2018-03-23,449.4572448730469,453.9533940933906,445.6625999129453,449.61667367845627,2041255
2018-03-26,461.9891052246094,465.68808134167216,446.2046895820078,449.6166880013781,1725537
2018-03-27,469.8973083496094,473.24551791465814,464.603927056833,464.603927056833,2970558
2018-03-28,465.7200012207031,476.27482514961815,463.2008741476209,471.10902211330205,4465992
2018-04-02,479.84625244140625,482.1421616581071,465.8794300148773,469.96105288769434,1885776
2018-04-03,488.2964782714844,489.1574697767549,476.4023763414766,479.4636081080457,2627949
2018-04-04,467.1549377441406,491.03880992434273,465.8156306362208,491.03880992434273,2569993
2018-04-05,482.7480163574219,483.76843665188807,475.22251521571684,476.4023643211028,1622911
2018-04-06,480.3564453125,482.3653768136415,475.41386016035216,480.26077634690864,728823
2018-04-09,479.0809020996094,488.26456762744345,476.65744413342486,482.7798780872916,3060993
2018-04-10,479.3998107910156,485.20338740002745,476.4023681186023,483.3220048010871,958611
2018-04-11,475.47760009765625,482.26968765325773,472.19317983972775,481.37684546462077,873540
2018-04-12,476.9763488769531,478.3794158339648,472.0337346040444,477.67788235545896,1045483
2018-04-13,476.46612548828125,481.8232368401092,473.08600718078264,481.1217034025919,1348426
2018-04-16,486.9891052246094,487.8819474522569,472.5758471400292,473.851365230738,1108276
2018-04-17,483.1306457519531,490.36913974240053,480.4520900150789,490.36913974240053,1341004
2018-04-18,483.1625671386719,486.6702053011003,479.97378659478414,484.693153773432,890097
2018-04-19,490.3691711425781,494.19569626546405,483.1625858069647,484.1510970119583,2189419
2018-04-20,488.3602600097656,491.6447095845723,479.1447141177854,489.73141786353034,1737316
2018-04-23,480.73907470703125,493.87681420495653,479.4635858585413,489.7951915016519,1597674
2018-04-24,474.935546875,480.4839965779043,471.8743151253545,480.4839965779043,1805994
2018-04-25,474.4253234863281,480.10135128970336,469.7059561522818,474.9355482421175,1607793
2018-04-26,478.47509765625,481.5044496882295,472.44833190660387,475.57332371709236,2543394
2018-04-27,481.08984375,485.29901535837416,479.33603927638404,481.4724904063852,1711810
2018-04-30,465.46490478515625,484.5018613374686,462.4355529486458,483.3538921287175,3093207
2018-05-02,467.7288818359375,472.5758270190053,464.2850327675718,466.8360396463048,1442760
2018-05-03,451.4661865234375,468.9087678619891,449.17027723224675,467.728918694305,2562340
2018-05-04,448.7557373046875,453.8258713886651,446.52358792985683,451.52996216561996,1587040
2018-05-07,457.52484130859375,458.4814725712111,443.23916141073994,449.61669343016604,1563171
2018-05-08,460.1396179199219,463.00951158678214,458.22635547534844,459.18298669763516,1543783
2018-05-09,466.3896484375,467.82459541753667,459.82077809372737,459.82077809372737,2205747
2018-05-10,460.45849609375,467.7607790073811,459.2148580116493,467.47377212963437,948909
2018-05-11,468.90875244140625,471.68300648751745,461.0962734456409,462.18045360843956,1650226
2018-05-14,464.6039123535156,471.8424359508716,462.4355520249346,469.8335044366049,1035649
2018-05-15,467.6651306152344,471.93809130101766,459.246787324322,464.47635006246145,1053292
2018-05-16,462.9138488769531,470.5668987585943,460.1715040564272,465.5605247351449,1119166
2018-05-17,450.95599365234375,464.3169520658266,449.6485955825299,463.20089193562285,1043016
2018-05-18,452.4547119140625,454.84629009502476,449.23405135076206,450.955975963427,1332394
2018-05-21,435.2991027832031,454.0172013754989,430.61161545275917,454.0172013754989,3579453
2018-05-22,435.1396789550781,440.05038419474823,429.0491245898795,440.05038419474823,2762500
2018-05-23,437.1485900878906,444.1638662781523,433.67283191518845,434.9483207530171,1497970
2018-05-24,443.0478210449219,444.7697456305391,435.586108915155,439.4126339445881,1395031
2018-05-25,444.6741027832031,447.926643196902,438.4878795766725,443.23915590709464,1554840
2018-05-28,459.8207702636719,478.31565186722827,446.4279320113895,446.4279320113895,2891208
2018-05-29,449.52105712890625,461.0325130404473,447.2251477706094,461.0325130404473,1134163
2018-05-30,449.42535400390625,457.71617771503674,446.3003624489683,448.2774140090284,1407166
2018-05-31,451.27484130859375,456.4725240172854,448.9789322029504,452.1039236514744,5708037
2018-06-01,444.99298095703125,455.00572962897826,442.79274065633626,452.4228134550578,1222384
2018-06-04,437.786376953125,449.48917063779237,435.5861365989915,446.5554876382101,863778
2018-06-05,437.3080749511719,441.32593829053883,434.1192940597049,436.79787935064013,1200031
2018-06-06,442.31439208984375,443.87688780899214,435.3309958342692,439.1575207291743,1291956
2018-06-07,449.0108642578125,450.8284579610589,438.7430173381894,443.23919630407363,1654620
2018-06-08,454.65496826171875,457.17409542192706,444.1001439677567,447.320804645097,2680872
2018-06-11,445.98150634765625,454.5911877119425,444.8016572311189,454.5911877119425,1658448
2018-06-12,439.2213134765625,448.6919574620973,438.5835690109934,445.088650142009,1688136
2018-06-13,438.4878845214844,442.60138726842234,436.2238552562661,440.08226022600616,1191624
2018-06-14,436.7978515625,442.2825415015074,434.8527090636647,441.3259102143333,1281625
2018-06-15,446.87432861328125,450.7327334154453,437.49935433511365,439.92281230730913,4115832
2018-06-18,441.4853515625,446.3641771043884,440.5606001735637,446.3641771043884,680317
2018-06-19,429.91009521484375,439.76341500287606,428.6346062928852,439.41264825082,1774452
2018-06-20,415.97515869140625,431.37689822980457,413.8386783726221,430.48405603378126,4071990
2018-06-21,411.9891662597656,417.31442697271325,408.8641748545425,415.9751491124845,4725118
2018-06-22,408.29022216796875,410.29915371220864,403.18820809309267,409.02366479052466,4599169
2018-06-25,404.43182373046875,413.7430389819896,402.7098990608887,410.71371625066524,2425305
2018-06-26,408.03509521484375,409.4381621224666,399.1703164695321,403.06063038774056,2702764
2018-06-27,395.8221130371094,408.16265011715296,393.49432399155944,408.0351012322215,2056651
2018-06-28,386.8935546875,399.1065723786471,385.39484795398306,392.920349127279,5499982
2018-06-29,394.6422424316406,396.4598358383309,385.8412530751156,388.10528215175094,3006667
2018-07-02,398.405029296875,400.7646982666231,391.7086106545286,393.5580840842304,1684384
2018-07-03,401.9445495605469,403.0606388031257,392.21880835306683,396.874415666781,1310076
2018-07-04,398.0861511230469,404.3361342064003,395.75836202553756,401.8807962211125,1075248
2018-07-05,397.35272216796875,403.28384739677443,396.10911326228427,400.31828478237156,866314
2018-07-06,396.3004455566406,400.50961732703917,394.9292876866297,397.95861032553967,1359757
2018-07-09,397.8310546875,400.50961053393956,396.0453410585172,399.1065727636503,1464405
2018-07-10,406.3132019042969,408.8004491059203,397.9904979741913,400.1269784219677,3389203
2018-07-11,384.8527526855469,405.80300109562137,381.40890342905175,405.6754522044204,4669614
2018-07-12,371.1410217285156,389.63587193563757,368.3986770380968,386.41521165030923,5765943
2018-07-13,358.76861572265625,370.8540558090428,350.0313851703834,370.5351981732693,15161788
2018-07-16,357.01483154296875,363.0734772976902,352.7418703940069,363.0734772976902,7154964
2018-07-17,364.1575927734375,367.18694430602216,357.14231691644164,358.19458785914424,3152394
2018-07-18,355.1334228515625,368.39871188474706,351.65766447938785,366.07089353249796,3730662
2018-07-19,352.04034423828125,358.16277916882814,342.63345936649864,355.8668697191321,3273880
2018-07-20,350.50970458984375,353.9535831293761,345.6627882108557,352.6461850652395,2635054
2018-07-23,403.1244201660156,407.84381677152214,357.8438918572642,365.3056042490184,35708673
2018-07-24,401.91265869140625,422.6077786710199,396.9062847798131,404.9738902532937,15515727
2018-07-25,406.72772216796875,410.2353896517659,395.5989135746192,403.0606550631851,5349271
2018-07-26,406.5682678222656,411.51085271933715,400.5415028239392,406.88715462642335,9681316
2018-07-27,405.2927551269531,410.7136848985491,403.5708305888174,407.2379267055949,1587696
2018-07-30,409.8208312988281,413.5835965408195,404.9420059702804,407.4930421596517,3373032
2018-07-31,410.7455749511719,418.2710761000793,402.58232936390584,411.03255264991594,6335571
2018-08-01,409.342529296875,414.18947486286584,406.2494175202346,413.32851252775583,2283748
2018-08-02,406.0899658203125,412.9139334606566,404.0810343555325,409.34250623306303,2709216
2018-08-03,408.83233642578125,411.0325767627451,406.28132932862553,407.52493835489713,1478691
2018-08-06,418.4305114746094,422.129487663249,408.22645433046705,408.22645433046705,3583215
2018-08-07,412.7545166015625,423.40500955213173,411.0963518268771,422.0019425590794,1941643
2018-08-08,413.16900634765625,416.9317712763191,409.37436149765,414.5401932942257,1500355
2018-08-09,411.603271484375,415.83063761348615,409.18302482816733,415.05617050111033,1537924
2018-08-10,410.86102294921875,419.05759863550577,407.6017558276646,412.9908515987972,2416305
2018-08-13,403.632568359375,409.82842312444353,400.92190405767633,406.60141789630575,1529908
2018-08-14,393.98388671875,405.92375031955686,386.7231468760866,403.63258155515916,3924208
2018-08-16,393.467529296875,401.37368760156875,391.854041469643,394.98423089881237,2542926
2018-08-17,398.0498352050781,399.37290516391164,392.1767198877384,395.43598690398454,1818678
2018-08-20,399.4375305175781,401.59962155880055,393.04807317295604,400.0506577261607,2864055
2018-08-21,417.0568542480469,420.15478150532704,399.82471143248864,403.3098722109229,5502780
2018-08-23,419.47711181640625,424.6725762758207,412.4745575436538,419.63848127918703,4068225
2018-08-24,421.7682800292969,434.9989805860398,415.02388145127634,417.57320579386345,7670341
2018-08-27,425.7052307128906,427.7059520740253,420.1547947690577,424.9307341021088,2481079
2018-08-28,422.18780517578125,430.48116742184305,420.1547922079058,427.2541917860015,2755206
2018-08-29,438.8713684082031,443.0664425807771,422.5104786854824,423.31723735437316,7871448
2018-08-30,449.2945556640625,451.13393705225184,440.80756207502947,442.74375922976014,8968888
2018-08-31,461.65399169921875,465.9136199749729,444.97042053715677,448.5523974645109,8761225
2018-09-03,465.1068115234375,468.55971022761526,458.23333527721843,464.4614223215452,3344458
2018-09-04,450.8758239746094,464.6873610442201,448.13286789821444,462.88024155944635,3380101
2018-09-05,450.06903076171875,459.846832476874,441.1302497982282,451.06939143115665,7909251
2018-09-06,455.03863525390625,457.87840709863224,449.6818305119344,452.68294228637376,3080107
2018-09-07,460.81494140625,463.39652786864076,452.90881255366094,457.39433417337784,2899302
2018-09-10,453.876953125,466.49449837999487,452.1666493504689,461.4281112133125,2498602
2018-09-11,443.80865478515625,461.4603232127683,440.3557855323538,456.61983020863426,3939748
2018-09-12,454.13507080078125,455.651742889482,438.9359105738681,446.7452532677707,2029983
2018-09-14,475.4977722167969,476.88539602442756,457.65250107141054,458.2333661642786,5772796
2018-09-17,466.94622802734375,474.98143447695276,465.97812944093187,474.30375364885475,2400687
2018-09-18,457.6202392578125,476.40134697782037,454.78046748839466,469.2051313254304,3940686
2018-09-19,446.80975341796875,461.9443591363637,444.03453553969405,460.8149206494465,3927616
2018-09-21,429.70672607421875,457.5879555923238,379.81738313663465,446.9388703599324,7661755
2018-09-24,420.4129333496094,433.70815759607314,413.02311626493264,431.7719604639478,3962002
2018-09-25,426.5765380859375,429.12586259068235,413.02315682991764,420.3484504864551,2941122
2018-09-26,450.1981201171875,455.0063511388344,421.92965815582824,428.54497902601435,5745096
2018-09-27,440.8721008300781,454.03824782726434,438.0000670770001,453.3605669830465,3939211
2018-09-28,428.73858642578125,445.71257338584786,422.736363505594,442.09833480423225,2304535
2018-10-01,429.5776062011719,432.41734819814457,411.86138477570273,428.9644790810065,3044547
2018-10-03,414.76568603515625,431.8365184960668,412.66814896894545,429.83576765221613,5244559
2018-10-04,405.794677734375,416.5728408266035,400.9219223662659,406.6336985411252,3694857
2018-10-05,385.0773620605469,407.85994199709216,381.20496753109325,405.18153972009014,3832315
2018-10-08,399.5988464355469,403.3744252391575,375.7190897263953,385.94864964339195,5443380
2018-10-09,389.8855895996094,402.05134654549187,381.5921976039284,402.05134654549187,2549713
2018-10-10,401.72869873046875,403.3744487953169,390.466485814749,390.466485814749,1838878
2018-10-11,390.5632629394531,401.69639773832114,380.9145677793873,393.04806333394936,2389195
2018-10-12,405.2783508300781,409.82842616745535,393.1125939134718,393.1125939134718,2403772
2018-10-15,410.4415588378906,412.087308789668,400.63149464728457,405.2783562739832,2045935
2018-10-16,414.4107360839844,418.21857662094567,408.6344068155203,413.0553744689756,2271903
2018-10-17,411.9259338378906,429.19036786163446,407.6985681916135,417.0245822720825,2559759
2018-10-19,415.8628845214844,418.7026265055636,405.0524309233984,411.7323050675148,3179949
2018-10-22,408.9571228027344,420.8002001364388,404.0843675133766,416.2824163189702,1625406
2018-10-23,397.1463317871094,409.8284297446857,392.8867037253349,407.2468137028628,2843146
2018-10-24,401.9545593261719,405.956031657394,396.08141390387993,397.56582391126267,1395015
2018-10-25,386.88446044921875,399.21158630384355,384.2705824662972,398.79206116247445,2476828
2018-10-26,401.8899841308594,404.2779684803942,377.55844205680046,389.11107119748124,6888616
2018-10-29,407.6340637207031,409.63478506774345,395.82324899970047,400.1474306186935,3053157
2018-10-30,410.9901123046875,418.1540359405314,402.4063028626689,405.310598624013,3743070
2018-10-31,435.2248840332031,437.0642655051367,411.1192047240928,412.4100127340231,4633326
2018-11-01,449.1332092285156,451.13396017817723,432.417376874994,436.2897713829612,4804108
2018-11-02,459.169189453125,462.4284569598934,451.1339822731665,451.1339822731665,7268007
2018-11-05,467.4625549316406,470.30229709228604,451.4243740298262,457.2329657413523,2223669
2018-11-06,465.9136047363281,469.8182613993909,461.3635588235105,465.42955541300546,2185276
2018-11-07,470.8831481933594,472.3675581527201,466.1394710119081,466.2040247051093,579105
2018-11-09,477.5953369140625,480.7577885189451,466.3008331320238,469.4955763570568,2790439
2018-11-12,473.2065734863281,485.14646580586214,471.33493002124607,477.5953087090472,2123223
2018-11-13,475.3686828613281,477.5630357865808,462.3639052312489,470.4959277024869,2353732
2018-11-14,490.6646423339844,491.66500299270814,475.3364049009162,476.4335813268768,4428133
2018-11-15,492.8590087890625,496.9250052290138,487.9216999639556,491.76183233281927,4799854
2018-11-16,498.1512756347656,499.95842461408796,489.1157080023096,491.7941103069036,3262251
2018-11-19,500.3133544921875,501.95913396213246,495.21470570454954,498.89346863921736,3290689
2018-11-20,489.9869384765625,498.76437901570654,482.1130723304591,497.602648951518,4928892
2018-11-21,502.92724609375,506.3155913513595,490.50330363450655,490.50330363450655,4290877
2018-11-22,502.3141174316406,506.5737753429003,497.98999445197774,502.7659047029611,1803559
2018-11-26,498.9580383300781,503.37900614674817,489.21249870934923,502.314062241912,2140660
2018-11-27,496.0214538574219,499.474382395427,486.63091461964103,494.375703868463,3071856
2018-11-28,498.1512756347656,503.18540039252537,494.05301698703056,494.37569683845874,1575307
2018-11-29,502.8304443359375,509.4780272521024,491.8263585636183,500.18430418203394,4206577
2018-11-30,489.08343505859375,506.96099746824257,487.30857773907206,503.5080690560616,3199104
2018-12-03,472.8193664550781,491.7941055709515,469.97962425211665,491.7941055709515,4269495
2018-12-04,484.9851379394531,490.1806024108731,472.88390540416185,472.88390540416185,4095196
2018-12-05,483.6620788574219,486.63089888331933,475.78821201200736,483.403923163346,1905786
2018-12-06,481.9840087890625,489.8578751686808,475.43321242133266,482.1130866284645,3054313
2018-12-07,489.0188903808594,492.9558386320253,477.24036679162907,486.56638170795077,2186733
2018-12-10,481.82269287109375,489.5351901775323,477.5630353266204,477.59532694609686,2034591
2018-12-11,482.7262268066406,484.69468606877496,471.91580235823585,477.5953160775947,2417344
2018-12-12,509.8974914550781,512.6404175073825,484.1138033904831,484.1138033904831,3412810
2018-12-13,499.1839294433594,509.21985723006145,497.7317815615246,509.21985723006145,2861619
2018-12-14,493.5689392089844,501.4750678175595,489.76106901185796,496.9572547177815,2379991
2018-12-17,495.69873046875,498.2480842803589,492.43946330983374,496.8281984976967,1096198
2018-12-18,479.9510192871094,499.60340934839564,478.24071567363376,491.7940962797691,3009928
2018-12-19,487.72808837890625,490.5033064803659,480.8223199738848,482.0485743255023,2369217
2018-12-20,496.9572448730469,499.66796813204326,482.0162707709413,485.34009160896255,2179683
2018-12-21,474.787841796875,499.4743873146546,473.10982971459333,497.63497621472226,5238295
2018-12-24,475.30419921875,482.5649394625939,465.3327648907877,475.01375188257964,2679819
2018-12-26,484.17840576171875,485.2755822687142,469.85055747317716,475.6591494081037,2992971
2018-12-27,483.82342529296875,489.85791074130424,480.9836830758834,487.92171346564686,1750644
2018-12-28,489.4706726074219,497.60269518016025,485.66280224417125,485.66280224417125,3371275
2018-12-31,489.37384033203125,494.5370426926095,486.2759130068794,491.7940868222985,2249962
2019-01-01,486.3082275390625,494.18209452212284,481.79041418168174,490.50330195716845,2415372
2019-01-02,488.24444580078125,489.50296227148226,480.1769469251322,484.0493416583994,1962064
2019-01-03,481.88720703125,489.1802085735441,480.33824336937596,487.2763030010146,1579716
2019-01-04,488.1798400878906,490.019221481409,479.59603070744777,483.27482303850843,1590477
2019-01-07,492.92352294921875,495.50513888901753,489.8578872577351,490.50327647067263,2384899
2019-01-08,485.46917724609375,493.73027727503427,482.75848348758103,492.7621786921421,1472160
2019-01-09,493.6012268066406,495.0211126853633,486.27593333598145,489.21252086588976,1559776
2019-01-10,498.9580383300781,503.4112682214328,493.76254436878213,494.2465936651489,3601815
2019-01-11,505.63787841796875,507.92907657954436,498.89345040686493,500.18428791041816,3904549
2019-01-14,497.2154235839844,505.99289433238255,494.9565465182316,505.99289433238255,2088177
2019-01-15,500.79742431640625,504.76666426981694,498.2158672853008,498.63533337282234,2047294
2019-01-16,494.44024658203125,500.7974118590667,485.7273588706644,500.7974118590667,3876135
2019-01-17,496.34417724609375,499.24847312338153,491.6327619644474,495.44060277190175,2164326
2019-01-18,494.407958984375,497.6026724960199,493.0848889491225,495.66647532677473,1379212
2019-01-21,496.40869140625,498.79667584680726,488.05077540832434,493.73028920141945,1691152
2019-01-22,492.63311767578125,498.28036945020006,486.27592297712465,494.50476121275125,2125471
2019-01-23,492.3426818847656,504.79888559033475,490.4064847237344,493.08488685729105,3505369
2019-01-24,482.3390197753906,495.2470115819512,479.4992479876953,493.7303099146092,3163807
2019-01-25,486.050048828125,495.08561602704,482.1131007509792,485.9854951345212,2655358
2019-01-28,490.53558349609375,493.0849078972966,480.17691642496123,487.2763161663495,1839426
2019-01-29,490.6968994140625,495.3114986798151,482.1453521582693,488.8897801054572,1701693
2019-01-30,495.24700927734375,496.95728339566364,487.46992851788735,492.504053275907,1585777
2019-01-31,507.6063537597656,509.8007066797481,493.2139819342349,500.63609100690957,3449514
2019-02-01,503.314453125,516.1578897793042,494.6337988190198,516.1578897793042,4440582
2019-02-04,497.53814697265625,500.216549110176,489.21249325909804,497.7640405809807,1881016
2019-02-05,513.7055053710938,516.3193247820662,498.7967606640651,498.7967606640651,3774670
2019-02-06,519.7075805664062,522.7732458398789,513.8989889459632,517.6100729843904,5621341
2019-02-07,522.1278076171875,527.6137191947388,517.8036261380414,519.707561198863,2501457
2019-02-08,524.1931762695312,527.1619964824275,516.7065424936654,519.2235754414593,2092582
2019-02-11,520.0949096679688,526.0002882632084,517.2551376473245,524.0640908105978,1739295
2019-02-12,513.86669921875,524.3867349899641,510.93014149151,520.8370206058049,3056557
2019-02-14,529.9049072265625,532.1315814077451,523.8381595828791,525.5484632707661,2615476
2019-02-15,528.162353515625,529.8726572425446,520.3207778514513,528.5818786999791,2801466
2019-02-18,530.4212646484375,535.6812238897589,520.2239078380036,528.7432230787244,2855346
2019-02-19,526.93603515625,532.0992668757856,524.0640015456695,529.8725929141118,2227756
2019-02-20,531.0020751953125,535.0358390055441,525.2257457453496,528.7754602618753,2243914
2019-02-21,533.260986328125,537.4238577908279,527.9364437566283,532.4542571496733,1567429
2019-02-22,533.970947265625,535.6167268425967,528.7755119134405,533.0351106613066,1242933
2019-02-25,547.072509765625,549.815495263898,534.3904414037632,534.3904414037632,5528401
2019-02-26,551.8484497070312,553.591015324052,540.5539466384113,543.58734974719,3751057
2019-02-27,561.04541015625,562.7234516968454,553.010203459502,553.010203459502,4709425
2019-02-28,566.4022216796875,568.9838377177123,556.463079702161,566.015017681217,3728826
2019-03-01,561.3358154296875,569.1774494991048,560.3031926855507,565.4341034195354,2489419
2019-03-05,565.0469360351562,566.9831333498535,558.6251873669859,563.3043111814865,2047953
2019-03-06,566.2409057617188,570.9200293898224,559.3673701155253,567.3057906071605,3145128
2019-03-07,562.8201904296875,566.0149628639565,559.7223223897405,566.0149628639565,1957380
2019-03-08,569.0806274414062,571.1781941781908,557.3343955267364,562.3361990780704,2670367
2019-03-11,578.7293701171875,580.5042570617163,572.8562539730241,574.0502462657231,3862593
2019-03-12,579.761962890625,585.3123988881601,576.7608808198867,580.8591688951838,3303049
2019-03-13,588.0877075195312,590.4756922292295,575.6960557801741,580.8592292328922,2410987
2019-03-14,583.2793579101562,591.3468258754161,581.0527431332533,588.0875884346818,2051482
2019-03-15,595.9938354492188,599.1885492247428,582.4081329798786,583.4408148866763,3914647
2019-03-18,598.3494262695312,604.0612313327867,591.7018438203617,596.0260252092592,1920841
2019-03-19,601.0601196289062,603.448104039743,592.7022332790264,599.5757096628291,1699530
2019-03-20,603.706298828125,606.5460706452756,598.34949413817,600.2211672983877,1350502
2019-03-22,603.4158325195312,607.3204889100587,598.446291327241,602.7381516965695,2009527
2019-03-25,589.0557250976562,601.3183268328592,584.6024361674384,600.2211208654568,3463663
2019-03-26,582.989013671875,592.0245812956405,575.1151171473545,587.6681374093166,5470843
2019-03-27,582.08544921875,588.5717220456049,577.3417421588576,583.0212857999834,3127998
2019-03-28,599.6079711914062,604.0612601736303,578.5356957487631,584.6670262319915,3678943
2019-04-01,602.9962768554688,620.873837589176,600.8665073597498,618.2922809010181,2154235
2019-04-02,598.3494262695312,606.6751092276332,590.8627935658955,606.6751092276332,2910394
2019-04-03,596.5101318359375,604.6743870370988,592.9604171258336,598.9303784364512,2421073
2019-04-04,601.1892700195312,603.6417787552672,581.5046168915063,594.1544236707982,3566650
2019-04-05,607.320556640625,608.2241311720105,599.4467188329927,603.4481618924636,1581183
2019-04-08,611.0638427734375,613.7099828627452,602.5768490604764,605.3842995230019,2838687
2019-04-09,609.6762084960938,610.4506755382972,600.2211163550799,608.9340035279762,1950130
2019-04-10,597.6072387695312,610.2247823236845,595.9614593737617,605.3842894467434,2310324
2019-04-11,595.4129028320312,600.6729209977004,592.6377144115978,597.5104695009044,2152191
2019-04-12,597.510498046875,600.0597929758974,587.9585598620513,595.3484071246643,1726512
2019-04-15,600.059814453125,601.3829141678896,591.7019273303126,598.2849865622541,951798
2019-04-16,602.7382202148438,606.4170425039677,597.4136774246488,603.44816319274,1663135
2019-04-18,602.8349609375,605.9974121673858,597.7040505930157,603.48032055957,1373866
2019-04-22,604.9324951171875,608.1917917962801,595.6710346117312,600.9310525662784,1472943
2019-04-23,608.4500122070312,609.9021602075253,600.0275419865548,604.9325594758539,2072107
2019-04-24,611.9674682617188,613.7745582088339,607.385130607181,608.4500155114387,2331580
2019-04-25,622.8746948242188,628.5541793277791,610.5475680793891,613.4518640283585,5125930
2019-04-26,626.2630615234375,627.7797337029731,618.6473203719655,626.3921098341788,1881886
2019-04-30,625.4884643554688,629.4254418834154,619.3571930893926,626.2629904842764,2815422
2019-05-02,622.10009765625,627.9732721253114,616.3883517277831,624.1008779685018,1622932
2019-05-03,626.2630615234375,628.6187249869541,618.9700002368729,620.3576241056674,1927042
2019-05-06,613.0000610351562,623.2941448984715,605.7393213492251,623.2941448984715,4814233
2019-05-07,613.871337890625,616.3884298644585,602.8350485975262,613.1937160977209,3169456
2019-05-08,620.6480102539062,625.0044541043213,610.1602947544798,615.0653120736889,3577144
2019-05-09,612.419189453125,620.6157659965357,608.4822706543074,620.6157659965357,2804535
2019-05-10,618.9376831054688,621.4870369844442,611.1928943321446,613.7745102859358,1315174
2019-05-13,615.1621704101562,620.6157613135882,611.8383492748974,616.3561626891894,1290021
2019-05-14,616.420654296875,618.3245894274595,605.8360938160896,615.194400005862,1739086
2019-05-15,625.7144165039062,631.1358044725498,616.2915855729349,616.3561688150764,3493476
2019-05-16,626.5856323242188,634.3949445825058,617.7436383194796,625.7143200261595,3484113
2019-05-17,626.4566040039062,640.8490352459143,618.5182424555546,626.585711396522,6761281
2019-05-20,657.5648803710938,660.2432827107265,623.0360086467049,632.7169951967155,4136778
2019-05-21,645.30224609375,673.5384751771369,643.3337868034371,657.0162746981404,3954751
2019-05-22,654.854248046875,657.6294367527894,639.8164560806479,645.3991546588729,2408680
2019-05-23,653.27294921875,669.0852663675429,648.7874570421951,661.5340497193843,1766235
2019-05-24,658.8556518554688,661.1468501614985,653.4343230804989,655.08010259406,1710969
2019-05-27,661.1790771484375,673.6352514744603,656.5322157182126,661.5340190582242,1762828
2019-05-28,660.3817749023438,676.2808665260861,658.0082732234812,665.2262949589245,3132475
2019-05-29,648.3193969726562,659.373970318733,644.7428910956842,659.373970318733,2464860
2019-05-30,654.07421875,659.2438545692748,641.9467240320057,645.2630660981392,3646278
2019-05-31,649.5873413085938,660.9670882006503,645.3931109607867,654.1717575401998,2379486
2019-06-03,654.8870239257812,657.3255367352547,646.108377811677,653.5214329388746,1674882
2019-06-04,657.3905639648438,665.1287940121211,651.4080512765773,653.9116348138766,1706593
2019-06-06,658.2034912109375,661.9750901606765,648.2218395707353,659.3739894896156,2405782
2019-06-07,662.91796875,665.193894555813,653.3914549621796,659.9917529136632,1803933
2019-06-10,660.9345703125,667.5998791771584,652.6436257285686,663.9258567226249,2256337
2019-06-11,672.7044067382812,674.330042222686,656.4151295906058,662.6251809717579,2096656
2019-06-12,663.7632446289062,676.2809249646003,658.8537130155145,669.9407911070134,1595478
2019-06-13,653.521484375,663.925826358973,639.5406963449806,662.9504211584134,3813823
2019-06-14,654.1717529296875,659.6990091958393,647.9616416046964,653.521462972608,1566462
2019-06-17,646.9862060546875,659.243781222296,644.4176709827502,655.1471273336871,2156566
2019-06-18,650.0750732421875,652.5460918604427,642.4669244367153,646.3685453148046,1687842
2019-06-19,617.95166015625,654.0741558094888,609.2380250524177,652.220921768692,3985851
2019-06-20,565.8975830078125,611.6115439530772,541.6749817237294,611.6115439530772,19358599
2019-06-21,578.805419921875,594.8345336774568,564.5319639351195,569.6365880135351,18670945
2019-06-24,609.010498046875,612.2943941466888,582.1218424762966,587.4540657916687,9759534
2019-06-25,607.9700317382812,611.1238457630241,592.0384337752552,607.28723621115,7711264
2019-06-26,623.2514038085938,626.7303330712678,599.6140810020567,605.4015009398187,5048098
2019-06-27,613.5298461914062,625.4298010609025,609.400627041428,619.1546786501945,7862520
2019-06-28,609.5957641601562,618.4069168141192,597.3706931957053,615.155585886896,4939270
2019-07-01,616.586181640625,622.3085311560739,608.3602483990328,614.5052893860917,6057955
2019-07-02,640.0121459960938,642.6945102969424,609.6770085460909,621.7232984903075,6615515
2019-07-03,635.76904296875,646.3522242021926,632.160032131235,642.3042691554928,2997163
2019-07-04,681.1741943359375,688.5873095407509,636.8420758359922,638.7440683396534,12488054
2019-07-05,649.4247436523438,691.611016824367,644.5477178521098,689.5139314506702,12058104
2019-07-08,645.8157348632812,656.9353775394673,636.9395716900848,653.4727011162536,4403598
2019-07-09,624.3080444335938,643.7673887737841,616.6998962912501,643.7673887737841,7434335
2019-07-10,619.2360229492188,630.7458529688083,611.8717249354745,619.3823575559479,4906675
2019-07-11,615.7245483398438,633.0379910852413,613.5786449378375,625.3322659934039,2705479
2019-07-12,614.5540771484375,630.9896916333573,611.5791029880733,616.456129327691,4796783
2019-07-15,631.4773559570312,634.0133856861722,606.2143372368554,618.4069023462049,4505796
2019-07-16,626.1126708984375,629.8679573999538,614.8466923258617,626.697890250825,3830334
2019-07-17,643.5235595703125,648.5956783505745,627.8683185311442,628.1609281747347,4855881
2019-07-18,638.6465454101562,654.448121327106,631.477341108044,641.816612264044,4968435
2019-07-19,627.62451171875,647.8154120335207,614.9930019915038,638.9879470105575,3836625
2019-07-22,623.1375732421875,631.0871492448875,619.0409191277728,631.0871492448875,2261563
2019-07-23,629.28271484375,638.6953396959867,625.2347592812885,626.7953838527854,2462809
2019-07-24,601.873779296875,633.0379879931713,593.6804111665219,630.0630139779715,3341555
2019-07-25,589.486083984375,609.0917633992262,586.6086863927432,602.800388217341,4049926
2019-07-26,586.7549438476562,595.4360733153428,574.513621377068,592.0709137111719,6739394
2019-07-29,570.173095703125,589.8762925790834,566.2227165641305,585.2431178957421,2606057
2019-07-30,559.5900268554688,578.6591883707443,554.9568517273423,574.8550839256243,3709631
2019-07-31,580.6099853515625,583.3898665497204,557.3465935404138,559.1023111147247,3530131
2019-08-01,562.6137084960938,578.3665263188976,546.8121323200012,560.7604743330637,15112906
2019-08-02,559.3948364257812,564.7595645867957,553.7862569847207,563.7841594666113,4635838
2019-08-05,527.6455078125,554.9568561540464,522.280778673982,554.2253021806122,6014276
2019-08-06,535.8388671875,539.3503619187464,519.9397730174519,524.7192827069205,4148711
2019-08-07,519.6959228515625,537.9360135496217,515.0139894001818,535.4975003422345,3675109
2019-08-08,519.74462890625,528.9134614569585,502.6750381722772,520.2811493850954,3881771
2019-08-09,520.3298950195312,536.4728385265751,516.1844230854623,521.1102072414959,4917555
2019-08-13,490.7263488769531,529.4011580635223,485.60547171466203,518.9155524454977,4193917
2019-08-14,514.233642578125,519.5983712744305,497.11526315061985,497.4566609301494,5344625
2019-08-16,535.5462036132812,539.6429172871065,509.2102636824148,513.9410145385491,8856958
2019-08-19,528.7183837890625,543.105610680519,519.1594246086594,539.3990827779965,4932998
2019-08-20,526.6212768554688,531.5958194254805,521.8417676929029,526.7187935591917,3581202
2019-08-21,522.7196655273438,529.4011672702605,514.5262381115845,526.7188029957452,2780039
2019-08-22,505.3086853027344,539.0577431705216,495.3595694663119,521.8418164406954,6205902
2019-08-23,533.7904663085938,536.8141984484985,501.40700354488024,505.2598657795369,4297069
2019-08-26,536.2777709960938,547.0072282749803,523.8901129582138,537.4482691515014,3787015
2019-08-27,542.3252563476562,559.0534782662264,539.2527063515091,540.1305947886954,6063055
2019-08-28,543.3007202148438,557.4440962347993,532.7175971445505,545.2515307003548,3747446
2019-08-29,544.6174926757812,548.8117828406537,536.6679756794539,544.2761246549248,2733962
2019-08-30,549.3482055664062,551.3477742650774,533.6929644401171,545.2514919313194,3216244
2019-09-03,539.7404174804688,556.419881313511,535.4974288794525,546.1781272092592,3021248
2019-09-04,547.2510986328125,549.1531507598309,534.0831278774701,541.3499088307391,2442694
2019-09-05,555.6395874023438,559.7850594382468,544.5687028331157,544.5687028331157,2437099
2019-09-06,553.9813842773438,559.6387224185203,549.2506334306127,559.6387224185203,2101090
2019-09-09,573.0018310546875,576.0743218987807,550.4211755051501,550.5187517514147,4813239
2019-09-11,563.4915771484375,575.976751385124,561.3456738732242,570.6120229640941,5104552
2019-09-12,553.3473510742188,571.4899232858046,551.2014477544817,567.4907262958384,2118984
2019-09-13,563.9304809570312,565.7349565738814,545.5928174960552,555.9809055984697,2636025
2019-09-16,550.22607421875,560.8580151898668,547.2998584873246,555.9809889708245,2148620
2019-09-17,549.4456787109375,557.444012405534,547.0071659707559,555.1030163613585,2829239
2019-09-18,543.3494873046875,551.1039710160521,529.4012040158625,551.1039710160521,3855762
2019-09-19,548.2264404296875,552.4694884580053,535.6925083451949,541.8375487464092,1832868
2019-09-20,548.2752075195312,570.6120091262819,541.3986131625028,550.8112966138291,5023091
2019-09-23,566.5640869140625,581.7316854095061,550.7137524054551,554.9568007481646,3697264
2019-09-24,565.1497802734375,570.2706574246528,558.1268511306837,566.5640701451389,2552214
2019-09-25,562.56494140625,564.6620863711726,557.9317667696142,561.1505919787912,1911916
2019-09-26,569.2463989257812,580.366041003997,561.8333438963064,562.6136560782505,3330782
2019-09-27,567.7345581054688,573.6845652665988,559.3948559437107,570.1243126401027,1561920
2019-09-30,589.095947265625,592.8512332477535,563.8329302807446,567.685792497451,3914781
2019-10-01,580.3173217773438,599.2401464846871,570.1243257741525,594.9483994276642,4548803
2019-10-03,579.7808837890625,583.7800213581964,558.1756344565212,575.4890770281302,1610688
2019-10-04,568.2222900390625,590.071390435942,566.0763866821176,584.1702008548501,3019366
2019-10-07,566.7591552734375,578.0738908291236,562.3210737103651,568.661207238756,1808468
2019-10-09,567.3932495117188,570.2218890346572,559.6387658171235,566.710453925488,1743937
2019-10-10,569.1001586914062,574.3185525404955,560.5653634486857,563.7841886048533,1789997
2019-10-11,575.3427124023438,578.6103554234571,566.7104005110873,569.8317089439394,1710191
2019-10-14,572.2214965820312,575.1477122443602,554.1276821094225,568.6612437125937,3373152
2019-10-15,568.7587890625,576.4645145082802,566.5153688485428,570.6120828889068,2213363
2019-10-16,574.269775390625,577.4398420912951,565.7349804272824,572.367723463422,1733497
2019-10-17,577.39111328125,579.0980723612488,566.0763773734245,570.6120353138817,2290127
2019-10-18,584.2677612304688,588.6570849792786,574.0260058165791,576.4645190103623,2426210
2019-10-22,582.3168334960938,589.047152370202,578.3664548239004,584.2676436585597,2264692
2019-10-23,582.3168334960938,586.120937126503,576.5619197032186,583.5848481948964,1544878
2019-10-24,582.9996948242188,591.5832486019968,580.4636056060971,585.243114857705,2250928
2019-10-25,579.9758911132812,587.1451548436293,575.3915344348085,586.6574522579189,2174674
2019-10-27,581.4390258789062,583.7312638586267,577.4398883039189,580.3661039541076,109875
2019-10-29,580.2686157226562,585.2431587584983,576.9522140094197,581.3415377001085,1791840
2019-10-30,569.782958984375,585.0480143115141,565.832520383204,585.0480143115141,2393149
2019-10-31,581.7804565429688,584.2677279521567,563.8817349996544,571.5874600667177,2419308
2019-11-01,574.0747680664062,586.0234827969675,571.587496498684,584.8042261918082,1393105
2019-11-04,579.634521484375,586.1697480212905,572.7579269520264,575.4890495175115,1912912
2019-11-05,590.754150390625,602.5565288416674,575.4890360446519,581.7804111421107,5995240
2019-11-06,591.6807861328125,599.8742138428062,588.9984217619707,595.9725929397636,2513814
2019-11-07,563.4915771484375,596.9479624855138,543.3981949783577,596.9479624855138,4504826
2019-11-08,542.1788940429688,560.3702227374278,538.960069161199,549.7382834706713,8050823
2019-11-11,535.3511352539062,547.2023325806201,527.9380793391456,541.3499012161216,3188430
2019-11-13,527.9868774414062,540.1306853437482,525.255754505839,537.4483207664202,2509847
2019-11-14,522.3782348632812,530.8155135262191,518.0376698837006,528.2306659726464,2412598
2019-11-15,517.25732421875,528.4257247709168,505.60122110565027,525.7433606857852,4164016
2019-11-18,535.4974365234375,537.8871910886768,514.5262254391863,517.1110729445688,5257399
2019-11-19,537.692138671875,543.056867493091,524.8655359493632,537.4482873618198,4602774
2019-11-20,539.252685546875,542.8129379743239,532.9613702811133,539.3015034290613,1835821
2019-11-21,531.4007568359375,546.0318352704843,528.6696341016242,539.5941845728879,2177445
2019-11-22,520.3787231445312,529.1573707702122,517.4525072693043,527.6942628325987,2553689
2019-11-25,531.108154296875,534.2782213335414,520.8663992553375,520.8663992553375,2853307
2019-11-26,528.3770141601562,538.3261592088895,525.3044639350737,530.2302483387379,4319616
2019-11-27,538.27734375,541.252377281111,530.8155295802878,530.8155295802878,3722294
2019-11-28,565.6375122070312,568.4661516312034,540.4232514909878,541.1548054076891,7529348
2019-11-29,559.1510009765625,568.4661082312549,557.346525266734,563.0526215677639,1835816
2019-12-02,556.2247924804688,568.6124499190578,552.1280789017377,568.6124499190578,2224559
2019-12-03,555.4932861328125,559.3461487511593,548.5679327180712,556.1760817100151,2108231
2019-12-04,556.2247924804688,560.6628740515914,548.6166441394004,554.9080193280938,2149586
2019-12-05,554.5665893554688,560.6628715784732,551.1039129596035,557.8829906983856,1408785
2019-12-06,547.8851318359375,556.8588718953978,544.4224551620945,556.8588718953978,2316037
2019-12-09,549.6895751953125,560.3702737825649,546.6170846103817,551.1039246077445,1815303
2019-12-10,544.0322875976562,558.6146082441899,539.9843319265339,551.3965854557346,2347290
2019-12-11,547.2510986328125,549.8847046906832,538.131083441791,543.300719313012,1706296
2019-12-12,555.9322509765625,566.710467408598,547.2998785322884,548.7142280944138,3672353
2019-12-13,551.1039428710938,563.8817272904305,549.6408350581617,559.3461287907465,1888212
2019-12-16,549.8359375,559.2973800937881,548.2752534188538,557.9317889645365,1875145
2019-12-17,550.22607421875,554.2252714387715,542.325315557506,550.1773158633619,1794161
2019-12-18,552.3232421875,557.7367296080979,545.5929219128017,551.5916882243378,1833572
2019-12-19,548.9093017578125,558.9072055215044,547.787561912184,551.6891828931368,1381005
2019-12-20,563.9304809570312,566.6128449752695,545.3489662216699,552.079285208305,2631973
2019-12-23,563.4428100585938,581.5365637275644,559.7362228525247,565.6862300021578,5469024
2019-12-24,555.15185546875,568.1247318357143,553.3473202516204,563.4427991023593,2277180
2019-12-26,555.4445190429688,562.8088166082504,552.3232104062769,558.6145860342631,2179063
2019-12-27,565.9788818359375,567.5395063824153,554.6642050389481,558.2731567444292,1748259
2019-12-30,574.85498046875,577.4398278360092,564.2231004401445,568.6124234557899,1557550
2019-12-31,570.1243896484375,577.1473196142116,568.6612817194851,575.6842116852592,1374096
2020-01-01,573.7821044921875,575.0013609828211,566.417807195562,570.6120376165401,720807
2020-01-02,580.8049926757812,582.5119516418501,569.831685036767,575.0013202843462,1388201
2020-01-03,576.2205810546875,579.5857406629503,572.8554214464245,576.9521349028314,1063950
2020-01-06,570.5632934570312,574.5136726781521,564.7596205104416,574.5136726781521,1218216
2020-01-07,580.4148559570312,589.1447444580374,568.709993484355,570.5632871894658,4247207
2020-01-08,586.0722045898438,588.1693496334843,570.2218697116612,571.343609532029,2090846
2020-01-09,589.68115234375,599.776631038254,583.5361120054454,587.1938811989604,2795225
2020-01-10,585.5357055664062,593.5340397841859,580.4148284770604,592.0709320443727,1921690
2020-01-13,577.39111328125,590.8516929767245,575.4890612567355,589.1447338967257,2174995
2020-01-14,569.1976928710938,580.2685776176821,564.9547040623276,578.6103768699543,2911749
2020-01-15,571.392333984375,575.0013450031554,559.687471999578,569.6366165934568,3419279
2020-01-16,573.6357421875,577.2447531322267,567.7833113151881,572.6603370421146,1705322
2020-01-17,574.7575073242188,582.6582655374737,571.4899237563436,575.4403028629711,1813763
2020-01-20,570.2218627929688,576.3181453644554,566.2714835934473,575.489074748337,2425877
2020-01-21,563.4915771484375,568.4661196888807,558.1268487274075,568.4661196888807,4789489
2020-01-22,549.1043701171875,568.5148979075499,539.7892623492239,568.5148979075499,7453773
2020-01-23,528.8646850585938,550.6649663813665,527.0113914571117,546.2268848487714,4533870
2020-01-24,529.9376220703125,550.6162237807489,527.6942020644555,527.6942020644555,8132638
2020-01-27,524.036376953125,536.570308363066,521.8417155326605,531.9859521341856,4285510
2020-01-28,523.7438354492188,534.5220510312776,520.0860659394244,525.0118503058123,4042406
2020-01-29,528.8159790039062,532.473748683817,523.8413765188205,530.5229381878646,2182366
2020-01-30,530.7667236328125,537.7895929195083,525.8408801146102,528.6208204467646,3514667
2020-01-31,513.599609375,535.4974685855271,512.0877431828811,533.9856023934084,4340034
2020-02-03,500.67547607421875,504.77218981137366,492.5796248400844,494.2865839360649,3012267
2020-02-04,509.7467346191406,513.0143777653968,502.33367889947044,504.235730949678,2253175
2020-02-05,524.2315063476562,528.9621974806317,508.7225407504285,512.1852171034935,3105094
2020-02-06,523.646240234375,531.7909091014692,520.4761734407531,523.84133317463,2052126
2020-02-07,529.7425537109375,541.7888439561606,525.0606205392681,525.7434161033473,5702296
2020-02-10,559.9801025390625,565.3448311489557,542.0326825463708,556.273574679029,15352223
2020-02-11,562.4674682617188,570.416985428248,555.8834827418631,560.2728064217669,5097454
2020-02-12,559.7850952148438,568.6612591512849,556.4199352050022,564.2231771830643,3277025
2020-02-13,564.5156860351562,568.5636409019677,549.0555394407096,557.9317017919816,2902199
2020-02-14,577.0985107421875,586.6087114479319,563.8817226469971,565.3448304478809,6213486
2020-02-17,580.3660888671875,585.0480218789783,576.6108026940032,578.4152784844407,2418399
2020-02-18,570.80712890625,577.4398722892574,559.882578875057,577.4398722892574,2972328
2020-02-19,570.80712890625,579.244348076558,567.0030248529033,575.3915452045372,2843587
2020-02-20,569.97802734375,581.5853734963166,566.4178339433826,571.587469800992,1802988
2020-02-24,559.1510009765625,576.220591063069,556.0784509473891,572.5140634082287,1975289
2020-02-25,552.4207153320312,563.4428418015547,548.2752432010717,559.1997934294611,2912488
2020-02-26,549.1531372070312,555.7858807762644,542.3253006875832,551.8842599080084,2885119
2020-02-27,537.3018798828125,547.7387264443315,535.3510696669773,547.7387264443315,1668088
2020-02-28,506.9180908203125,533.1564547973742,501.3582693121889,529.6450199154058,2974535
2020-03-02,501.6996154785156,528.2794058366574,497.06647077942046,514.0385144492003,1907596
2020-03-03,508.7225341796875,513.6971360683217,499.9438880004556,507.1131514338977,2499968
2020-03-04,499.0173034667969,520.4761879791021,485.84933334085696,512.0877271198844,4037644
2020-03-05,503.3578186035156,515.9893272744067,500.38284478595585,506.1377590171746,2794208
2020-03-06,500.9681091308594,504.13817617149317,479.2653722350646,486.7272163926937,3567046
2020-03-09,500.38287353515625,507.11319330858964,482.48418194945486,492.2382340651499,4467786
2020-03-11,504.2357482910156,510.5758823204138,485.3616510347138,486.28826814803796,5659070
2020-03-12,432.68975830078125,507.6008964952465,424.10617456894414,492.1406881537723,8132990
2020-03-13,400.7452392578125,427.22748493935075,367.8253131922803,417.4734327717856,9711669
2020-03-16,367.53265380859375,385.23628134495226,364.31382867489395,382.6514338473109,5282490
2020-03-17,342.2209167480469,370.60521372075567,334.6615265281281,360.899920176768,9227845
2020-03-18,313.9341735839844,354.9987389819948,306.8624857936419,351.1458764859718,5545759
2020-03-19,289.45147705078125,305.5944203089016,285.79370775359365,293.7920418569117,7227403
2020-03-20,292.7678527832031,312.763658560649,279.94128088424213,286.76911700337,7465285
2020-03-23,248.3381805419922,276.039683458646,234.24356288968661,263.50572014678687,3029255
2020-03-24,255.60491943359375,270.1872390051118,243.36359614359347,258.9700792630223,4168341
2020-03-25,285.5986328125,293.93836519575615,245.80211225841552,250.67913829528885,3838980
2020-03-26,304.8628845214844,322.66402948970136,283.0626020315455,290.6707507138995,5887818
2020-03-27,314.27557373046875,327.7361538570826,307.5452539001568,319.5427559640566,4833123
2020-03-30,300.8637390136719,309.3985343198321,286.47651264043037,309.3985343198321,3121310
2020-03-31,318.46978759765625,323.59066473360633,301.64404843667745,307.69157238974367,2779879
2020-04-01,298.2301025390625,320.4205680591399,295.54773857509707,320.4205680591399,2681565
2020-04-03,290.768310546875,299.9371139298665,287.74454832296135,298.6203108909196,3265474
2020-04-07,315.68988037109375,317.98208849616935,299.59569491039804,303.35101080462783,3624533
2020-04-08,312.3247375488281,329.19923455397924,308.6669682760061,312.1296446141433,4632236
2020-04-09,311.1542663574219,324.22469040147996,305.05798370935327,321.88372381802264,4690937
2020-04-13,316.9579162597656,325.9804139217595,308.71573081308895,313.1050540000049,4850246
2020-04-15,341.92828369140625,372.3609380819168,321.7861721035064,321.8349602240997,22250797
2020-04-16,354.2671813964844,359.9245196632513,347.24425203283863,347.24425203283863,10132539
2020-04-17,354.36468505859375,369.67855807840556,349.43890087490445,367.2888035138414,5328193
2020-04-20,346.0249938964844,360.7048302155941,344.1229418540994,360.7048302155941,4741085
2020-04-21,337.4414367675781,344.22048496542567,334.61273790816983,340.12380103515187,2817261
2020-04-22,344.9520568847656,350.1704808678124,327.9312533211714,336.5148075192069,4105520
2020-04-23,340.3188781738281,357.3884696677419,337.1975993037156,351.0483356842882,5687657
2020-04-24,327.5898132324219,339.05082331289975,325.98040074898915,336.5147640650958,2736041
2020-04-27,340.7577819824219,346.9516103997818,332.1254407839755,334.9541096566354,4557197
2020-04-28,351.633544921875,360.8511351907055,348.26838535909513,353.04789424930465,7805452
2020-04-29,351.73114013671875,355.4376681908054,345.6348573063091,354.99875368721956,2823791
2020-04-30,409.71893310546875,418.79021912092423,355.09624313835263,358.2175516147036,18223977
2020-05-04,375.921142578125,409.18246447580435,371.9707635883184,385.13873324367796,10395293
2020-05-05,377.53057861328125,397.96532988552894,375.53100981845256,385.28506202152926,11636689
2020-05-06,369.6785583496094,383.28547233814436,363.8261273467132,383.28547233814436,7610739
2020-05-07,359.3392639160156,374.4580442715421,357.29090707573704,368.70315963800056,4313383
2020-05-08,355.63275146484375,366.5572721392763,354.0720971493519,364.26509367105956,3281665
2020-05-11,359.0466613769531,369.28841601413677,357.4860070978861,357.97370969965675,3903903
2020-05-12,365.3379821777344,373.0437065740832,354.9499234214825,359.4367930053432,9371378
2020-05-13,380.0666198730469,388.9915712565177,371.2392149603196,388.4063519660634,7474549
2020-05-14,382.2125244140625,386.26044994365714,366.8498928822125,376.99410076571587,7302564
2020-05-15,369.5810241699219,384.0170389840046,368.16670449072404,384.0170389840046,3690162
2020-05-18,366.5572509765625,375.23838080310287,356.41304316203616,372.0195258819239,5496838
2020-05-19,331.29638671875,371.2880019095588,329.9308253241723,371.2880019095588,18772182
2020-05-20,347.78070068359375,349.7802991378508,327.73613639145356,330.71111024653885,16718256
2020-05-21,357.77862548828125,360.89993412263044,347.58565872258845,350.8044840660693,10088405
2020-05-22,362.0216369628906,364.7040012846468,353.7794808162426,357.72986000148165,8545206
2020-05-26,358.0224609375,376.94534532372114,356.65689963308296,367.67899607424323,14906268
2020-05-27,378.2621154785156,380.4080187732689,358.02245806942506,361.38761783460546,15176090
2020-05-28,381.4809875488281,389.0891363590917,378.652318363833,384.5047496846526,9297617
2020-05-29,395.8681945800781,409.42632050276666,378.8473624403445,382.89528794635174,22299690
2020-06-01,408.98736572265625,412.5963766688778,400.6476636329587,400.89151491940606,7782162
2020-06-02,414.2546081542969,418.40008033242697,404.50055597046133,409.76773819633155,6847511
2020-06-03,408.7923278808594,423.13076655211364,406.7439709943932,418.40007511554273,7203375
2020-06-04,411.66973876953125,422.30167890198726,407.71935975052014,409.5726236141673,5729522
2020-06-05,428.5930480957031,434.98197015258717,413.13286939155495,414.79107017383143,12315930
2020-06-08,426.0569763183594,438.6397271193816,422.83815108884454,437.9569315776037,4520947
2020-06-09,420.0094909667969,434.05532009048113,417.6197362864631,433.0311565229123,4047481
2020-06-10,414.5472106933594,424.8377236637692,410.64558988683365,421.47259357834344,4333713
2020-06-11,407.18292236328125,423.5697182075125,405.23211191672965,420.1070415716855,3873603
2020-06-12,401.5255432128906,404.9882495209016,390.21083697932704,392.112889019432,4994437
2020-06-15,395.0390930175781,400.891524025246,388.26001519356157,395.67310042334145,4693720
2020-06-16,404.06158447265625,418.83896658144215,399.9161125740231,405.7685434897405,10359268
2020-06-17,410.45050048828125,413.5718090672891,398.9407309163237,409.4750952782169,6081250
2020-06-18,417.3758544921875,421.27747506190553,412.01112620882515,412.4500704297195,5639475
2020-06-19,426.1545104980469,428.7393282310649,416.98570790339625,417.4246521343064,6059311
2020-06-22,435.2257995605469,437.3716730782879,421.47258068487406,426.20330172146765,4989998
2020-06-23,451.71014404296875,457.5625751130128,441.614694493742,441.85854578832715,7872909
2020-06-24,434.0065612792969,458.44044994959575,430.15369878249305,455.36792948312177,3907871
2020-06-25,432.0069580078125,443.51675725149295,426.6910175171716,427.3737832983617,3982270
2020-06-26,429.422119140625,439.7614197286437,427.8614649404896,438.93231939416523,2128146
2020-06-29,421.2774963378906,429.4221356419103,418.5951320607407,429.1782843439876,2317342
2020-06-30,414.7423095703125,435.4696704013322,411.62100097366283,424.301268776169,5184094
2020-07-01,435.9573669433594,437.95693570066976,418.44883166055087,420.30209559096124,8180122
2020-07-02,431.56805419921875,442.59012134746087,429.51969727098646,440.2491547581977,3806615
2020-07-03,433.2749938964844,441.8097892418462,431.51924670809336,434.2503990788115,3812085
2020-07-06,445.3700256347656,449.07655353258303,435.3233340936209,436.0061296486422,4256802
2020-07-07,439.8590087890625,446.63805740703106,437.0790978769864,446.63805740703106,3664371
2020-07-08,433.0799255371094,452.5880302910332,430.3975611334448,448.5401045079951,8686804
2020-07-09,431.6655578613281,436.8839816166937,426.3983757529328,436.0061228931285,5160583
2020-07-10,425.7643737792969,440.88315452060067,422.83815815194777,433.0799128476697,5805444
2020-07-13,428.3979797363281,434.006559688559,424.7889685559169,429.1782919967932,2480373
2020-07-14,426.7397766113281,433.56761303710937,418.5463788537915,429.12953126715337,4214233
2020-07-15,426.7885437011719,431.9582092467189,419.86319042686233,430.8852575473031,4334472
2020-07-16,422.7893981933594,430.88524949149104,413.1328628461603,429.7147513381928,4189313
2020-07-17,425.71563720703125,431.47052228186084,422.35047715660227,424.30128767464663,3644124
2020-07-20,442.4925537109375,444.78476183608126,428.4954834322127,429.1782789646398,9435204
2020-07-21,447.125732421875,451.41750929755625,439.27373256183336,446.0527807612037,6154181
2020-07-22,448.93023681640625,453.07570885653604,436.68891364000115,448.686385519928,4431710
2020-07-23,451.3687438964844,466.24367278772456,447.7109744969991,449.6617848433912,9426775
2020-07-24,442.98028564453125,449.66181751986534,433.17747484835166,449.66181751986534,4058564
2020-07-27,434.83563232421875,445.7601826235452,429.42214529543935,444.5896844604014,2974232
2020-07-28,437.90814208984375,440.8343574602617,430.6413620131717,435.42084116478725,4626424
2020-07-29,450.3933410644531,452.6855491867796,438.0056833936699,438.44462763069123,7119586
2020-07-30,453.1732482910156,459.9035380158963,450.10072795650524,453.5146460541842,6219364
2020-07-31,466.3899841308594,474.04692080090024,448.9302372399472,456.3433226132798,11062522
2020-08-03,441.0294494628906,472.97396934541536,434.25040127168705,472.09611063028876,14443397
2020-08-04,450.3446044921875,452.92942238620094,442.83397234950183,444.6384779699658,6194269
2020-08-05,442.4438171386719,456.19703679955154,441.17577248274375,450.6372150961092,4735993
2020-08-06,452.490478515625,455.0265380573413,440.49300613924316,441.3708648894897,4177541
2020-08-07,468.48712158203125,472.9739916079883,454.0511360380012,454.0511360380012,10013531
2020-08-10,482.1427917480469,484.28869515402084,466.68264271534446,471.9498249871835,7603877
2020-08-11,470.0477600097656,484.4349867123112,468.19449608283855,484.2886818856862,4360559
2020-08-12,475.1686096191406,476.9731150876991,459.4645808581492,469.4137252269023,4332473
2020-08-13,477.11944580078125,487.6050516606555,475.3149402342858,475.3149402342858,4549072
2020-08-14,473.7055358886719,484.6788445383647,469.0236027716049,482.43542445456274,2431513
2020-08-17,480.24078369140625,482.5329919961517,475.75391356090574,477.46087275871525,2230102
2020-08-18,487.84893798828125,496.4325221919557,479.753086184765,480.0944839813725,8890454
2020-08-19,492.7880859375,500.43547823363855,485.97944591590283,493.28146608563793,5405921
2020-08-20,485.38739013671875,492.1467042783362,480.7989607210412,488.29834509465616,3081595
2020-08-21,486.8675231933594,497.3765143051298,484.49930450970515,489.9264861284493,3426420
2020-08-24,490.8145446777344,498.0672385726731,489.4330863438254,489.4330863438254,4042101
2020-08-25,485.5847473144531,493.9228537411816,483.709908776188,492.442713298309,3431181
2020-08-26,487.0155334472656,490.02517042684957,481.88439796141625,486.423501358789,2839616
2020-08-27,490.17315673828125,493.3801275674698,485.9794256539578,486.5221317488687,2426413
2020-08-28,512.3753051757812,514.2007877090745,491.7026640626104,493.3801686815419,9809902
2020-08-31,499.2513732910156,527.8180953039362,494.36689788328226,517.0623842132534,10825186
2020-09-01,498.36328125,503.24775681746576,484.7460010521178,498.31395528003964,3980634
2020-09-02,494.2189025878906,499.3007121133732,486.1768121605501,498.3139518127539,4153159
2020-09-03,514.9408569335938,519.7760066678441,497.5738991215194,499.1033655959631,8589174
2020-09-04,501.7182922363281,510.99380302465033,497.86990293211727,507.93487015099436,3768829
2020-09-07,487.9036560058594,503.6918212467677,484.30195671944887,502.7543868901746,5255102
2020-09-08,480.5522766113281,496.735139862596,478.57875596816046,491.0612680134889,4844522
2020-09-09,488.0022888183594,491.80132195323995,460.86638087426115,475.6184592383755,6078535
2020-09-10,484.4992980957031,491.30793801364877,478.5787364081793,491.30793801364877,4004621
2020-09-11,492.3934020996094,494.3669227493072,481.63772058146327,486.0781420432834,3410700
2020-09-14,509.06964111328125,512.9179699826385,495.35364943840324,501.2248850179968,5861874
2020-09-15,522.6868896484375,525.2031161114027,509.21758883629593,511.38847332030895,6222387
2020-09-16,521.5028076171875,526.1899189439266,515.0395398330976,523.0322740047098,3961765
2020-09-17,523.525634765625,529.890250377019,513.4113422770506,517.9998014968398,4036494
2020-09-18,530.186279296875,532.8505440626014,522.0455070959185,523.8710497257066,3868205
2020-09-21,525.1538696289062,539.2645305700456,514.9408638835139,529.8903072573,4907451
2020-09-22,522.1442260742188,530.7783785212653,505.56660519423514,525.1538328817757,4623271
2020-09-23,525.3511962890625,527.8180969849595,512.9673066140051,522.9829475301742,3647937
2020-09-24,498.4619445800781,518.4931961377292,495.55101985045854,518.4931961377292,4119459
2020-09-25,497.9685974121094,506.99744846148894,494.12023812540247,502.2116849239436,4857500
2020-09-28,503.0503845214844,510.8951408837024,499.3007074594948,499.6954055533567,3786837
2020-09-29,486.5715026855469,507.68816676745325,484.10460197239115,507.68816676745325,5023517
2020-09-30,496.24176025390625,499.3007232769265,485.0420245687622,487.4595994047464,4501371
2020-10-01,498.9553527832031,505.9120311491225,496.6364599945633,501.2742455718429,2462815
2020-10-05,500.38616943359375,503.39577639508786,495.4523677829244,502.75438820320795,2533219
2020-10-06,502.8037109375,512.1286080426502,501.520934561998,504.6785796435132,3662177
2020-10-07,504.08648681640625,517.9504865917818,500.68215186067033,504.67854899742986,4997502
2020-10-08,502.6556701660156,512.9672968096588,499.7940714361756,507.1454474148555,2814293
2020-10-09,490.71588134765625,506.40539408708577,489.33442296105227,503.64244720034344,3712048
2020-10-12,500.38616943359375,501.5702637616331,486.62085078281206,493.2814830112157,3332184
2020-10-13,499.7940979003906,508.7242666762966,497.4258791749023,501.07687426024916,3992135
2020-10-14,504.13580322265625,506.2080057601705,488.7423373756638,494.71225492692,3424208
2020-10-15,499.8434143066406,513.1153522911228,496.2417452603809,503.2477493624474,4927083
2020-10-16,460.7677307128906,483.51254341377813,452.18290412115067,483.51254341377813,22982744
2020-10-19,457.3140869140625,468.5137925670235,441.57524760755234,468.5137925670235,13195978
2020-10-20,449.91339111328125,461.5078251609782,447.93987042431155,457.8567998409699,7254934
2020-10-21,448.1865539550781,457.3634129791485,440.8351774507758,453.81106976825384,6312534
2020-10-22,448.4825439453125,452.1335689997417,444.23948681808605,446.8050394362972,4495403
2020-10-23,444.97955322265625,452.42958117255984,444.0421189261765,452.42958117255984,3682002
2020-10-26,427.66192626953125,448.9266297112054,425.787087642134,448.9266297112054,6279910
2020-10-27,432.74371337890625,435.5559862297041,423.6655367738909,429.24072639283816,4881972
2020-10-28,444.7821960449219,448.48254709354853,431.70762233977445,434.51989515943745,7235494
2020-10-29,444.288818359375,449.5679919072848,438.3682566488669,441.47654552417686,4598075
2020-10-30,447.2491149902344,451.44284634976776,440.53915686039505,445.9169825356756,3684166
2020-11-02,439.45367431640625,458.8435068071638,425.9350471242016,458.8435068071638,10356782
2020-11-03,411.5283508300781,443.54873303568723,408.5187441085084,438.5162497304845,16512536
2020-11-04,396.0362548828125,410.19627129830013,393.71736214073036,410.19627129830013,19363947
2020-11-05,412.8605041503906,414.0446285576776,399.7859301547082,402.54887706719956,11470585
2020-11-06,416.8075256347656,422.33338908474934,412.2684224396528,415.8701214607581,7614066
2020-11-09,421.0999755859375,425.29370703582674,418.5343926762393,420.95196755747213,4271081
2020-11-10,427.0698547363281,432.69440060950546,420.9026027322018,424.40561993866663,6424909
2020-11-11,429.93145751953125,437.08546940772806,423.32015172916357,423.32015172916357,7504886
2020-11-12,423.9122314453125,432.00364784754873,419.4718100896288,431.0168875462857,5511536
2020-11-13,419.718505859375,425.3923776686164,417.3996130972389,423.32017498514296,4644051
2020-11-14,423.5668640136719,425.44170258415295,422.33341362341656,425.44170258415295,643619
2020-11-17,423.9615478515625,428.7473412274409,422.580089483663,425.6883783398203,5929010
2020-11-18,420.6558837890625,424.3069087704072,418.43567321991503,424.3069087704072,4415523
2020-11-19,410.9856872558594,420.2612285565737,409.55487269778945,420.2612285565737,6331928
2020-11-20,414.83404541015625,416.8075661115495,401.1674085303007,410.9856860651466,12763134
2020-11-23,420.803955078125,423.81356204138655,415.77147136877977,417.39961989174975,5172468
2020-11-24,421.79071044921875,425.78707769620246,420.8039501301082,422.3334165793155,4538696
2020-11-25,413.0578918457031,424.4549619342007,412.07113148778865,423.1228294283089,4753592
2020-11-26,414.9820251464844,416.70885564246777,408.666765355309,413.0578606619376,3896795
2020-11-27,412.1697998046875,419.8665182943999,410.7883112588366,415.62346094224426,7024437
2020-12-01,427.3165588378906,428.4513573347138,412.46582757007627,414.43934827615317,14928450
2020-12-02,436.0987243652344,441.08185180893724,431.65830303829875,436.88812055572026,14187495
2020-12-03,448.729248046875,452.82429728396914,431.70763281035255,440.83516561834284,13251977
2020-12-04,449.66668701171875,456.87002525652645,446.509041962372,452.87365803133804,7719922
2020-12-07,469.6485595703125,471.86877016371733,447.5451055718111,448.9759199996409,11443788
2020-12-08,466.5402526855469,482.0324012713076,463.2346298075741,474.8783891746505,15624166
2020-12-09,486.0781555175781,488.4463743401565,468.8098493540372,468.8098493540372,13836059
2020-12-10,432.64508056640625,472.6582000719698,410.5909810747878,471.67143973779037,87279054
2020-12-11,429.24072265625,450.8014408399662,423.51752506624695,449.9626885775862,50283569
2020-12-14,436.2960510253906,438.02288151240674,426.0830761223315,427.2672005016989,14595495
2020-12-15,442.8580017089844,443.8447619891858,431.2142424480212,437.3814941992801,9187569
2020-12-16,453.5643615722656,455.38987413266574,445.52227122621576,447.84116393193835,11503251
2020-12-17,449.3706359863281,460.2249993198797,447.1997813877386,455.3405538879023,7362825
2020-12-18,454.20574951171875,455.88325405039143,447.98917172917254,449.9626923094773,5402464
2020-12-21,431.5102844238281,454.6498264308334,411.4790615771189,453.9097561761983,7376210
2020-12-22,438.7629699707031,439.89773831523416,419.91584184865025,431.5102756008656,7910320
2020-12-23,445.96630859375,446.70637878384014,432.4970070432824,438.61493266010774,3488991
2020-12-24,443.4500732421875,450.55475945472915,442.06861484350844,448.8772548976324,4384445
2020-12-28,447.3970947265625,451.442817805008,445.0782020987372,446.0649623562345,3146922
2020-12-29,448.679931640625,452.922988990987,439.5030425537322,448.4825675302911,3781566
2020-12-30,460.9157409667969,466.145558497927,455.14318720394243,457.8567780219605,21753642
2020-12-31,460.1756591796875,462.29718774320895,455.09384979817327,461.507791570491,5429481
2021-01-01,463.0865783691406,470.2899463414291,460.6690337981904,463.6786405483543,7090451
2021-01-04,466.8856201171875,468.7111326565567,460.47167830188727,467.13231018700674,3615832
2021-01-05,465.01080322265625,466.24425362908244,460.17568365217284,462.7905924910892,3226777
2021-01-06,466.1455383300781,475.5197607503818,460.9650469925419,465.70151428355206,5947103
2021-01-07,476.1118469238281,480.0588881418495,468.168438517974,469.6979049445434,7025121
2021-01-08,496.9818115234375,499.3007042159218,478.38137412826006,478.57873823067604,16114942
2021-01-11,490.8639221191406,502.16230945929044,486.768842793001,499.30071061876725,5666689
2021-01-12,494.86029052734375,498.8073317279606,484.696671481169,488.19965850130274,5008167
2021-01-13,485.1900634765625,499.1033599575854,477.9866950414546,495.3536827708694,4694033
2021-01-14,502.6556701660156,508.18153364191596,486.4728079329409,487.5582502410963,15231242
2021-01-15,515.631591796875,520.9107956310527,504.62922028089383,505.171956523569,19836600
2021-01-18,553.8685302734375,560.4798361608897,517.0623840639194,517.9998183705175,37175310
2021-01-19,556.5327758789062,563.3414456320808,546.31983147621,553.5724951561461,15094630
2021-01-20,568.71923828125,574.1464195826231,549.1320716753021,555.5460132132886,10900743
2021-01-21,576.8107299804688,586.135627000897,568.7192833535609,568.7192833535609,11759051
2021-01-22,559.4437866210938,584.6555012542377,556.5328315736541,577.6495269334122,10118222
2021-01-25,580.3630981445312,585.1488615384616,559.4930935789337,564.1308790631854,13563025
2021-01-27,566.6470947265625,593.190970533793,561.466603220573,580.3630868046762,15463821
2021-01-28,557.963623046875,563.1441146159927,549.8228505811184,561.4666100624837,8146430
2021-01-29,553.2271728515625,568.3739189979195,549.6254737531965,562.3053192094585,9298672
2021-02-01,527.0286865234375,541.6327880978897,503.247785832758,541.6327880978897,20250736
2021-02-02,558.8023071289062,560.9731916839139,533.8372853139797,533.8372853139797,13416792
2021-02-03,550.85888671875,572.2715953011925,547.651916039241,554.6578894328815,7268499
2021-02-04,540.7939453125,561.022530525231,537.0935943589517,551.3029661114039,6751111
2021-02-05,529.3969116210938,546.5171790803606,527.9167711412584,546.5171790803606,6377789
2021-02-08,531.173095703125,538.771162605801,521.1575140729792,530.8770796372179,8511429
2021-02-09,531.4690551757812,548.6387078949759,528.4594484099002,532.3571635060064,9171011
2021-02-10,527.32470703125,539.215156118756,525.4005124788497,535.8108211763658,4446858
2021-02-11,536.3535766601562,538.3764233339882,523.1803500671117,523.1803500671117,5684777
2021-02-12,528.7061767578125,540.0539206384342,524.4631193522117,538.5737801322662,3043562
2021-02-15,530.3343505859375,536.7482927210448,527.4727215425229,532.8505773781424,2569470
2021-02-16,531.814453125,538.4257588993923,529.9889105113555,535.4654781252226,2976504
2021-02-17,531.8638305664062,535.4161437483771,518.3452016772817,518.3452016772817,2934589
2021-02-18,533.8866577148438,549.2307686058904,524.9564888872694,529.2488721773806,6399026
2021-02-19,545.4810791015625,557.5195667475427,532.3571792217687,535.7615142853754,16693854
2021-02-22,532.6038818359375,553.5232126306278,529.4462367717648,548.6387370093214,7702962
2021-02-23,558.9010009765625,562.4533136032314,507.2440684067648,522.9829056310748,20867768
2021-02-24,546.6158447265625,559.4930537597468,538.7710888056821,539.7578490415899,7229614
2021-02-25,585.1488647460938,589.0959059922732,551.599014153569,553.3751706689358,16764202
2021-02-26,554.115234375,581.5965448640302,548.0960206363119,577.2547754535519,11511171
2021-03-01,582.7806396484375,584.8528725233406,562.4534004933658,562.4534004933658,8570035
2021-03-02,581.6458740234375,600.7396618407864,572.4690152292626,595.016464115274,10602015
2021-03-03,605.47607421875,608.6830450784405,581.399159900698,587.9117535557043,8740632
2021-03-04,607.3016357421875,623.0898004658018,591.168068779003,594.0296977259856,14124256
2021-03-05,583.7180786132812,607.7457295032046,578.2415706635039,607.3016752960177,7517590
2021-03-08,621.6096801757812,627.7769322208876,592.0561963302171,593.042956657434,14163149
2021-03-09,616.6265258789062,629.2570454751751,603.157223904566,625.6060203770876,10566829
2021-03-10,613.0741577148438,622.2510163901292,604.3906791858325,622.2510163901292,5583509
2021-03-12,612.08740234375,624.5699442356786,605.969476435346,618.3039801913745,4994965
2021-03-15,613.1234741210938,617.1692273936808,596.4472615733697,615.0476687069647,5438310
2021-03-16,612.0380249023438,631.0824850546178,608.3870000521931,616.7744619009153,8396917
2021-03-17,601.1343994140625,618.5506829381234,596.9899940217208,615.393098093549,4503677
2021-03-18,593.3389282226562,614.5542736671324,586.1849163867282,609.4724944992302,6154177
2021-03-19,617.1692504882812,620.5735856172797,578.4389081605451,590.0826678213041,8322870
2021-03-22,619.8335571289062,628.4677104586574,609.472573133205,616.6759118657538,6196079
2021-03-23,624.964599609375,635.4242947196777,612.7781342351394,614.2582746559973,5999369
2021-03-24,600.7889404296875,627.9742328792872,598.9634580996167,616.7251421948278,4832842
2021-03-25,587.7637939453125,610.0645525267109,583.6687146292753,604.8840609767469,10648953
2021-03-26,577.6494750976562,597.9767121799434,573.307705901893,597.9767121799434,7778619
2021-03-30,619.6361083984375,626.2474140907418,583.1753052705428,589.0958667453707,14663780
2021-03-31,633.35205078125,645.3412120687672,611.8900150587796,614.7516439126023,15862803
2021-04-01,644.9464721679688,648.2028291587616,626.5927556981867,632.4639912025042,7348750
2021-04-05,637.69384765625,655.9489133144947,623.2377850847041,641.3941988031914,9077724
2021-04-06,652.5939331054688,659.9946357273366,636.460425480626,639.4207065293731,7227685
2021-04-07,645.7852783203125,665.0271038109696,643.7624317885031,651.2617858376243,4948757
2021-04-08,642.9729614257812,655.8008448077885,641.3941691003608,648.3014909214417,3926359
2021-04-09,626.494140625,647.3147589327722,622.3497353059312,647.3147589327722,4995747
2021-04-12,581.7445068359375,619.3401093692256,573.8010986845994,616.7251705552444,5954644
2021-04-13,596.5952758789062,610.311268659082,581.2018387068704,586.1356403936859,10046450
2021-04-15,599.308837890625,615.639768867691,589.4906211892379,602.9105370390506,7395673
2021-04-16,603.6505737304688,610.607221341451,594.0296614397093,601.9237433193068,3577455
2021-04-19,589.5399780273438,595.0164858768155,579.2283204140808,587.2210550887617,3198847
2021-04-20,583.9154052734375,604.884061567583,577.8468053610103,597.9767394942174,3403144
2021-04-22,583.767333984375,590.9707319191527,574.195807836532,581.2017814508004,3182229
2021-04-23,577.6494750976562,589.1451958869881,573.6037219318163,584.260720598521,3356598
2021-04-26,582.8299560546875,589.9839677481405,578.1428449451838,579.3269090438274,3162291
2021-04-27,589.5399780273438,597.1873706733559,581.5965693243196,583.2740137230779,4496811
2021-04-28,599.9995727539062,605.5747923946324,593.2402889656521,594.9671194457093,4983043
2021-04-29,607.6470336914062,612.7781997443421,601.7264713750358,605.2788449011027,6257014
2021-04-30,598.8648681640625,612.7781647215,596.0525650882769,602.7131973135105,3072295
2021-05-03,609.6204833984375,611.5446779723643,588.2571596668253,597.4833441101517,3609311
2021-05-04,603.1572265625,637.1018045899327,599.9995815927509,612.7781393788343,13505599
2021-05-05,632.2173461914062,634.4868828716607,608.4857726488523,613.4689001967538,11454883
2021-05-06,624.6192626953125,632.513345004258,618.3533589534144,632.2173289630862,5545420
2021-05-07,621.0669555664062,633.3520730931574,616.9718762394432,626.5927891436169,3675295
2021-05-10,665.66845703125,671.342328609151,627.1354803606583,627.283518492648,16727737
2021-05-11,675.2893676757812,679.3351209249655,659.0572093920874,664.089662685654,14135052
2021-05-12,682.4927978515625,693.2484491786212,671.5890481589455,682.7888139014686,10562440
2021-05-14,733.4588623046875,754.2795391630937,695.7152837443601,700.59975889758,57232233
2021-05-17,760.5455322265625,774.6068670747344,742.0931018189857,746.9775775485018,28018670
2021-05-18,759.21337890625,767.699493171821,749.0990860977523,766.2193527608214,10306166
2021-05-19,771.7946166992188,794.6380822172423,755.4143590743879,762.765735583054,17761845
2021-05-20,757.3385620117188,786.8427203099095,752.8981404754937,775.9883565546927,8495432
2021-05-21,769.5250244140625,775.5936245750393,753.144826917174,764.7392608723352,8097156
2021-05-24,778.899169921875,783.4383031537732,763.4564083304917,771.5971802955323,5586202
2021-05-25,786.1026611328125,795.3288463639474,779.0473005016581,784.4744824557546,7350432
2021-05-26,801.8414306640625,804.9497498354694,781.0208115167319,784.4744727173744,7822821
2021-05-27,808.896728515625,814.5706000483665,798.8810877191762,805.2457034839258,10004617
2021-05-28,800.9533081054688,813.534501310798,798.28904338128,807.6139398024078,4829944
2021-05-31,804.3082885742188,810.9689205340876,797.5490046761423,800.9533397232667,3857904
2021-06-01,804.9990234375,815.4587185295128,797.6476473146805,807.1699080963757,4414474
2021-06-02,826.5103759765625,829.7173468459739,799.7691968178356,804.2096180216361,7228801
2021-06-03,829.1253051757812,833.812416392187,817.0374920387347,831.7895699126251,6863737
2021-06-04,825.1782836914062,834.1577781435886,821.083204440855,823.9448333420917,4116012
2021-06-07,839.2396240234375,850.8340573947196,823.155443392094,829.86540129772,4774564
2021-06-08,842.2492065429688,853.2516075153611,829.0759811836696,839.1409478651341,4214138
2021-06-09,834.3551635742188,851.5248169664262,827.5465536081891,843.6800604988302,5068262
2021-06-10,827.5958862304688,842.4959428600347,825.9183816536197,837.7595054049261,4012050
2021-06-11,824.0928955078125,833.5164444059802,819.0110558296083,831.7896138665805,2633076
2021-06-14,823.5501098632812,827.1024830259238,804.4069964683579,827.1024830259238,2361786
2021-06-15,830.65478515625,834.4538483407517,819.4057541885477,823.1554311777818,3093053
2021-06-16,827.1024780273438,843.235984500588,825.0796315005038,832.7270236639015,4555364
2021-06-17,823.994140625,836.7726979995335,817.6789111159604,823.7967765281718,3684099
2021-06-18,797.3023071289062,828.1385659132853,780.3793442172118,827.8918758430103,8145772
2021-06-21,761.9762573242188,789.4081795170224,758.1278683582475,789.4081795170224,10319132
2021-06-22,791.8751220703125,795.822163177205,766.3180068123563,768.6862555673189,8773658
2021-06-23,793.3552856445312,800.2132818133649,782.599574223448,798.2890871721714,5498823
2021-06-24,802.68017578125,804.6536963755972,786.0532286376341,798.2890804134139,3569898
2021-06-25,794.4901123046875,803.2229172279465,791.2337549991331,798.2891155250721,2566357
2021-06-28,798.3877563476562,801.8414174915628,790.6910378437932,794.3420630984799,2499662
2021-06-29,794.7367553710938,807.1205848672339,788.7174815134604,799.2758285783659,2509072
2021-06-30,782.3528442382812,800.2625669608456,780.1326336640989,799.2758067056534,2180444
2021-07-01,781.0208129882812,787.9774613744113,776.0376852919511,785.4612345403309,1933865
2021-07-02,788.7667846679688,795.9207965069645,778.5538401334702,781.0207407676068,2511086
2021-07-05,796.9075927734375,799.9665858342445,787.4840439705926,790.8883790449585,1812638
2021-07-06,792.66455078125,805.1964188554188,790.789742314765,797.3023363176205,3097194
2021-07-07,806.0845336914062,810.6236070961866,791.3817807561067,794.2434097898187,4641521
2021-07-08,803.321533203125,813.8305544505433,796.6609012024688,802.6308491773046,2536653
2021-07-09,803.7655639648438,812.1037002718576,797.4009481931199,801.2493373277624,2662681
2021-07-12,810.5742797851562,820.6885731010395,805.1470980059017,809.143465270666,4414998
2021-07-13,820.9352416992188,822.7607241590969,812.2023769285208,817.9256348367124,2610471
2021-07-14,818.3321533203125,825.9689461860798,816.5851801354262,821.9758646206254,2456567
2021-07-15,834.8035888671875,837.8483012804269,817.8329927407394,820.3286686416877,3435337
2021-07-16,836.1013793945312,850.9257317125029,829.363054048978,841.5419653779701,3907867
2021-07-19,831.8087768554688,847.5315350138529,820.877704235627,833.4559473200868,4744590
2021-07-20,812.8416748046875,836.0514616505076,802.3598355839946,834.0050195123855,3280049
2021-07-22,826.56787109375,828.0652766573256,814.5886265851449,816.5352660037108,2978752
2021-07-23,818.2822265625,826.1685258514902,814.588614043298,826.0687231872905,2212963
2021-07-26,818.5317993164062,825.320025623674,805.2548156259465,817.583430282176,2449095
2021-07-27,811.34423828125,824.2219503477367,804.7556782511703,818.581698419717,1721268
2021-07-28,813.2410278320312,817.2341095405451,795.5716290859393,817.2341095405451,3172824
2021-07-29,818.2822265625,821.5266052336283,808.5989918812148,821.5266052336283,1839368
2021-07-30,807.1514892578125,833.0566173456097,784.7902696998771,819.8295350450353,7703034
2021-08-02,789.6817626953125,809.2478984726748,783.6921404852279,807.1514941413925,6205784
2021-08-03,789.1826171875,793.6249324544518,779.2498149664608,793.6249324544518,3265559
2021-08-04,783.6422729492188,797.4682937752764,778.9503898297193,791.328967302919,2722366
2021-08-05,775.9056396484375,788.6335867767972,770.6647202426424,788.6335867767972,2264430
2021-08-06,775.95556640625,790.3306844764355,774.2584945476102,778.5511059928724,1788211
2021-08-09,776.754150390625,783.0433024642061,768.8678510267438,779.4494925750757,1517468
2021-08-10,769.7662963867188,785.6388204344222,761.1811951477089,779.0002977704779,2331179
2021-08-11,772.4616088867188,780.5476355332396,755.6906786663037,770.6647343862437,3147475
2021-08-12,775.7559204101562,784.2911812602325,770.7146669659766,771.6630360526063,2248810
2021-08-13,777.75244140625,782.9434596530665,769.2671430374736,776.6543683421265,2549137
2021-08-16,771.4633178710938,783.1430932061662,768.668173064051,778.6508766103374,1711689
2021-08-17,759.4342041015625,776.2051345760536,744.5100494886733,774.3583587144516,2895739
2021-08-18,760.8817138671875,764.97459815042,752.1967491692949,763.2276249439883,1846331
2021-08-20,726.9904174804688,756.4892955610085,720.8510301597762,749.7010690392475,4257864
2021-08-23,717.7064819335938,736.2742861135454,713.2641666801791,730.7338978444942,2573379
2021-08-24,729.7855834960938,731.5325567434004,715.7598961822073,720.6514456465025,1771956
2021-08-25,724.8441162109375,736.6736570599818,720.202195388565,729.7855668982805,1895556
2021-08-26,718.4053344726562,728.5377427110153,715.7598934791743,723.7460568652738,1538567
2021-08-27,727.9887084960938,742.114259402342,721.3002844528921,723.6961578482333,4292477
2021-08-30,739.1693115234375,743.2621956900366,728.7373739163879,731.682283709228,2358153
2021-08-31,739.9679565429688,746.0573817966459,734.178000232497,741.71492979619,3074791
2021-09-01,747.3551635742188,751.1984802641995,738.5204339263142,743.8612171543853,2051308
2021-09-02,752.0469970703125,756.5891762282175,744.7097338499278,750.69935637419,3029716
2021-09-03,751.4979248046875,758.6854836780817,745.8077714911842,755.0417724438452,1679831
2021-09-06,754.44287109375,757.6872499638191,748.1537796238421,753.6941682775803,1427518
2021-09-07,750.7492065429688,758.6355667009324,744.7096830952052,755.6906569746251,1377576
2021-09-08,760.6820678710938,771.1639073890025,746.1073439608858,752.196769213739,4079877
2021-09-09,756.5891723632812,760.6820566954493,752.7956960402875,760.3326864218218,1174804
2021-09-13,754.6924438476562,766.3722200455026,750.3499918560838,752.6959029909164,2724206
2021-09-14,751.198486328125,763.5271015657935,749.7010807075374,759.583982175252,1932973
2021-09-15,760.7818603515625,762.2792659769202,751.2982913909638,755.4910393278835,1374264
2021-09-16,752.6958618164062,768.4186202031548,751.7973941081854,761.6802951802626,2065099
2021-09-17,741.0659790039062,757.6872049062944,734.8267892401851,757.6872049062944,3348764
2021-09-20,704.3795776367188,736.7235633252743,699.7875581179096,736.7235633252743,3082145
2021-09-21,720.6014404296875,726.6410248969142,698.7892572709924,704.3795469573251,4222370
2021-09-22,723.646240234375,724.8940782393801,712.5155008578938,719.7529612869232,1913723
2021-09-23,725.5928344726562,730.7339515363125,721.7994190413095,723.8458612278631,1337563
2021-09-24,717.4070434570312,730.6341261855902,712.3158278867757,726.7408472747823,1372681
2021-09-27,724.5945434570312,735.7252827579734,715.0111720154661,721.6995958628202,2611791
2021-09-28,715.5601806640625,731.6323699909062,709.0215220029272,726.7408208632609,2577784
2021-09-29,715.9096069335938,721.6496614545867,707.7736791972211,710.6686875883393,2160616
2021-09-30,706.4759521484375,718.6548628330731,704.9286452627966,715.9096193190178,2487764
2021-10-01,711.4174194335938,712.8149614250389,697.042301412857,705.777167345349,1947637
2021-10-04,701.7341918945312,718.6548874093645,692.7996596027848,711.8665999260687,7682864
2021-10-05,713.4139404296875,718.3553299907628,699.3382917311446,703.7806070395102,3780191
2021-10-06,726.0420532226562,743.1624150367542,714.2624746319743,714.7616098343726,7773811
2021-10-07,726.24169921875,734.7269974226804,721.7494825225516,734.0281959729097,2233111
2021-10-08,736.7235717773438,746.1572394555328,724.9938943134091,726.7907688879234,3181166
2021-10-11,741.1658935546875,753.0952373890088,738.7201188132389,738.7201188132389,3023541
2021-10-12,743.0126342773438,748.6029849828792,736.7734443802655,741.1658584396441,1837397
2021-10-13,746.1572265625,752.9454531320315,740.3672703981816,743.0126504142424,1573332
2021-10-14,746.5565185546875,757.6872582486219,743.9610398020889,751.6976356537712,2144296
2021-10-18,749.8008422851562,760.6820135702667,743.9110837247136,747.904165160778,2620289
2021-10-19,732.4309692382812,758.5856646390984,727.3397538867891,753.6941155438664,1498436
2021-10-20,714.6618041992188,733.6289418116231,710.0198224643469,732.4310051449216,1568362
2021-10-21,716.2091064453125,722.1488274762278,705.0783671790698,721.7993962805331,1625612
2021-10-22,703.1317138671875,721.2503455351657,698.0405593293628,713.0146149460098,1375825
2021-10-25,694.097412109375,706.7754586524775,685.0630769777721,702.7823769651753,1746556
2021-10-26,712.016357421875,715.2108348636639,692.4003198382063,693.7979227594856,1475209
2021-10-27,740.2174682617188,746.7062255694749,710.7684927880564,713.2641686756549,4677615
2021-10-28,728.6375732421875,746.9059089728713,724.5945294677934,741.7148908215805,2875850
2021-10-29,738.9197387695312,744.7096947195026,715.310620188425,734.6271883719451,3448037
2021-11-01,718.8045654296875,743.711423267309,698.7892567612299,743.711423267309,5953165
2021-11-02,719.0541381835938,725.1436240225545,709.7702358916043,719.5532733705779,1852304
2021-11-03,735.7752075195312,755.1915795497898,719.0541778335313,719.0541778335313,6580294
2021-11-04,736.424072265625,743.7114338611657,729.8354511931285,743.7114338611657,390092
2021-11-08,741.3655395507812,742.713180223706,729.7356649778617,738.7200986096001,1227750
2021-11-09,745.05908203125,752.0969370322293,741.3655303278236,743.4119724436762,1622626
2021-11-10,769.9659423828125,772.6612846313981,739.8181643107599,744.9592812095359,6430811
2021-11-11,763.3773803710938,776.6044630550922,759.1846325419463,772.661282823756,3322415
2021-11-12,768.218994140625,773.3601112063498,763.7267772236353,768.6682280182423,1608464
2021-11-15,782.6939086914062,790.0312328181275,769.0175917851012,769.6664919283428,5069793
2021-11-16,778.7008056640625,792.6266897928139,775.7558958271512,784.6405266714756,2830062
2021-11-17,754.2930908203125,775.656101779115,751.398143214412,775.656101779115,2998582
2021-11-18,740.1676025390625,760.5822444676763,738.7200982686991,754.2930921846897,2120918
2021-11-22,715.2607421875,745.8077920807548,705.5276057795054,741.7149078092289,2041278
2021-11-23,723.99560546875,727.7890207916652,704.0301975275228,708.7719819135642,1772081
2021-11-24,720.4517822265625,734.8268398749669,714.9113935205236,724.7443328938724,1312705
2021-11-25,726.0420532226562,736.5737938073424,720.5016646619531,723.7959448118639,4133359
2021-11-26,702.5827026367188,724.7443179329842,699.7875576735839,724.7443179329842,2482446
2021-11-29,688.1576538085938,709.0215288716176,678.0751474636344,702.782339071621,2997007
2021-11-30,680.5209350585938,701.5345145207174,677.3763589674551,687.8082966983625,2524084
2021-12-01,689.3057250976562,692.5501039630688,680.3711926516019,686.3109138372754,1355645
2021-12-02,696.9923706054688,699.2384788931284,686.0612980862743,690.303947074076,1673311
2021-12-03,711.5172119140625,716.5085638040243,698.5396970001616,698.8890672606236,3981290
2021-12-06,715.3106079101562,731.7321673720214,703.7805975406209,711.4672914301734,4551735
2021-12-07,725.6926879882812,729.4362020322442,715.7598852057148,718.7546964408851,1467958
2021-12-08,726.8406372070312,734.3776272979352,724.6943924539828,725.8423668299143,1827973
2021-12-09,740.9163208007812,742.713195377874,726.2916347188831,726.840671266107,2396147
2021-12-10,736.1744995117188,746.3568695127061,733.5789599814971,740.6667161948377,1084590
2021-12-13,739.1194458007812,750.599555669005,734.2278963546581,738.2209780479533,2203948
2021-12-14,745.7578735351562,747.1554764358847,732.3311247680881,732.3311247680881,1561018
2021-12-15,738.670166015625,754.3929242057972,734.9765534929687,745.6580585445904,3260708
2021-12-16,732.6306762695312,746.1073267677175,727.5893619691301,738.7201013820608,1028360
2021-12-17,714.3622436523438,730.8836668171988,712.3158016048213,727.7390908183709,2810650
2021-12-20,707.0748901367188,714.3622516440882,692.1008346025673,702.2832045517079,2338685
2021-12-21,732.381103515625,736.3242228529426,711.4174251103642,715.4105067113663,1660409
2021-12-22,752.995361328125,755.6907036326802,733.7287545178599,733.7287545178599,3623916
2021-12-23,753.444580078125,757.6872292537886,747.3551550448908,757.6872292537886,1539991
2021-12-24,745.5582275390625,757.6872373306179,737.8216319009699,757.6872373306179,1276729
2021-12-27,755.2913818359375,758.6855256646952,738.9696847016982,745.3586398159744,1315245
2021-12-28,760.4324951171875,763.676873993631,755.8903768760848,762.5788008995943,1955283
2021-12-29,757.038330078125,766.3721948340816,753.2948160948886,757.6872302070552,1192837
2021-12-30,745.358642578125,759.0348987556679,743.6116693217652,753.6941763152048,1686223
2021-12-31,745.8078002929688,755.7905044110895,744.2604933405781,746.7062680354359,1131359
2022-01-03,762.8782348632812,765.5735770691268,748.7027833132984,751.6975944465516,1157591
2022-01-04,760.4324951171875,767.81972062308,754.1933049701807,767.81972062308,1247395
2022-01-05,763.177734375,768.5184567381621,756.0900387807638,757.6872470773382,1156604
2022-01-06,781.3961791992188,785.6388285273524,758.1364903626627,764.675149494221,5436867
2022-01-07,787.58544921875,789.3324224297361,775.2068718090699,780.6474577092016,2052552
2022-01-10,820.178955078125,823.5730988878021,790.33070599134,790.7299776027429,7424271
2022-01-11,818.1325073242188,826.5679045261343,814.5886595330019,820.378615760431,2004689
2022-01-12,820.9776000976562,823.6728814299325,810.9948961126634,819.6797998359355,2242638
2022-01-13,839.54541015625,843.438689105505,821.6763455444652,821.6763455444652,4410699
2022-01-14,823.2236938476562,834.6039396303194,816.5851714439112,834.5540382972002,3690548
2022-01-17,823.323486328125,829.2632072059521,814.2891516801299,824.0222877719143,2569165
2022-01-18,797.7178344726562,823.5730616277132,794.473455745032,820.1290166386251,2820426
2022-01-19,811.8433837890625,813.5903569481536,787.8349934171849,796.6197605455541,2193951
2022-01-20,807.0516967773438,821.5765185462844,802.6093814231017,818.5817074215714,1950781
2022-01-21,785.5390014648438,803.4579063859571,778.7507140069357,799.6145897210564,1449766
2022-01-24,761.281005859375,784.6405583028223,754.1933101752956,775.3566554859211,1663579
2022-01-25,789.7816162109375,793.7746976333686,744.8094879471369,753.1949833060771,2981161
2022-01-27,770.6148681640625,793.4752243803208,763.6768765117952,793.4752243803208,2436411
2022-01-28,788.8831787109375,805.1050726104031,776.205132523591,776.6543663867249,4007799
2022-01-31,775.156982421875,811.2943838720197,773.6595767893795,802.3598514122112,5138792
2022-02-01,783.6422729492188,794.2239149382254,765.5736028747099,783.6422729492188,3693825
2022-02-02,784.5906372070312,798.216991681198,780.647456920301,785.239476412702,1771793
2022-02-03,772.1621704101562,789.631902772377,769.6664943584104,787.5854605958637,1493402
2022-02-04,765.873046875,775.456418140567,763.6768398555109,772.2619407421819,992052
2022-02-07,755.2913818359375,773.5597794212739,748.95238898676,762.8782736503395,1255955
2022-02-08,757.3378295898438,762.6286502882016,742.812947173305,755.6906591313949,2063533
2022-02-09,769.1673583984375,771.1139979028203,758.6855189913206,763.177735880085,1342782
2022-02-10,768.7680053710938,777.6027349079734,766.6217605836359,773.6595546692253,2561635
2022-02-11,751.8972778320312,765.6234958387148,748.7028003645578,764.5253618404262,1621795
2022-02-14,720.4517822265625,747.754454142119,714.7616285840394,743.0126695949483,1950243
2022-02-15,743.4119873046875,745.6580957295797,714.9113792547511,723.8458506900943,1467359
2022-02-16,734.52734375,748.7027955313107,731.0333973708539,748.7027955313107,1398493
2022-02-17,725.79248046875,741.415436564739,724.4947411376456,735.7252831118772,1174134
2022-02-18,723.6961059570312,734.9266474494445,717.7563851595708,726.7408183535015,1973922
2022-02-21,702.93212890625,723.6462397762195,700.6360582348223,723.6462397762195,2577455
2022-02-22,692.1507568359375,694.4967288315485,675.0803573833659,687.8083049717399,2841052
2022-02-23,686.81005859375,701.434744823724,683.6654823548051,698.8392051375622,2713053
2022-02-24,631.2063598632812,673.5829504036014,620.9241869596741,671.8359772087791,5453651
2022-02-25,653.567626953125,662.7017643301817,643.5350218663829,655.0650325162086,3890925
2022-02-28,664.299072265625,667.7930187834385,642.9859619492076,649.8740523133052,3060915
2022-03-02,688.3573608398438,695.7944877078619,658.3593466905809,662.5021933349966,8499711
2022-03-03,712.5155029296875,723.3467124727895,687.7584090243183,706.6756454211192,9676442
2022-03-04,712.5155029296875,734.627216814508,703.580970601954,710.7685297176007,10189495
2022-03-07,730.6340942382812,733.7287079544176,684.5638931697168,708.8218505120883,6969575
2022-03-08,722.9474487304688,739.6684782280125,706.3761232378349,729.1367375065225,4117923
2022-03-09,723.9456787109375,733.5290498143371,711.4672991858923,731.2330401676463,2888800
2022-03-10,722.9474487304688,741.1159825196883,718.7547007899425,730.2847119291963,4218131
2022-03-11,724.1952514648438,727.7390990893061,714.9612505504733,722.5979823164972,2559363
2022-03-14,729.486083984375,732.2812288770152,718.8544800101671,726.740840425077,2845328
2022-03-15,739.7183837890625,744.7097359063976,727.2899048309798,728.7374091309252,4051465
2022-03-16,751.1485595703125,755.34130735197,742.6133600077598,748.6528836204674,2879590
2022-03-17,760.28271484375,763.1777233853933,753.2449206858263,757.6872361667934,2297497
2022-03-21,774.5580444335938,776.4048203415798,758.6855203594994,768.6682245747559,3221656
2022-03-22,779.5993041992188,785.6388281125136,769.7164025741243,773.6595829570496,2788207
2022-03-23,792.5767822265625,795.0225568491571,778.6508982073216,779.1500333984801,2365083
2022-03-24,797.7178344726562,800.4630780114153,787.6852293623818,793.6249502957963,2117672
2022-03-25,797.1688232421875,813.0912484580703,790.2308317109242,805.6042203875539,4762541
2022-03-28,779.3995971679688,796.569859845451,776.6543536300733,793.6748513791076,2207764
2022-03-29,780.6474609375,789.0329567567467,777.7025510408843,780.148325732297,1636109
2022-03-30,774.8076171875,784.1414213189507,772.6613113951214,780.6474748203939,1113587
2022-03-31,768.2688598632812,777.602724471448,763.6768404883892,777.2033919477233,1874608
2022-04-01,780.1982421875,782.1448817114366,769.1673661246482,769.1673661246482,1467955
2022-04-04,782.9933471679688,788.6335991795057,777.7025263467328,780.098399627468,1111794
2022-04-05,792.1774291992188,799.265185287983,788.933050540657,790.5802210006848,2326745
2022-04-06,803.9071044921875,810.3958617980458,790.729923623604,794.8228686358207,2880663
2022-04-07,801.9605102539062,807.6007624475329,789.0828585105812,795.6215175162964,2227078
2022-04-08,808.3494262695312,818.0825623067377,804.2565421539257,804.6059124090673,3285707
2022-04-11,818.4319458007812,822.5747922452108,808.7487718687499,809.5972773190122,3167295
2022-04-12,804.256591796875,816.2358368897819,799.1154747393325,816.2358368897819,3123878
2022-04-13,817.2340698242188,835.0032703776309,803.6076547843016,804.2565549022362,4974212
2022-04-18,803.7574462890625,816.2857277689969,790.9296349419691,812.2427447878471,3037877
2022-04-19,803.5078735351562,822.4750112343773,798.6163241777316,805.6042170142867,2907063
2022-04-20,823.8226318359375,825.4698023362545,805.6540987176792,808.0998733367967,3042831
2022-04-21,827.7159423828125,832.2081592688396,819.5800140951714,829.5627182863428,2691988
2022-04-22,815.1376953125,827.4663714974732,809.8967756329131,827.4663714974732,3147260
2022-04-25,801.6610107421875,807.5508303139179,790.1310001215306,803.6076501551892,2050099
2022-04-26,810.9449462890625,817.8829378509803,805.7040266165449,812.5921168436901,2022477
2022-04-27,797.0191040039062,808.7487810901748,792.8263561786413,808.4992134925947,1627577
2022-04-28,822.874267578125,825.5696098081564,802.8589585105318,812.8416623776196,4606626
2022-04-29,821.4767456054688,832.5575227960256,814.9380256695733,830.5609819739728,3236877
2022-05-02,828.81396484375,836.2510911977926,811.2943322443524,814.1393783932097,3855822
2022-05-04,822.7744750976562,846.5332984095536,815.5370147044142,829.462898957329,4888165
2022-05-05,821.8261108398438,839.9447430607454,817.6832642876429,828.9637686067663,2630497
2022-05-06,785.489013671875,813.5903488665231,778.101849515993,813.5903488665231,3256336
2022-05-09,776.2550048828125,805.2548074843108,767.2206703419365,770.6647152579575,6800255
2022-05-10,788.4339599609375,799.2652304991849,777.2034178152651,790.6301670553427,4027939
2022-05-11,790.7799072265625,811.2943513843481,781.4460426000196,799.6145757326723,3654568
2022-05-12,763.626953125,787.884911610132,751.6976096831542,780.6474512247364,2998405
2022-05-13,780.1982421875,793.6249916535955,770.7645744404163,772.6613126287835,3062695
2022-05-16,800.8624267578125,805.1050759491128,773.7094597475723,783.3427934596549,3267900
2022-05-17,815.936279296875,818.2822512722851,797.318573071951,806.6024755176097,1844532
2022-05-18,819.6798095703125,825.5696293632408,807.8503295794469,815.5869252596949,1792368
2022-05-19,812.5921020507812,814.9380131086989,801.6111276987436,806.4028134118967,1801424
2022-05-20,806.85205078125,826.5678911807919,802.1102663813602,816.5851871810239,2235524
2022-05-23,789.8814697265625,813.9397624737278,787.3857936768735,808.5990400992298,3341478
2022-05-24,791.17919921875,797.4183892651561,782.2946291504219,787.6353514583094,1695450
2022-05-25,762.6785888671875,796.6197826125859,757.0882989750755,793.1258361976185,1484158
2022-05-26,746.1572265625,764.6751303932862,731.7821083555943,762.6785895828599,2577097
2022-05-27,755.2913818359375,761.3808680075801,745.3586398159744,752.6959030936581,1529970
2022-05-30,781.1964721679688,786.4373916528042,759.034857589033,759.034857589033,1735999
2022-05-31,778.2515869140625,789.8315602226074,773.6595674019644,781.1465954735963,1981316
2022-06-01,778.4013671875,783.0433490552288,771.263709246711,771.263709246711,1136166
2022-06-02,774.0089111328125,786.088019231942,767.6699186213635,773.6595408732857,1662461
2022-06-03,768.31884765625,781.5459306271049,765.2241728185221,781.5459306271049,1175685
2022-06-06,777.6526489257812,779.6491897445894,763.2276293239742,770.6148547254005,891806
2022-06-07,744.9093627929688,778.4512228762352,740.8164177153969,777.153483580259,2074139
2022-06-08,733.8784790039062,747.4050301863688,728.7373622817277,744.7096880303682,2112443
2022-06-09,746.0074462890625,749.7010588983142,725.4431007363903,732.9301286215266,2312524
2022-06-10,733.1298217773438,738.6702104296616,731.282984940177,736.7235709222009,1103946
2022-06-13,725.1436157226562,731.1332378979108,718.3054271814881,724.7442832058042,1517285
2022-06-14,714.462158203125,730.6840526739642,711.0181130372439,720.6514470486866,1590761
2022-06-15,710.9182739257812,722.3484210079795,705.8270584412218,720.2520775864241,1108371
2022-06-16,682.4675903320312,724.2451826287157,678.2249410885136,720.8510388620654,1733865
2022-06-17,663.9995727539062,686.5105578107392,658.1097530946104,682.218007329525,2607500
2022-06-20,639.34228515625,670.7878025246089,629.4593838972157,666.844622287738,2523321
2022-06-21,653.0684814453125,655.8137249342507,641.1391384620092,641.1391384620092,1316846
2022-06-22,612.588623046875,650.8223651659426,609.9431822544605,649.0753920580125,4180495
2022-06-23,632.1047973632812,634.5505719049859,606.4492372003293,611.9397241214846,3857527
2022-06-24,639.7415771484375,644.133991387933,629.95853917457,631.9051786882007,1901670
2022-06-27,655.9634399414062,665.347205851127,642.9859250485861,646.8792038882675,2442598
2022-06-28,654.8653564453125,664.3489248694443,646.5298233075158,649.9738073073464,2692035
2022-06-29,643.2854614257812,652.8189314308398,640.4403542665323,650.9221933246739,2371912
2022-06-30,631.3062133789062,644.6330985947437,629.0601050214333,643.8843958089194,3792264
2022-07-01,642.3870239257812,644.8827000094091,620.8743082708285,628.9103730741915,3575548
2022-07-04,653.3679809570312,656.662261112073,634.9498797739287,642.2872038183662,3002770
2022-07-05,655.2647094726562,670.4883329458244,653.4677740239551,657.8601881191968,2721295
2022-07-06,661.3541259765625,663.0012964734716,651.4712248542849,654.7655658481032,1674576
2022-07-07,681.569091796875,683.4658298624693,663.3007563007965,665.8463335459767,3320190
2022-07-08,689.05615234375,691.1025945038003,680.0717186297425,683.8152326772456,3024014
2022-07-11,689.6051635742188,693.797911339454,682.0682344211251,687.2592525623884,1822281
2022-07-12,679.0235595703125,690.2541019226712,675.080379180677,685.8117863173754,1083141
2022-07-13,678.32470703125,685.063031935534,675.8290311407745,682.4675533812742,1152719
2022-07-14,668.9909057617188,683.8151962278152,665.4469972419777,679.1233133524515,1460677
2022-07-15,668.1922607421875,675.2800170643536,661.9031694751758,671.286935506938,1143520
2022-07-18,683.8651123046875,686.5604545192522,673.8325071617525,675.779146590582,1868531
2022-07-19,683.1663208007812,686.5604645173777,676.0287240305827,678.7739676182566,1909300
2022-07-20,685.0630493164062,696.2935911084785,683.9649762685725,691.8013743916496,1624888
2022-07-21,703.7806396484375,705.7272791355108,684.314366636885,686.7102399947584,2747265
2022-07-22,723.7460327148438,729.3862847899055,707.7737064756196,709.7203459219429,5783131
2022-07-25,732.6805419921875,736.4240558375087,722.6479370726441,723.845812759477,2179454
2022-07-26,725.0936889648438,738.2209692468848,722.7976792044902,732.6805806494085,1501349
2022-07-27,720.3518676757812,721.7494705521432,706.775415146497,713.7633076691319,1463655
2022-07-28,726.44140625,729.5360202203353,718.1557738423608,724.6445316565926,1335287
2022-07-29,739.8181762695312,743.7114552392643,730.7339399129415,735.7252919615272,1518704
2022-08-01,766.0227661132812,779.0502435607137,742.7630780081935,751.6976102629742,7797234
2022-08-02,738.3207397460938,764.874768090673,728.7373685858412,764.874768090673,5611299
2022-08-03,730.0850219726562,743.1124992454799,723.7460293973563,738.6202825112894,3058290
2022-08-04,730.484375,739.6684749891295,720.1523005932233,737.1228976208968,1781136
2022-08-05,742.1641235351562,748.7027823147877,729.7356451628131,733.728726668492,1828490
2022-08-08,747.8543090820312,750.25012153089,735.276065239556,742.1142541703532,1589806
2022-08-10,763.976318359375,766.0727227390875,750.6993343395535,755.6906862965984,3248773
2022-08-11,766.1725463867188,772.8609703782279,759.0348885208563,768.0193222895605,2071502
2022-08-12,787.5355224609375,788.6335955005587,766.6716472714293,766.6716472714293,3744532
2022-08-16,787.1860961914062,802.8589533478699,784.7403215737792,788.6336004287439,2269603
2022-08-17,789.1327514648438,792.3272289318338,782.4942289307799,785.6388050636712,982454
2022-08-18,772.6113891601562,790.1310225145158,771.6630200931406,787.6353465116273,2239104
2022-08-19,766.9212036132812,778.201646488646,762.6785545858079,772.6113568478102,1693235
2022-08-22,743.4119873046875,761.630422306591,741.8646803534576,758.9350800108022,1749489
2022-08-23,758.2362670898438,760.6820417459422,735.725281846141,735.725281846141,1594035
2022-08-24,758.4359130859375,762.3790932306434,751.6975880930713,758.8851469380462,1245022
2022-08-25,761.3309326171875,776.6543586374927,756.9884198896744,761.1811676877741,2516409
2022-08-26,758.6854858398438,777.6526229858398,756.8387100158848,765.1742432845266,3643595
2022-08-29,749.1520385742188,754.7423284775169,738.1211627708094,748.7028047054774,1406170
2022-08-30,767.9194946289062,768.7680000853899,750.3499602026023,752.9454388350374,3414234
2022-09-01,755.1416625976562,765.3240329489518,750.0005456227129,762.7284933294346,2440603
2022-09-02,744.5100708007812,760.7818665428373,743.0126651632377,758.93509062837,2098827
2022-09-05,745.5582275390625,752.4463177048133,738.7200996372296,740.0677403120291,1963379
2022-09-06,736.8233642578125,750.6494459754646,734.6272181024397,748.4033375559866,1799028
2022-09-07,739.8181762695312,741.7149144198299,732.7304807323758,734.7769228863779,1874233
2022-09-08,736.2244262695312,746.3568952876532,732.7304798397776,743.5616894001779,1993343
2022-09-09,740.7166137695312,755.5409043767763,738.819875696669,740.7166137695312,2659280
2022-09-12,755.0418090820312,757.5874474010428,742.7630950810221,744.4102656486659,2224393
2022-09-13,754.3929443359375,766.6716579214174,752.0469723665756,757.6872244301508,2541324
2022-09-14,747.0057373046875,758.8352782476666,742.5135204495389,746.7062683669291,2044162
2022-09-15,741.3155517578125,755.0917315957316,739.7183435390102,748.7027768613464,1449814
2022-09-16,702.1834106445312,751.9471647851977,697.7909965945612,745.0590747817421,6546670
2022-09-19,711.01806640625,717.3071575104124,694.8460743315558,705.7272456655925,2189179
2022-09-20,718.6549072265625,722.3484590754193,712.9647535872869,714.6118632397142,1342093
2022-09-21,716.259033203125,723.1970248744256,703.7806528337326,715.7598979883494,2077807
2022-09-22,720.102294921875,725.3432142762688,707.8734830949561,707.8734830949561,2203643
2022-09-23,701.6343383789062,726.0420622661201,698.7892920616346,722.7477820751762,2230894
2022-09-26,678.7240600585938,700.7359098919331,669.2404913881654,696.7927296798899,2182907
2022-09-27,676.52783203125,686.6602395806692,671.3368139973235,682.1181216495787,1199827
2022-09-28,662.5520629882812,676.3281820379709,659.4074869213615,675.5295779203751,1617322
2022-09-29,655.6640014648438,674.281769220643,652.8688564671107,665.8962732978528,2121416
2022-09-30,670.8876342773438,673.6827793120148,653.2681976410263,655.6640101294905,1745532
2022-10-03,663.9495849609375,680.6207119804999,662.8515119485202,670.0390706495419,1815744
2022-10-04,688.7566528320312,690.5036259766514,672.8342282708611,676.8273097442786,2372225
2022-10-06,684.8134765625,693.6481450005454,682.3178006275054,689.804828432489,1208462
2022-10-07,689.2557983398438,698.6894656480073,682.7670408483519,683.8152125649059,2367283
2022-10-10,681.8186645507812,685.6120797811052,676.328177500958,678.8238534326958,1009423
2022-10-11,663.0012817382812,685.2626985055698,659.0581016436121,685.2626985055698,1257522
2022-10-12,672.4349365234375,674.3815760456768,659.5572845486079,663.8498352068844,1171443
2022-10-13,662.751708984375,675.3298910082596,660.9547736127457,673.8324854849596,745089
2022-10-14,677.1267700195312,686.4106721407207,670.8376789651504,672.8342196763562,2108845
2022-10-17,676.877197265625,682.8169180220558,670.6380075907159,678.4245041190851,1360600
2022-10-18,680.8703002929688,687.8581929509149,678.823858200488,680.2713624369802,1238762
2022-10-19,675.62939453125,687.9081082652806,674.431457865337,683.8152239971337,938837
2022-10-20,712.2659301757812,714.5619399091405,665.7465539222613,673.83251978788,7210550
2022-10-21,698.9889526367188,722.7477761873461,695.5948088739475,711.4673327504506,5022081
2022-10-24,706.875244140625,713.4638653222769,701.6343245534333,709.7702526653858,545145
2022-10-25,693.2489013671875,708.7220927881821,689.9546211860552,708.7220927881821,2890000
2022-10-27,705.2281494140625,707.7737267956038,694.5965450840129,700.1868959859922,2548464
2022-10-28,712.665283203125,714.6618240599153,702.2333450404775,705.777192875362,1834544
2022-10-31,728.9370727539062,730.7339473237021,709.7702685070385,716.2590262360059,2733496
2022-11-01,715.7598876953125,738.171070702374,710.0198328079372,736.5239001454647,5060223
2022-11-02,716.3088989257812,727.0403055099229,712.5653850010807,719.35361139862,1949252
2022-11-03,724.9439697265625,726.4413753122288,709.8700502731001,715.6600672813483,1665899
2022-11-04,737.5720825195312,738.6702165498186,723.7460614417564,728.7374135896306,3318868
2022-11-07,747.155517578125,748.6529232272509,737.7717511384324,741.2656976530595,3102187
2022-11-09,752.2965698242188,758.1364883830975,746.0074783166191,754.4927769507306,3649011
2022-11-10,754.792236328125,757.2879123653554,746.7561716741612,753.6442619087535,4929698
2022-11-11,766.5718383789062,768.5683791107907,757.7371090825644,758.6854781161271,3077741
2022-11-14,772.711181640625,783.6422545750742,767.3205581032124,770.4151719341573,3532456
2022-11-15,768.9177856445312,778.6509221716772,763.1777307695477,772.7112010281675,1649039
2022-11-16,766.1725463867188,769.9659617920312,760.9316266883079,769.1174563079344,1407784
2022-11-17,770.11572265625,774.6578408516139,759.7835873190959,766.172542337131,1846461
2022-11-18,764.625244140625,774.6578497249851,758.9350905327577,774.6578497249851,2466319
2022-11-21,758.2861938476562,763.6768785385888,753.9936431868871,763.6768785385888,818375
2022-11-22,767.4203491210938,768.6681870871444,755.7405735729429,758.6854833587398,1288326
2022-11-23,767.1707763671875,774.7077054455149,764.9246680434059,771.613091682362,907504
2022-11-24,772.81103515625,778.6009911451688,766.4719817174262,771.0140997376302,1463574
2022-11-25,775.8058471679688,779.59926241128,769.2671274607586,776.7042539487173,867124
2022-11-28,778.301513671875,783.5923344152081,774.1087659571174,775.6560728354146,943112
2022-11-29,773.509765625,783.442567912832,770.9641883878138,780.6474230851454,1266481
2022-11-30,788.3341674804688,792.1774842481586,773.0106798859008,776.554588641345,3241756
2022-12-01,777.5028686523438,787.2859672151549,775.1070562747977,778.6509039723438,1517442
2022-12-02,782.3445434570312,783.6422828222836,766.6716856146672,778.7507333729577,2337749
2022-12-05,801.4114379882812,805.6041857132268,783.1431024684342,786.1379135677399,4114694
2022-12-06,786.5372924804688,801.4114852599631,780.946941540929,800.513078434931,1575896
2022-12-07,776.8041381835938,790.9296278231492,774.8075973783203,786.6370772777294,970940
2022-12-08,776.5045776367188,781.5458917145062,771.9624596701146,780.6973253480407,1500182
2022-12-09,762.3790893554688,780.597523502836,755.7405670614423,778.1018475922377,1636084
2022-12-12,771.712890625,773.6595300154726,755.2913309955283,760.6820153184387,1124301
2022-12-13,766.07275390625,774.6578552498106,761.730240969195,774.6578552498106,1521073
2022-12-14,779.5493774414062,780.6474505063441,761.2809804314096,767.1708001459403,1480610
2022-12-15,769.4169311523438,787.1362312210484,764.1760114137128,780.6474734494101,1692394
2022-12-16,769.117431640625,772.8110442574371,757.7371248600884,764.8747824970304,2566446
2022-12-19,768.8179931640625,772.5615072625769,761.9299028509595,769.6165973191606,884769
2022-12-20,753.5443725585938,770.2155001035075,747.7045152028767,767.6699228184408,1598234
2022-12-21,753.5943603515625,766.172543203656,750.4996855085556,760.1330193812587,2220101
2022-12-22,728.0885009765625,760.1330177751938,726.1918237505889,753.9437290318477,2404863
2022-12-23,709.9699096679688,726.2417047499889,706.7255309182266,720.8510203016585,1175968
2022-12-26,717.0076904296875,724.0953856569486,706.2762839944364,711.2177344923998,955078
2022-12-27,715.1109619140625,723.6961237346882,708.771969376684,723.6961237346882,1693081
2022-12-28,722.2985229492188,730.6341171994305,712.7650529838814,714.7615937485423,3025343
2022-12-29,721.3002319335938,728.5875933302276,715.7598436560646,723.446537566043,1898772
2022-12-30,714.911376953125,730.7339385457005,712.1661333315394,724.9439823660927,1387568
2023-01-02,720.751220703125,722.747761480696,710.7186154817487,717.3570770094186,1259229
2023-01-03,718.1057739257812,725.9921343044995,715.9595291652055,721.2503499965636,1277112
2023-01-04,714.4122314453125,720.8510267394023,710.7685201373791,719.9526199430497,1354737
2023-01-05,719.0541381835938,723.4465522008904,712.1661091609641,718.0059664768445,1407487
2023-01-06,716.9078979492188,728.0884774643611,714.1126921408445,720.1522766850351,1209522
2023-01-09,732.9301147460938,734.8767541452943,721.3501419452219,722.7477448291577,1358106
2023-01-10,723.3966674804688,734.5772471820005,718.7546857630797,734.5772471820005,1484340
2023-01-11,716.5584716796875,726.4413728838853,714.1626593083835,724.744301039885,1400355
2023-01-12,716.5584716796875,721.649687211688,713.1144266582496,720.1522816310272,1272850
2023-01-13,717.5567626953125,722.3484485052624,713.1644094235213,719.7529697960035,1310587
2023-01-16,712.81494140625,721.7494733521982,709.2710937990827,720.2021664735294,1079570
2023-01-17,717.9560546875,721.749469867414,712.3657041169432,713.7633069919792,1349682
2023-01-18,731.0833129882812,732.7304835424678,719.8028695011342,720.0025357697614,1430862
2023-01-19,746.2570190429688,747.5547583661105,728.7373858565811,730.7339266397498,3553403
2023-01-20,736.5238647460938,747.1055671963368,733.9283861631671,746.3069021588936,979497
2023-01-23,748.1537475585938,752.1468290736924,736.9232057973787,741.6649900965584,2526843
2023-01-24,744.6597900390625,752.2965217641392,741.7148802800277,748.7027728264076,1132275
2023-01-25,736.6736450195312,745.4584122481209,733.9783027859804,742.7131686810873,1865988
2023-01-27,743.4119873046875,755.3912322374459,733.928418399587,740.3672747368628,4903817
2023-01-30,743.8612060546875,749.2518296070962,736.3242158606967,747.4549550896267,1189091
2023-01-31,755.890380859375,765.3739499328005,746.7062807286657,746.7062807286657,3629320
2023-02-01,740.8663940429688,770.2654082741877,728.7373844370102,763.7766507415294,3623038
2023-02-02,695.1954956054688,743.6615088767497,683.0664864899686,739.7183288112045,7698238
2023-02-03,714.462158203125,716.7581680038485,696.2936242098668,699.8873733823391,2601859
2023-02-06,713.3140869140625,715.4603926001026,700.1369057293067,714.2624559597451,1366976
2023-02-07,708.0232543945312,715.7099483694341,699.9372888324984,714.1626414939325,1571287
2023-02-08,721.400146484375,722.5481209145527,708.772001245281,709.7702716695701,1050880
2023-02-09,715.8596801757812,721.4999323131925,712.8149676386896,719.802860445597,1097590
2023-02-10,725.6427612304688,728.0884749098323,715.3106262733666,715.8596627946607,1282246
2023-02-13,732.5308227539062,735.1263624062965,723.7460552349042,728.7374073399726,1265376
2023-02-14,760.28271484375,765.6234980595967,734.327684355823,735.2261520907026,7326901
2023-02-15,768.019287109375,769.0675197447142,757.8868793809977,759.6338525337787,2786352
2023-02-16,769.017578125,772.3618205221313,765.6733966574585,768.668207856901,1575168
2023-02-17,768.8179931640625,778.6509324909904,761.6803352443918,761.6803352443918,2374926
2023-02-20,756.6390380859375,768.4186162498058,753.6941283125734,760.6820208929549,1149759
2023-02-21,745.8577270507812,762.7783609818192,743.0126199548034,760.4324499975738,1964019
2023-02-22,738.0213012695312,748.0040053606369,735.2760576444772,743.7613561219171,1950321
2023-02-23,743.8612060546875,755.3413155485516,738.7200891703823,741.7149003426946,2936268
2023-02-24,737.0230102539062,753.4944715437032,734.7270005630644,747.5547505896466,2100294
2023-02-27,707.0748901367188,736.7235322802564,702.7823397361796,734.7269915423695,2252550
2023-02-28,692.9993286132812,709.3709267276803,692.0509595408665,706.775448041736,2676043
2023-03-01,712.0662841796875,713.2143195438422,693.3487136527632,697.990695515277,1835234
2023-03-02,704.6790771484375,714.7615834934796,702.8821417423534,712.4156725004968,993892
2023-03-03,708.77197265625,713.6135596469255,703.6308558066966,707.7737022722272,1154106
2023-03-06,709.8201293945312,717.2572557844771,707.7736873363873,712.3158053019233,1066876
2023-03-08,715.4603881835938,716.4087572234221,700.835702854083,700.835702854083,1007033
2023-03-09,710.8683471679688,721.9491854727984,709.7203727339097,715.4604276929798,1212451
2023-03-10,710.4191284179688,713.6635070987106,703.830507462402,708.7719579466802,1344227
2023-03-13,703.4811401367188,717.6565915406034,701.0353655505181,710.7685016332772,1173419
2023-03-14,696.443359375,707.7737038876852,686.4106932489998,707.0250010979591,1690322
2023-03-15,701.2350463867188,713.6635249058987,698.9390366797448,704.5792278153995,1248597
2023-03-16,695.1954956054688,704.6291016624281,690.8529830283796,704.6291016624281,713926
2023-03-17,714.4122314453125,716.6083775672339,695.5947979710004,704.2797625799452,2568540
2023-03-20,706.875244140625,713.4638653222769,699.0388458916124,712.7650638580667,913310
2023-03-21,706.9252319335938,718.7547122000495,703.4312854159547,707.4243671503993,838991
2023-03-22,714.911376953125,715.9595486954488,708.7719895730156,708.7719895730156,569287
2023-03-23,708.4725341796875,716.957832808611,706.8752649388412,716.5085989305733,914840
2023-03-24,695.6946411132812,712.5653737088224,692.9992989442931,712.5653737088224,982591
2023-03-27,699.4381713867188,706.7754343631445,692.0010448137876,697.2419643482601,1355800
2023-03-28,713.4139404296875,714.2624458677582,701.1851284633981,702.9321016014395,2618934
2023-03-29,706.176513671875,716.7581556650097,697.1920799657677,713.3640118930884,2871532
2023-03-31,716.4087524414062,721.2004380116845,703.7806079412634,703.7806079412634,1383231
2023-04-03,728.3880004882812,729.9852087098625,716.5584600355378,717.2572614810751,1768965
2023-04-05,731.0333862304688,734.9266650797368,724.6444923637171,728.3880062843253,1500202
2023-04-06,724.89404296875,732.730440887056,721.7494669773045,732.730440887056,1391534
2023-04-10,736.4739990234375,737.7218370427927,726.0420609957099,728.6875019685792,883124
2023-04-11,741.2656860351562,742.7131903258762,736.424098884035,740.7166494916669,731229
2023-04-12,738.6203002929688,746.4067973004347,734.7270213244406,744.7097254185227,1347769
2023-04-13,735.7252807617188,742.8129761909795,732.7304695781568,738.6202892776645,994060
2023-04-17,735.8750610351562,743.2123242160235,730.7339440243508,741.6650172581742,1043080
2023-04-18,737.3724365234375,741.8146909464556,733.9782928781771,735.8750309616323,1280463
2023-04-19,734.6771240234375,740.6168451779449,730.2348084912636,740.6168451779449,1012743
2023-04-20,730.7838134765625,737.72180474636,729.3862715138216,737.1228668951264,1084257
2023-04-21,733.4292602539062,742.6133599343462,729.7356476625829,731.233053232342,1829162
2023-04-24,728.587646484375,737.9215115308681,721.9990860406317,733.728763553217,1049786
2023-04-25,713.4139404296875,719.9525991318675,704.0800759629711,718.6548598438116,3407713
2023-04-26,714.1126708984375,715.5601750926611,706.2762730184072,713.4638317283282,3621655
2023-04-27,725.9422607421875,729.4861085430332,715.0610888053575,715.0610888053575,2470510
2023-04-28,739.01953125,740.6168003749514,729.5359628822556,731.7321698480717,2374556
2023-05-02,751.198486328125,758.6356130962951,742.2639539393674,743.0126567496612,2225369
2023-05-03,738.5204467773438,754.4927735459463,737.2726087485466,750.2002229128027,1031469
2023-05-04,730.2348022460938,741.4653443175476,726.8906207566524,738.969668301669,1655943
2023-05-05,713.6135864257812,733.8285624608261,708.422628977739,733.8285624608261,3930399
2023-05-08,714.1626586914062,723.7460300275213,699.2385042311279,717.4569387800965,6201290
2023-05-09,693.198974609375,708.7719681288207,691.4520014484941,708.7719681288207,8030712
2023-05-10,678.5244140625,694.5965433911389,676.128540691835,694.5965433911389,5803203
2023-05-11,681.7188720703125,686.2609901480175,679.1732338382371,681.0200706130681,2228828
2023-05-12,677.0269775390625,684.6138079839243,671.8359594259312,683.8651052059607,1805619
2023-05-15,674.7808837890625,679.7722357500296,673.8325147305609,678.2249288280477,2432818
2023-05-16,671.6862182617188,676.6775702913951,669.8394423825746,675.8290648181862,1866298
2023-05-17,676.627685546875,682.2679378505356,670.987494172806,672.0855672744218,2527136
2023-05-18,672.1853637695312,680.62076101492,670.9874880077172,677.8256160213688,1408554
2023-05-19,666.8446044921875,674.8307674202376,655.9135317985014,672.8342266882252,4632213
2023-05-22,669.240478515625,670.8875880636856,660.8050817272089,666.8446052626068,2116815
2023-05-23,679.4727783203125,680.5708513984775,669.2904079616559,669.2904079616559,2087867
2023-05-24,681.0699462890625,683.615523495651,672.8342159015436,679.4727381008936,1920527
2023-05-25,674.631103515625,684.2644369530416,672.9839939637188,681.3195271771276,2210598
2023-05-26,686.9098510742188,687.7584174882866,674.8308033738313,674.8308033738313,2131442
2023-05-29,688.8065795898438,690.3039851976478,685.0630655703337,688.8065795898438,1116759
2023-05-30,687.8582153320312,692.7996660582786,682.9167646057839,689.8048548217154,900153
2023-05-31,683.9150390625,689.8547602360613,680.8204251382534,683.0665335789588,3370272
2023-06-01,676.7774047851562,683.9150013228895,675.3299005728815,683.8151986584239,2470088
2023-06-02,682.1680297851562,683.3160650771355,677.725775403051,677.8255780677501,1168519
2023-06-05,688.8065795898438,690.3039851976478,683.4658572938455,687.8083091846411,1227013
2023-06-06,692.7996826171875,695.7445925894469,689.2059334192521,689.8048713090441,1618425
2023-06-07,692.749755859375,696.5431711912308,691.6017205282128,695.7944683916703,1147072
2023-06-08,688.8564453125,697.6911744995704,687.8581749589048,693.797895748714,1312986
2023-06-09,679.0734252929688,691.2024347692651,676.6276506785795,690.8031022458425,1411515
2023-06-12,677.7756958007812,681.36944484527,673.0339114320197,679.0734351263139,2017017
2023-06-13,681.0699462890625,682.8169194015666,674.9305592647137,674.9305592647137,2175343
2023-06-14,681.569091796875,688.2575154292064,677.4762076716509,680.8203890230227,4009140
2023-06-15,679.6224975585938,686.8100568510933,675.4797118257499,681.5691370858779,1890165
2023-06-16,689.6550903320312,694.5965410614597,679.921953806935,680.1216200754192,3397721
2023-06-19,684.4141845703125,694.7962214465226,680.3213001663867,693.7480496776725,1510117
2023-06-20,682.2678833007812,683.9149928215127,677.5260991354501,683.8151901582878,1537058
2023-06-21,684.9132690429688,685.8117367380413,680.870286274317,682.3177904810061,1194618
2023-06-22,673.2335815429688,684.9132964690808,669.88933914814,684.9132964690808,2165875
2023-06-23,665.6965942382812,674.5812252017496,664.3489535653191,673.5829547981955,1884124
2023-06-26,678.0252685546875,679.6723781586068,666.3454926769047,671.4866096139632,2550546
2023-06-27,673.18359375,679.8221160242747,670.9374854371445,677.8255753017364,1844795
2023-06-28,679.1732177734375,680.8203882458673,672.8342253338924,674.6810011354515,2993257
2023-06-30,686.3607788085938,687.0595802515779,679.8221200891022,679.8221200891022,1756332
2023-07-03,679.1233520507812,687.7584155239662,676.8273422791154,687.2093789808969,1650880
2023-07-04,675.7791748046875,687.3590873356912,674.6311394467936,683.715436850742,1707986
2023-07-05,668.6414794921875,677.8255790526028,668.0425416439467,677.8255790526028,2257766
2023-07-06,671.58642578125,672.8342638075994,668.3420469127416,669.8394525443608,1668647
2023-07-07,661.853271484375,674.8307866115196,660.6553348251822,671.6862104973372,2924889
2023-07-10,658.958251953125,665.3472067422907,657.7104139809902,665.3472067422907,1532305
2023-07-11,643.1356811523438,653.8171862188667,639.0427970372177,653.8171862188667,3874013
2023-07-12,642.7363891601562,650.0737133461788,641.388748457413,646.7294708626148,2355259
2023-07-13,629.9086303710938,648.3766330047946,628.9103599584613,641.3887401163672,4725978
2023-07-14,638.44384765625,638.9928842122802,630.4077828009216,630.9069180208749,2430626
2023-07-17,642.6864624023438,645.8809398238665,636.1478035591327,641.8878582793603,2618535
2023-07-18,638.8431396484375,644.8826632405467,637.2458704882312,644.4833307180979,3048982
2023-07-19,638.0445556640625,644.5832146507394,637.0961865905161,641.2889344901592,2990583
2023-07-20,638.2941284179688,642.5866790212253,635.8982550475232,640.889607127959,2365174
2023-07-21,633.5023803710938,639.3922001857023,632.6538748910052,638.8930649786878,2618007
2023-07-24,631.056640625,636.6968316743504,629.6091363983213,636.6968316743504,1626647
2023-07-25,624.917236328125,633.9016694382738,622.9705969683422,633.9016694382738,2391696
2023-07-26,630.8070678710938,634.7501870682719,626.4645552265841,626.9137890766489,1885345
2023-07-27,625.6659545898438,636.1976948106638,624.2184503669812,633.1030810345477,1822820
2023-07-28,624.0687866210938,629.3596077390562,621.173777988643,626.9138329881363,1972225
2023-07-31,623.6195068359375,629.9085979256645,619.9258943135303,623.918975758384,5257210
2023-08-01,624.6177978515625,627.2132765047078,609.9432108705591,619.9259148127942,7565764
2023-08-02,618.0791625976562,628.4611385369511,612.9380454989149,627.7124357126446,2977294
2023-08-03,599.4114990234375,611.4406456623872,589.0793633920401,611.4406456623872,6714021
2023-08-04,602.306396484375,606.2994779187412,599.411449002212,603.4544317685902,1698361
2023-08-07,605.75048828125,608.6953982528937,602.9553432468189,603.4544784647385,1586290
2023-08-08,603.3046875,607.8468665307847,601.1085413795729,607.3477313343986,2297368
2023-08-09,614.135986328125,615.8330582605353,601.7574085112892,602.955345224143,4701339
2023-08-10,608.5955810546875,617.8295823657945,605.201437282012,614.8846724644422,2552655
2023-08-11,598.6627807617188,610.8416920248835,597.0156102032056,609.9432242784961,1772170
2023-08-14,589.2789916992188,599.4613617364466,584.9864412615449,598.9622265476569,2087103
2023-08-16,588.7798461914062,591.9743235295914,581.9916199287551,589.278981371448,1504238
2023-08-17,583.9382934570312,590.2772862423392,582.9899243735875,587.9812764658271,1816344
2023-08-18,577.4495239257812,586.6336237735658,575.9521183287378,582.9899124489241,2394208
2023-08-21,584.6869506835938,588.9795009623172,579.0966002184031,580.9933382374044,1884006
2023-08-22,582.8401489257812,588.9795362603309,581.9916434572422,588.9795362603309,1199386
2023-08-23,584.7368774414062,586.9330844721744,582.3410041479158,583.9881746533891,1218953
2023-08-24,585.3858032226562,592.822869165952,583.9882002519262,587.9812819630504,1673004
2023-08-25,582.1912841796875,587.7316724731346,578.9968068525149,583.9881586357261,1132264
2023-08-28,584.137939453125,586.5337518164947,580.9933633723156,582.1913000187949,1005968
2023-08-29,596.5663452148438,599.9604888246217,587.9812444554113,588.4803796374617,6318164
2023-08-30,598.8624267578125,606.449257292017,597.5646265170557,598.9622294242143,3729681
2023-08-31,590.1275634765625,601.0585754673864,589.2290957566862,600.908871467133,7321307
2023-09-01,601.95703125,603.5043381328013,589.977786847015,591.9743275808457,2466406
2023-09-04,606.3993530273438,607.7968949981575,598.2135237455338,603.9535784164339,4215928
2023-09-05,606.998291015625,611.1910387881663,602.755641910113,607.0481923485956,3465504
2023-09-06,608.2960205078125,609.9431909763923,602.8055335186633,607.9466502530653,2896499
2023-09-07,611.240966796875,614.834776871432,606.0000470848717,608.2461555328731,3079054
2023-09-08,605.75048828125,613.836515369302,604.9518841184971,613.3872814872559,2137652
2023-09-11,616.8812255859375,618.2787676328592,607.0482252738492,608.9449634663188,3724960
2023-09-12,603.4544677734375,621.2735703656307,601.3081620025723,620.8742987561241,2923292
2023-09-13,607.2478637695312,609.7435397351545,602.5559807682417,603.9535836808263,1430448
2023-09-14,630.6573486328125,632.4043218977233,608.9449666260635,609.8933357272193,9184356
2023-09-15,633.5523071289062,634.4008125614415,626.5644146223286,633.7020111248663,3745966
2023-09-18,629.0101318359375,637.9446637775438,626.9137884438678,633.5523107347343,2579565
2023-09-20,621.42333984375,627.2132961254522,619.4267989928463,623.9689172427338,2474148
2023-09-21,623.9688720703125,633.901674270388,621.0239623425091,625.9155114449343,3925418
2023-09-22,613.7366333007812,628.4112204519798,611.5404262221001,626.3647783060051,1850344
2023-09-25,615.8829345703125,623.719332827081,612.0395569781475,613.7366288415976,2303387
2023-09-26,616.4818725585938,621.9224584176678,613.9362952277138,615.8829346911831,1906824
2023-09-27,614.0360717773438,617.4801166924348,607.9965483077539,616.5317476680492,2018781
2023-09-28,603.95361328125,617.829596702028,601.5078385291514,614.036120304687,2158105
2023-09-29,615.1841430664062,620.4250627436454,608.1962501634207,612.9380346333038,2002347
2023-10-03,605.9501342773438,614.8846665650447,605.0017652091136,614.8846665650447,2407302
2023-10-04,602.0069580078125,605.7005707073145,596.7660383601595,603.9535974914302,1922433
2023-10-05,603.2547607421875,608.3459760885104,600.8089861970548,605.1514987803525,1413612
2023-10-06,611.0912475585938,611.9397530237402,603.9535898521417,606.5490685110753,1750968
2023-10-09,608.89501953125,609.8932898933213,597.2651454412854,605.5008759283729,1866768
2023-10-10,620.7244873046875,624.4180997609734,608.0964040191519,608.9449094391588,3281868
2023-10-11,626.6642456054688,628.5110214795429,622.8209289250052,624.8174697313946,2053212
2023-10-12,619.526611328125,628.3114399528167,618.6282044889581,628.0618723425605,1645852
2023-10-13,621.9723510742188,624.0687554400874,615.33388957294,617.7796032720702,1171758
2023-10-16,629.8587036132812,631.9051456906587,620.3252337433603,620.9241715949286,1917226
2023-10-17,623.8192138671875,633.8019181317954,622.9207461115362,633.8019181317954,1462594
2023-10-18,619.4766845703125,627.16337883668,617.2305761701812,623.9190000364903,1222311
2023-10-19,612.48876953125,616.631615912907,606.2495797574218,613.3373358982433,1842555
2023-10-20,602.40625,611.9397195791411,600.9587458183408,611.9397195791411,1174201
2023-10-23,585.6852416992188,606.9483885189825,584.0879725400999,601.9570366397146,2109981
2023-10-25,579.1466064453125,591.7247893200948,576.8505357439237,585.6852654868032,2986843
2023-10-26,560.07958984375,579.9451949666603,559.0314181206916,579.1465908409771,4015200
2023-10-27,557.6837768554688,565.7697426297307,555.3378048849585,564.0227694500182,2425358
2023-10-30,537.7183837890625,562.2259103085985,530.9800584830822,559.0314327924378,7164172
2023-10-31,539.5651245117188,542.7596018196297,527.2365100533598,534.0247362516786,5210230
2023-11-01,531.1297607421875,539.664960582461,528.6340847111372,530.6805268706803,3767073
2023-11-02,539.814697265625,541.6115717280258,534.0746426946082,534.4240129488351,1797928
2023-11-03,549.3482055664062,550.9454748125198,543.0591140419127,544.007483136544,1809034
2023-11-06,553.7406005859375,554.4893033825844,547.4515092800218,551.0951596659495,1069714
2023-11-07,551.0452270507812,555.0882097372474,549.5478215424911,552.9918663974757,1479349
2023-11-08,554.7388916015625,556.8352351382607,552.1433519189546,554.938557874008,1190583
2023-11-09,549.4480590820312,556.8352235723428,547.8507898652356,554.7388800791873,1794405
2023-11-10,546.2036743164062,549.4480531198785,544.0573685822733,549.0487205876152,1414936
2023-11-13,551.7440795898438,555.5374950430332,549.1485399105939,554.040089396017,1449034
2023-11-15,560.8283081054688,563.7732180216461,555.3877221466989,556.0366222896093,1766163
2023-11-16,559.8799438476562,562.6251875181629,555.0383566551449,560.7784116025676,2112355
2023-11-17,560.7783813476562,564.7215615021065,557.6837675669722,559.3807784553284,1787739
2023-11-20,555.7371215820312,562.9745816918244,553.8403835262504,560.7783747139696,1079422
2023-11-21,562.0761108398438,563.0244798624088,555.5374522046641,555.6372548682658,1333644
2023-11-22,564.9212646484375,568.5649151855923,562.1260586812712,563.9229942114758,2648583
2023-11-23,564.9212646484375,570.7112209968967,564.0726982192648,567.0675095301498,1264347
2023-11-24,557.9832763671875,567.366981974749,557.0848085965436,564.5219355836973,868199
2023-11-28,562.5752563476562,563.8729956462452,555.188092147449,557.9832370050839,1284890
2023-11-29,569.0640258789062,570.9108626654468,562.1260344551135,564.0227725754331,1780095
2023-11-30,569.6630249023438,571.9091332896103,565.2207094616099,569.0141247741865,3931052
2023-12-01,574.1552124023438,574.9538164911799,568.0657267495974,569.662995856856,1811072
2023-12-04,577.8987426757812,583.8384026450292,576.0020045972998,577.4994101551783,3025773
2023-12-05,580.3944091796875,582.8900850689541,575.8522303175524,577.4994007763033,1870544
2023-12-06,587.5320434570312,595.2686392113985,581.9916548124025,581.9916548124025,3437918
2023-12-07,585.5354614257812,592.9725877169022,584.4872897445223,592.9725877169022,1824646
2023-12-08,584.1878662109375,594.8693719684001,579.2464154101459,588.9795520758054,2175978
2023-12-11,601.3580932617188,602.6558325524892,582.5406602919901,583.9881645095982,4467164
2023-12-12,596.6661987304688,605.7005331870614,594.8193620303252,604.9518304266323,2339706
2023-12-13,598.3133544921875,601.6575969716816,591.774695398287,599.9605250642837,2110586
2023-12-14,598.1137084960938,602.9552953535048,595.4682676794132,602.006926328869,2026994
2023-12-15,609.79345703125,611.7400965213116,600.4097517126206,600.4097517126206,4941179
2023-12-18,605.5009155273438,613.6867452175877,603.953608550859,612.7383761256805,1685280
2023-12-19,597.7144165039062,610.9414996248695,596.8159487502684,605.9501475037513,2396755
2023-12-20,571.160400390625,603.9535567445045,568.0158244423521,603.9535567445045,5509320
2023-12-21,576.4013671875,578.9469445827732,564.721591040821,571.1604474615176,3089260
2023-12-22,580.6439819335938,584.7368660565635,576.401332884101,579.9950818247775,2464945
2023-12-26,585.0862426757812,593.9708733890665,583.9881696346284,586.8831780952509,3443852
2023-12-27,582.1912841796875,591.2755200532972,580.0948798729864,589.0793130827668,2155491
2023-12-28,588.4304809570312,589.9777878424433,580.9933545250456,584.8866333344198,2270681
2023-12-29,586.2343139648438,590.976098539272,584.0381068181375,590.976098539272,2223633
2024-01-01,591.6748657226562,598.8624246362009,586.1843786390523,586.9829827562043,2825708
2024-01-02,593.421875,602.7556792383266,588.0311902543789,591.9743706766766,3406640
2024-01-03,585.8349609375,595.7677636215485,584.2876540005936,594.3202593529884,2435233
2024-01-04,586.6336059570312,588.1809128410653,581.6422541184777,585.9847058461842,3606404
2024-01-05,580.2446899414062,589.9279253401103,575.5029053784442,588.2807547516657,2433275
2024-01-08,559.9298706054688,581.7919549828501,559.0813042397316,579.9950805165648,5345743
2024-01-09,557.1846313476562,566.9676687870419,552.2930821631694,565.0210293797629,3590645
2024-01-10,557.6337890625,560.7783650138515,550.9454265100537,560.0296622568236,2204496
2024-01-11,561.2775268554688,565.1708057488453,559.5804550063151,560.978057924345,1620693
2024-01-12,564.12255859375,567.3669372782981,561.427277353334,565.1208289582263,1441096
2024-01-15,566.7680053710938,570.6612842051876,563.523626652545,567.0175729648282,1659661
2024-01-16,563.5236206054688,568.2155035032476,559.5305391485656,567.0175668802591,1653823
2024-01-17,550.0469970703125,561.5271068095295,548.6493941215281,560.0297011913708,4724845
2024-01-18,543.2587890625,551.0452863577232,538.2175354946024,549.0487454651228,3512857
2024-01-19,552.44287109375,556.2362864783835,541.8112668202361,548.0504569033803,2415540
2024-01-23,534.1744384765625,557.4840876441259,532.6271316241412,557.4840876441259,2849229
2024-01-24,544.8060913085938,546.0539293555671,534.1744867765434,538.966233620595,1386191
2024-01-25,536.3706665039062,546.6528392993865,535.0729271873174,544.8060634561166,1723625
2024-01-29,538.7166137695312,541.7613261229691,533.4756944804774,541.2621909525831,2162690
2024-01-30,534.32421875,546.5530308559084,533.4757133022417,540.9627411221857,1912294
2024-01-31,536.77001953125,541.8112729899178,533.1762094446814,537.9679562267729,3570913
2024-02-01,529.1332397460938,538.0677724579845,525.5893918351184,535.3724300575268,3662000
2024-02-02,532.7269897460938,539.7148821055425,528.3345758911773,532.9765573303598,4224992
2024-02-05,473.18017578125,524.0919668463212,469.2369954638215,523.0936964332806,23096694
2024-02-06,481.0166015625,485.15941765735585,467.49001927280574,475.3763798575906,6661787
2024-02-07,476.97357177734375,484.1611306450016,476.4245352584062,483.16286027253767,3069307
2024-02-08,464.0459899902344,480.9666545704712,462.74822022363827,479.16978008108475,5214678
2024-02-09,457.1579284667969,467.09070037679425,452.5159468710156,467.09070037679425,5881661
2024-02-12,457.6071472167969,464.994342115313,454.262935269589,461.0012604982994,4404671
2024-02-13,478.2713623046875,479.11989825108003,451.36796241284975,461.25083343635094,7706461
2024-02-14,480.5673522949219,481.56562266963704,471.43318445923694,478.371175749425,3210526
2024-02-15,486.507080078125,489.6017243763861,483.86166964074494,486.05784621724393,3568439
2024-02-16,490.0509338378906,493.34524444060503,480.21796429347745,483.212775496966,3374827
2024-02-19,496.6894226074219,499.13519725991335,490.6998002403029,492.84610596035634,3383768
2024-02-20,497.1885681152344,504.57579355971103,494.3934231385319,496.73936470726187,3033673
2024-02-21,491.29876708984375,499.33486202039495,490.1008608989057,498.13692536466226,1697299
2024-02-22,491.4485168457031,493.3452550204242,483.21278585949375,492.44678726827397,2881064
2024-02-23,487.8547668457031,495.74109707730366,487.0561322301615,493.14558789018565,1341328
2024-02-26,488.303955078125,492.24713530375624,484.9098418457611,487.7549185496524,2253561
2024-02-27,483.7618408203125,490.64990047151105,480.66719649447117,489.0526617422257,2920314
2024-02-28,475.0768737792969,485.1594108382356,473.18016612618044,483.36253631734525,1572519
2024-02-29,468.8876037597656,474.1784245211365,465.992595322433,471.1836134188978,5632071
2024-03-01,473.7292175292969,477.0734295426984,470.33510418061286,473.18018098200815,2877161
2024-03-04,473.42974853515625,479.31953794321436,469.1870992335761,475.2266231122602,1820722
2024-03-05,473.42974853515625,490.2006794707786,472.68104571723035,473.18018092918095,6182475
2024-03-06,472.3815612792969,476.6741117753349,463.69659669035195,476.12507524611885,3213293
2024-03-07,481.4657897949219,485.1095010364028,474.0286937782204,474.1784282415484,5420581
2024-03-11,475.7257385253906,487.1559465892739,474.6775668098355,484.2609685734031,2888338
2024-03-12,473.2300720214844,478.12162136456027,471.5330306164618,477.8720537639868,3030937
2024-03-13,451.1183776855469,475.9753040026008,449.27157139345053,473.2300604633424,3446385
2024-03-14,461.3007507324219,463.3971246326581,447.02546595637074,451.0684792921395,2505609
2024-03-15,474.32818603515625,476.67412762532905,458.6553586517977,461.40060231874986,6120565
2024-03-18,465.243896484375,474.17842853425384,462.1991840239148,474.17842853425384,2951978
2024-03-19,460.2525634765625,470.6346001830476,459.45395932904614,463.19747339202047,2538838
2024-03-20,454.6622619628906,463.8962630836218,448.4729733501043,460.20265044941146,3018788
2024-03-21,454.7620544433594,461.15100917723464,451.46777441135004,456.20955866442665,3138092
2024-03-22,469.18707275390625,473.5295549457576,454.21301724048374,454.8119855539794,7019704
2024-03-26,464.59503173828125,470.2851851266874,463.54686001847756,467.19054083588395,5072326
2024-03-27,454.712158203125,466.39193383794844,452.6657161095336,464.19572681548436,27876181
2024-03-28,455.2113037109375,458.9049163874925,451.3180552326845,457.6570783838989,5435115
2024-04-01,465.3936767578125,467.53995204372427,457.6570810897898,459.2043880374763,2840448
2024-04-02,474.4280090332031,476.12508090424774,460.20265579022964,462.199196596261,5564890
2024-04-03,475.8755187988281,482.1147088897253,469.68623004273996,474.17844690818595,4788697
2024-04-04,492.097412109375,495.8908274915858,472.28173832500585,479.1697980794387,9778795
2024-04-05,493.4949645996094,499.7341544259805,489.05264925731547,498.63605092358034,6753966
2024-04-08,488.2041320800781,499.6842418010861,482.21450961694353,499.6842418010861,4603981
2024-04-09,489.00274658203125,495.64123844610486,485.95800367624526,491.8478232280039,2166661
2024-04-10,503.427734375,508.11961729031736,488.5535119853935,489.65161548310545,7937541
2024-04-12,501.181640625,510.216005996674,499.63433369557697,504.67558701447956,5337775
2024-04-15,489.10260009765625,498.6859716722486,485.6585549934903,494.143853487724,4994330
2024-04-16,483.8117370605469,491.1490304993807,482.2144983480778,487.20585028404713,3104362
2024-04-18,477.5725402832031,491.9975593569459,475.3763637417879,487.45541088155704,2706609
2024-04-19,486.70672607421875,489.1025994293886,465.7430474700492,472.4314714011071,3209153
2024-04-22,492.5466003417969,493.74453698600746,486.7566443126324,491.1490279000807,1860795
2024-04-23,494.6429748535156,499.7341599005672,491.3985961082605,494.0440065306635,3014860
2024-04-24,497.587890625,503.0284459994344,494.74281390599754,494.9923815047733,1683615
2024-04-25,505.0249938964844,506.07319610496995,495.4915236750113,498.1369341663022,4660938
2024-04-26,507.5705871582031,513.0111729179215,501.63086620822776,508.119623681568,2825380
2024-04-29,506.1730041503906,510.066283159268,503.6274267659359,510.066283159268,2501739
2024-04-30,506.2728271484375,512.8115165457826,505.4242912156773,506.02325954849596,3509055
2024-05-02,497.33831787109375,509.5171982862338,496.43985015297824,507.221188587214,2405482
2024-05-03,492.74627685546875,503.0783816161587,489.2023986470802,499.9837372748938,2196892
2024-05-06,482.56390380859375,497.43812663068053,480.2678940814509,494.3934141058005,3652474
2024-05-07,473.2799987792969,485.6086442092655,469.58638614423444,484.1611399554396,4535131
2024-05-08,477.02349853515625,479.1198723881414,470.33507492439264,474.67755709169177,1861827
2024-05-09,465.64324951171875,481.41590995898235,463.5468755371342,477.0235262047263,2726979
2024-05-10,501.0318908691406,504.12653509834666,463.6466839214168,470.18534263627976,6834995
2024-05-13,533.1762084960938,539.0660283630076,501.5809861692389,501.5809861692389,27039443
2024-05-14,509.1678161621094,530.8801978238477,500.78235071674203,530.8801978238477,15011896
2024-05-15,513.9096069335938,520.3983647507592,509.1678223748958,512.0628310036218,4234215
2024-05-16,509.1178894042969,518.9009268579129,504.97507345602463,515.2572765601251,2398088
2024-05-17,510.3657531738281,514.4087361964263,509.217748281653,509.217748281653,1911312
2024-05-21,511.2142333984375,513.1109714780711,507.62048442918126,507.62048442918126,2372489
2024-05-22,514.6582641601562,521.1470214024208,509.4672766452206,513.1109573113797,2807354
2024-05-23,509.9664306640625,516.8045888727345,506.3227498632472,514.6582831799088,1824121
2024-05-24,514.9078369140625,521.0971253008715,512.5120246198568,515.6066383484678,4320492
2024-05-27,524.0420532226562,528.7339362398393,515.9560265088925,517.5033943564918,6701240
2024-05-28,516.6049194335938,528.0850287543402,515.2073165357544,526.5876231907646,2462629
2024-05-29,516.3553466796875,521.6960687645684,514.6083735396402,518.1023198197348,2522672
2024-05-30,505.2246398925781,517.4534214492134,504.12653639361343,515.8063118979574,1828288
2024-05-31,507.9199523925781,517.0042493230989,505.97334344871854,507.1213482819887,8552013
2024-06-03,527.2365112304688,530.3311249524743,513.1109613657821,516.1057724243373,5297460
2024-06-04,495.09222412109375,528.8337519360001,477.1732579998265,528.8337519360001,4202540
2024-06-05,527.5360107421875,531.0299571797823,495.2419568617456,504.1764587590036,3690376
2024-06-06,536.4705200195312,544.5564856267551,526.7872852660985,528.883628666612,6939999
